x0,y0,z0,x1,y1,z1,x2,y2,z2,x3,y3,z3,x4,y4,z4,x5,y5,z5,x6,y6,z6,x7,y7,z7,x8,y8,z8,x9,y9,z9,x10,y10,z10,x11,y11,z11,x12,y12,z12,x13,y13,z13,x14,y14,z14,x15,y15,z15,x16,y16,z16,x17,y17,z17,x18,y18,z18,x19,y19,z19,x20,y20,z20
0.0,0.0,0.0,-0.019582651159223495,0.00034691795725035393,0.018547066511921048,-0.03567123199225334,0.008660872172109946,0.03533841105677275,-0.047776059872659586,0.0213765959738402,0.044278899407224286,-0.06467440822471493,0.021944648208172813,0.05287028461969954,-0.06543136714395317,-3.430730971077811e-18,0.006446849743414428,-0.07492671963372112,0.0005138449151684894,0.016572592949176637,-0.09314258463149648,0.01017542614294774,0.02013293634765401,-0.10985187754464876,0.017594050971697233,0.018211450535415383,-0.06283807249089961,-2.2194008081597624e-18,1.5685189891383854e-18,-0.08088432902159687,0.004821316347442167,0.0031327693952243945,-0.10780508432899137,0.010366082654662689,-0.0038584344268820098,-0.13179867546377094,0.0203997019202111,-0.0025966415065248345,-0.05907752711865306,-0.0020543891594891964,-0.00041011793904167015,-0.07243526933035101,0.003314812817351684,-0.0031290281257306024,-0.09686027498165259,0.008287380359877496,-0.010305568829098994,-0.11861106463291819,0.016391126199495655,-0.01108247672230558,-0.04855684426126008,6.422165335008394e-05,-0.0076195988906346615,-0.061930283033329314,0.006254286219332919,-0.015348159207541262,-0.07941939463287402,0.01104250833100502,-0.021475973044910213,-0.09632233407119886,0.009484528747443674,-0.021149881611148207
0.0,0.0,0.0,-0.020199144465242905,-0.00011303417455557604,0.01859024728222324,-0.03644319028881764,0.0068868608292852835,0.036432729393615824,-0.04893398667050844,0.017929405282199277,0.046724050654214776,-0.0664052022701362,0.017521880398346165,0.05435044606616437,-0.06655813446405175,-3.2956203601563347e-18,0.0069829607873944394,-0.0762763560378815,0.0003555196981852298,0.01687239656109807,-0.09513693505188475,0.009927549525310927,0.02070602596051915,-0.11113618112194738,0.01785573506883467,0.019336989947038752,-0.06406249447093883,-2.443883987417259e-18,-1.1527820090664778e-19,-0.0822425369629848,0.004858265244580674,0.002905849022286826,-0.1090899798023232,0.012368632171115201,-0.003434805427871142,-0.1325189281379451,0.023502080257988466,-0.0016288088573795515,-0.06017243139159125,-0.0021238488973272947,-0.0009820030887745953,-0.07398506623270105,0.003539071895218578,-0.0034032056529490796,-0.09768123680332626,0.010534491286497047,-0.010205343090074257,-0.11942673361249606,0.018430348481497265,-0.010973717403055831,-0.04937499307796925,-0.00018876703442117498,-0.008329879066324647,-0.0632324769069424,0.006757055785183771,-0.015526292095217477,-0.08062503529704418,0.012327255146285054,-0.021221970907469957,-0.09770435173985934,0.011825856085554925,-0.021659144941490058
0.0,0.0,0.0,-0.02081745667789829,-0.0003145121500465182,0.01874428541083619,-0.03741795549962882,0.005666320298891422,0.03735657316376007,-0.050538992051585914,0.015239165998537196,0.04858810503127181,-0.06866527609697655,0.014164917363075225,0.05526974667822915,-0.06804812470943684,-2.985288897552708e-18,0.007627275945327167,-0.07818315436123899,0.000317121414448218,0.017270014033424996,-0.09760894079363219,0.009882379919451591,0.0211653951691692,-0.11306570242705835,0.017992675712988182,0.020241056000752693,-0.06560968761820629,-4.020514016156254e-18,5.647109221973793e-19,-0.08421500254343676,0.004947516430185428,0.0026594025271118003,-0.11093535140679246,0.013937551910934314,-0.0030720806839204503,-0.13384005799708232,0.025847638430313714,-0.000842764551362669,-0.06160020907497436,-0.0021879387868505126,-0.001583252729505689,-0.07606326664222374,0.0036925251207280013,-0.0037758422364958587,-0.099066237775141,0.012188373862218266,-0.010149730738353034,-0.12087325312782092,0.019858121655994983,-0.011059960846866038,-0.05053849507136456,-0.0005000346149468509,-0.0091843212129327,-0.06494147372478205,0.006982481663788313,-0.01597616918058087,-0.08235809318369328,0.013131600160352851,-0.021262493886963454,-0.09953308870675051,0.013613408643771393,-0.022273401536968974
0.0,0.0,0.0,-0.021448038651735862,-0.00035777271907819436,0.019001457081721688,-0.03857422664475473,0.0048883290118836055,0.038174845767296205,-0.05252615010027286,0.013227756285814383,0.050051829896683546,-0.0713731105221585,0.011706204250037959,0.055869216703621764,-0.06985936554622404,5.322482544299399e-18,0.008355727742027853,-0.08062472033460515,0.000363140039910579,0.01772933318769526,-0.10052260243892688,0.009974182478534271,0.021527022443520415,-0.115625447445257,0.017992498097962394,0.020918633980484796,-0.0674339101521237,4.137263351455284e-18,-7.645525918790617e-19,-0.08675504130860065,0.005085230111235732,0.0024037423227523786,-0.11332482505143791,0.01511149502086613,-0.0028452615088867136,-0.13578252669159108,0.027496441108996225,-0.0003511227961860121,-0.06331923332012393,-0.0022581741510661105,-0.0022223016596069015,-0.0786197532934881,0.0037871571077451732,-0.0042490138447687465,-0.10101648916490416,0.01330974573137718,-0.01023894939636045,-0.12293334549470988,0.020746238971591575,-0.011386794690178554,-0.05200173280168271,-0.0008530927082465622,-0.01015810513842693,-0.06700269298930679,0.0069936784006720916,-0.016679295887455987,-0.08456065656680543,0.01356600018480441,-0.02160109694385634,-0.10177416992084613,0.014900038117118928,-0.023043134807701343
0.0,0.0,0.0,-0.022094599587000198,-0.0003378784956751182,0.019332503600884683,-0.03986766693303858,0.004410494666614112,0.038913529142117056,-0.054798688364554454,0.011749886568544561,0.051223668320285375,-0.07441094024456453,0.009932564530605524,0.05629766187672313,-0.07191147740090914,7.820502220488735e-18,0.009138355666799805,-0.08352311348831927,0.0004625463502618176,0.018216691285631862,-0.10379562211780988,0.01014483075121033,0.02180949180426546,-0.1187289947110055,0.017863391518044617,0.02139699134468979,-0.06947074740273174,7.1054079433552e-18,2.0208441154205904e-18,-0.08976770607377824,0.005273976663029453,0.0021558882941575003,-0.11618011737718462,0.01594978611437186,-0.002759903587474276,-0.1382862971736921,0.028552151818264513,-0.00014882300142724563,-0.0652699466312476,-0.0023373260464049778,-0.0029047845250446415,-0.08156445720014743,0.0038398541419543183,-0.0048144999028125555,-0.10347344093068177,0.013989232333227119,-0.010496350490592669,-0.1255193551485226,0.02121143341005487,-0.011917433073334793,-0.053709253057750254,-0.0012278025292083814,-0.011223193940550968,-0.06933548338143307,0.006855884569757184,-0.017591938930225513,-0.0871296518208913,0.01374343146728541,-0.022197073348659557,-0.10434112571844509,0.015771357625218307,-0.02394590367981541
0.0,0.0,0.0,-0.022751246967748488,-0.0003283320406858366,0.019700549428833175,-0.04123289668998742,0.004102600974227341,0.039578536455582077,-0.0572344755399037,0.010659889097549124,0.052162211547598626,-0.07762714012872908,0.00866135129733084,0.05664349156440169,-0.07409281177326518,2.3336025297387784e-18,0.009943380683470483,-0.08674501237933331,0.0005930225150215559,0.018708862108113528,-0.10730550193849192,0.010351456754399515,0.02203548410692957,-0.12222075307641535,0.017631029731474086,0.021714896190567243,-0.07164194403470328,3.96455239941907e-18,1.435024949559544e-19,-0.09311572565983514,0.005513333459504186,0.0019334676379586095,-0.11936790504650065,0.016510475434486388,-0.0027848716457911506,-0.14121530765626303,0.02913522115609224,-0.00017082346924728351,-0.06737998309855656,-0.0024237404560569875,-0.0036323805666111297,-0.08477786821692038,0.0038645970419034226,-0.005462124470638816,-0.1063229829952546,0.014320118488952396,-0.010902974624323651,-0.1284791868131696,0.02137466067191129,-0.012581352224642704,-0.0555995055571352,-0.0016088356634243446,-0.012354805073038861,-0.07184032133684237,0.006620564878192579,-0.018663556284766684,-0.08992593898606598,0.013754234005269629,-0.022995392764616825,-0.10710270742405971,0.016312188087760932,-0.024927316509590063
0.0,0.0,0.0,-0.02340136095661052,-0.00037843373573324604,0.020070238149173077,-0.04259075950582799,0.0038594223510718625,0.040171367506236476,-0.05969724750553485,0.0098330381023278,0.05290578110188166,-0.0808462179265758,0.00775235344465361,0.05696675474795879,-0.07627468268686016,5.0447908635063166e-18,0.010739842612042704,-0.09011161400109456,0.000734931497047411,0.019197075992638812,-0.11090237743803845,0.01055100839908304,0.022232503766582253,-0.12589650592577895,0.017305599200909867,0.021911992321802676,-0.073860268891214,7.630493382529196e-18,-1.740997531510662e-18,-0.0966293570673078,0.005787337925878567,0.001752148732873228,-0.12271828766119479,0.016826226429936378,-0.0028755083664335967,-0.14438477458942034,0.02933889466566681,-0.00033423423340214346,-0.0695674807693775,-0.0025191219499640922,-0.004401037854858847,-0.0881215504851528,0.0038608695554989514,-0.006180177343158671,-0.10941083847740028,0.014369668414034973,-0.011421162256593911,-0.13162075245866686,0.021309795083968616,-0.013306233325880455,-0.05760340192926361,-0.0019951045439272736,-0.013531860897356507,-0.0744062739742874,0.006312746566269443,-0.01984329204316444,-0.09278967532453018,0.013645082314771531,-0.023940845609499464,-0.10990114849267425,0.016574336768455968,-0.025930797579672784
0.0,0.0,0.0,-0.024019269745199048,-0.0005191417137335695,0.020414149371369972,-0.043861771601945904,0.0035955123520573606,0.04069890231874418,-0.06205478883630931,0.009161012321370086,0.05349465600185954,-0.08389161961120117,0.007086782553647714,0.05731692810543318,-0.07833304422888153,4.3206529424681326e-18,0.011501647805010267,-0.09342561682276833,0.0008618837038531534,0.019686023864877746,-0.11443385708926014,0.010679125106921044,0.02243098835630981,-0.1295459634921501,0.016843050999104478,0.022026153373903748,-0.07603687378659241,1.6115361906366521e-18,8.647949223413643e-19,-0.10012851362921266,0.006056081992519129,0.001624908830408613,-0.12605845765873477,0.0168848354191505,-0.0029844421653015475,-0.14761010295007929,0.02917992512316495,-0.0005602285229097316,-0.07174521039729499,-0.0026341103992821675,-0.005200572396318315,-0.09145383038879548,0.003803223070356056,-0.006950805096227768,-0.11257149590431918,0.014153681295277762,-0.012005484734959883,-0.1347536616766731,0.020997987294130733,-0.014032306467081892,-0.05964108767974123,-0.002402978975732783,-0.014735013152592336,-0.07692279966301746,0.005926443235696542,-0.021080563515438373,-0.09556671709827642,0.01340546838177118,-0.02498096966682415,-0.11258611591477627,0.016550615382125447,-0.02691325599518218
0.0,0.0,0.0,-0.024575137513002332,-0.0007688301271240836,0.02071904833939329,-0.044982926230364234,0.0032427714535966995,0.04117934209794736,-0.06419979840830016,0.008547496010931221,0.053983248934173216,-0.0866160498350681,0.006550495527010403,0.057735808131321696,-0.08017496807528848,-5.6946897564289e-19,0.01221323693292271,-0.09651075197638735,0.0009363383564689798,0.02018716509930688,-0.11777416680247706,0.0106434537571573,0.022658597790496834,-0.1330001810821858,0.016131748506019228,0.022093034657527925,-0.07809153969342196,1.131737111803084e-18,-1.976692414715743e-18,-0.10345484439330609,0.006256758799316041,0.0015594831044498407,-0.1292499477967036,0.016627676267726748,-0.0030687357261202524,-0.15075484587534796,0.028574251259263325,-0.0007850932765932808,-0.07382669032050132,-0.0027872051549108403,-0.00601505625029648,-0.09464918821236916,0.003639864266770641,-0.007747044609776749,-0.11566163508002363,0.013628700001661491,-0.01260898783520881,-0.13773407493420714,0.020315146144714236,-0.014717908668763734,-0.06162120432677373,-0.002860129630500726,-0.015943055199654655,-0.07929512164658097,0.005430812159393436,-0.022325316286569086,-0.09814086072055953,0.01297039720461971,-0.0260639066018133,-0.11505541767618814,0.016168438363235123,-0.02785084602135057
0.0,0.0,0.0,-0.025040496331676185,-0.0011342079322744774,0.020987412412968507,-0.045918133559689746,0.002756527201578815,0.04163895394570354,-0.06605598619769407,0.007912651475760469,0.05443790663962329,-0.08891685990153511,0.006033470639204811,0.05824869261133667,-0.08175290855753206,1.3176880624095334e-18,0.012868577530260654,-0.09923422909693791,0.000913234305529592,0.020705557797842177,-0.12082769970088816,0.01033766672386569,0.022930256477083244,-0.13614508460124558,0.01501801777965936,0.02214177380867441,-0.07995529810815054,3.381634974999797e-18,-3.4938171954602804e-18,-0.10648442980704699,0.006315957111463046,0.0015553165889329325,-0.1321963911398499,0.01597380620330999,-0.0030984877732814237,-0.15373697489396665,0.027360877112581297,-0.0009676336413296207,-0.0757260350947209,-0.0029968577451752643,-0.006819127248947081,-0.09759791426999441,0.0033058840631424637,-0.008530349202778283,-0.1185683859129876,0.012714147384322349,-0.01318747938524268,-0.14047727803539722,0.019070560105004995,-0.015337324647893889,-0.06343908273535025,-0.003391361976854294,-0.017122690236029352,-0.08144588074462777,0.004788678905420435,-0.02352297301127319,-0.1004427632627892,0.012249357964382616,-0.027130848925489413,-0.11726700218369272,0.015317066050571,-0.028731916398593623
0.0,0.0,0.0,-0.025395029602733574,-0.0016050462553136064,0.02123266908539854,-0.046662776298925054,0.0021257406946228823,0.04210121407400838,-0.06757848889159764,0.007205567273379133,0.05492356484445686,-0.09074396723142576,0.005444511813214198,0.05885456620752757,-0.083064541454491,3.1184371675993907e-18,0.013465173358280187,-0.10151230371631098,0.0007546113163385828,0.021229811854226215,-0.12351811811659381,0.009672944623582513,0.02323843149482558,-0.13890695285523924,0.013361285218652595,0.02218478082077378,-0.0815728347311117,5.735888815634102e-19,5.5996612178146264e-18,-0.10912393534852799,0.006171840608657416,0.001602570854993011,-0.1348285304227081,0.014861446000978875,-0.003067230581481266,-0.15650036632252431,0.025371354510756762,-0.0010989801993195587,-0.07736205669661152,-0.0032722546839282518,-0.007576126200245777,-0.10019836559334362,0.002747880162414504,-0.009254168357627976,-0.12119910307836025,0.011337967870023129,-0.013706913864847738,-0.14293888463485122,0.017083198584513133,-0.015880813828907468,-0.06498566670139098,-0.004006141627007283,-0.01822440297150893,-0.08330984114042231,0.003976881866185149,-0.024612818894538008,-0.10243586280175261,0.011170052278595187,-0.028116828676872554,-0.11921921350673642,0.013900757813202592,-0.029550141475386708
0.0,0.0,0.0,-0.02563441453231836,-0.0021471889581951547,0.021472153658443405,-0.04724465250713351,0.0013795967468072802,0.04257775740403449,-0.06876173581835397,0.006417558771233757,0.05548823644020966,-0.09211047080966456,0.00473255816653594,0.05952593683752665,-0.08414484583944003,2.8311028559821566e-18,0.0140012601531165,-0.10331592373027339,0.00045032932145193074,0.021734158633678086,-0.12579003482936268,0.008615637652138873,0.02355222988791859,-0.14124011193146596,0.01109657804311586,0.022210861052983505,-0.08291270780523315,1.997662425765669e-18,7.460584495083165e-19,-0.11131317062917406,0.005798120955719644,0.0016838271805763156,-0.13709581950610905,0.013288162247261178,-0.0029971469265332824,-0.15898963541414396,0.02251832573893772,-0.0012087429406901701,-0.07867567531708432,-0.003609260972581854,-0.00824512823946105,-0.10236728173635762,0.0019485534796600862,-0.009876556601750415,-0.12347941068427679,0.009484333617187993,-0.014152254702276539,-0.1450929010798285,0.014264716085869157,-0.016359817740982857,-0.06617409486930691,-0.004695539096132882,-0.01919444042957917,-0.08483939056755889,0.0029960021648265805,-0.02553846950529437,-0.10410423759189039,0.009711698877696538,-0.028965852952352465,-0.12092644680767865,0.011890979882805384,-0.030306286008335067
0.0,0.0,0.0,-0.025773582895954092,-0.002702452915577976,0.02171854607787517,-0.04771404668299697,0.0005822492833060021,0.04306307016237343,-0.06963812719081656,0.005584527809340912,0.0561483068573816,-0.09308392333661854,0.003898491801469669,0.0602150084070258,-0.08504615588484792,1.8284917095783956e-19,0.014474189379530399,-0.1046653477502332,2.8525465193554432e-05,0.02218639685991556,-0.12761114809903,0.007212459041342608,0.023828878260500463,-0.14311630613955903,0.00828203768938301,0.02219295482770715,-0.08396981753778983,-9.704008761217248e-19,4.037883980078821e-18,-0.1130262924466282,0.005216926294192133,0.0017785885159106072,-0.13896280764707988,0.011335275605873472,-0.002928543913197107,-0.1611392742750294,0.018870056030170602,-0.0013498123963625738,-0.07964239284916395,-0.003991842224788978,-0.00879082230864215,-0.1040537523835337,0.0009407745458407438,-0.010369941111715438,-0.1253568580116642,0.007226438001211142,-0.014525510064578211,-0.14691630602966632,0.010685749511459185,-0.016799740996873282,-0.06696274120063174,-0.005433996091194993,-0.01998834359761541,-0.0860118953358822,0.0018730516822966492,-0.026258287301853665,-0.1054447234705212,0.007920456799827957,-0.02964177140872342,-0.12239861399505873,0.009360744978638437,-0.031003685527833592
0.0,0.0,0.0,-0.02584409533153521,-0.0032016373714165163,0.021972361257323596,-0.04812530946761971,-0.0001899302593726382,0.04353277096756833,-0.07026782837300019,0.004764540600361306,0.05687737305165727,-0.09376357529607691,0.0029785901908494137,0.06086169354512024,-0.08581672025855341,7.477571787637482e-18,0.014880525356331713,-0.10562037614998529,-0.0004525720415547639,0.022557404020746245,-0.1289784471010173,0.005590306801963095,0.02403313647944538,-0.14452710866219903,0.005111595696080833,0.022108338137566318,-0.0847623471817254,7.558604320896814e-18,3.945172680608781e-20,-0.11427724756282705,0.00449576753189668,0.0018687926673213353,-0.1404171839940741,0.009168634941103012,-0.0028964508312803615,-0.16288961634134036,0.014683234744667224,-0.0015625798909244648,-0.08027879299428428,-0.004396440425757872,-0.009194431181660823,-0.10525578952335791,-0.00019357547111680944,-0.0107261033712584,-0.12681429404292194,0.004732322152285599,-0.014835394187172187,-0.14839352546794302,0.006602628691512614,-0.01721954521015113,-0.06736891159646828,-0.006183428597524218,-0.02058314545324402,-0.08683829448659833,0.0006610339958830012,-0.026754429937367544,-0.1064693003132187,0.0059079306427457234,-0.030131932042814218,-0.1236351691283337,0.00649242466059799,-0.03163782487195273
0.0,0.0,0.0,-0.025884644803057626,-0.0035827498312233264,0.022219901601203657,-0.04851538248320586,-0.0008726110984676177,0.04394711537895036,-0.07072231071129349,0.004006714684729909,0.0576033486215547,-0.09425370593637403,0.002015463319157735,0.061400630438918004,-0.08648523373635299,9.826370421679096e-19,0.01521811030561605,-0.10626684812403683,-0.0009216777703606447,0.02282960237482275,-0.1299239572157261,0.003941097959463399,0.024153459117614153,-0.1454950164071364,0.0019051085912438572,0.021959505755234705,-0.08532516441710881,3.8078601949921275e-19,-1.0782614796887678e-18,-0.11512218212985002,0.0037377133030748752,0.001941890270066504,-0.14148073007485498,0.00703041568706552,-0.0029093891652189822,-0.16421682816698807,0.010405698468496172,-0.001840905738797267,-0.0806412697189229,-0.004794347515211969,-0.009461551272696518,-0.10602949718940244,-0.001330741669702908,-0.010957498561597412,-0.12788031853226828,0.002258256247304763,-0.0150869705514206,-0.14953196433021076,0.0024538485257158947,-0.017613094021499385,-0.06746909389984188,-0.006894429583225234,-0.02098650084471709,-0.08736545249927827,-0.0005557562574261906,-0.027039651276319562,-0.10721038193189995,0.0038509355697914313,-0.030447332826691233,-0.12463136048887298,0.0035774864040646216,-0.03218969126734056
0.0,0.0,0.0,-0.02592221869985358,-0.0037999245643277717,0.02243479608483304,-0.04888142850533352,-0.0014141286672613492,0.04425870187882333,-0.07104892052439335,0.003351626268428273,0.05821914712166904,-0.09462022714568416,0.0010631601092199944,0.06176793131295707,-0.08703771222362153,-4.791025332425129e-18,0.015482617620094702,-0.10667247138672596,-0.0013091928172915468,0.02299753413086375,-0.13048646307609021,0.0024995138931234433,0.024205464275076555,-0.14605838227969725,-0.0009143445359729821,0.021784991112073986,-0.08568145153334733,-4.421597451698689e-18,2.744029447925585e-18,-0.11562259273421777,0.003067292588882414,0.00199146796558103,-0.14218656771622415,0.005224872835157729,-0.0029420281873376378,-0.1651337775779879,0.006647578529359295,-0.0021201890891389564,-0.08079566027414743,-0.005149514694480801,-0.00961527264032104,-0.10645431447802187,-0.002313569006940622,-0.011085805869822945,-0.1286024374253633,0.00013868400617475933,-0.015269930469455394,-0.15035460635460035,-0.0011685729381029815,-0.01793872313136858,-0.06736702341440083,-0.007498995988750444,-0.02122639501732542,-0.0876491880721927,-0.0016486177748598484,-0.02714582758023652,-0.10770259143140123,0.001998417556025653,-0.03060850160431675,-0.1253738904504908,0.001013779354679914,-0.03261884411823825
0.0,0.0,0.0,-0.02595893182353805,-0.003827723071254535,0.02258646805929548,-0.049182755338484985,-0.00177114587010685,0.04442792471514398,-0.07125565739813872,0.00284079410585499,0.05861670809293872,-0.09487716516542806,0.00020013439268238778,0.06191719550146936,-0.08742116254849866,-8.804785103963545e-19,0.01566806422234829,-0.10686458874380628,-0.001562091843810055,0.023067602102732256,-0.130695583531894,0.0014894983508846795,0.024224640941063975,-0.14626402716155215,-0.002916161541279455,0.02165228002086584,-0.0858308104985554,-1.0698941129908569e-18,4.764204367501903e-18,-0.11582131357202956,0.0026000764718186395,0.0020170174452407022,-0.14256418879468571,0.004051980067309856,-0.0029462820479412414,-0.16568352945591489,0.004037392225150944,-0.0023005278005277926,-0.08079355789216894,-0.005422946960364222,-0.009685361257545511,-0.10660115762279224,-0.002986462166833439,-0.01112895546396061,-0.12902466000132173,-0.0012854535850908436,-0.015358298005480754,-0.15089255604125465,-0.003658221761787382,-0.018132118507844568,-0.06715876357700049,-0.007918881374214664,-0.021337104000582603,-0.0877346976906205,-0.002465631346736082,-0.027108699317483848,-0.1079739832147912,0.000623390215552089,-0.0306328005964458,-0.12584798103641104,-0.0007787224513993395,-0.032872001778582106
0.0,0.0,0.0,-0.0259788176164,-0.0036679747641169,0.02265731878530289,-0.04937511460200436,-0.0019187300525195085,0.044443620325131585,-0.07134322440993218,0.0025073033510511506,0.05873360375170845,-0.09502948736114591,-0.0004867983213932921,0.061841183458123825,-0.08759870127274501,8.957658895023778e-19,0.01577828820097448,-0.10687471779939886,-0.001656570743168851,0.023063422589489044,-0.1306077449071396,0.0010517317728827762,0.02425642797850171,-0.14619169362020074,-0.003814540336689566,0.021637917145745603,-0.08578677086368725,9.891531715977094e-19,5.0949386652171816e-20,-0.11577939909264898,0.002405294815260389,0.0020234772092178293,-0.1426677748701233,0.003699212460252399,-0.0028726032169399222,-0.16594296130856573,0.002992175352759923,-0.0022920842157573684,-0.08068996383674756,-0.005586549005308482,-0.009705387493657743,-0.1065502106245106,-0.003253132003315815,-0.011100812680910897,-0.1292041903958591,-0.00179688877492565,-0.015327544982128806,-0.15119194566240815,-0.004624338948371775,-0.018140593147377787,-0.06692789990324095,-0.00809799454203346,-0.021358427986930797,-0.08767423501984266,-0.0028957550377976134,-0.026967984105416076,-0.10806829519649175,-8.54985295058007e-05,-0.030540203719742615,-0.12606309543130892,-0.0015237606485114892,-0.03291394197470641
0.0,0.0,0.0,-0.025963834656082863,-0.00335150737796019,0.02265302094970585,-0.04943774757934865,-0.0018520809269856153,0.044329340170523125,-0.07132607680194797,0.0023807579589607436,0.058576539212934466,-0.0950937159774193,-0.0009117320371987539,0.06157931675108786,-0.08758447723359505,2.6915412333627804e-19,0.015826078974754142,-0.10675946677803573,-0.001597687215857968,0.023021971279933297,-0.13031050140122,0.0012114854903085685,0.024344721771006248,-0.1459420435319021,-0.0035425970764745587,0.021806306686548607,-0.08559676920536409,-6.539957638521486e-19,2.0293673959766524e-18,-0.11558413460043249,0.0024921733530603824,0.0020212526446962004,-0.14257025714573165,0.004182177384811736,-0.0026878161460053684,-0.16598512831953027,0.0035859806803267757,-0.0020490283360568087,-0.08054702459086499,-0.005629603436984192,-0.009700853078450575,-0.10638391375712326,-0.0031029697295299166,-0.011009208870248722,-0.1292003651704578,-0.0013725662573136558,-0.015167252974593298,-0.15128680243491888,-0.00401580819041638,-0.01794418908462914,-0.06673634684867254,-0.008020866318114661,-0.02132131042566112,-0.08752331004839337,-0.002907412365441064,-0.026759438376104144,-0.10803629326985546,-8.447733311340777e-05,-0.030352334558273675,-0.12604331559195267,-0.001185591159334123,-0.03274395951540978
0.0,0.0,0.0,-0.025905863272617607,-0.0029315526113362356,0.022596565092350612,-0.049374585177937254,-0.0015827136774383527,0.044129581914745114,-0.0712193335105477,0.0024922438365520094,0.05821044422661399,-0.09507448672467915,-0.0010015585595676277,0.06120328457185589,-0.08742521202923641,-5.941069856738247e-19,0.01581898093270328,-0.10656638699612724,-0.0014106776530263163,0.022979694404414025,-0.12988084898559532,0.001893128349399611,0.024519421434714053,-0.14559377286472575,-0.002227733974615817,0.02219115625849854,-0.08531746116125878,-1.7287604626279354e-18,-1.1654427217789367e-18,-0.11530240454442471,0.0028216255138746576,0.0020254328042633657,-0.1423180299440609,0.005362923785995778,-0.002384509864167935,-0.16582962287112138,0.005575383290108917,-0.0015812101091661913,-0.080405715356547,-0.005555741289018185,-0.009674214677959874,-0.10614361564054688,-0.002594681818814653,-0.010852353649564803,-0.1290363299854934,-0.00015704011127421077,-0.014884506508503577,-0.15116444619353392,-0.002079165140250011,-0.017559259790116466,-0.06660238585118618,-0.007706578775449716,-0.02122822060272791,-0.08730817288937233,-0.0025376604155186253,-0.026500039407099468,-0.10789696254919634,0.0005472380365775073,-0.030083232740187014,-0.12579601956660175,6.102149129455579e-05,-0.0323913108665376
0.0,0.0,0.0,-0.0258110568234067,-0.0024727032040302815,0.022515113690353236,-0.04920629461806138,-0.001146955074133548,0.0438916107307283,-0.07102925528451344,0.002847283142549533,0.05773075080974181,-0.09495403501633808,-0.0007342714667300087,0.06079215429525469,-0.08717281369802465,-3.0225587012013965e-19,0.015755422130481384,-0.10631487618961452,-0.0011347042649938275,0.02296422841273091,-0.1293750028048857,0.002945585528565739,0.024789106186487494,-0.14520366065540655,-0.00014972392297951475,0.02278463340135667,-0.08499430078779173,-2.40518806155067e-18,4.787690913207698e-18,-0.11495784008525256,0.0033196931363792237,0.002051311033289637,-0.14192471894780517,0.006998232406703373,-0.0019824166277683897,-0.16545701508002805,0.008494462823717606,-0.0009489737364553853,-0.08027249767034386,-0.005382529611771762,-0.00961121379929125,-0.10582430767369376,-0.0018350643738619513,-0.010628191000667343,-0.12870211883312774,0.0015932268000159481,-0.014507391574841074,-0.1507882621868152,0.0007399482191875821,-0.017039459256412103,-0.06650162463648915,-0.00720284634998834,-0.02106387967369155,-0.08702130954624522,-0.0018720329316844404,-0.026194075071397673,-0.10763251315042739,0.0016473217424639978,-0.029746105296403202,-0.12531861598735114,0.0019095200825479648,-0.03191243986530698
0.0,0.0,0.0,-0.025695436659575736,-0.0020368151545692827,0.022429237080396913,-0.04895982957412647,-0.0006051023746837142,0.04365268284624835,-0.07075141291827816,0.003409428334775766,0.05723217736967073,-0.09469727821214129,-0.00015414669417676284,0.060410633914561834,-0.08686277529929476,-3.972852463352612e-18,0.01562806785056791,-0.10599589247046975,-0.0008131504702791403,0.022990411325269276,-0.12884003805733135,0.004183313137088509,0.025141196791303853,-0.14483214844006487,0.0023274428905102488,0.023541576881154925,-0.08465143228744361,-3.0508907911933542e-18,3.1518942500065114e-18,-0.11453464868956093,0.003892764836367204,0.002108186679768714,-0.14139053809650007,0.008802604336833792,-0.0015213316098474773,-0.16485476277961442,0.011787532139701776,-0.00023958258913498308,-0.08012294768571891,-0.005140214400757732,-0.009495600281621604,-0.10539586793346292,-0.0009569579356669719,-0.010343589325196955,-0.12818029185738508,0.0035764038237810223,-0.014078644964320899,-0.15014251389597802,0.003919543798362408,-0.01646053153730151,-0.06638521236566725,-0.006578677688797182,-0.020815744261663778,-0.08663704000382795,-0.0010211736990834537,-0.0258459266893965,-0.10720923142244163,0.0030160694928334448,-0.029361534146249174,-0.1246242416712661,0.004018208518011426,-0.03137904930605279
0.0,0.0,0.0,-0.02557658600264876,-0.0016693878453091092,0.022347958861192736,-0.04865958493939431,-2.3789012795110192e-05,0.04343493449962038,-0.07037536420702263,0.004114203766008962,0.056783837867966785,-0.0942652160855867,0.0006507602934987439,0.060097440097679096,-0.08650433129351759,1.3916957987952816e-18,0.015427920261357832,-0.1055813109467526,-0.00047719905479530716,0.023058882707603565,-0.1283197485687732,0.005444868481380458,0.025548671331760635,-0.14455372474711548,0.004861436493680508,0.024396553984835912,-0.08429005718856489,4.611197593054857e-18,-1.262550021478813e-19,-0.1139946624222607,0.004451177459161289,0.0021975454235668673,-0.14071713256534585,0.010523592652413363,-0.001045857774059355,-0.16404263110441664,0.014965056441226974,0.0004677416150919661,-0.07991629220466837,-0.004863937353945983,-0.009317496390925172,-0.10482649195461498,-8.740818146789698e-05,-0.010011839639602865,-0.12746480705245936,0.005524752751779175,-0.013637335123771997,-0.1492526731842075,0.007004215401303746,-0.015888864911915046,-0.06620324026084502,-0.005906649891439932,-0.020482787838581106,-0.08612936478671909,-8.933389361163398e-05,-0.025463994788775195,-0.10660008978720274,0.004474455105648454,-0.028952507582960807,-0.12375259922164808,0.006115006947255103,-0.03085272843019043
0.0,0.0,0.0,-0.025469575760289884,-0.001393800590090064,0.022270559353666078,-0.04833032905545666,0.0005366395084335523,0.04324913957674789,-0.06990893609417663,0.004885137465027894,0.056421987613486685,-0.09365033296185724,0.001573687393200861,0.05986564186707483,-0.08609920259968351,-4.408043539654558e-18,0.015154655853399158,-0.1050613872842824,-0.00013595539385122905,0.023160880798615238,-0.1278705374440345,0.006627538760306148,0.025978119541943494,-0.14445905784172913,0.007199528811424115,0.025278477391704083,-0.08391076463087803,-8.120475756105506e-18,3.982215463207292e-18,-0.11332374649876156,0.004925510379632801,0.002316172949800395,-0.13993476473617147,0.011985074222277084,-0.0005913989646936091,-0.16308731637314508,0.017693071232145204,0.001123738997870505,-0.07962965878347307,-0.004586338980608329,-0.009080905719357315,-0.10412163351048868,0.000673449366813302,-0.009648595194960074,-0.1265889563272021,0.0072466663880635185,-0.013207264270703708,-0.14819451696031738,0.009681909720017381,-0.015362655581847805,-0.06593603785188587,-0.005249131044147614,-0.02008258566393889,-0.08550269582941003,0.0008400348601345623,-0.025065491699540355,-0.1058163322013851,0.005891623559550648,-0.028540176680258884,-0.12277753877483566,0.008042213422119556,-0.03037182981887327
0.0,0.0,0.0,-0.02538789436738311,-0.0012146109026017744,0.022193601051785913,-0.048008422864191595,0.0010251304052240474,0.04310445883172451,-0.06940744014666728,0.005643237633163993,0.05616166605378453,-0.09291581820964148,0.002505623894030482,0.059711198882258336,-0.08567775988822021,1.6821982795692291e-18,0.014830447374141818,-0.10449391898830335,0.0002180074106153973,0.023286061363662815,-0.12758059953817452,0.007677921685255326,0.026394926162883327,-0.1446515140390776,0.009173462482817687,0.026115334148274848,-0.08354638915909042,1.7432646580626284e-18,7.0020684793674985e-19,-0.11258742140616759,0.0052665194189604105,0.0024601194089533093,-0.13913837745094307,0.013079839790626654,-0.00017971480949001458,-0.16211942167146545,0.019777784726055674,0.0017054814805590778,-0.07929480241097661,-0.0043351160147794615,-0.008810397179823177,-0.10336313177963931,0.001251428632476444,-0.009272634365715801,-0.12565961057082742,0.008609979324527674,-0.012800867090720208,-0.14710674060185813,0.011759618439130301,-0.014897082392213101,-0.06562013083158907,-0.004657376416523922,-0.019658683566682097,-0.08482480447018192,0.0016945364847059316,-0.024683753107929713,-0.10494126296069763,0.007167214975353633,-0.028147693780181435,-0.1218215106535316,0.009717735201282975,-0.029959196899172928
0.0,0.0,0.0,-0.025343258104466464,-0.0011243317809773864,0.02211702942919693,-0.04774485031965795,0.0014011857773410738,0.04301411717363377,-0.06897714816290025,0.006313322106593748,0.056010547796132584,-0.09220208998766967,0.003346412070292515,0.05961970857101825,-0.08531544840508473,3.4454602303464177e-18,0.01450447781822471,-0.10401582689090096,0.0005925812864847259,0.0234266953205565,-0.12755574798184874,0.008562055624368249,0.026764191816441057,-0.14520844340488884,0.01066452162254629,0.026831015525846914,-0.08327250678703116,2.0422894006850198e-18,-1.1692754948655109e-18,-0.11194459470652168,0.005440951463977778,0.002625263054742885,-0.1384925311833741,0.013748695578043679,0.00017549187788076648,-0.1613272834161735,0.02111847572598879,0.0021973528655277116,-0.079005234467225,-0.0041322232366660635,-0.008550747744169349,-0.10271046131629742,0.0015932280168723771,-0.008909657231239007,-0.12485965036122809,0.009515920958514572,-0.012431475953491804,-0.14618442534094409,0.013116745112035257,-0.014500855196074542,-0.06534796721697803,-0.004174877924778037,-0.01928037867469489,-0.08423019704065397,0.0024028336464823256,-0.024370387609685074,-0.10413456031952611,0.008210624982677169,-0.027806500617370666,-0.12105347484748268,0.011081694814504953,-0.029635275543517917
0.0,0.0,0.0,-0.02534070341320579,-0.001110037776002855,0.02204487152257507,-0.04759092813949233,0.0016362021558466353,0.042989495942763134,-0.06874042679481021,0.006827779756493886,0.05596958976638251,-0.09168471172808586,0.00401135703612999,0.05956597831947335,-0.08510552176601092,-7.894804883054638e-18,0.014239572307162458,-0.1037863925110596,0.0009759095624256417,0.02357263837452061,-0.12785136192402388,0.009235698761610947,0.027046010287538894,-0.14608732941575428,0.011574904453496225,0.027336585215279343,-0.08317789347926799,-6.389463469660414e-18,2.4594906429212023e-18,-0.11159050036071003,0.005432244858668402,0.0028033733061530413,-0.13817733496931645,0.013972445651717595,0.0004557217929389009,-0.1609020074990902,0.021688253944145777,0.0025707923987984597,-0.07887827586962236,-0.003992219409998034,-0.008355671220768026,-0.10234470835161028,0.0016704380292718657,-0.008594366852999837,-0.12438947747428404,0.009904188079128093,-0.012123207564729946,-0.14562734907002073,0.01370038940016588,-0.01418914088567471,-0.06523199017344246,-0.0038377142525611767,-0.019028741100580934,-0.08387574908966255,0.00289920914300278,-0.024186464104037218,-0.1035842409417348,0.008946787068643096,-0.02755741250491606,-0.12064545372385632,0.01208471452322468,-0.029422796444323992
0.0,0.0,0.0,-0.02537156930993815,-0.0011597677126090862,0.021983136281464706,-0.04757542996470622,0.0017150111126878734,0.043029324778149095,-0.06878163043958253,0.007130827006471094,0.056025295692948715,-0.09150629398006259,0.004436474662605253,0.05951193164711317,-0.08510746542605803,1.8069985243799293e-18,0.01409046107859974,-0.1038943749041885,0.001314904357171895,0.023699848809304053,-0.1283822408894194,0.009618622347834218,0.027188658869008155,-0.1470180529855,0.011813674087999151,0.027526989775571366,-0.08331197431201784,2.426793403009403e-18,9.596791497693002e-19,-0.11166422460915065,0.005241456518635914,0.00297800179725064,-0.13830646627047832,0.01376922519257255,0.000628932935740301,-0.16096302076669844,0.021531532765741393,0.0027758680020914524,-0.07899346261606534,-0.003919980085782364,-0.008270508699316151,-0.1023848040592209,0.001487157617924358,-0.008365103076087026,-0.12437980442662595,0.009775632017671697,-0.011908978290561688,-0.14556804057988035,0.01354696228953695,-0.013983087522579847,-0.06534979620049258,-0.003670812596975035,-0.018972850805606525,-0.0838728663351163,0.0031360651923646172,-0.024184151992452805,-0.10343337842986446,0.009334281717245735,-0.027441764806511514,-0.12070896247539123,0.012699029440932048,-0.029340536505025536
0.0,0.0,0.0,-0.025409559198832848,-0.001269730458695718,0.021940710635013835,-0.047689779161313194,0.0016374461299095285,0.0431185688272787,-0.06911012973550269,0.007182849257990889,0.05614797494716969,-0.09172651592429595,0.004582985692946321,0.059413275489540215,-0.08531150670190872,3.785389327751471e-18,0.014092318406788188,-0.10429455704564082,0.0014977730874199996,0.023765098724508372,-0.12887442991595632,0.009575050317536679,0.0271269434465434,-0.14745671452714687,0.011293659156126784,0.027294024414671013,-0.08364855493917148,3.00497125679024e-18,3.364475461258949e-18,-0.11219059316007189,0.004885224555199074,0.0031236591799301437,-0.138881350673496,0.013184851379369124,0.000654820825585156,-0.1615239302147242,0.020747213105327008,0.002750655906353105,-0.07935028437831733,-0.00390943562472946,-0.0083216653634593,-0.10283765199163598,0.0010834616495191405,-0.008254975471644672,-0.12484303295885968,0.009201758737058668,-0.0118171289069229,-0.14603684435486772,0.01278704437731906,-0.013897410183291574,-0.06570606528932238,-0.0036842396373949747,-0.019153152642700465,-0.0842455641760238,0.003090389557684503,-0.024392245767278428,-0.1037383758241273,0.00936718106987667,-0.027490437457966917,-0.12126274075240985,0.012909150121593728,-0.029395861247700467
0.0,0.0,0.0,-0.02541458981339499,-0.0014526545659287768,0.021934985863520575,-0.047893976016593544,0.0014114045870797021,0.04324100277399975,-0.06966659451685686,0.006951722494813943,0.05630304649919915,-0.09232571026541929,0.004424324434536065,0.05923667150449487,-0.08564511800764829,-2.0251224028900715e-18,0.014268098385744834,-0.10481529959523016,0.001346682791302987,0.023715888518662347,-0.12890271718760307,0.008900807173056847,0.026789737171004233,-0.1466529253757019,0.009919074184494243,0.026549986107354904,-0.08409455179793542,5.039251692863018e-19,2.297163557030208e-19,-0.11309614098568506,0.004389465398840701,0.003209292203703596,-0.13981745901062267,0.012266230164441437,0.000498754910220063,-0.16253028727034224,0.019433895013571494,0.002438312093212939,-0.07987435307441562,-0.0039476414236037285,-0.008520671788975448,-0.10361921478616246,0.0005258690565186346,-0.00828850950674723,-0.1256994241450236,0.008298510744153607,-0.011859680660064046,-0.1469948762043439,0.011598531278089522,-0.013930658318928828,-0.06623677617434981,-0.0038793787632381543,-0.019584691557143753,-0.08494395835174515,0.002751768669061053,-0.02481815871480872,-0.10448921273215588,0.009043527673024358,-0.02772374630027196,-0.12225973265508996,0.012662665131414914,-0.029589258341354313
0.0,0.0,0.0,-0.025344857927513495,-0.0017448413300005417,0.02199773413459269,-0.048143656651714016,0.0010248100057979916,0.04339408617939206,-0.07037020732738514,0.006370437906264411,0.056470345071704287,-0.09326489344507498,0.0038855276233094762,0.05897523468372056,-0.08602202884040512,-6.239879716628097e-18,0.014647759217411316,-0.10523277923698549,0.000622709218378548,0.023513721913825905,-0.12800434221983853,0.007318093475760001,0.026117435038513485,-0.143826173185715,0.007552395753884589,0.02524703501136522,-0.08454248085226011,-4.8302593898550505e-18,1.2366929465431467e-18,-0.11428705798968723,0.003772056022146257,0.0032058692501195775,-0.14102667310872663,0.011013429373857303,0.00014276416457674243,-0.1639486502839755,0.01759367858839857,0.001799325116676089,-0.08046986281903047,-0.004027075515955241,-0.008879819032062966,-0.10463308204265179,-0.00012313515864120257,-0.008486285848200301,-0.12686179673968223,0.007158806369442668,-0.012034634337894373,-0.14841694931595453,0.010099234789938722,-0.014070527451974874,-0.06685307115687024,-0.004269493937063605,-0.020276781196121856,-0.08590288616195424,0.0020897833414649705,-0.025462875800811132,-0.10567576028094906,0.008305016412449065,-0.02816135967931613,-0.12365597998559119,0.011795482950422051,-0.029929051446341805
0.0,0.0,0.0,-0.025170862509684363,-0.0022105949628861777,0.022179780182077627,-0.04842026171981011,0.0003971646142822413,0.04360151861756341,-0.07117407349147177,0.005264421291776067,0.0566680519549232,-0.09455693856874803,0.0027420425297696605,0.05866124734299803,-0.08641106583554506,1.1543430772115367e-18,0.015287286821492687,-0.10536948762722512,-0.0009547699590653488,0.023171432600156406,-0.1258238617151316,0.004486238034072133,0.025095947140751685,-0.13839435437619416,0.0039782653203691105,0.023391145145085973,-0.08494518463480175,2.550695701756763e-18,-1.4224172089714771e-18,-0.1157485170127531,0.0030080214500475366,0.0030956518011298517,-0.14251329222956224,0.00930773697430477,-0.00040852823816561593,-0.16585643868005884,0.014996863139182656,0.0008195816293016001,-0.08109274761837426,-0.0041652625543408366,-0.0094315109067007,-0.10586896754667396,-0.0008599189951210358,-0.00887693979260625,-0.1283355502382634,0.005749483778672824,-0.012343279571936783,-0.15037968466441048,0.008185895423255539,-0.014314728899095946,-0.06750084315540353,-0.004911850517155309,-0.021257920711434217,-0.08711279931064815,0.0010061140347803128,-0.026338948060926917,-0.10735890464257546,0.0069585961326960625,-0.02883279150279153,-0.12548069632561662,0.009949538730244152,-0.03044161861208624
0.0,0.0,0.0,-0.024877924816048516,-0.002938171632126136,0.022552515154215885,-0.04872713060038295,-0.0006525066901762567,0.043927725212338356,-0.07206191349028078,0.0033152805348542094,0.056984468132777986,-0.0962548546925151,0.0005687536892559103,0.05839679716766383,-0.08687943505813747,-2.340976458733208e-18,0.0162672590726083,-0.10513891252868965,-0.0036572608401415655,0.022796024002452783,-0.12220056475845309,8.19256042406084e-05,0.02381329813369354,-0.13014208803480498,-0.0010248696266501175,0.02107607075591895,-0.08537021605587637,-4.5923618486791084e-18,3.0820863886065462e-18,-0.11759224214765926,0.002000461719363588,0.0028858342167122305,-0.1444040754320204,0.006879375149232354,-0.001106839068678965,-0.16843905454536454,0.011123753740040022,-0.0004503490308688273,-0.08180070317036518,-0.004417758994902981,-0.010231477172829991,-0.10745309188766101,-0.0017821935223792068,-0.009496051068792356,-0.1302568781613361,0.0038536754694766602,-0.012790197123431764,-0.1530696565458043,0.005449540298237386,-0.014664608465652942,-0.0681969446174314,-0.0059184034039612855,-0.0225767766590214,-0.08864691645484762,-0.0006792269933439831,-0.027464319574169106,-0.10967665385640019,0.00465541579142626,-0.029755976497914973,-0.12783294852928817,0.006578173215249195,-0.03113606762146173
0.0,0.0,0.0,-0.024449846598713524,-0.004009156206127003,0.02319487826103176,-0.0490331241701115,-0.002358203722743014,0.044481306057463386,-0.07295316639311573,0.00015447073008463986,0.05759187149720346,-0.09831377098071148,-0.003143731939861691,0.058384401032036376,-0.08757219142704711,2.432477688637471e-18,0.01765491322456573,-0.10449325051181765,-0.007632382707156129,0.022591407470949572,-0.11713847783197746,-0.005992231381588275,0.02249076431923595,-0.11924942778124974,-0.007410956253211271,0.01851408236569748,-0.08599080504989709,2.8349066847360178e-18,-1.528466681144442e-19,-0.11999213593432329,0.000605119054086998,0.0026244964470649853,-0.14684933086111684,0.003422272438714355,-0.0018253717020057102,-0.1718279103053302,0.005375858902872041,-0.0018179282133725663,-0.08274200317393443,-0.004863395204683116,-0.01132691086510641,-0.10958957744533847,-0.003057227210229252,-0.01035140974857475,-0.13280545969468108,0.0011733274857450395,-0.01334024181785795,-0.15664608917917033,0.0013546017559501206,-0.015055330207223655,-0.06901618111882526,-0.007404350364270459,-0.024258153985210567,-0.09060551344040652,-0.003144826166075981,-0.028816578480763768,-0.11273849819379646,0.0010307534298226628,-0.03086999794365532,-0.13075498169892158,0.0011691472442446789,-0.03191343772479969
0.0,0.0,0.0,-0.023855338035483894,-0.005439970251476094,0.02415564438358862,-0.04922064395344378,-0.0048635370827497405,0.04537548888480229,-0.07361782825849032,-0.0044058399280092414,0.05868372324205223,-0.10045326091405365,-0.008695447448677724,0.05887444092321401,-0.08864002284239371,4.342771675470724e-19,0.019449063618549436,-0.10336333453669713,-0.012742347156666825,0.022766852266399445,-0.1107612738448819,-0.013367352938234548,0.0213927529440314,-0.10625988038229343,-0.014592332064663703,0.01596130288662207,-0.08701169721217698,1.1522559951415335e-18,-9.771658731861287e-19,-0.1230469325257528,-0.0012829504923069915,0.0023936812678576093,-0.14986619638856746,-0.0011765623833838352,-0.002377502329624098,-0.17589185886408343,-0.002503056135877554,-0.0029541082469441106,-0.08408144109218077,-0.005561763701096206,-0.012709052434055824,-0.11242134110771806,-0.004819883824311177,-0.011387803269494672,-0.1360446946090598,-0.0024525462593031028,-0.01389073970008223,-0.1610437718726781,-0.004392906349377295,-0.015315519696067096,-0.0700391387265856,-0.009399286971519396,-0.02625261404572346,-0.09301842485293589,-0.006426260996202955,-0.030302227807725277,-0.11647899242371598,-0.00404570895559157,-0.03200797885429538,-0.13408136987967503,-0.006395881406541866,-0.03254450516102007
0.0,0.0,0.0,-0.023072467536603802,-0.007132057018039285,0.025400440358569632,-0.049127025398398076,-0.008060420114736852,0.04663684953914805,-0.07375013276769568,-0.010131255722697156,0.06032506994006808,-0.10221138732271186,-0.015854724657462984,0.05999693724501698,-0.09015360034757013,-4.238677556874288e-18,0.021542942186187304,-0.10171243476106298,-0.01847399994302757,0.023379240929708285,-0.10339448597603469,-0.021165527863460303,0.020639476019710185,-0.09211417478160028,-0.021503863735823414,0.01356065340838494,-0.08855568390982096,-2.489454082230206e-18,-4.887673961407146e-19,-0.12666048689899936,-0.0036219904621192576,0.0022633142969835755,-0.15326099009321256,-0.006645640652897751,-0.002624758961241654,-0.18019234799361755,-0.012075254847408491,-0.003572308623607144,-0.0858906241022157,-0.006504486826628407,-0.014289725273544687,-0.11589382623383927,-0.007055821031158667,-0.012497732090515074,-0.1398129709724899,-0.006862356659347974,-0.014325139527444535,-0.16589106122657019,-0.011537626212713937,-0.015265793646026291,-0.07128678318452919,-0.01178341499157983,-0.028428457173748468,-0.09577830847174536,-0.010314806715170984,-0.031790939589163784,-0.12060037651556628,-0.01027116633156882,-0.032985869339936295,-0.1374347979787092,-0.015586640071414196,-0.03281589404736991
0.0,0.0,0.0,-0.022143901895103048,-0.008881281621368451,0.026783580706688213,-0.048677033593311055,-0.011550955233029396,0.048126635547680645,-0.0731958257043721,-0.016323931343425014,0.06232881081691102,-0.10321559045943028,-0.02376836706668369,0.061610109719989224,-0.092033399266893,-2.259467329323455e-18,0.02372866212355296,-0.0996758213548861,-0.024060244654263735,0.024246719818669264,-0.09570379278158653,-0.02829966152187813,0.02011403444611546,-0.07815918325207262,-0.027093421300065798,0.011293224116495729,-0.09055444629348168,-1.60416617261831e-18,2.0002836853521423e-18,-0.13050908377254347,-0.006166618735152729,0.0022403508947291435,-0.15668946906481068,-0.012325488784579014,-0.0025811318010613357,-0.18417807450566476,-0.022199856703360065,-0.0036336271103797474,-0.08805438213174413,-0.007592852600483417,-0.01591832228138777,-0.11970273912378379,-0.009538850864972411,-0.01357239433722165,-0.14374541945689503,-0.011547087641869107,-0.014602830364124889,-0.1706325254913467,-0.0192389803404015,-0.014876087041269383,-0.07267599612861646,-0.01429756475205781,-0.030604015621208663,-0.09864534411209316,-0.014373405578321131,-0.03317638012161795,-0.12466504935288741,-0.016911666521778786,-0.033727964361828074,-0.1404108393847062,-0.025286899598065203,-0.03270980569546689
0.0,0.0,0.0,-0.021199195914937845,-0.010455542196825906,0.028086001113420078,-0.04797545776483883,-0.014800317213232867,0.049573620492633835,-0.07211801457112292,-0.022077929678070967,0.06431078001810474,-0.10343184790106608,-0.03125628966459474,0.06335232048255512,-0.09403527396938213,-3.580470081137493e-18,0.025748857988426542,-0.09761060305584154,-0.02878357610857351,0.025045061082820775,-0.08864465533422329,-0.033955047375732884,0.019586049171985816,-0.06591004410318983,-0.030895447726581236,0.009108171580852443,-0.09272180616487741,-2.977889745661383e-18,-1.428344144113246e-18,-0.13412557204770473,-0.008529641953552974,0.0022701218620258885,-0.15979208671015427,-0.017401060230994997,-0.002389785441978336,-0.1874486332663249,-0.03144788978443559,-0.003342636993728055,-0.09026714164240225,-0.008666469128551995,-0.01742434913114939,-0.12337061868154581,-0.011891855887017262,-0.014539096496101375,-0.14739931815049895,-0.015837590736142812,-0.014774746404429757,-0.1747547580103789,-0.026386722312141873,-0.014291462922681963,-0.07403051265981309,-0.016631091883326305,-0.03258849916075316,-0.10131592583591159,-0.01808115228364981,-0.0343932193035936,-0.12826360363400194,-0.023048607212038275,-0.03428575559081695,-0.14278777485186525,-0.03419415495932482,-0.03240611329303166
0.0,0.0,0.0,-0.02040801135637226,-0.011675464210556505,0.029096110335231202,-0.04725428896498263,-0.017351624654084814,0.050701191948122566,-0.07092103283417367,-0.0266206575196771,0.06588219872218526,-0.10314227869165439,-0.03725985052816692,0.06485323380925476,-0.09581944081857484,5.99194346010992e-18,0.02736350497530453,-0.09596623522020685,-0.03220695373922603,0.025497592548899762,-0.08318275439206532,-0.03783977141504666,0.0189094455956228,-0.05666063005226301,-0.03316325340054994,0.007060560151346337,-0.09465226960525723,3.171857697664031e-18,-3.256587004613681e-19,-0.1370452947328736,-0.01032903878257583,0.0022882440279227622,-0.16228365246436027,-0.021200981319329675,-0.0022020143994114865,-0.18984164213540544,-0.03862877540507564,-0.002954380716539783,-0.09214097049233229,-0.009562069074784038,-0.018653684925384103,-0.12639986862154026,-0.013737969140600936,-0.01535214800416746,-0.1503731511940949,-0.01916428887903527,-0.014911740479377749,-0.17791246231440605,-0.03203282281050415,-0.01370638278366328,-0.07514567022556438,-0.01851800645292464,-0.03420804492917386,-0.10350194124745007,-0.020999985164422013,-0.035384564930585366,-0.13110788735994247,-0.02789365371472583,-0.03474179978015189,-0.14455451958076262,-0.04125452935389479,-0.032123054928524394
0.0,0.0,0.0,-0.019910672551155247,-0.01243869370339349,0.02966747307957621,-0.046740421625564674,-0.018935838387149843,0.05132485700883583,-0.07003068406132165,-0.029476380779172695,0.06678846093129409,-0.10272474601530393,-0.04109375231764258,0.06588338157888489,-0.09706715817135768,4.3650645443572184e-18,0.02839241983673402,-0.09510950656090897,-0.03416736576336162,0.02547693702735,-0.08003347698009661,-0.040045340983872905,0.01808927082923402,-0.05126636582737592,-0.03450624903909279,0.005307280535212671,-0.09597962269351624,5.056422919395639e-18,-2.460199840777262e-19,-0.1389218977717162,-0.0113070410040188,0.002261353686279135,-0.16396620569734482,-0.02335271263374734,-0.0020977136068176493,-0.19133587152217407,-0.043053589703425585,-0.0026292939723871057,-0.09334910545237322,-0.010157042164349268,-0.01948571136208935,-0.1284045764692657,-0.014822806296888497,-0.01597159407053255,-0.15236600264615371,-0.021199534886136993,-0.015045164208694731,-0.17991431378832654,-0.03562089730507217,-0.013254675246257303,-0.07586260044724435,-0.019776268844755595,-0.035320432033055654,-0.10498134309778624,-0.022852220348255646,-0.03607637127464732,-0.13301177295716002,-0.03095462411580021,-0.03512259615190966,-0.145777937331809,-0.04583616499870704,-0.0319895608063775
0.0,0.0,0.0,-0.019781731212255675,-0.012701907244943285,0.029732376379957196,-0.04656496930436532,-0.01946386225530687,0.05136925475950382,-0.06972499080092617,-0.030444443168465046,0.06692889512779839,-0.10245817484509763,-0.042453512043912456,0.06636385554727897,-0.09757890349685819,-2.4737202332522618e-18,0.028730195424513,-0.09523496628519168,-0.03464135990445251,0.024986571525806293,-0.07957100643147183,-0.04075844848355303,0.017220319364473203,-0.05016153671412654,-0.03543077969041872,0.004017911236308565,-0.09649394380565983,-1.7389304431121946e-18,-2.383038967581334e-18,-0.13957588690408332,-0.011369644134994665,0.002185517776430752,-0.16471902691512622,-0.02377422749674921,-0.002095205680497242,-0.1919380034330008,-0.04451460875639781,-0.0024333122158543725,-0.09371509831240539,-0.010384676619899632,-0.01984168257449136,-0.12917375942657938,-0.015054124236811168,-0.016363810837192582,-0.15320169131224604,-0.021861547434613028,-0.01517152170887039,-0.18067393681883018,-0.03698219204892758,-0.013001872024308043,-0.07610546161920378,-0.020303754723618724,-0.03582888865699081,-0.10561800241311664,-0.023516691430044374,-0.03639073505197391,-0.13384516127257257,-0.03203824966438774,-0.03539274824029477,-0.14648123513719333,-0.04767988579663487,-0.03203460241467345
0.0,0.0,0.0,-0.020029289848166962,-0.012459716550597865,0.0292967901581063,-0.04674583502803987,-0.01897707425095026,0.05084745692064167,-0.07007306553288484,-0.029527249709064944,0.06632308275787564,-0.102439888898354,-0.04133411545565494,0.06631255876294331,-0.09731459908688334,1.454800433394189e-17,0.028350506008556008,-0.09634739856634249,-0.03364361260946847,0.02410827239957524,-0.08184053173350839,-0.04006949600052847,0.01641398668475507,-0.05344097002386919,-0.03607540076628081,0.003313060906891603,-0.09617411041180016,1.1939259838963624e-17,1.1066788273415822e-18,-0.13898991307638084,-0.010570275503243545,0.0020661021131432454,-0.1644966479661362,-0.022596225473352733,-0.0021928329137175105,-0.19164169077531,-0.043154373574441414,-0.002392874142732445,-0.09322597116560442,-0.010235128424990074,-0.01969168301076847,-0.12867393024621118,-0.014484947071687623,-0.016513438243731388,-0.15283599848149365,-0.021254170025355484,-0.015285103038041505,-0.18018555442423648,-0.036235173398986416,-0.012983245917788749,-0.07587437012075897,-0.020071038362286093,-0.0356942849351367,-0.10536201893054926,-0.023003428869480834,-0.036278248494849466,-0.13352244627236617,-0.031194435101851405,-0.035495735431745404,-0.1466086234927097,-0.04680401690237759,-0.03223026786201358
0.0,0.0,0.0,-0.020606092298179564,-0.011738260049157921,0.028435221845253413,-0.04721150882273515,-0.017608884672625304,0.049844237611122326,-0.0709476186806217,-0.026891683156902466,0.06508290583128103,-0.10258988964699249,-0.03797172206493786,0.06580192040478701,-0.09637740553036438,2.3193991480029498e-18,0.0273091635855084,-0.09826771049514547,-0.031217586243524158,0.02297266050909505,-0.08657699750193393,-0.037945106787575775,0.015769513466556768,-0.06087242469333452,-0.03618493255543381,0.003253159794575185,-0.09515460574403263,3.5064566557980284e-19,-2.3811162630866575e-19,-0.13728036526706716,-0.009077992859510076,0.0019083794330552707,-0.16333107551507312,-0.020094660684078645,-0.002387373034133461,-0.19044020926175548,-0.039359789651200155,-0.0025185744593164945,-0.092001706035777,-0.009753078374331692,-0.01905987690299238,-0.12702154500869303,-0.013280641867706397,-0.016428310428852084,-0.15134877101163074,-0.01960664549475619,-0.015395610637135248,-0.17851839126701732,-0.033695495400905356,-0.01322190967339597,-0.07522119826018722,-0.01912587534693475,-0.03494053800046252,-0.104244489684417,-0.021440767373367812,-0.035739801313198115,-0.13202535258908485,-0.028673684733645267,-0.035387892871203086,-0.14605114548989392,-0.04345727557194101,-0.03252145135868388
0.0,0.0,0.0,-0.021422477084702237,-0.01060507841716913,0.027280096510797925,-0.04783799225845366,-0.015568593380349757,0.04850542852119809,-0.07208221986609997,-0.022872341291349265,0.06339582736060186,-0.10270921336475977,-0.0328290251255162,0.06494503625474277,-0.09496588913008999,-1.7641451992808702e-18,0.02574223294604055,-0.10066055136599286,-0.0275012078111709,0.021749107503823258,-0.09321850978172282,-0.0343341129874001,0.015374197232666075,-0.07183567577819548,-0.035273455966542376,0.003842756896343279,-0.09366420459523239,-2.5794595219544225e-18,-2.3329391042894566e-20,-0.1346679735557213,-0.007146890210975038,0.0017243540404706641,-0.16133350784291048,-0.0166534686668053,-0.0026620597035575274,-0.1883617176671945,-0.033712223810904475,-0.0027873271527151314,-0.09025275856625764,-0.009032025340578023,-0.018026097936261812,-0.12445143096579248,-0.01168578584268375,-0.01613449359434273,-0.14892502679370556,-0.01723175959431469,-0.015519945388161432,-0.17581523522841233,-0.029824327023102514,-0.013715120524635112,-0.07423228065915292,-0.017602491422226373,-0.03365367908078208,-0.10237742836438009,-0.019070275682175605,-0.03483093855859401,-0.12944294547890767,-0.024898051012085365,-0.03505202590102106,-0.14470753045691034,-0.03811478362927948,-0.032835926562809016
0.0,0.0,0.0,-0.022365836655647404,-0.009184404871864492,0.025996155087914887,-0.048489927495674726,-0.01313568621813917,0.04701658725522697,-0.07316376476238848,-0.017982889340675923,0.06150089605939002,-0.10257611567746824,-0.026589711229372946,0.06389248588082318,-0.0933150334272483,-2.1341514084823277e-18,0.023850438188789076,-0.1031096481409812,-0.02281029442928794,0.02063438298664978,-0.10096528791374913,-0.02934462680508397,0.015309152284820611,-0.08528191855155867,-0.03291881721578493,0.005032980162130856,-0.09196196550379307,-2.1253989183147644e-18,1.552772190465219e-20,-0.13145463631982351,-0.00507987895676275,0.0015440684769507556,-0.1586926428928839,-0.012739667628629976,-0.002966617684077964,-0.1855105017528131,-0.02696227910217147,-0.0031183480340393004,-0.08823661583598742,-0.008199069655948452,-0.01672081092523709,-0.12128762804742026,-0.009983963634187656,-0.01566811589201889,-0.1458310643382134,-0.014492514799603637,-0.015659274684132748,-0.1722948823068793,-0.0251971749703559,-0.014410334184029918,-0.07302228698788445,-0.015717403421711525,-0.031977376644283184,-0.09995656240300134,-0.01622704657625213,-0.033652874347131316,-0.1260045869676267,-0.02041744810057003,-0.03449908105407396,-0.1425633033577508,-0.03146951235344124,-0.03309075868692026
0.0,0.0,0.0,-0.023328956443184504,-0.0076527806896048356,0.02474495623539098,-0.04906441685678752,-0.010640262932034497,0.045564501207067315,-0.07394626029462865,-0.012881043112471522,0.05964852207962669,-0.10206312194519498,-0.02009761847050767,0.06281765642473806,-0.09164660790724476,2.016302453526353e-18,0.021867235506000556,-0.10524848670524233,-0.01765769270299625,0.019823040082930874,-0.1089332995763927,-0.02338509901033102,0.01564645010988268,-0.09983628611073268,-0.029079578950138,0.006733867799583323,-0.0902880001682114,1.3414843129785545e-18,9.08696504224219e-19,-0.12800264097867203,-0.00318381829244423,0.0014109721393032824,-0.15567073925691005,-0.008876637540658634,-0.0032226809726052705,-0.18209935449238965,-0.019998495296907722,-0.0033933616354684206,-0.08621662871913342,-0.00738918976769539,-0.015309328227400332,-0.11791017160450928,-0.008453311659123814,-0.015076356531406437,-0.14239134119760968,-0.011781294845364455,-0.015789667299225495,-0.16826022747119398,-0.02047991188529665,-0.015208288136094993,-0.07173090210923476,-0.013739963177655702,-0.030101492780327463,-0.09725337169647792,-0.01330006403120782,-0.032337030393518276,-0.12207637707458882,-0.015848304004181107,-0.033771239596491844,-0.13975613843042903,-0.024384174895261918,-0.0332103826854353
0.0,0.0,0.0,-0.024237605320251182,-0.006209080405987627,0.023660808961734697,-0.04952837049660715,-0.008423962080956127,0.04430342516478913,-0.07435632366898672,-0.008274329287520666,0.05805375857293059,-0.10123893608763151,-0.014223769910158305,0.06188486465677935,-0.09016190965757456,-1.0010185295658174e-18,0.020026897823867934,-0.10690922120358051,-0.012670835399910835,0.019461888535762265,-0.11638958642312515,-0.017178854020553507,0.0164282040334838,-0.11409275974894892,-0.024296047292232514,0.008836302786464762,-0.0888543329504772,-9.580544932210625e-19,3.190208817200929e-18,-0.12472801077533709,-0.0017333311937822813,0.0013531081143269529,-0.15261756891654382,-0.005629114060456668,-0.0033695208414064575,-0.1784795501975324,-0.013824114171587038,-0.003531278336269696,-0.08443751448940258,-0.0067231431973379255,-0.013972316617894592,-0.11473135467505755,-0.007350381522744235,-0.014438794910042338,-0.1389821371951437,-0.009542234277665223,-0.015896288963588728,-0.16410827485728136,-0.01644603188782938,-0.0160227183053795,-0.07051775197994394,-0.011957329190658087,-0.02824924660706989,-0.09459606796611562,-0.010703211401555857,-0.031044108719982064,-0.11812502325263836,-0.01183744726852178,-0.03296444167612702,-0.13660220229585288,-0.01783653589235207,-0.03317658827219949
0.0,0.0,0.0,-0.025062768196123342,-0.005039873471505586,0.022844613186256166,-0.049929857627763356,-0.006791177281945013,0.04334242154250106,-0.07454010041633749,-0.0047936991742085775,0.0568563901890488,-0.10039618064210912,-0.00970445706567323,0.06120865326164231,-0.08905684118833841,2.870830286293598e-18,0.018544225567829715,-0.1081964108936785,-0.008458232224356935,0.01960733960364978,-0.1229404166641545,-0.011658567999889678,0.017624859480171288,-0.1269511007833092,-0.0196851855152149,0.01120372597960308,-0.08785449401669614,2.094107837903698e-18,7.92358403163814e-19,-0.12208532900156943,-0.0009470149481098909,0.0013529707879565843,-0.14997416970070335,-0.0035812506391258736,-0.003419198797570479,-0.17514697470659324,-0.009509983115634661,-0.0035666496197755814,-0.08311078929598541,-0.006297094590862291,-0.012888625759416064,-0.11216922792218928,-0.006915886826886142,-0.013888968389310325,-0.1360233853136774,-0.00829859503978182,-0.016027404881363384,-0.1603170429774894,-0.013989927307575927,-0.0168593471887781,-0.0695473621161362,-0.010646876273689335,-0.026664623208655376,-0.09233528475636703,-0.008856646232112,-0.029973797993046815,-0.11466186481571786,-0.009042020217697847,-0.03225554996309784,-0.13357155597006595,-0.012860941225869166,-0.03309123422769056
0.0,0.0,0.0,-0.02581042436773369,-0.004283791111265012,0.0223543257786731,-0.050361555434009275,-0.00594138351616627,0.04273629382211064,-0.0747820445085282,-0.0028402249137821967,0.05609728895940684,-0.09993722805332685,-0.006974680815221933,0.06082178529372523,-0.08849473625121927,1.0589460159882458e-18,0.0175829722603302,-0.10940189178377509,-0.005460384607514742,0.020200220419660356,-0.12853179694675496,-0.007716624415830827,0.019098395781678823,-0.1377782843835281,-0.016588399147293407,0.01363883074300056,-0.08743266502756479,-1.2035461906378971e-18,1.7499906415984309e-19,-0.12046499670970175,-0.0009396562770880758,0.0013531871270033016,-0.14816745142877738,-0.0031928936305367322,-0.0034567174361835504,-0.17262168040482673,-0.007933497194294876,-0.0036432532637957135,-0.08237684777439043,-0.006167086907643183,-0.012202078934198486,-0.11055575232468663,-0.007321832243939771,-0.013583496640888783,-0.1338924519111969,-0.008522440700918323,-0.016286079201327013,-0.15733973950141097,-0.01390313274121621,-0.017808368641906134,-0.06894884109506019,-0.010017996694683532,-0.0255695732076667,-0.09076568989685048,-0.008096788294273726,-0.02933096302957355,-0.1121292309848253,-0.00798843372871115,-0.03186624565425205,-0.13116564115547533,-0.010320935297250831,-0.03316071443630945
0.0,0.0,0.0,-0.02649020347717268,-0.003998085512983054,0.022194435490140153,-0.050880935861217856,-0.005914545747219605,0.042485062916130495,-0.0753040314194509,-0.0024803390818824156,0.055744776701032464,-0.10013841141315291,-0.006081987950311673,0.06069592584115634,-0.08854957277906825,1.1632260623451764e-18,0.01720757226423992,-0.1107962012294957,-0.0038308779561279354,0.021095236583291727,-0.133263310932123,-0.0058615973874321745,0.020651443499755465,-0.1463327745637059,-0.015933582763678615,0.0159322735964657,-0.08763423188473278,3.021918775691497e-18,-2.1096006359422155e-19,-0.1200372835308092,-0.0016749862519538114,0.0013037885539266482,-0.14741442987425712,-0.004576858568489522,-0.0035581742149183764,-0.17119643750484262,-0.009377979475599258,-0.0038784490991120696,-0.08226498229764437,-0.0063295825605743615,-0.011972790318614859,-0.11001004140252546,-0.008576712175062498,-0.013616757206133437,-0.13276847827607854,-0.010377543472810972,-0.016737029046779234,-0.15540860411375884,-0.016465437863909374,-0.018916246886841386,-0.06876814124995423,-0.010128753225175624,-0.025084348109329378,-0.09002027182435121,-0.008529447258849241,-0.029230648713391823,-0.11073784165624576,-0.008836561711011786,-0.03193880074745709,-0.12969822234465386,-0.010548272733601352,-0.033549207453283825
0.0,0.0,0.0,-0.027089141243379366,-0.004148499477428219,0.0223208674801703,-0.05145828934702084,-0.006595597017269146,0.042546887429002984,-0.07611615050992046,-0.0034735827366700316,0.05574861280840031,-0.10098397473731574,-0.006749171771339931,0.060794088489139364,-0.08917625826646398,1.074024771182002e-18,0.017357062625572506,-0.11245765351234528,-0.0034336278467208764,0.02213233257687011,-0.1371883148625427,-0.006034241412932701,0.022135269286041422,-0.15259497850694365,-0.01779409709532567,0.017968217784464585,-0.08838989109772172,2.273056323643794e-18,1.904780869109205e-18,-0.12068287311003925,-0.0029768401111346186,0.0012003487937364379,-0.14761839568615476,-0.007415176162417644,-0.0037191143828951426,-0.17078415569159233,-0.013372621002194354,-0.004243888512332592,-0.08269188233365476,-0.006721320718782098,-0.012153175313911838,-0.11039385084809017,-0.010494383262423202,-0.013964053691510095,-0.13255146948502666,-0.013589956948095165,-0.017337665057421344,-0.15442884064321685,-0.0212460944080094,-0.02008927493727482,-0.06895235883714172,-0.010856241438182559,-0.025172900099238407,-0.09002142498821934,-0.009968331151460903,-0.029626000096810465,-0.11038791509491289,-0.01128018961644214,-0.032438183486381125,-0.1291535367688204,-0.013179176071521683,-0.03424041816894019
0.0,0.0,0.0,-0.027580125596085865,-0.004625418705873445,0.02265294493090555,-0.0520090209341906,-0.007758751766269517,0.042841236292482356,-0.07705490848674659,-0.005379821102287391,0.0560465438203344,-0.10221690939681921,-0.008500228122992072,0.06107579879591186,-0.09022671554418298,-2.4042918030160768e-18,0.017869202507090093,-0.11426506875043549,-0.003939992063728047,0.023176531557516127,-0.14028037671559962,-0.007705721077086275,0.023475549761089922,-0.15670754224970268,-0.021466708771511026,0.019718243423898756,-0.0895363654155738,-2.8876270492339514e-18,-8.684290432899347e-19,-0.12206110799450202,-0.004590077637332665,0.001072554825928113,-0.1484544781882116,-0.011091604609935194,-0.0038876687311180775,-0.17102468383297956,-0.018912294259577828,-0.004626209177450883,-0.08349403244746521,-0.0072431834345274655,-0.012612586987021782,-0.11138771531109246,-0.01275751042484966,-0.014510555405275738,-0.13294095622037416,-0.017564876006585732,-0.017983298269919387,-0.15408491233449842,-0.027297106152526045,-0.021167446400727784,-0.06937807753910934,-0.011955949738213371,-0.0256684966798203,-0.0905357112795494,-0.01202029629904062,-0.030339938767183255,-0.11075568827308156,-0.014682116931632133,-0.03319431871362465,-0.12925858510267574,-0.017342536958171853,-0.035077778693123646
0.0,0.0,0.0,-0.02795058145946363,-0.005277796485642304,0.02308871401491793,-0.05246470872617375,-0.00913094120604742,0.043253206338234026,-0.07793210159710187,-0.007686871373072627,0.056538655667933424,-0.1035221770987188,-0.010784825688707015,0.06146834676177366,-0.09150041291615708,-4.936640922216337e-19,0.018542073163723194,-0.11601859301213183,-0.004949120465996293,0.024117657070075276,-0.14254184989468807,-0.01014662211037206,0.024618378331270587,-0.1590217019694891,-0.025920252901480152,0.021151267778294198,-0.09086304803718148,-4.938608546524195e-19,-3.843721232428915e-18,-0.12375384953122834,-0.006257253078146547,0.000950170940100969,-0.1495480647416847,-0.01494040868939812,-0.0040389547375240115,-0.1715190453450146,-0.024883267173358394,-0.0049627797312854155,-0.08447471012587182,-0.007794459882734687,-0.013191034114221331,-0.11262420492026129,-0.01503305902906992,-0.015122401029003765,-0.1335934335410097,-0.021651246195052827,-0.01859485085970291,-0.15403784368930226,-0.03357892466442013,-0.022057649213146166,-0.06990122947495901,-0.013165785967255934,-0.026354266713014076,-0.09128439773768297,-0.014251370907439782,-0.031162399838214637,-0.11146170169585498,-0.018342305913448362,-0.034021422843816,-0.12967398231572216,-0.022050251406994754,-0.03590791000106739
0.0,0.0,0.0,-0.028215268957672596,-0.005955302480485493,0.023528368383888706,-0.052806517204848503,-0.010462896971392526,0.043661929145034487,-0.07863666821313652,-0.009935975171707528,0.05709405186111287,-0.10466555300504977,-0.013099014682553454,0.06187110501705257,-0.09279911767585951,8.85137073646035e-19,0.01919533319359612,-0.11755702199875231,-0.006089334539472211,0.02487217743879684,-0.1440860133782094,-0.012689674499691455,0.025507419689098018,-0.16007840789820288,-0.030248488506158817,0.022213974821691084,-0.09216593785546931,1.2238905135278863e-18,8.517281397935257e-19,-0.12539232611541898,-0.007777859649211104,0.0008485529604573127,-0.15060251132125774,-0.01844830522046824,-0.00418782608914997,-0.1719811102893645,-0.030413092522589318,-0.005270784401213489,-0.08544849346367386,-0.008298697894176449,-0.013746745367378327,-0.11379409623835307,-0.017067800946372655,-0.015691764033757907,-0.13423415978930714,-0.025358347207454005,-0.019143165053790667,-0.154041141256046,-0.03930755896039718,-0.022760745637995582,-0.07039723983789743,-0.014284533805814448,-0.02703423048368384,-0.0920307695026439,-0.016321179763348938,-0.03192231510541105,-0.11219337190239635,-0.02171763921491489,-0.03478635200602643,-0.13013112390160256,-0.02651871873653894,-0.03664998756475647
0.0,0.0,0.0,-0.02840507513017959,-0.006542506286538339,0.023899228707403065,-0.05305014431153403,-0.011580785423444618,0.04398014357142551,-0.07914585139673429,-0.011806633458847362,0.05759136735486529,-0.10553058764177385,-0.015074230794289666,0.062196870964420684,-0.0939658872915446,-2.1628760595910428e-18,0.019707541664740657,-0.11880629242778241,-0.00708412709209188,0.025398522308067623,-0.14512105462096103,-0.014879282663561786,0.026111539832760666,-0.16047682623060006,-0.03389878320731526,0.022884069447092446,-0.09329232299375512,-2.7016540340169233e-19,2.7540502147286352e-18,-0.12672984767416423,-0.009034477656200288,0.0007747894656893968,-0.15144212440484148,-0.021332347713684367,-0.004349932896523793,-0.1722655373180384,-0.035007087496806685,-0.005580981560598514,-0.08627656383412452,-0.008712394297983466,-0.01418275822389568,-0.1147004004432871,-0.018727071058419125,-0.016147673312184235,-0.13469605521612388,-0.02843082862299406,-0.019618454896488478,-0.15395573056996095,-0.04407276489930051,-0.023311260523013216,-0.07078418306283209,-0.015197832054106788,-0.0275718321391009,-0.0926209480396301,-0.01803447668900987,-0.032511255008913865,-0.11275138500659124,-0.024506367931471554,-0.03541002980083301,-0.13047117822682447,-0.030293590130317155,-0.03727229297461984
0.0,0.0,0.0,-0.028545979681132823,-0.006975519262859582,0.02417204083253533,-0.05321431237612813,-0.012406357457176992,0.044181092522137845,-0.0794917672638779,-0.01314710452111296,0.0579571130593827,-0.10609991937409802,-0.016516913778065197,0.06241070935779065,-0.09490876536548636,1.827406966734961e-18,0.020030829667040013,-0.11977735120421137,-0.007783108147583564,0.025708000895534776,-0.14588090138480858,-0.016514413852462013,0.026452476991947534,-0.1607118822732077,-0.03670364865165151,0.02321206645719761,-0.09417143670838933,1.931145939088251e-18,-3.1593822093174926e-19,-0.1276729100931361,-0.009995860832924296,0.0007361226353177578,-0.1520106751140552,-0.02353477457518197,-0.004507574367195612,-0.1723410700300305,-0.03853881552533763,-0.00587327910740527,-0.08689295805479634,-0.00902260443165627,-0.014455942821653498,-0.11527775164246597,-0.019994042915182357,-0.016454542073061584,-0.13492195090685727,-0.030833000149289375,-0.019999456648314793,-0.15372784695459307,-0.04780932998458281,-0.023718400795317913,-0.07103557848811931,-0.01587201365908948,-0.027906072839233596,-0.09299638491147506,-0.019337639261057995,-0.03288423966367056,-0.11305572491388279,-0.02664202411377247,-0.035850413043159904,-0.13063564667027908,-0.03324326283195755,-0.03775063836177522
0.0,0.0,0.0,-0.028642386425545115,-0.007240893511869797,0.02436167744365193,-0.05329822052426824,-0.012949436855401848,0.04430042569708677,-0.07972182305180851,-0.013961646473378393,0.05818016023777268,-0.10642008882107903,-0.01740468065045603,0.06253980198945173,-0.09560744060252295,-4.994146185125144e-18,0.020186877157277284,-0.12053510425863957,-0.008165178581617832,0.025856558918664434,-0.14654517653535018,-0.01762668226984082,0.02660270541988366,-0.16104546106379306,-0.03880933742535846,0.02331642425108277,-0.09482124651524781,-3.2607322590900715e-18,-3.2569833561325348e-18,-0.12827369399309363,-0.010704843914737708,0.0007429462054349232,-0.15234873041549382,-0.025177873538542433,-0.00460401722661307,-0.17225395640860036,-0.041175913672370335,-0.006060150081552329,-0.08731226892220743,-0.009240428335574955,-0.014572371605866934,-0.11558219600291483,-0.02094556691993536,-0.01660615372466438,-0.13494899567726695,-0.032695310395702074,-0.020242897344356095,-0.15336625855786112,-0.050710762871236194,-0.023942717148651062,-0.07118012227871359,-0.016336238946395295,-0.02804828707895504,-0.09318651459152688,-0.020290609164854537,-0.03305009255913479,-0.11313089590910559,-0.02824590952657739,-0.03608896629959533,-0.13064311928079267,-0.035497431476149276,-0.038047511696259674
0.0,0.0,0.0,-0.028672894566859723,-0.007361909381605064,0.024512196180781817,-0.05327809297604426,-0.013279574224677857,0.044414872002505636,-0.07987129649727762,-0.014367788217492985,0.058300739292559245,-0.10656486011759936,-0.017849240056341246,0.06265329949785786,-0.0960988549294161,-5.167517284084192e-18,0.020246690566208363,-0.12115038147787545,-0.00832042226563961,0.02592014454285098,-0.14716735421034058,-0.018417796539335257,0.026658087042257386,-0.1614343332804543,-0.040547904547961755,0.023345955957041257,-0.09532392160707451,-4.158726203584647e-18,1.1865756022271796e-18,-0.1286836801034564,-0.011249700473658046,0.0008072923340832945,-0.15255768342103362,-0.026483729912445735,-0.004560792833946951,-0.17209605004843304,-0.04325636451801774,-0.006014214358126159,-0.08761035401627819,-0.009391372061143467,-0.014573475127654454,-0.11575228865128973,-0.021704901027847678,-0.016615826093448895,-0.13488084848681403,-0.03422846373217688,-0.02028982023909408,-0.15292972816894565,-0.05309657007389348,-0.023905236092899306,-0.07128420397096735,-0.016658431284796767,-0.02806164443017904,-0.09328310058168218,-0.021020187919000104,-0.03305338537651113,-0.11307616317182768,-0.029545260841192723,-0.036121900698956246,-0.13056346716561748,-0.03734397944309817,-0.03811373218471929
0.0,0.0,0.0,-0.028597703714962695,-0.007382621607337257,0.024674432039354485,-0.053119048083914516,-0.01348928861113666,0.04460910749001641,-0.07995043780717026,-0.014542875013522357,0.05838718839239835,-0.10660350272374094,-0.018043487956578334,0.06282803772719578,-0.09644580130190339,4.415099931129284e-18,0.020300902464846445,-0.12164630548042872,-0.008418596544838569,0.025967959442081977,-0.14762292466932966,-0.019173368805043875,0.02670533563572223,-0.1615166609707167,-0.04228149517439206,0.023433121358110095,-0.09577768031062632,4.880839001196052e-18,1.7935043834254564e-18,-0.1290821184386357,-0.011724186305835304,0.0009390097651946165,-0.15275639609839614,-0.027669925226530785,-0.004305750403584124,-0.17197862613870976,-0.045129470860843394,-0.0056196731587172255,-0.08788470881169667,-0.009503282527397374,-0.014518380674010631,-0.11595150343224699,-0.022380295045236302,-0.016506503544084238,-0.13485259485608836,-0.035614976956878104,-0.020084095793214334,-0.152522107104459,-0.05524732263846092,-0.02352134950807212,-0.07142193938552839,-0.016916417590450768,-0.02803231511573365,-0.0934017742214907,-0.021659006220645854,-0.032954315082393056,-0.11302854836518225,-0.03076385370179084,-0.03595747806052906,-0.13049378475626186,-0.03908834811471661,-0.037906305163503726
0.0,0.0,0.0,-0.028371134303053023,-0.007357051591180668,0.024886496774087385,-0.05279246759848055,-0.013663458369042543,0.04494485678223423,-0.07994159780522306,-0.014677625006415606,0.05851693494568386,-0.10658046354907348,-0.018212188575510498,0.06312142963466583,-0.0967037974845151,2.299176036031609e-19,0.02043142763674103,-0.12195732043697424,-0.008672192199262135,0.026046429170805227,-0.14759381156038726,-0.020172980315145347,0.026798378827633983,-0.16065970246673464,-0.044254496088520376,0.023649748250981165,-0.09624774415329132,2.8641776046717255e-18,5.05024912018949e-18,-0.12960736270319706,-0.01219199486426307,0.0011415569119988046,-0.15304220956167922,-0.028857933567862426,-0.003802186205159817,-0.1720116774768396,-0.0470144039738806,-0.004825098062894675,-0.08821391462684333,-0.009596315663011976,-0.014467750385146038,-0.11631295043569098,-0.023013345173581678,-0.016305373585559252,-0.13499749161545094,-0.036916783558994845,-0.019598379651645837,-0.15228877631961107,-0.05726526918056908,-0.02274724532833025,-0.07164601527008885,-0.01717191004354428,-0.028042473161362887,-0.09364376763910161,-0.022290361483978213,-0.03281361810882549,-0.11312887686529659,-0.03202217510745732,-0.03561992367180825,-0.13053826293712337,-0.040919835454285076,-0.03741288691640209
0.0,0.0,0.0,-0.027953872437021382,-0.0073427384861652015,0.02516349660841884,-0.052291424343606153,-0.013861701703375723,0.04544320156653869,-0.07980535481329083,-0.014939021915990548,0.05876654784352,-0.10651098589129053,-0.018572093548006992,0.06356251550359612,-0.09690241588557715,-7.016394246565912e-18,0.02069386624194854,-0.12192155780139542,-0.009296838081917934,0.026176253319389876,-0.14660888793161328,-0.021614548792279878,0.026942924071658374,-0.15807718478960084,-0.04648955565957658,0.02396729021729424,-0.0967393330655871,-5.982636864006333e-18,1.8850921401710936e-18,-0.13031876828796946,-0.012667664902624923,0.0014077220574383717,-0.15347258592248517,-0.030029485822657784,-0.00307016560497226,-0.172294823759135,-0.04893036594364072,-0.0036759625480225207,-0.08863323672350466,-0.009679527069146264,-0.014473035618275112,-0.11690791739825039,-0.023558927502602578,-0.0160449295835029,-0.1354270230010218,-0.038038865599778635,-0.018856395572334855,-0.1524119949434767,-0.059019261901349616,-0.021615381062997745,-0.07197100237317162,-0.01745744780083851,-0.028152200448342712,-0.09407209352579164,-0.02292280209203458,-0.03268450161379113,-0.11350033665036077,-0.033292000880650686,-0.03515589551533245,-0.13079588359963412,-0.042844073967432755,-0.03666879064391315
0.0,0.0,0.0,-0.027323979109102513,-0.007396258463694323,0.02549859759226381,-0.05163950763906068,-0.014113589632511463,0.04608305049562308,-0.079493826331701,-0.015441444780180726,0.059204855085985976,-0.10638985152750019,-0.019298310693491038,0.06415548719071608,-0.09704440217534359,5.0691523522544306e-18,0.021112725162938314,-0.12131248364710509,-0.01047307532669012,0.026354012158501947,-0.14414379228083957,-0.023574659279406003,0.027085092502422612,-0.15300645789922557,-0.048769645334635944,0.024229740159603854,-0.09719844782745564,4.155115110204071e-18,3.0742153216004544e-18,-0.13119266996192508,-0.013118396032627636,0.001715826071718491,-0.1540644029703624,-0.031045469000965102,-0.00219312114251277,-0.17291208710248082,-0.050716612533795655,-0.002316752271854674,-0.08912888545038422,-0.0097542647045101,-0.014570762684168083,-0.11773852305748658,-0.023904022115232494,-0.015766960951314794,-0.1362182768782378,-0.03876273210852795,-0.017939876019174548,-0.153088762384338,-0.060193013895621275,-0.02024066365110645,-0.07237006095086392,-0.017777823404243637,-0.028391174203492513,-0.09470245342659281,-0.02350195438573164,-0.03260785681312232,-0.1142351621844082,-0.0344205914776742,-0.034635629425314896,-0.1313496792432387,-0.044702821125623335,-0.03575718064540822
0.0,0.0,0.0,-0.026485095382599973,-0.007569213080404851,0.025872660791180238,-0.05088834659719408,-0.014423859307906054,0.046812440647190784,-0.07896571246037078,-0.016231974824747156,0.05988262413758979,-0.10620584646958338,-0.02049641942007765,0.06488564855396918,-0.09711572085100871,-1.7086618555140794e-18,0.021686195143010595,-0.11990178031876607,-0.012315933858927547,0.026552191776737805,-0.1397617696929515,-0.026015889586306136,0.027113125040217463,-0.14491303309546474,-0.050721030920283156,0.024168304016341215,-0.09753375259678193,1.5453801254277684e-19,-7.487132051517185e-19,-0.13214093339621266,-0.013483514452303653,0.002029678979078969,-0.15479750260648725,-0.03171223893543214,-0.0013027130611537332,-0.17391762380012937,-0.05211555501211155,-0.0009588862679464255,-0.08964713807715789,-0.00981966669006739,-0.01478058068697697,-0.1187443619159782,-0.023915011300962536,-0.015521521596963893,-0.13739697533936113,-0.03882937412654462,-0.016972423820998516,-0.15447736212291227,-0.06040471472189476,-0.018790566252440525,-0.07278274401333795,-0.01811843008690566,-0.028758966964265237,-0.0955031157240964,-0.023945738018092737,-0.03260768832188498,-0.11538079265453664,-0.035201501114408694,-0.03414172114531861,-0.13224962450796862,-0.046252138333010916,-0.03478955277156929
0.0,0.0,0.0,-0.02546897274971136,-0.007903448816956359,0.02626570669613394,-0.050102954082268336,-0.014782910284163269,0.0475686373548004,-0.07820014739334916,-0.017295675338808273,0.06082036934971682,-0.10595550513536561,-0.022184766015539363,0.0657246781593407,-0.0971036927481792,-2.1354907066286903e-18,0.022396147849757752,-0.11754265976845786,-0.014852435270999569,0.026723622937825656,-0.13326784891342086,-0.028821583825970384,0.026887577639114,-0.13368481330192,-0.05195310614512134,0.023484498858940245,-0.09765538777866196,-2.7076562151861057e-18,3.7297995229313447e-19,-0.13304909734999928,-0.013702003483119157,0.0023050620420467524,-0.15562566977853165,-0.03186130481533193,-0.0005391715577109169,-0.1753198414395274,-0.052876947297166646,0.0001842471301017756,-0.0901193103807381,-0.009875949054946615,-0.015108524764907885,-0.11982393426976112,-0.023495018528976723,-0.015357035672733322,-0.13892366024700728,-0.038040676201260164,-0.016082284280103602,-0.1566308736983805,-0.05935279987738166,-0.01742544195626318,-0.07313568762390946,-0.018455804617351124,-0.0292353534442893,-0.09640776846268773,-0.024184139914996294,-0.03269038766721849,-0.11693176458142931,-0.03545851664988055,-0.03374858013684464,-0.1334984963047619,-0.047259835612801934,-0.03387173650708461
0.0,0.0,0.0,-0.024333853236819823,-0.008421746248104111,0.02666247663123031,-0.049342981581497615,-0.015173395322510982,0.0482978352734333,-0.0772084090350454,-0.01857160130851425,0.06200006167490408,-0.10564873032038567,-0.02428736449200177,0.06663240569436847,-0.09701697429323493,-3.2771184620046658e-18,0.023215848958826064,-0.11424286711866148,-0.0180012569382282,0.02681334838821974,-0.12482662127871676,-0.03182153317460184,0.026292109626997382,-0.11976001534086608,-0.05217877607156804,0.0219721951813707,-0.09751716751937425,-2.836087250521174e-18,-2.3301463784839506e-18,-0.13381845095193712,-0.0137387456215497,0.002499738694482983,-0.1564916377514531,-0.03141305510440551,-8.947428873304245e-06,-0.1770671874733178,-0.05285148376620222,0.0009622965943965881,-0.09049296530092771,-0.009925175719054283,-0.015552932085942274,-0.12086389756581957,-0.02263149253685414,-0.015307857030576398,-0.1406900524699706,-0.0363481917886816,-0.015367056719075848,-0.1594459414176428,-0.05694740270993894,-0.01624649520031594,-0.07336841638836523,-0.018767315378737156,-0.029795785158919126,-0.09733791527025722,-0.024188030645960246,-0.0328513901982641,-0.1188292152323946,-0.03511286211794413,-0.03350619641916465,-0.13504724648070865,-0.047587412644630615,-0.03307645850051142
0.0,0.0,0.0,-0.023160439561354194,-0.009110714171226064,0.027049669241859232,-0.04865196736271389,-0.015566350966121289,0.04896350932743443,-0.07604068490150398,-0.01996083670856283,0.06336268307561718,-0.1053039355007847,-0.026634612286388134,0.06755460305634947,-0.09689454049308172,2.247089846580308e-19,0.024110035272769975,-0.11018964941430755,-0.021553766496129435,0.026772795098502583,-0.11498904064867166,-0.034783729120363836,0.025283103831807315,-0.10413315083630786,-0.051254091093278054,0.019623865466634013,-0.09713883817043413,5.994494520099933e-19,-2.0777871424437817e-18,-0.1343889707363559,-0.01360054266987749,0.0025827617514139964,-0.15733682170792399,-0.03040787114088738,0.00023564823233985493,-0.1790380591722401,-0.052050827796172115,0.0013170758756382496,-0.09074944669902868,-0.009972024584267587,-0.016105708794681498,-0.12176254552878811,-0.02141706011027454,-0.015386375451712012,-0.14253066262196737,-0.03390092927507484,-0.014881122733650427,-0.16265697068561122,-0.0533889370656327,-0.015284890198670424,-0.07344914315427374,-0.019037271122168138,-0.03041928122221715,-0.09822064903915077,-0.023981597926482162,-0.03308289700355308,-0.12096276413641265,-0.03421784064348173,-0.03343533269910422,-0.13679622482677103,-0.04723670849604633,-0.03243743732956523
0.0,0.0,0.0,-0.02204114658582538,-0.009907327657500657,0.02741431422921291,-0.04805945230438868,-0.01591558521734276,0.049547291730449625,-0.07478690760055028,-0.02133098207500491,0.06481613107940074,-0.10494494280621337,-0.028986657225237966,0.06842994542397235,-0.0968019566439637,-8.035778337473342e-18,0.025033860785863025,-0.1057246032970996,-0.02518408660052847,0.026577923826363058,-0.10460116075488583,-0.03740583073328854,0.023926864560955517,-0.08818904837889652,-0.049159362258803636,0.0166841034504594,-0.09660254367705874,-7.53215186442781e-18,5.992360959299908e-19,-0.1347554300119175,-0.013330812388946617,0.002545768819645298,-0.1581249249486043,-0.02899061195564792,0.0002030285952053747,-0.1810697623231661,-0.05064867320614249,0.001284944662989298,-0.0909057457858117,-0.01002568503549137,-0.016747737017869642,-0.12245598661140475,-0.020031167706143542,-0.015580831247578551,-0.14427245715474465,-0.03102645236419959,-0.014638401109913823,-0.16591356080507733,-0.04915081323452511,-0.01452005665317798,-0.07338189572376581,-0.01926185499472972,-0.03108427410697409,-0.09900501148927851,-0.02364298461061571,-0.033373149122832284,-0.12319097136111568,-0.03295893525578063,-0.03352698660686712,-0.13861284924703532,-0.04636392982594854,-0.031952560510539935
0.0,0.0,0.0,-0.021061236307145514,-0.01070473374997248,0.02774852754685526,-0.047589679526780566,-0.016161727322754744,0.05004749323172535,-0.07356735834104301,-0.02253459107337628,0.06625559858310939,-0.10460521473061862,-0.031090125336279823,0.06921407206120386,-0.0968176102404493,-5.083513958019262e-18,0.025937497146634445,-0.10128448934784028,-0.028518903694995018,0.02625287965205667,-0.09461783177019192,-0.03937668641469182,0.022404122434493946,-0.07338318896591975,-0.04601557142450378,0.013595899216855278,-0.0960313823735775,-4.996527368794734e-18,4.219529004734883e-19,-0.13498261005949944,-0.012984516602905527,0.002415197396609873,-0.15887508955978794,-0.027356692407292257,-3.817769607193828e-05,-0.18302486904842288,-0.048924218280029914,0.0009818685393855168,-0.09100998807152692,-0.010100336220984845,-0.01744426748113722,-0.1229458832390717,-0.018684152876429647,-0.0158592255419648,-0.14580478170823538,-0.028140041656418268,-0.014619070599297058,-0.16891088654114986,-0.044852630392567115,-0.013908109612399158,-0.0732118472566915,-0.019452800964679884,-0.03176159139485614,-0.09967932668526383,-0.02328993282286342,-0.03369751695924338,-0.1253815414647467,-0.031615045984682164,-0.0337423444915554,-0.14036768081025539,-0.04525839235664357,-0.031588422364668155
0.0,0.0,0.0,-0.020282209046552837,-0.011382796767195932,0.028051159932767723,-0.04726492489487585,-0.0162527093531737,0.050469764460230666,-0.07250707841177559,-0.02344643810807783,0.06758139508571916,-0.10432639819550873,-0.03274785355028605,0.06989377394159248,-0.09700547787901173,-5.738986592598445e-19,0.026773428364710226,-0.09732026889128549,-0.031244566828418988,0.025879257192656106,-0.08590862887137389,-0.040500609844003506,0.020959412883082562,-0.06092458910525626,-0.042146639221443606,0.010831394264794444,-0.09555485793705708,1.5890362689347874e-19,-2.5129018634422144e-18,-0.13519456803308647,-0.012604073310490679,0.002251555862614815,-0.15966238732387777,-0.02569501295892028,-0.00038077380628178244,-0.18483586268535102,-0.04717871752763764,0.0005577306124694094,-0.09112875724883403,-0.010209511178568905,-0.018146741679870237,-0.12330003882217828,-0.017551721527785606,-0.016177667212040524,-0.14710504868314092,-0.02562217698706696,-0.014779653794254508,-0.1714722066481476,-0.0410792640733743,-0.01341604002729018,-0.07302093244878875,-0.019630984486863907,-0.03241545944928101,-0.10027370077681155,-0.02304393395664854,-0.03401545621925353,-0.12743650550062322,-0.030481383632318594,-0.03402140278502229,-0.14196087454468284,-0.04426920143041986,-0.03129925537088625
0.0,0.0,0.0,-0.019735926901423614,-0.011849397666417997,0.0283196300175127,-0.04709843642872749,-0.016172904804995968,0.05081098239003285,-0.07170401489969713,-0.02400497602680635,0.0686973200368582,-0.10414586036986029,-0.03386664972564931,0.07046442247213497,-0.09738178185052584,1.1447547725421584e-18,0.027501767261330544,-0.09421690209307407,-0.03318876543250912,0.02556202119463463,-0.07913115690117137,-0.04078814803112893,0.019804130705152943,-0.05159507212795191,-0.03808625912135464,0.008711540593773968,-0.09527073630598744,2.5869083990894247e-18,-9.462759037084319e-19,-0.13553181160470462,-0.012211145186836206,0.002128494122016721,-0.16057767050392616,-0.0241489806525091,-0.0007192865761503658,-0.1864986198202988,-0.04565028135861428,0.00013358330768813354,-0.09132410877414106,-0.010354038153129153,-0.01880173340917104,-0.12361906006586437,-0.016732140632296947,-0.016490194905104116,-0.14820641279969335,-0.023721924870382344,-0.015063145861293247,-0.17354312598488192,-0.0382283660617939,-0.013044553346849631,-0.07290737123726751,-0.0198075676682781,-0.03301417496266519,-0.10084292686715424,-0.022983554852896007,-0.03428270768724765,-0.12928702882542858,-0.029777030647159513,-0.03430004578471777,-0.14332362984816444,-0.043690738040254834,-0.031055965713449426
0.0,0.0,0.0,-0.019428805090114822,-0.012063298893058958,0.02853847455231149,-0.04708718797948051,-0.015950442205326695,0.051046716822885835,-0.07121208756417505,-0.024220784189568682,0.06950139141155026,-0.1040838706258365,-0.03444922199534793,0.07089961095284938,-0.09789607052207261,4.660151399843126e-18,0.028088125722665096,-0.09224016634889438,-0.03432976036049134,0.0253680483108253,-0.07468351858010737,-0.040440783371077565,0.019032688298294267,-0.045724077945982884,-0.03447268182575665,0.007332224459226892,-0.0952165867834165,2.8201580023122236e-18,-1.4345399417829951e-18,-0.13608845103366946,-0.011808491323464248,0.002102166485957791,-0.16166607355471838,-0.022797606587477495,-0.0009850571702449417,-0.18802187883204108,-0.04445448242511499,-0.00023653444329946774,-0.09162604271089007,-0.010512591309602326,-0.01935901096027888,-0.1239854790708528,-0.01623542532017396,-0.01675886676665997,-0.14914218471015167,-0.022518835037299876,-0.015406623158663816,-0.17513071236859057,-0.036442729032220116,-0.01282157211891472,-0.07295288093081652,-0.019968733815098727,-0.03353754932344652,-0.10143264050128009,-0.02311163906311311,-0.034464752776256956,-0.13086720548910857,-0.02957509598905181,-0.03452306683263098,-0.14440355352716375,-0.043659863805195945,-0.030858885712374037
0.0,0.0,0.0,-0.019352720111595962,-0.012030156632540747,0.028674901465415386,-0.04721585319162199,-0.015634737459598376,0.05113129123743649,-0.07104905534699246,-0.024140103975622704,0.0698924460105193,-0.1041426001014388,-0.034536121203669556,0.07114921323479088,-0.09843910642729316,3.234185562223246e-18,0.02849401377560801,-0.09151785888315472,-0.03474064066397107,0.025290845484528927,-0.07271928277774493,-0.03974663599687708,0.018614153488157176,-0.04328624575732064,-0.03188217335095647,0.006618049820741715,-0.09535965758792102,2.189546394680697e-18,-4.023390088668763e-19,-0.13685535912227,-0.011383326082380595,0.002187221646447429,-0.16287236439160033,-0.021656794822262244,-0.001160700928217668,-0.18936591356622257,-0.04357097130377856,-0.0005637788502653178,-0.09201020331956437,-0.010643123047543872,-0.019772863648703554,-0.12441715924924691,-0.01599723566031335,-0.016960369111531138,-0.14990075237570338,-0.021940791312436564,-0.015750376200553733,-0.1762365847799533,-0.03563194534861587,-0.012782057758010243,-0.07318798727227908,-0.020076101122022565,-0.033969619373923336,-0.10204037489506512,-0.023351467357500422,-0.03454105588838144,-0.13208620141406133,-0.029781914115580482,-0.034653148206241775,-0.14515084277451698,-0.044109107186719045,-0.030732800864334178
0.0,0.0,0.0,-0.01949688843063283,-0.011785779336293687,0.028686671990962694,-0.04746954520797039,-0.015266445412169908,0.0510129383838384,-0.07121885922259431,-0.02379503649827178,0.06979339152476402,-0.10431596939597912,-0.03414193051121462,0.07116126891271542,-0.09887519764082985,-6.865666832521873e-19,0.028671391408361738,-0.09204927364261928,-0.03451144813670374,0.025266045921252214,-0.07320654816665058,-0.03895382022510798,0.01845392030098625,-0.044068911639439316,-0.030686105676666516,0.006437581049627864,-0.09561080304569901,6.435252851295508e-19,-2.220321529876613e-18,-0.1377073609268005,-0.01091322235814169,0.0023529065329972107,-0.16403107299023684,-0.020700358447929147,-0.0012717480191593823,-0.1904175244371382,-0.042872466561896305,-0.0008974043001085937,-0.09239553025027109,-0.010695158262154742,-0.02000109645197831,-0.1248538669163533,-0.015911167081047378,-0.017086015826684293,-0.15041610025469057,-0.02182143070988879,-0.016047974800596096,-0.17682704112054198,-0.035552296347366744,-0.012955298293593496,-0.07357564114578422,-0.020079268713046397,-0.034284658296512886,-0.10260074113251673,-0.0235721320802362,-0.03450615713465896,-0.13282694585236846,-0.030175999347803576,-0.03468045912094217,-0.14552282825161617,-0.04479250584716775,-0.030719961253267678
0.0,0.0,0.0,-0.01985584252536877,-0.011378967232081962,0.0285386500011127,-0.047845599418722566,-0.014858538061400091,0.050656409462169545,-0.07172913725808228,-0.023173937687096923,0.06917700043952196,-0.10459965239413561,-0.03322441241368641,0.07090782535905156,-0.09908932276821145,-1.3807048734174327e-17,0.02856963467550277,-0.09373385037475142,-0.03368629583083412,0.025215329797957202,-0.07600645305166816,-0.038169389942394785,0.018467612436196025,-0.04784399863083279,-0.030963271685105802,0.006697507797241219,-0.09586127952069917,-1.0161821001155609e-17,-4.0236072605782517e-19,-0.138445756669946,-0.010378394306807915,0.0025378941439761194,-0.16491381273205555,-0.01989255681365574,-0.0013655017229533648,-0.19101654075499577,-0.042180478537188724,-0.0012928957161716566,-0.09266931757489126,-0.010628037479622626,-0.02000851199996531,-0.12518377527370494,-0.015871043401162205,-0.01713839074015604,-0.15059385682074206,-0.02197592296666141,-0.01627502043235127,-0.1768457920802276,-0.03590879757370737,-0.013361282803761549,-0.07402416172630226,-0.01993415304431477,-0.034441619125869655,-0.10300497246265428,-0.023634736068133582,-0.03437146244745482,-0.13297443681150561,-0.030493230251185676,-0.03462761679194834,-0.1454992372577641,-0.045369163201425346,-0.03087113686284806
0.0,0.0,0.0,-0.020430590962164003,-0.010859662278783065,0.02821630609609978,-0.048354769746981094,-0.014398054233295052,0.050058951685450326,-0.07258858313051217,-0.02222930333877906,0.06807819893879494,-0.10499063207637574,-0.031707500007651844,0.07039659145126766,-0.09902921033967794,4.973736724908472e-18,0.02815117864751878,-0.09640267253450886,-0.03223976575028492,0.02508449460288979,-0.08093389401396318,-0.03730952373673801,0.01861864754650463,-0.05447168090180168,-0.03246551084704094,0.007370990990774977,-0.0960274467382999,5.851150001539054e-19,1.1236567479067472e-18,-0.13887157014630827,-0.009778311075676227,0.002669414540049519,-0.165311655476335,-0.019215996621445342,-0.0014945457927148078,-0.19101625180042053,-0.04132962778438851,-0.0017912229343176596,-0.09272958879923335,-0.010427538656019605,-0.019777136504580562,-0.12528841697171955,-0.015810014637867766,-0.017130073181983813,-0.15034991183956534,-0.022267957493137577,-0.016438425186451472,-0.17624355837676922,-0.03644783374790101,-0.014011870594854975,-0.07442132791159603,-0.019621004821692666,-0.03439446260070403,-0.10313863930390023,-0.023441184390464054,-0.03416741392123094,-0.1324509752795182,-0.03051930299549942,-0.0345464458090312,-0.14508475147354175,-0.04550334655477942,-0.031230105092477166
0.0,0.0,0.0,-0.021220186649942487,-0.0102747728832816,0.027729084686656972,-0.04900572707631632,-0.013865520090828629,0.049252963256937156,-0.07377957752251368,-0.02091895699626924,0.06658682925306113,-0.10546880031833476,-0.029548665158625927,0.06966696435269307,-0.09871716544147897,8.755063433443455e-18,0.02740892188513576,-0.09983239366548746,-0.030107422756725895,0.024860502605291598,-0.08775859037765185,-0.03612917774013932,0.018909989983767663,-0.06387115363046879,-0.03465867555008757,0.008458778670587312,-0.09607792564719271,7.864775143807808e-18,-2.1876763996885723e-18,-0.13885083462184034,-0.00914230484513457,0.0026817845200297168,-0.1651083872926437,-0.01868011059547485,-0.0017062269996977045,-0.19034174735871015,-0.040216588135575694,-0.0024054842251018246,-0.09252317632602068,-0.010113640848798126,-0.019318315715721793,-0.1250817794608839,-0.015722086626193628,-0.017084470077362083,-0.14964071214215907,-0.022641883093975485,-0.01658107084399707,-0.17500200402883917,-0.03701121350120532,-0.014909831791824792,-0.07467291351243077,-0.019155014560904415,-0.034113635618112946,-0.1029184608636676,-0.022964056782464645,-0.0339417234018257,-0.13124266362038325,-0.030149761986575933,-0.03450536748468303,-0.14429537608258075,-0.04494683589067726,-0.03181495970674436
0.0,0.0,0.0,-0.022205053174372047,-0.009667444125511166,0.027108917139331095,-0.04977987122147421,-0.013258934943883131,0.04829994394844132,-0.07522339228703483,-0.01925600331836138,0.06483101384037045,-0.10597549183670343,-0.026812090578667985,0.0687846403683926,-0.09822495003371186,2.9455271578597213e-18,0.02638045175057749,-0.10374006841697378,-0.02726021142789712,0.02457339105771636,-0.09614180564318026,-0.0343368719872435,0.01935515580532185,-0.07585773324416054,-0.036858719913204226,0.00992402580901929,-0.0960294548457247,7.850899865167725e-19,1.39233163578002e-18,-0.1383463813122736,-0.008527382100518073,0.002537082146042282,-0.16430661443097033,-0.01831441263241584,-0.0020291534848268697,-0.18901179116394945,-0.038827501552272534,-0.0031071689357008124,-0.09206259779553269,-0.009736077122914976,-0.018676836147912722,-0.12453439352089171,-0.015656322907056316,-0.017032621530548596,-0.1484808182936515,-0.023110588715142658,-0.016769182251923278,-0.17314995717038156,-0.037544042891294156,-0.016038232367250684,-0.07473129764577544,-0.01858467420562322,-0.033604406019792164,-0.10231758939527692,-0.022247941771144055,-0.03374600793791412,-0.1294140072447301,-0.02940443542523318,-0.03456373617542698,-0.14314509476401832,-0.04359889363417696,-0.03259975403881025
0.0,0.0,0.0,-0.023332695011277067,-0.009075517250732081,0.026409016657035787,-0.05061794530625622,-0.012608780271991298,0.047281528260819425,-0.07677145051590252,-0.01734019330480977,0.06296212198612464,-0.10641994607988359,-0.023704982091984756,0.06783924226217196,-0.09763546398392196,-6.121667740780231e-18,0.025152873645687947,-0.10778521897366573,-0.023786390476135306,0.024292595657806317,-0.10556198032007677,-0.03175235074061802,0.01996224567914018,-0.08993649716747473,-0.03843640073488996,0.011661656639216415,-0.09592255920927598,-6.1744226416629964e-18,-1.7224857136120577e-18,-0.137415672351677,-0.008006209772038695,0.0022403498532326386,-0.16300868653044576,-0.018160902040661665,-0.0024598511397370864,-0.18712829050304824,-0.03725483321438684,-0.0038220404138595925,-0.09141824844570981,-0.00935965170034457,-0.017924376617758333,-0.12368220532730756,-0.015688943932609466,-0.017003999514278455,-0.14694837629295074,-0.02371615532195042,-0.01706276964012392,-0.1707791945708515,-0.0380730076807206,-0.017343325629025803,-0.07460508165753231,-0.017980472545904704,-0.032911909532487904,-0.10137575997670688,-0.02139159113053715,-0.03361493896031554,-0.12711022682821707,-0.028409425949776523,-0.03474339996072388,-0.14165224781739333,-0.04154695131715893,-0.03350262598758586
0.0,0.0,0.0,-0.024519475729585655,-0.008531368829585747,0.025698565085859822,-0.05143523121856632,-0.011975446797629442,0.046287398089273686,-0.07824203188955689,-0.01535616641882921,0.06113997466095054,-0.10671982852691753,-0.020554377655374607,0.06693474213582065,-0.09701871461053127,8.147442852080786e-19,0.02385048275278878,-0.11160950758160748,-0.019936282644750003,0.024111147716756456,-0.11530517589737292,-0.028437347936815936,0.02073626032027054,-0.10518533015450328,-0.03902202338270864,0.013528823514307241,-0.09579547283733476,8.570560485841206e-19,1.1251413402682808e-18,-0.136183785565924,-0.007647254507824798,0.001837701497017021,-0.1613781273358953,-0.018260416080901516,-0.002959001279933665,-0.18486124700252715,-0.03568566225010136,-0.004448145554921373,-0.09068882921614205,-0.009044243716480138,-0.017145645445170866,-0.12261452568272715,-0.015886531571160312,-0.01701756343375735,-0.14517278886265533,-0.024485549838823326,-0.017486078889506984,-0.16805411839237294,-0.038662573721442724,-0.018725827569710904,-0.07434414986013374,-0.01742018719705706,-0.03211127119189265,-0.10018863545247296,-0.02052353114235615,-0.03355282023345784,-0.1245394915742982,-0.027355702046328534,-0.03501983856187286,-0.13986705850665704,-0.03906317840588764,-0.03439701715610426
0.0,0.0,0.0,-0.025669064013138662,-0.008063525784035613,0.025051363907483474,-0.05215591357231789,-0.011428839168552687,0.04540015093491153,-0.07948450793038922,-0.013531792768081103,0.059510894455403,-0.1068495602077805,-0.017725363475461726,0.06616599242568007,-0.09642859780564293,-2.9390127963271997e-18,0.022607878177154,-0.11491257957221226,-0.01609271584898928,0.024111918834237616,-0.12456228423108177,-0.024723209888024913,0.02168164666903639,-0.12033202770512204,-0.038616192017040474,0.015413847681977948,-0.09567012114338777,-1.9288993267577066e-18,1.1224306299597297e-18,-0.13481052108593372,-0.007486583294944244,0.0013980951068597244,-0.15960732129832017,-0.01861993411130822,-0.0034612296546776113,-0.1824413448440026,-0.03433164344567998,-0.004893118897987191,-0.08996739610065867,-0.00882644057659894,-0.01642130804275705,-0.12144968428844481,-0.01626989838089261,-0.017078397874432966,-0.14331266575466287,-0.025393429668783017,-0.01801446463565636,-0.16520665568753462,-0.03935417112396202,-0.020054823322081545,-0.07401358114839264,-0.016970627040548306,-0.03128887332100371,-0.0988854188176064,-0.019769747703849296,-0.03353795991391965,-0.12194115945678816,-0.026434302843989493,-0.03534022147337301,-0.13790371748763855,-0.036526401530773515,-0.035154723019648955
0.0,0.0,0.0,-0.026697906663506746,-0.007691252818839647,0.024527271296448293,-0.05274001843627386,-0.011014261089166852,0.04467731624482956,-0.08042627161450473,-0.012053061842427153,0.058178115917913706,-0.10685221162384403,-0.015493086863450052,0.0655892197354964,-0.09590672190788331,1.2512361687934945e-18,0.021536292221060408,-0.11751613740229948,-0.01265550587204994,0.02432702250652764,-0.1326054573199217,-0.02108000849453605,0.02278741937360676,-0.1340486608928797,-0.0375049981737294,0.017275133546338556,-0.0955499460346079,1.1242988081744751e-18,-2.610906885890657e-18,-0.13345577265006695,-0.0075052548137492965,0.000989528686775348,-0.15788899432926826,-0.019170945118925867,-0.0038989322490007323,-0.18013298601804603,-0.033311951420937486,-0.005114031949523214,-0.08931926528206893,-0.008711425817405461,-0.01581158021655455,-0.12030509105621369,-0.01679366227218294,-0.01717845495231988,-0.14152884401459023,-0.026340840355889194,-0.01858685125860248,-0.16250167708691118,-0.04010138903444835,-0.021206859621432563,-0.07367157477231473,-0.0166674298265472,-0.030522691503857998,-0.0976023109913601,-0.019212010925349687,-0.03353994555214331,-0.1195449741571544,-0.025758904781612017,-0.03565390948436403,-0.13593952261433714,-0.03427244621101004,-0.03570024125163937
0.0,0.0,0.0,-0.02755426727280751,-0.007414097925839999,0.02415428456826833,-0.053185346542487716,-0.010730945755063446,0.04413836585918559,-0.08107263440208795,-0.010992003633294962,0.057182455378983206,-0.10680178977994916,-0.013949347391716575,0.06521244010727903,-0.0954818259111469,-3.14648955238909e-18,0.020696191074317857,-0.11937857564373419,-0.009904672001400276,0.024722955330617902,-0.13895672343967094,-0.017908893718318067,0.02401045959280971,-0.14532721551266253,-0.03604587178910242,0.019114698310940748,-0.09542619099932653,-2.102600319088547e-18,-1.6112776545959569e-18,-0.13224546362631762,-0.00763498949815791,0.0006628285056950291,-0.1563823422118868,-0.01976801406336544,-0.004226487516317052,-0.17817184368515618,-0.0325890978967788,-0.005128700173428992,-0.08877757983232468,-0.008679234976168416,-0.015345475939454083,-0.11927043925101172,-0.01736203981265762,-0.017299483606314437,-0.13995443552340844,-0.027178176647639263,-0.019135285959410293,-0.16017267412836003,-0.04076121823855406,-0.02210473922661093,-0.07335842996829005,-0.016507213206579448,-0.029866920401461664,-0.09645410526775161,-0.018863447672805355,-0.03353332126727768,-0.11752431920083557,-0.025329268027942456,-0.035930372662532205,-0.1341623510314291,-0.032473527769225484,-0.03603179450064418
0.0,0.0,0.0,-0.028221948571509343,-0.007215138722813998,0.02392816307687493,-0.05351292764025679,-0.010547822053254509,0.04377028172219889,-0.08147846763605716,-0.010315496076240433,0.05650906773336798,-0.10676548116262904,-0.013023618050992739,0.06501237327508441,-0.09517146666209161,2.2276257219084195e-18,0.02009571693589896,-0.12057334820109103,-0.007942466890714393,0.025228425384690528,-0.14346383884722638,-0.015424559818376026,0.02528639699862838,-0.15370493407154567,-0.03452215166591778,0.0209397425412289,-0.09529493268542756,1.4505557416041971e-18,2.217390728493241e-18,-0.13126377177283585,-0.007790997582064357,0.0004475600870115043,-0.1551962769683788,-0.020251794498766622,-0.004426257604113963,-0.17671497731709634,-0.03203251124133426,-0.0049886806704780295,-0.08835742573395582,-0.008699416751343864,-0.01502256397063483,-0.11840720227926167,-0.017873907590468478,-0.017419614744335465,-0.13868393507535706,-0.027775446115169265,-0.019608578547440348,-0.158375061079246,-0.04117760135248934,-0.022726786265826804,-0.07310157976440353,-0.016459804040623503,-0.029346584593290606,-0.09552107325615762,-0.01868551026453057,-0.0335033997464187,-0.11597436598154494,-0.025072578271654412,-0.036156978425100475,-0.13271392551794176,-0.03114759855279186,-0.03619566542061754
0.0,0.0,0.0,-0.028713502755690314,-0.00707467481837956,0.02382393548581962,-0.05375316850847044,-0.010433040098062554,0.04354352246615681,-0.08172150428336752,-0.009941789194933512,0.056107015809432094,-0.10679343382040354,-0.012566886338055585,0.06495207301803167,-0.09498447387159913,-5.650989353174631e-19,0.019709298317392834,-0.12125320254153021,-0.0067183808368079904,0.025769912736767372,-0.14627517043788982,-0.013658762650433974,0.026547936916443932,-0.15926565093845832,-0.033113916982662396,0.022739292369832482,-0.09517012122846626,-1.163832792479287e-18,1.4595234502462664e-18,-0.13056216949091495,-0.007905615745585914,0.0003529739054765456,-0.1543889201484134,-0.020520102069519888,-0.004502382056272653,-0.17582782282596765,-0.03152567685454234,-0.004747719146693617,-0.08806969746351079,-0.008743571706206462,-0.014822890065468669,-0.11775964593361063,-0.018262515391512284,-0.017521079985333744,-0.13777528682464427,-0.028080945073000255,-0.019980102822851606,-0.1571752276547555,-0.04127247778847672,-0.02309342994988759,-0.07292375561529288,-0.016487564631783375,-0.02896139059373928,-0.0948493083239941,-0.01862383868041179,-0.033447911296338534,-0.11491777065150806,-0.024910331835040773,-0.0363299949328911,-0.13166481009880004,-0.030239306547778122,-0.03624852047840443
0.0,0.0,0.0,-0.02905979725074724,-0.00697913297613295,0.023807708374979687,-0.053936205806718256,-0.010370704300846615,0.04342507654178491,-0.08188276449362913,-0.00978824662334038,0.05590773601145748,-0.10691913671180542,-0.012422952212347637,0.06498983896701004,-0.09492058414793127,-1.256366155430277e-18,0.01949651646859662,-0.12161008988407952,-0.0060841058041530924,0.026288483172701008,-0.14775421711013115,-0.012519336885853,0.027732010765265547,-0.16250097264387284,-0.031925980087300666,0.024473945116909254,-0.09508131919800432,9.071664994213737e-20,1.681944785491029e-18,-0.13016289752846896,-0.007947348813669418,0.00037096968017492107,-0.1539682260099486,-0.020562661529263438,-0.004472726215003675,-0.17549001764680774,-0.031033356305880853,-0.00444624366856681,-0.08792249304276742,-0.008792379499754288,-0.014716218743540198,-0.1173545201782804,-0.018514584239033113,-0.017593477526016928,-0.13724646905758148,-0.028140455301064113,-0.02024389127005274,-0.1565537588352595,-0.04108800373027757,-0.023247090980606667,-0.07284244978391784,-0.016561112729620023,-0.028692749346830634,-0.09445124372072597,-0.018638397330998795,-0.0333735162038234,-0.11431706465916766,-0.02480464654467043,-0.0364481298851442,-0.13101363227865545,-0.029691759476790876,-0.03623434532682839
0.0,0.0,0.0,-0.029297475272737246,-0.00692453531902524,0.02384996458010998,-0.05408264423149195,-0.010367364838042894,0.043390141201230484,-0.08203039109309201,-0.009800865913807752,0.055844392136765786,-0.10715793025794838,-0.01247187780882289,0.06509129833392356,-0.094971632067018,-8.031757572632635e-19,0.019416140193692408,-0.12183669087794069,-0.005854233180736187,0.026746889191485334,-0.1483687353789235,-0.01187158363098461,0.02879015951439454,-0.16411320780502495,-0.03105251984410078,0.026093413142499876,-0.09506348033790729,-1.3099469843072336e-18,-2.827181775275061e-18,-0.13005929893685908,-0.007934774840365394,0.00048264131697582093,-0.15389414458699127,-0.020481265031103774,-0.004357210104938194,-0.1756062016856346,-0.030654531847626076,-0.004103813393818534,-0.08791519345600407,-0.008840618126743855,-0.014669233526333664,-0.11719253409918733,-0.01868304745683818,-0.017631665453247746,-0.13706698029217015,-0.028108631407947306,-0.02040364388662031,-0.15640916077849917,-0.04082060905517831,-0.023230756063448984,-0.0728618812057352,-0.016672878941411246,-0.028511045453670465,-0.09430405392784194,-0.018731504220040055,-0.03328842539988271,-0.1140858916534362,-0.024796908160457883,-0.03650837717287208,-0.130697367739048,-0.029513317802065054,-0.036175487282734835
0.0,0.0,0.0,-0.029456715567075135,-0.006915683550658691,0.023935872638024686,-0.0541957175463199,-0.010449785053460718,0.043430212224712904,-0.08220560626122268,-0.00996169704851909,0.055869375825745644,-0.10750009668677434,-0.012644074541883004,0.06524435343097201,-0.09512163709973315,9.659854059353238e-19,0.019434580423644893,-0.1220896539879645,-0.005858776556374075,0.027132805428043746,-0.14857813418341262,-0.011610195534438478,0.029701442298782087,-0.16481570610133456,-0.030633980454185,0.027565882534853335,-0.09514406447179945,1.2754591044518913e-18,-8.877516687028263e-19,-0.13021525308411522,-0.007941703310233481,0.0006662391469673491,-0.15408419831292497,-0.020489300102584942,-0.004165572758575378,-0.17602073543661997,-0.030644468421931446,-0.0037151409691158622,-0.08803035057576569,-0.008899276607244426,-0.014650925596861855,-0.11724021527904084,-0.018887291049222987,-0.017631093880149627,-0.13715360768889334,-0.02824117902370618,-0.0204600215509249,-0.15656866844192147,-0.04082591894424608,-0.023072026844618475,-0.07296387551264123,-0.01684323614242322,-0.028382708252425788,-0.09435009099907575,-0.01896133962410703,-0.033195456037741836,-0.11410073792553667,-0.02502239339280686,-0.036503245211630515,-0.13060789238936377,-0.02981393621769636,-0.03607186014584709
0.0,0.0,0.0,-0.02955494735602219,-0.006959200261850553,0.024063771130622674,-0.054261643205165765,-0.010646818729721582,0.043549325652398004,-0.08241375680494532,-0.0102683170711486,0.05596023764002662,-0.1079029797902947,-0.012905635113764562,0.06546067186268498,-0.09534429186791224,4.1870466270764207e-19,0.01952546514382492,-0.12245790247665914,-0.005972410435646765,0.02745290986821045,-0.14873678322864273,-0.011678178360441405,0.030472262229216184,-0.16517131384030476,-0.03082952849145687,0.028886781978053135,-0.09533095916646997,3.85549005150073e-19,5.412120329795552e-18,-0.13056553411542168,-0.008069472191431995,0.0009018834398936039,-0.1544275906546464,-0.020838735629520454,-0.0038950640784247864,-0.17654602844906134,-0.031317684589141435,-0.003255700467041753,-0.08823070181499583,-0.008988213903650942,-0.014635620761096941,-0.11743197710442681,-0.01926945947946147,-0.017584896070751636,-0.13738396864213348,-0.02880908405030622,-0.020404708223035473,-0.1568247710213873,-0.04150139926389852,-0.022780612419426728,-0.07310875053912072,-0.017106446626414838,-0.028276315889761424,-0.09450798059542331,-0.01941082407945659,-0.03308944224403403,-0.11422196714514365,-0.025649080619440698,-0.036421738230315075,-0.13061768982623864,-0.03074224417763534,-0.03590766073112223
0.0,0.0,0.0,-0.02959655909789642,-0.0070537847724682435,0.024235131853845803,-0.054257997682411824,-0.010962774544398047,0.04375165034083651,-0.0826243087070555,-0.010701272742925417,0.056113761146466344,-0.10829189735723443,-0.013229820267564456,0.06576108110451706,-0.09560369368550946,5.510662258966559e-20,0.019664850446144157,-0.12294735014830345,-0.006122287697691958,0.0277183551670286,-0.14902921083614376,-0.012044277285310701,0.031119505876963736,-0.16548667571262013,-0.0317289297860483,0.030060769870599666,-0.09560769898037903,-4.471276524743655e-20,5.90537818741017e-19,-0.13102225275204343,-0.008395812423152234,0.0011720108234992406,-0.15480558709002107,-0.021697920668127885,-0.003538197570493169,-0.17699819004497516,-0.032867420612912104,-0.002697377612587501,-0.08846603089481148,-0.009121125594767358,-0.01460492557096914,-0.11768404122007388,-0.019920824622216966,-0.017485471347193218,-0.1376247355326441,-0.029962917166525625,-0.020223672799439138,-0.1569868387225245,-0.043086208576792046,-0.022356595841464974,-0.07324819079503579,-0.017481722562887117,-0.028168429608460346,-0.09469341027824359,-0.020125837635547976,-0.03296018245307699,-0.11432285072640942,-0.02676643889192004,-0.036254029980403384,-0.13061117878155232,-0.03235625324603247,-0.03566387106060224
0.0,0.0,0.0,-0.029574206757339967,-0.007184999355883685,0.024444669871995305,-0.05416394595442648,-0.011361938515881045,0.044028909438378235,-0.0827807221802163,-0.01120445797392945,0.05633519920775321,-0.10857493352853033,-0.013575995257067984,0.06615744841276423,-0.09585962377482982,7.748395708315989e-19,0.01982942149742717,-0.12348451730848112,-0.006288243710387902,0.02793077569875062,-0.1494415494376311,-0.012684441410834236,0.031647423153970115,-0.16576175277654118,-0.033291653116452706,0.031070214008324534,-0.09593598705621773,1.0200031326651397e-18,2.2139836698617617e-18,-0.13148806104488414,-0.008935255231007865,0.0014596121074101755,-0.15511199021588484,-0.02306195717993848,-0.003095253359381824,-0.17723097374897256,-0.035234319029895496,-0.002031802952315694,-0.0886850852613045,-0.009293428864494538,-0.014550412011886598,-0.11791343814149861,-0.020827007613718144,-0.01733068892630722,-0.13776418476712715,-0.03163937936304487,-0.019908938129454923,-0.1569274940413993,-0.04551708574710752,-0.021806480707618342,-0.07333988464569852,-0.01795051168836939,-0.02805042845640161,-0.09483912023924479,-0.021069074517507398,-0.03280044256572062,-0.11431807321055427,-0.028306253891275245,-0.03600078119747,-0.13051473869165103,-0.03453198059832419,-0.03533578998602741
0.0,0.0,0.0,-0.029471454987093224,-0.0073297990102600356,0.024675042879333996,-0.05397063762268973,-0.01177781962814803,0.044353024007214956,-0.08282162318402492,-0.011694947014860029,0.056629278827931416,-0.1086731456105909,-0.013893823054424633,0.06664051616862603,-0.09607695170327153,1.0656874891911135e-19,0.020000000785162238,-0.1239367951752103,-0.006505533089338551,0.028076248087677495,-0.14976756781677414,-0.013587677004752247,0.03203137219835821,-0.1656964224482176,-0.03535404381121684,0.03184668865756695,-0.09626383757263457,2.020886916007411e-19,-5.666262782259474e-19,-0.13187914856177282,-0.00963199939647359,0.0017462743927890985,-0.15527797024316964,-0.02474533566493489,-0.002589412898958455,-0.17717573323233327,-0.038105135125066636,-0.0012964982657965541,-0.08884851030172151,-0.009481607812248655,-0.014477227728657964,-0.11806055162616108,-0.02186280107945822,-0.01713238403368547,-0.13774907432009834,-0.03356726145397683,-0.019477955037659252,-0.15662359596529396,-0.0484233213785492,-0.021166024666830235,-0.07335737643752716,-0.018455796787353696,-0.027934881577693915,-0.09490987807886783,-0.02211955991915998,-0.03261692261559708,-0.1141884645680636,-0.030046086549837047,-0.03568678025835711,-0.1303206483391992,-0.03697390207571905,-0.034952689102397135
0.0,0.0,0.0,-0.029266337473573885,-0.007468238907769445,0.02489961323537775,-0.05368820652269173,-0.012141787412052314,0.04468084376183262,-0.08270495995954012,-0.012098814808611042,0.05700108559088748,-0.10855342299351466,-0.014154144313750765,0.06718203108029001,-0.09623638805744175,-1.5963055998214869e-19,0.020168852008688582,-0.1241404880978341,-0.0068695568272508205,0.028129420742000782,-0.1496448346624518,-0.014777756431614122,0.03221684751315535,-0.1647474787364835,-0.03768756025558298,0.03226338575286181,-0.09653818423159059,-2.2023658956709663e-19,-5.154475330451371e-19,-0.13215250500614656,-0.010385366705546526,0.0020116854581303987,-0.155296283426528,-0.026452724641059702,-0.0020741632523585893,-0.17687599460084277,-0.04102942949562899,-0.0005845493137638203,-0.08893925969226218,-0.009653916620266989,-0.014406614776515463,-0.11810997185604785,-0.022835118500973448,-0.01692104997225092,-0.13761168664289666,-0.03536217289761659,-0.018985024719998682,-0.15617905797347995,-0.05125045369012998,-0.020511987683694208,-0.07329402355679292,-0.018922238736023615,-0.0278583951760763,-0.09491104991464414,-0.02311503906221785,-0.03243722226940423,-0.1139937317011483,-0.03168786508396092,-0.03536735644341552,-0.1300947828761908,-0.039315989695217726,-0.03458375420489467
0.0,0.0,0.0,-0.028933550586147702,-0.007592871645695733,0.025094087224132026,-0.053342165387268915,-0.012409566841693063,0.04497407747795508,-0.08241579688734695,-0.01238815498971395,0.057469383208664286,-0.10823715145722584,-0.014384313558022171,0.06775297192081858,-0.09633836670450283,3.7260963899068607e-19,0.02034676225481336,-0.12392075884278649,-0.007528657802853037,0.02806468395891765,-0.14861268064379976,-0.016322417128587664,0.032132125520667854,-0.16222088416651018,-0.04005343268192666,0.03215732885076822,-0.09671683367383142,-3.4250750016308246e-20,-2.878719271894685e-19,-0.13231773069961564,-0.0110883830164574,0.002236019726971465,-0.15522538592753835,-0.02787775627591719,-0.00161934165070697,-0.1764850815599344,-0.043567499103486736,-1.9121227847931642e-05,-0.08896470527138366,-0.009783557516622712,-0.014373762300316752,-0.1180959900056777,-0.02354406843384266,-0.01673883699840912,-0.13746269489324414,-0.03664315442633384,-0.018504126858919397,-0.1558054028905691,-0.05342800520878871,-0.019938933510768052,-0.07316064265160571,-0.019281309877010305,-0.027876227806094542,-0.09488610735280627,-0.023906495414732314,-0.032303519512376616,-0.11386103426035638,-0.03295652165441507,-0.03511246625926963,-0.1299600299582738,-0.04124077011167061,-0.03431359417173354
0.0,0.0,0.0,-0.028446227102525663,-0.007711502394958086,0.025251842421739005,-0.0529604601188266,-0.012573209506505307,0.045226264631645384,-0.08195488175281831,-0.012600737489785954,0.058082278698144245,-0.10778131499289216,-0.014681128432075237,0.06834608348304148,-0.0964009649284376,-2.5842275946775545e-18,0.020567143376797846,-0.12310665508578317,-0.008655527119020703,0.02786748397352785,-0.14619171647180115,-0.01831309608737229,0.03170585964837321,-0.15740117023386424,-0.04222544365408904,0.03137516291235131,-0.09677883849733622,-2.58556980149588e-18,6.761593318406587e-20,-0.13243002773010984,-0.01166177896723903,0.0024072846245487656,-0.15517057843200377,-0.028788835117954048,-0.0012763231387663294,-0.17622312776861646,-0.04540808709264021,0.0003033823294473934,-0.08895357934022716,-0.00985682781974646,-0.014420357429970753,-0.11809142620558859,-0.02383813671439488,-0.01661929853229515,-0.13745402782038646,-0.037128524408979936,-0.01808565646334433,-0.15576328326070804,-0.05451866842150547,-0.01950120812306862,-0.07298076482470253,-0.019489414536126685,-0.02804666184512502,-0.09490378284243965,-0.02440105018349091,-0.03225278038845988,-0.11395196648808643,-0.03367831414835498,-0.03496947964624047,-0.13006074426504857,-0.042567018956574755,-0.034193072314997595
0.0,0.0,0.0,-0.027782406756142485,-0.007844242241342258,0.025392947592124928,-0.052563028261542855,-0.012656654184139545,0.045478980836525476,-0.08132621044161407,-0.01283091384936201,0.058916438617704084,-0.10725496537658777,-0.015183245112894941,0.06898530885422559,-0.09645851299987523,-1.1923590329296934e-18,0.020883136224678876,-0.12155642787747827,-0.010397503599268509,0.027540970318166866,-0.14199003915764707,-0.020811373414690637,0.030884194325327317,-0.14973117601537608,-0.04397722120685039,0.029826361518925374,-0.09673453882191789,-1.4861022078792513e-18,4.7953592949386634e-18,-0.13257710957107635,-0.012073538984380442,0.002531319036049834,-0.15525880036776915,-0.02908346376660438,-0.0010416447440996265,-0.1763215625189539,-0.04643347140457673,0.00037474364813101297,-0.08895474282451525,-0.009875855258551842,-0.014583494680422209,-0.11819218247097013,-0.023653737411330228,-0.016564331078732314,-0.1377380983759045,-0.036700925046679045,-0.01771471020241246,-0.15629490819413477,-0.05432181838490659,-0.01915329142152265,-0.07279018342681486,-0.019537822106953734,-0.0284091424159389,-0.0950435383343585,-0.0245852640955448,-0.03229471905611701,-0.11442493728171542,-0.03382556475594797,-0.03492651690500478,-0.13052325986179697,-0.043292399527588524,-0.034193124196020115
0.0,0.0,0.0,-0.026937130987838773,-0.008016259454509025,0.025561407100166522,-0.05215979846872081,-0.012701503823547363,0.04581556040017398,-0.08053591245476784,-0.013193972858381857,0.060052180888176376,-0.10672565072536767,-0.016015272921934214,0.06971601321699826,-0.09656153275734741,6.663507126763901e-18,0.02135539503866103,-0.11919667051557183,-0.012815085742104155,0.027113457976609804,-0.1358291587633884,-0.023775152365388942,0.0296553813057523,-0.13903159767652704,-0.04505205933179992,0.027531846075028354,-0.09663330026698927,6.394863656285052e-18,1.9147548616569396e-18,-0.13286760084070948,-0.012342827969002644,0.0026361290492221,-0.15561885954170265,-0.028809165243915483,-0.00084543016335736,-0.1769776271552977,-0.046733353716043216,0.0003042496918834303,-0.08903824734059959,-0.009859394717502431,-0.014884115252383506,-0.11850623984734569,-0.02303654873388225,-0.016536253885931752,-0.13844089294178694,-0.035440341410410116,-0.017305399631490907,-0.15757282930912142,-0.05292382585848581,-0.018737544207924783,-0.07264169016231381,-0.01945790310801364,-0.028965607041006182,-0.0953859971088611,-0.024530122367976963,-0.03240180269680061,-0.11540559234103828,-0.03352898370136793,-0.03490240682283548,-0.13142553072781413,-0.04359306280295678,-0.03419138885420778
0.0,0.0,0.0,-0.025932983832807757,-0.00824878699490635,0.025811673516141255,-0.05175199085884191,-0.012754980367258131,0.04633175448206799,-0.07959853308894962,-0.013782385413468714,0.0615356315091817,-0.10625207365523213,-0.017236744616093116,0.07058362412470055,-0.09677029806546442,5.0203439586065265e-18,0.022032260359334258,-0.11606050080846672,-0.0158307833052552,0.02665318144642793,-0.12785772294474607,-0.027008452791275627,0.02808674301972115,-0.1256965069928633,-0.045170426143182285,0.02465287688330514,-0.09656093112921331,4.2391952088750765e-18,1.0592794043958347e-18,-0.13341143062867394,-0.012533800958709021,0.002760493688291805,-0.156357422401637,-0.02815300334345821,-0.0005863012144519575,-0.17831148196780636,-0.04657601406340142,0.0002785853686090798,-0.08928954970795104,-0.0098415975785342,-0.015320778167693979,-0.11913733685330062,-0.02213982137142135,-0.016480122785320284,-0.13963960407565856,-0.0336166396940576,-0.01675421574192195,-0.15965996177969521,-0.05068726050466707,-0.01805825316332163,-0.07260519884105805,-0.0193172727915976,-0.0296772041043594,-0.09600189253156936,-0.02437444866471249,-0.032522149322190615,-0.11695844209525279,-0.03305097035063167,-0.03478034756984481,-0.13277376244969613,-0.04377180336085902,-0.03401272536918415
0.0,0.0,0.0,-0.024822241125842665,-0.008552973273976664,0.026190051543529498,-0.0513325115711401,-0.01286207610392571,0.04709521780585864,-0.07854273987182481,-0.014631314932455418,0.06335040947089793,-0.10587573371434192,-0.01881667787581283,0.07161248506475448,-0.0971359140911211,3.4167883153922412e-18,0.022927614910044587,-0.11230639206650378,-0.019214543402067186,0.02627636448718531,-0.1186005920430825,-0.030181957910064505,0.026350476056945862,-0.11075371246380718,-0.04411614972828526,0.0214784068671457,-0.0966174297727283,3.660424951583298e-18,-8.704070011889922e-19,-0.13428196144224785,-0.012735782543274732,0.0029278021485693896,-0.15751997103873738,-0.027387378356059935,-0.00020159640957944698,-0.18031736863193476,-0.04632317892729302,0.0004589767520625224,-0.08978658648715844,-0.009863584385283706,-0.015871862337815207,-0.12014964980242647,-0.021185672541453003,-0.01636798073454192,-0.14133170584314245,-0.03162015192882417,-0.016029068943198152,-0.16247052261609735,-0.048150875454543204,-0.017015601005194007,-0.07275202268558052,-0.019197241245200572,-0.030479482022239643,-0.0969313278633305,-0.024276171476487245,-0.03261185218178909,-0.11905553027743342,-0.03269901683485763,-0.03447500128063053,-0.13448695568815439,-0.04413855321634609,-0.03351310390950776
0.0,0.0,0.0,-0.023678071284143544,-0.00892696215360947,0.026718280758751885,-0.05089008062609737,-0.013050601455157441,0.048114403088588616,-0.07741580220781712,-0.015695921036492304,0.06541623159000785,-0.10561725639595075,-0.020624727033629022,0.07279319954798798,-0.09767884704396637,3.891276204881241e-18,0.024006071841453345,-0.10820734852249674,-0.022624378789343376,0.02611542369012917,-0.10888302021127239,-0.03292947919310742,0.024692437211025105,-0.09567381751373936,-0.041863576304577675,0.018359443901166013,-0.09687948438103296,2.629982963984913e-18,-2.0248953188424555e-19,-0.1354736520386435,-0.013029488961030988,0.0031251654839780426,-0.15905348131024513,-0.026777309061967267,0.0002814275579642231,-0.1828335330184687,-0.04629990792636571,0.0008885670237969098,-0.09056528795899586,-0.009957208565915412,-0.016501568122849454,-0.1215235298493704,-0.020390769112314428,-0.016227254351319866,-0.14340950891177123,-0.02983870276561967,-0.01522064520803831,-0.16575554640192308,-0.04584968668866056,-0.015694736647342524,-0.07312595915693972,-0.01915709891247877,-0.03130319851775884,-0.09815967154473314,-0.024345832431703775,-0.032663067202595125,-0.1215619375628625,-0.03269810755179369,-0.03398762736307976,-0.13640647211948,-0.044862474594301795,-0.0326566199379217
0.0,0.0,0.0,-0.02257614981269641,-0.009352534280792467,0.02738351248562344,-0.05041833071653952,-0.013309837351968896,0.04933070185691723,-0.0762821084568932,-0.01684951486624814,0.06760832978860028,-0.10548115450695117,-0.02244387223479718,0.07408069553272166,-0.09837655344794007,-4.0960080311466255e-18,0.02518611912994209,-0.10409838516171784,-0.025699845397330272,0.02625040369158015,-0.09961162860352366,-0.03496959947016472,0.023342013522541418,-0.08193297874307857,-0.038640017773716305,0.015616658499027212,-0.09736419479730526,-5.737307829082084e-18,6.347077747799374e-20,-0.1368842083986585,-0.01345289846273893,0.003308283254723893,-0.16080392181167535,-0.02648872032103082,0.000763293103232648,-0.18557053282606567,-0.046681786713327025,0.0014874325800273004,-0.09159029754709089,-0.010132058106003188,-0.017164973214284424,-0.12313397499333062,-0.01989196130892062,-0.016122967889852725,-0.14566990492814008,-0.028536955397870083,-0.014498544261034878,-0.16915307463010776,-0.04414104617519165,-0.01432049308242664,-0.07371443178298212,-0.019213835496203847,-0.03208566137691105,-0.09960374195226865,-0.02461008020549737,-0.032702222613691656,-0.12425889731554168,-0.0331062279386351,-0.03340539128806121,-0.13834064433863358,-0.04590385327457764,-0.031530304705971304
0.0,0.0,0.0,-0.021577924407036774,-0.009797002609121594,0.028138348723743635,-0.04992327156482064,-0.013590679056100974,0.05063535946695602,-0.07521101953896456,-0.017925837728408448,0.06978021801154347,-0.10546049157415141,-0.024034010502587657,0.07540060958307604,-0.09916672441369638,5.386722196439715e-18,0.026363495619602776,-0.100298050695508,-0.02817299578673359,0.026661664319779402,-0.09151988840352318,-0.03619436005673115,0.022426339752798098,-0.07056836759036819,-0.034875053911277064,0.013463455211400892,-0.09801727312101303,4.794979443946053e-18,-7.042401714334635e-19,-0.13834020990299276,-0.01399036614196425,0.0034264774125133263,-0.16255721497937067,-0.02655390777420074,0.0011385114350395441,-0.1881922394202908,-0.04746810111135003,0.002123295773686784,-0.09275059615478913,-0.010374579089109581,-0.017815455575533146,-0.12477526320325334,-0.01971929450597104,-0.016114178166306486,-0.14786246132064496,-0.02780858180239538,-0.014011373185643657,-0.1722877673309885,-0.043143758283413554,-0.013124134122120509,-0.07443675299821143,-0.019352007271963494,-0.03277557160078766,-0.10111775468454025,-0.02502956611951328,-0.032765825264582486,-0.12689493915997327,-0.03383615504328199,-0.03285379744255235,-0.1401192737938918,-0.04708769949043011,-0.030296730331522026
0.0,0.0,0.0,-0.02072781129975096,-0.010222081243803856,0.028910611881897974,-0.04943001368709999,-0.013833277670083648,0.051897771317234886,-0.07426856218272695,-0.01878197805010345,0.07178059611315643,-0.1055429208283746,-0.025213236613571006,0.07665989754449506,-0.09997148209551954,8.352969160220654e-20,0.02743914568378359,-0.097051683745911,-0.029934090063463217,0.027236252870051388,-0.08503073905351054,-0.0366789276047434,0.021937807663595894,-0.061995865766150175,-0.031068658089958272,0.011968342168263053,-0.09873933942428158,-2.6013388934512904e-20,-6.9043381358642725e-19,-0.13965652876556803,-0.014593717423064615,0.0034453175841491256,-0.16410407206880168,-0.02690900156979741,0.001345170485259166,-0.1904061537705245,-0.04854134385837877,0.0026772492647550456,-0.09389146277750808,-0.010655693092550456,-0.018412830602471755,-0.12622520153236486,-0.019822865741451243,-0.016225267460781487,-0.149754722075033,-0.027612210541577604,-0.013821264464773613,-0.17486607008772254,-0.042799259392025925,-0.012246318685957998,-0.07516419394390966,-0.019544363092177715,-0.033337940469822136,-0.10252299075144679,-0.025541057138062657,-0.03288013027398743,-0.12923766084856672,-0.034741520374551055,-0.03244562593995038,-0.14162304014212243,-0.04823686030116142,-0.029134867197313733
0.0,0.0,0.0,-0.02005601940145233,-0.010591717409147418,0.029618028620344607,-0.048979960575232344,-0.013997860330017617,0.05299052934742055,-0.07351049072896133,-0.0193397554377646,0.0734675581731996,-0.10571142509228673,-0.02590465349595185,0.07776342703569428,-0.10072226463665694,-5.6584969356609155e-18,0.028336170754376545,-0.09450838312651395,-0.031026335130916776,0.027815812314699484,-0.0802579503428968,-0.03661948791862522,0.021762764069875082,-0.05609601906419837,-0.027654831569683444,0.01106899702044214,-0.09942738720567813,-7.149019122800732e-18,2.0173606289002623e-18,-0.14069491427476222,-0.015209003690175135,0.003357737433496004,-0.16530074999151861,-0.027450861923706604,0.0013751353396490415,-0.19203196150968543,-0.04974543102337513,0.0030719993455342143,-0.09486520511118157,-0.01094015874307417,-0.018925687223554432,-0.12731775663730158,-0.02011286385539866,-0.016442879624510038,-0.15119280285922165,-0.02782794105042868,-0.013901339336833513,-0.17673668822947375,-0.0429606259053559,-0.01171814063857057,-0.07576461381794675,-0.019765010554294603,-0.03375663738719128,-0.1036554727690383,-0.026085563253287588,-0.03305136296519829,-0.1311116963623289,-0.03568311929600465,-0.032247735123497226,-0.1427855266460655,-0.049246050711819374,-0.028193999178053826
0.0,0.0,0.0,-0.019574683177055643,-0.01087981262689511,0.03018501744726826,-0.04861104534827787,-0.014084561493694794,0.05380941374162703,-0.07296567598289512,-0.019600326253440728,0.07472567129195586,-0.10593268469694735,-0.02614407893873998,0.07863545222376375,-0.10136319998818331,-1.7687667996252352e-17,0.029005891209924153,-0.09271627739196502,-0.03159750937532524,0.02825870812343618,-0.07708141729638367,-0.036260211910538874,0.021748078141777722,-0.052414120748741674,-0.02493868615640759,0.010626210298724502,-0.10000241510628714,-2.1595616982026028e-17,-1.4442898636455335e-18,-0.14139324817158513,-0.015789290977949313,0.0031830875872390597,-0.1660985550684871,-0.028074399147223227,0.0012602073216846775,-0.19302862515388522,-0.05093511949518391,0.0032753991501413256,-0.09557208959134707,-0.0111929212564068,-0.019330841968951098,-0.12799174354468018,-0.02048524710038882,-0.01673017838118253,-0.15213587653502395,-0.028291829895910423,-0.014169750070343424,-0.17790661945152023,-0.04344477052739027,-0.011493187553082504,-0.0761480497022882,-0.01999123773120919,-0.03403612439865684,-0.1044140640654591,-0.02661259173164364,-0.03326763811523689,-0.13242284460976345,-0.03654507088219891,-0.03227061079504545,-0.1435873855537675,-0.05007071442034501,-0.027566492207266702
0.0,0.0,0.0,-0.01927423791248669,-0.01107801801719574,0.030558232637574033,-0.04833909807052483,-0.014136717431073805,0.05428896800491969,-0.07262446078553919,-0.019639216529789526,0.0754809651640432,-0.10614815514362269,-0.026059897567120953,0.07923282570106355,-0.10184083987295565,-1.054589348449888e-17,0.029427779258155567,-0.09164168177253862,-0.03183903775846672,0.02848230985915231,-0.0752575601593319,-0.035844077180798545,0.02176461917535414,-0.05037519260629081,-0.023113597801449212,0.01049156037047444,-0.10041646118930816,-1.4768428382727594e-17,1.6866747083812352e-18,-0.14176209268967005,-0.01629373928991877,0.002956972624752795,-0.16653391470857884,-0.028685956478335883,0.001051313911271776,-0.19347650285999016,-0.0519858754684149,0.003288651251357223,-0.09597571364682653,-0.011381302390798426,-0.019613567909689766,-0.12829566301741704,-0.02083544197155604,-0.017043960759533665,-0.15264876506380665,-0.028817809116462444,-0.014526377529932643,-0.17851134905917387,-0.04405391867601939,-0.011494006517005878,-0.07629229935851914,-0.020198706510840676,-0.03420116983266065,-0.10478561340717829,-0.027073201780165455,-0.033509560294328174,-0.13316380519906204,-0.03722593624714428,-0.03247771220523062,-0.14405002728689015,-0.05068383532263642,-0.02728460682654466
0.0,0.0,0.0,-0.019130405978796637,-0.01119549611185401,0.030713939563169472,-0.04815712775208516,-0.014222319610751778,0.05440916332580405,-0.07244621953976561,-0.019579398736049143,0.07570655278705588,-0.10628089117175597,-0.025829383929004655,0.07954255817109138,-0.10209748158681906,5.743415964166737e-18,0.029604741406584242,-0.09121224701161251,-0.03192810790141089,0.028468757240012865,-0.0745360591099175,-0.035578041407332076,0.021738760060117872,-0.049472061293214895,-0.02230080032315392,0.010557765795113357,-0.10064241160252496,9.636428346045355e-18,-6.017190676081834e-19,-0.1418582400773012,-0.016676747077321967,0.002718518465000278,-0.166692120440869,-0.029194449148460627,0.0007987488285376077,-0.1935295097430514,-0.05277078417351517,0.0031255929605690804,-0.09608924055341639,-0.011476318863049456,-0.019766953825056725,-0.12834570599366005,-0.021066158206921,-0.017343558707115767,-0.15285261083350563,-0.029220725166128638,-0.014876980825213881,-0.1787455685931146,-0.04458521833802989,-0.011646704492971394,-0.07623563459880293,-0.020357403074660725,-0.034288759275516195,-0.10483141632238306,-0.02741322189058366,-0.033757808455634614,-0.13339340853985224,-0.03763034888793197,-0.032803929822472856,-0.14422267262964525,-0.051043021602036984,-0.027332492718167758
0.0,0.0,0.0,-0.019118768313137333,-0.01124849174756549,0.03065264946383989,-0.04805260485834836,-0.014391926149044353,0.05418806471577992,-0.07238542624889308,-0.019531140336216366,0.07541691474630198,-0.10626012638514522,-0.025601680500339084,0.0795695962824144,-0.10207636513496417,3.688540982077937e-18,0.029551948665202832,-0.09136182281392803,-0.03197733222181452,0.028241566541646796,-0.07474870564684266,-0.035592644590296776,0.02164830706474592,-0.04940198453927813,-0.02255888899134752,0.010770722288689635,-0.10065568959140808,-5.538474894998845e-18,1.3303692611333205e-18,-0.1417435473332706,-0.016875426547273288,0.0024979870287992452,-0.16665845287264108,-0.029491826629896065,0.0005365810934313891,-0.19334980016897985,-0.05312869010895666,0.002799230126155547,-0.09594195370820494,-0.01145606995708126,-0.01978939481937692,-0.12825495538015122,-0.021091523584164072,-0.01759407148474908,-0.15285446257763666,-0.029339814078497454,-0.015151859602436549,-0.17877627066628177,-0.04483606974835118,-0.01190077027711755,-0.07604125152757807,-0.020431101431139975,-0.03433024440313088,-0.10464081641519575,-0.027568550753699225,-0.033992950326827455,-0.1331973362233758,-0.03766568352725208,-0.03317739598458064,-0.14416469639171686,-0.05107222770761051,-0.02766340157184098
0.0,0.0,0.0,-0.01922774291192163,-0.011246674007411042,0.030387995316395303,-0.048028813991751525,-0.0146323397028483,0.05366721079571922,-0.0724215533799759,-0.019520441525793478,0.0746572702677631,-0.10605176985356181,-0.02541271486811333,0.07932627220179873,-0.10173567094615085,8.407069561776359e-18,0.029282938867882385,-0.09205807714200306,-0.031998208568329585,0.027836914598719422,-0.07585370247100182,-0.035900838861049424,0.021503176778305884,-0.05014062901554767,-0.02386323613526246,0.011115631043625422,-0.1004225181158789,1.2046930589033518e-17,-5.257130154988469e-19,-0.1414455223641891,-0.016803907065088233,0.0023106321043753586,-0.16647468448752697,-0.029439638396366086,0.0002781749904902727,-0.19304389711112052,-0.052849415387258646,0.002327604357084415,-0.0955501004471508,-0.0113101005919868,-0.01968071473849103,-0.1280712924917867,-0.02083921476597899,-0.01776791695951466,-0.15269120805139721,-0.029055717479880238,-0.01532006819755306,-0.17867458578687664,-0.044610515210496055,-0.012235644865765423,-0.07576026299056972,-0.020379598024303437,-0.03433079534584214,-0.10428245408889163,-0.027464601410536905,-0.03418949598665444,-0.13265232474697988,-0.03724399978129817,-0.03353627023342409,-0.14393033518457657,-0.0506593551190211,-0.028213696357779285
0.0,0.0,0.0,-0.019463841764668432,-0.011184097274634748,0.029939162648091794,-0.0481103398011495,-0.014851545751496229,0.05289956695444561,-0.07257214793058993,-0.019457348690909246,0.0734927868086983,-0.10567428427434143,-0.025151250733759054,0.07882808999856013,-0.10106398111628681,-4.244942130501539e-19,0.028801425882661325,-0.09330641943004399,-0.03188554476322407,0.027288987343331576,-0.07794023199010738,-0.03637432084442403,0.021331128774696454,-0.05195258286243934,-0.026078348889986062,0.011598525387762956,-0.09990802630091357,-2.7335645781689407e-18,1.5694612210498756e-18,-0.14094060096940658,-0.016363197376367187,0.0021600792282774764,-0.1661227340222259,-0.028880013851949188,2.2578975465979482e-05,-0.19262606460135442,-0.05169687253225109,0.001742223580358283,-0.09491297692521694,-0.01104146035076262,-0.019438363899128282,-0.1277578903277819,-0.020255855166233242,-0.01784497493693296,-0.1523177346739955,-0.02829967363066988,-0.015390421091921992,-0.17839477327087022,-0.043738771152874445,-0.012655874503786722,-0.07541691410948272,-0.020162718727085978,-0.03426100768022295,-0.10378146357013344,-0.02702241787338787,-0.03431139688247708,-0.13180631658927472,-0.03628816912981854,-0.033834383553772,-0.14355815725388754,-0.04966836168327248,-0.028911217668304578
0.0,0.0,0.0,-0.019847875462706138,-0.011037327400443345,0.029329040663357456,-0.04832824315168567,-0.014902957072876593,0.05194183301130157,-0.07287890390126037,-0.019158303259932216,0.07199929199144592,-0.10518781779195466,-0.024592926584646402,0.0780943447576803,-0.1000920390799733,2.808625937903318e-18,0.028102325652764416,-0.09512855853465439,-0.03142797573890849,0.02662949419931966,-0.08119114569996619,-0.03673970014508675,0.021172142952587913,-0.05533238069182579,-0.028921332113790596,0.012233412110237615,-0.09910082266446299,2.8080919204649533e-18,3.5396830417781305e-19,-0.14016601196693332,-0.01546763953607801,0.00204441596083195,-0.16553876963886122,-0.027673203343173827,-0.00023846569489702614,-0.1920194933166494,-0.04946841303355657,0.001083824010349687,-0.09403289228838298,-0.010665650698831027,-0.019056686182627378,-0.12721906385045217,-0.019318171572015635,-0.017814060629290775,-0.15164012210448985,-0.027059113453495005,-0.015402899263047984,-0.17780199419766438,-0.04211235077747934,-0.013181665872714002,-0.07501647551039155,-0.019746010492691955,-0.03406684014351895,-0.1031253120382687,-0.026171454481812743,-0.03431662691466143,-0.13067608053462434,-0.034740611550039796,-0.034041666079841285,-0.1430649095629802,-0.047959528820809665,-0.029682658249622514
0.0,0.0,0.0,-0.02040609983669998,-0.010770488959724354,0.02858508696252333,-0.04869957346187843,-0.01463386803320964,0.05084987847106167,-0.07337645626159772,-0.018406102840778815,0.07025651261726672,-0.1046624198916225,-0.023483989925974644,0.07714926090178485,-0.09889846980026573,1.6921851960538396e-17,0.02717988214671633,-0.09752265149559841,-0.030351133591351057,0.0258954074805142,-0.08580114701662529,-0.03659784577553332,0.021077015031312953,-0.06087246183282616,-0.03191936275916407,0.013037682791126406,-0.09803853069475267,1.565257144302556e-17,2.0558636594283588e-18,-0.1390539005445335,-0.014079565806198506,0.0019584602253387754,-0.1646477721162957,-0.025745409813143025,-0.0005203073988728907,-0.191095454067265,-0.046063633169506665,0.000388008406661565,-0.09294216766934434,-0.010207480138430605,-0.01853117620342356,-0.12635515670233466,-0.01804638926870324,-0.017676882465636746,-0.15057323695217462,-0.025378525822241156,-0.015420286529157586,-0.1767373270190869,-0.039715425904767,-0.013842819391049742,-0.07456343134590958,-0.01910774594280048,-0.03369183625810314,-0.10228820090972211,-0.02486752806723244,-0.03417132964317478,-0.12926059814511429,-0.032576712588034976,-0.03414746464333121,-0.14244402046007248,-0.045414666938451295,-0.030466336423767868
0.0,0.0,0.0,-0.02115696702988374,-0.010347169507081116,0.02773931260235344,-0.04921112104754251,-0.013943093600697893,0.04967790986615578,-0.07405951587539943,-0.017031329918690472,0.06834464424451356,-0.10414153445573952,-0.021648676302316507,0.07602391067641959,-0.09760343101768094,9.67900519757052e-18,0.026039919383469255,-0.10041557034294071,-0.02839802941821992,0.025142301345724975,-0.09185996014657878,-0.03549204853435575,0.0211072893410648,-0.06905653734806494,-0.03441335686001004,0.014027429883793728,-0.096819314467878,8.950155798181022e-18,1.5917675322253084e-18,-0.13757334998172396,-0.012243827882629777,0.001895894716885486,-0.16340445915141802,-0.023134109468721395,-0.0008418991692992444,-0.18973612074246815,-0.041544430338036495,-0.0003201367143881284,-0.09171878492668621,-0.009698103917401583,-0.017866277687033406,-0.12512279677044552,-0.01651743730284913,-0.017449220752311236,-0.1490948613938615,-0.023355643926629477,-0.01551352065912583,-0.1750941992100686,-0.03664167577389483,-0.014668530014371914,-0.07407592740632629,-0.018248329227649296,-0.03310167468612859,-0.10126019672958723,-0.02311478761260091,-0.03386517551793169,-0.1275607841254909,-0.02982804787326476,-0.03416352852661024,-0.14166564069646548,-0.04197427755651129,-0.031223689725763556
0.0,0.0,0.0,-0.022093402012119158,-0.0097466704759406,0.026830868328019786,-0.04981210175878623,-0.012825768181697192,0.04848415140518132,-0.07486050503812634,-0.014990766308287587,0.06635133112240395,-0.10361953249955291,-0.019081931932896198,0.07476728268434073,-0.09634590113467846,-7.158236480354083e-18,0.02471530368393112,-0.10362865730332728,-0.025437354114990558,0.024459250257038465,-0.09922984507939851,-0.03304368963560748,0.021338468957715257,-0.08000507712944235,-0.03567182633435178,0.01521343769293931,-0.09558816365545388,-7.309401970981146e-18,2.2445450211464722e-18,-0.13576626690547403,-0.010108032634440314,0.0018603277410769337,-0.16182619369228357,-0.02001777326462255,-0.0012021542960600643,-0.18789252266455128,-0.03618121482154772,-0.0009987951364065675,-0.09048044818315505,-0.009176020791294471,-0.01708438347850268,-0.12357119903844042,-0.014875532491327614,-0.01715358449719123,-0.14726896841336418,-0.021145725870775726,-0.015730259115631025,-0.17286713081816943,-0.03311419390446216,-0.015656466580909696,-0.07358924928988461,-0.01720584262240669,-0.03230001303273532,-0.10006720605423948,-0.020993699699884443,-0.03341368799609349,-0.12560058942843103,-0.02662237664182272,-0.034113893683184265,-0.14068118625336415,-0.03770837571000927,-0.03192882656066394
0.0,0.0,0.0,-0.023171527000513083,-0.008981447620793429,0.025913229577592827,-0.0504268403837168,-0.011388057672447424,0.04733794885393399,-0.07566147285475813,-0.012416566438280457,0.06438438182467388,-0.10305928571856852,-0.01599256452071013,0.07345865259958284,-0.0952527246278964,-1.8295969547187675e-18,0.02327942085910156,-0.10689286320837225,-0.0215678166536091,0.023972772252855077,-0.10748250217807946,-0.029137262113562684,0.021862970834260604,-0.09327142369972452,-0.03513714108350251,0.01661069833529897,-0.09449991824279431,-1.851165076499858e-18,-4.708290615185754e-20,-0.13376642538386688,-0.00791034670614041,0.0018755728062129467,-0.16001114776330005,-0.01671406182371311,-0.0015551906609941246,-0.18562745877180117,-0.030467338971242604,-0.0015589787581178774,-0.0893586866511186,-0.008689637406317015,-0.016232456558214276,-0.12184113155992585,-0.01332715466295112,-0.016810925864923085,-0.145235205409512,-0.018973052409833966,-0.016064765652749956,-0.17016651737816058,-0.02950508182009872,-0.01674149381526525,-0.07314955827554812,-0.016072495694060825,-0.031331348865732314,-0.09877828130428111,-0.018685069153315286,-0.03284853564546374,-0.1234515046752531,-0.023222520655167566,-0.034017632797695714,-0.1394510043410686,-0.03290490958466345,-0.032545223306946855
0.0,0.0,0.0,-0.024318508319552488,-0.00810926159886962,0.025055124073639915,-0.05099077451043222,-0.009822200187436618,0.046312523940159174,-0.07635654806142977,-0.009602918729241525,0.06256477821166165,-0.1024582874687526,-0.012754773726350158,0.07219707533662861,-0.09441329715253839,-9.974000267166702e-20,0.02184413990375158,-0.10993201612429511,-0.017159373147274056,0.023814737822786262,-0.11596529082562644,-0.024072869725024395,0.02276687817803789,-0.1078308042165624,-0.03273171488484164,0.018246268716628114,-0.09367426813821951,1.703075541064553e-19,-3.341083954429047e-18,-0.13178465255452554,-0.005923308008101297,0.0019705376784047704,-0.15813429024206735,-0.01362817106762577,-0.0018274205025184738,-0.183140030849552,-0.025052744005197424,-0.001890848890912493,-0.08846146600349997,-0.008291840672802546,-0.015378080025370014,-0.1201299464492246,-0.012096378931055269,-0.016445965587267523,-0.14318112201936184,-0.017113062631768622,-0.016464602414559836,-0.16721694833750173,-0.02629493692608794,-0.017808229191750975,-0.07280032629782414,-0.014990938584120747,-0.030271787785446078,-0.0974996756732845,-0.016454340782584956,-0.03221482484491648,-0.12124986081526691,-0.020005332117279173,-0.033890040160964606,-0.13799813094995506,-0.028079798619916538,-0.033028243742123854
0.0,0.0,0.0,-0.025454938537369874,-0.0072263938166017404,0.024325942383641865,-0.051485612100070126,-0.008339856366188001,0.0454612816985185,-0.0769221128709299,-0.006904632318510404,0.06099201438841364,-0.10190375202039868,-0.00975889226226436,0.07106605428484135,-0.09387481606968841,3.3369293814226987e-18,0.02053551095772305,-0.1125730225252264,-0.012766988715984667,0.024047916634778867,-0.12398855992872226,-0.018545885580168273,0.024061746315376022,-0.12233460608335268,-0.029004798872961285,0.020127401884699987,-0.09316785086397734,2.130385044067782e-18,7.847313854056039e-21,-0.13005890460638697,-0.004371259938997245,0.0021468358014438338,-0.1564177389344944,-0.011152644244987336,-0.0019700218956304675,-0.18074396638381904,-0.020586321226185308,-0.0019396147152476399,-0.08784366565396913,-0.008023712736207184,-0.014592417861853337,-0.11863510664081543,-0.011349107977055432,-0.016097462898269927,-0.14130974333453852,-0.015824639247707103,-0.016870407212854252,-0.16433090039489215,-0.02394447267219179,-0.018744273509461767,-0.07256732853252967,-0.014114955960265267,-0.029211367973163885,-0.09635152626027055,-0.014580205517469516,-0.031577121441992526,-0.11918431917951103,-0.01735942647804732,-0.03376038657453299,-0.13644535410973246,-0.02384923142932087,-0.03336084686568268
0.0,0.0,0.0,-0.0265134519651804,-0.006440374059703847,0.023771064741859096,-0.05193403248762295,-0.007092694278964568,0.04479750765803563,-0.07740855067694938,-0.004593328292743596,0.05971168525318389,-0.10152513522809677,-0.007250677694682752,0.07010339801939852,-0.09363823985198627,3.4411626327290195e-19,0.019451656746797486,-0.1147715332293455,-0.008932762829073529,0.02460309599611795,-0.1309988415423423,-0.013393402444901541,0.02562130140653531,-0.1354942195940568,-0.024908355397549316,0.022181531997557163,-0.09296000125747304,-4.830896035638752e-19,8.72604946835746e-19,-0.12876467108127151,-0.0033565219776932474,0.002366806659215427,-0.15505566447146724,-0.009530324731033728,-0.0019923766304063163,-0.17876195477823362,-0.0174913327887341,-0.0017532882858551095,-0.08748653458724395,-0.00789321096246541,-0.013924408560686795,-0.11747573872716004,-0.011121265687899834,-0.01580583966083832,-0.13977977658333207,-0.01523619830164461,-0.017242527262286998,-0.16181870920601263,-0.02269935651958219,-0.01948019039337748,-0.07243734051300987,-0.013541408666935146,-0.028226651145589532,-0.09541646718308415,-0.013245700109154619,-0.031007252611340522,-0.11742791901166219,-0.015530273003188632,-0.033669334630303034,-0.1349736695524056,-0.02069120672718866,-0.03357532254529557
0.0,0.0,0.0,-0.02743989463549526,-0.005832124626494964,0.023391776902320076,-0.052349144782257856,-0.006124078589549412,0.04429349764149413,-0.07783929172002774,-0.0027606303665666035,0.058718320654757114,-0.10135545528626368,-0.005265323348167293,0.06930578347432337,-0.09362792759104582,-5.835020955234985e-19,0.018618318829887247,-0.11650091195641578,-0.006000294575406316,0.025298100838460874,-0.1366044262192654,-0.009247134814116535,0.02721115092789655,-0.14634219579891583,-0.021291901657289957,0.02425050304294003,-0.0929338819979397,-8.269276781557023e-19,-3.5489475492881946e-18,-0.1278971487562241,-0.002827649959242906,0.002577881131150846,-0.15409197887409828,-0.00872507769570124,-0.0019432592181492046,-0.1773548629169842,-0.01574968071762664,-0.0014463479411542333,-0.08727999477479378,-0.007860309467460403,-0.013373320120276989,-0.1166075998538587,-0.011277544547391317,-0.015574881521074793,-0.13861235945231526,-0.015222575287534342,-0.017547982065898565,-0.15984660635299822,-0.02240208940771886,-0.019980780492455375,-0.07233316536844844,-0.013246203290637469,-0.027340545133660306,-0.09467404833628797,-0.012435604641117858,-0.030537015813611,-0.1160336826852235,-0.014471399729323627,-0.033625214296440366,-0.13370532646197758,-0.018695232616742902,-0.033714847341348136
0.0,0.0,0.0,-0.028184144490341838,-0.0054240778259973975,0.023145671022688125,-0.05269247395989816,-0.00536970057826925,0.0438981076769324,-0.0781283888153029,-0.0013083848898378537,0.057986774177438284,-0.10124421409015309,-0.003661954396124941,0.0686603180500231,-0.09367650224479784,5.202126998362773e-19,0.01797513065918482,-0.11763296899059926,-0.004055578627808063,0.02592691201213144,-0.14051113679386357,-0.006332789238992609,0.028602004103848142,-0.15429272897590376,-0.018507392774335683,0.026165906311203593,-0.09288302965344644,6.674180903658121e-19,-6.23666086142948e-19,-0.1272267071011895,-0.0026165578243355944,0.0027454333149460027,-0.15335579000999183,-0.008416857690064393,-0.0018713053815268687,-0.1764200443714262,-0.014881808322645577,-0.0011282127262574866,-0.08703624311618371,-0.007844731229672589,-0.01288204373379015,-0.11581015611540446,-0.011539633071301986,-0.015351277274248946,-0.13765144482238947,-0.015389189493727546,-0.017741768763297243,-0.15835944610212035,-0.022481535143995673,-0.020223735330748886,-0.07211795769332541,-0.013078355113906736,-0.026501376087210586,-0.09398271651502361,-0.011923765681831091,-0.03012069542473767,-0.1148868731989125,-0.013825420709778638,-0.03356914147845928,-0.1326178970675338,-0.017495170672820543,-0.03378091983812494
0.0,0.0,0.0,-0.028702853378824392,-0.00517800286505265,0.022966431933446135,-0.05288549991323396,-0.004696608913491833,0.04355841890483484,-0.0781061225126831,-1.2082749562230033e-05,0.05749407917472162,-0.10091297562391288,-0.0022029780927869023,0.06816696486045608,-0.09356717674541884,-4.602873112229757e-19,0.017407018186862806,-0.11795401753397834,-0.002981485485314151,0.026334856154203168,-0.14252396375464155,-0.004503502353629384,0.02964943030369484,-0.1591311234803722,-0.01638375160298596,0.02780880108353052,-0.09256922097114091,9.358523510456575e-20,-3.5440114450920103e-19,-0.12639237257891892,-0.0025149853874827568,0.002861289824560561,-0.15253664419988278,-0.008141954260514636,-0.0018107845874285092,-0.17565592053109932,-0.014158837255222411,-0.0008734585535791798,-0.08654685415394567,-0.007755618497588145,-0.012362781013243033,-0.11477935576692296,-0.011583343671049556,-0.01505043413182158,-0.1366334805545975,-0.015210560454547124,-0.017776952278284738,-0.15713703513518767,-0.02216882070226012,-0.020205261584171696,-0.07164080209289457,-0.01282559837034629,-0.025611195459376082,-0.09313817418835539,-0.011373578398025688,-0.0296561427818473,-0.11376321292420362,-0.013073369217711833,-0.03339910452178728,-0.1315694171740094,-0.016450525780972017,-0.033736516165657704
0.0,0.0,0.0,-0.028973749284592672,-0.005024613229935676,0.02279162141920358,-0.052854746575869464,-0.0039671312447010845,0.04323977217994206,-0.07761422153990004,0.0013644055569786932,0.057224838008655646,-0.10009508182228831,-0.0006550562225065109,0.06784093357197359,-0.09311511009519659,-5.427121347864563e-18,0.016801764514315812,-0.11729336504862607,-0.002553890686457719,0.026441373504898617,-0.14263086325794472,-0.0034152892370354414,0.030295102544625453,-0.16101160895599317,-0.014488876750402882,0.02911144501787978,-0.09180797546312429,-6.958842908072434e-18,1.6832639939497974e-19,-0.1250696894825252,-0.0023457978309763443,0.0029318794058264034,-0.15133977173954358,-0.007482327434242381,-0.0017819491374384258,-0.17472526876561717,-0.012903350085908701,-0.0007192403973144078,-0.08565687029848928,-0.007526023443838439,-0.011738148499824411,-0.11326362646774703,-0.011155337457730936,-0.014598355613197327,-0.13531107124396638,-0.014242454661929123,-0.017620395403695612,-0.155920224879388,-0.020813124871911202,-0.019943166009692315,-0.0707953609749761,-0.012305877145345725,-0.024581374572121135,-0.09196735777276209,-0.010484073500284291,-0.02904075415938621,-0.11244214464691449,-0.01175687324759286,-0.033018482237729505,-0.13039427396451142,-0.014941526460770108,-0.0335391763102077
0.0,0.0,0.0,-0.029006835010624232,-0.004905063168539403,0.02258789304409417,-0.05257179686215861,-0.0031155601023499747,0.042941411222570565,-0.07659840761869573,0.00293047365664651,0.05717333108549284,-0.09867036752423454,0.001087261480393454,0.06770709403374518,-0.09224810960604547,1.3337514402990169e-18,0.016105114807512165,-0.11566408390876921,-0.0025362387112408146,0.026238248472205544,-0.14108327355497632,-0.0027254329199714673,0.030547043599327126,-0.16043570766100712,-0.012464581915251594,0.030055624241127295,-0.09054870682078081,1.3256753897534953e-18,-5.0056308860840965e-18,-0.12312667823592885,-0.0020145798974927224,0.002966457490322457,-0.14962903370891023,-0.006224582015118637,-0.0017831045557675288,-0.17341152028531545,-0.010751465295220385,-0.0006524679453309614,-0.08433155557137366,-0.007138922262275863,-0.010980516124925208,-0.11118234963460549,-0.010167215126634164,-0.013963248872217098,-0.1335665870525466,-0.012311071562845919,-0.01725705635429326,-0.1545299787201183,-0.01815230024064288,-0.019458523683202607,-0.0695708056530127,-0.011442801545641175,-0.023384984599636092,-0.0904136708524629,-0.009115348318499483,-0.028224206080226022,-0.11081240403314432,-0.009671614838814093,-0.03237273253225276,-0.12899739778237618,-0.012630580280934675,-0.033160545843886946
0.0,0.0,0.0,-0.02884766721852777,-0.004796973498769233,0.022358192381852066,-0.05206972322552442,-0.002196863447631137,0.042692802685743374,-0.07515451296051395,0.004585217420464302,0.05733546123481134,-0.09673509084920663,0.002915309257465963,0.06778787384286403,-0.09104349262250809,-3.3265743217861805e-19,0.015344179811738957,-0.11332863815884218,-0.002740352164171277,0.025786018859397793,-0.13839984600908858,-0.002213620746713242,0.030474212206204145,-0.15817080381074552,-0.010224994054407294,0.030680469715688666,-0.08891424929997783,8.41975923468604e-19,1.258513791002811e-18,-0.12069872151790344,-0.0015248447080742594,0.0029751149184484146,-0.14749711521999265,-0.004419850028276062,-0.0017846942195439534,-0.17170844350764258,-0.007756286002269232,-0.0006054544322285977,-0.0826913845893243,-0.006634624673649344,-0.010135042191631066,-0.108685911613279,-0.00872515865114961,-0.013174354686480068,-0.13147660052155075,-0.009582720945357066,-0.016698186154061625,-0.15294184120710808,-0.01439804297145376,-0.018769924881571007,-0.06808274180427873,-0.010297408969275433,-0.022088603855514265,-0.0885833288677401,-0.0073406308165052175,-0.027241580790909863,-0.108929614639053,-0.006942024671034769,-0.031478320733803654,-0.12740789347919196,-0.009568203185289555,-0.032598793098284666
0.0,0.0,0.0,-0.02857083145074,-0.004705383074772286,0.022130506556028343,-0.05143737930900413,-0.0013605140915013611,0.042528530707613435,-0.07351887524928409,0.006065641841655264,0.057682374237579576,-0.09458703317290663,0.004546714396935129,0.06807820236584411,-0.08970490885808895,2.1463204995941487e-18,0.014612889824553717,-0.11075771865305807,-0.0030373863106464387,0.025205325683060165,-0.13528071257092056,-0.0017921644897480706,0.030199027146376643,-0.15511372255691916,-0.007945098158474304,0.031070059796376847,-0.08717764865225489,5.589584119051025e-19,-1.3439052331491503e-18,-0.11815552567021337,-0.0009538843469404365,0.002971027641946037,-0.14524673417303685,-0.002329006045998811,-0.0017414873028738806,-0.1698256327993146,-0.004307296859728814,-0.0004885756410097535,-0.08099562357686578,-0.006096831159998519,-0.00931402120341529,-0.10613512078805301,-0.00708251368667905,-0.012324835579115269,-0.12930742925418823,-0.006486914577234733,-0.015997353606623882,-0.1513009172902624,-0.01011780277931137,-0.01792017311558725,-0.06656585273470685,-0.00904522210515164,-0.02085162649604246,-0.0867364554030516,-0.0054104630929621735,-0.026218617575607308,-0.10701320743743077,-0.003956160020925815,-0.030443319640757013,-0.12578617511659784,-0.0061218585089269735,-0.03189805886655006
0.0,0.0,0.0,-0.02826505619536122,-0.004632085930651342,0.021944065271270626,-0.05080484796533628,-0.0007667897165139104,0.042459836870208253,-0.07202491673880594,0.007089558701604436,0.058129605890329665,-0.0926574246129791,0.005673686253668083,0.06851400844197274,-0.08850514005818838,-1.0180848294071287e-20,0.014039875507343312,-0.1085226613978743,-0.0033372687072249136,0.024659675726683993,-0.13248022564990264,-0.001460938327849185,0.029871820297118892,-0.152147729030252,-0.005952718533602794,0.0313105117720891,-0.08569510082170549,1.550856613121018e-18,-9.39772474370113e-19,-0.11600005782969232,-0.0004186805221418746,0.002966460924426588,-0.14331535708187396,-0.00033383207787065464,-0.0016271931658155417,-0.1681330102786028,-0.0009991806329455735,-0.00025990838563014673,-0.07958532123423719,-0.005629090498372053,-0.008668662546090646,-0.10402113218795095,-0.005564023455755103,-0.011563347036606907,-0.12745906586688246,-0.003591603982646674,-0.015271533946707157,-0.14989018591279724,-0.006070160247749132,-0.017025861080243176,-0.0653284688705866,-0.007927592458659143,-0.019897797150734968,-0.08523368829208602,-0.0036830951269134307,-0.02535706997752551,-0.10540158631510994,-0.0012520071265573248,-0.02947728959046114,-0.12440084029815072,-0.0028547742373836176,-0.031178686785072494
0.0,0.0,0.0,-0.02801631592219283,-0.004557841640600582,0.021840027917360044,-0.05032526632371887,-0.0005109269643943407,0.042464240536364606,-0.07103955789016904,0.007485996186263978,0.05853764601274509,-0.09141718774724299,0.006111317715226889,0.06896689614267634,-0.08771745925302257,-3.726460666534934e-18,0.013753645566988755,-0.10716358514182163,-0.003570740700866718,0.024326510120148893,-0.1306735195507002,-0.001271576700692493,0.02963089012893516,-0.15002159778581642,-0.0046382636151956385,0.03143809746059879,-0.08481818447988625,-6.8245446888943916e-18,-3.0206348488939014e-18,-0.11473988042431986,-5.2569332926487896e-05,0.0029621694489958663,-0.14217083255476684,0.0011294488419793085,-0.0014761042023043631,-0.1670703288050495,0.0014630259919404612,1.8434263819125678e-06,-0.078801346453322,-0.005333048000712716,-0.008350596027010762,-0.10284955894442457,-0.004502367209887935,-0.011075243085913976,-0.12637545505775793,-0.001504034898314917,-0.014714220631231493,-0.14906602820393708,-0.003090002586933148,-0.01631800646856024,-0.06467976200749354,-0.007203845677933297,-0.019465990601814306,-0.08445087672239347,-0.0025579192749515395,-0.024902041775875256,-0.10447785112051776,0.0005830074927963937,-0.028875496849643596,-0.12358089306955632,-0.0004326310977449818,-0.030658845358698023
0.0,0.0,0.0,-0.027890686311303505,-0.004463335379246744,0.02185095755933695,-0.05013589270349588,-0.0006134956381805085,0.04250646669190585,-0.07085579487856138,0.007220636288625206,0.058773957604310825,-0.09123338695619229,0.005834894465524618,0.06929963360614737,-0.0875322843361154,3.0377787534606805e-18,0.013841444031446774,-0.1070330486820251,-0.003700287366384222,0.02434145733831796,-0.13030003584540334,-0.0013149774797511294,0.029561921366051028,-0.1492216033371922,-0.004373121767199512,0.03143302709287212,-0.08478136043813528,5.076150629234284e-18,3.768634843720567e-18,-0.11472366771534086,1.9140415588447312e-05,0.002943144999142222,-0.14215937390297204,0.001655207762146371,-0.0013824711331354147,-0.16699873090765313,0.0024007716829486836,0.00011110483917822585,-0.07886866744790723,-0.005286591036252158,-0.008460104624319184,-0.10297175251846542,-0.004171348783994137,-0.011026836711238316,-0.1263949235052026,-0.0007490667117717459,-0.014543504011755132,-0.14913100885197964,-0.0019365111145846958,-0.016085018868549926,-0.06482165054329897,-0.007087963242633604,-0.019723608611566548,-0.08464757873771993,-0.0023753496695487586,-0.02505609672933854,-0.10453852826166106,0.001048821676297185,-0.02891764091273564,-0.12360737462274786,0.0005205596802892182,-0.030593613607680613
0.0,0.0,0.0,-0.027918152090097646,-0.00437704293022395,0.021989995843477134,-0.05029774181913401,-0.0010822801909070845,0.04257905225290631,-0.07155827168136994,0.0063041254894248555,0.058808956278212955,-0.09220067338625734,0.004879467620497991,0.06945874531427672,-0.08798843517504801,-2.0098188580510397e-18,0.014314232822475426,-0.10816629434312931,-0.0037537695882743373,0.024734828053678052,-0.13142327133551526,-0.0017234156048415961,0.029682509049086266,-0.14984866301200897,-0.005435498962843321,0.031285438776387176,-0.08560590898828738,-2.1675883731629263e-19,-9.367775835715889e-19,-0.11599223685695302,-0.00029576692008431135,0.002891483597584616,-0.14334385803148342,0.0009738745345164696,-0.001429039961098036,-0.1680196381728992,0.0013441185355791028,-7.982168488740582e-05,-0.07978912971970158,-0.005525472624808002,-0.008996343112987505,-0.10441329700982042,-0.004723976173137853,-0.01147728109989555,-0.12757706984286996,-0.0016320472946402024,-0.014870936523185616,-0.15016238857620323,-0.003098925901262027,-0.01648844018741533,-0.0657408212763827,-0.007678025404207777,-0.02066764940607785,-0.08582824383256886,-0.003296824512297139,-0.02585561326977139,-0.10563613351862383,-0.00010873165194026032,-0.029692647108077043,-0.12456380212903417,-0.00038269636074851523,-0.0311132560725778
0.0,0.0,0.0,-0.028086323219967946,-0.004383103480184527,0.022254797341366386,-0.050763653535265324,-0.0019474613976978754,0.042721066090332396,-0.07297747763129112,0.004729864865929567,0.058744627033986106,-0.09409263572327449,0.003257554818902604,0.0695056974234988,-0.08898419042284891,2.201882801185788e-18,0.015109243365767432,-0.11029881141228422,-0.0038254881006388594,0.0254281549088019,-0.13374307044042621,-0.002642567523888365,0.029966082412464918,-0.15162155346421663,-0.007948423089934037,0.031058407540068275,-0.08711357875282774,1.6195191449094127e-18,5.302494944919994e-18,-0.11828011005273925,-0.0010402559639626926,0.0028040498029857992,-0.1454760159852707,-0.0009865082187829554,-0.0016155336333721355,-0.1699100787871547,-0.001855534796385118,-0.0005506023612750754,-0.08134918016815351,-0.006036493114338552,-0.009856476416367903,-0.10686136057372543,-0.006170367454828348,-0.012341495983373384,-0.129662345129632,-0.004178494419738128,-0.015619736270175042,-0.15194151397876215,-0.0066910489096497555,-0.017433237413046133,-0.06720677828997261,-0.008926676000816636,-0.02211398524683976,-0.08772887864483637,-0.0052582650265423385,-0.027136389281734778,-0.10753945180214602,-0.0028364916734990135,-0.03102777612691692,-0.12627913356645903,-0.003193727576658276,-0.03212220575413825
0.0,0.0,0.0,-0.028347705513456622,-0.004565173826461556,0.022640497163216502,-0.05140374612701214,-0.003203816924092958,0.04299240205878616,-0.07477605213034211,0.0025486699256223088,0.058738389179495296,-0.0964788456325296,0.0010251269137220489,0.06955170638614726,-0.09035102237518303,2.0758209949536875e-18,0.016120977031701556,-0.11301195554600398,-0.004020295535460647,0.02629220359856109,-0.13675795606578336,-0.004149077833456555,0.030373849323340855,-0.15402921555643068,-0.011804974555115802,0.030870135963246736,-0.08903174194804678,4.8272683361716226e-18,-4.176135039047647e-18,-0.12115927799451963,-0.002192116849659898,0.0026951117172462503,-0.1481222151423886,-0.004090226762307146,-0.0018674840956520986,-0.17222556577384127,-0.006999675683655436,-0.0011424217093773084,-0.08323312842190388,-0.006758732176698891,-0.01088307112903509,-0.10982064424039441,-0.008382916248945037,-0.013440737114420611,-0.13219648612194967,-0.008150885509719135,-0.016582474480150634,-0.15404372882826242,-0.012448928362426137,-0.018637683458227933,-0.06888273172099937,-0.010659978675012458,-0.02378680232401867,-0.08994535143425808,-0.008011132835386821,-0.028627592803857124,-0.10984524367272833,-0.006823715993781952,-0.0326005326487878,-0.12840673282421802,-0.00765797301185051,-0.03337037875910681
0.0,0.0,0.0,-0.02863751178086301,-0.004949773130623955,0.023140255811904473,-0.05206410841538634,-0.004740554162368018,0.04343070167262529,-0.0765847283406035,-3.2264470957795834e-05,0.058907613243791714,-0.09889557740675584,-0.0016099715852901466,0.06967577554472605,-0.09191816974148495,1.0379980474036891e-18,0.017228334844885354,-0.11587695237555931,-0.004389986622074877,0.027196962835808403,-0.13993827925368732,-0.0061740950584359775,0.030862298228341547,-0.15652402048874686,-0.01662605812791618,0.030826985523314164,-0.0910873961868648,9.104016287538959e-19,-3.6290475266520436e-18,-0.12418766177490197,-0.0036522203014416614,0.0025847201517058636,-0.15082068967135273,-0.008014973559073477,-0.0020968545597162204,-0.17446952587878686,-0.01357351445916049,-0.0016772328099487696,-0.08513316312183968,-0.007592551972451822,-0.011912391931420515,-0.11278575926782874,-0.01111288634664267,-0.014576959693101674,-0.1346968808874577,-0.013101382249112621,-0.017535050814456134,-0.155998389899068,-0.019783932140379656,-0.019793748247778655,-0.07044731983360136,-0.012622148187579304,-0.02541199795135342,-0.0920801064926565,-0.011194549549708051,-0.030063566787636876,-0.11212712520855327,-0.011591727648945203,-0.03409110060414369,-0.1305482417497633,-0.013300783536569109,-0.03458981456807913
0.0,0.0,0.0,-0.02889564766435883,-0.0054897792155241204,0.023735561682278226,-0.052626300503320955,-0.00633269274710225,0.04402606148863731,-0.07811573036243015,-0.0026399633411560894,0.05928617851607619,-0.10097910522602246,-0.004269243581503321,0.06988984029147395,-0.09353916565905154,-1.4745611363616997e-18,0.018310303089388368,-0.11853821247898548,-0.004903065907174818,0.028029408032552723,-0.14284043611557892,-0.008479336254441748,0.03137770320338723,-0.158679056152962,-0.0217861702596042,0.03097849402132287,-0.09304794523406452,-3.3928852897340985e-18,2.8265007243215964e-18,-0.12699628335527674,-0.005244797932691612,0.00248900517697222,-0.15319721669378855,-0.012287163351079563,-0.0022444704968252395,-0.17624699475444947,-0.020806028762055624,-0.0020368519540544636,-0.08680695851135294,-0.008416741375520564,-0.012801882537355034,-0.11535147495007765,-0.014015743823183442,-0.015577436429447507,-0.13678088682693706,-0.01843320812859945,-0.01830578063013599,-0.15744045726184405,-0.027857102394924633,-0.020669624024491226,-0.0716700668228301,-0.014526525488954955,-0.026765205407703885,-0.09383690187944803,-0.014398157382485899,-0.031239338682773166,-0.11404672871432463,-0.016570578342744183,-0.03526110160316118,-0.13235921729019032,-0.01950167994864488,-0.03557612836118294
0.0,0.0,0.0,-0.02908297149144099,-0.006080877382825224,0.024387546678139128,-0.053041000107014485,-0.007682081151737124,0.044719363214052676,-0.07921660357752741,-0.004798477540237653,0.05983018162362248,-0.10251910074072862,-0.006466490989043801,0.07014763815258135,-0.09508151495923876,-7.0004164177359645e-19,0.01925229308571777,-0.12072740679667326,-0.005452254286481338,0.02869572654149823,-0.14514948269675051,-0.010690441370405507,0.03185295946534683,-0.16026619003638465,-0.02650062027519423,0.03130856895294595,-0.09471417204751885,1.0382567229116297e-19,-5.937794708614078e-18,-0.12930710993287814,-0.006733644284687617,0.002417524457777459,-0.1550154224083702,-0.016329482486000985,-0.0022919237108337837,-0.17735599892890372,-0.02775381635894371,-0.0021832632055750773,-0.08808186411519808,-0.009108271944016942,-0.013438199447681055,-0.11724710929820557,-0.016685581749537996,-0.01630827319305731,-0.13822523167645323,-0.02345996932699177,-0.018790908881201676,-0.15820445793882942,-0.03566519507969774,-0.02113906961252569,-0.07242607635386114,-0.016098534642093203,-0.027680617121314602,-0.09504624598907195,-0.017205883899163856,-0.032016670483807505,-0.11540325168144226,-0.02114899315469504,-0.03596393162481674,-0.1336159330458268,-0.025541044569471053,-0.036207555079283596
0.0,0.0,0.0,-0.0291906885221827,-0.006600651872997522,0.025034827863009028,-0.053330417208533626,-0.008492907656395375,0.04541190098257908,-0.07986900732686893,-0.006040811884055227,0.06043935842288858,-0.10344984821960845,-0.007721718162103568,0.07036439289604546,-0.09641472084418326,4.146761038193656e-19,0.019952351053831897,-0.12225273130930467,-0.005895464189548158,0.029120223952232006,-0.14668128693515453,-0.01239306880790365,0.03220486520852563,-0.16125540090684548,-0.029992025901084945,0.03173504914274412,-0.09590914313000334,-6.02880086775068e-20,-4.496090214320163e-19,-0.13092291921369667,-0.00786825516836219,0.002367400640359649,-0.15617573946669183,-0.019560099941554793,-0.002269182658556459,-0.17780147931314885,-0.033467034765365083,-0.0021663898594235166,-0.08883873715420494,-0.00956389782192474,-0.013740559058159244,-0.11832469928770481,-0.018720903708985052,-0.016685097463810878,-0.13896371245149436,-0.027511117062921416,-0.018961126286580334,-0.15833602921085993,-0.04220420767954218,-0.021193899195523492,-0.07266993926536368,-0.017117543332082485,-0.028050688829370205,-0.09564193522362598,-0.01924980179260733,-0.032321548064607984,-0.11613015871039054,-0.024749655099863526,-0.03614130284286011,-0.13423775519806586,-0.0306904891866349,-0.03645133463544646
0.0,0.0,0.0,-0.029242006197747604,-0.006954319139291954,0.025600309430057512,-0.05356343416858031,-0.008568497757363692,0.04598315668702148,-0.08015107752323941,-0.006056869502796651,0.06098256873066772,-0.10381548522635764,-0.007713388385189475,0.07043798803947689,-0.09742421954874958,4.433660094717847e-18,0.020334338996082134,-0.12300782145763563,-0.006114090738863323,0.029246700176914747,-0.14737662733732584,-0.013261403909045497,0.03233842492963557,-0.16175815425644724,-0.03169500289922707,0.03211561498244979,-0.09649939032825888,3.616086058716451e-18,-1.1583533275032852e-18,-0.1317312181436231,-0.008450199675641522,0.0023165848277780948,-0.15668685652788975,-0.021527883719091707,-0.002256495481723225,-0.17773878965317255,-0.03720408869101918,-0.00212205341372211,-0.08901273936033446,-0.009720650685597848,-0.013671270384965198,-0.11854406986753804,-0.019814183749435173,-0.01668989897784333,-0.13904928657244725,-0.030074918905274257,-0.018869571872730972,-0.1580263304792089,-0.04668425194205237,-0.02094947151039485,-0.07241110081319263,-0.017456850432339504,-0.027837471246135517,-0.09563080524005435,-0.020277306249780663,-0.032151298287611874,-0.11626318194536317,-0.02693837361223224,-0.03582730662273897,-0.13426516452983608,-0.034353283008414066,-0.03637039241493872
0.0,0.0,0.0,-0.029278504342068305,-0.007105361509548805,0.026007714072505714,-0.0538077288684038,-0.007882569365259993,0.04632348576955929,-0.08017142138282256,-0.004807153925225738,0.06133861876960301,-0.10371513041381264,-0.006399276539673085,0.07028558598691176,-0.09803573585018065,5.165305005272942e-19,0.020362833495611153,-0.12298522700930298,-0.0060600941813886335,0.02904767456332733,-0.14728108442312074,-0.013159706286118459,0.03217198816423169,-0.16193087942782552,-0.031406661313718894,0.032282895330014154,-0.09643142634844544,2.6044618451471466e-20,-5.122818351636068e-18,-0.13171354089468748,-0.008388793596460484,0.002230579675908235,-0.15661884048351388,-0.022017148897267726,-0.00236036353476878,-0.1773681807264024,-0.038589544179837405,-0.0022313524072602505,-0.08860784856278417,-0.00956855582961207,-0.01324612890453314,-0.11795947002789754,-0.019826447613377193,-0.016373201123235044,-0.13859681306817104,-0.030905711900795822,-0.018635934693246654,-0.15750000195850716,-0.04868836643053276,-0.02061281048774327,-0.07170449092481185,-0.017106206923314122,-0.02708376368098927,-0.09507179430918793,-0.02020007881390656,-0.031573598378313965,-0.11589573229408925,-0.027512695987994277,-0.03513807207916639,-0.1338072330304579,-0.03618264342716863,-0.03610446904744672
0.0,0.0,0.0,-0.029336007227190587,-0.007081402358761324,0.026203746393642556,-0.054085831631549806,-0.0065919439862649745,0.04637602894291699,-0.08000927643232078,-0.0025457556287059226,0.06144933022608638,-0.1032524203604204,-0.004044362379789043,0.06989290296339998,-0.09823602658361699,-1.0464899339460778e-18,0.020055595020689234,-0.12228279975740435,-0.005771976360664725,0.028542540528648686,-0.14652126989155975,-0.012181679205651148,0.03168044892672603,-0.16188853584190688,-0.029337667173874045,0.03211286850239605,-0.09576134911863603,4.937098896533911e-19,2.8509988874723632e-18,-0.13095415117487394,-0.007727178960922537,0.0020836617521925653,-0.15606727738684098,-0.021090373694962264,-0.0026631571223295044,-0.17683904779665136,-0.037677842882925375,-0.0026426044617963566,-0.08771241859558206,-0.009154676778410373,-0.012537709112728085,-0.11671122267102055,-0.018825530653458145,-0.0158339515126532,-0.13773712041282143,-0.03006660405282416,-0.018400441608961864,-0.15691720241875867,-0.04823919278798105,-0.020408362339465465,-0.07065326049490163,-0.016174542370297335,-0.025913862773719938,-0.09407062323669502,-0.019113429386106502,-0.030709525030595698,-0.11514630048828424,-0.026543125264623733,-0.03423830790731518,-0.1329950165430926,-0.03614316914438622,-0.03581981632381945
0.0,0.0,0.0,-0.029427093360906594,-0.006957693685530358,0.02617534048329478,-0.05436652289921507,-0.004995480868867152,0.046163987819336366,-0.07970051937476955,0.00024220394732278854,0.06135308059825726,-0.10252266576690311,-0.001158430390573248,0.06934437949365713,-0.09808125268380198,1.0800209516189833e-18,0.019489507395524523,-0.12110136317366425,-0.005355261360804565,0.027812927873635648,-0.14529510477894783,-0.010618988953536022,0.03092977423641508,-0.16168289978271497,-0.026059568052870432,0.03159294299976545,-0.09466127055188069,1.2607328153924862e-19,-3.1830149464735908e-18,-0.12964488133537796,-0.0066319881979666415,0.0018794411664803798,-0.1551519260108951,-0.019066386886564424,-0.0031728715021344463,-0.176222969985503,-0.03492635610064977,-0.003393950521984391,-0.08650286088489487,-0.008577944113920752,-0.011669963921935634,-0.11502460005308515,-0.01707826759082112,-0.015190824528407643,-0.13660871527733118,-0.02791016431880071,-0.018270051319572725,-0.15634531628250814,-0.045776228519359065,-0.02049162893802523,-0.06941385498994329,-0.014875831198788754,-0.02452335580753881,-0.0927867280189502,-0.017286024661082932,-0.029710528083204405,-0.1141529439121903,-0.024362305232883536,-0.03330060287307539,-0.13196677878749113,-0.03450753455968677,-0.03564967554609353
0.0,0.0,0.0,-0.029541411406991624,-0.006826433651980495,0.025956999829233572,-0.05459627020761735,-0.0034552783001227166,0.045784630809181645,-0.07927348400968524,0.0029595231300328867,0.061165548930920646,-0.10164055341648195,0.001628917143738583,0.06879770068691787,-0.09768948294510853,1.9578354244547825e-18,0.018795713343658385,-0.11972906996624728,-0.004936722039551419,0.02699990274395609,-0.14387519116049421,-0.008870971440406954,0.030072323267270905,-0.16135330611091744,-0.022364184310324754,0.0308426307820383,-0.09339350355838265,1.4394336958732095e-18,-1.81315767403001e-18,-0.12807837577451467,-0.005349251370138264,0.0016537237695124405,-0.1540442860971439,-0.016447450154230492,-0.0038061839936328434,-0.17556517914463818,-0.03109530656454187,-0.004380728407351734,-0.08522348127174112,-0.00797059119989227,-0.010802384968974722,-0.11320601623393974,-0.014994520182336957,-0.014561740881662942,-0.13538275587285128,-0.025007233047533817,-0.018285456609633814,-0.15580874369076436,-0.04206234616882299,-0.02089170826542469,-0.06818848166150766,-0.013493761196715625,-0.023156930556774674,-0.09143731513780422,-0.015118085444446264,-0.028741045628825432,-0.11308716256668246,-0.021506344614585064,-0.032476501524814017,-0.1308817162882784,-0.031801503797446264,-0.035653275676963456
0.0,0.0,0.0,-0.02965979435696995,-0.006759641074299427,0.025624420875220096,-0.054744829468431254,-0.0022923805220994103,0.0453655959952285,-0.0787987485764436,0.0050566356946581325,0.06100376144535397,-0.10077357568453092,0.003740536497507594,0.06839756125692059,-0.09722009837931937,1.913692192486704e-18,0.01813735774840148,-0.11850272030704297,-0.004612692511653108,0.026275501079716625,-0.14259638540751648,-0.0073240975870482285,0.029294481394402196,-0.16099622109343703,-0.019063069486746385,0.030059378043866037,-0.09225608153352745,5.214915248529603e-19,2.0837884249354905e-18,-0.12661566327433996,-0.004138433166881349,0.0014539890539584563,-0.15298810421372253,-0.013808925004644501,-0.004424868668998183,-0.17496124053218778,-0.027087928518768012,-0.005400227806791648,-0.0841414300942831,-0.007465120255612974,-0.010102316711800568,-0.11161605763645849,-0.01303005857277035,-0.014058629007740974,-0.13428554971668238,-0.022031151088789235,-0.018430143546184784,-0.15536675166694977,-0.03803195025419258,-0.02151970395382043,-0.06719580124377648,-0.012320714955780873,-0.022071611065985406,-0.0902800304157892,-0.013065006596911302,-0.027968888199719936,-0.1121612927032757,-0.018611870776880708,-0.031890427502724576,-0.12993471425642836,-0.02870811619628013,-0.035816021635690615
0.0,0.0,0.0,-0.029767154267506517,-0.006781371578576436,0.02526858278099877,-0.05482628342005235,-0.0016849605020694655,0.04500369813218078,-0.0783966608628647,0.00620393992213254,0.060904379219533844,-0.10012428004561578,0.004839554446927976,0.06818699585702453,-0.09683046226060181,6.854107672834448e-19,0.017661452074270983,-0.11772060868825708,-0.004420664859520791,0.025789675285093145,-0.14177751775003195,-0.006246937435358161,0.028740023583850027,-0.16076272957660764,-0.016774215143324327,0.0294142137437375,-0.0915007589329025,-5.278795271275893e-19,3.0355020015911543e-18,-0.12559589371855587,-0.0032050152372792924,0.0013090847558521422,-0.1522501805610142,-0.011661158429909939,-0.004911536084929962,-0.17456571172438418,-0.023731718340734557,-0.0062617193352700684,-0.08347436024485247,-0.007154629111249238,-0.009702264589509584,-0.11058333387193459,-0.01156375725185487,-0.013781514405490707,-0.13355824494992335,-0.019593423664481205,-0.018672205291850364,-0.15513188715273876,-0.03456448734841157,-0.022243358456600634,-0.06661244272919908,-0.011576855844345736,-0.021475124394433113,-0.0895491504043589,-0.011523141941241013,-0.02754418974611932,-0.11158580547817552,-0.016260177238688153,-0.031641582800711866,-0.12932587564222459,-0.025908507939338285,-0.03608919141669198
0.0,0.0,0.0,-0.02985381600554815,-0.006874260141237702,0.024958712922960806,-0.05487806414946522,-0.0016255672808388574,0.044733561862640304,-0.07817434379116898,0.006389985306516045,0.06082100279086029,-0.099837144268515,0.004935363037872828,0.06810753677881647,-0.09661143533168162,-1.909758190088177e-18,0.017437738491414216,-0.11751522222115078,-0.004352471742852752,0.02560981449836249,-0.14157987482850887,-0.0057450010166879666,0.028456684264711266,-0.16075818286325796,-0.015767865017834302,0.028981038460769954,-0.09123988676950591,-5.978063977636224e-19,2.019751113600947e-18,-0.12519613066089874,-0.0026536368439970307,0.001215557824907822,-0.15199127080262875,-0.01031446000090561,-0.005225322592482679,-0.17449768808904753,-0.021544857148589933,-0.0068759689866411755,-0.08330376337435028,-0.007063619394196425,-0.00964882680476047,-0.11026330377627946,-0.010788283977813768,-0.013785163046406325,-0.13333789474131952,-0.01806193677301826,-0.01898716472562059,-0.15519110562392113,-0.032218338107227504,-0.022957594669595075,-0.06649557304804973,-0.011336804399184459,-0.021441868490817414,-0.08934921583718015,-0.010702994439745603,-0.027543358937394215,-0.11146825664732037,-0.014795912542476313,-0.03177302736584632,-0.12917102418637438,-0.02387002297643871,-0.036422801082814156
0.0,0.0,0.0,-0.029912388720324534,-0.007015517500647825,0.02472010780404309,-0.054926068550765525,-0.00197043215525555,0.04454865294154627,-0.07815250882707446,0.005863167611794073,0.06070660471186794,-0.09991047159487595,0.004317588346106169,0.06808937536210936,-0.09655440755309139,2.988135992117883e-18,0.017433035359512305,-0.11779126910483134,-0.004389617266665211,0.0256959973651951,-0.14192347700036467,-0.00578427310876726,0.028403058038188645,-0.16095354236991732,-0.015950682482782298,0.028751065645121605,-0.0914103798778542,2.3045993787856242e-18,2.565129871812626e-18,-0.12535413391745573,-0.0024809636237115794,0.0011522297351117322,-0.1521726568432936,-0.009818339705729043,-0.005392332711139561,-0.1747427609415135,-0.020622884774521982,-0.00725257958946648,-0.08354250394152057,-0.007150658233543357,-0.009882125103704365,-0.11055883963680889,-0.0106799415525519,-0.014039582232339424,-0.1335685535453507,-0.017475355878391385,-0.019340612975691014,-0.15551868293449045,-0.031092823202578536,-0.02359401788346936,-0.06675074151163744,-0.011517968831739825,-0.02186992263646629,-0.08959528995558057,-0.010574725335552699,-0.027915645475054044,-0.11174498632326589,-0.014238708836677487,-0.03222345908787763,-0.1294321626653607,-0.022717052627368745,-0.036762656061682976
0.0,0.0,0.0,-0.02994157416814258,-0.007200754691423277,0.02454332700599105,-0.054976794008315344,-0.0025249087900669947,0.044436662597167206,-0.0782666182135321,0.00498418028523557,0.06057554349498881,-0.10021221844666957,0.0033939626095517814,0.06811760601392164,-0.09658689772469242,-3.146248456719729e-18,0.017545053715493357,-0.11830041832375135,-0.004521420265571004,0.02593318703187912,-0.14255217460083813,-0.0062447554199031845,0.02849399400267201,-0.1612101306385917,-0.016980987384942282,0.028678774981633064,-0.09183258537019481,-1.10805401995384e-18,-5.151281731458073e-18,-0.12583263988822285,-0.0026069551517094044,0.0011020747311950184,-0.15259509404771135,-0.010015805620464271,-0.00546408608436831,-0.17515708210542408,-0.02072908030211591,-0.00744727627344791,-0.08399492127963225,-0.007339038373698352,-0.01026911561392549,-0.11118863566887467,-0.011060793541380476,-0.014436240041669868,-0.13404006185092898,-0.01762120107785107,-0.019676438148301483,-0.1559792736952399,-0.03093245338703282,-0.02410427857630291,-0.06718481436635924,-0.011942005057284912,-0.022530441921845445,-0.09006738480704547,-0.010931685165252867,-0.028498646862745742,-0.11222105892551894,-0.01436101864176978,-0.03283230998350867,-0.1299404379115084,-0.02229815521898942,-0.03704519504471823
0.0,0.0,0.0,-0.02995329631207585,-0.007439232969567134,0.024413253992277967,-0.055035650951431855,-0.003105451135910811,0.04439255300506161,-0.07843040042221176,0.004100232198742507,0.06048519779332347,-0.10057691211139012,0.0025505822679798436,0.0682146360875506,-0.09664044469173912,-1.5329361691724155e-18,0.017663135264349806,-0.11878376502265907,-0.004736144040146766,0.026190687571755647,-0.14318347690664646,-0.0069693533587913276,0.028640663751638734,-0.16138185748985845,-0.018432522392337156,0.028706224831173573,-0.0923112451456335,-2.495668072394596e-18,-3.196301325299986e-18,-0.12636097065894286,-0.0029213311508533004,0.0010596189729858959,-0.15302231163468197,-0.010671544294145975,-0.005491160882200647,-0.1755544678856895,-0.02151542395656127,-0.007526192274049073,-0.08445478863015807,-0.007550735154596467,-0.010660631013318518,-0.11183546510547397,-0.011700109815107006,-0.014838999833150334,-0.13450679470590501,-0.018209508179177956,-0.019935020878060757,-0.15640177980134415,-0.031383786529343344,-0.024456339885810346,-0.06759516236639175,-0.01242031725925667,-0.023167437017569622,-0.09052502533388951,-0.011516300042362093,-0.0290924895612128,-0.11267442506003442,-0.01486253921252985,-0.03340501979428574,-0.1304829564906938,-0.02238388880744278,-0.0372137289425077
0.0,0.0,0.0,-0.029972804108098616,-0.007741453793100231,0.0243331252286971,-0.05512324731875402,-0.0035847029456269742,0.044415926947368865,-0.07859616495094138,0.0034504386943127927,0.060486170824423216,-0.10090029092284626,0.002043059455570743,0.0683937943675665,-0.09669869241774214,-1.0999988874951094e-18,0.01771757225118204,-0.11908680182697798,-0.005007838927551935,0.026374489437399885,-0.14363789192574813,-0.00780930476001535,0.028775756148740277,-0.16140389249901288,-0.019951784644672444,0.028776543629789528,-0.09271683915122253,-2.2618394702844345e-18,-3.37978342273699e-18,-0.12675743602384215,-0.0033272305820170626,0.0010266796922349115,-0.1532945097556502,-0.01159952420054111,-0.0055130194787195415,-0.17579789712945548,-0.022737119682813535,-0.00755180385499297,-0.08478265665596908,-0.007732648230499308,-0.010939982329327188,-0.11227587161075513,-0.012410242897498702,-0.01513865801387777,-0.1347955685174812,-0.01903614524523691,-0.020079119546711738,-0.15665539735026504,-0.03223630863612898,-0.024640296938851582,-0.06784069547562276,-0.012825705451900463,-0.02358663212583892,-0.09080412820533569,-0.012137988933249938,-0.029536775358602146,-0.11294890001974307,-0.015534183832729438,-0.03378808591927116,-0.13089038442580825,-0.02284760100540737,-0.037242504157286555
0.0,0.0,0.0,-0.030028304955189346,-0.008111189442445798,0.02432686242014112,-0.05527099012762756,-0.003917511194855467,0.04450549067773035,-0.0787701593664955,0.0031138916561934456,0.0605939881433849,-0.10117300051517546,0.0019345426778862803,0.06863906012036185,-0.09679856330345918,-2.8433158123706775e-18,0.017695771178578512,-0.11919382813657746,-0.005295572219573382,0.026453312616069244,-0.14388246873442984,-0.008658176423581855,0.028868109805647187,-0.16131037688304128,-0.021351676691600416,0.02884946056497214,-0.09301442311359218,-2.2700632072983978e-18,-9.96400948585455e-19,-0.12697338685607423,-0.0037673024675457284,0.001008470331400832,-0.15337083839913462,-0.012721663273489173,-0.005551313406758631,-0.1758379067949734,-0.0243379253771517,-0.00757193466987696,-0.08493666357948378,-0.007868725956537977,-0.011048599682453017,-0.11243575754960294,-0.013099821512429576,-0.015279399680019904,-0.13485043088861165,-0.0200504677638492,-0.02010383686173978,-0.15668428742078638,-0.033505775485875605,-0.024669394135751546,-0.06787322138878106,-0.013125023329223157,-0.023700144970561575,-0.09085646610406553,-0.012730877958245236,-0.02975031224658537,-0.11299176363877408,-0.01632748152670798,-0.033910567998832714,-0.13108033678981512,-0.023718589247192445,-0.037145782546638285
0.0,0.0,0.0,-0.030136270940040653,-0.008537611773020934,0.02442365763963102,-0.05549868411758654,-0.0041310018251,0.04465353316422369,-0.07898279822384088,0.0030275136569708453,0.06078675323439907,-0.10144492731644857,0.002114317814668712,0.06891017163548381,-0.09699434797657,8.987989822317321e-19,0.017627221526922053,-0.11918761574063902,-0.005551325634164893,0.0264553258480426,-0.14399090581953974,-0.009456790301835936,0.028927535830714318,-0.1611888107411004,-0.022603044409118908,0.028914644052729588,-0.09324161606409234,6.842395471996645e-19,2.212360110657992e-18,-0.12706198906096847,-0.0042230263491963415,0.0010155807689922402,-0.15330229684200955,-0.01403954838966664,-0.005601070221618284,-0.17569607564745443,-0.02638120622149894,-0.007601159521272637,-0.08495892327059251,-0.007973378993941078,-0.01098647873413994,-0.11237045543695212,-0.01376488381487091,-0.015253827822591515,-0.13471574449424475,-0.021307624722182495,-0.02002294346402269,-0.1565000379190604,-0.0353356893588116,-0.024562668965790593,-0.0677315074493979,-0.013361930256511041,-0.023522608311151445,-0.09073353279452927,-0.013333385647878856,-0.029727149906081902,-0.11283881048225755,-0.01730896158496692,-0.033780426129386594,-0.1310528255994681,-0.025103841835286217,-0.03696055256528635
0.0,0.0,0.0,-0.030292864040570966,-0.00898981947787656,0.0246405172880079,-0.055794883423035166,-0.004287989358457462,0.044845431596151265,-0.0792471042034102,0.0030539286949523036,0.06101996625546561,-0.10176178917670264,0.002380997658873862,0.06915968072201778,-0.09731883769044533,-3.1107045688205563e-18,0.01755766753543092,-0.11918307257119358,-0.005731755744888169,0.026442664771105923,-0.1440742624110349,-0.01017606332636015,0.02899420421010254,-0.1611212831724897,-0.02375817769154706,0.028992720515372522,-0.09346445364955872,-7.113156737908807e-19,4.3969130240163694e-18,-0.12711876011461973,-0.004694134514614399,0.0010645125430868369,-0.15317930849794614,-0.015559944864817371,-0.005627089905624528,-0.17542929076576186,-0.028908874979375564,-0.007606573904835602,-0.08493645564199262,-0.008072686170342812,-0.010796344152916689,-0.1122058644954412,-0.014438965945170537,-0.015084802095665917,-0.13449028231286664,-0.022862761960987105,-0.019846287221730867,-0.15615670506447624,-0.037821148660035206,-0.024320275634924074,-0.06750917054404676,-0.013607691405511217,-0.02313795758064047,-0.09054116223938549,-0.014018360572976311,-0.02951111979780114,-0.11257654699918321,-0.01855468707480702,-0.03345411629124848,-0.13086322713446866,-0.027060807586857447,-0.03671761187024882
0.0,0.0,0.0,-0.03047659010277958,-0.00942086798844877,0.024974234662837734,-0.056118444412879775,-0.00445097533498002,0.045067627580741475,-0.07954338211113415,0.00305073202205673,0.06125269332209806,-0.10212977923439116,0.0025353180684915886,0.06935687034410015,-0.09776847701281799,5.2989270862424106e-18,0.017531444263965412,-0.11928146397989914,-0.005810862643292872,0.026479143790661484,-0.14423377185584438,-0.01080169448532275,0.02911487093749029,-0.16115706081824815,-0.02487567418391255,0.029123926447383697,-0.09374207734860081,2.865758990006665e-18,2.3102364579721535e-19,-0.1272378473375413,-0.005177911580845624,0.0011709162790161274,-0.15309544899375027,-0.017238616355705783,-0.005575567183993057,-0.17510853438722362,-0.0318438049944459,-0.007518176158751154,-0.08496023616702317,-0.008186766112017163,-0.010543733346742579,-0.11208176025094772,-0.015146706256520575,-0.014811801613138314,-0.13428689543534011,-0.024694117955727783,-0.019571795665994672,-0.15573311600420048,-0.04089592028235565,-0.023919630618631324,-0.06731316616041903,-0.013914711561036748,-0.022661745332785827,-0.09039458941732119,-0.014828612756793785,-0.029172461546326814,-0.11230779623218426,-0.020070230114096022,-0.03300745069369004,-0.13059656102592235,-0.029518757112980694,-0.0364287265531837
0.0,0.0,0.0,-0.03065752207306154,-0.009779515790420076,0.025400902912664145,-0.05641704393784228,-0.004664207387799414,0.045316307778770576,-0.07983590195456623,0.00291054797728051,0.06147038030220019,-0.10252484553773857,0.0024369313603495634,0.06950637346739906,-0.09831179391354301,1.0392580053142365e-17,0.01758501165229083,-0.11955504959855064,-0.0057887912942806916,0.026609178738564165,-0.14454443898923938,-0.011334039796482278,0.02932259667069586,-0.16131518081271837,-0.025990757507224193,0.029351710762661964,-0.09411249096735594,8.946518132593437e-18,3.84318033633444e-18,-0.12749453607867178,-0.005665228389766367,0.0013415762147308253,-0.15313327212659295,-0.018977161312403935,-0.005397419318490769,-0.17481290328561447,-0.03498827507232924,-0.007264422806823662,-0.08510029233517663,-0.008323723215378966,-0.010301294145736547,-0.11211660630651067,-0.015889771162128023,-0.014485880948285245,-0.13421003230505382,-0.0266967468082797,-0.01919829401077219,-0.15532255241646567,-0.04433458184556325,-0.02334208565495503,-0.0672331193988466,-0.014298899176005611,-0.022214148366160195,-0.09038943555458757,-0.015755605033697224,-0.02879422260959297,-0.11212935361421306,-0.02177869286170564,-0.032523532464171216,-0.13034888334501382,-0.03228524500114408,-0.03610076015903061
0.0,0.0,0.0,-0.03080484923841622,-0.010024216434330956,0.025871150196144867,-0.05664222483547531,-0.004945869266409245,0.04559032017118347,-0.0800853884167473,0.0025835862294143032,0.061683998496386075,-0.10290356227576777,0.0020316109314138463,0.06964295223009788,-0.09889074566768914,4.805816154303482e-18,0.017734409466292223,-0.12001927842668608,-0.00569301782485804,0.02684230633484281,-0.14502341265517513,-0.011786807816900943,0.029620428350896108,-0.16157261955429802,-0.027103786403499416,0.02969542698309672,-0.0945739262168666,3.690175946213573e-18,-3.4219494248178857e-18,-0.12791233720753178,-0.006142533127301869,0.0015685782676105491,-0.1533320502364048,-0.020638980747546335,-0.005077872852399485,-0.1746042540293812,-0.0380570883534818,-0.006822347100976742,-0.08537977595059917,-0.008480023297507133,-0.010130504670561405,-0.11236369107159547,-0.016644319057120157,-0.014162840880303089,-0.13431966142736698,-0.028699276534532636,-0.018747501145966166,-0.15500424240544036,-0.047789151408465604,-0.02261566554464785,-0.06731216161298122,-0.014740282909305003,-0.021892135818871082,-0.09056701541365897,-0.016739521353846838,-0.028455911494076086,-0.11209817067728747,-0.02353221363436099,-0.03208531129216696,-0.13019565171819783,-0.03507620561216728,-0.03575877102578803
0.0,0.0,0.0,-0.030891615896095254,-0.01013266262516434,0.026307668520925923,-0.056755655338148685,-0.0052831406270206025,0.04587176564441853,-0.08024847933270063,0.0020899106287523674,0.06190494895539458,-0.10320421655512707,0.0013604378794411648,0.06980263396124906,-0.09941462379536105,1.5232543632435795e-18,0.017959510245967737,-0.12060079871077928,-0.0055684526642244955,0.02714546225139304,-0.14559407601034455,-0.012174141544945357,0.02997275218659561,-0.16184583939176775,-0.028169805388480053,0.030124646250781255,-0.09506620385660486,1.1417617061250563e-18,-8.026131708441675e-19,-0.12842558276707952,-0.006591029542550069,0.0018274718937248378,-0.153649682945552,-0.02206769322514751,-0.00465670098354932,-0.17449422596040026,-0.040718601331454544,-0.006251969525996048,-0.08575503328605481,-0.008641901797728179,-0.010063858657577895,-0.11277418862557488,-0.0173585969395601,-0.013891929084685705,-0.13459531797480254,-0.030485050385700017,-0.018276980627560387,-0.15481269478770027,-0.050835323063270904,-0.021840236861891314,-0.06752760893972073,-0.01519062249761186,-0.021744001366228363,-0.09088682758078397,-0.017677434196790902,-0.028215145651331305,-0.11220063933883466,-0.025128261209808912,-0.03176489084169119,-0.13016207222454365,-0.037548742123203964,-0.03545614469546695
0.0,0.0,0.0,-0.030899044790372844,-0.01010083291547985,0.026624607276690665,-0.056734471682310585,-0.005636962849439721,0.04612067777796675,-0.08028942690472117,0.0015073518156200358,0.06212247137491021,-0.10336901326147396,0.0005403210382214519,0.06999635120142673,-0.09978015528484345,2.2866151034646377e-18,0.01821072675934341,-0.12116372089685298,-0.0054607894413252,0.027460588639640175,-0.1461123692212973,-0.012504057455755198,0.030321885928526235,-0.1620141890246403,-0.029121793116904875,0.030567754206053666,-0.09549329513425356,2.3382233741663878e-18,-7.383008479761223e-18,-0.12890521341000907,-0.00699374932829234,0.0020840137747934763,-0.1539798541457802,-0.023132044435775104,-0.004213414047286999,-0.17444845121487407,-0.04268223319972719,-0.005672275407007069,-0.08614015068248983,-0.008791297844417961,-0.010104970424633049,-0.1132275366788858,-0.017971920693631325,-0.013709319038345248,-0.13495306719169026,-0.0318531364809396,-0.01786680869742099,-0.1547395572856429,-0.05308130377662011,-0.021157832400220046,-0.06781371490624993,-0.015594303403299084,-0.02177147710807609,-0.09125155380993685,-0.0184595351725999,-0.028102878354191067,-0.11237063212146423,-0.026367301289770547,-0.03161539083514905,-0.13023084728599818,-0.039383883235992234,-0.03525886670413266
0.0,0.0,0.0,-0.030818409536027845,-0.009936701552979441,0.02675740476137162,-0.056570957797636316,-0.0059619003778752545,0.046289563457114345,-0.08019253503671196,0.0009303546115418455,0.06230368312453592,-0.10336814768493845,-0.0002888714714389582,0.07020761091560478,-0.09990542830792914,5.483494125554479e-18,0.01843446428650686,-0.1215726128862873,-0.005404413822820584,0.0277334696756064,-0.1464322762732809,-0.012783811071792954,0.030616847537199055,-0.16196630234601164,-0.02991280047842583,0.030945537790807758,-0.09576874450835766,6.006680435610486e-18,3.744970212583672e-18,-0.1292245544979006,-0.007344515466708589,0.0023053664177463944,-0.15420574953547297,-0.023768817742899177,-0.003828917637788896,-0.17441443014113214,-0.043782127747582895,-0.005197355874130003,-0.08645450522198668,-0.00891336155829971,-0.010243167652407167,-0.11360049377704685,-0.018442263145201532,-0.013638469272235039,-0.13529430229787387,-0.03268305328740314,-0.017588844333854176,-0.15475265359636378,-0.054279842234360116,-0.020688105921820354,-0.06810501960178307,-0.015911408140694475,-0.021953559335285557,-0.09156085880108851,-0.019011142190284797,-0.028129484367293116,-0.11253394466428411,-0.027119596445630646,-0.03166480151775053,-0.1303674818266287,-0.04037575573987188,-0.035213014480260006
0.0,0.0,0.0,-0.030650906075031386,-0.00965784176765137,0.026679929060750892,-0.0562672046518495,-0.006231648138337518,0.04634156848086806,-0.07996206888948819,0.0004213832456773193,0.06240965003323281,-0.10320427310154594,-0.0010254105811238557,0.07040779717327728,-0.09974952742252467,1.2817620744372673e-18,0.018594732408269515,-0.12173842250913475,-0.005420244465959022,0.027930041769055496,-0.14645537503335507,-0.013027409515394665,0.030828350281422546,-0.16163348847592102,-0.03053859584099845,0.031195634140266403,-0.09584453594709925,8.772636123882675e-19,-1.464556395152227e-21,-0.12930636644009422,-0.007648612526492486,0.0024663181937164013,-0.15424184543560987,-0.0239906627001526,-0.0035593779433825295,-0.17434471539660626,-0.04399913399933338,-0.004893052575046942,-0.08665195477188233,-0.008999884999629544,-0.010466722838328507,-0.11381579413035292,-0.01875781563828971,-0.013693942421989238,-0.13554278677127457,-0.03295555627053797,-0.017485852171560054,-0.1548116621486201,-0.05436945596895675,-0.020486849777334712,-0.06836276970161433,-0.01612732719074116,-0.022268421009046416,-0.09174836327780168,-0.019309076106161283,-0.028293149451772224,-0.1126375214931564,-0.02735158400989829,-0.03191407006297736,-0.13053545437038813,-0.04046498666415308,-0.03532382439815583
0.0,0.0,0.0,-0.030407630161883824,-0.009292517953487272,0.026406668493602504,-0.05583360293736045,-0.006454206207725741,0.046262251746418195,-0.07961854699380023,-1.8428849816369727e-05,0.06241111375882966,-0.10290863643548696,-0.001642775991404819,0.07056990732714871,-0.09931875392375983,-5.537910768226275e-18,0.01868253697570933,-0.12163892042370474,-0.005518479800992471,0.02803917807108795,-0.14615674541337048,-0.01325859659846497,0.030949081751600396,-0.16100812549168392,-0.031038273308393843,0.0312827605476677,-0.09572095281744136,-3.665299465695484e-18,7.586641783998648e-19,-0.1291421798959874,-0.007918932463770387,0.00255058348085525,-0.1540564715019356,-0.023872215667226433,-0.0034281686531288966,-0.1742129671453504,-0.0434435576756591,-0.004767692465941466,-0.08672902875284301,-0.009049294286144122,-0.010767891812778964,-0.11386096467763662,-0.018935712344537704,-0.01388248180146079,-0.13566383004842317,-0.032743166292753104,-0.017565573233275598,-0.15488048301645307,-0.053465748325935605,-0.020540520676978133,-0.06858200285365987,-0.01625098744013435,-0.022702460737612055,-0.09179671348129796,-0.01937896427559316,-0.028586261049216705,-0.11266115730182917,-0.027121880751220555,-0.03234080116688289,-0.13070305560145146,-0.03973469023878658,-0.035556042499855965
0.0,0.0,0.0,-0.030109528849697056,-0.008879582400909759,0.02598736931303491,-0.05529360724732837,-0.006668032699665115,0.04606394513563177,-0.07919854089305549,-0.00044572584799403746,0.06229648769654934,-0.10253794493553328,-0.0021865581698968716,0.07067318459899873,-0.09866708141565265,-1.766287777813549e-18,0.018715664999458505,-0.1213217157698854,-0.005698995914438089,0.028069823202001683,-0.14559399872544132,-0.013505680120488863,0.030989620318306314,-0.16015242471777988,-0.03147880596419708,0.031204272550037392,-0.0954455954895622,-2.3977019115623953e-18,-1.7059712064556937e-18,-0.12879395247405317,-0.008170558477982037,0.0025517646883828544,-0.15368137458837677,-0.023531008243155925,-0.003425890817766204,-0.17402460181632315,-0.04232817887264376,-0.004780246843306047,-0.08672161355435076,-0.009066286407369877,-0.011140168938519985,-0.11378705758410296,-0.019016643784257818,-0.014198836369565468,-0.1356707327901368,-0.03219189772243833,-0.017801716301579156,-0.15493745268926126,-0.0518357399036866,-0.02078064185298144,-0.06878782187829406,-0.01630947335299222,-0.023246760228912772,-0.09173881608800968,-0.01928741502864742,-0.028995921611906394,-0.11262092445491696,-0.026569304784678536,-0.032904047075391234,-0.13084788037144032,-0.038398329355279995,-0.035846723685214736
0.0,0.0,0.0,-0.02978618271186927,-0.008466000030382954,0.02549701207753554,-0.05469043229507807,-0.00692193167180628,0.04578390296417204,-0.0787584313968919,-0.0009422155434094342,0.06207455887432815,-0.10217178982396212,-0.002738024573995355,0.07070522393579666,-0.09789098819485295,-6.445416639250281e-18,0.018730265826068973,-0.12089243951479987,-0.005948519238600793,0.028045991683178204,-0.14489806569330663,-0.01378999514848785,0.0309736653489756,-0.1591943214538651,-0.03192868188738699,0.030991138683656508,-0.0951029674655585,-4.529923153026465e-18,2.8028025896708373e-18,-0.12838107521229436,-0.008414030641716214,0.0024743877951565302,-0.1532080293422364,-0.02310574670582172,-0.00351884930226764,-0.1738203042558918,-0.0409343643952417,-0.004861060201619064,-0.08669218892269298,-0.009061871328429569,-0.011571091023400462,-0.11369186970945075,-0.019056680753927864,-0.01462120917659285,-0.13561928572262671,-0.03149583043448878,-0.0181424053814333,-0.15498230393254797,-0.04985651560726731,-0.0211118219582561,-0.06902221541385645,-0.016342081156047825,-0.02388655820076722,-0.09164664308511183,-0.01912975179740446,-0.02949931130882123,-0.11256442205058044,-0.02589179692940806,-0.03354773698693643,-0.13096124587212654,-0.03677274874057151,-0.03612426870603298
0.0,0.0,0.0,-0.029471753141117475,-0.008101367670060122,0.025019664227462775,-0.05408670443200318,-0.007253158371632361,0.04547591378731932,-0.07837190262171308,-0.0015751152321638326,0.0617741818350093,-0.10190221999812628,-0.0033735851163965123,0.07066594851695263,-0.09711388169725702,-3.771870161854758e-18,0.018765956914331562,-0.12048593607941606,-0.006241816607940256,0.028000187130712773,-0.14423868470496715,-0.014120591591594032,0.030931814085719947,-0.15829744440179114,-0.03244187760702657,0.030700772170844583,-0.09479338192878103,-1.875128974762268e-18,3.115508584158641e-18,-0.12804754816413338,-0.00865379036433935,0.0023348377249687757,-0.15276379775362064,-0.02273604091067912,-0.0036631779045221816,-0.17366448387624084,-0.03957224821865947,-0.004941151994233733,-0.0867076928643088,-0.009052941117778076,-0.01203649509805864,-0.11368629005824568,-0.01911886178963778,-0.015110179498872141,-0.1355869692294719,-0.030865386696049515,-0.018526141762352736,-0.1550328911357774,-0.04795498147650491,-0.021446368680268137,-0.06932236404398917,-0.01639370311981219,-0.024591484498510868,-0.09160649297414955,-0.019011907372466014,-0.03005946485488782,-0.11255360096838021,-0.025309686762327723,-0.03420632589383951,-0.1310502799730481,-0.03522375169821942,-0.03633118143315613
0.0,0.0,0.0,-0.029197674860184902,-0.007829428759116078,0.0246281420277628,-0.05355151714199538,-0.007672609956334601,0.045196478851239584,-0.07811062492045912,-0.0023640540342781463,0.061441699433961494,-0.10180664929509427,-0.004132451280819965,0.07057184933701842,-0.09645641218007213,-1.3803605987660086e-19,0.018849934461914512,-0.12022000999063313,-0.006550512469359031,0.027965605142623685,-0.14376619379711933,-0.014500868827659255,0.03089427934259872,-0.15760400883682477,-0.03305645103647856,0.030401370291937808,-0.0946017860251836,-4.60878595868314e-19,-2.2943443561824487e-18,-0.12790914031189324,-0.008893617464459639,0.0021608820119150096,-0.15246477306111555,-0.022543933370468297,-0.0038163286438988855,-0.17361303523769656,-0.03853324314851553,-0.004977037252300396,-0.0868121882385595,-0.009059199637246402,-0.012500564726849751,-0.11384621100250085,-0.019262889663661242,-0.015612373246225459,-0.1356355401282982,-0.030487870574594057,-0.01889688320801169,-0.1551045716399471,-0.04652567272214995,-0.021729088850993363,-0.06969710346058532,-0.01650298805358869,-0.02531227595646315,-0.09168247200734714,-0.01902445391260094,-0.030625572777924926,-0.11263627251509015,-0.025013001229203,-0.034815429550970244,-0.13113034326830003,-0.03408482592997065,-0.03644293823431326
0.0,0.0,0.0,-0.028982877154124138,-0.007679067741678867,0.024366651089966655,-0.053136235247405385,-0.008156996094103157,0.044990509714335616,-0.0780080602411436,-0.003261707396483966,0.061134670729890456,-0.10190483002456577,-0.0049967009365611765,0.07045642585621181,-0.09599653615764063,2.4146928369325796e-18,0.018984590071684005,-0.1201412967067016,-0.006851503201178982,0.027966699574903765,-0.14354796362451164,-0.01493268070309074,0.030882666078072992,-0.1571729488888745,-0.03378412491379511,0.03015144699463517,-0.09456270935564245,2.2276976172964473e-18,9.58726399264015e-19,-0.12799616461563604,-0.009138320230774759,0.001986925591040667,-0.15235983168681014,-0.022607498544724724,-0.0039443036185593154,-0.17367244810310942,-0.03802631354027945,-0.00495827453870463,-0.08700188605341327,-0.009095391727589781,-0.012919719442283904,-0.114165821856383,-0.01952624572647747,-0.016067817438784097,-0.13576845339477916,-0.03047600607755696,-0.019210071180681194,-0.1551796036554479,-0.045830337862134536,-0.021938864213247963,-0.07010938596843169,-0.016683399084505345,-0.025983510883749446,-0.09187864538872934,-0.01920890216153888,-0.031136945282927275,-0.11281392399901194,-0.025099464357679808,-0.035320935709441434,-0.13120589785326994,-0.03356238340343791,-0.03646905651733224
0.0,0.0,0.0,-0.028827533334457207,-0.00765775438454626,0.02424672053390838,-0.05285504896359915,-0.008653723092242903,0.04488304459516266,-0.07803603434276794,-0.004164078638816858,0.06090852495350977,-0.1021364547475772,-0.00589794701332604,0.07036030512550157,-0.09574853627143888,-3.60666957045352e-18,0.01914802867576857,-0.12020689716264427,-0.007128823054982606,0.02801281506208276,-0.14354719297537538,-0.015413142615664115,0.030904709736819254,-0.1569597095904151,-0.03459996207256594,0.02998507994181118,-0.09464925269946889,-3.913760753508633e-18,6.191400323945289e-19,-0.1282401912796234,-0.009390441650665639,0.0018453290273454123,-0.15241094446217737,-0.022942243663153623,-0.004025220113186166,-0.1737846725837883,-0.03813197654394348,-0.004896167575470112,-0.08722436435898984,-0.009164566219956762,-0.013251454636435844,-0.1145536183249916,-0.019910680917267342,-0.01642218065735183,-0.13591976054079427,-0.03083814476834861,-0.01943318753396313,-0.1551946168192191,-0.045940424055549704,-0.022073270972282528,-0.0704820170654578,-0.016913771606810745,-0.026536308523940483,-0.09213246848649653,-0.019543284538559295,-0.03153394111297898,-0.11303309757815859,-0.025547585898307683,-0.03568470059318833,-0.1312580752540911,-0.03368760788574599,-0.03643733697327331
0.0,0.0,0.0,-0.028716463616896358,-0.007749917765223014,0.024257233846010962,-0.052686971826798996,-0.009102846173566506,0.04487984410002246,-0.07812507654930745,-0.004953748935156683,0.0607991294056691,-0.10239503309400007,-0.006749609368120612,0.07031351834214085,-0.09568036200098047,2.4494666468030294e-19,0.019311474596001056,-0.12032834178106096,-0.007372125729569743,0.02810012391254408,-0.14366762255171106,-0.015934204398670673,0.030956664781395905,-0.15686008320658726,-0.03545990920186382,0.029911513508045773,-0.09480236763829307,7.741656242308844e-21,3.0949223771409947e-18,-0.12852786323487858,-0.009652262041087836,0.0017577917212291364,-0.152531259471388,-0.02351701442260488,-0.004049383883474666,-0.1738570832191568,-0.03881800899326454,-0.004805644767217657,-0.0874124892660653,-0.00926024964164856,-0.013468802276918717,-0.11488786827656831,-0.020393122119832418,-0.01664218222203375,-0.1359940177284613,-0.03150660859406873,-0.01954785204078865,-0.15506605146311095,-0.046774286149046156,-0.02213385072114723,-0.07073438543840366,-0.017154786650120366,-0.026921846929698692,-0.092354860015241,-0.019970124718429436,-0.03177729273074516,-0.11321658916783495,-0.02626002153423454,-0.03589123163121031,-0.13125560998484664,-0.03435968772962503,-0.03637785283621078
0.0,0.0,0.0,-0.028629609755357895,-0.007921753868314228,0.024377705322014036,-0.05259469914058501,-0.00946391104205728,0.044974284608934795,-0.07821180189812997,-0.005551622255785125,0.060812623678109565,-0.10259224194372435,-0.007483828727153193,0.07032430617401163,-0.09574787666354838,1.507955673958856e-18,0.01945901400048444,-0.12043865698179086,-0.007575738525558021,0.028219343948233246,-0.1438233445066958,-0.016486380229315593,0.03103211984140113,-0.15678115842835938,-0.036333640871758395,0.029927362031643992,-0.09497389612549922,9.79336832404235e-19,-1.7323999344477944e-18,-0.12877530726032765,-0.009932418890008874,0.0017317792597096628,-0.15264511383069648,-0.024290275364543295,-0.004015159309297938,-0.17381463677892744,-0.0399946326398175,-0.004690246350898291,-0.08752658189234068,-0.009374749113067085,-0.013570978175308496,-0.11508724214157692,-0.02095040650980985,-0.01672405716241008,-0.13592507109793017,-0.03239782295045141,-0.019550589552107672,-0.15473588241450886,-0.04818524742487765,-0.022117572629798653,-0.07082552315237824,-0.017378369271549905,-0.02713015931874611,-0.09248480662041157,-0.020442296433238534,-0.03186290204697877,-0.1133097095273861,-0.02713854141397943,-0.03595011085892842,-0.13117960070884152,-0.0354352266935936,-0.0363122199786782
0.0,0.0,0.0,-0.028552230480431904,-0.008131445068859908,0.02458301503896764,-0.05254178565426668,-0.009732153747998637,0.04515072012055293,-0.07826796368264197,-0.005950079639562395,0.060925708274631764,-0.10269479525197504,-0.008080240860770754,0.0703793361145987,-0.09591374019790498,8.42930036212155e-18,0.019592543624811935,-0.12052432939506762,-0.007739003734257905,0.028360383724024447,-0.14397633186673048,-0.017059289386623884,0.03112819904492857,-0.15668339238994763,-0.037214781853111355,0.030024915903597748,-0.0951468878075722,7.345021634222953e-18,-2.600892155143127e-18,-0.1289621894172069,-0.01024386199013445,0.0017623272961373039,-0.15272094404087436,-0.02522254550313761,-0.003924177015539105,-0.17363551816549289,-0.041542317629025306,-0.004538552001768435,-0.08757163038469357,-0.009503704855982608,-0.013582672878734653,-0.11514289330569603,-0.02156843464407108,-0.016691767776484564,-0.13570847236056072,-0.03344194323754715,-0.01945242806395249,-0.15420395015474864,-0.05000955732934524,-0.022017941412797858,-0.07077260074084459,-0.017580869516122366,-0.027191741521719336,-0.0925171115187291,-0.020941452020511453,-0.031820898209990234,-0.11330546476659376,-0.02811976874252507,-0.03589133685358046,-0.13103858155350231,-0.03677984203501268,-0.03624896126897005
0.0,0.0,0.0,-0.028478354983440486,-0.008340466119453152,0.024841603831942734,-0.052497700197010465,-0.009938811426190334,0.04538261924072264,-0.07829389703685508,-0.006215322999480713,0.0610937145928146,-0.10271481449126317,-0.008579011796911496,0.07045035060104914,-0.09614390910038602,-4.7815699374245224e-18,0.01972274089781057,-0.12060729203797586,-0.007868465447928132,0.028510894121196634,-0.144125755907872,-0.017641947441445628,0.031243375976890645,-0.156572530300431,-0.03810860628004131,0.030187709023327423,-0.09532518957059004,-3.1171418131330708e-18,-1.9826064740889927e-18,-0.12911159594396657,-0.010595111489383713,0.001835443804658459,-0.15276108348068065,-0.02626618601307054,-0.003781982420382202,-0.17334675229268337,-0.043313869983140324,-0.004337048431326809,-0.08758205465843048,-0.009644970663821214,-0.013543816050658427,-0.11509996250739743,-0.02223400759281525,-0.016588589545251258,-0.13538943249150012,-0.034576687949279386,-0.01928029105925702,-0.1535233933293718,-0.05207215121823539,-0.02183724653199571,-0.07063529332993689,-0.01777497914232816,-0.027164496404683106,-0.09249020235422055,-0.021465727968618408,-0.03170207263658267,-0.11323328569499143,-0.029165095883319968,-0.035757831697518366,-0.13085967876982219,-0.03827154672169284,-0.03618884057497664
0.0,0.0,0.0,-0.028407844574811145,-0.008521729447512212,0.025118044336143782,-0.05243811073272435,-0.010133451124312198,0.04563647708288127,-0.07829911213655945,-0.0064533319263114,0.06126667883067549,-0.10268211397074954,-0.00905854513378889,0.07050593234280522,-0.09640150712378459,1.71823759993891e-18,0.019858320921847344,-0.12071130432851176,-0.007977559087496497,0.02865523959781061,-0.14428184861520776,-0.01822277061932012,0.031372800435231205,-0.1564715424613716,-0.03901424832140957,0.030388343585427524,-0.09551334125665614,6.006770509237292e-19,1.84654493643795e-18,-0.12925210339913878,-0.010983960163926052,0.0019312337196723895,-0.15277659828221737,-0.02736123278180528,-0.003600861348475188,-0.17299616014767422,-0.04515149735720466,-0.00408710137556729,-0.08759302532199165,-0.009795649477834782,-0.013494637143653954,-0.1150181604348356,-0.022926943148763045,-0.01646262449088799,-0.1350275543145615,-0.03574008279522996,-0.01907271563874403,-0.15276969226143347,-0.05420235004383369,-0.021596090743112573,-0.07048097404999909,-0.01797490068843347,-0.02711309435767457,-0.092454075810669,-0.022012348117829927,-0.0315602633917022,-0.1131293335045451,-0.03024238620837345,-0.035595120964751675,-0.13066932714910412,-0.03979797057467595,-0.036133684068022004
0.0,0.0,0.0,-0.02834377509854025,-0.008663343303843033,0.025377824197524858,-0.05234799689520152,-0.010363854720086161,0.045878672370440216,-0.07829294358565728,-0.006767389552820771,0.06140209391292243,-0.10262828075334202,-0.00959809998703905,0.07052202054435124,-0.09664853472612814,3.3760299703257987e-18,0.020000426669470158,-0.12084466144700497,-0.008081925374795082,0.02877580625730623,-0.1444524987816666,-0.018786354490193193,0.031504293894014324,-0.15640541179764095,-0.03991084658260223,0.03059122471464487,-0.09570681862968236,2.9299068480125003e-18,-2.2945289698414856e-18,-0.1293977430214458,-0.011393609980734062,0.002025479503743083,-0.15277558748889192,-0.02843746112022437,-0.003402260055134987,-0.17263449564192193,-0.04690560690990627,-0.0038138471859767323,-0.08762317848512835,-0.009948616367281863,-0.013464658205260018,-0.1149470012336568,-0.02361507121485208,-0.016355263660587573,-0.13467461880633125,-0.03686765243449484,-0.018872206349633214,-0.15201867597192215,-0.05624824386069859,-0.021333842330376482,-0.07035999766809778,-0.018185139642314455,-0.027091852865004377,-0.09244779649140057,-0.022565623532087745,-0.03144098277842885,-0.11301841976074517,-0.03131115908763799,-0.03544394972143745,-0.1304838931233455,-0.04125449568285773,-0.03609183242584811
0.0,0.0,0.0,-0.028292080856660393,-0.008766010484768874,0.025589036446469506,-0.05222673775882128,-0.010662836415400027,0.04607754781422726,-0.07828536042694574,-0.007227336111933203,0.06146852228235936,-0.10258440295243076,-0.010248700727304674,0.07048561776182477,-0.09684918500834763,-3.893420346222368e-18,0.0201413219643462,-0.12099793451750336,-0.008193812693613207,0.028854856891494078,-0.1446384394070104,-0.019309312839927456,0.03161456926410738,-0.15639632832568354,-0.0407532037760867,0.030751548526563442,-0.09589123858420628,-2.6621777037435647e-18,-5.310851759239835e-19,-0.1295448062138668,-0.011791783194129903,0.002090702224768887,-0.1527629332043884,-0.029413341433251174,-0.003219862094092089,-0.1723102112699142,-0.04843378595037207,-0.0035673514667090393,-0.0876731165147682,-0.010090249255531807,-0.013470355179491187,-0.11491993695020732,-0.024248619601486332,-0.01629913279435779,-0.13437228873393198,-0.03788439297735441,-0.01872314173292972,-0.1513440451142121,-0.05806403779745518,-0.021106382692277232,-0.07030049054873401,-0.018395188247597557,-0.027136795443338278,-0.09249266814367364,-0.023089608450493737,-0.03137896679481184,-0.11291388552839729,-0.032307764734280806,-0.03534083163124834,-0.13031160645638984,-0.042532613254254996,-0.036082197247682794
0.0,0.0,0.0,-0.028261694799051967,-0.008834495294074445,0.02572448015898526,-0.05209533822183376,-0.011031654897580808,0.04620454952761127,-0.07829245025745643,-0.007839615191471057,0.06144744409000776,-0.10258360296889375,-0.011002392919958177,0.07039307668892764,-0.09697590246194435,5.116980578376241e-18,0.020265582155651395,-0.12115115120388098,-0.008313348172914478,0.028877242917955973,-0.14483489486758502,-0.019747770170571166,0.03166900108041815,-0.1564693324693421,-0.04146024322251829,0.030818729233077012,-0.09604435170138052,2.8696250454929007e-18,4.0706118121993487e-19,-0.12967676042810827,-0.012128516018004916,0.0021003578284329505,-0.1527480537972319,-0.030185792441015914,-0.0030971519829373875,-0.1720721411835106,-0.049582917980969615,-0.0034150102303391484,-0.08773060826191321,-0.010200436740849339,-0.013515469589466688,-0.11495683795166155,-0.024753039905676524,-0.01631609919368387,-0.1341605140915175,-0.03868991369653458,-0.0186687483857492,-0.15082850908513223,-0.05948313712961798,-0.020978884759807866,-0.07031097661100852,-0.018576625178780847,-0.027260758459320158,-0.09259487469035946,-0.023523204204468035,-0.03139665194187664,-0.11282902576446349,-0.03313184707915037,-0.03531702847470694,-0.13016511034520525,-0.04350387971267685,-0.03613381987607901
0.0,0.0,0.0,-0.028262995042169975,-0.008868961415503144,0.025766260311092564,-0.051998329691534374,-0.011431318632229593,0.04623665418593562,-0.07834228618490865,-0.008537871018645043,0.061332681758837056,-0.10266591201261763,-0.011780667201409844,0.07024438311876381,-0.09701825114823105,-5.75207940084948e-18,0.020355048982432785,-0.12128829863082712,-0.00842216682008899,0.02883296277700098,-0.14504090344432446,-0.020027097218278084,0.031627723112400585,-0.1566657549308172,-0.04190677958134753,0.03074837164466287,-0.09614243972646733,-3.655294428581734e-18,5.196073353542181e-18,-0.12977757525365619,-0.012335159667451238,0.0020343358097720293,-0.15275744768207286,-0.030624933749863675,-0.003076651844305503,-0.17197692096967218,-0.05018116676915766,-0.003423696608479841,-0.08777946628666697,-0.010255601982281731,-0.013592837000162249,-0.11507339677690857,-0.02503024373632864,-0.016413693812106493,-0.13408819734586666,-0.03915668715083129,-0.01874402927995454,-0.1505728120941847,-0.06031604783550008,-0.021011196586603866,-0.07038729554296808,-0.018685900830289898,-0.027454551844776343,-0.09275678766566114,-0.023785612057418398,-0.0315030249439277,-0.1127916409249993,-0.03365302254936988,-0.03539310834239733,-0.13007559957206577,-0.04402370635772803,-0.03627785494649804
0.0,0.0,0.0,-0.028304492126044002,-0.008859418669930032,0.025707110992378965,-0.05199552996506683,-0.011787076805791108,0.04615598935878119,-0.07847230952306819,-0.009197185955557501,0.06112682194565818,-0.10287754013279597,-0.012445947225695864,0.07003636874212933,-0.09698543219745494,-2.8370193791179117e-18,0.02039275320010287,-0.12140544674162262,-0.008484489806290749,0.028715938803630606,-0.145263093825393,-0.020042362554160177,0.03145197052897197,-0.1570468333625753,-0.04192782040917256,0.030509688839711356,-0.09616547110205788,-4.508529543311361e-18,-2.8179680895286255e-18,-0.1298382939974305,-0.012327742501869897,0.001881094716188455,-0.15283568443857987,-0.030576899932622796,-0.003191662129772903,-0.17208765476863674,-0.05003923806344569,-0.0036463264957402276,-0.08780623706169763,-0.010232302155711276,-0.01368774608648894,-0.11528575929723552,-0.02496693966666863,-0.016583844976824948,-0.1342130222162039,-0.03913881500583184,-0.01897248433115887,-0.15068913819293922,-0.06036383430335018,-0.021248173159352377,-0.07051958674778513,-0.01867086008562179,-0.027694140444474942,-0.09298483002686489,-0.023787265897208646,-0.03169530927246429,-0.11284536244766522,-0.03372953050876029,-0.035575847906507904,-0.13009205093853476,-0.04394442616512157,-0.036541057330883274
0.0,0.0,0.0,-0.028390801385145034,-0.00878555695308314,0.02554589754052582,-0.0521492940526291,-0.011997769970591635,0.04594631300983278,-0.07871573761974801,-0.009653697020550484,0.06083852194233841,-0.10325862006182328,-0.01281961832054507,0.06975935281485172,-0.09690107620224428,2.224256462794575e-18,0.02036187499311118,-0.12150735657209075,-0.008451879947136493,0.02851961450932776,-0.1455082547569124,-0.019663716276352612,0.0311057058507023,-0.15768162916845788,-0.04132538411228973,0.030082901436379258,-0.09609706138139079,3.20167884048495e-18,-4.109560472352671e-18,-0.12984866728778993,-0.01201225660581265,0.0016367334404528788,-0.15302921595985813,-0.029866738193944784,-0.0034666551553264304,-0.17245989568002554,-0.04894773539790245,-0.004122980699132571,-0.08780072200485922,-0.010107786226545186,-0.013779595247455815,-0.11560174153018385,-0.02444025862684776,-0.01680377513614314,-0.13458819423877047,-0.038474872573801396,-0.019368605928802386,-0.15128395131398334,-0.0594183580133215,-0.021722124632394913,-0.07069401460319441,-0.018473786338740417,-0.027945413400565458,-0.09328451511752842,-0.023433165380535595,-0.03196140719930317,-0.11303500436744789,-0.03321438501101923,-0.035859130911517906,-0.130266588530882,-0.0431145466779917,-0.03694574586264055
0.0,0.0,0.0,-0.028521661881454538,-0.00862536737203312,0.025284014918584258,-0.05250807303382672,-0.011959865027791726,0.04559415741551126,-0.07908877292569672,-0.009746300427375888,0.060481622927195756,-0.10383134055413257,-0.01272377534441384,0.06940300084334308,-0.09680076627455521,2.455088710190913e-18,0.020247220639452182,-0.1216081186408092,-0.008275873799643587,0.028236436309509037,-0.14577791500834023,-0.018762295595351166,0.03056117637887129,-0.15862481510486673,-0.03990077314414886,0.02945814862515015,-0.09593380767427152,2.830410673483585e-18,1.102084111572461e-18,-0.12979773474404618,-0.01130068362610791,0.0013043716626921715,-0.15336839021900878,-0.02832212815954911,-0.003915309175041776,-0.17312153818904683,-0.0467000333677994,-0.0048786714422107726,-0.08776266781268648,-0.009859776512758716,-0.013846493268628869,-0.11601773920610199,-0.023331480545239085,-0.017042277317920386,-0.13524878404629795,-0.03700315475769523,-0.01993938035274792,-0.15243200708142707,-0.05727395872163936,-0.022453864058677702,-0.07089966168863315,-0.018035537542359936,-0.028172417518904643,-0.09365814926840688,-0.022628646265659115,-0.03228476175592638,-0.11339228492824464,-0.031965809234116696,-0.03622761901834388,-0.13063623495595353,-0.041386947556325396,-0.037506639696251856
0.0,0.0,0.0,-0.028691436409866163,-0.008368437719072712,0.024925020802434097,-0.053089658879533416,-0.011601702261238528,0.04509553457398589,-0.07958470977060393,-0.009374554303199435,0.060075873676103904,-0.10459289424418775,-0.012040743023958389,0.06896957519688232,-0.09673360699510346,2.0807278101732906e-18,0.020040261418039922,-0.12173849088693417,-0.007925505065849901,0.02786270964232159,-0.14606978221862715,-0.017250335710384593,0.029811255376036922,-0.15989514093908327,-0.037505051075046425,0.028641715684879863,-0.0957032566292475,1.726336372069633e-18,1.3625768187216865e-18,-0.12968814463605002,-0.01013306809451029,0.0008961494825083648,-0.15385820333547323,-0.02581184821972246,-0.004530045920894941,-0.17405748190308784,-0.043135364412859395,-0.005909064278293235,-0.08771519437286127,-0.009467600390170463,-0.013872930208914521,-0.11652777621856562,-0.021547162112478348,-0.01726741931940766,-0.13620513664312872,-0.034588395402899125,-0.020679950123728353,-0.15414959748540852,-0.05375305036929297,-0.02344428091353853,-0.07114173841450974,-0.017302872183227003,-0.028349698067281333,-0.09411155014359114,-0.02129088262081093,-0.03264949814839382,-0.1139300365815284,-0.02986698660267985,-0.0366598285224601,-0.13120914035182424,-0.03863980069504622,-0.038221245359931086
0.0,0.0,0.0,-0.02888869940051115,-0.008021922682855025,0.0244747855846722,-0.05387441449314436,-0.010897491795441246,0.044460590455589304,-0.08017043207232895,-0.008523110204432301,0.059650911651167066,-0.10550764979543556,-0.010741873131569182,0.06848578658617295,-0.09676132216501453,-2.8353562301673427e-19,0.019739953050997867,-0.12194560530411101,-0.007393800883489054,0.02740354380892881,-0.14637663634178222,-0.015095489688549926,0.02888050443885922,-0.16146534044053226,-0.03405516488872718,0.02766749274434448,-0.09546988023705227,-1.2442732411429982e-20,3.1198507930610853e-18,-0.12954049895427927,-0.0084826837011747,0.0004383776925754263,-0.1544762414911545,-0.02225571237285455,-0.0052690791550110555,-0.1752064831413333,-0.03814888505223651,-0.007164080847691435,-0.08770909222910912,-0.00891279522893759,-0.013851781255588615,-0.11712760600213039,-0.01902536617056484,-0.017443281974635797,-0.1374409205942028,-0.031125186933979115,-0.021562757212298073,-0.15638547349234336,-0.04870647020351011,-0.024659074287921717,-0.07144619287785091,-0.016230786635547056,-0.02846492873213366,-0.09465729602827969,-0.019350227258436947,-0.03303764854782056,-0.11464194347967824,-0.026827432213157112,-0.03712342958269852,-0.13196292919824698,-0.0347770271883287,-0.03905897158643748
