x0,y0,z0,x1,y1,z1,x2,y2,z2,x3,y3,z3,x4,y4,z4,x5,y5,z5,x6,y6,z6,x7,y7,z7,x8,y8,z8,x9,y9,z9,x10,y10,z10,x11,y11,z11,x12,y12,z12,x13,y13,z13,x14,y14,z14,x15,y15,z15,x16,y16,z16,x17,y17,z17,x18,y18,z18,x19,y19,z19,x20,y20,z20
0.0,0.0,0.0,-0.026243215596821953,-0.007832118500798149,0.02583811404372008,-0.050514269955177264,-0.013856579876496881,0.04728697748658448,-0.07525248397256604,-0.014084644422272207,0.06253808243013186,-0.10052473526382272,-0.01674077614673092,0.06962496695513484,-0.0965591615509666,-6.967494001776728e-19,0.021572059474083548,-0.12286162737180821,-0.0057448547379357244,0.028314809343524858,-0.1480539877918314,-0.01274471424561201,0.029552888699744415,-0.1619157753788288,-0.03296865978354635,0.028651058743232375,-0.0977450141741641,-4.075291409893949e-19,-1.6986167158741194e-18,-0.1325976056480039,-0.007000128558273612,-0.0004108976230578152,-0.15643576385902402,-0.020736969946418424,-0.004967304870348838,-0.17748124215384223,-0.03655426290155006,-0.004860600933044302,-0.09049548090206412,-0.009571334417413849,-0.015062104880882108,-0.12205841505101965,-0.017328209565882168,-0.01864591808970186,-0.14146889522457023,-0.02954145437368079,-0.02117372479265916,-0.1612078595816654,-0.04739266679097926,-0.022100401651768495,-0.07438965612464887,-0.017792651949980004,-0.030020697115621588,-0.09862285615472612,-0.019143067834914526,-0.03480664296037575,-0.11913557318508548,-0.025486690630301033,-0.03817916391010601,-0.1375814519023255,-0.03272908336914038,-0.038541436972516246
0.0,0.0,0.0,-0.02631525216395836,-0.007864113692532234,0.026129869069312407,-0.05069600465800234,-0.0139897128147101,0.04757508751324812,-0.07547458070768295,-0.014382781240223578,0.062424623605683766,-0.10089008703066704,-0.017027391334003363,0.0696284845923099,-0.09688302864877914,-1.8897302189118263e-18,0.021737992772938478,-0.1232978061371028,-0.005866476610268769,0.02845485579704719,-0.14850624361084208,-0.012806762897252766,0.029640750366972973,-0.162529679908197,-0.03338892668586944,0.028831858233693403,-0.09805540022852005,-2.048031844158855e-18,3.2519552978367518e-18,-0.13310465883882205,-0.007092761215038029,-0.0003779488960719075,-0.1570294770314382,-0.021180106088943843,-0.004744362228219215,-0.17813253768111048,-0.037181122650975805,-0.004463522687377272,-0.09077144688201934,-0.009690543484658034,-0.015033360479514127,-0.12250933433320206,-0.017821519298452874,-0.018587049717765966,-0.14166749671506057,-0.030349464436062436,-0.021041108212373174,-0.16145549218023883,-0.04832867500928533,-0.021794042319514394,-0.07470431127554594,-0.018198017514305925,-0.030102482188317976,-0.09898212558339811,-0.019699779376868544,-0.03475437822127768,-0.1195223924378961,-0.02642401971013431,-0.03790148612747975,-0.1378528541655292,-0.03376424905244938,-0.038162494235567765
0.0,0.0,0.0,-0.026371635449471565,-0.007944003895939003,0.026453070916635613,-0.05078613648440342,-0.014124246384175707,0.047889343441317005,-0.07558991427617154,-0.014590376739065259,0.062353908555113996,-0.10110928127345363,-0.017216068252733755,0.06971210075046866,-0.09716573984025695,-9.030447026224472e-20,0.021913406155734172,-0.12369094835359429,-0.0060423824614221815,0.028621508191270722,-0.14892728895722024,-0.013050998198539108,0.029801489308410447,-0.16298581396340886,-0.03402687966814008,0.02910728588338902,-0.0983564934503548,3.028031548553481e-19,-9.490597956225824e-20,-0.13359900280123882,-0.007277459373828751,-0.0003029046161825536,-0.15755178863157798,-0.021869672215997758,-0.004455577314028628,-0.17869083112853504,-0.03815906792416844,-0.003987674903870362,-0.0909921368751969,-0.009824424349920022,-0.015006532407994285,-0.12291312113920508,-0.018445558702672296,-0.018514425018470306,-0.14178084712214095,-0.031340769221798924,-0.02083858825650703,-0.1615650938628477,-0.049584297417683346,-0.02142968301767995,-0.07494907446860084,-0.018641251348284673,-0.030202428441210426,-0.09929743169117349,-0.020332179216967,-0.03470561418755117,-0.11983206616378532,-0.027500017186160804,-0.037618966996261584,-0.1380344455225425,-0.035027315157380286,-0.03772577566280224
0.0,0.0,0.0,-0.026404180761101098,-0.00808887325247448,0.02680590101807569,-0.050745094451511805,-0.014240636205088761,0.04823196369519951,-0.07555573981421437,-0.014652342582347709,0.062346348460756776,-0.10112586189333962,-0.017251500197627223,0.06988541437811409,-0.09738640881888212,-1.7340811733413975e-18,0.022097581823901348,-0.12401794429611791,-0.006286917453138668,0.028815478020133234,-0.14928175267587648,-0.013535423396444488,0.030064962175923884,-0.16319942328880266,-0.034942064031131696,0.0294999684967367,-0.09863690968774581,-1.6990897474312802e-18,1.0179897879926924e-18,-0.134066839156284,-0.007584648354256491,-0.00017623970650605005,-0.15794468358069708,-0.02287450213176987,-0.004095517248873975,-0.1790862032263869,-0.03957908292670088,-0.003426274691103708,-0.09113834834774123,-0.009971944574633067,-0.014988769156404718,-0.12323013591025586,-0.01923300040390271,-0.018424078969305015,-0.14177427969826745,-0.03256344079051405,-0.02055110423768519,-0.1614683065852206,-0.051231525943875506,-0.020992106778638237,-0.07509809356366551,-0.019110418502135993,-0.030323660802860388,-0.09953894189252893,-0.021046643535150237,-0.03466061855851165,-0.12002096416281154,-0.0287305779357918,-0.03733769206700177,-0.13807607396637608,-0.03655590746175121,-0.03722164909038115
0.0,0.0,0.0,-0.026422524261224517,-0.008296475021945048,0.02714929221968047,-0.050605078388169,-0.01430798991279969,0.04856748564281929,-0.07540829623982077,-0.014586803724109532,0.06239079467177601,-0.10098576679284298,-0.01717049224546346,0.0700764458412787,-0.0975299940500422,-2.6595196896775164e-18,0.0222701222343666,-0.12426185581721488,-0.006562180645600361,0.02900619066830172,-0.1495223788101485,-0.014160826024888348,0.030394604012175388,-0.1631678301079519,-0.03596980084314957,0.029940392632512632,-0.09886478481959424,-2.6682513453061996e-18,1.17410009899327e-18,-0.1344703503863332,-0.007946324447515935,-2.4372260940894627e-05,-0.15816327447508077,-0.024011437257060866,-0.003727778126998719,-0.17929162808502266,-0.04116843521172626,-0.0028659378725739717,-0.09121586177670432,-0.010107768353289368,-0.014982557475476232,-0.12342202049310554,-0.020071291928139126,-0.01832179562878872,-0.14167117261402976,-0.033859400302468444,-0.02022016025339482,-0.16119588402902074,-0.05299618098390242,-0.020525215837919587,-0.07516633358240526,-0.019537521153981274,-0.03044164681838612,-0.09968676976968331,-0.02174608026799146,-0.034612685293279676,-0.12008427792959672,-0.02993670802226459,-0.037071888819358884,-0.13798131065445804,-0.038110946402849365,-0.03668900439357843
0.0,0.0,0.0,-0.026452740153233848,-0.008558539755829219,0.027430016629492186,-0.05043868351608535,-0.014302736506611213,0.048834501855267484,-0.07522191561256923,-0.014450948896941502,0.06243852903564473,-0.10077754868176327,-0.01706345793005755,0.07016443654275743,-0.09757253119233729,-8.93800305664012e-19,0.022398660360229267,-0.12440019205354327,-0.006808148184025076,0.029150018308002363,-0.14960471731873992,-0.014756052613966342,0.030713233661473903,-0.16293107899538528,-0.03682634975893069,0.030314052613453935,-0.0989899689371481,-9.209511213106304e-19,6.92581612678057e-19,-0.1347464638313481,-0.008242797165068746,0.0001134046717777702,-0.1581788372504136,-0.02497435853865332,-0.0034420137728084256,-0.17932002717951712,-0.04247276683808771,-0.002437386494070084,-0.09122655736285516,-0.01019806164448373,-0.014974406708444746,-0.12345863547001626,-0.020774985634848017,-0.01821336735841795,-0.14152427916762764,-0.034952102118095046,-0.01989974647477811,-0.16084471741343243,-0.05442013609223641,-0.020103113228621936,-0.07518074100763138,-0.019843638740858833,-0.030513487078263738,-0.0997317256910309,-0.022289173259732082,-0.0345491606014358,-0.12004150212951477,-0.030849041661728752,-0.03683198379761438,-0.13778467337976694,-0.03932920496359067,-0.03617572734156684
0.0,0.0,0.0,-0.026526618111252134,-0.008855883553525382,0.027609919047852868,-0.05031781519353175,-0.01422025890076005,0.04898599661335907,-0.07507578022322772,-0.014286219547254399,0.06242318015532095,-0.10059385856936345,-0.016987058600315314,0.0700421710805064,-0.0975159926533687,-1.0033499286082766e-18,0.022462749462465736,-0.12444452173952347,-0.0069867976822628585,0.029217203658532784,-0.1495371847126034,-0.015194436053752668,0.030954491678833167,-0.16256348711876023,-0.037296493968050494,0.03053352384006594,-0.09899377540038667,-9.3204788642812e-19,-1.0411175355568358e-19,-0.134870377845635,-0.008389069874630676,0.000211878536413182,-0.15801928695455322,-0.02554060322029383,-0.003300367970978541,-0.1792277792369288,-0.04314904601928704,-0.0022330243591934186,-0.09118323693727608,-0.01021953972983371,-0.014942500096006494,-0.12335899558057804,-0.021209378612962838,-0.018092459002277725,-0.1414060537205877,-0.035626993342337425,-0.019611748807599468,-0.16053613109814066,-0.05514750522727771,-0.01977658970428597,-0.07517904559988155,-0.01997972059578845,-0.030500108606372395,-0.09969959888026667,-0.022579027001102158,-0.03445314773800992,-0.11993885292301372,-0.031292209426992276,-0.036607361780157575,-0.1375340932907444,-0.03997942969540003,-0.03569540398058882
0.0,0.0,0.0,-0.0266618131347755,-0.009145736232371353,0.027674158819718214,-0.050287641279764456,-0.014067114933556177,0.04901074928798583,-0.0750262253389561,-0.01409364210011134,0.062291169121610396,-0.10051198619207209,-0.016923128784433937,0.06965866674347769,-0.09739520355350517,5.583821778677912e-20,0.022462181232045818,-0.12443781788415341,-0.007088273523255071,0.029199673079367633,-0.149377552445104,-0.015420170201207966,0.031076390438218252,-0.16215487149488458,-0.037308195391905066,0.030555738374179246,-0.09889916691181819,6.969951785154016e-20,1.4501641692151239e-18,-0.13486414547340475,-0.008366765831984825,0.0002648280279557887,-0.15776043703717108,-0.025644434420832227,-0.0033267007432031693,-0.179078588912532,-0.04307750773096671,-0.002277571089192545,-0.09111300874768963,-0.010162833800527868,-0.01486895268708305,-0.12318194862593428,-0.021330603053949723,-0.01794236356550307,-0.14137692582765668,-0.0358064903865219,-0.01934879104509834,-0.1603665106649181,-0.05505589160360568,-0.019560253076633404,-0.07519997091943421,-0.019929994956240427,-0.030377286811040127,-0.09963706030551181,-0.022584100856592668,-0.034307414916293924,-0.11982776659189026,-0.031240790723941623,-0.03636686119260188,-0.1372718875598068,-0.04003752369902762,-0.035227486412126655
0.0,0.0,0.0,-0.026843012811096332,-0.009359456956877774,0.02761925463047077,-0.05035311617678734,-0.013842779354025631,0.048918328663251825,-0.07507832240980308,-0.01383275859106044,0.062027544635134296,-0.100559355476802,-0.0167964520936694,0.06903898916702597,-0.09722867742167954,1.994346581176775e-20,0.022403371676223298,-0.12438789494382098,-0.007113439685379545,0.029105465690565047,-0.1491637026114714,-0.015421542511298464,0.0310531851125187,-0.16175289540155102,-0.036893491221898354,0.0303674323602078,-0.09872269002138877,4.977302897602854e-21,2.736024248662118e-18,-0.13472392694400848,-0.00820686191450055,0.00027358576450953875,-0.15744424423475128,-0.025329798581661733,-0.0035199204965267947,-0.1788686775285732,-0.042306061670309175,-0.0025498918301746446,-0.09101736366190878,-0.01003262256903974,-0.01474523643941212,-0.12295825383265571,-0.021153781501694127,-0.0177510186052244,-0.14142375656729778,-0.03550431145845632,-0.019106583230438953,-0.1603434450346051,-0.05419930913156326,-0.01945636608440367,-0.07524444981727328,-0.019703327268348,-0.03014476948409516,-0.09955885280022199,-0.02231543589455287,-0.03410613233937356,-0.11971834604720115,-0.030755917130142498,-0.03608443394138819,-0.1370095722380394,-0.039577619052236654,-0.034756871492684076
0.0,0.0,0.0,-0.027024334281410746,-0.009427797120238088,0.027446367506579594,-0.05048112201533507,-0.013531829908568164,0.048722140260468345,-0.07518573619267073,-0.013430568119249529,0.061665593890505556,-0.10069142249876355,-0.016506717514819424,0.06829241961509992,-0.09699698099371067,4.203639858482327e-19,0.022284158470158542,-0.12424008978155802,-0.007067549252511867,0.02895765883540098,-0.1488721279555987,-0.015216286557012503,0.03089198157537922,-0.16133711038887066,-0.03612547451014848,0.030001150139555167,-0.098451754589591,4.633638883484448e-19,-3.260701006888495e-18,-0.1343942680571144,-0.007960451652027311,0.0002484418480322012,-0.15703738498924893,-0.024687914585543366,-0.003844746242327211,-0.17851644220218607,-0.04097761754665042,-0.0029905469013219534,-0.09085926406564528,-0.009849450767174679,-0.014574118103658537,-0.12266217059312776,-0.02072327913378059,-0.017518420612983497,-0.14145233986505795,-0.03477076544072255,-0.018893817774033997,-0.16037045763651692,-0.05270509809088568,-0.01945666735508009,-0.07526794049595462,-0.019329134188632968,-0.029833292819031326,-0.0994342404660494,-0.02181029346755037,-0.0338619501479786,-0.11957389188346615,-0.029925267306969254,-0.03576636440658624,-0.13672840150588933,-0.03867368191109231,-0.03430588071239377
0.0,0.0,0.0,-0.027161073575356416,-0.009327093986915086,0.027169100314382508,-0.05062413700826085,-0.013118922094721893,0.04843611811412007,-0.07528253509778142,-0.012833181685305471,0.06126178228558458,-0.10081874000032524,-0.01598611482637211,0.06757267387341397,-0.09668394655230542,1.1476979864467365e-18,0.0220893365574034,-0.12394764888747647,-0.0069512717577697,0.028790052036598925,-0.14845944090407534,-0.014803192312189599,0.030654303128595572,-0.16089048108770188,-0.03502672592601251,0.029563890921973528,-0.09807503883263526,8.410289560852942e-19,-1.0328374325445716e-18,-0.1338550666135742,-0.007637812620905652,0.0002288943163402438,-0.1565204557238032,-0.02376667796957982,-0.004207710245621734,-0.17799403505928554,-0.03920631322324698,-0.003479742680575128,-0.09062199771532573,-0.009638237356054269,-0.014366820252232836,-0.1222773189370602,-0.02007114139096563,-0.01724547689880726,-0.14139292843644324,-0.033644061512185124,-0.018704744919075846,-0.16036787781843923,-0.05065596073137761,-0.019505134731403112,-0.07524402678554942,-0.018844083854151757,-0.029483697485949457,-0.09923926112481948,-0.021100612435151763,-0.033592459523195,-0.11937873550894292,-0.0288076591536291,-0.03544611646879365,-0.13642958645462028,-0.037357560594594066,-0.03391347327666412
0.0,0.0,0.0,-0.027244957960937562,-0.009094676992911282,0.026811232962267725,-0.05075142923659591,-0.012602954290482797,0.04806502257085253,-0.07531920543664901,-0.012055684851284066,0.0608518211760296,-0.10086396779003054,-0.015242992662789088,0.0669918355134697,-0.09631814958919496,-1.012847043600032e-18,0.021797762483790516,-0.12355395729442789,-0.00674653671233762,0.02862840774464388,-0.14792955200204572,-0.01410424967391026,0.03043595888422601,-0.16048332151816888,-0.033495212144707874,0.029208806102453307,-0.0976162218504918,-6.606781996025619e-19,-6.25176200202365e-20,-0.1332018126488148,-0.007162817325042169,0.0002816137781083157,-0.15598616865759196,-0.022489805378326056,-0.00447890749301509,-0.17743884258566234,-0.036932963617439106,-0.0038591534073901404,-0.09036540327065096,-0.009408780080436323,-0.014136360073698657,-0.1218635690728277,-0.01917154340974437,-0.01692648475404879,-0.1413017198904929,-0.032096936405808574,-0.018504077002343338,-0.16040222486263478,-0.04798386760653801,-0.019491394106277548,-0.07522429230099481,-0.018268995520305465,-0.029116116967916866,-0.09900625293774962,-0.020175837182437005,-0.03330215930866628,-0.11919557239516797,-0.027377775804513865,-0.03515224721884675,-0.13617473463334062,-0.03559159509324204,-0.03358906031670554
0.0,0.0,0.0,-0.027300466920321363,-0.00879324846608567,0.026398970991992007,-0.05085884921285306,-0.012003553605584003,0.047609811395906226,-0.07528278420850397,-0.011170858476118763,0.060444970157722766,-0.10079847621057549,-0.014336885501707222,0.06658414217962491,-0.09596920215240172,-9.457607838123253e-19,0.02140785520340721,-0.12318051592742836,-0.006435910821827819,0.028478381580686673,-0.14735464263783937,-0.013035239877621277,0.030313315109370933,-0.16024428706428426,-0.03141318327639309,0.029054927753516747,-0.09714343522487587,-7.37900323609911e-19,-4.2027247113483215e-19,-0.1326055603920316,-0.0064521321988728845,0.00045365101301951354,-0.1555903825897223,-0.020759293109978445,-0.00456415518705569,-0.17705749185995465,-0.03403963993734748,-0.004011592561735428,-0.09020160521450572,-0.009159964224628144,-0.013898146105365215,-0.12153164367209182,-0.01799189948332218,-0.016564694081315865,-0.14131198254188934,-0.030098919474182806,-0.018255689490512376,-0.16061383048787936,-0.04459415687839478,-0.019310164501357228,-0.07530790605349653,-0.017618301864968544,-0.02873676146093164,-0.09881354782753299,-0.019027391434646195,-0.03299111081762992,-0.11912693198894414,-0.025590963833984518,-0.034892693742313706,-0.13605128114117537,-0.03334265234735637,-0.03331036311568758
0.0,0.0,0.0,-0.027350167864519777,-0.008487119878790719,0.025982972678839974,-0.0509554853039364,-0.011399381397649578,0.04711691120214215,-0.07520715827205517,-0.010323562420343777,0.06006604532440358,-0.1006581185244247,-0.013385532305758424,0.06635411363247515,-0.09573310347067009,2.576015932629346e-19,0.020979248132255966,-0.1229714304514648,-0.00605791575870265,0.028339690288873568,-0.14687508397640364,-0.011702427839250974,0.030307886114899516,-0.16027042162535296,-0.02896516168550393,0.02913213837307653,-0.09677584278129663,8.097878274727206e-20,3.5282560239383353e-20,-0.13224536386093894,-0.005578769626281665,0.0007190059818755996,-0.15545110051123798,-0.018749148864660316,-0.004460964948021865,-0.1769643014980656,-0.03078802097424332,-0.003914990636696326,-0.09023461408233938,-0.008912905695610178,-0.013686474912678565,-0.12139538782685409,-0.016658747836746233,-0.016207099717762918,-0.141518692843757,-0.027869866427160443,-0.017968773252753627,-0.16104572916522816,-0.040802582337978795,-0.01893513756315523,-0.07556472401938474,-0.016967141603102774,-0.028383585611007414,-0.09874836113484561,-0.017792938252734317,-0.032697087673420805,-0.11924274766758672,-0.023617678961945957,-0.03468274152992855,-0.13611636813253414,-0.03084083398666578,-0.033068671665208646
0.0,0.0,0.0,-0.027399532327446248,-0.008257954369128415,0.025655754421113425,-0.05104892250315315,-0.01096059249471602,0.046701886229415866,-0.07516686999739053,-0.009766542340541421,0.05977114871357391,-0.10054375626210238,-0.012626860840758623,0.0663055803164722,-0.09570749121402439,-5.7511219390110555e-19,0.02063855051418085,-0.12305081379473393,-0.005726247818157505,0.028223335414062804,-0.1466794884051633,-0.010481294660420234,0.030384902566845295,-0.16058872979140446,-0.026810663269249614,0.0293695570331427,-0.09665552826146603,-1.1926288374859947e-18,-1.437855064511938e-18,-0.13227305298230732,-0.004813614654319093,0.0009688294596755971,-0.15562116952517566,-0.017036199554908545,-0.004261945159731844,-0.17715918208177794,-0.028047155327979103,-0.0036543301341724864,-0.09050972874997174,-0.008731401674073477,-0.013563173505443787,-0.12154482694162692,-0.01553643168782874,-0.015962634787903107,-0.14193471503383503,-0.026027692948712315,-0.01772156728749144,-0.16161189718239327,-0.03758027787137963,-0.01846661835463265,-0.07598553630900524,-0.01649626427005331,-0.02814617748662431,-0.0988708727684826,-0.016821770400328954,-0.03251720250955294,-0.1195535379568942,-0.021981742431594807,-0.034579186099656406,-0.13637904129222506,-0.028747777760948733,-0.03290301622780814
0.0,0.0,0.0,-0.027451294210311162,-0.008189008790058782,0.02550037375758653,-0.051134616009705335,-0.010852434464377139,0.04647846022776741,-0.07522421625987162,-0.009721656117788607,0.05960557107199843,-0.10055793322807524,-0.01231759363349548,0.06640326399231224,-0.09591833677521407,1.6911632276223543e-19,0.020500879091498374,-0.12344005505914414,-0.005552787374602542,0.028145572686038286,-0.14688674595148501,-0.009775338620958387,0.03047507692911022,-0.16114523244228401,-0.02568436442183418,0.029622370507435655,-0.09684123908045614,-5.533199691919926e-19,2.2759255896045056e-19,-0.1327160507627833,-0.004428098510162878,0.00107871422532965,-0.15606515511330626,-0.01622190066475597,-0.004095275336924321,-0.17757388672190508,-0.026727302396657833,-0.0033878712452463915,-0.09096619364716055,-0.00868368468527389,-0.013578202228450463,-0.12197377887750366,-0.015004621324203903,-0.015936725915275514,-0.1424853826199972,-0.025213825439889585,-0.017614938640072776,-0.1621801626589336,-0.03596949357859206,-0.018096121799229918,-0.07647142503362124,-0.01638783868129286,-0.028103734728328285,-0.09916639178294645,-0.016455887462125354,-0.032539313853871245,-0.12000218953731957,-0.021242197051704718,-0.03464191386640386,-0.13678841897527294,-0.02777011314205597,-0.0328667333547406
0.0,0.0,0.0,-0.02751350904564058,-0.008302212288108004,0.025528557820571417,-0.05119212659611984,-0.011076038587722437,0.046478490436262926,-0.07536589373589046,-0.01015503630710611,0.059576300843433065,-0.10070599952964866,-0.01249933292553727,0.06656171723660263,-0.0962805624108934,-1.1630888924488254e-18,0.020583090194884673,-0.12400696159545274,-0.005553056018033747,0.028112947545154563,-0.1474245438334977,-0.009698757093557756,0.030519005257360534,-0.1617948084685519,-0.02578287527981753,0.029755515357429502,-0.0972441661515017,-1.5231292800609503e-18,1.9877666474975756e-18,-0.1334063434059029,-0.0044699547849629435,0.0010054137050749888,-0.1566359417956045,-0.016415285960403366,-0.004029509641221605,-0.17808001724394065,-0.02697953255201092,-0.003237246714586327,-0.09145222295398847,-0.008776792196484622,-0.013719880353702188,-0.12253571326682997,-0.015141573055168561,-0.016128229161514903,-0.14301643858683932,-0.025532633014357323,-0.01768138384413849,-0.16262190005844307,-0.03620688138875594,-0.01796855773720916,-0.07687736834661218,-0.0166536440721006,-0.02825199659651299,-0.0995327352280557,-0.016730028820112177,-0.03274802218339268,-0.12046656008509345,-0.02150603083791819,-0.034848140591365866,-0.13722831926672643,-0.02804696283673268,-0.03295202639774622
0.0,0.0,0.0,-0.02758747545207111,-0.008543979501830945,0.025694630786185012,-0.05119990531319316,-0.011472938367700795,0.04665934953575926,-0.07552238929984693,-0.010793695600244643,0.05966417865020951,-0.1008987746167357,-0.012963601926971165,0.06669285490508299,-0.09666697884188766,1.8229636524802236e-19,0.02081445713940727,-0.12455539477904745,-0.005660352978977011,0.02811913087802439,-0.14809234078125402,-0.010089146897068841,0.030492960254757957,-0.16235614741786872,-0.026753816793057206,0.029704542508798133,-0.09770702022403777,-3.7229647401567647e-20,-3.78856151792606e-19,-0.13409205577733113,-0.004790989321736209,0.0007967829919010727,-0.1571509719682658,-0.0172644083324246,-0.00404976846057041,-0.1785308141317969,-0.028257464235429918,-0.0032202290813321483,-0.09181663087905037,-0.008952429359936932,-0.013929728313134422,-0.12303647626273685,-0.015729507253230895,-0.016440212418419534,-0.14336411561062223,-0.026569548433808363,-0.017875681671465502,-0.162834634324266,-0.03773498436906719,-0.018108326819703993,-0.07708628355604386,-0.01713433391800824,-0.028523321182896078,-0.0998438113482186,-0.017397573020143647,-0.03304422370261392,-0.1208096005842921,-0.022443504119244357,-0.035099469069481214,-0.13756254601579665,-0.029168198309330172,-0.033094470944344374
0.0,0.0,0.0,-0.027654008359163876,-0.00883404709095532,0.025931349414704763,-0.051152978620460345,-0.011868967938954787,0.04694586059781205,-0.07563905297548323,-0.01134067570053362,0.05983488434608144,-0.10105327110521314,-0.013432689839703436,0.06674250962526133,-0.09698098464456358,-5.464951367531967e-19,0.021099909866494702,-0.12493319473023132,-0.005804094915714478,0.028148171867559316,-0.14869783714878917,-0.010731248918940839,0.030397550511433172,-0.16269284565179254,-0.028124440581215732,0.02947137571678162,-0.0981007971069941,-1.811730614616267e-19,-2.0807543715265752e-18,-0.1345813285547889,-0.00521795411754886,0.0005318415170464315,-0.15748579953207376,-0.0183442749814647,-0.004110457156732859,-0.17883001381529112,-0.029924659487170036,-0.003290100771704824,-0.09197428315490837,-0.009137679231514326,-0.014147355252557498,-0.12333808097432779,-0.016493970332579676,-0.016769330800654854,-0.1434276318810894,-0.027819369769671577,-0.0181337023988382,-0.1627667836720073,-0.03983197817783686,-0.01846124817125935,-0.07704747953462905,-0.017639886494789113,-0.028840883113568114,-0.1000117954930756,-0.018171045703565092,-0.033327147408556815,-0.1209338665483556,-0.023644517377069074,-0.035303771393111326,-0.1376897303409878,-0.030626303236256702,-0.03324200783981203
0.0,0.0,0.0,-0.027679902321181442,-0.009091746481084918,0.02615676931633824,-0.051072614475001624,-0.012155723350001844,0.04724814418430784,-0.07571619128583382,-0.011622169577028824,0.060047218663691664,-0.10116460643092225,-0.013710950392773187,0.06669620505660483,-0.09716589380786947,-1.4924041498711033e-18,0.021355986409032655,-0.1250622947647738,-0.00593776933764878,0.028177170878477775,-0.14910652863288762,-0.01145487881265146,0.030246212952609576,-0.16275820876002234,-0.02951293297603917,0.029117979140330562,-0.09834335917185116,-1.35091946638043e-18,1.240623462029343e-18,-0.13477922792187427,-0.005633277075505209,0.00028805602867927463,-0.15759887410035964,-0.019341339631197062,-0.004169573039330095,-0.17896252357986647,-0.03152638705837429,-0.0033807939577489275,-0.09191332625656097,-0.009281585573908761,-0.014322987224289334,-0.1233775923392648,-0.01723839095982475,-0.017037531212593257,-0.14319355869211806,-0.028919013523218448,-0.018388600911022724,-0.16244100648999366,-0.041934199455051765,-0.01892308282358604,-0.07677933617738605,-0.018037519375262434,-0.02912793363439905,-0.10000071843737905,-0.018851438340274515,-0.03351915409084915,-0.12081040251300633,-0.02479275383970599,-0.03540672827400799,-0.1375832313554378,-0.03202874777643071,-0.033368840229048645
0.0,0.0,0.0,-0.0276371256938751,-0.009252475587812609,0.026318011109563947,-0.05099581217227375,-0.01230734966218692,0.0475088948741917,-0.07580325867822918,-0.011645735261409773,0.06028699461190297,-0.10129812828920086,-0.013761956854213352,0.06658150672686788,-0.09722206572232354,-5.735529182134675e-20,0.021544895783560645,-0.1249625842593361,-0.006048355255786118,0.028197288874875368,-0.14928696553506704,-0.012180803888771501,0.03007579080006595,-0.16261055672714222,-0.030737825382635336,0.028768353398448035,-0.09841797050192505,3.5697989233396395e-19,1.0420589253119607e-18,-0.13471431469898246,-0.0060068803510710264,0.00012503221270965533,-0.15755250196998793,-0.020132053878919743,-0.004184021536783779,-0.17900489411350462,-0.032910099941811995,-0.0034114221225233594,-0.09168801929715274,-0.009375792600813572,-0.014429250319404154,-0.12318275743354815,-0.017901815338351425,-0.017193812448505784,-0.14273385582721898,-0.02975723220223874,-0.018562141145039752,-0.1619450382488806,-0.04382114364289581,-0.019351454902661703,-0.0763501974471388,-0.018283041315523853,-0.02933037271206564,-0.09983563145094328,-0.01938622035731545,-0.033572687384418105,-0.12050014639332836,-0.02576833253350124,-0.035381899258955546,-0.13731474483754313,-0.03322316811277597,-0.03344622085494131
0.0,0.0,0.0,-0.027514819942157417,-0.009306985817528595,0.02645154794811099,-0.050945396095343494,-0.012385231193534366,0.04776233875229524,-0.07595687671854394,-0.01159150843500733,0.06059309386257183,-0.10153506178869266,-0.013726139031778967,0.06646070583327823,-0.09723610336454082,6.742126683134096e-19,0.02170175848856913,-0.12475942922562903,-0.00617129541542186,0.02823598963642859,-0.14935053249316638,-0.012976020919687845,0.02995106944324604,-0.16237894813309556,-0.03193455643151296,0.028571893347619257,-0.09840403561021697,1.4180968545659624e-18,-4.487624979357459e-18,-0.13454926676918508,-0.006409240350955066,5.194464727686167e-05,-0.1575091818812314,-0.020852704550961432,-0.004119120528025427,-0.17909584546692478,-0.03433962590258428,-0.003311148348441106,-0.09139727371372879,-0.009456919828274155,-0.014482103917236118,-0.12287738399244115,-0.01858165800302029,-0.017238301547553347,-0.14217066480219517,-0.030534588377009758,-0.018592860766740736,-0.16136267874741142,-0.045771282817650055,-0.019621344810082337,-0.07583864901124256,-0.018422022372569322,-0.029456038417975193,-0.09960128496506714,-0.019888482412066963,-0.03349624216481584,-0.12013291576745279,-0.026728938777337487,-0.03523140207417057,-0.13701198620782637,-0.03441695796262401,-0.03344261444713692
0.0,0.0,0.0,-0.027334005070724903,-0.009295384325915479,0.0266308354962917,-0.050929838391427056,-0.012480515948518768,0.04807764475412022,-0.07619956034604822,-0.011678909338100613,0.06100947684878385,-0.10192645556129358,-0.013813260546476825,0.06639222345022838,-0.09733318637472105,-1.3454732294389684e-19,0.021882870211068346,-0.1246027524782311,-0.006344139515552797,0.028324971966538437,-0.14945356715929842,-0.013923504373253242,0.0299168439843127,-0.16219781181753198,-0.033314826806365515,0.028611012308858437,-0.09842275791716489,2.453879935175253e-19,-1.0833920410798708e-18,-0.1344644317784612,-0.006908471112249426,2.155778596084039e-05,-0.15762806194220838,-0.021695431444728793,-0.004003832922390013,-0.1793510518132749,-0.036152027734891366,-0.0031077908662876146,-0.09114048398993484,-0.009563609543187745,-0.014511988989188877,-0.12260215110341087,-0.019371663073362497,-0.01721053886372764,-0.14163362956551587,-0.03149821208100899,-0.018479762014063084,-0.16075119430392018,-0.04814978289708221,-0.0196907386983301,-0.07531930518692306,-0.018514249133272518,-0.029533949905058865,-0.09939425500273946,-0.02048098354331417,-0.03333767934617863,-0.11983345179008378,-0.027866357930484458,-0.03498004129053264,-0.13677741918105824,-0.035883152155218284,-0.03335280564376981
0.0,0.0,0.0,-0.02715594042600553,-0.009255614573213984,0.026848599784162475,-0.050965477062708354,-0.012637957715312568,0.048435175378488154,-0.07650316760706931,-0.01201544209219324,0.06151645037397792,-0.10246531497132644,-0.014151306061479966,0.06639560674399739,-0.0975711769586557,-1.8727874208785317e-18,0.022077650163699503,-0.12454869271017661,-0.00654666125708015,0.028442551672236267,-0.1496322421003565,-0.01493178203692058,0.02993269423088615,-0.16215053236007457,-0.034798683050108664,0.02881894920894332,-0.09852270251618558,-1.1536254135262929e-18,4.289683609130063e-18,-0.13448988909599657,-0.007459898768927578,-3.49688886658223e-05,-0.15791991471834563,-0.022617152109325044,-0.003976215507022208,-0.17976300828215136,-0.03826604395517642,-0.0030045434234163915,-0.09097077110014602,-0.009689897564805056,-0.014506135540168778,-0.12240213091158302,-0.020166619334383046,-0.01713546983181598,-0.141221003244175,-0.03259422225076266,-0.018295956389641033,-0.16017997512741733,-0.05080607212139121,-0.01963207903125569,-0.07486546324475624,-0.018549487004531424,-0.02953158204315895,-0.09925367972644504,-0.02110430102715121,-0.03312923136620168,-0.11965138922403434,-0.029064908862534083,-0.03465411192192172,-0.13663975150542274,-0.037513636057110826,-0.0332180395693617
0.0,0.0,0.0,-0.02705746152485264,-0.009198836415479585,0.02700804480062616,-0.05107136814856882,-0.012840184849524679,0.04871893322590527,-0.07679584854249522,-0.012549075032737573,0.062043416865731886,-0.10307312116987924,-0.014707706935208807,0.06646524651945288,-0.09789764377898737,-9.619047022636387e-19,0.02220603018267672,-0.12451716728055705,-0.0067136497579022925,0.028509369091789694,-0.14975620887110125,-0.01577447181146741,0.029872622019732297,-0.1622242123155489,-0.03606382368575032,0.028984962257839832,-0.09863287712542172,-8.51612445269385e-19,-3.975533954354675e-19,-0.1344547754784019,-0.007955065838169078,-0.0001794860179680722,-0.15817642799974255,-0.023397848156007577,-0.0042531749174436985,-0.1801061139029144,-0.040283111461605806,-0.0033458258418586086,-0.09086947479420761,-0.009793091182912135,-0.01441066123232358,-0.12218702860117886,-0.020720738007713485,-0.01701253889049176,-0.14094692832604652,-0.03353816244574462,-0.018171039044886286,-0.15969658646171475,-0.05317968153494975,-0.019623112850990422,-0.07451268917273408,-0.0184636018665099,-0.029361629822781468,-0.09912726341218846,-0.021552966910927254,-0.03286751568323402,-0.11954602482440464,-0.029965317397468872,-0.034279009972827484,-0.13655884537326898,-0.038890219767089056,-0.0331220448921151
0.0,0.0,0.0,-0.027088469487325503,-0.009114445572073962,0.027015147288372645,-0.05124358794011263,-0.013022271526199074,0.04881862217104564,-0.0769881105008237,-0.013090838573357945,0.06252921241541604,-0.10361956389141598,-0.015279682990225474,0.06659985985874459,-0.09819219148281443,-8.786977427563457e-19,0.02219235025800579,-0.12434753470880493,-0.006784543418170246,0.028433257508681517,-0.14960172466611593,-0.016263254169911544,0.029595282939824438,-0.16228184890437103,-0.036833546965624284,0.028843796859922607,-0.09861253578050136,-1.228120804769101e-18,2.076355253897918e-18,-0.13407425762193984,-0.008344759819183414,-0.0004502991610558223,-0.15798851213661114,-0.02391174569134561,-0.005027812896630659,-0.1798484295902376,-0.041929542201877126,-0.004458945611872139,-0.09076183406114596,-0.009827997537865028,-0.014188519087423614,-0.12178468081188215,-0.020852623440019702,-0.016848499801981692,-0.14071286600611332,-0.03412790265163532,-0.018248667895157174,-0.15922993022330215,-0.05482953237270227,-0.01987588114457159,-0.07422901527899864,-0.01820496606568131,-0.0289667235376779,-0.09890041432315343,-0.021650015749754965,-0.032534354083743944,-0.11941938265628992,-0.030284228482299964,-0.033886217797168126,-0.13645013040764098,-0.03969416048100241,-0.033150395319027914
0.0,0.0,0.0,-0.027241389019903,-0.008981013280093488,0.026840814171708,-0.051447807454309206,-0.01308736786866339,0.04869984926195453,-0.07701296029053195,-0.013390438314472772,0.06293675676787143,-0.10398178167423025,-0.015574915029503606,0.0667885391150457,-0.09832834786436133,5.610021281005149e-19,0.022018398996338614,-0.12389540893252904,-0.006735738357996366,0.028148054065477303,-0.14896010318804712,-0.016337867248748233,0.029014755181921044,-0.16210458396185726,-0.037013907588386054,0.028181256766370625,-0.09833610018109987,7.497724313918652e-19,4.583747460345719e-18,-0.1331032271499707,-0.008697172536487899,-0.0008489758888852536,-0.15683087064553045,-0.024256072682657708,-0.006355045410951462,-0.17815610316544359,-0.04320983446395578,-0.006451435167773798,-0.09056775905518194,-0.009766388905077774,-0.01385948331347298,-0.121047513407505,-0.020564351896291494,-0.016673488862045317,-0.14035197648149378,-0.03438416363207791,-0.01863506248047315,-0.1585905476981636,-0.05566187109792406,-0.020540580673735365,-0.07394719564451233,-0.01776562104098214,-0.028379541260240133,-0.09847216735472142,-0.021353456541519468,-0.03212580542665987,-0.11918145838365535,-0.029990600244093796,-0.03350568979317545,-0.1362208468417083,-0.03989636836694542,-0.03334160349757572
0.0,0.0,0.0,-0.02744257997267301,-0.008776891702653833,0.02652396447609584,-0.05164237424986753,-0.01291256036752431,0.048407971700547676,-0.07686824853889401,-0.01322345264493457,0.06323023309536556,-0.1041027864052663,-0.015323699039184884,0.06697380178941799,-0.09823340742781651,-1.8078549272159896e-18,0.021733489268376854,-0.12312592050257362,-0.006572675430456198,0.02763768623641561,-0.14777033334728382,-0.016049577397989276,0.028140093449018123,-0.1615272216235981,-0.036665156024436436,0.026933843754445706,-0.09777656551167517,-9.147801601627197e-19,5.114919245638891e-18,-0.13150965123676225,-0.009159236702094967,-0.0013477341534163152,-0.15422595964099306,-0.024661155525464145,-0.008074811292614614,-0.17407747925174522,-0.04421514422260688,-0.009031861190275887,-0.09026665719716025,-0.009610204411291932,-0.013496538798487306,-0.11998058759499117,-0.020040847163394444,-0.016539825297398843,-0.13974389689379058,-0.03447177615088774,-0.01934529085618202,-0.1576176237323119,-0.05582815524840039,-0.02161795681960318,-0.07362899270122378,-0.017189269965204063,-0.027727569731869392,-0.09786040632100139,-0.02076459681321542,-0.0316708957322702,-0.1188711365811918,-0.029292668396454745,-0.033152185349484914,-0.13587494288762045,-0.039687091963913526,-0.0336507728380107
0.0,0.0,0.0,-0.027579661220333188,-0.008478396673321398,0.02615460804013677,-0.051818208098529245,-0.012318923408138496,0.04803814444181829,-0.07664985233242412,-0.012362189104830543,0.06335599756386606,-0.10401402482268583,-0.014233839060484687,0.0670476840770972,-0.09793736802268516,3.3851942913045163e-18,0.021440937648161764,-0.12216875366468727,-0.0062854089740124915,0.026948136060170193,-0.1462198704988642,-0.015473478039789481,0.027084702895450743,-0.16058400207704945,-0.035869723572011895,0.02525810992566177,-0.09704870511911781,3.0475397621410566e-18,-4.173782907079585e-18,-0.1295625749065817,-0.009846961782820188,-0.0019057683254943224,-0.14992238281237158,-0.025268792007010984,-0.009793005564324605,-0.16684210348505873,-0.04480021270539467,-0.011432742855029794,-0.08993936486128719,-0.00939593394297587,-0.013195812243288741,-0.11880793270652977,-0.01956013683344061,-0.016520735565045366,-0.13890953318235408,-0.0345392526778278,-0.020252458388405063,-0.15631346460863016,-0.05550969319879439,-0.022887511203418087,-0.07331150836197887,-0.016568500326667533,-0.027194731698535007,-0.09727724588502598,-0.020061791341256147,-0.03122425212723283,-0.1187589135766256,-0.028518434212355,-0.032820130585834426,-0.13562794640223866,-0.03932907048864718,-0.03392507041036056
0.0,0.0,0.0,-0.027564212291878828,-0.008039468273360278,0.025843670335809733,-0.05202603324939561,-0.011071989367888644,0.04767956941851667,-0.07654472160522299,-0.010519867604647922,0.0632329169001687,-0.10383203470828424,-0.011911071689566217,0.06687467120794714,-0.09756841295503642,2.5951835586817945e-18,0.0212513246017377,-0.12127988709631601,-0.005828655738944769,0.02615975178469311,-0.14467539041548555,-0.014609219968283946,0.02601908568037311,-0.15954246398967342,-0.03459480623204848,0.023475094033980248,-0.0963480254536119,1.8522100272706474e-18,8.125307585667746e-19,-0.12769156615317415,-0.010777232558325942,-0.0024498311962291813,-0.1439501577587524,-0.025976765658769205,-0.010953555772427655,-0.1561376428007622,-0.04440849226162639,-0.012610483157702303,-0.08973972366890107,-0.0091756025341487,-0.013025344429388987,-0.1178558819433834,-0.019368316858764407,-0.016666175884531165,-0.13796164772498806,-0.03465581559889475,-0.021079202035486088,-0.15478097840155344,-0.05477615604003325,-0.023911480006924543,-0.0731035133405722,-0.016008920821600544,-0.026932297264494486,-0.09705913764019015,-0.019405047037275157,-0.03082476426997135,-0.11926183051308874,-0.027966232713384748,-0.03247977009764187,-0.13586438451044447,-0.039033731265697785,-0.033943872865735504
0.0,0.0,0.0,-0.027366288865144386,-0.007408984343320692,0.025687751334559215,-0.05231913558362164,-0.00906774774169862,0.04737029772919614,-0.0767197913137464,-0.0075837941551463095,0.06277718885472593,-0.10371058170531079,-0.008157810452416328,0.0663124350583208,-0.09727331788745736,3.421116175143278e-18,0.021233014918196357,-0.12071718572229335,-0.005186534428497264,0.02533934193706784,-0.14346699855302944,-0.01344927296877844,0.02508707930389268,-0.15875849153720062,-0.032849572082229044,0.021897863593148617,-0.0958381098472078,4.519400282089234e-18,-1.7769310658676373e-18,-0.12621000274096814,-0.011936497131930474,-0.0028425308347369456,-0.13661175547375592,-0.02658199291455806,-0.011045271038475087,-0.14241291717708665,-0.04240089922350168,-0.011792750617241436,-0.08982690768798031,-0.008988558535673066,-0.01298550846516712,-0.11733939744508262,-0.019639223069684558,-0.0169233780368925,-0.13693654824738258,-0.03496611500325805,-0.021460747754466505,-0.15298890722655709,-0.05376953378586387,-0.024142215781957247,-0.07315644239560047,-0.015594373789876716,-0.026980720813621722,-0.09748797753846915,-0.01891408578124795,-0.030471225207538342,-0.120693701451088,-0.027870973272935515,-0.03208096857018386,-0.13694784195935997,-0.03899107293502881,-0.033522528425996824
0.0,0.0,0.0,-0.026974886436068823,-0.006630102110170477,0.02576812770187587,-0.052607582831769514,-0.006630462579500096,0.04714630535322916,-0.07717212983495385,-0.0040432739961298965,0.06201299291013821,-0.10376977908730889,-0.003515357204130339,0.06529387843550065,-0.09716788053188206,-3.3292838521524308e-18,0.02143886398425663,-0.12069928514585901,-0.004478693202555119,0.024569785934406597,-0.14280140786012976,-0.012245293900093561,0.024400163995931735,-0.15847066020297884,-0.03115634210989703,0.020750773222999605,-0.09566313520978782,-2.9571564404888903e-18,4.283782294193053e-18,-0.12524012725981679,-0.013415133530313239,-0.002904583152701424,-0.12860744562131066,-0.02721896955138613,-0.009861942373716593,-0.12720612608901727,-0.03892977518166898,-0.009040973088840184,-0.09036047794697,-0.008860490152528303,-0.013053022205484831,-0.11731294223863169,-0.02057583549032995,-0.01713412127559887,-0.13568352870247094,-0.035942878429522866,-0.021045942361965775,-0.1505638641780296,-0.053148546947020495,-0.023077729675688954,-0.07366125406408239,-0.01542046315512456,-0.027316647358366385,-0.0986973045877167,-0.018769819835125722,-0.030188084313153143,-0.12307750163782118,-0.028551168817170836,-0.0316022549278131,-0.13902837446025834,-0.03960372565934837,-0.03258577777726343
0.0,0.0,0.0,-0.026356878162915633,-0.005889901409152949,0.026153758568578996,-0.052620828694940225,-0.004495947836922774,0.04714493625965089,-0.07770592609097132,-0.0009848288022527708,0.061208171139886504,-0.10404935433577421,0.000721437940910632,0.06398373674396561,-0.09733214339717003,5.433333294242893e-18,0.021944481371116042,-0.12139508911335034,-0.00395246674959127,0.024019820540826707,-0.14279424698339307,-0.01151901026664347,0.02410150114730106,-0.15870269248992785,-0.030528790045606616,0.02023811241353151,-0.09599193804437091,6.144946804705814e-18,3.835356528811123e-18,-0.12477542022490198,-0.015379873388536733,-0.002473978155189957,-0.12095152835427739,-0.028450466006866456,-0.007564335461802913,-0.11278126772231836,-0.035254074492884306,-0.005224781611272329,-0.09147828271671352,-0.008823120611861314,-0.013252819004813697,-0.11771558681346009,-0.02240505199419909,-0.01708089625667464,-0.13385829237016358,-0.038199410472668185,-0.01955848290223988,-0.14679646351114364,-0.0538902001596116,-0.02038488563875714,-0.0747842494273271,-0.01561017117272368,-0.02793583727924619,-0.10065813146181558,-0.01923010768151534,-0.030071300348470605,-0.12611355922770523,-0.030392761115207768,-0.03106791433327825,-0.14189819064924314,-0.0414600835673918,-0.03114082971918167
0.0,0.0,0.0,-0.025487334306170006,-0.0053970270610890275,0.026826983488600714,-0.052074141145072396,-0.0032958288654238435,0.047552534875021646,-0.07797496687138558,0.0006217240349557522,0.06079865049874721,-0.1043600879100475,0.0033206062201423985,0.06278375990771087,-0.09763613031978406,8.909769380339197e-18,0.0227396266708697,-0.12260538210459587,-0.0037887698716431535,0.023846780106934095,-0.14324404690507656,-0.011555986352455713,0.024280118710015466,-0.15917826800753163,-0.03150528566963252,0.020480516871611447,-0.09677550163274035,9.477473437697458e-18,-3.1310528298935967e-18,-0.12446282096380053,-0.017772795341270322,-0.001483832657719725,-0.1142734310615197,-0.030544312115431838,-0.004485404365025415,-0.1007857093783822,-0.032580633740579665,-0.0013043286033523208,-0.09304550393033185,-0.008875573187673427,-0.013593060254728727,-0.11818805854613092,-0.025014371054611028,-0.016496537749896276,-0.1309114967461764,-0.04163250891644831,-0.016853713782785176,-0.14089969989282994,-0.056003007226818544,-0.016014448831710996,-0.07641375243634893,-0.01616386609211758,-0.0287611530765164,-0.10303615329654676,-0.020339336030885155,-0.03015746633888241,-0.1291684431782913,-0.033335108096008585,-0.030459031129570165,-0.1449107617404837,-0.04462890005677111,-0.0292052018937221
0.0,0.0,0.0,-0.02442520035614199,-0.005232510422663208,0.02763242980129479,-0.05090146910966127,-0.0030858138856327427,0.04838912000282636,-0.07766386695861938,0.0006673521229303683,0.06103825677686112,-0.10431534216370071,0.003992119280555861,0.06201739862822914,-0.09768241443381215,-3.264682438545204e-18,0.023634506374878426,-0.12365056314356755,-0.003921685721082416,0.024017014034472827,-0.14356928957323567,-0.012049028905399103,0.02478483303369993,-0.15943945291417064,-0.0334980142156377,0.021300072370243495,-0.09757099631663664,-3.1184640653070467e-18,-1.2454969153446954e-19,-0.12361621293083867,-0.020181173935276908,-3.607827829287443e-05,-0.10845293383733176,-0.03304452958221456,-0.0009944008328682558,-0.09148688021010645,-0.031079700258400685,0.0022374868224783583,-0.09452020344649407,-0.00892344152647817,-0.013969343959648793,-0.11805591661771506,-0.02776506533751203,-0.01521577943720607,-0.12635778685549903,-0.045125420098895766,-0.013130665557832653,-0.1325630600442371,-0.058036743421795496,-0.010417778124362525,-0.07804352500731171,-0.016849042771072766,-0.029555880749761083,-0.10516877579725273,-0.021727213886590078,-0.03035140072267137,-0.13144530837984464,-0.03655733155843986,-0.02974343527453565,-0.1472063158304911,-0.048211419686046676,-0.026904207757121386
0.0,0.0,0.0,-0.023355051279858395,-0.005351179207973411,0.028390734132767305,-0.04938978180869302,-0.003503175446520181,0.04946289168694996,-0.07687584477537704,-0.00023146102001535604,0.06180119151692831,-0.10384587492969255,0.0033214836591202125,0.061650454840489144,-0.0972330551695506,-1.8062852338544116e-18,0.024413728627139905,-0.12403707942830051,-0.004121624553202934,0.024353613830145608,-0.1434166571952898,-0.012428587740902289,0.025304641195201934,-0.15935625208702706,-0.03545304556336364,0.0222999854815611,-0.09793815519592387,-1.061291753723593e-18,3.927749248990156e-18,-0.12192086600033543,-0.02220024735592983,0.0016738088183060646,-0.10326956541191723,-0.035379700672517965,0.002549986010497903,-0.08449418631375329,-0.030398888604494065,0.005335342501512819,-0.09537305931790686,-0.008847564452429391,-0.014248753551118378,-0.11689028469990996,-0.030009501837112776,-0.013386733900466923,-0.12035278067056543,-0.04756872574616817,-0.009007587577646964,-0.12247147893157755,-0.05852654253969629,-0.004498741256007806,-0.07914456479507623,-0.017406131372961087,-0.03009537691102783,-0.10650923016964739,-0.02293444174095847,-0.030587254962651193,-0.13250133881635773,-0.03910858574039672,-0.029022663083587502,-0.1482774976511711,-0.051097446557139,-0.024613192622171445
0.0,0.0,0.0,-0.022510699291671907,-0.005653044558119674,0.0290243501185111,-0.048030443834583714,-0.004186219330833578,0.050551688677684774,-0.07612619642611367,-0.0014058370533050976,0.0627766558711934,-0.10337407470598911,0.002060234832959187,0.06140716914976442,-0.09650966937252571,-3.352491301858942e-18,0.02499606038999907,-0.1239382862365129,-0.004225174455527624,0.024710058655328212,-0.14302519155523305,-0.012359103849866254,0.0256220565770949,-0.15927192685287356,-0.03674393627284411,0.023176086371308725,-0.09785188380699572,-1.4296644207643368e-18,1.1617497418479096e-18,-0.11976920058100189,-0.023731703020521494,0.0035138055781751107,-0.09885285527659947,-0.03737233408306593,0.005906618654497591,-0.07947547395456979,-0.030315669737777044,0.008081733017932996,-0.09552195991495849,-0.008625954960245336,-0.014372324754753916,-0.11487669338965413,-0.03159521419007617,-0.011352869976007571,-0.11371369956454852,-0.04874201853766916,-0.005152861996884452,-0.11199459520199832,-0.05724590161457711,0.0008969636384416236,-0.0795652058372451,-0.017781393422111373,-0.03031695151625194,-0.10701095684327193,-0.02381943859787304,-0.03088614602285618,-0.13250708523035531,-0.040703259938314196,-0.028445496292737495,-0.1482106087875791,-0.0529649060494959,-0.02274844438397964
0.0,0.0,0.0,-0.022014971827677664,-0.006002614408271013,0.029534721978444506,-0.047176333008247695,-0.004876087592324511,0.051501568543278566,-0.07582819808107177,-0.00243557695237212,0.06368708341626837,-0.10329513437246798,0.000757840669331573,0.06101742424013223,-0.09591706467681083,-2.6196777191726806e-18,0.02539024014875692,-0.12382658208671893,-0.004254712134665323,0.025020932089554367,-0.1428093299810503,-0.011920610941505696,0.02571149432270621,-0.1595044514006659,-0.037374202848323886,0.023835060614625904,-0.09758911775196795,-7.899583649327707e-18,-2.168397073691329e-20,-0.11775895543553436,-0.02487538560954622,0.005418544219619468,-0.0953786783160986,-0.03903326951319258,0.008950226125214044,-0.07610466333253875,-0.030645904991840375,0.01050632758056377,-0.09526085360543683,-0.008348969150894631,-0.014335237729281844,-0.11256724903251257,-0.03273946422199934,-0.009376844888352217,-0.10744698457310374,-0.04913734583324577,-0.0019349240460848746,-0.10255464052510094,-0.05505028813616141,0.005305614455176929,-0.07951483023611515,-0.01807266861189759,-0.030260144399347204,-0.10699412733776989,-0.024562466176486154,-0.031194681096159454,-0.13194716396682377,-0.041793468593492505,-0.02797140356915796,-0.14739374437416367,-0.05439249844083314,-0.021385402401061068
0.0,0.0,0.0,-0.02178756170582048,-0.006253537854012347,0.029923777427791134,-0.04682941503806653,-0.005357074749320204,0.052206766345195485,-0.07595860902599287,-0.003114014607679431,0.06435342863404109,-0.10359033556395793,-0.0002466360130639811,0.06037148114968848,-0.09566313380872443,5.06406626069042e-19,0.025619189352996754,-0.12396317612318478,-0.004369530383693792,0.02528644883423488,-0.14291728252974392,-0.011521108562677582,0.02571445451200198,-0.15997017118802476,-0.03776035129984498,0.024364406578134278,-0.09742488149857735,-1.4420099796278006e-18,6.632100764793285e-20,-0.11622818048450312,-0.025759623132147795,0.00727796875839677,-0.09282367495625722,-0.040319405276781156,0.011538298009832254,-0.07397499684755848,-0.031145175352906666,0.012484553491517664,-0.09497645998928714,-0.008157246761413162,-0.01416757695026552,-0.11053133156070309,-0.03368427459374557,-0.007604673253492401,-0.10251826763896903,-0.049399122508610734,0.0005292225125642193,-0.09548924083213933,-0.05319147165501179,0.008527444310277039,-0.07934017550402306,-0.01836592027022132,-0.029999568110188512,-0.10682139064025167,-0.025409257561334803,-0.0313160620045294,-0.13124875626191676,-0.043058385063134766,-0.027361246103870557,-0.1462076021954866,-0.056196987759544376,-0.02021918223505279
0.0,0.0,0.0,-0.02163659596382478,-0.006330475849616215,0.03016284554133795,-0.04674245612924631,-0.00553614577663233,0.05262455272703838,-0.07623295435049302,-0.0034570275296968546,0.06472361234862271,-0.10401673246874142,-0.0008792294250866595,0.05958136522592102,-0.09571240593641554,-8.326595228306146e-18,0.02572856607857562,-0.12434288129260937,-0.004697280305050325,0.025560178818203605,-0.14327068726273634,-0.011577686081836156,0.025840535115694604,-0.16039033331102295,-0.03835620600237799,0.02493692276821275,-0.09750894716818455,-1.592354163601548e-17,3.38078309924177e-19,-0.1152639173387573,-0.02651687754935192,0.00891970258790587,-0.09107076639071508,-0.04120539946987652,0.013496097227928857,-0.07271227850014184,-0.03166563603688004,0.013853273869134814,-0.0949634435798239,-0.008165930241164564,-0.013941696825462247,-0.10913723007505868,-0.03457563248411751,-0.006141800573036658,-0.09952385319314752,-0.04995108753471895,0.002248315691629302,-0.09152681368843564,-0.05257359701062549,0.010560261875329418,-0.07934883992605567,-0.01868061785536796,-0.029641295021698374,-0.1067385668159009,-0.02646261175801017,-0.031076884889195227,-0.1306459766491019,-0.04485360159537397,-0.026430970976416022,-0.14491174539298451,-0.058727320119838486,-0.01892687218097175
0.0,0.0,0.0,-0.02144072274891583,-0.006274556050136448,0.030218603633774814,-0.04668778251824092,-0.00552354785089823,0.0528073872480506,-0.07644789452200937,-0.0036782224540276662,0.06487808364710075,-0.1044420250296838,-0.0013413925416171485,0.05890250356630179,-0.09597044196175186,-7.55724133926318e-18,0.02579788646356566,-0.12491749708984663,-0.0052103011718130894,0.02589407278977631,-0.1437938273765382,-0.012190889219181036,0.026199911305585067,-0.16066759806747952,-0.039330834580841204,0.025630117407884203,-0.09789202378373772,-7.818279597513583e-18,-5.308680577306154e-20,-0.11485975087646608,-0.027279842609370095,0.010200117029461709,-0.09002591140367319,-0.04179058626507169,0.01473945120776117,-0.07202943135802906,-0.032200426289680936,0.014570885375451037,-0.09534472873643714,-0.008405088174758765,-0.013746949346828515,-0.1084559644977375,-0.03549348724098559,-0.005050249668318207,-0.09828803553400352,-0.0508900714724849,0.00333809462853981,-0.09009336756648074,-0.05325737943817028,0.011638173902934942,-0.07970583082474132,-0.018998030615072804,-0.029307031591578346,-0.10687144348114079,-0.027646968886132675,-0.03052400616053077,-0.13023338749190966,-0.04703531504954847,-0.025278807178220945,-0.14367190293096319,-0.0617033344083321,-0.017527815543020936
0.0,0.0,0.0,-0.0212111113023578,-0.006177554637275183,0.030103902162920422,-0.046598669880770625,-0.0054886014462242365,0.05283410353018034,-0.07657104628564489,-0.003963458155663847,0.06491482336585411,-0.10486136028372776,-0.0018550550247189439,0.0585006662883563,-0.09636891143095405,3.7510738393306445e-18,0.025881825391167703,-0.12563720446121193,-0.005793895796473864,0.026253413707211327,-0.1444212252820497,-0.01318708094511781,0.026706980120953502,-0.16085199326851662,-0.04059072000535126,0.026313918736950333,-0.09852185748523141,9.71493830653826e-18,4.235259469364476e-18,-0.11491271371442649,-0.028105291903102653,0.011026517858081966,-0.08957135578539248,-0.04223499672748801,0.015285161810905046,-0.0717052556291929,-0.03276747889673506,0.01471279331673711,-0.09603617339772054,-0.008813528133513056,-0.013650923199674134,-0.10835361947108908,-0.036438759298054124,-0.004378624982951751,-0.09825176598122805,-0.052127665100594724,0.0038989088917930946,-0.09016434745762109,-0.05484224361236298,0.012005067806343944,-0.08035889618124253,-0.019285237101987394,-0.029089365666971914,-0.10719405914689085,-0.02878755013227255,-0.029888144797059008,-0.13001512279726232,-0.04919842113693719,-0.024230272365951662,-0.14262423841049524,-0.06457220190283748,-0.016370296163627406
0.0,0.0,0.0,-0.02100820549068342,-0.006101760379236625,0.02989903408650972,-0.04653109900247953,-0.0054828025913027005,0.05273089194907399,-0.07664783469024421,-0.004299484224105631,0.06483222200774388,-0.10528556574653795,-0.002429597441028199,0.05831076798748259,-0.09683812808472589,-6.17796405349245e-18,0.025966019128866917,-0.12636343256869317,-0.00637743219742189,0.026524359011023745,-0.1450160076702757,-0.01440438449500045,0.027174354746661994,-0.16089482208147715,-0.04201757061796251,0.026750446468384807,-0.09926206619401348,-7.660122300560231e-18,5.108269821033225e-18,-0.11522083060934595,-0.028940769818922622,0.011322420027741708,-0.08953456396612704,-0.04266267860963329,0.015174844778431559,-0.07160865693853126,-0.03337136921608276,0.01438610120858993,-0.09682493207410992,-0.00929437452736887,-0.013685911910448663,-0.10869254136612862,-0.03735997584205319,-0.004190140803672923,-0.09917791515870585,-0.05366626846762294,0.0039374964048637,-0.09154809754912563,-0.057330618769882505,0.011740114845659747,-0.08109803507460848,-0.019515688818157965,-0.029028016592820914,-0.10754285606700195,-0.029733617557710815,-0.02937771234143501,-0.12989933755563346,-0.05104761997131961,-0.023568336499793063,-0.1418553606788866,-0.06696598291512859,-0.015792232001513588
0.0,0.0,0.0,-0.0208695711420184,-0.006078733744491976,0.02971379916077426,-0.04657564957400782,-0.005480238424067798,0.052515375272353,-0.07675532399132783,-0.00457770837798393,0.06459369211549537,-0.10574926745534007,-0.0029419918189902213,0.058174116128468414,-0.0973401897012893,9.907225325375127e-19,0.026015394747038602,-0.12697289925418426,-0.0069373184042431715,0.026625742159512644,-0.14548280563036953,-0.015759779957041076,0.027470812128494875,-0.1607241846677469,-0.043531470528835506,0.026784209923837638,-0.10000986012730813,1.257277339497836e-19,-4.944924761677474e-18,-0.11562611129140109,-0.0296998698559449,0.011084705618276496,-0.08975463086922215,-0.04314686879974231,0.014513839476329813,-0.07168760694285066,-0.03403082340012088,0.013723720351649718,-0.09755129701185873,-0.009763457165350464,-0.013853310676530103,-0.10940377678676624,-0.03822193787581986,-0.004483325142873409,-0.10103895611136264,-0.055582451710502856,0.0034981566071860906,-0.09444484456130879,-0.06100176722351635,0.010925333175132803,-0.08175493860987863,-0.019689061991088056,-0.029127237461687813,-0.10779305960799143,-0.03043772387670683,-0.029089095542686277,-0.12979925870803374,-0.05251436391302556,-0.023382811145701784,-0.14139730402447434,-0.06881932725111181,-0.015872379944679386
0.0,0.0,0.0,-0.020815969347651394,-0.0061314162406229415,0.029628564605246533,-0.04678502678359024,-0.00549396428610459,0.05225407888821763,-0.07696640088667957,-0.004760592012257283,0.06424622996168314,-0.10629398849165246,-0.0033091624872685394,0.05802190678917238,-0.09788809698084992,1.3815615442841076e-17,0.026034059388680662,-0.12749415374296755,-0.007426857808982689,0.02657262294154801,-0.14589044212272614,-0.01709150868143382,0.027567797161524847,-0.16047812667307834,-0.04496717267585979,0.026434912821614795,-0.10073826866935456,1.1123267925421842e-17,4.260838021328942e-18,-0.11608059694627199,-0.030325906042490695,0.010463227851267872,-0.09009353688627983,-0.04369587906629773,0.013542530247836101,-0.07185675315919125,-0.03471025324309265,0.01290180802753613,-0.09818203073706687,-0.01015111296042044,-0.014120969762268176,-0.11038413005225178,-0.0389924149742522,-0.005118817020437786,-0.1034718030740742,-0.05772047125958463,0.0027769554325061687,-0.09832592289134892,-0.0654995137778798,0.00981341709655722,-0.08229503784343149,-0.019825344301762346,-0.02936534513855709,-0.10797864451812916,-0.030927091884702915,-0.029050759954202435,-0.1297728043704016,-0.05360551947494123,-0.023614850285506448,-0.14130419152027568,-0.07018410402151608,-0.016451098886361343
0.0,0.0,0.0,-0.020853286105283652,-0.006268670008192737,0.02966546765252186,-0.04712771496754725,-0.005573565264170397,0.05202485152663798,-0.07725750991036137,-0.004898602338690047,0.06390701724683151,-0.10686444984396883,-0.003520639228800014,0.05788679440983333,-0.09846610037709955,1.60919466344098e-17,0.026059088498223238,-0.12801470193929104,-0.007777246370515196,0.026436040508864996,-0.14635663082041997,-0.01815432238484268,0.02750735266515784,-0.16040734280098348,-0.04608887184702162,0.025873823405851388,-0.10140748124464173,1.5957112656621896e-17,-4.531549581900138e-18,-0.11654810382706068,-0.030804138760006407,0.009705364098452601,-0.0903824417959624,-0.04425277448902252,0.01256110813435065,-0.07192656725739152,-0.035296626189481144,0.012096300501986524,-0.09872394529036845,-0.010410594991260251,-0.01442782705506904,-0.1114275211650915,-0.0396216367148687,-0.005873445643284276,-0.1057929336920437,-0.05968753246430083,0.002053898496767016,-0.10204433600235344,-0.06979900303955273,0.008747514598227753,-0.08272745500243527,-0.019946856379239028,-0.0296864691707156,-0.10818882971393562,-0.03124331859095421,-0.02923631125335793,-0.12994467394700943,-0.054319329056616655,-0.024117973044035568,-0.14161368677025934,-0.07112949128482751,-0.017265225224284125
0.0,0.0,0.0,-0.020931722544450335,-0.006479902578311427,0.029789442961250256,-0.047482636723575854,-0.00572837578184308,0.051851727210630506,-0.07744740038300162,-0.005022927872909013,0.06365304537072144,-0.10724477587083686,-0.0035628058571946617,0.05781965638948471,-0.09894587943957961,-2.933855474723447e-18,0.02611122832923796,-0.12845632514477903,-0.007937082441485787,0.02627835816134479,-0.14681097554078415,-0.018791520602961066,0.02737298528849802,-0.16051071155756996,-0.04676575194883637,0.025350864517976867,-0.10188367060465515,-3.054826541646901e-18,-4.906977696610045e-19,-0.11689146885818702,-0.031160703694424873,0.00900406415006236,-0.09039789940705648,-0.0447720899240998,0.011758455935370065,-0.07163068293714568,-0.03576828910340181,0.011406546704343226,-0.09911057051673867,-0.010535603686428292,-0.01470602943073117,-0.11227305067131375,-0.040069072017980996,-0.006573030785207925,-0.10749303693340378,-0.06119388417175297,0.0015076938039897078,-0.1048214558290301,-0.07311399944734288,0.007908733868619582,-0.08298154215060406,-0.02006352089910925,-0.03000225684423068,-0.10837556070756624,-0.03139421190161974,-0.029545532849210916,-0.130275027535715,-0.05464703613157185,-0.02469664573519899,-0.1421892991770543,-0.07169598031023852,-0.018075065654094623
0.0,0.0,0.0,-0.02096413220349198,-0.0067427773985892165,0.0299145340702675,-0.04770001861657869,-0.00590508537299261,0.0516712801014395,-0.07725644873297247,-0.005083217864767925,0.0634354654472475,-0.10708920675331389,-0.003378420018880476,0.05782383958763909,-0.09907307047351258,-7.427576730785047e-18,0.026147668106318352,-0.12848171941813583,-0.007859398498084851,0.02610481926984962,-0.14692089473562084,-0.018978180045209854,0.027237184106521536,-0.16041710762154163,-0.046992426161752185,0.02508102681019249,-0.101911989658988,-1.9837937795704123e-18,1.269981846237614e-18,-0.11686320236291786,-0.03141030355184001,0.008392842875403247,-0.08993452666540491,-0.04526405684959191,0.011103367615555464,-0.07074965337641147,-0.03629955653522988,0.010813910082239702,-0.09912771665408535,-0.01054073272025366,-0.014881702206313747,-0.11266762419206333,-0.04028381006679506,-0.007175744460885233,-0.10851055503924287,-0.06217389957571279,0.0010890176988732978,-0.10672958821534545,-0.07534959084044154,0.007165380337666869,-0.08283817199104793,-0.02016146959096264,-0.030192107143495437,-0.10826372438366182,-0.03129763096964107,-0.029830389012595025,-0.13048501481572197,-0.054486102514976605,-0.02518300523820147,-0.1427181862898078,-0.07173517149312689,-0.018762718174724666
0.0,0.0,0.0,-0.020932100433376906,-0.00702043892884249,0.029907034092445342,-0.04769843294658593,-0.006025736033937891,0.051329932393991036,-0.076458437387195,-0.005020230770794597,0.06308038443229053,-0.10603290598235708,-0.0029513890074655434,0.05782727482036773,-0.09853312816951242,-4.089004684525233e-18,0.02604587821097244,-0.12762896675043875,-0.007485611513765062,0.025853209378306263,-0.14626136024103417,-0.01870310111737558,0.027100270433361415,-0.15966509913958152,-0.04671693672314663,0.025127133368452275,-0.10115754320881168,-2.829131057298744e-18,1.7509157698947347e-19,-0.116236767734874,-0.031459317926209415,0.007743032808052378,-0.08903345800193019,-0.04569565291584178,0.010354346309945042,-0.06939950973911103,-0.037089106600855466,0.010206294074012799,-0.0984290126694789,-0.01043143016384045,-0.014865430226578293,-0.11242679108629054,-0.040128869200376824,-0.007768174012083298,-0.10914720262320832,-0.06254321677358686,0.0005233975313597507,-0.10844327130084233,-0.0766425900349397,0.006137820883078012,-0.08197435369943464,-0.020193505829792898,-0.030105340317378746,-0.10744548907944555,-0.030769794352796705,-0.02996082923894251,-0.1302023764053426,-0.05355513108701851,-0.025539268029574805,-0.14288505648605837,-0.07080248120499127,-0.019408133935155114
0.0,0.0,0.0,-0.0209222455582969,-0.007248224571299105,0.029591499303168217,-0.04749803678993271,-0.006004860168255412,0.05063140408807891,-0.07501356377971068,-0.0048340027143346665,0.06236812044170837,-0.10386998109548357,-0.0024090178635848523,0.05769694230327657,-0.09707256245333351,-1.5418177596649042e-17,0.025629984054326337,-0.12550509704363483,-0.0067901727233022355,0.025453102301330608,-0.14451217788755208,-0.017924166332418775,0.026904136475646757,-0.15797364018173832,-0.04576123423505179,0.02538193340039748,-0.09934371907952147,-2.0541263157316424e-17,-1.1474863023610813e-18,-0.11497655216911849,-0.031050088757904472,0.006832152353862524,-0.08822404791901076,-0.04583121681314836,0.009146901730386655,-0.0683432171496548,-0.03813363301452171,0.009419200997387736,-0.0966832552347987,-0.010200817160305702,-0.014583368277769149,-0.1115231268128719,-0.039324581300066885,-0.008521275514898707,-0.10997206456645066,-0.061969815380483254,-0.0006284744649938243,-0.11095728498331385,-0.07681360293606213,0.004308512925733051,-0.08014049104149455,-0.020053659355893254,-0.02959866500517405,-0.10558049595838684,-0.0295685519483884,-0.029875196885197075,-0.12910621009817513,-0.05141246725278066,-0.025897704760629678,-0.14245711922746654,-0.06820311778611667,-0.020297257149135856
0.0,0.0,0.0,-0.021053417496325486,-0.00734457607077206,0.028790979593327614,-0.04716804187702272,-0.005767082934751269,0.04943037181921316,-0.07308371948495263,-0.004562750647307404,0.06115004417905946,-0.10070401543279414,-0.002019284087174556,0.05730997816456199,-0.09460615250636979,-3.1130123734370018e-18,0.024733070125953598,-0.12190579774037191,-0.005834546690079852,0.024885768164185706,-0.14153984886227283,-0.01660106549557149,0.026559537922383348,-0.1553231557499558,-0.04384659232593775,0.025576215113395827,-0.09638851618968057,-2.201390458108713e-18,-2.536680494046598e-18,-0.1132427122876214,-0.02976369007236096,0.005432114659419376,-0.08846009232707486,-0.04512802629650771,0.0071066511891141465,-0.06899469173425335,-0.039096520871388485,0.008228234985373728,-0.09373982048426942,-0.009826095769278561,-0.014019784361741974,-0.11009356981963303,-0.03742064306779087,-0.00962097406003891,-0.11166474389220286,-0.05978685994159172,-0.002859439625760232,-0.11532223514719663,-0.07514465780987804,0.0011206952267018438,-0.07730887239945991,-0.01955511227934089,-0.02860051222676693,-0.10251926143487877,-0.027428741267205934,-0.029604649942058144,-0.1269515362911622,-0.047504073182955145,-0.026521160102954692,-0.14121098664858153,-0.06309868884460705,-0.021830558856185636
0.0,0.0,0.0,-0.02143847340608074,-0.007245741512527302,0.027442438533835403,-0.04680276291329037,-0.0053264049805167735,0.04776039688652484,-0.07098798582303392,-0.004276998167497957,0.05949625495835589,-0.09701841165964266,-0.002110579410519315,0.05667968013770711,-0.09135448216322417,-1.0823084872439542e-17,0.023293302968972838,-0.11703773737301727,-0.004767854262251245,0.024192059233738888,-0.13756203215377732,-0.014653891481734576,0.025949449629394883,-0.1521222348464102,-0.040547450575975454,0.02527710818124818,-0.0925330655144202,-1.4161981284622846e-17,5.3559568637511585e-18,-0.11131212326746957,-0.02709227637749648,0.0034224177507570096,-0.09075841027137564,-0.042751097368060605,0.003994850792914033,-0.07306172116725332,-0.03919201055884783,0.006314901457623732,-0.08979253465989745,-0.009268006919418583,-0.013226654306943707,-0.10837722504324998,-0.0338698430959834,-0.01114617915094672,-0.11458822406594904,-0.05503969206495094,-0.006465897562475905,-0.12197895744799592,-0.07034485952882293,-0.00377503020525951,-0.0737633947881326,-0.01849522452002848,-0.027174868178795313,-0.09841130005785576,-0.0241370635574625,-0.02927080346421086,-0.1236622726691379,-0.04131806668024092,-0.027675076662134812,-0.13896208795578943,-0.054797484289667776,-0.02429490681475935
0.0,0.0,0.0,-0.022170818908457332,-0.006917994251258568,0.025743998839570896,-0.04656935654323912,-0.0048523016793746545,0.04596763725670317,-0.06920883353728337,-0.0041148901759581556,0.057843828327562415,-0.09371604068906286,-0.0029407932214672652,0.05606519835608488,-0.08804307963747243,3.4707029569123785e-18,0.0214736688556864,-0.11188031143481168,-0.0037873357928429256,0.02351592835165555,-0.13343491123016651,-0.011986082588690862,0.02510705343855132,-0.14932986386985994,-0.03540277867882668,0.024228868022250168,-0.0885447506064656,1.0906390943121635e-18,-4.126336274580545e-18,-0.10967173786959021,-0.02268866450614487,0.0009959528148102124,-0.09584835169481237,-0.037808769642670596,-5.318373787414886e-05,-0.08198188614512596,-0.03721955793492637,0.0033576037541202517,-0.08561417696111183,-0.008528998044056848,-0.012328999200413662,-0.106775379586431,-0.028376610276149464,-0.012891839140859247,-0.1184703594010928,-0.04697054025909613,-0.011136730930551886,-0.13013670233694602,-0.06114627229699349,-0.01002244540086578,-0.07024560200577425,-0.01681457986387464,-0.025568814229360817,-0.09394586350373764,-0.019737091656039388,-0.02900051014112004,-0.11960265171285765,-0.03282836056171982,-0.02932566312208868,-0.13583935055259297,-0.04339566001384831,-0.027471816789132613
0.0,0.0,0.0,-0.023253759089326635,-0.006373764849464106,0.0241688668765131,-0.0467160942816027,-0.004623924146148123,0.044655232280901826,-0.06833624134578527,-0.004253909929396816,0.0569228649232752,-0.09191695462847788,-0.004534730221479061,0.055900626679247424,-0.08581351409954571,-1.5784026662842082e-19,0.019676294736526385,-0.10806096996598419,-0.0030581418247870498,0.02312625652213472,-0.1305007915533762,-0.008704210849402934,0.024465837778889925,-0.1480043208949036,-0.02842151483999234,0.022955626194470048,-0.08561896169847791,1.5166230095248876e-19,2.4381682298797648e-18,-0.10905402516378362,-0.01675928988615387,-0.001190881250867364,-0.10390103342122885,-0.029915307977053662,-0.004262559116743962,-0.0961997655733648,-0.03206365520813052,-0.0005546195221438824,-0.08244034299723149,-0.007714487050289044,-0.011517439528120153,-0.10587423329724412,-0.021383689707496864,-0.014299396350801966,-0.12263492503310101,-0.03596558779821453,-0.015691067037730856,-0.13811872793942495,-0.047798461663478974,-0.01612776343004436,-0.06779180860636819,-0.01468803661366099,-0.024151390054776477,-0.09029142703968851,-0.014718411377663434,-0.02880980773170019,-0.11564160009313519,-0.022959277713911583,-0.03093300254636545,-0.13248777040727555,-0.030326633399549035,-0.03049788387685005
0.0,0.0,0.0,-0.024588126799733878,-0.005738529102408354,0.02319519570061625,-0.04746941488679028,-0.004891482302688163,0.04426921069876778,-0.06879867969096604,-0.004843492614634535,0.05725668953944356,-0.09233409866962901,-0.0066635052820849805,0.056464758277877475,-0.08558658018519974,-5.477213499073277e-19,0.018320248789650436,-0.10687212508261458,-0.002625055375054135,0.02324047976900481,-0.12976496074466057,-0.005285674921818326,0.024616287544406867,-0.14859141722661467,-0.0205741699918326,0.022562250609819607,-0.08466548453956382,-4.514597423561543e-19,-7.942580447412887e-19,-0.11007713078454695,-0.010235635259219637,-0.002345105296149469,-0.11431696240315432,-0.019873925078755145,-0.007396086354004238,-0.11452052746911406,-0.023704793358480084,-0.004523739527947371,-0.08118898378865777,-0.006985854237897139,-0.010973672630785105,-0.10616188738457281,-0.014159070067664498,-0.014803774461756182,-0.12658611612740794,-0.02405919777549299,-0.01868596206966763,-0.14465313205236713,-0.03301276469465864,-0.020166599374006795,-0.06702347480849104,-0.012455305752555178,-0.023196828600186205,-0.088388558883893,-0.009922454315691009,-0.028644837130895006,-0.11272401415339423,-0.013467079045663029,-0.03185919677014643,-0.12984625493590005,-0.0180454009108308,-0.03252681245899433
0.0,0.0,0.0,-0.02603931864599982,-0.005229392234248903,0.022940367109219057,-0.04886440685043315,-0.00571541737204163,0.044709162415195874,-0.07057974960412257,-0.005958661282907088,0.05864083574543732,-0.09479541729561482,-0.009024431144510426,0.05756270660586927,-0.08742629503383095,-2.533787488618481e-19,0.01759870131354653,-0.10839374127540763,-0.002443767712119672,0.023818209902835123,-0.1312525589797345,-0.0024358485672247732,0.02566993390398455,-0.15079290665065767,-0.013583722229709353,0.0235549531184226,-0.08569145482123494,4.043212873405721e-19,2.1945730054940633e-19,-0.11282151661803971,-0.004413078017787834,-0.002207053448621907,-0.12575264733071034,-0.009750175230892008,-0.008619973850005454,-0.13413898533629032,-0.014004928346867607,-0.007308199117144698,-0.08183432507641314,-0.0064731168659155095,-0.010794724822179374,-0.10771991839348241,-0.008215600269504856,-0.014406163249319318,-0.13030634851943498,-0.014040621354141351,-0.019669381704166784,-0.14970588185201045,-0.020653035700712426,-0.02151303735755534,-0.06770227546024558,-0.010520938229976035,-0.022759007076526647,-0.088338025749747,-0.0062030455447752205,-0.028550131102641808,-0.11136800474847015,-0.006155660376332165,-0.03204104736882138,-0.12864364586889357,-0.008890494829412166,-0.03355125185806967
0.0,0.0,0.0,-0.027451806801618257,-0.004972142761445488,0.023155663294155054,-0.05066870062857986,-0.006859925274991874,0.04551672235065829,-0.07323233935334922,-0.00743737180340104,0.06033385184756773,-0.09844849432024524,-0.011279229206019184,0.05868476986715069,-0.09058923840213952,7.250459077913741e-19,0.017475954334132206,-0.1116808038698456,-0.0024506429346918797,0.02461557637444606,-0.1342151089750278,-0.0006882793858486851,0.02713510141439269,-0.15395903402111474,-0.008958651488264658,0.025331193936254503,-0.08797309367414707,-2.0178671172256844e-18,-3.16495655173579e-18,-0.11680188492108325,-0.00030620285012708537,-0.00123642955145474,-0.13658459871496031,-0.0019179477256741429,-0.008150297424679888,-0.1518212209475255,-0.006041453772897338,-0.008367421485789606,-0.08364000620115884,-0.0062481272808978024,-0.010982739257266217,-0.11021998122674129,-0.004549907082930065,-0.013705097256716467,-0.13396110233342953,-0.007879455765480436,-0.019447716092984724,-0.1539164914291474,-0.013382053599037737,-0.021242706109458092,-0.06909062873115238,-0.009257383185497773,-0.022777089774261173,-0.08956358575737913,-0.004125774703589135,-0.028698268643484088,-0.11153376470988231,-0.002103121603161265,-0.0320093025635861,-0.12904816774383857,-0.004125315335062302,-0.034262780809249535
0.0,0.0,0.0,-0.02865461902660422,-0.004903826069318762,0.023533807194032065,-0.05249868147903341,-0.007891405664833538,0.04635557158518024,-0.07612476612847603,-0.008810436091390083,0.06176409203144401,-0.1022781914903704,-0.013002682346022079,0.05952882662287908,-0.09406904370646108,2.5294807937045135e-18,0.017786210395340767,-0.11552015936849537,-0.0025556960784583476,0.025407715900204204,-0.13771512272802594,-0.00010406765180558458,0.02843504777635994,-0.15740474575138852,-0.0071314411023300685,0.026966280380323025,-0.09062122379165712,-9.692861640854016e-19,-2.6222154182548895e-18,-0.12122989245029561,0.0017801213647870124,-0.00014534799196947427,-0.14557783633497995,0.002275458924302257,-0.006924356789559862,-0.16547925241413022,-0.002097164736465983,-0.008173879146959774,-0.08575578557875543,-0.006315722928227183,-0.011434564010329936,-0.1131006539761702,-0.003282907857841523,-0.013309524002743413,-0.137467099560879,-0.005897328072430676,-0.019084650711404985,-0.15762974645615674,-0.011567220778859381,-0.020766459359087226,-0.07051392627085569,-0.008827786575494764,-0.02315107678242767,-0.09132078756206788,-0.003781910141432803,-0.02919757234347037,-0.1127467588979704,-0.0013482138081078432,-0.032292772367974544,-0.13063512439123048,-0.0036560002667092206,-0.03524836709247504
0.0,0.0,0.0,-0.0295080177842835,-0.004887096629413484,0.02389479287681587,-0.053985826836280205,-0.008476737225079705,0.047137583100832596,-0.07864584135501175,-0.009641418170473653,0.06281839532551406,-0.10543538241173946,-0.013908940491392706,0.060165392750738615,-0.09703475795638113,-1.1360019400143857e-17,0.01829347938330356,-0.11890857131423452,-0.0026742937797031414,0.026095474855001303,-0.14092918138360783,-0.0003602172234641351,0.029344115328865918,-0.1604529479772904,-0.007459371369859702,0.028071426749591354,-0.0929432577576446,-1.2220143264496758e-17,1.2053635578985377e-18,-0.1252607918213165,0.002212671670963566,0.0006495269887812008,-0.15212607615770596,0.0030935085079981657,-0.005703473870585713,-0.17459045888142213,-0.002255898453430042,-0.007412313752497072,-0.08756337241957664,-0.00659698968076318,-0.011946285712197777,-0.11573073599745048,-0.0038074866896836037,-0.013329127389990886,-0.1404091695181294,-0.006999514573904412,-0.018958725544639097,-0.16062274173584154,-0.013697141491383848,-0.02059480677993751,-0.0715811455317594,-0.00906895295496875,-0.02368215038737299,-0.09298573884478756,-0.004735659204591028,-0.029884971335980063,-0.11429400708789175,-0.0029984321503500424,-0.03290444932526111,-0.13261030645640734,-0.006240675707561427,-0.03644236383936443
0.0,0.0,0.0,-0.02994616262218356,-0.004840812547629564,0.0241616373615772,-0.05488136894408629,-0.008533244758993105,0.04783387410698027,-0.08032092768496706,-0.009801318874043386,0.06357902531627642,-0.10735868790505457,-0.014003157372402581,0.060752379662533516,-0.09896908226554149,3.78724092372157e-18,0.0187437361222053,-0.12114660835948197,-0.0027596167181219745,0.026640351107045775,-0.14318369119476632,-0.000973643369078276,0.02994528948721372,-0.1624662938445591,-0.00871855361529306,0.02881138019428919,-0.0944962506318601,3.2737900008169245e-18,1.414753334399906e-18,-0.12815848984337297,0.0017073813561093725,0.0011465290004933047,-0.15605756577160962,0.001945551787069261,-0.004649098970105784,-0.1795465145342339,-0.004715804835076726,-0.006316470401568403,-0.08870510445469101,-0.006928973188446685,-0.012290901548830715,-0.11753613778649226,-0.005149302470391138,-0.013439759637334224,-0.14228309148640575,-0.009387899736632139,-0.018798428317140115,-0.16245716002236735,-0.017343828692016484,-0.020409636743276643,-0.07211766148077606,-0.009560773171694929,-0.0240771652375919,-0.0941079296893045,-0.006152498507083958,-0.03039169745993104,-0.11548448285544068,-0.005574340375592878,-0.0334202926308232,-0.1341836210693083,-0.009939991212215588,-0.03732275392846443
0.0,0.0,0.0,-0.0299907130287102,-0.004750945891845258,0.024301151949595205,-0.05509724497992796,-0.008108579783109882,0.04837115394858453,-0.08089365400072343,-0.00932245499542009,0.06408628045544917,-0.10779564828348775,-0.013381726643714028,0.06132844079442292,-0.09964189448101632,-8.254683136981185e-18,0.018915709725592495,-0.12180941884080135,-0.0027756507727214785,0.026977961131550616,-0.14399623996585395,-0.0014321722683816763,0.030353144000885224,-0.16300350427689475,-0.009559131189670007,0.029426709249392637,-0.09501446045103387,-7.197380478515276e-18,-3.858699181224331e-18,-0.12941812877707917,0.0010337593967237324,0.0014965398153025781,-0.15747573845071317,0.0005308587510452141,-0.003667301201973857,-0.18109715109794042,-0.007035530498235426,-0.004914937972973422,-0.08898298792044194,-0.007115178337720561,-0.012303854531513406,-0.1180955558339346,-0.006304230193454156,-0.013283826361489785,-0.14273601144523954,-0.011260012917516217,-0.01827589550484735,-0.16285001747986508,-0.020087084150900984,-0.0198305290964757,-0.07203371904794362,-0.009813277791818625,-0.02406483923364471,-0.09439638025815264,-0.0070933964552363895,-0.030400093247212354,-0.11585395783598278,-0.007493471363846474,-0.033431154292335556,-0.1348429675699052,-0.012727974610454443,-0.03747961156865006
0.0,0.0,0.0,-0.029726852511643812,-0.004630619689745129,0.024303790132662605,-0.05467575400025474,-0.007269688663357495,0.04866092746094373,-0.08032230628990526,-0.00824330825943495,0.06431254466581444,-0.10674488760537118,-0.012093443136869412,0.06182440558692522,-0.09904279074131661,5.238894518291479e-18,0.018666366184407025,-0.12073191070446287,-0.0027098015957489814,0.02700464251469116,-0.14313118517956047,-0.0013867158721991228,0.030562158950760372,-0.16190565596462533,-0.009045348221224315,0.029957309987161167,-0.0943689910507327,4.7178713089585665e-18,4.8170333438673004e-18,-0.12882556863152853,0.0007445381351383994,0.0017761514758873036,-0.15667888410251696,4.356911111900824e-05,-0.0027760728347373947,-0.18008050631826805,-0.007453906266890925,-0.003380471935983843,-0.0882887488741492,-0.007022553673780972,-0.011909933743030694,-0.1171741057184621,-0.006595658696581381,-0.012705479692656391,-0.14162131355039798,-0.011473539042901992,-0.017322455315006088,-0.16173545897901428,-0.020416132184464787,-0.018785917938536664,-0.0712543823623469,-0.009490816701777843,-0.02348291629146835,-0.09368463522536855,-0.006926841739665582,-0.029776982427707113,-0.11517738694644465,-0.007699720656265106,-0.03278745705574734,-0.1343565917705751,-0.013281107150448602,-0.03685197083286037
0.0,0.0,0.0,-0.02924928497058895,-0.004486164210886027,0.024170945441924472,-0.053707995896732884,-0.00611121492064042,0.04863101474439131,-0.0786663270020023,-0.006657367572467873,0.06421516807967446,-0.10433642847098808,-0.010245718754802608,0.06213313099461501,-0.09728666373734911,1.078422073745767e-19,0.017946037951745417,-0.11795825585221757,-0.0026014268421089095,0.02662249521278254,-0.14053746403662895,-0.0007691049511002134,0.030507781701545087,-0.15918840722941072,-0.0069466294915498895,0.030339215067873643,-0.09254165716582209,-5.193501051985663e-19,-2.0632839627903114e-18,-0.12638458129197191,0.0010326225997088249,0.0019908499603551624,-0.15400157641053347,0.000884654474469822,-0.002072115656282005,-0.17717352274594836,-0.005423452904118715,-0.0019355962956578204,-0.0865844155076939,-0.006627411291121261,-0.011095369036222552,-0.11466925318467808,-0.005830838460609075,-0.011694382045205344,-0.1389314093358973,-0.009783940889802983,-0.01602922193348771,-0.1591413440830107,-0.018018110132945395,-0.017357004330284767,-0.06971966429344782,-0.00850625705691006,-0.022260563954998022,-0.09186845883960144,-0.005519574311780117,-0.028502868142111407,-0.11334199502246375,-0.005944059472696258,-0.03149613765179198,-0.13261325529415838,-0.011311821831377886,-0.035546814926976665
0.0,0.0,0.0,-0.02862835650168079,-0.004304254750636601,0.02390966489750468,-0.05229321785876243,-0.0047734761920725285,0.04825920211505058,-0.07603768785433303,-0.004765275736577881,0.06379595793081008,-0.10077621549889439,-0.008099472712607346,0.062177687845519206,-0.09456984313463111,4.589444346016627e-19,0.01679744992847114,-0.11372192177612231,-0.0025072011952336367,0.025811049674002096,-0.1363262153943972,0.0003015325054905883,0.03019274817792712,-0.1549850906726322,-0.003544062460671927,0.03059132864347448,-0.08964046318413138,-5.043847208646038e-19,2.8222580973240152e-18,-0.12227364694241591,0.001814247622020425,0.002160675328246713,-0.14976926272265095,0.002915896063797377,-0.001559962323121739,-0.17285450072224928,-0.0012775406120834954,-0.0006462081442020909,-0.08393934998341897,-0.005991736327820567,-0.009894981573123414,-0.11063363897842388,-0.004172249785567731,-0.010285841172984766,-0.1348172958646747,-0.006546322444679145,-0.014486327478828076,-0.15519876345651262,-0.013351628949774876,-0.015597196479731101,-0.06744453268239084,-0.0069679396999203945,-0.020407889163132985,-0.08893708806093203,-0.0031155198966027814,-0.02660855835873566,-0.1103274612354838,-0.0025705973912431212,-0.02959771989762813,-0.12960744629190535,-0.007263428564623107,-0.03366678625881635
0.0,0.0,0.0,-0.027944133051043325,-0.004090930350765185,0.023557626403750857,-0.050623143589751805,-0.003495957564522491,0.04763036532518076,-0.0727932444767702,-0.0029422187306470354,0.06315153491263074,-0.09655338804974478,-0.006117825242146737,0.061964548529624706,-0.09132809436068258,-3.1829266521488435e-18,0.015412918060857537,-0.10868119547123557,-0.0024682401388277176,0.024711158345476106,-0.1310687926422548,0.0015521725793081823,0.029740273279157674,-0.14983041720989,0.00041347328861526616,0.03082964935670628,-0.08609771093390961,-4.6700292423333064e-18,-3.07640625319826e-18,-0.11711692264229587,0.0028183278758141255,0.0023298801961517874,-0.14462138498754798,0.005597746385312145,-0.0011322149145697607,-0.1677785220657657,0.003919875027807213,0.0005503840413073559,-0.0807142590005482,-0.00526463173404386,-0.008474375725517224,-0.10558453603062232,-0.002082710556639752,-0.00863782753525152,-0.12986148822807148,-0.002582219740063006,-0.012828157178419432,-0.15043544965115327,-0.007538724166158964,-0.01362155933991839,-0.06468894191339378,-0.005197752997496242,-0.018154642300669176,-0.08522801365545496,-0.0003022033978346181,-0.024308352351043692,-0.10646359120930324,0.0015567780357119987,-0.027287571561008184,-0.1257141486391322,-0.0022006286776857583,-0.031418431235216496
0.0,0.0,0.0,-0.027342412005968562,-0.003903435855304445,0.023211067337510292,-0.04909073393153092,-0.002597300326012512,0.046957187664455044,-0.06973433690039459,-0.0016849596948738058,0.06249496460630076,-0.0926757285899459,-0.004855677892072609,0.06160092629487762,-0.08837397626616972,-1.8694528436334957e-19,0.014163778893217148,-0.10410166919316031,-0.002491984938976703,0.02364783669033566,-0.12605994039193733,0.0025794508154623626,0.029341412341352836,-0.1449717278666304,0.0037258580095371743,0.031113277601892517,-0.08280791206044567,1.5077518686158427e-18,5.6691473277300085e-18,-0.1122328600644522,0.003670207616711144,0.002523189773413289,-0.13983727444573482,0.008029582226997246,-0.0007140896813200775,-0.16318414331453782,0.008427643236336263,0.0016015785925338768,-0.07771015332677296,-0.00467306283537914,-0.007189045374465429,-0.10076232309872903,-0.0002735812983192524,-0.007126550954050933,-0.12530668066725636,0.0008445266421624379,-0.011379165343905654,-0.14603859255403726,-0.002416323263929978,-0.011811359828979923,-0.06210750731790511,-0.0037301394171301025,-0.016056482496517834,-0.08165621565857255,0.0020187918991814275,-0.02214295292128491,-0.10270023169266548,0.005082066324796766,-0.025093945897640326,-0.12194463276482435,0.002185863204009779,-0.029318603323517663
0.0,0.0,0.0,-0.027008462447361062,-0.0038125558934630475,0.02300059192920413,-0.04818283147404977,-0.0022669251998938098,0.04650695218197363,-0.06785181175391682,-0.0012778993027283178,0.06209793137854129,-0.09034976481606703,-0.0045848825950321175,0.06127134288995699,-0.08660593383485082,-1.197060747397745e-18,0.01344518015578261,-0.10138432492773675,-0.002533579193662205,0.023001903457451033,-0.12286910606055756,0.0030678065197810886,0.02914593418670371,-0.14197653436282,0.0053316878626185485,0.03134395041873857,-0.08078619772758468,-4.999540302378063e-19,-4.312552470370986e-18,-0.10918129029972394,0.004095331271942385,0.00273222164664903,-0.13696340376953792,0.009352723721459557,-0.0003791669162509974,-0.16060287425899286,0.010606469246689955,0.0022159575598505524,-0.07588525147301006,-0.004412788850879373,-0.006434295843440689,-0.09769886009872061,0.0006311739584467468,-0.006192845252135914,-0.12262135830797863,0.0025458206320472026,-0.010574629672256135,-0.14346102673459454,0.00020273007356244987,-0.010750499273538295,-0.060535231902505704,-0.003058735566694884,-0.01477026266211189,-0.07941129513646399,0.00303530992177881,-0.02078658971925446,-0.10031496288694616,0.006729813718160716,-0.023719938295693518,-0.11961515702162823,0.004249434355410629,-0.02808528985680924
0.0,0.0,0.0,-0.02706498173961463,-0.003880080217330529,0.02302351166506159,-0.048191130239747706,-0.0024945860372368803,0.04648240555643657,-0.06774996909832098,-0.0016677220394838307,0.06216699209912461,-0.09027056893809267,-0.005182393918487726,0.06117377004043138,-0.08652437699362979,-1.606977374409258e-18,0.013461836606243404,-0.10129903306738161,-0.0025599090897476585,0.023003114619606413,-0.12248598019343236,0.0029076435913598948,0.0291989272483665,-0.1418088642337342,0.0048476147624013305,0.03138048291273197,-0.08062068695543807,-4.1279010474271085e-20,-3.458536053864135e-18,-0.10891352150310031,0.004039348465774244,0.0029373354324135612,-0.13696503248221192,0.009176009240407368,-0.0002682441579989716,-0.1609800689914289,0.009787388339043008,0.0021072407202860316,-0.07581110473110488,-0.004550102064779376,-0.006416927382001748,-0.09735910721567305,0.0003892406817378222,-0.006072060221014496,-0.12262000535309989,0.0020009931188628,-0.01065126590356036,-0.14351840052798204,-0.0005456858257793665,-0.010832387410798583,-0.06049277605482607,-0.0033682919682528627,-0.014673680386009785,-0.07926133555082887,0.0024590977989958356,-0.02063493990391985,-0.10014914736050187,0.005971000341717152,-0.023597303804245004,-0.11954185709885605,0.003254944739502972,-0.028178839412788047
0.0,0.0,0.0,-0.027506178380171237,-0.004165184441030433,0.023301293431918564,-0.04906492264280584,-0.0032175305092316023,0.04694270264200992,-0.0693749930026233,-0.002707818940226893,0.06274082459270912,-0.09232034493310434,-0.00642448371034143,0.06142229486784967,-0.08808449299185389,7.737704682289698e-18,0.014174559991744396,-0.10374077155413122,-0.002620336447955004,0.02363473224447573,-0.12493961086868542,0.0021090532001302575,0.029464319061066037,-0.1443721393141837,0.0024991232313821784,0.031208041050735547,-0.08229124300209613,9.467730991971688e-18,5.782706727455066e-18,-0.11141856714496119,0.0035955638290099457,0.0031140782975424843,-0.13980166390453883,0.007615915567895018,-0.00043713066994836657,-0.1641700658648681,0.006359615609836099,0.0012798860068343873,-0.07744807635164717,-0.005033284151748398,-0.007093506568929902,-0.0997474430109461,-0.0008876558217833523,-0.006717516252645608,-0.12509528255619187,-0.0005601949243181861,-0.011486154994429298,-0.14596430012516537,-0.004385127691289887,-0.011985499246579635,-0.061940522566771766,-0.004526971786676215,-0.01573208113426257,-0.08119562814471908,0.0005357819652044457,-0.021631650389800996,-0.10218752615801212,0.003099861151002415,-0.024653895719485616,-0.12162373978520576,-0.0004474541389812649,-0.02951078817335404
0.0,0.0,0.0,-0.02819654282082957,-0.004661118743687899,0.023773277842692644,-0.050469953959184084,-0.00431697755158326,0.047766119237484014,-0.07212143526224736,-0.004209130804778731,0.06364929621127943,-0.09574023251195075,-0.008075750647594542,0.06197313191822327,-0.09078112273196172,7.993786226766086e-19,0.015351975458828068,-0.10788195911401506,-0.0027782376188311545,0.024679170195356454,-0.129379535275117,0.0008214563810285153,0.029861671852774996,-0.14867899735232434,-0.0010357506572549512,0.03093192865934766,-0.08525771007150772,2.505750536077172e-18,2.977892944579301e-18,-0.11582793579157263,0.0029269458914555025,0.003208248992140878,-0.14449198366819727,0.005173538156971063,-0.0008614922054885953,-0.1690260847456567,0.0014486312607403123,-3.757006421673238e-05,-0.08024529544233665,-0.00572447377491782,-0.008232225624347618,-0.10402255432497814,-0.0028267690326106904,-0.007903864689242346,-0.12907161113160814,-0.004328080686646354,-0.012744872197543682,-0.14975949618611203,-0.010113001422473721,-0.013796622776892151,-0.0643737082782471,-0.006184067377951757,-0.01759198782657463,-0.08452396705650667,-0.0021501634875973306,-0.023397208930577756,-0.10567544706671307,-0.0010142497330000166,-0.026472125566433566,-0.1250264166778216,-0.005714510042756624,-0.03158682621109399
0.0,0.0,0.0,-0.028901073324437955,-0.005231921274698348,0.024301515051467174,-0.051908561688334236,-0.005506426281028134,0.0486525062023304,-0.07503969057279965,-0.005779887931016907,0.06454611571701624,-0.09938293278127008,-0.00974412538546207,0.06263325743202558,-0.09371993245013843,2.0367006907583658e-18,0.016626292110011254,-0.11235054901325202,-0.0030066677076143774,0.02580268612315119,-0.13429083816415371,-0.0006075205267463567,0.030279633228020263,-0.15322509638850157,-0.004765244423579399,0.03066522379817997,-0.08856138247419547,-1.8946011555641222e-18,1.0976569088301328e-18,-0.1206112833725097,0.002208453235182044,0.0031212498511363927,-0.14932263584379213,0.0025221147019588723,-0.0015381462138745886,-0.17367714954470412,-0.0035440434248629462,-0.0016078637983847324,-0.08329626986383037,-0.006433265945754315,-0.009485082205311085,-0.10875521481490516,-0.0048819197398352965,-0.009331274165351235,-0.1331916505695467,-0.008203144452722385,-0.014104719550461798,-0.15353545513427014,-0.016010750941585633,-0.015780798042185178,-0.06701364960929271,-0.007880920301431775,-0.01969949655544373,-0.0881211264982666,-0.004872000651184703,-0.025395996494529328,-0.10942459723364843,-0.005226445335554308,-0.02852852756358011,-0.1285478352917412,-0.011032919572668123,-0.03377668592144296
0.0,0.0,0.0,-0.029358347447427036,-0.005666304765077918,0.024708781700173425,-0.05289186783451458,-0.0064086751124914024,0.04920792281576659,-0.07716102250406844,-0.00690137672064857,0.06500696508577278,-0.1020838903660142,-0.010955086878607146,0.0631224024466449,-0.09586734244849118,-5.8905253738293544e-18,0.01761383870299054,-0.11565038994352632,-0.0032045244446678505,0.02666298736957039,-0.13800644904859594,-0.0017943438724410477,0.03059422560355209,-0.15651859379685729,-0.007860699644142292,0.0304429840885967,-0.09111951243154917,-4.940221187136228e-18,-2.8976461235715924e-19,-0.12405755081674837,0.0014913875735295542,0.002724416169147199,-0.15231036571750906,8.925638281948188e-05,-0.002531664470155506,-0.17594379754984224,-0.007664257115987047,-0.0032842556502730375,-0.08563064096106766,-0.007007903769755135,-0.010505377910833306,-0.11242317299670124,-0.006590838911869316,-0.010738683017472203,-0.13616509178925715,-0.011335527274440671,-0.015404716571224338,-0.15607429153121813,-0.020644800778770286,-0.01760640767955267,-0.06907765881517557,-0.009266177134291204,-0.021484205624546913,-0.09082011514290683,-0.007074572693975893,-0.02711366505127238,-0.11224024053620937,-0.008618608041325172,-0.030383633515899754,-0.13102749969413477,-0.015191220695062891,-0.035547152870556396
0.0,0.0,0.0,-0.029374406969794948,-0.005803843178137253,0.02485384003132967,-0.05311718646731671,-0.0067501677237729665,0.04909235951049258,-0.07784853446256854,-0.00719710325069163,0.06463966936613316,-0.10307625290820613,-0.011387463940423972,0.06313899383432522,-0.09645619796471504,-2.207992955971595e-18,0.01807497849709422,-0.11673015007474162,-0.0032845476803418303,0.027013096019100506,-0.13935329550617917,-0.0025510307842959556,0.030679383333011585,-0.1575839719080524,-0.010118531991438537,0.03019387419096954,-0.09215571013409453,-2.905648174777918e-18,-4.353209889529793e-18,-0.12493227064846868,0.0006067554196665237,0.0018910195973318022,-0.15181392075952846,-0.002248781543503878,-0.0039346888327061865,-0.17383634347949853,-0.010881146530518332,-0.004966934446745882,-0.08656694816325153,-0.007411322674867109,-0.01107572370457518,-0.11398681295737022,-0.007843304815171445,-0.012023453232460754,-0.13716786929530908,-0.013552831234906634,-0.016679630440684233,-0.15667561486768555,-0.023557152226837644,-0.01919882247381562,-0.07003946913379788,-0.010282465295284308,-0.02257315696362998,-0.09183704131186345,-0.00864152220638002,-0.028241323814981546,-0.1133442861364582,-0.010942038501619282,-0.031817844478660665,-0.1317140410920167,-0.017839726927673168,-0.036632245402569534
0.0,0.0,0.0,-0.028875207942531237,-0.005625523923636906,0.024696498350957784,-0.052539454078348126,-0.00643125704781613,0.04815576384374276,-0.0769539799776042,-0.006541189463192682,0.06318334592226292,-0.10215705420008059,-0.010903857738183129,0.062435727116488655,-0.09522488449027341,-1.2969332860645623e-18,0.017986523472758288,-0.11525610779546157,-0.003216647210283126,0.026744879040868103,-0.13796730863891238,-0.002929099040214833,0.03041167548257209,-0.15615088589819956,-0.011913992363747593,0.029796385466855542,-0.09141302885416357,-8.86781693751982e-19,3.027012499503571e-18,-0.12284518635578912,-0.0007650251386213333,0.0005671716737263958,-0.14695814222078407,-0.00506501310241044,-0.005739894601095751,-0.16599921184156285,-0.013872923534624161,-0.006449959148870204,-0.08585699988450096,-0.007701241979257384,-0.011142625788923801,-0.11313349157494974,-0.008908878752134445,-0.013234818554743332,-0.13595981961359224,-0.015344266206657811,-0.018030109776653314,-0.1552476290371047,-0.025343532782060044,-0.020628393156318266,-0.06969572359831178,-0.011133234679161382,-0.022852790400109416,-0.09094995709740411,-0.009857377878574006,-0.02872393965538318,-0.11255610501060531,-0.012627751209849821,-0.032809032401760495,-0.13044140824454187,-0.019510140596492514,-0.03703251796339042
0.0,0.0,0.0,-0.027911826551309808,-0.005279468595428516,0.024326674053072622,-0.051352135006009,-0.005534575425396351,0.046520403972252246,-0.0748283518316509,-0.00505262971201131,0.060634227159675376,-0.0996891184883254,-0.009481971635893111,0.06091974296790849,-0.09248194018043643,-1.1231245113890455e-18,0.017530028179507086,-0.11164772279529875,-0.003040042118845259,0.02591313930372414,-0.13432349084663658,-0.0031864754852705206,0.02973247001828795,-0.15263946496928957,-0.013948373445733964,0.029217449904648106,-0.08917041725182384,-1.6901817072940445e-18,4.158963065171108e-18,-0.11832050577602482,-0.002964825315675911,-0.0011007167814997643,-0.13791345342969397,-0.009074964811149628,-0.0076541546196143475,-0.15223192232654895,-0.017526004792500906,-0.007293933417190354,-0.08369049078744269,-0.007969822441564326,-0.010786594973935425,-0.1102534480816607,-0.01032738970262334,-0.014432785290775981,-0.13284706229178064,-0.017659490912984542,-0.019412791618671033,-0.15222877716274424,-0.02743526444304937,-0.021873270861751715,-0.06813025537090074,-0.01211635568163047,-0.022410066400989206,-0.08847423946271758,-0.011210252392159458,-0.02868079339595105,-0.11026103141094701,-0.01454270846913661,-0.03337896371443237,-0.12763793772709434,-0.021336091763829834,-0.03687148698071983
0.0,0.0,0.0,-0.026648266967259887,-0.00502913830166475,0.02396053647250523,-0.04993539611823511,-0.004398280411994336,0.04459427268251755,-0.07227002882298995,-0.003164603007137338,0.057404967003451206,-0.09661535237319742,-0.007349464685259733,0.058774600541896684,-0.08909179409147618,-6.789488497852663e-19,0.017043853881297973,-0.10707500094508111,-0.002866983819070071,0.024768067360360604,-0.12967091451616,-0.0037574356892264,0.02877251158316318,-0.1480942202933405,-0.017022939483138547,0.028660070605954217,-0.08622155664777328,-1.156254157174834e-19,7.488545743085038e-19,-0.11268105645540487,-0.006182671355923466,-0.002687347150960573,-0.12608945556712417,-0.014672509242391272,-0.00906552290112384,-0.1340975451705826,-0.02233721555350967,-0.006993739003617102,-0.080723412263692,-0.008292125782926747,-0.010204029122786873,-0.10634131403216393,-0.012690550653815292,-0.015541009287223583,-0.12863739043490632,-0.02155314957143039,-0.020509653589024738,-0.14842469459308696,-0.031590525204669914,-0.022622231857634865,-0.06575676733805096,-0.013443867137631035,-0.021503511392017286,-0.08520074456573398,-0.013161616482735793,-0.028314490506994906,-0.10728885879779249,-0.0175808786270573,-0.033478718874092456,-0.12421569510062482,-0.024553469769653908,-0.036239108253361935
0.0,0.0,0.0,-0.025330217298907092,-0.005073161296825428,0.023847225855266798,-0.04874068290401142,-0.0035473235140683923,0.04294623565850912,-0.07026394919849624,-0.0015586738415625304,0.05431961416741952,-0.09423267226978925,-0.0051305957783707844,0.05648974386618385,-0.0862095913417868,-4.946986412927513e-19,0.016879195477041406,-0.10316390393215215,-0.0028256069958504056,0.023680322362315036,-0.1256528551032725,-0.004982242798742442,0.027856779200827745,-0.14390018654605868,-0.021427821676795255,0.028475004008373363,-0.08365607381714311,-6.225577991933786e-19,-8.789459752065623e-19,-0.10756212430147004,-0.010150692399585215,-0.0036789390896510288,-0.11385424841785191,-0.02124000420248619,-0.009432671670366486,-0.11492119511801326,-0.02762843668363443,-0.005506116669310317,-0.07796425454123555,-0.008667897651266273,-0.009674699571074854,-0.10268255689570736,-0.016134929215599315,-0.01634746518370049,-0.12441074029902377,-0.02730271323888388,-0.02088405022490098,-0.14466391780490237,-0.038522943132121235,-0.022385533093704477,-0.06332198505751468,-0.015047234306088893,-0.020560140874458392,-0.08221037068762214,-0.015760800683805098,-0.027870338863935685,-0.10465672483316439,-0.021916258675179313,-0.03308310415718072,-0.121253377031212,-0.02951110193165425,-0.035200679733963125
0.0,0.0,0.0,-0.02424505878818859,-0.005353463492177874,0.024071699468169085,-0.048121488685945846,-0.0033237702113964964,0.04199441855277331,-0.06950803873569678,-0.0007329411985662304,0.05219078309173164,-0.09353049191738444,-0.003543421818349149,0.054619000539008686,-0.08471255952825815,-2.601478116317674e-18,0.017189775503071415,-0.10124609517248397,-0.0029539227884247212,0.02290795440871614,-0.1235672750950812,-0.00669990416580356,0.027194927626972117,-0.1413035481925975,-0.026315148929588167,0.028633646195549735,-0.08232285144208756,-2.4029018796289374e-18,3.305630878300972e-18,-0.10416539303150538,-0.01407598645238306,-0.0038884271678411267,-0.10357843024854493,-0.027181904452546382,-0.008826389138882312,-0.09845818082624276,-0.03173362818305431,-0.0035463974075457504,-0.07631760538556569,-0.009013263499613433,-0.009448790195207595,-0.10031072054597072,-0.02000796760743099,-0.016732595072257675,-0.12111790382866885,-0.03378752380835592,-0.020479363763734326,-0.141527390299494,-0.04679884704343795,-0.02114305058050955,-0.06162517589514776,-0.01657085314328505,-0.020070389400190652,-0.08045647462831669,-0.018453127673175,-0.027654815914755777,-0.10320711347713298,-0.026636584474323696,-0.03247772932694969,-0.11958973442662951,-0.03510861768791146,-0.034079977886260784
0.0,0.0,0.0,-0.023637062493830355,-0.005624079840837212,0.02451075655090506,-0.048205765626177115,-0.003646435454819482,0.041795910800963135,-0.07012859771918316,-0.0006719699100705129,0.051338458309298535,-0.09466975428586515,-0.0028665228019884525,0.05347210645773704,-0.08480259443461834,5.249510587029617e-19,0.01790484393574662,-0.1017594862171391,-0.0031735066191931724,0.022488120589627077,-0.12388265569943066,-0.008358698319697147,0.026686544052554485,-0.1410642778102386,-0.030325377153819468,0.02861090952973468,-0.08243758454931892,1.728200602123843e-18,-1.5356362190437262e-18,-0.10288236242614991,-0.017227383784952456,-0.0035173370837706217,-0.09664431206511245,-0.03127487434882942,-0.007735810222553245,-0.0870274174950141,-0.03364339652812232,-0.0019207686842435668,-0.07614671965548667,-0.009251667941791579,-0.009623316541894139,-0.09967613123765565,-0.023438272155813077,-0.016794528175527467,-0.11934579757369243,-0.03947451496128776,-0.01971071893802636,-0.13943903358971124,-0.05412795974692983,-0.019541632804669196,-0.06113514962808419,-0.01769579460343235,-0.020351994715561657,-0.08039345634206523,-0.020591891923996027,-0.027949567752266893,-0.10337452033075915,-0.030634321125212517,-0.03220039445576461,-0.1196443841047026,-0.039887847785014696,-0.033432720717361704
0.0,0.0,0.0,-0.023533791358842898,-0.005725201656394377,0.02504771987684563,-0.048841620854629675,-0.0042420737771147335,0.04222577453236429,-0.07180252650028283,-0.0010854155929459902,0.05165145512945681,-0.09718243748061829,-0.002902747158566244,0.05314137065872457,-0.08618488590107223,-5.378511871893666e-18,0.01892231048334214,-0.10438889249866246,-0.003395139605137419,0.02242301420924261,-0.1263577794145375,-0.009624429600189884,0.026280122013128095,-0.14321649564003905,-0.032955917022988626,0.02821359017210917,-0.0838025962075657,-5.624132389937506e-18,6.235574638382806e-18,-0.10352556701852561,-0.019542212919391542,-0.0027715318298251615,-0.09315628883299662,-0.03371472824117023,-0.006401725916657498,-0.08076007281316705,-0.03401794927258219,-0.000753803209918862,-0.07736412788957826,-0.009402064901300333,-0.010156786120655898,-0.10075304756142345,-0.026161826341226182,-0.016660334970658774,-0.11923617509799768,-0.043878683492266014,-0.018838341498409468,-0.13861829926079275,-0.05961144592619555,-0.018006502479267626,-0.061922786634712776,-0.018417375730090578,-0.021422400389688928,-0.08196138895825648,-0.02206846488330342,-0.02881609621051683,-0.10514038921362538,-0.03367749465813834,-0.03253225302082188,-0.12138801521956573,-0.043485399237298585,-0.03347660656024503
0.0,0.0,0.0,-0.023710908674838334,-0.005705078911718681,0.025675425057834315,-0.04968094869877548,-0.004917412279298972,0.04316300802780142,-0.07401638876941082,-0.0017294463838278566,0.052857110314339685,-0.10043512725216988,-0.0033146381012795953,0.05363078097979274,-0.08842183595393148,-2.2671635853094234e-18,0.020191286868841685,-0.10847636990234749,-0.003607463398681978,0.02278023532107528,-0.13033495217704444,-0.010613920131364349,0.02618675445737296,-0.1470303622138249,-0.03477193673410936,0.02788949957698519,-0.08614302209663474,-1.0140738051125087e-18,6.050011941843154e-19,-0.10563133777651247,-0.02146263985080763,-0.0017292214669439843,-0.09231527094197156,-0.035601637688025545,-0.004810268475412823,-0.07829300297300477,-0.03439053493828842,0.0002508175609882431,-0.07970220077691326,-0.009556926889316374,-0.010949575834875897,-0.10321088787580335,-0.028493059918815563,-0.016388997326696367,-0.12045916549061726,-0.047530130109507795,-0.017746537901317794,-0.13884936373385212,-0.06391995246564848,-0.01636614295842291,-0.06378997742405988,-0.018970292379065376,-0.023076987920676823,-0.08475138393007035,-0.02324593181241618,-0.030079933349496556,-0.10808701740264365,-0.036279913072789674,-0.03333413275046526,-0.12434400139844591,-0.04655165622766247,-0.033939549872145806
0.0,0.0,0.0,-0.023904709306566033,-0.005695804669957234,0.02636133310158907,-0.0504014898073073,-0.005560093186341358,0.044378218112218995,-0.07621780211673333,-0.0024176541912790043,0.05451399585041339,-0.10375505694636974,-0.0038125847227412904,0.05472497119510975,-0.09098373377327539,5.280574066690552e-18,0.02157151772185289,-0.11308417393028253,-0.00382963222954913,0.023489592115367008,-0.1348267907868019,-0.011527008029456208,0.02651823797749808,-0.1513316856660418,-0.03640477231277665,0.028015314826938628,-0.08900186452592652,2.9614143879271353e-18,-1.392448821513103e-18,-0.10842968176453296,-0.023297947414549696,-0.0005256489376480118,-0.09290177783143927,-0.03769448773402701,-0.0030644489746994284,-0.07784311740383855,-0.03566610267107998,0.0012650852541197966,-0.08264012346320496,-0.009772700303885957,-0.011835750977333135,-0.10634449951001054,-0.030679834187277173,-0.01603154224381654,-0.12229184345955367,-0.050891754778699914,-0.016357425505866274,-0.13955723363211592,-0.06780691878312657,-0.014450429661890137,-0.06623982535837787,-0.019539413434275028,-0.024943550591823207,-0.08804076337194211,-0.024414032169612254,-0.03144226134809557,-0.11146211714812429,-0.03881703279904545,-0.034292766225239954,-0.12769389873457554,-0.04961246766339859,-0.03445326997226361
0.0,0.0,0.0,-0.024012278860252118,-0.005747351193086434,0.026970477996190397,-0.05088352420830756,-0.006050229185816883,0.04548194569589102,-0.07793861257474423,-0.0029374793773572485,0.056033457658068164,-0.10646071025948775,-0.004172559569945442,0.055920911196643164,-0.09325929825187702,-1.7182094854107307e-19,0.022771101267745616,-0.11707799110074754,-0.004015130451012338,0.024224252816547328,-0.1386937034147629,-0.01230475563586132,0.027016310301237252,-0.15499959899334834,-0.03785137617394268,0.028423722991344016,-0.09164212246298598,-4.455703763239933e-18,7.798123595382872e-19,-0.11091710501063191,-0.024918933086640196,0.0005898214721582708,-0.09373661760756583,-0.03986671324429532,-0.001425774651083824,-0.07799499151759787,-0.037558718958858046,0.0022710797375396223,-0.08535309724648346,-0.010010585294677153,-0.012572686177268928,-0.1091520314680897,-0.032570507128257264,-0.015636196407971627,-0.12388184371298402,-0.05380854181668286,-0.01486192504210619,-0.14015066485282898,-0.07125123597361849,-0.012443656951511905,-0.06850187220688751,-0.020107217348544686,-0.026532548041882074,-0.09089556202725718,-0.025515573840602816,-0.032577141259474786,-0.11436564688328489,-0.04112428239479715,-0.03510602997648089,-0.130543797003601,-0.0525258608639683,-0.03481397500996634
0.0,0.0,0.0,-0.0240966707687691,-0.005807849899837184,0.027370496017254605,-0.051210123915338066,-0.006265366894209114,0.04614646209961651,-0.07895183560303225,-0.0030869074600918577,0.05695582536678383,-0.1081018347565482,-0.004242166112191969,0.0566824659158442,-0.09480431560301768,-5.447503968472785e-18,0.023522321334252347,-0.11960849412810755,-0.00406562119619312,0.024617676192069754,-0.14113710308940738,-0.012725859176950542,0.027289446388228184,-0.15741523765795568,-0.038728859341715854,0.02870600870403461,-0.09338946541608388,-8.326440433289277e-18,3.205306324481746e-18,-0.11233437723435745,-0.026006459043034114,0.0014090304060434171,-0.09411262180072885,-0.041570964325604254,-9.068385146891404e-05,-0.07804706074562005,-0.03926841119115926,0.0032444293366932805,-0.08708890400212546,-0.010198405777381056,-0.01294241056203201,-0.11083500446160677,-0.03386385285662796,-0.01521459997880996,-0.12465471076763493,-0.05587597672599442,-0.013516817371517094,-0.14032280047738901,-0.07385452778098467,-0.010620353861969226,-0.06989006079566434,-0.02057657063250402,-0.027433554443783304,-0.09258751552728564,-0.026375741662004848,-0.03323880518021982,-0.11615973661785735,-0.04289245904410938,-0.03553843567420349,-0.1322973077212962,-0.05495086550142047,-0.03494255202445323
0.0,0.0,0.0,-0.02424850120787247,-0.005816421690564061,0.02752335759211752,-0.05151714571326364,-0.006152113337325876,0.0462829631851813,-0.07928403481768329,-0.0027893366674860503,0.0571478563745879,-0.10861615400914898,-0.00396984801755633,0.056721596464795465,-0.09551954824395066,4.421023446692034e-18,0.02374147260920246,-0.12046120231867508,-0.003929125825330456,0.024508697443946847,-0.14197597214157698,-0.01267425343022881,0.02714963995776554,-0.15851819109427598,-0.03882158413787144,0.028654068645113,-0.09399203256912668,7.051037435400122e-18,1.9097061680032926e-18,-0.11246993008794556,-0.026407753939491792,0.001900532226450485,-0.09382967721213827,-0.04247010267045214,0.0009315327628107376,-0.07779960445106615,-0.0402943578498482,0.004218843970649651,-0.08756347604760485,-0.010306674842103116,-0.012856161261306684,-0.11114951428620186,-0.03444759020600009,-0.014729729296100301,-0.12448008327984139,-0.05694422241037999,-0.012408422878840702,-0.14004742341925663,-0.07544962049748836,-0.00906102925984358,-0.07014825210904498,-0.020910721315793798,-0.02748399425916607,-0.09291593673372614,-0.02695498894581702,-0.03332097135207797,-0.11671592008729305,-0.04407159140536629,-0.03544994023492302,-0.13282855049281483,-0.05682452925213207,-0.034781887408714345
0.0,0.0,0.0,-0.024473188732215788,-0.005766272046826253,0.0274711168228471,-0.051856779408595496,-0.005766766727998726,0.04600630188169948,-0.07908292698116273,-0.0021473979293343427,0.056753480038591944,-0.10822989663615251,-0.0034256721514521102,0.05606844609195847,-0.09557163132563119,4.311593548334139e-18,0.023517043955925212,-0.11995390942640723,-0.003641137710936518,0.0239722589784459,-0.14149651374520036,-0.01223179580937983,0.026684580263915535,-0.1585489691393165,-0.03829455159428236,0.028372447314592434,-0.0936281343155185,1.3435201781284664e-18,6.643977943847874e-19,-0.11153971676781142,-0.026248859327552117,0.0022017199970748406,-0.09293518564454165,-0.04265017252201678,0.0017668508944809612,-0.0771772393120503,-0.0406955506983773,0.005233471841181682,-0.08698676162333795,-0.010355244489641516,-0.01235946198342962,-0.11031690844078473,-0.034468460151979005,-0.014106722652426766,-0.12353945814040629,-0.05725020086346922,-0.011428128132277119,-0.13940884865295958,-0.0762799931833565,-0.007636797052375704,-0.06946594185565069,-0.02113499739952179,-0.02676034896141721,-0.09215070498582706,-0.027347849361616487,-0.03283552306521928,-0.11631190576432404,-0.044861692834207746,-0.034799347956899804,-0.13237205509057173,-0.0583557775301406,-0.034249994052345745
0.0,0.0,0.0,-0.02471874265064344,-0.005685961551307394,0.027303032890547026,-0.05221190476989097,-0.0052360594080449125,0.045537228696324435,-0.07854285382741887,-0.001358180385397204,0.05606867956854129,-0.10730629534499851,-0.0027575008185595808,0.054986074646415736,-0.0952554109192187,-5.608854798300654e-19,0.023037095423716892,-0.11869466303442117,-0.003270707243803311,0.023221000602682885,-0.14025194373709463,-0.011560523030146964,0.02613122398979376,-0.15791842728276104,-0.037488022279086555,0.028122803208073793,-0.09271447084778296,-1.3469628043316169e-18,1.633261962922353e-18,-0.11000693738094641,-0.0258187937193767,0.0025273813186362203,-0.09161183240311516,-0.042468859598020055,0.002600977328269149,-0.07615568884103563,-0.04088370729765194,0.006324433058097738,-0.08584862633487067,-0.010392401885763868,-0.011581385150562193,-0.10882618046957766,-0.03421801694720988,-0.01326796600913514,-0.12218906321340016,-0.057251333708098845,-0.01037480314593605,-0.13853253705318846,-0.07682081387008911,-0.0061211681751206755,-0.06828792119536212,-0.02130885640868015,-0.025493735722716414,-0.09082068176677612,-0.02769776054752775,-0.031878595368009764,-0.11543340914986099,-0.04556850356578202,-0.033623242473429196,-0.1313384138813173,-0.05986310516448913,-0.033260871401073144
0.0,0.0,0.0,-0.02495772631352547,-0.005593394227359506,0.027118312623305794,-0.05257031322388947,-0.004670032306720587,0.045087697785450444,-0.07787005101917757,-0.0005631304375329639,0.055388564514996054,-0.10619934422970921,-0.002084833683974053,0.05379878589566993,-0.09486228236624919,-5.0690529299324554e-18,0.022500425219151937,-0.11730143821357153,-0.0028591662122969077,0.02246989450586323,-0.13884619837459802,-0.010761267552401314,0.025691521848036303,-0.15712348105189233,-0.036615282362603245,0.028086136045857663,-0.09166512669193894,-7.409083665548853e-18,1.765767134067821e-18,-0.10837513595159246,-0.02538013031659766,0.0030456682176179576,-0.09012438737834244,-0.042273745235696436,0.0035955797644939423,-0.07482041672882223,-0.04121695815649725,0.007530683853659885,-0.08462490469032193,-0.010471386843127132,-0.01066926620700518,-0.10719955193131875,-0.03397079642853766,-0.01218182787634649,-0.12079502199048303,-0.05735245120163532,-0.0090865275508633,-0.13754022069231148,-0.07745779244123759,-0.004340739779080767,-0.06704914394841857,-0.021504372636396894,-0.023962798966623844,-0.08943948972985924,-0.02812749478911911,-0.030598823281756154,-0.11453821609376938,-0.04646475925883084,-0.03202270343358385,-0.13011645250485102,-0.061602029707455305,-0.03180808925512894
0.0,0.0,0.0,-0.02519636996093234,-0.0054926138068323305,0.026977518621905446,-0.052923859983347324,-0.0041407154388798965,0.04475818513678649,-0.07721746021136704,0.00017580980031207082,0.054868839337996606,-0.1051391799320472,-0.001467774280465713,0.05274226724071172,-0.0945602797222033,-1.2408366651044459e-17,0.02203568075392515,-0.11615174211937383,-0.002431582311923815,0.02184980893262184,-0.13768720466593132,-0.00989515931881262,0.025432568790615076,-0.15653246543365915,-0.03575061804471119,0.02825601705052777,-0.09072568172408434,-1.01306239598928e-17,2.104308202219618e-18,-0.10696104323148459,-0.02506532720002984,0.003779410421656206,-0.08868117077567539,-0.04223477443401425,0.004777309866723464,-0.07330947761532632,-0.04176764353505621,0.008834661544124465,-0.08357603396372888,-0.010617818624265099,-0.00975040713298585,-0.105769898242107,-0.03386659337267197,-0.010916181089885535,-0.11956525854696677,-0.057713914293374906,-0.007562841396029647,-0.1365093174178836,-0.07829437391624271,-0.002317630524413483,-0.06598893534058067,-0.021767105393230606,-0.02241543110510699,-0.08828900433477836,-0.028674394296242838,-0.02918232150821312,-0.11385781865823326,-0.04764314107845567,-0.030188058350563967,-0.12894096143429837,-0.06358929299595249,-0.030049577296095965
0.0,0.0,0.0,-0.025428533754458204,-0.0053981593898111855,0.02688416326036971,-0.05323328723655639,-0.0037334772962572234,0.04454221508410853,-0.07665968378991184,0.000771374685455525,0.054523146414719496,-0.10423560597535375,-0.0009862630815535224,0.051939288184671945,-0.09437228982277457,-4.4743250122996075e-18,0.021692141742113036,-0.11534064184771489,-0.002042861080474827,0.02141407316415356,-0.13690371473301854,-0.009097732430075684,0.02532352251396427,-0.15622703735645146,-0.035017713756308105,0.028514870387847113,-0.0899835168230843,-3.3729384155944797e-18,5.010821668011034e-18,-0.10586427913882142,-0.024899435410813013,0.004603641898473468,-0.08738553350185874,-0.04235179698219871,0.005990154739748724,-0.07175738685863212,-0.042395117681237854,0.010100999909842439,-0.08276968875249457,-0.010810770547119807,-0.008942615401053238,-0.10466380829700724,-0.03390080019424332,-0.009663161758030746,-0.11857656569043519,-0.05824618427424037,-0.0060164547001508575,-0.13553791818291896,-0.07920471776399984,-0.00031759655730836586,-0.06517124546079069,-0.0220881713574693,-0.021067279763799022,-0.08744273483378591,-0.02926962023418414,-0.02785974198786787,-0.11341146525221847,-0.04895448892759685,-0.02842014276374446,-0.127925001913566,-0.06556618152920957,-0.028314119914299166
0.0,0.0,0.0,-0.025603204907359386,-0.005342780544418779,0.026801491914550096,-0.05342912311897809,-0.0035527198667461178,0.04439001242494197,-0.07621788943106123,0.0010743272683096808,0.054296712038666005,-0.1035287428791598,-0.0007681610603479062,0.05144263537829576,-0.09422970703407758,2.2383209331319254e-19,0.021466736395456213,-0.11476487465996572,-0.0017879951317632853,0.021164909147194044,-0.1363983180692548,-0.008606255741843835,0.025301267490200247,-0.15599714751578056,-0.03466283881078699,0.028733398685152144,-0.08945244035018403,4.804841647823683e-18,-1.5918601392935306e-18,-0.10507820787588557,-0.02485856020150457,0.0053017630717365856,-0.08629655954864726,-0.0425206775227354,0.006937324455463939,-0.07031046288140645,-0.042891527047791624,0.011077819270065476,-0.0821922099522403,-0.0109909556471873,-0.008365428344585762,-0.1038923347006067,-0.033986182790307455,-0.008706057879953766,-0.11787650636680719,-0.058729159133519504,-0.004826480256025837,-0.13478290026176715,-0.07998996872241634,0.0012103458753313745,-0.06458241938012119,-0.02239702421491287,-0.02010630065029077,-0.08688270282168713,-0.02976869119208403,-0.026887403941475103,-0.11311331860574893,-0.05006257318795631,-0.02708637902035673,-0.12713062235604203,-0.06711399680845671,-0.027017120745513535
0.0,0.0,0.0,-0.025642681969926705,-0.005370022664455534,0.02667381532631619,-0.053439678489077595,-0.0036690985617794897,0.04422572344948776,-0.0758824642680489,0.0009596959259006149,0.0540902114498016,-0.10300018619970316,-0.0009009616068386777,0.05125921158827941,-0.0940120679056007,-1.2136351378148891e-17,0.021304735821404533,-0.11420623736572928,-0.0017583964151870787,0.021068455664621105,-0.13592965515033775,-0.008644970601196797,0.025300922614790753,-0.15546520160290062,-0.0349116548160643,0.028800122674101356,-0.08909052602964396,-9.613454256149308e-18,-2.175747014503818e-18,-0.10456689843917222,-0.024880092316278052,0.005610571403829295,-0.08550937987881516,-0.042594801287088306,0.007255655312509315,-0.06918442681265932,-0.04306929185066047,0.01144784532361061,-0.08178299823458456,-0.011082062078999142,-0.008122937483443728,-0.10339231560438264,-0.03399343916416903,-0.008353922128108229,-0.1174877501975583,-0.058908836848794985,-0.0044379755494900665,-0.13438497157359894,-0.08042504221723899,0.0017361370849756342,-0.0641679833133967,-0.022569347795273975,-0.019671409028496824,-0.08652323086793294,-0.02998081361899314,-0.026497524322365962,-0.11281407488133427,-0.050540789194571195,-0.026556220596877896,-0.1265640836868081,-0.06775644337413414,-0.02656772474858173
0.0,0.0,0.0,-0.025501338830714305,-0.005516661687078967,0.026433997301727758,-0.053220549957785815,-0.004075755621487066,0.04394620226070566,-0.07561507700600897,0.00042058857285385984,0.05377446279270766,-0.10255402281818445,-0.0013631407284529161,0.05135445149404683,-0.09356137821926364,1.5683263046387399e-18,0.02109526622534475,-0.11341345208846208,-0.0019751343740200653,0.02108113742372558,-0.1352258633689649,-0.00924976052367531,0.02526802757012887,-0.1543039016781652,-0.035729698556050335,0.028612595771013632,-0.08876576323175846,5.0803608773632046e-18,-1.0866652951192779e-18,-0.10428880897414004,-0.024832153109703412,0.0052886338630521185,-0.08523495908672316,-0.042419823694296525,0.006620269273378449,-0.06874171612699169,-0.04283230044499878,0.01093776305406929,-0.08141201023554553,-0.011017170562912217,-0.008261875272387548,-0.1030417648466521,-0.033734199597053906,-0.008838972901939109,-0.11739876278781987,-0.058499665789984966,-0.005224995061043018,-0.13442033189826938,-0.08017299789420144,0.000774477094516271,-0.06382886308095498,-0.022457800336412273,-0.019806597337476452,-0.08618688566121585,-0.029685402093083332,-0.02681887086439331,-0.11230809959803692,-0.04996716507337256,-0.0271131306789602,-0.12612911779293842,-0.06700253127697636,-0.027280843875997475
0.0,0.0,0.0,-0.0252121073976245,-0.0057755165409921465,0.02602773832877855,-0.052781758550396886,-0.0046626822388553864,0.04349178816502998,-0.075366838591614,-0.000401553287314289,0.05329428251066548,-0.1020450872550726,-0.002056063009275629,0.05169862456434608,-0.09275825612333764,-5.977703485278694e-18,0.020722754597278976,-0.11223570595998839,-0.002363048138831329,0.021188560788828276,-0.13415728070003038,-0.010193643619233148,0.02518523162255437,-0.15247915463565684,-0.03671870040002175,0.028108493914324968,-0.08831828785726763,-3.995015554283506e-18,-1.473336932074395e-18,-0.1042541887005726,-0.02450218483369833,0.004246288595869794,-0.08587079442626619,-0.04182534706366693,0.004897987285855209,-0.06956892907837103,-0.04223231823496037,0.009466143018239892,-0.08094254725578529,-0.010767354131868493,-0.00873422641372893,-0.10274616761626644,-0.03295660739498312,-0.010182036024423519,-0.11763879815550396,-0.057173232019867584,-0.0073094046469411485,-0.1349462374272335,-0.07876446338662862,-0.0019098829738570784,-0.06347991726596307,-0.021939319690951045,-0.020418014929881715,-0.08569176371059518,-0.028685936117939893,-0.027781082307089405,-0.11141902069064069,-0.04803560272848936,-0.028783954886490624,-0.12565450753360147,-0.06446575732023693,-0.02920763625378352
0.0,0.0,0.0,-0.024911381782479383,-0.006048385152852778,0.025492147732643196,-0.05223411379418292,-0.005212954300522036,0.042986910628771115,-0.07517028596388747,-0.0012386966975892802,0.05283435269009133,-0.10144055061019738,-0.002853204490512291,0.05236492918034266,-0.09170285697514094,1.3164029617447355e-17,0.020180468369353555,-0.11085745525328676,-0.002776952982806445,0.021457511635104908,-0.13296896331212246,-0.011036585592826692,0.025138682899190183,-0.15049309943069292,-0.037162864113989655,0.027377687030211675,-0.08776093672106154,1.633765462668899e-17,-4.1588345438226753e-19,-0.10469115255358898,-0.02362905362361523,0.0026724843124337995,-0.08809886445115288,-0.040607975656243835,0.0023069546431654328,-0.07260272492610563,-0.04146572458643756,0.007223835887705774,-0.08042846436824176,-0.010360274482837401,-0.009416132242150078,-0.10265827884385265,-0.031422082744344666,-0.0121105537834222,-0.11844431699317758,-0.05461439385606639,-0.01040607286609084,-0.13613175882644635,-0.0757184810351594,-0.006058549185288081,-0.06322137075884592,-0.02096945857960566,-0.021326484704993355,-0.08512224727291982,-0.026919048008288097,-0.02909574463295958,-0.11025431568640953,-0.04469580856993346,-0.031200001361533086,-0.12512265841379225,-0.06009948486715573,-0.03196948689925978
0.0,0.0,0.0,-0.02484064549743216,-0.006133388590277326,0.025008619404069128,-0.05182387392779709,-0.005441911570701333,0.04278354409199266,-0.07521553440459874,-0.0017406292211515288,0.052851262043550035,-0.10096744982300532,-0.0035757532082718066,0.05353200726337266,-0.0908062591130539,-2.244574437089602e-19,0.019618240066588553,-0.10989041905145897,-0.0030258569017499355,0.022038103519590454,-0.1323214130337296,-0.011183687976604777,0.025350439873467683,-0.14937429646296382,-0.03607267405692772,0.02675957093257499,-0.08736282594170951,2.8874260490615825e-18,3.482785580596084e-18,-0.10610580132882982,-0.021947545546633206,0.0010295390957926543,-0.09287469953014277,-0.03850481094594586,-0.0005759641963623082,-0.07918158186659473,-0.040687142333147415,0.004573174153008802,-0.08019490603947098,-0.009868965443413463,-0.01015613099342972,-0.10327044498073348,-0.028987961823622,-0.014099628325847519,-0.12031761629744585,-0.05057778607205301,-0.0138347223538182,-0.13835392497358132,-0.0706401763794126,-0.010855839680760192,-0.06340006865978594,-0.019603388802179496,-0.022352166768445952,-0.08496457077217782,-0.02451265479298519,-0.030352711829035803,-0.1093634149502102,-0.04020005354223667,-0.033673607231331545,-0.12488291746322962,-0.05428647161343343,-0.03484057836302677
0.0,0.0,0.0,-0.02523779822974604,-0.005825776343360187,0.024790671901900322,-0.0518204535654581,-0.005111001452275717,0.0432262284448269,-0.07570978947579894,-0.001585624568155724,0.053794429988633305,-0.10095566846486749,-0.003977503772335211,0.05531885597723123,-0.09055265401473427,-5.296700200007412e-18,0.019194478733394374,-0.10995533471371131,-0.002920079180447948,0.0230197858558833,-0.13279872447049612,-0.010043452553690733,0.026046428087718232,-0.15000057226013963,-0.032438268352544826,0.026705278155979745,-0.0874087377194253,-3.0053797270445888e-18,-2.9758264064595865e-18,-0.10890471878770842,-0.01919693799235477,-0.00020164932173126826,-0.1009668285179318,-0.03508229073410019,-0.003152051337067078,-0.09062351723413702,-0.03952199588875325,0.0017655732788287018,-0.08056333503863108,-0.009355867165643447,-0.010791405318497378,-0.10499337026647543,-0.02557265856200469,-0.015579956263217933,-0.12361827145946508,-0.04484478675475619,-0.016822798656037172,-0.14190367654761157,-0.06320044676276149,-0.015284485375602086,-0.06430874983230385,-0.017922993853176968,-0.023293738982103854,-0.08570568708728533,-0.021636808223136943,-0.031182733070404072,-0.10935199163687538,-0.03484982623247801,-0.03552651975218133,-0.125405243349735,-0.04748372226876728,-0.03714074199449099
0.0,0.0,0.0,-0.026141168905394415,-0.005123744411297708,0.024876366624747098,-0.052291795947679236,-0.004223275384225138,0.04430666519800101,-0.07661429882793497,-0.0007194169445233447,0.05570171672628759,-0.1015065901290527,-0.003928553386181824,0.05759116516075723,-0.09113504803539052,-9.867300862270252e-18,0.018885646674351234,-0.11109143769517968,-0.002417807525737998,0.024241550927917275,-0.1342718479611126,-0.007427196214272719,0.027204511677589794,-0.15220409637569224,-0.025924463574767208,0.027371780217858653,-0.08791990085329987,-1.2121490379946957e-17,-5.331685067379798e-18,-0.11284443877932748,-0.01516361995440343,-0.0008398711151472814,-0.1121178570940602,-0.02965892254272001,-0.005209379387521218,-0.10716234922376786,-0.03661735445702177,-0.0012119472208077559,-0.08151355207533535,-0.008807235176254981,-0.011159187132923585,-0.10755101533857521,-0.021117528713328976,-0.016207037564640425,-0.12791372092983913,-0.03725115034894816,-0.018901214111186348,-0.14638537121224704,-0.05322293058295485,-0.01866884893389814,-0.06580583941662242,-0.015942066554222985,-0.023884479375753272,-0.08724457642083779,-0.018286270966832486,-0.03139433243157019,-0.1102303141075393,-0.028679617445545678,-0.03640726820222075,-0.12672444975933667,-0.03978633486642154,-0.03857714496694389
0.0,0.0,0.0,-0.02734224775380935,-0.004337977592676297,0.02511402654362118,-0.05306032020956361,-0.0031545282181858017,0.04567230024531736,-0.07764253814635906,0.00041714304928469766,0.05814829731929388,-0.10243908140017595,-0.0036827093057960327,0.05994362315546338,-0.09242466811951866,1.8695360760201686e-20,0.0185451061446758,-0.11280954771982142,-0.0017739923250633886,0.025355361238550516,-0.1360259973632004,-0.0039251643188235675,0.02853806996801187,-0.15483690427936397,-0.01754900893602407,0.028503650263234738,-0.0887458464093477,9.138641383158798e-19,4.847132979366132e-18,-0.11707406959237485,-0.009988426545913278,-0.0009513871433776967,-0.1246338615541097,-0.02181979238913884,-0.006743915790460953,-0.12686721230681153,-0.030304192658739054,-0.004238056838514849,-0.08276002887807178,-0.008166915052116995,-0.011166778475375326,-0.11008171158896089,-0.015872631047473287,-0.015938320444879556,-0.13201218011171492,-0.02818546865570348,-0.019936414142116922,-0.15065412657810034,-0.04129472900758934,-0.020761711162997073,-0.06739773778730312,-0.01368613280227173,-0.02389545998711859,-0.08893361419412317,-0.014458090266070834,-0.030990783514827775,-0.11136978426637612,-0.021795165318824767,-0.03627756295062394,-0.1283016695032747,-0.031328309513400564,-0.03915912822872642
0.0,0.0,0.0,-0.02855343938015414,-0.003918674428707582,0.02536549173595716,-0.05388506815529285,-0.002486404063687287,0.04701327172682647,-0.07855007431047549,0.0010275859414855155,0.06062247916448321,-0.10350431946792607,-0.003799706313930317,0.061959077787475586,-0.09416686193774591,-2.2048621172496565e-19,0.018157884927840116,-0.11465868778362551,-0.001429620501417728,0.02615001934420847,-0.13755695576060567,-0.0007518436050391602,0.029804955426313937,-0.15686588847223826,-0.009554643848501992,0.02983891386852506,-0.08980124441679772,-3.4856380621925266e-19,1.946959260059532e-19,-0.12084106985312042,-0.0045452813078498515,-0.0005527922562150742,-0.13616153368630154,-0.012565437228878543,-0.007426004717586647,-0.14596695478518654,-0.020802909570540283,-0.006479768313097487,-0.08405783930593629,-0.007486006905222362,-0.010892257706078906,-0.11196302202887908,-0.010791635185164032,-0.01495781619457348,-0.13491786383200371,-0.019222122940563788,-0.01991685430415066,-0.15368528882713767,-0.029528123354176664,-0.021483791664736518,-0.0686756008573056,-0.011430575142890712,-0.023356214282194414,-0.09023054019101488,-0.010652018459583055,-0.030140422198274012,-0.11219382401697695,-0.01516296950153156,-0.0352723849967264,-0.12956271488674037,-0.023267426009254657,-0.03896353498404315
0.0,0.0,0.0,-0.029561368488513855,-0.004077961770187389,0.025602751201725685,-0.0546225925189067,-0.0025280044839716977,0.04825434557792957,-0.07934085925923177,0.000650712745740283,0.06279466942898296,-0.10455875822457554,-0.004566749951346369,0.06346949049354557,-0.0960360157757395,2.3455942975558327e-18,0.017920013549353776,-0.11645396190054497,-0.0016079658048278795,0.026702330326874683,-0.13893503402295324,0.0010734896069170238,0.03091182578419514,-0.15817669219007402,-0.004168876527774482,0.03120962802704891,-0.09101563501549656,1.6334249226642456e-18,-5.96175894231113e-20,-0.12397713747633134,-0.00015514615276250186,0.00030599549533511205,-0.14517106774484084,-0.0044982401172019805,-0.006906936958019004,-0.16115855706902357,-0.011434782953036965,-0.006992848569418842,-0.08526297905170313,-0.006972565068946094,-0.01058267205644691,-0.11328651799220618,-0.007199360993236232,-0.013702668404881135,-0.13660878200988266,-0.012666225769801774,-0.019099066404824578,-0.15542824788589038,-0.021009006936956856,-0.021099770284839708,-0.06952506770846376,-0.009718852236382206,-0.022650513089454576,-0.09109255588262775,-0.007867359262205088,-0.029220540285899106,-0.11269780855595483,-0.010492501680175414,-0.0338324451064151,-0.1304390105083469,-0.017678300669265536,-0.03827343998588681
0.0,0.0,0.0,-0.030249851746071626,-0.004628177420418431,0.025855836553586434,-0.05525370165025477,-0.0030548305197313904,0.049403882586880554,-0.08017732416098401,-0.0003662036035914464,0.06451980132714495,-0.1056138847924448,-0.005641776265789037,0.0645517669866504,-0.09773071410718139,-1.949126381892822e-18,0.018036843152472275,-0.11815963781704696,-0.0021246128607393293,0.02722085317752132,-0.14045123217734093,0.0013676086080502397,0.03176893981405428,-0.15927565484415696,-0.002300515495245895,0.03228513797373904,-0.09225812515050683,-2.050903688861186e-18,5.210819949962266e-19,-0.1267050332362243,0.0022992356995592904,0.0012715635267365143,-0.15155620512688778,-4.152878730319645e-05,-0.005644897088006319,-0.1714845129548098,-0.006212612502745124,-0.006106248224063204,-0.08628687031135689,-0.0068161330556510795,-0.010502426397068351,-0.1144877749871821,-0.005857493410761536,-0.012788839146744566,-0.13771357939787476,-0.010054790971702568,-0.01819738918346483,-0.1565172697966614,-0.01787680836568273,-0.020450793133857774,-0.07003532195178559,-0.00898198382262129,-0.022301631674758876,-0.09176900722272716,-0.00689430438330388,-0.028732005978303225,-0.11319819021096883,-0.009020075451592205,-0.03271617942044972,-0.1311769630860894,-0.0161002006085505,-0.037702691080335686
0.0,0.0,0.0,-0.030586966348168525,-0.005258930840160511,0.026177457438404265,-0.055801448820941756,-0.003673358043627042,0.05046549319884549,-0.08113943737567089,-0.0014069964440966917,0.06584963352034112,-0.10673095144832835,-0.006563938413174339,0.06538920594667874,-0.09914213530457483,5.2024999730725595e-18,0.01854371284243291,-0.1198135926357731,-0.0026906744299319183,0.02786255800994191,-0.14222304483104817,0.0005171523423148309,0.032360691530735286,-0.16053664078341393,-0.003501359148034406,0.03284657607707767,-0.09344982401414306,4.605671268142569e-18,5.3833759723233755e-18,-0.12923471548196389,0.0028121948290135,0.001962802495285185,-0.15591591329290042,0.00025958507322738824,-0.004467763739594654,-0.177702172373027,-0.006621161111985077,-0.004950535130382944,-0.08713733665125863,-0.007030998906253597,-0.010755103695659103,-0.11581577434254117,-0.006586360570637774,-0.01256585128762895,-0.13871011187653026,-0.011304312170306325,-0.017816450940026755,-0.1573717588523755,-0.020115927168700417,-0.020238412563038,-0.07037281347376963,-0.009219465356676488,-0.02257841877996702,-0.09246150736996651,-0.007761962532775658,-0.028905807962582932,-0.11384902746871528,-0.010682047801832979,-0.032388789291492234,-0.13184295796569745,-0.018510070115206646,-0.03764634406665466
0.0,0.0,0.0,-0.03061819487163958,-0.0058029600648571425,0.02658192501073888,-0.05624401377576306,-0.004209425849556647,0.05143367158276306,-0.08210927580308362,-0.002215837819146679,0.06693951332240436,-0.10785398110922598,-0.0072551513224120715,0.06611553652264059,-0.10028908117650952,8.556509250105665e-19,0.019296028055371398,-0.1213974396453356,-0.0031856375237410356,0.028637818555140873,-0.1440691901690746,-0.0009825898755243484,0.032813240275860654,-0.16186347349971472,-0.006609467549657055,0.033079224501239235,-0.09456319266484056,2.3255896472027367e-18,6.6046448979286025e-19,-0.13153340707515432,0.0019900580203215663,0.002342968078367316,-0.15874192581767405,-0.0023644923194292293,-0.0036505585527394245,-0.18085277416358198,-0.011181177052443427,-0.004025818944632728,-0.08786893314702886,-0.007479737351228512,-0.011228229378258613,-0.11717746997064807,-0.008588679693526398,-0.01286242350619883,-0.13960832700205825,-0.015032350032523508,-0.017920898669566435,-0.1579051307536762,-0.025838145004778476,-0.02039236612705015,-0.07067087180790257,-0.010065648077991287,-0.023321243559105736,-0.09318455104502657,-0.009795495768478548,-0.02949989569353411,-0.11452450747103468,-0.014290435975624436,-0.032634978538179885,-0.1322563756882167,-0.023440762217754627,-0.037895097058768944
0.0,0.0,0.0,-0.030442289908353636,-0.006223367656865461,0.026992735540190233,-0.0565175213071937,-0.00467395807934109,0.05224565526253852,-0.08285909404887401,-0.0028378325322146623,0.06785338996515575,-0.1087822736693198,-0.007867821670215734,0.06673386763479579,-0.10113019622394424,8.81668172062578e-19,0.020048981776257704,-0.12270681038114278,-0.003604822260213034,0.029411240233433146,-0.14560256815497413,-0.002649885140265275,0.033217648454124726,-0.1628956639402658,-0.010277187528670758,0.03323700626730855,-0.09549548343917692,2.9564129132443877e-18,5.009768476499566e-18,-0.13332175882829178,0.0006173219938485859,0.002569500884561346,-0.16027108161537884,-0.006030029030841505,-0.003072636146878005,-0.18181639820844303,-0.017116385948437795,-0.0032842618371593693,-0.08845547145101906,-0.007976247405231863,-0.011705001514427188,-0.1182778919780911,-0.010901177590185,-0.013290526454622207,-0.1401876601793547,-0.019389783763061202,-0.01817164801460678,-0.15792478422369463,-0.032389436887824474,-0.020549822589787915,-0.07094397869543853,-0.011059168545477765,-0.024150008563090984,-0.0937977801549339,-0.01204939929384601,-0.030107329196433944,-0.11499824180601358,-0.018224237172795196,-0.032994446181394625,-0.13226398192760655,-0.028776357793138627,-0.03808070857487425
0.0,0.0,0.0,-0.030164530438416354,-0.006530790710697082,0.027301124869249627,-0.05657253001337775,-0.005148728302096477,0.05279766313014042,-0.08323114071679544,-0.0034150452736770743,0.06852235810761498,-0.10933987689850817,-0.00854083747569587,0.06716889516625363,-0.10158324616718446,-5.889637684792389e-19,0.020608516864143687,-0.123509701119494,-0.003951380267433089,0.030007975303178433,-0.1465200371801406,-0.004170993421362002,0.03351917691506294,-0.16338303621790906,-0.013635840355946909,0.03333515959678338,-0.09610984512932451,1.9640182218710411e-19,-9.70726063963266e-19,-0.13433240035727334,-0.000763609492923295,0.002714427790471264,-0.16072628623826815,-0.009416873479053196,-0.0026892982640286363,-0.18142325525126754,-0.02244635457701047,-0.0027538929773336476,-0.08879649258900806,-0.008408539248281213,-0.012049220004543261,-0.11888046566673917,-0.012887567798228977,-0.01363961536152123,-0.14034372053236255,-0.023109104046549776,-0.01841213741668942,-0.1574879081416025,-0.037910707268178946,-0.02062407785953029,-0.0710980490394996,-0.011934447315805572,-0.024797879573182243,-0.09412830846101801,-0.01390975525856884,-0.03053112626815237,-0.11512476640573358,-0.02138225982823729,-0.033272117051808985,-0.13189970424379183,-0.03299166447860062,-0.038129894445644234
0.0,0.0,0.0,-0.029858338799609224,-0.0067300720683758294,0.02747134066086736,-0.05641478647536988,-0.0057388489464225536,0.05304767703638622,-0.08325232635799475,-0.004113813732801341,0.06887726675178393,-0.10956434774200917,-0.009366704165393182,0.06737822485028129,-0.10170796881032654,-6.327159501407123e-19,0.020958570271551444,-0.12385455898119045,-0.004231598622802262,0.030345580580142795,-0.14686612763172563,-0.00553443182576044,0.033642407284453495,-0.16337108387842206,-0.016649824350761212,0.033308406489829925,-0.09642682578107643,-1.4956687174002404e-18,4.253343515737693e-18,-0.1346241974674355,-0.0020424072100267304,0.002754785787875898,-0.16048729148169094,-0.012261391796772284,-0.0025003307343150222,-0.18041577584369153,-0.02687488741748387,-0.0024735235323461485,-0.08887561050696935,-0.008787262819237121,-0.012286782509890093,-0.11901064734005719,-0.01448876093282257,-0.013928639379975478,-0.1401984584899204,-0.02603886404570385,-0.018657195558873418,-0.15682729247664495,-0.04215975914435267,-0.020673183448247756,-0.07106439492370034,-0.012710362099743975,-0.025253413442342925,-0.09412727607549141,-0.01538238311125074,-0.03081768436731191,-0.1149112610341517,-0.023704429282556217,-0.033525073235207335,-0.1313028440320067,-0.03590618464804873,-0.038143430761326404
0.0,0.0,0.0,-0.02956813035486551,-0.006791586433345855,0.027563133510701963,-0.0561091713519608,-0.0064898731136120965,0.053064538206729905,-0.083094235889397,-0.005023041627901136,0.06894936156219622,-0.10968206967031487,-0.010371397636340774,0.0674035069399603,-0.1017314560598051,5.944614729854472e-20,0.02123254989837572,-0.12408912257561162,-0.004462735575938834,0.030468770908892287,-0.14699266591196106,-0.006867346443676873,0.033611175677206444,-0.1631491642544357,-0.019678091237612504,0.033209859952555994,-0.09664859483825755,1.3585306614919263e-19,8.26694302213539e-20,-0.13459318604134354,-0.0033392858183573233,0.002686659747415137,-0.16005243643736108,-0.014870504828177027,-0.0023966888291918095,-0.17937262283811317,-0.03100070778652238,-0.0022899766757885527,-0.0888343176448998,-0.009168960697185157,-0.01253144833304128,-0.11893896413440734,-0.015966473026270828,-0.014237545829146995,-0.14000568916351497,-0.02867775534164222,-0.01889091530939819,-0.15617882926881427,-0.04585218036493094,-0.020620308008391763,-0.07091111431525396,-0.013516072459440611,-0.025660349710184494,-0.09394463749170184,-0.016802337405446,-0.031080792791773,-0.11452900990542736,-0.025763702776634683,-0.033825272583050646,-0.13064909169771607,-0.03824149258578303,-0.038151420297355465
0.0,0.0,0.0,-0.029317418481850935,-0.00667968124769585,0.027656535687395952,-0.055720845015252686,-0.007361050376437584,0.05298349478188799,-0.082915654717938,-0.006126559325762492,0.06885465358670127,-0.10988301964040757,-0.011510861488238117,0.06735599132491615,-0.10186379973326724,3.91133826448095e-21,0.021568765160751797,-0.12455796469857724,-0.004663195186600555,0.030480962752457666,-0.14726150255392068,-0.008233892673654262,0.0335295833815081,-0.16302619719856315,-0.022914938717614724,0.033194245987757116,-0.09698380697544473,5.553378652751286e-19,1.1477613125311152e-19,-0.1346595538241771,-0.004750133783576048,0.002569325136895094,-0.15983602296302188,-0.017500817965031702,-0.0021937336342311487,-0.17867203397646786,-0.03527998021757435,-0.0019399569895710918,-0.08886543573597978,-0.009577721723038647,-0.012872915669714359,-0.11896260467218715,-0.01753637010783741,-0.01458567061595918,-0.13998460495712306,-0.031442527681071156,-0.019013549136820785,-0.1557070567446326,-0.04959847916137911,-0.020276399119985276,-0.07079084071829057,-0.014411258126018886,-0.026150375813912635,-0.09381017021043231,-0.018410555240166226,-0.031377796575465855,-0.11420473958917012,-0.028050692785750307,-0.0341667054102625,-0.1301244687484988,-0.04068832722630698,-0.03810083378644798
0.0,0.0,0.0,-0.029105860654923005,-0.006408626204304297,0.027769311458390133,-0.05526172243317472,-0.008258176409711082,0.05292654554162677,-0.08274489243681837,-0.007337438405259239,0.06872425514060176,-0.11013560713577429,-0.012682168546334714,0.0673729507400125,-0.10212716346812008,1.5316697469380651e-18,0.021983926346474326,-0.1253120641737594,-0.004853001794964277,0.030461710204858935,-0.1477744283959344,-0.009599785405579977,0.03350149074377203,-0.1631023912549349,-0.026215149348426246,0.0333864532408404,-0.09748750841535997,1.3653764988038257e-18,-8.426565000884092e-19,-0.13495919058004283,-0.006251240849921971,0.002496875223757955,-0.1599690670204016,-0.020125756366053054,-0.0017549012011687864,-0.17844443157525552,-0.039633921890572826,-0.0012484907023675113,-0.08907114469777122,-0.009991085655465689,-0.013310846810035038,-0.1191944011952566,-0.019207762510083312,-0.014910097430056208,-0.14018206654885293,-0.03430679756530868,-0.01891060210947234,-0.15546584444125858,-0.05338369720673682,-0.01953246036234327,-0.07081628631209225,-0.01533908735132322,-0.026738881959399885,-0.0938454324734415,-0.020164033889060712,-0.031684356666513584,-0.11404358990890893,-0.030596232568758146,-0.034493875153511606,-0.1298452694610528,-0.043361065079999754,-0.03794649922838403
0.0,0.0,0.0,-0.02892399657888031,-0.0060475407860184705,0.027850315636374936,-0.0547310719272974,-0.009034034031014604,0.052928856064782766,-0.08250753562501482,-0.008458930665186316,0.06862931039809236,-0.11022840448184795,-0.013683069297524612,0.06753695203476884,-0.10235102150312297,2.1690767742417196e-18,0.022358809635061226,-0.1260690469269779,-0.005041082856230819,0.030426705973433554,-0.14832424950950998,-0.01084743607106938,0.03355244419199535,-0.16322899359172263,-0.029174971764993698,0.03374725213844594,-0.09802089898761239,2.904762196178619e-18,2.51212993395439e-18,-0.13528537071249228,-0.007687861527722272,0.0025362183953800653,-0.16025823734721967,-0.022474273902033628,-0.0011019016652745854,-0.17855280783292116,-0.043532335681375565,-0.0002891222385860742,-0.0893957098754121,-0.010349992397282218,-0.013744575693767884,-0.11951093738539534,-0.020780162394273025,-0.015102344569457853,-0.14045222617996092,-0.0368424080071405,-0.01854799272535135,-0.1553953242996266,-0.05665228259981564,-0.018500357827046943,-0.07098864689835056,-0.01616100346185517,-0.02730486445922333,-0.09399333695988508,-0.02177869521654161,-0.03191900267571504,-0.11396970885338918,-0.03300492374018136,-0.03474100203271108,-0.129787276227362,-0.045840398802288386,-0.0377015320497438
0.0,0.0,0.0,-0.028768432769606608,-0.0056706177801688126,0.027840148415914638,-0.054175189133351315,-0.00951350540732467,0.052928324012508035,-0.0821202584336263,-0.009190960728110936,0.06855566067214791,-0.10995496458686296,-0.014246768363880875,0.06782443178492441,-0.10230630782558689,-1.8419822324716125e-18,0.022536509576824876,-0.1264101089314714,-0.005198827888055462,0.030337558933030636,-0.1485473454863478,-0.01180209244679788,0.03361312063180025,-0.16314127945108964,-0.03133931713950973,0.03408055604658986,-0.09832897773559846,-3.636678972615234e-18,2.0067084619941976e-18,-0.13524982081808595,-0.008852339470692337,0.0026759446713210846,-0.16027107290364184,-0.02423275492827133,-0.00042932032635141927,-0.17856539262920645,-0.046365175164896744,0.0006282867078822491,-0.08965182441273217,-0.010589104621610123,-0.014024838732479842,-0.11964297295751378,-0.02195817047590806,-0.015076464824223963,-0.1405539256094532,-0.03855490581589688,-0.018012566076273,-0.15534953815473265,-0.05877729442749698,-0.017468085026902693,-0.0711945037773903,-0.01673592059949685,-0.027652772203386623,-0.09406957679814705,-0.02292538846474487,-0.0319865967160638,-0.11380585726514808,-0.03475541609103436,-0.03484651769010078,-0.12979144403047885,-0.04757161221886922,-0.03740900036262997
0.0,0.0,0.0,-0.028632702394210643,-0.005320571197545706,0.027722701585012194,-0.05367859372927407,-0.009546870846166452,0.05283575697994233,-0.08155539633854007,-0.009243705379633359,0.06844137021135542,-0.10924172918143207,-0.014150459973585605,0.06813765243624761,-0.10184361757297739,5.0160496672698135e-19,0.02243149199769942,-0.12602600105141334,-0.0052431932049181946,0.030144502683333078,-0.14814557132568168,-0.012247898942036652,0.03358687447467532,-0.16264728233282283,-0.03231335096395242,0.0341910990328592,-0.09817295581992415,-4.6804744018380705e-19,-9.085113798107872e-18,-0.13451595494247015,-0.009593045761884878,0.0028337423801944542,-0.1594690181552599,-0.02520181926334415,8.93473588931568e-07,-0.1777438607698741,-0.0477221478356451,0.0011686826096690413,-0.08962677809896574,-0.010669076936244233,-0.014033701853737476,-0.11933855845123885,-0.022495917374676343,-0.014828383732453671,-0.140289983597975,-0.0391663544222826,-0.01746916109390595,-0.15515834216045205,-0.05939624574628108,-0.016728845219237454,-0.07126984490939395,-0.01697506812773235,-0.027623149133738877,-0.09388767012940609,-0.0233845373615935,-0.031818998242550016,-0.11342121365411606,-0.035474957805514566,-0.034755457227859006,-0.12967431125958895,-0.048186945593921955,-0.037085926924782096
0.0,0.0,0.0,-0.028490211293146026,-0.005015941773031642,0.02752367650811749,-0.053311845160573884,-0.009027040846689195,0.052595661067939316,-0.08086218015610139,-0.008428387751798614,0.06819590214265173,-0.10815343640269562,-0.013229658521524143,0.0683502255512438,-0.10093474259453411,-1.6520581906979105e-18,0.022061100089295047,-0.12483722295960882,-0.0050520381089767,0.029823747296472997,-0.14703371983892308,-0.011960765018149615,0.0334253971063655,-0.16173428146046512,-0.031783122585738566,0.034011136040445894,-0.09742850814136146,-3.605165006304926e-18,2.2404910500388673e-18,-0.1329541720568168,-0.00988476033103132,0.002901904252196443,-0.1573068858351988,-0.025355207749774455,9.580552379459415e-06,-0.1750776693731339,-0.04743813375748112,0.001215377762950616,-0.08918958751670275,-0.010579347940677887,-0.013737775059090664,-0.1184975677339658,-0.022302609748330978,-0.014458650676213334,-0.13957422848161574,-0.03867441108828272,-0.01708541949744368,-0.15468166052632878,-0.05845553905601696,-0.01644943294371894,-0.0710924782591085,-0.01684938484352959,-0.027185577097403563,-0.09339079949204779,-0.023076056145182513,-0.03140491197133535,-0.1128489279478283,-0.03505198070530519,-0.034442179464098735,-0.12936526656767497,-0.047609769361371915,-0.03670928722906794
0.0,0.0,0.0,-0.028276979219454983,-0.004753842008031553,0.02730054724528584,-0.053082271824026424,-0.007866637013300013,0.05220248414548955,-0.08013528179217361,-0.006621616672353683,0.06771165506461037,-0.10682978568286669,-0.011264313598426003,0.06835981981550107,-0.09967116820305437,4.073957396836209e-18,0.02153589657834921,-0.1230129733308429,-0.004538872718374755,0.029398072391124377,-0.14536389688198073,-0.010880348192440279,0.03317329413539856,-0.16051335493022653,-0.02978003623825678,0.033658714798478484,-0.09615503530256928,4.397682882072846e-18,5.380916169102056e-18,-0.1306811538116538,-0.009952322376293525,0.002800104703718841,-0.15326654436943224,-0.025063926766409988,-0.00035438062599753674,-0.16933448469619558,-0.045845528564628826,0.001047762795988241,-0.08836026712868482,-0.010343448835968803,-0.013203312440562017,-0.11721172525309871,-0.021582693220966273,-0.014145339196962781,-0.13839657514649126,-0.03748102592664648,-0.016931665074157144,-0.15378716596661995,-0.05640406918810739,-0.016563025584665485,-0.07066277775456954,-0.016428891287184118,-0.02646268631363952,-0.09270716560667268,-0.02214392351073185,-0.03078808415984993,-0.11228490226883896,-0.03378778253736832,-0.033907723034984495,-0.12892123889347135,-0.04623096900365262,-0.03616937420219852
0.0,0.0,0.0,-0.027884327857851058,-0.004495985582101048,0.027155832316560775,-0.052937332888682964,-0.006019444289963994,0.05169346655494059,-0.07949340939442535,-0.003751992594020257,0.06688957717865475,-0.10547589799935288,-0.007962634445135482,0.06811306896990585,-0.09827881948129054,-6.1743279708850805e-18,0.021066823895019304,-0.12098255960456764,-0.0037481316427317338,0.028945516307595492,-0.14351055393440748,-0.009333596613081786,0.0329669664878474,-0.15916016454468365,-0.027095773800742108,0.033431782015039296,-0.09464537259951442,-5.57534959972062e-18,-1.1740762646057922e-18,-0.1280621132619335,-0.01037939999615749,0.0025351859894821105,-0.14700189561362165,-0.025295923174969093,-0.0007447608035144321,-0.1594003044441775,-0.044030827849751576,0.0013337802145786924,-0.08735029845948529,-0.010046968973129367,-0.012588758936174551,-0.11575977263908178,-0.020966047836292363,-0.014079858103802322,-0.13681608674062795,-0.03659948286749212,-0.016892068902494402,-0.15237916812179242,-0.0545201720698012,-0.01669794532335261,-0.07015376142694231,-0.01595332907013667,-0.02569273369412768,-0.09213263232780732,-0.021107622259651085,-0.03005046199376632,-0.11202798422680964,-0.03258189045669352,-0.03313260086403832,-0.12847078610061924,-0.04513264281185629,-0.03519456523010798
0.0,0.0,0.0,-0.027200544374508532,-0.004222412100877735,0.027207736676623327,-0.05283407899174598,-0.0036877376504864836,0.051101040097063836,-0.07911362668398397,-0.00010540973922845882,0.06563712702085187,-0.10444767155888517,-0.003369556037597493,0.06751067416082018,-0.09708699018044192,-6.629763667543909e-18,0.0209224211290708,-0.11935878326765338,-0.0029018962063801544,0.028578637267955363,-0.14201341561585568,-0.008021771365213442,0.032959613519397184,-0.15794054452958423,-0.025202327477035352,0.033656416212284136,-0.09338240157993627,-5.424035256085288e-18,2.765886459389794e-18,-0.1256335465030756,-0.011869601215880586,0.0022608289328645897,-0.13872576205160583,-0.027048873017271113,-0.0006705344854883686,-0.14524383170000635,-0.0430493411700886,0.00265715659092869,-0.08654170988635006,-0.00983598494457822,-0.01210385615553022,-0.11455956464571225,-0.021331173635543012,-0.014362546464841912,-0.13501639509193672,-0.03732887159337112,-0.01667341003574431,-0.15055192911306545,-0.05453921440414186,-0.016303718243319727,-0.06988399908012931,-0.015797795499863227,-0.025145599734256768,-0.09205432699871025,-0.02073164240797611,-0.02931186507302386,-0.11242075350591703,-0.03262636081463658,-0.032069993615274205,-0.12823498588396062,-0.04564284955501132,-0.03345610136015674
0.0,0.0,0.0,-0.02620795310405154,-0.004014323356716211,0.027488427597318465,-0.05277189936538774,-0.001507043252808606,0.05045588067320856,-0.07914892325523949,0.003369440220055829,0.06399720397049101,-0.10417404092774986,0.0015968460965443989,0.0664450696716818,-0.09639227359858846,1.2522986713679482e-18,0.021260886359850715,-0.11864599645422991,-0.0023441753019265267,0.02840044037009666,-0.14130766250462498,-0.007613975078542855,0.0332469710295811,-0.15708881195769747,-0.02527960357143914,0.03449777667067024,-0.09283287698096004,-6.253794988937433e-19,-3.695070253031163e-18,-0.12384001967066204,-0.014602342811702314,0.0022413959617467553,-0.12950832624015768,-0.030171896974371858,8.098978889698049e-05,-0.1288291518015132,-0.042557814845233244,0.004743291753332284,-0.08634910688493982,-0.009827234575165338,-0.011912287672338527,-0.11396968877369955,-0.023123606559050335,-0.014881415598235552,-0.13327316291043978,-0.04012186580299482,-0.015978805546834035,-0.1486193132363863,-0.057167047112834504,-0.014991624284601235,-0.07017826853058845,-0.01621467189246146,-0.024981273111886155,-0.09275662197732676,-0.021420500418683937,-0.028689529400141408,-0.11368934564708505,-0.03437956220787075,-0.030720137645947294,-0.12851918002180301,-0.0480382724419131,-0.03090906831820535
0.0,0.0,0.0,-0.02507736083118924,-0.003985224943946897,0.02785348359236011,-0.05273742602974988,-0.00016414953568770325,0.04981307805093839,-0.07948681513239704,0.00561138364570299,0.062269133024532894,-0.104702316744611,0.005532466345885396,0.06505081003515827,-0.09618798882208697,-1.2355747416710534e-18,0.021940503934358032,-0.11877903636460103,-0.002297659890763703,0.02838436056961408,-0.14129774724708907,-0.008172785925853306,0.03368717492944527,-0.15657279012925177,-0.02711180053898647,0.035652041600981114,-0.09301270412189323,-1.8683680212883085e-18,-3.700541342734936e-19,-0.12268958156119217,-0.01782631460557971,0.002497438715999891,-0.12093603126417807,-0.03322691298075707,0.0010150959450420033,-0.11351679739744686,-0.041201715813012435,0.00637223065872192,-0.0868120844698888,-0.009977141572732029,-0.012032559116081972,-0.1139296492041117,-0.025720659553394584,-0.015464655518247376,-0.1317707991842174,-0.04381866437486913,-0.014976141528609072,-0.1469225614368325,-0.060995073004171105,-0.01310079840315112,-0.07100894706272627,-0.01702366496764703,-0.025149643072266054,-0.09406336664134676,-0.022707163834320785,-0.028293256066002172,-0.1156374787931655,-0.03686982849376458,-0.029355709490886204,-0.1294852063899421,-0.050912451563931135,-0.028182420081059912
0.0,0.0,0.0,-0.024120478280472812,-0.004132806909345831,0.028027571841601363,-0.05266994257839737,0.0002272917217919957,0.04910503319744286,-0.07970171863172189,0.006371931722504573,0.06066955854222251,-0.10537892075944169,0.007693156532504613,0.06357501767447,-0.09598404945765533,1.073034895799199e-17,0.02255618094467768,-0.11893887354055384,-0.0026419541027698904,0.028249356513091576,-0.14125950264587853,-0.009079626489139422,0.03373342276764856,-0.15608439694778417,-0.02928923538181556,0.03619761396910248,-0.09321230169516871,9.187749847917583e-18,-3.238610918512029e-18,-0.12164659174789792,-0.020363893541538766,0.002562357805345324,-0.11416268356669822,-0.034799146807756476,0.0012693778926062562,-0.10192558275019861,-0.03831551302222549,0.006596288901141342,-0.08725565528482454,-0.010083333477626664,-0.012348331825590328,-0.11379304514181983,-0.027817159690173638,-0.016174363152875983,-0.1304189335026437,-0.046539156771508446,-0.014444377001071344,-0.14562014001962795,-0.06360020272358556,-0.011781900589655067,-0.07172319434967996,-0.017686890949463047,-0.02546329201957573,-0.09517320463032317,-0.023591291993557008,-0.02826916689883298,-0.1175202030429567,-0.0384146268678208,-0.028570334889440278,-0.13087403806318276,-0.052273983141936854,-0.026372418629322224
0.0,0.0,0.0,-0.02354468631611768,-0.004363819501935237,0.02780189338504076,-0.05247472293579258,2.3625290582136473e-05,0.04814865070987595,-0.07934578923300023,0.006087143516375636,0.059117005748670744,-0.10531470233481723,0.008254871230071096,0.06209862021702592,-0.0951682160731965,-8.361359623721274e-18,0.02275301875162447,-0.11817838193371158,-0.003053230202945017,0.027663549872243096,-0.14039215156582002,-0.009636086162969695,0.03285540503708176,-0.15525758822570412,-0.030533123313338215,0.03534367327638853,-0.09257428788716364,-7.77155178762082e-18,7.800181929151441e-19,-0.12004990579339489,-0.021509850895558593,0.001956283729661601,-0.1093132987260598,-0.03446899145822333,0.00046516804709337967,-0.09450655242604525,-0.03430608598548021,0.0055973769951112775,-0.08682553272192174,-0.009958247002299124,-0.012719731940679989,-0.11280816364698246,-0.02850244361037596,-0.017149177198974484,-0.128945406581078,-0.04717042325791384,-0.015010699020250517,-0.1446283383420492,-0.06351559462635056,-0.011954653431020815,-0.07153245815679116,-0.01776167468563185,-0.025756212419568672,-0.09520122746663012,-0.023365190910102647,-0.028677172386694413,-0.11849347804363256,-0.0379309692634022,-0.028777354889895915,-0.1321265179240757,-0.05099194996082247,-0.026131300886380292
0.0,0.0,0.0,-0.023287679698307515,-0.004619341173964457,0.027196322276279848,-0.05206545978471341,-0.0004552598670286488,0.04694162518111649,-0.07828813437682636,0.005197869268296132,0.05756251900503351,-0.1041918412519354,0.007739987807099544,0.06068700436204101,-0.09363319266300259,3.887957376046638e-18,0.02250095821640485,-0.11633363479554627,-0.003289524807510577,0.026619923575527227,-0.13855342634115406,-0.009577083554140352,0.031130125143220604,-0.15398877894158203,-0.03054358473391899,0.03324622688408754,-0.09099968161654255,5.161061504680053e-18,2.262601462101348e-18,-0.11777144314435464,-0.02139492742019173,0.0007320142716663733,-0.1058749061045468,-0.032801900313524084,-0.0010583859685522022,-0.09016194490806453,-0.0301230814122176,0.004167862090896201,-0.0854275603111121,-0.009583156142426736,-0.013067601321334653,-0.11088080585064024,-0.027822460599577707,-0.018284619712170973,-0.12727815919703686,-0.04590272044076109,-0.01649160102962466,-0.143808923713826,-0.0609797296560311,-0.013421283664917705,-0.07033773440096557,-0.017231826935154272,-0.025975752894619772,-0.09398923099218447,-0.022064557191889773,-0.029364654718792307,-0.1183019315857804,-0.03556761854179276,-0.029785885066042638,-0.1328632707728206,-0.0473626767551626,-0.027143564388257654
0.0,0.0,0.0,-0.02314883587542832,-0.004894702063130523,0.026444361385813554,-0.05145711877849511,-0.0010594003996398174,0.045741648856465915,-0.07682792897074026,0.004008330988380543,0.056176834170386165,-0.10248510483653857,0.006707080723647905,0.05951397387153456,-0.09186249522292736,5.584330377200558e-18,0.022052982085495186,-0.11409951267457362,-0.0033002723403944756,0.02545598548660396,-0.13634939269646298,-0.009098526183985399,0.029185496677656273,-0.15256533130734926,-0.02987300247414363,0.030836915354295318,-0.08917547462123988,5.694096329821192e-18,2.0744965559887635e-18,-0.11532204872759738,-0.02072448144575486,-0.0005991010564186293,-0.10335845960175111,-0.030906964089147875,-0.0026045594534035046,-0.0875844255999319,-0.026855594152508096,0.003014961604844663,-0.08376652434717902,-0.00910089736769031,-0.013358368933300634,-0.10864401074608902,-0.02655366167815606,-0.019245190039818647,-0.12566881118889392,-0.043868863574934025,-0.018092711210045506,-0.14310834095708125,-0.05751291605967896,-0.015142003500427307,-0.06876896762001969,-0.016450132354204974,-0.02614043171937662,-0.09218671488540375,-0.020350522243791604,-0.03004254113085861,-0.11738639038181083,-0.032486595747191684,-0.030970304854697848,-0.13310113352927072,-0.04286812026642464,-0.028480307470913627
0.0,0.0,0.0,-0.02299437691097099,-0.005189701051964358,0.02582641784771261,-0.05077885418683894,-0.0016883052847997285,0.04483731556920693,-0.07545773829193389,0.002838573955703159,0.05517912084196314,-0.10094197831738376,0.005699369934862509,0.05873454642442319,-0.0904429495460137,-1.3370907224318222e-17,0.021687013701532882,-0.11230327591999482,-0.0031646553483692134,0.02453870125493785,-0.13454461238104784,-0.008606170213967916,0.02765912753207763,-0.15138470045960659,-0.02935859321167095,0.029040012147932365,-0.08783999811868269,-1.3069972359461512e-17,1.94549255731137e-18,-0.11330354669862744,-0.02026128853562197,-0.0015246867130623502,-0.10149022302538628,-0.029832904262664505,-0.0035987444555555838,-0.08593405701783187,-0.02530679194785948,0.002472657182065187,-0.08258385042544643,-0.008699090981153347,-0.013557643361365225,-0.10680852007582822,-0.02560091336409933,-0.019721333554731133,-0.12438288033855677,-0.042385666269677484,-0.019067133990127688,-0.14247356317777934,-0.054955836148065214,-0.016152490341826368,-0.06751606247276475,-0.01584234019643948,-0.026254603325052174,-0.09060317409647935,-0.01902655313365783,-0.030476835678535024,-0.11638513791937763,-0.03008940107797636,-0.03177322969094224,-0.13307064266020138,-0.039310538607526944,-0.02935422106692027
0.0,0.0,0.0,-0.022781118175585053,-0.005504959011924348,0.02551919828484923,-0.050152201216006866,-0.0022655680919348962,0.044384324158842144,-0.07450930109029917,0.001959205431940605,0.05469182088975901,-0.10002866499505504,0.005096904546216126,0.05841304623288808,-0.08967006696508424,3.736124525976916e-18,0.021550157389072493,-0.1113680311668977,-0.0029870531085245057,0.024051678563799993,-0.13356964955766895,-0.008447620924770598,0.026849965425903243,-0.15065171974422442,-0.02964880791908503,0.028297510487585272,-0.08731480157513034,5.047158419941186e-18,-1.5915309768514983e-18,-0.11197435707974587,-0.020467970756865985,-0.0018045806301669512,-0.1000653535180667,-0.030154897822521353,-0.0038037334658354684,-0.08474528597018673,-0.025756355206474506,0.002578970408934327,-0.08219171593982556,-0.008502401776092459,-0.013644466314308636,-0.10570083474451553,-0.025522450318863823,-0.019607174943613213,-0.12347616334132207,-0.04230422300452628,-0.019101043008377987,-0.14181691473354774,-0.05454901933034312,-0.016064598432207113,-0.06690016020187908,-0.015665064660061324,-0.026318233983097118,-0.0896959894869704,-0.018580830904234007,-0.03060362670367334,-0.11571287629765416,-0.02926317716174751,-0.031987867803928045,-0.13299996318962415,-0.037863822814887906,-0.02949055668777489
0.0,0.0,0.0,-0.022496765251261194,-0.0058614243070973845,0.025582126746302628,-0.04962757376498805,-0.0027823256274033467,0.04442745028724564,-0.0740813429271222,0.0014479608669936668,0.054743076716158405,-0.09988274264667148,0.0049940767048075535,0.05855861381420873,-0.08957608878310835,-8.987825330872841e-19,0.021683164873401054,-0.11138088864276353,-0.0028445247397219887,0.024018955583637404,-0.13353628971299375,-0.008796905616731689,0.026770368545171477,-0.15040043334247402,-0.03101273919039341,0.028630568153110773,-0.08761201605597879,-2.1581573107815916e-18,3.849010769482058e-18,-0.11131961191384633,-0.02145513600203007,-0.0014302393671827955,-0.09888448305910698,-0.03194070541348138,-0.003225157315663274,-0.08369286464900806,-0.028046780507624963,0.00327941409347129,-0.08259740208827,-0.008536759306325109,-0.013644021371541382,-0.10534304782225586,-0.026440269977161226,-0.018974947090267154,-0.12287358922410505,-0.04382920000154532,-0.01823595694993082,-0.1410614065930898,-0.056610052169807926,-0.014910681045389021,-0.06695978188323663,-0.015957507737605833,-0.026376005697979033,-0.0895841134007189,-0.019091109888865292,-0.030491000689702702,-0.11553171058364721,-0.030188356579968476,-0.03166669339060137,-0.13303917015962993,-0.03877479048046152,-0.028950927763033325
0.0,0.0,0.0,-0.02214954428577891,-0.006284788549705354,0.0259986441471741,-0.04921853446915199,-0.0032852576590711178,0.0449423002048928,-0.07415980128612394,0.0012027398590769406,0.055288731047605136,-0.10048622998100937,0.005243661879713569,0.059136671000531424,-0.09010034152490141,-4.558951154647062e-18,0.02206677519637094,-0.11231827388547301,-0.002786457443181535,0.024380400475106357,-0.13441760832068214,-0.009670098522175107,0.027302595661169316,-0.15061945923516515,-0.03333866619565463,0.02982458659133998,-0.08865451919807547,-2.736916431842957e-18,-5.210065553183337e-19,-0.11126122765414057,-0.02306355812974821,-0.0005175992062727741,-0.09780991703220247,-0.03486022463739556,-0.001992305735978157,-0.08254913354488204,-0.03169051144088694,0.004482041484809362,-0.08372562910574331,-0.008753076156975478,-0.013611312626335234,-0.10566702876117043,-0.028167093391422787,-0.01797835522554293,-0.12249669991089374,-0.04664870753740297,-0.016680758023962895,-0.1401413313886385,-0.06069875759809055,-0.012907188312927444,-0.06764556641345411,-0.0166103610292152,-0.02650130561570863,-0.0902428986888547,-0.020364974106002538,-0.030244847988587543,-0.1158721980206117,-0.03255007276962744,-0.030955839309529328,-0.13326185886042488,-0.041625345611671215,-0.027901703630599434
0.0,0.0,0.0,-0.02177087651518009,-0.006764262032035268,0.026671483882246456,-0.04892249617144951,-0.003808052183594521,0.04580348765295935,-0.07465136881521686,0.0010567065097202245,0.05618165412895908,-0.10168990291772058,0.005598939888248228,0.06002533371043242,-0.09111779443488709,1.93562217810707e-18,0.022618554186085223,-0.1140263104782089,-0.0028332245251915956,0.02500789647781884,-0.1360363427778152,-0.010941536247907172,0.028249679036917275,-0.15123000294418693,-0.0362127340028446,0.031515417438002576,-0.09028939917752432,-6.365644344675155e-20,3.1012027515173673e-18,-0.11168849961377662,-0.024953488216799886,0.0007275297866923809,-0.09679466243949639,-0.038284889168765227,-0.0003432571082822774,-0.08122986076513797,-0.03592231250290839,0.006007387919003622,-0.08542553090579016,-0.009066279211917402,-0.0135858489736484,-0.10653987912376271,-0.03032119623655664,-0.016803259425456456,-0.12229273409008823,-0.05010299178857842,-0.014737301205502719,-0.13903029254834964,-0.06584495164138382,-0.010412327590192385,-0.06884121613433086,-0.017439252327718785,-0.02672515432087834,-0.0915263574704982,-0.02205464592511853,-0.02994371258251949,-0.1166466198276379,-0.03572372069287916,-0.030022237533937474,-0.13364971442968843,-0.04559439949580473,-0.02654591567370941
0.0,0.0,0.0,-0.02139653934259419,-0.00722615721325864,0.027414615363360158,-0.048719553277078755,-0.004314746664846792,0.04676926877835825,-0.07535329234593037,0.0008961423058211057,0.0571652533432063,-0.10317046160290134,0.005869865018455519,0.061002123072006635,-0.0923798841740136,7.989163520665252e-18,0.023206649030070952,-0.11609653757548831,-0.0029625730658086736,0.025721371014713074,-0.13797937084650183,-0.012358001168865342,0.029350667847829647,-0.15201374696389996,-0.03908353380647955,0.03328355968433193,-0.09219685028898686,2.978574748151024e-18,1.4629602092359305e-18,-0.11239312511167637,-0.026741418952981766,0.0020445027088511697,-0.09586508167525988,-0.0414801426773335,0.0014053566009435965,-0.0798174665468591,-0.03986701566183793,0.007603887077276079,-0.08737584993922952,-0.00939203189369337,-0.013574310205527018,-0.10768856584197745,-0.03244439214058335,-0.015644013973474136,-0.12219869749975348,-0.05343133913835373,-0.012761131975334164,-0.13780713130974664,-0.07086834262204947,-0.00789834750318279,-0.07029299652584713,-0.018234908477636404,-0.027001475739601724,-0.09310427769722439,-0.023748286129557913,-0.029622534537371212,-0.11761844995173204,-0.038947165065621535,-0.029019311665170553,-0.13408604942438038,-0.049684424361087165,-0.02510096547183434
0.0,0.0,0.0,-0.021044601476888317,-0.007553597738925796,0.0280213323612923,-0.048573470222471965,-0.0047191153295510265,0.04758676340928907,-0.07600121727427303,0.0007151301233932283,0.057987605458727054,-0.10452123716818526,0.006004356471215283,0.06184096146266114,-0.09356030484644397,1.341549935071846e-17,0.023719931597859324,-0.11798451873864521,-0.003117593945112334,0.026366189142797387,-0.13972318234518033,-0.013636313663313877,0.030379568463030134,-0.15267534275180092,-0.04150780942540259,0.03483256441960561,-0.09394958279360878,1.2665229982718275e-17,1.3257766086780507e-19,-0.11310455934068145,-0.028178664902325908,0.003232644618899352,-0.09506932975462482,-0.043917547581703166,0.003004605259493609,-0.07847440225132128,-0.04287574571471661,0.009070002244711392,-0.08915512598707141,-0.009680667535082803,-0.013571552017033623,-0.10875812330823739,-0.034187399185161275,-0.014638820942234086,-0.12212092630248528,-0.056117488585500655,-0.011029727549600075,-0.13662834844123012,-0.07489020396217684,-0.005759645820024913,-0.07167118160828216,-0.018828818187345563,-0.027257883389421183,-0.09456984585156906,-0.02512325347485718,-0.029282197237692223,-0.118500015427254,-0.04162981475957328,-0.028033512748859343,-0.1344337363191344,-0.05311426006446344,-0.023725963658886674
0.0,0.0,0.0,-0.020729325833898412,-0.007654328939361353,0.02837530797661372,-0.0484588601361186,-0.004955249709935197,0.04813094775716868,-0.07641822887604496,0.0005787790901936086,0.058542757972728045,-0.10546103617586476,0.006051791866183564,0.062440368771768874,-0.09444407824003118,-8.760514706125421e-18,0.02411968697058485,-0.11935482027751805,-0.0032463620244525485,0.026879511715003197,-0.14094841150017678,-0.01459577184614166,0.031240485308292786,-0.15305223821665412,-0.04329881411940681,0.03607062216760665,-0.09525239452138928,-3.4648034945718967e-18,1.3295773625438003e-18,-0.11365260643550153,-0.02922271589671326,0.004228833440008742,-0.09444597931837813,-0.045467696296060976,0.0043658624285328245,-0.07732117618742289,-0.04477363923066051,0.010319216048292317,-0.09048538094545604,-0.009932141107521213,-0.013577205554343557,-0.10952460532860969,-0.03544238704033382,-0.01383898918500317,-0.12200385125238963,-0.05805370618816392,-0.009658724533395212,-0.13564336286488954,-0.07766152017453276,-0.004164852415487076,-0.07275978707752447,-0.019175507142852936,-0.027465472768719346,-0.095678458809498,-0.02607458309856936,-0.028916468040000243,-0.11913941231982614,-0.0435787065967543,-0.027092220722758003,-0.13464554303419793,-0.055618737203215175,-0.022496533179201417
0.0,0.0,0.0,-0.020508167045987086,-0.007521412834490666,0.02850627439862295,-0.04843144388576432,-0.005026377099304034,0.04844012210223435,-0.07665808209056124,0.0005455350005067679,0.05889494421086419,-0.10599423832458485,0.006072468456908275,0.06284628869651822,-0.09509684158265107,1.4607994746080733e-17,0.024426788618445903,-0.1203190490528851,-0.003331991435907596,0.027284995768844033,-0.1417710723362322,-0.015202402965657927,0.03195159589407072,-0.15331415151477182,-0.04446216137055965,0.03700972527196816,-0.0961312138307281,1.712154525997181e-17,2.589479314627534e-18,-0.11413125972580232,-0.029959498739865083,0.00505026207612272,-0.09409760613190521,-0.04633251788091286,0.005472384955616043,-0.07646118935410445,-0.0458115212833732,0.011295560213137476,-0.09139846744285174,-0.010183316319125509,-0.013590169908230075,-0.1100738925570902,-0.036313053083745765,-0.013277338923287982,-0.12195740216332493,-0.059412801548922166,-0.008693079342847562,-0.13500841458624632,-0.07945423592640376,-0.003148154877485573,-0.07357954249031194,-0.019380182801721785,-0.027653152885559255,-0.09649305438237486,-0.026712126268620486,-0.028551856898943854,-0.11964973674776186,-0.04495293102141751,-0.026255738733751446,-0.13482568578679,-0.057397045929533895,-0.02148737095252658
0.0,0.0,0.0,-0.020477957305097116,-0.007222843296204823,0.028531290903001022,-0.048622088837349434,-0.0050001085272981995,0.04863344085772244,-0.07695118695752218,0.0006094272183803733,0.059184165441996006,-0.10634183426738186,0.006054113305359541,0.06316307521918291,-0.0957734441906585,-2.686596957177711e-18,0.0246745493363703,-0.12126816139149212,-0.0033950317023736,0.02764757948536268,-0.142582683720996,-0.015536091441493888,0.03257064777664053,-0.1538267732255055,-0.04508837091464458,0.037663648338608476,-0.09683562078439831,-9.961459503047859e-18,2.2584079727018052e-18,-0.11483682507854819,-0.030480468045172723,0.005687254717882663,-0.09423509710047548,-0.046815481802044596,0.006250184447297026,-0.07605596160992971,-0.04641477114443128,0.011886296735556258,-0.09212096366382282,-0.010468953923294942,-0.013600442434066919,-0.1107168873230619,-0.03695371958005623,-0.013026037457989336,-0.12224891696409285,-0.06039187990319788,-0.008219398231425286,-0.13491880800618053,-0.08068303626554939,-0.0027592590251497196,-0.07429897922912582,-0.0196133216775927,-0.027860433364757346,-0.09726660596765592,-0.027227189352479003,-0.028256835093565774,-0.12030584829352339,-0.04602360311699526,-0.025661462544186,-0.13515374985397655,-0.05879606567889956,-0.02083372757729399
0.0,0.0,0.0,-0.020684470138543153,-0.006846308349889157,0.0285298811960344,-0.049069553570076564,-0.00496584542680573,0.048791671552604915,-0.07742703165793546,0.000676071586661941,0.05950634759207415,-0.10664009390474752,0.005855109380626698,0.06346381249881805,-0.0965710926301999,2.5853969252328867e-18,0.02485832715712206,-0.12237449630293791,-0.0034741759153536994,0.028023184439725998,-0.14354064251935827,-0.015742599151391284,0.0331335418654278,-0.1546498825022217,-0.045342740567171885,0.03804921842772511,-0.09750750293624207,-3.2580096751160583e-18,1.5592982371540938e-18,-0.11594112974043459,-0.030797928636541357,0.006059291387182725,-0.09504310811317306,-0.04711708694254425,0.0065428180566445455,-0.07627661265449523,-0.046972594269408786,0.011964160228161411,-0.09275910252038475,-0.010773634569997326,-0.013591989088519572,-0.1116595638082983,-0.03739677726888674,-0.013157576789348466,-0.12309763747619963,-0.061003045469949585,-0.008356124558892451,-0.1355236297721209,-0.08155255504379026,-0.0030806677911584864,-0.07498018467867609,-0.019965544568036696,-0.02808490606061954,-0.09811466196984751,-0.02770558492303495,-0.028113141821740434,-0.12120842983092094,-0.04687940521108033,-0.025476797751138366,-0.1356713486260946,-0.0599336435861358,-0.020697245856890253
0.0,0.0,0.0,-0.021048072559141075,-0.00646695128167471,0.028477427181468798,-0.04958263656917038,-0.005004961618226696,0.04891457649009745,-0.07791514602783532,0.0005689673900985597,0.059871944828096844,-0.10672911707902742,0.0052037214392428284,0.06378715747701066,-0.09722773003495583,-4.460360098045269e-18,0.024921685766605958,-0.12330311037114716,-0.00360116733936262,0.028428193337782563,-0.14428167176945075,-0.01598585464878854,0.03362695224359752,-0.15525802836061728,-0.04546309850032163,0.038204955516731406,-0.0979957612779636,-4.263735720036012e-18,-4.210437737130135e-18,-0.11725972195812967,-0.030836104880137404,0.006064058330630241,-0.09654462181744142,-0.04728910537331374,0.006203450561488882,-0.07724621203857837,-0.047812472079899096,0.011501004709885684,-0.0931393069694116,-0.011019261131612609,-0.01355747158865726,-0.11278251465833312,-0.03751415304211039,-0.013661074903581786,-0.12448960925463151,-0.061057015177129345,-0.009150670222430326,-0.13679235566779388,-0.08197682440717871,-0.004146798994316183,-0.07544036405711217,-0.020367323689641417,-0.02828792078400819,-0.0988274079076017,-0.028038589484594013,-0.02818017293075195,-0.12206633630734604,-0.04730261219407453,-0.02582025082555391,-0.136151125169365,-0.06055997876608644,-0.021181201385178667
0.0,0.0,0.0,-0.0214180017002927,-0.006143753242787505,0.028297626859709272,-0.049852703071937066,-0.005184960496101295,0.0489809795278432,-0.07808870692338427,0.00010682524243553306,0.06025883054852413,-0.10632891329009561,0.0038258411952056615,0.06418003406669476,-0.09732653351857672,6.7807499948348546e-18,0.024801496788534567,-0.12346964498568035,-0.003790517655768058,0.02883259437367037,-0.14422567358744431,-0.016382115615739483,0.03397635873839793,-0.15492878830250753,-0.04565258826037851,0.038135160940555336,-0.09801371600155279,1.1590156787839942e-18,3.6725755438770664e-18,-0.11839552599633761,-0.03047085095888505,0.00564809250409505,-0.09869292756997543,-0.047290780695017916,0.005210879260039358,-0.07918033113472664,-0.049229260589461414,0.010597760618212715,-0.09297277590664943,-0.011104462279441655,-0.013516857382160572,-0.11374955740751544,-0.037108147650755145,-0.014413867030268677,-0.12619416718988186,-0.060302737803930855,-0.010504293059499776,-0.13850716355236775,-0.08170730268449525,-0.005894534124407687,-0.07539657472213546,-0.02062583970917439,-0.028446325253653166,-0.09902852589240574,-0.02800395474221516,-0.028474247334550437,-0.12235654289622852,-0.0469178736241344,-0.026704308124578763,-0.13621999283160446,-0.060254552998779486,-0.022274156050310696
0.0,0.0,0.0,-0.021741238952498642,-0.005902437189740193,0.027979307720763968,-0.049755309002131765,-0.005522944732833381,0.0490200907443417,-0.07781753280842879,-0.0007289487679725399,0.0606750212554703,-0.10543473657906428,0.0017127074347965162,0.06469157176719226,-0.09669687673271138,8.861388410094798e-18,0.024495017443742443,-0.12260156619282563,-0.004016507262356834,0.029169313358742358,-0.14320302994185768,-0.016838701712395328,0.03406337916390006,-0.15356463898016426,-0.04579731310476236,0.0377567121121124,-0.09742607340771234,2.13960297061716e-18,2.636850021237453e-18,-0.1191462788279123,-0.029534821175907867,0.004851463709616905,-0.10167458029847064,-0.046993011596425646,0.0037164755986718164,-0.0827335676727538,-0.0513302530159212,0.0093780822658436,-0.09214535142916734,-0.010974277864030777,-0.013511231871136323,-0.11434310216258721,-0.035998241854362,-0.015230482421649327,-0.12799914235199183,-0.05851563345139285,-0.012181364148044493,-0.14050468281772527,-0.0803742959311043,-0.00814282312149931,-0.07475105040118125,-0.02056127384435132,-0.02857841319425921,-0.09852887205010234,-0.02743380079602327,-0.028969046575339698,-0.12176666340131283,-0.04544330352908587,-0.028020599518572553,-0.13569559168885545,-0.058694592737971604,-0.023857864329476106
0.0,0.0,0.0,-0.022178569024602027,-0.005691713806441532,0.027599891226623388,-0.04953201508571748,-0.0059282158442948325,0.04908839088793532,-0.07733628260558378,-0.0016956861502326775,0.061149159248005944,-0.10444270702173859,-0.0007373461070870701,0.06532023334421744,-0.09559308919748895,8.910469431669384e-18,0.024058776304244307,-0.12103021861771007,-0.004187497962580046,0.029361062753319025,-0.14174325034574636,-0.016914863907084222,0.0338093995813483,-0.15208987584041336,-0.04518972992589554,0.0369791027407731,-0.0963572792582309,1.0689785738733265e-17,-3.0443346505134144e-18,-0.11975237387474343,-0.0277658873524867,0.0038099654469969536,-0.10612603219707734,-0.04601715651621141,0.0019642684032806904,-0.08923043172540603,-0.053636040214209584,0.007827189497092305,-0.09082683585359076,-0.010664656268665683,-0.013560577633298602,-0.11468592070528517,-0.03402223701157522,-0.015930582501225837,-0.12993958778034337,-0.055432318041220036,-0.013898207219840817,-0.14292759365990265,-0.077375102021046,-0.01061235289412918,-0.07372626262041913,-0.02011692793893885,-0.028693759296490876,-0.09752821842182346,-0.026293166254076558,-0.029594450978761913,-0.12050200629872117,-0.04279041205746627,-0.02956641090218496,-0.13482261648244748,-0.05569994218392074,-0.025761705829958775
0.0,0.0,0.0,-0.022984636126863498,-0.005383382690612107,0.027202088355458013,-0.049618949658488655,-0.006238997608212305,0.0491770722012085,-0.07706676163741479,-0.0024545868924442586,0.06167335341607711,-0.10388713090255247,-0.0029779846669112445,0.06598181897159366,-0.09450425535570639,8.076600016294275e-18,0.023527409728921582,-0.1194272356951381,-0.004200937799886893,0.02935015767387751,-0.14064508280577098,-0.0160397823884279,0.03325048028219314,-0.15173978760864015,-0.04279170518446361,0.03582194270106062,-0.09508643721479641,1.1619770905609709e-17,-2.636203383014335e-18,-0.12066133209731739,-0.02484099480372103,0.002679693236752968,-0.1128322916427742,-0.04356648951269303,0.00011600651699150356,-0.10020299187415921,-0.05475633954119751,0.005728814823789493,-0.08934359800562099,-0.010264543545554151,-0.013641918635251177,-0.11507243550021322,-0.031018091586925752,-0.01639597194724694,-0.13219444650118906,-0.050697076176149,-0.015460996166325194,-0.1460498168474516,-0.0719251397064549,-0.013058889741923372,-0.07270816197852309,-0.01930179014297137,-0.02873501432250919,-0.09644677014121616,-0.024580531077489063,-0.030237272006934553,-0.11908334703664772,-0.03894755236648678,-0.031118597239093097,-0.1340748632900852,-0.051086527753710205,-0.02783214612755111
0.0,0.0,0.0,-0.024231280779287104,-0.004865136724288722,0.026712496325456848,-0.05028284948333954,-0.006346402408656636,0.04917533661023654,-0.07731117878066762,-0.002843743073081366,0.06216118587738254,-0.10410317001588347,-0.004702188641644346,0.0664826461529768,-0.09384137005894137,-2.473083676639508e-18,0.02287087420705116,-0.11833603270629614,-0.00402886222504224,0.029103122003489128,-0.1403084851803671,-0.013962742822511125,0.032494721110091954,-0.1529246896729836,-0.03802363113233957,0.03438651736740231,-0.09390050944700427,4.598706921962412e-19,-6.86789652930066e-18,-0.1220423294198932,-0.020614907697018646,0.0015841152438307122,-0.12184450406916615,-0.038668235649256845,-0.0017708732402976206,-0.11598687842997873,-0.05266092482400289,0.002886252943543231,-0.08801570930838502,-0.00983055254581039,-0.013707106146087087,-0.11560869525778711,-0.026937637537528352,-0.016576393265395874,-0.13471428868646737,-0.04408360910218166,-0.016799181989553692,-0.1497709153896555,-0.06352747809400991,-0.015342412989937758,-0.0719733731887339,-0.018080902748396875,-0.02859960183671501,-0.09558753694026285,-0.02222372845299194,-0.030759987016010147,-0.11787840747004692,-0.033899324610070496,-0.032486963542660494,-0.13370501251592407,-0.044682077315926105,-0.02994100416045397
0.0,0.0,0.0,-0.02569280057234376,-0.004146096292742761,0.026043855934680137,-0.051437696960037256,-0.006249029489515581,0.04895593338366754,-0.07806531201830653,-0.0029440926634863103,0.062468411586714824,-0.10503183056850922,-0.005925090323030513,0.06655556722510943,-0.09375475814865501,2.4421513047849434e-18,0.02204766109215735,-0.11792412088673468,-0.003708967254023833,0.02862237290190119,-0.14054335754585276,-0.010924077943060016,0.03166119351789818,-0.15499522563344778,-0.031276596708105266,0.032830906452581424,-0.09299108641290839,3.7624926941432675e-18,-4.418870238206275e-18,-0.12360865789225457,-0.015400523452774154,0.000690270956401454,-0.1318516106203193,-0.030948950511662143,-0.003478199100232069,-0.13445821582650735,-0.04585631865891601,-0.00038279782239757874,-0.08705849906917022,-0.00934905075122163,-0.013700680482010744,-0.11611344356358652,-0.02205594388844221,-0.016420889121024303,-0.13707717761066893,-0.03591621046324493,-0.01783051473201939,-0.15344736264820696,-0.052583588978594414,-0.01727551956434814,-0.071554439381658,-0.016420355142954215,-0.02820916363461658,-0.09498291207076787,-0.019180306629357238,-0.03102612123697957,-0.1169068893418869,-0.027810801168717356,-0.033488122667627435,-0.13355639950180953,-0.03666998468827751,-0.03189914982421642
0.0,0.0,0.0,-0.027018845396116785,-0.0033739759235363936,0.025255107480301364,-0.052753766011951246,-0.006023972860216911,0.04852544843150378,-0.07905779568184368,-0.002973565985675235,0.06252132676847004,-0.10627494341485143,-0.0068508634706401445,0.06606758871842851,-0.09414593339973698,1.129945221449478e-18,0.02109360777538769,-0.11803142740291218,-0.0033053356128470222,0.028004898676861126,-0.14090446429173076,-0.007502677434549389,0.030911563107424947,-0.1569698786546692,-0.023743649640036616,0.03145238541097175,-0.09242851043097926,1.2563093372446514e-18,-6.563029471314221e-19,-0.12493832826901437,-0.009983077690671988,0.00022638039124136297,-0.14079181820841938,-0.021360271461773255,-0.00451818598471298,-0.1517244011737443,-0.034934422862763014,-0.0031024443438835364,-0.08653887130474623,-0.008785392233664781,-0.013586251987865353,-0.11637728602769344,-0.017019134954105078,-0.015877427695579722,-0.13881603725696548,-0.027246140479001535,-0.018395528814010617,-0.15633285845396952,-0.040599024565024275,-0.01854027939747653,-0.07132415650433756,-0.014436802194937523,-0.027570725952330365,-0.09451757485409462,-0.01565745737730802,-0.030951079336483462,-0.11604535575689554,-0.021281312393871907,-0.03395581032545577,-0.13332627373371558,-0.02793890259278323,-0.033411495375096
0.0,0.0,0.0,-0.027979733292015554,-0.0027480262445003403,0.024555087677379888,-0.05389100502890772,-0.005777098022126859,0.04807423499741257,-0.07996166964412713,-0.0031252602373801537,0.06243311282377758,-0.10736710932010216,-0.007678410351430168,0.06519689423661415,-0.09476411533332052,5.172387958988227e-19,0.02015156586822211,-0.11834002146121929,-0.0029186697748604753,0.02745076573909945,-0.14106839159196355,-0.004410932613926074,0.03043863316233972,-0.15823228674248,-0.01693368434302854,0.030610150708656653,-0.09216039442838725,1.4924389775096238e-19,1.794679474971731e-18,-0.12582111109949212,-0.005311623095643297,0.0003097522887799442,-0.14722284264199487,-0.012036665322849366,-0.004534144617880085,-0.16459531862319893,-0.02294263694097532,-0.004345091068972054,-0.08635539589917265,-0.008177330382608409,-0.013370635533105303,-0.11635883235532307,-0.012640006810182475,-0.015006005008949533,-0.13976608049170114,-0.019572570847755367,-0.0184050172530252,-0.1580843130776485,-0.029795186755429165,-0.01890944065708095,-0.0711378982580158,-0.012462292905741024,-0.02678245995860081,-0.09408408557125886,-0.012210509057228695,-0.030563260429763817,-0.1152466150548475,-0.015333930552574513,-0.033860482068930504,-0.13291176947404063,-0.020022331312133726,-0.034246266448962046
0.0,0.0,0.0,-0.028554995657509866,-0.002393447343515916,0.024142045843868573,-0.05468230927713645,-0.0055782573791231796,0.04783736895904758,-0.08059107099603699,-0.003405477764411186,0.06242385430979197,-0.10802788062136567,-0.008408557526485092,0.06432568234724036,-0.09533724605199796,-3.964344921845776e-18,0.019396711005251834,-0.11857098019570611,-0.002675802126758691,0.027141318291610338,-0.14099335118968043,-0.0022764975183460273,0.03032258719846071,-0.15874528407975733,-0.012177101286380023,0.03041912636509574,-0.09205130764563531,-3.7624178804137425e-18,3.8846218916408136e-18,-0.12630398496611242,-0.0021181019603071015,0.000812327569703203,-0.1510338948467772,-0.005214499778901736,-0.0037261190630613794,-0.1723337893935613,-0.0137199352584849,-0.004088304765664873,-0.08630886211519909,-0.007668352479437243,-0.01310014457637494,-0.11614727202084567,-0.00961776175262213,-0.014029555655956092,-0.14008988165137384,-0.014314191049601781,-0.018010932779186962,-0.15887824165185607,-0.02232287966658657,-0.018539482114298973,-0.07092057453293471,-0.010936344920604073,-0.025988905294210992,-0.09364536572645348,-0.009593798127807678,-0.030021703089458247,-0.11455358803057421,-0.011109192931531358,-0.03341003708693688,-0.13246494387784302,-0.0145750074379576,-0.03450270529527111
0.0,0.0,0.0,-0.02884598840590833,-0.002311450452752467,0.02407575361712957,-0.055146842547582495,-0.005452527652151048,0.047918038733701956,-0.0809475770890609,-0.003663099308849352,0.06263472826509578,-0.1082488958152368,-0.008887368942899557,0.06378711070773316,-0.0957425234488564,2.94001647312404e-18,0.018941494299827104,-0.11867465074555224,-0.002678277204967321,0.027129175213829036,-0.1408957968323883,-0.0014558682739945594,0.030477436091904318,-0.1588762336204555,-0.010236829817488014,0.030658073135850648,-0.0920321579751276,1.5130943372645862e-18,-2.6499482269506676e-18,-0.12660724658185085,-0.0007080600503636209,0.0014578833420736642,-0.153028224996615,-0.0021453240574807624,-0.002669524876711984,-0.17614402406136373,-0.009685273648392346,-0.0030966858170435687,-0.08628603776399911,-0.00742559322046453,-0.012854615890530895,-0.11591378791741952,-0.008344159541779039,-0.013231741179364593,-0.14010128513560396,-0.012307861449028033,-0.01753410084125141,-0.15913632441038653,-0.019456896103315226,-0.017899016912805845,-0.07071022556992912,-0.010192660157180435,-0.025345540235362767,-0.09326650734167108,-0.008428841596761301,-0.029549596298084943,-0.11405387189684967,-0.00943634073270394,-0.03295301434289379,-0.13218877361923306,-0.012697539784182253,-0.03455185709211132
0.0,0.0,0.0,-0.028956935231734673,-0.0024411416822998507,0.02428966998307215,-0.05537008596371214,-0.005453461432582051,0.04825362014018021,-0.08114865370595616,-0.0038058608930996688,0.06305335391704399,-0.10823458729262658,-0.009048161191438345,0.06371688606333029,-0.09607335324233665,-1.1085383368889212e-18,0.01881574866815336,-0.11884895375838356,-0.0029863689268635066,0.02736107949780092,-0.14108355625885952,-0.0020276308306253696,0.030783309695187087,-0.159021356414083,-0.011235447217684194,0.031051452743789995,-0.09219598669369417,-1.9611102218709287e-18,-4.568379416992727e-18,-0.12701374077315963,-0.0009748338236138259,0.00202184723397941,-0.1541165557889871,-0.002840444200577697,-0.001772377623210341,-0.1776244077802225,-0.011087529381558136,-0.0020514232160556947,-0.08634727677451376,-0.007533362412217038,-0.012734076647259798,-0.11586430444108684,-0.008845673126855828,-0.01280031742594011,-0.1400424840353208,-0.01357261992767254,-0.01719495229014718,-0.15913216332897134,-0.021243441565571924,-0.01735249734257373,-0.0706165248547294,-0.010321973659270144,-0.02499405839106022,-0.09306859760182966,-0.00893428521934425,-0.029308815972287357,-0.1138158086318258,-0.01051712656411931,-0.03273014022444362,-0.13211677122143256,-0.014523166288505245,-0.034651700802887195
0.0,0.0,0.0,-0.028947696508112228,-0.002730571307456567,0.02466178878495542,-0.05540665043243252,-0.005674012179159075,0.048695669807803627,-0.08129787170954257,-0.00392147797889073,0.0635705403531262,-0.10821777524020829,-0.00902709839240137,0.06405511793584931,-0.09649736765311585,-3.0030939078715677e-19,0.018968920831800636,-0.1192998166556972,-0.0036125918039492384,0.027740030762370253,-0.1416994401954927,-0.0038163712464413554,0.031179855353831682,-0.15928594511873204,-0.014676361393743459,0.031487671719866835,-0.09268619804704012,-4.953044947167979e-20,1.6020656516130579e-18,-0.12767821057742945,-0.002480750550050695,0.0024224683678724765,-0.15482545584838453,-0.0063262355620199075,-0.0010766775149887553,-0.17785314105275982,-0.01645013415326533,-0.0011252522922430084,-0.08661406309816622,-0.007945425184766536,-0.012798635174303102,-0.11610574924032695,-0.010747674579742574,-0.012741350268988481,-0.13995159184409067,-0.017261590940215777,-0.01698416159983042,-0.1588486932972174,-0.026490201689292635,-0.01694024280752022,-0.07071993206844802,-0.011156886198173543,-0.024994466157132966,-0.0931007665446949,-0.010804452391218173,-0.029315557245596282,-0.11378674514773539,-0.013757721140770823,-0.03273886340141306,-0.1320763443076117,-0.019081132824875172,-0.03476227279740294
0.0,0.0,0.0,-0.028847267972945706,-0.003139635191288477,0.025056422100916576,-0.05527510212649738,-0.00614307184684968,0.049086862105792745,-0.08137630480671693,-0.004163609344409073,0.06405722077095757,-0.10824789982319563,-0.009046316532167717,0.06461851434062703,-0.09701691381775589,5.2889508266828805e-20,0.019254299388225288,-0.1199417330951658,-0.004464533098869594,0.028143013948193494,-0.1425444326833434,-0.006327128953532836,0.031604897119209885,-0.15945074998300052,-0.019394190139404816,0.03191678302867782,-0.09345959086975669,4.97004127694632e-19,-3.639534761107631e-18,-0.1284582455539528,-0.004530143700369471,0.0026603478112831903,-0.15525412618044954,-0.010978187972961429,-0.0005274476306821122,-0.17738557450836148,-0.023283569996247887,-0.0003198544254769112,-0.08707011616761819,-0.008499574558728228,-0.01300851052961276,-0.11652131147246528,-0.013274191147087179,-0.012928861530010875,-0.1397206573225719,-0.02181698093334219,-0.01682479569710418,-0.1581820594957972,-0.033018965626359205,-0.016604038187450248,-0.07097991409751839,-0.01232360591033736,-0.025258369237612866,-0.09324903686344317,-0.013258688837415251,-0.02947507407381996,-0.11377493235005073,-0.0178389257939885,-0.032857664093747546,-0.1318585833546514,-0.024508713750407207,-0.03477497058317297
0.0,0.0,0.0,-0.028686281218211204,-0.0036145614638762114,0.025367385227992586,-0.05501470494009215,-0.006769102227960219,0.049327689156660956,-0.08130713813641009,-0.004585793159072632,0.0644240934597364,-0.10821124439558368,-0.009256858605014793,0.06519673205163985,-0.09744472643266094,-2.7977400183372827e-18,0.019502093926562523,-0.1204583070596286,-0.005336904410438751,0.02845433114631569,-0.1432527517321227,-0.008874180777224249,0.031941022261154806,-0.1593030032783121,-0.02396304919234626,0.032214525128057545,-0.0942421145557415,-2.0522830141082978e-18,-2.2423325248340288e-18,-0.1290569369313973,-0.006406028812911448,0.0027289238316286473,-0.15538459101247692,-0.015205675911494274,-0.00022156237991445365,-0.1766417944104111,-0.029280725585394043,0.00018126015003498946,-0.08752179498502792,-0.009011875240541782,-0.01326176183051408,-0.11687600760549338,-0.015575931434580883,-0.013236765177223313,-0.13930696303915371,-0.025726243524742093,-0.016751815293943397,-0.1572284787374426,-0.03871610408296266,-0.016424688745226266,-0.07124621716006785,-0.013420461394935922,-0.02561840699363109,-0.09333262846042681,-0.015459026494527682,-0.029699461019452426,-0.11362445359083063,-0.021399036224368197,-0.03303868879730825,-0.1314336871380482,-0.029029945887933607,-0.03475148206012605
0.0,0.0,0.0,-0.028509208545112925,-0.004077036504778144,0.025565172275396036,-0.05471238646136353,-0.007410970087374669,0.04942081178949862,-0.08110025586119553,-0.005143054210004964,0.06465159435911612,-0.10805645949878181,-0.009732225753088138,0.06562656446093354,-0.09763537225786799,1.3576644082745855e-18,0.01964299553809686,-0.12065928190448517,-0.006017676668821523,0.028626923719700575,-0.14362489463625344,-0.010877005813027007,0.032103139469690505,-0.15891026114661236,-0.027347175908783182,0.032302024832488806,-0.09477098267076925,1.0311348436508047e-18,4.837587518159706e-18,-0.1293302206368737,-0.007654574057950784,0.0026220018890902546,-0.1553170688373442,-0.018086910855169204,-0.0003010926889137854,-0.17601361268696336,-0.03326488009484153,0.0001586937367207052,-0.0877887429537269,-0.009371613810151712,-0.013474531791859522,-0.11704780367193511,-0.017137462701018843,-0.013578191430351732,-0.1388366765223394,-0.028243068171478557,-0.016830412676663235,-0.15627685091593854,-0.04250992012314486,-0.016491730471998572,-0.07139669496968531,-0.014202606940108888,-0.02595198007998186,-0.09328621954219074,-0.016947057569202614,-0.029942362831253917,-0.11336345768898017,-0.023732368847462215,-0.03327870657381108,-0.13095384164635251,-0.03182715518361975,-0.03480201343275853
0.0,0.0,0.0,-0.02836234947238507,-0.00443099058662219,0.02567801233396618,-0.05446744795185827,-0.007949539386854507,0.04942642303011463,-0.08085380567042841,-0.005759125698118506,0.06475824637446419,-0.10787032211750143,-0.010497043759400899,0.0658050260504742,-0.09760324841099925,-4.66966371047719e-20,0.019711433209608685,-0.12059673723577265,-0.006378677185008979,0.028677526448354543,-0.14368658482962632,-0.01199564092060275,0.032097412561595554,-0.15852473146191604,-0.0290842391118802,0.03223552200451344,-0.09495629526142614,2.188569076393816e-19,-6.541340335264489e-19,-0.12931337477151303,-0.00814497847522132,0.002355040503360615,-0.155150417861313,-0.019376177825576976,-0.0008221190753977178,-0.17563486048541652,-0.035045841209272975,-0.0004819804116936486,-0.08783242166309341,-0.009547236257039371,-0.013596729122061892,-0.11706341414172296,-0.017815412128265328,-0.013874904322934192,-0.13849036173270624,-0.02930862373265587,-0.017057222632325727,-0.15558684712184054,-0.044239221537967326,-0.016792430431268893,-0.071421291014668,-0.014598847857065727,-0.026201309945468442,-0.09317938761971717,-0.017645418718543523,-0.03015698298878717,-0.11313510680980965,-0.024752088765309453,-0.033520685058715013,-0.13058685711596063,-0.03289649484261913,-0.03493101322293349
0.0,0.0,0.0,-0.02826912558622451,-0.004601873973302161,0.025749186845926066,-0.0543461142492817,-0.008280242869558557,0.04940943956807124,-0.08066653990325463,-0.006298062042702637,0.06478222807224182,-0.10776011402026076,-0.011440211358823622,0.06571801957490478,-0.09744321586842394,4.157458140908395e-18,0.019761641150101976,-0.12040516005294148,-0.006374230522684458,0.028642195983358577,-0.14354747156658204,-0.012120630258456761,0.0319795092921728,-0.1583558123724763,-0.02912436869494617,0.03211611105487646,-0.09484529391533916,3.532566948874096e-18,-2.76161047841591e-18,-0.1290580202015148,-0.00797670880904701,0.0019389432605361658,-0.15476999779066264,-0.019259374477074622,-0.0018054491126410941,-0.17517075222610803,-0.03493303175263274,-0.0017762553363895382,-0.08772003281587618,-0.009551755843258989,-0.013595712710702722,-0.11699232177964192,-0.017676668780677807,-0.014073001740902669,-0.13835247792047925,-0.02914817304348252,-0.017407217925129254,-0.15522657682797875,-0.04413287182440682,-0.0173029774114193,-0.07138720399081484,-0.014643496974725534,-0.026346095105118875,-0.09311662762630372,-0.017649706393820058,-0.030294922688472378,-0.11305946306293475,-0.02463925842882625,-0.03368777008578814,-0.13039974352195008,-0.03255328260912039,-0.035093377809023656
0.0,0.0,0.0,-0.0282025834343283,-0.004580354788261358,0.02583082181923667,-0.05435695970636331,-0.008268889104112439,0.0494419910655241,-0.08058492515535766,-0.006507420066067616,0.06479788129504024,-0.10772958839818862,-0.012225763934901527,0.06547678307608423,-0.0972150231379282,8.319755735763043e-19,0.01981584837680191,-0.120147377829704,-0.005995989967056467,0.02856513925953034,-0.14329451154250503,-0.01131856433277963,0.031818826357935884,-0.1584438315951576,-0.027642919897213722,0.03201733205435423,-0.09453053541324366,6.73440882568823e-19,2.1419178515850503e-18,-0.12855536702299017,-0.007379289959313878,0.001372105334591132,-0.1537912466144416,-0.018201224016325315,-0.0032625371803772763,-0.17378501924535833,-0.03348329108496597,-0.003686671494076694,-0.0875435642208821,-0.009417925572035524,-0.013463125530835658,-0.11688947580539687,-0.01689012249099438,-0.014189917540268014,-0.13836130896388651,-0.028031764879322987,-0.017886278926185994,-0.15505102752937552,-0.04255560312528493,-0.018039265012438806,-0.07137207065458141,-0.014424329134346927,-0.026412239595421137,-0.09317899841536496,-0.01709371282345417,-0.030345854410982115,-0.11319091779583895,-0.023633825588116282,-0.03376608670597362,-0.1303701186732332,-0.03115454943186858,-0.03527784936855468
0.0,0.0,0.0,-0.028088110625768197,-0.004427687356880488,0.026001245611772215,-0.054455232525546474,-0.007783065493826904,0.04961172270612031,-0.08062884128253961,-0.006093929420727524,0.0648952182420438,-0.10769909299573996,-0.01237387032434154,0.06527059447156466,-0.09694308095236324,1.4799242068829813e-18,0.019905481310019672,-0.11985546964667841,-0.005295325693577901,0.02851371986657442,-0.1430341030719153,-0.009885243435013576,0.03169915853085822,-0.15869978917787117,-0.025186067082489695,0.031999722624809025,-0.09413133121819205,9.248092226884452e-19,3.2183315325192787e-18,-0.12783746890082845,-0.006773494835987389,0.0006744836639412833,-0.15170441205521548,-0.01708448484591009,-0.005059622357725696,-0.1703142973727532,-0.0317154553549378,-0.005884536480789791,-0.08738567945666023,-0.009214011161006078,-0.013256423117458097,-0.11682881240932523,-0.015847395567590516,-0.014356811062230945,-0.13835800217446823,-0.026510005272789246,-0.018526454564050377,-0.15478016476127676,-0.04032808863661301,-0.01899193517431545,-0.07142741981492351,-0.01411503415940387,-0.026510881896587492,-0.09344138015735581,-0.016260430813453415,-0.03038648125744215,-0.11356755390513813,-0.02222373299790497,-0.033834461639312446,-0.13045895439755806,-0.029324903749845706,-0.03549236903006031
0.0,0.0,0.0,-0.027855443648720158,-0.0042384269831894205,0.026358976923047853,-0.054597314293046234,-0.006824566493350622,0.04998753604364243,-0.08089055810872789,-0.004917253858517562,0.06510520337641437,-0.10769330663419996,-0.011479563450088248,0.06523109188438879,-0.09675648063187368,-5.673997586338365e-18,0.020151421366178555,-0.11973247483436411,-0.0044716644530810165,0.028561141464900613,-0.1430277663223436,-0.008465690193449145,0.03168534341162563,-0.15910239111945246,-0.022980227072450066,0.0320930100337902,-0.09386164759484485,-3.950533900969912e-18,-4.622690918807412e-18,-0.12715060623347338,-0.006897313679874322,-5.983220770042224e-05,-0.14816719855518656,-0.017340939300183916,-0.0067466980947239975,-0.1637161176489014,-0.03132152067658632,-0.007581567453959661,-0.08735142855047087,-0.009074658359551938,-0.013125919786610877,-0.11697052179176663,-0.015363291474850627,-0.014796279694195058,-0.13823466319673475,-0.025853420282188407,-0.019347620333436927,-0.1541877594211397,-0.03921448862587707,-0.020054630988828606,-0.07158758740725776,-0.014024091075586092,-0.02682578612682679,-0.09402031404735811,-0.015784255598802848,-0.030583404303971405,-0.1142977170342335,-0.02149552699917599,-0.03401303768820399,-0.13070451463096258,-0.028406458404424406,-0.0357093498451953
0.0,0.0,0.0,-0.027486167033927266,-0.004081944672491544,0.026956594310595217,-0.05480264125572518,-0.005596589146077713,0.050546858853102956,-0.0815608685295529,-0.0031156473597772193,0.06532952303908482,-0.10797141302910554,-0.00941596539933683,0.06527233981912867,-0.09693318835722749,7.254346306912123e-18,0.020715537813438028,-0.12015690392162118,-0.003842257308922763,0.028717095123279624,-0.14362170076150318,-0.007830204062399789,0.03177238442981425,-0.1597745132993177,-0.02246935880443981,0.03225964272627077,-0.09401032472485552,4.4925927609721064e-18,-3.602202520838054e-18,-0.12684946660785654,-0.008522244570740673,-0.0005934420805044542,-0.14313326220110464,-0.0201541429273543,-0.00757186883372366,-0.15357024307043826,-0.03351714128987442,-0.007722746807619024,-0.08758726096894957,-0.00914730231611713,-0.013220713160092453,-0.117484070278165,-0.016388607646776243,-0.015619689728019713,-0.13799825693061596,-0.02758935939930033,-0.02022581535508249,-0.1532294650474772,-0.041204857257548494,-0.020937144426196343,-0.07190150953015173,-0.014452724627704446,-0.027456210974105957,-0.09505927537611332,-0.016400817271767038,-0.03104024836149118,-0.11555503226914209,-0.022721511831814298,-0.03428866245221358,-0.13124746583386715,-0.029948790974839927,-0.035775152855805556
0.0,0.0,0.0,-0.02700581874473287,-0.00397486191585343,0.02774497673505778,-0.05511913612977203,-0.004389564691585003,0.05117936439068134,-0.08277510502310474,-0.0010421979183167169,0.06541258122220928,-0.10888756724478947,-0.006428096877118677,0.06511643047868534,-0.09772911597213507,3.132085844706877e-18,0.021644664760312134,-0.12138591668676033,-0.0036565025839687846,0.028912292865776814,-0.14495117130117272,-0.008345749615375677,0.031933567635333726,-0.16077033765464124,-0.02420425602304873,0.03247995357832727,-0.09479580247790145,4.262237107608701e-18,-2.3019088263322242e-20,-0.12703546755789982,-0.011799923368144909,-0.0005753779232356254,-0.136771518996726,-0.025188743880815195,-0.006880559674070959,-0.1404232506411717,-0.03735127835618803,-0.0056912674575002944,-0.08824095397069262,-0.009475762402907102,-0.01354516862934341,-0.11832679060617453,-0.01928062665787518,-0.016608157587496435,-0.13756005154736808,-0.032219977392898745,-0.020772680639131205,-0.15182660759927424,-0.04683940616053577,-0.02111673377757576,-0.07245564139370046,-0.015444648377720454,-0.028280443585358042,-0.09662167368104481,-0.018349229225360055,-0.03162383497274908,-0.11738683639358141,-0.026323335090837202,-0.034376512131805474,-0.13215207861115202,-0.03439457651882183,-0.035354316404732467
0.0,0.0,0.0,-0.026461551179713473,-0.0039006217305133893,0.028587852235113776,-0.05551370879575003,-0.0034055879081318907,0.05176244337255166,-0.08438318587715042,0.0009332674538830372,0.06528873052249118,-0.11049923543979684,-0.0030629188890937925,0.0645577914959488,-0.09910408044537491,1.3460574765220242e-18,0.02279773103230702,-0.1232443084825628,-0.003928578374079636,0.02903984620816348,-0.1467480263257096,-0.009703702764271335,0.03212569795457616,-0.16194355702453625,-0.027376293796482588,0.032722466744749726,-0.09615658994792026,-6.233852354519111e-19,8.277835076739887e-19,-0.12740915590742882,-0.01593864303759496,0.00017489248896836713,-0.1295909715644611,-0.030555493216796084,-0.004760336132569994,-0.12608319921867925,-0.040138567540364455,-0.0021170035265764497,-0.0893081925969428,-0.009951870253465544,-0.013951514686391097,-0.11916181401917665,-0.023385467434986283,-0.01734272562864749,-0.13663595427149505,-0.03858420718281778,-0.02057646880380265,-0.14976189678898494,-0.05449122139948444,-0.020168798271661226,-0.07328603234676637,-0.016728004620948922,-0.029046046033262114,-0.09856571723624015,-0.021123669627700865,-0.032071003214560835,-0.119561981442609,-0.03141990918539505,-0.03394782088218928,-0.13329601209499325,-0.040540451643959384,-0.0341903782042469
0.0,0.0,0.0,-0.025909311781649454,-0.0038521859631131155,0.029310060334401235,-0.055814008000988395,-0.002714987448711367,0.052180076333322216,-0.08586760670845112,0.0025610786065925926,0.06497501786549519,-0.1122672521872635,6.947374065551461e-05,0.0636492644123155,-0.10056691799558994,1.1286128238955341e-17,0.02391106060712101,-0.12506090031692266,-0.004445699729818123,0.028968448094703808,-0.14837001551419846,-0.01121956788591067,0.03217430773823299,-0.162984160876074,-0.030597587861466227,0.03276592816425502,-0.09761297560179819,1.017337359021455e-17,9.280321466735658e-19,-0.12743618892752595,-0.019706284172896656,0.0014097674977243371,-0.12242923953431506,-0.034365399283034746,-0.002096650116204895,-0.11301449066367429,-0.040021686084815315,0.001454160215170757,-0.09045064973522828,-0.010370823647552692,-0.014260323925447767,-0.11950413208844307,-0.027440135314763133,-0.017563703646733347,-0.13498932811325057,-0.04466304629617097,-0.019610283166295078,-0.14699593861368976,-0.0615347733434236,-0.018236978225755714,-0.07418601679309984,-0.017890919100147066,-0.029553968122477795,-0.10047937402977253,-0.023806744781725037,-0.03226193426805136,-0.12162916607565667,-0.036421680162024885,-0.03302306110394176,-0.13450046825474682,-0.046394037006084465,-0.03247207207102468
0.0,0.0,0.0,-0.025377600763587735,-0.0038552607418478324,0.029781922624119137,-0.05578353233386038,-0.002336032038946007,0.05235946710516053,-0.08662623301655395,0.0036987359049089285,0.06452019671212303,-0.11339126209525441,0.0025519519080440607,0.06266195856886476,-0.10145718570383998,6.3340747902074735e-18,0.024754505358836828,-0.12609075714443807,-0.00494178460046831,0.028613098315666857,-0.14914549061497825,-0.012404513253737355,0.031867942251685356,-0.16347617853414864,-0.03307945050437087,0.03238643827611905,-0.09854622137413394,5.882628120337269e-18,5.904151554355503e-20,-0.1266513697337254,-0.022349847121008234,0.0026475961985916595,-0.11592699073677709,-0.03617481559816588,0.00022383560945823933,-0.10269582208568466,-0.0375458695111469,0.003954632121205236,-0.09118246754891991,-0.010553712669032034,-0.014388399090716725,-0.11899494301658123,-0.03049856826376724,-0.01729774872586254,-0.13261946289795107,-0.049104385737267095,-0.01818507074426054,-0.14376393278325583,-0.0663617931165913,-0.01587628918560474,-0.07476925687738632,-0.018638093118231513,-0.029761398014193155,-0.10185126845493843,-0.025696120211555564,-0.03229128218541733,-0.1231316804062424,-0.04012386195696803,-0.03197002172193534,-0.13562954796558072,-0.05058443061098104,-0.030704503300543858
0.0,0.0,0.0,-0.02484689353844384,-0.003937429045459724,0.030009219197069965,-0.05530335747842242,-0.0022783608602525798,0.052369298540661864,-0.08645660456392851,0.004272822638742745,0.06407316873498596,-0.11359028341585631,0.004243653944691834,0.06195149863225916,-0.10152982823790802,-1.5323436856628532e-17,0.025278410896749266,-0.1261961489314398,-0.005264672071782083,0.028066035883693444,-0.14894934055260023,-0.013209978738469118,0.031254115143073684,-0.1632081614724773,-0.03495016435606192,0.03175449471920735,-0.09878631677436585,-1.166381104146481e-17,-1.2543032536245908e-18,-0.1250363056495915,-0.02396410258951946,0.0036111234786722827,-0.11032244552390123,-0.036848691634368505,0.0019432954385568775,-0.09507477102715121,-0.034686211551243885,0.005413202596367281,-0.09140586202097171,-0.010468530700931556,-0.014393372390854288,-0.11772526507300585,-0.03245778541172347,-0.01669339647091464,-0.12981173044309435,-0.051903959778064765,-0.016559231453299655,-0.1403935978487772,-0.06916195403546514,-0.013474164949786153,-0.07490036605579585,-0.01896528482473505,-0.029787735322045678,-0.10248722180825576,-0.02670605841229317,-0.03230459352182389,-0.12391879245951182,-0.04233313667933958,-0.031128676924727695,-0.1366404731264276,-0.05299652140012454,-0.029242630189583663
0.0,0.0,0.0,-0.024301041507333362,-0.004091298052433935,0.030107163142669573,-0.05448409858114117,-0.0024891301943388597,0.052386012165909414,-0.0856637019699871,0.00433246746322654,0.06385707748607189,-0.11326453055845113,0.005253098310547118,0.06178051795740914,-0.10108984974710107,2.2116666126934422e-17,0.02559161125672541,-0.1258871852770482,-0.005398126877416888,0.02755369039563285,-0.1482748789773645,-0.01380286083698177,0.030629692216795103,-0.16243282180515647,-0.036638909633153575,0.03130528960192609,-0.09868456268878621,2.1705989845236618e-17,2.4421116088692314e-18,-0.12306797086556602,-0.025065510562342394,0.004349261050869733,-0.10573462273743528,-0.03743314570088813,0.00327413042487713,-0.08950683661886714,-0.033056421599133766,0.006371729845110253,-0.09148780798517624,-0.010224642318910042,-0.01439616917261419,-0.11621411422865326,-0.03374536124718134,-0.015882039543579102,-0.12706917628910425,-0.05377537041873672,-0.014830269520207403,-0.1372508413785251,-0.07096963900758893,-0.011124934054743643,-0.074840912406146,-0.019084660484345702,-0.029821558492994584,-0.10263404267683825,-0.02719666934291768,-0.032361984797579756,-0.12421697862276379,-0.043574803979159527,-0.03058585271117277,-0.13756917593174697,-0.05430015330091467,-0.028134757887511123
0.0,0.0,0.0,-0.02378084182152579,-0.004281554684048599,0.03018907940290715,-0.053582763041865676,-0.0028342964643948243,0.05254012503675176,-0.08469774570772542,0.004051055028109079,0.06399872169561856,-0.11291636579668979,0.00583574229838214,0.06217059159199534,-0.10058821976290647,-6.562078027438456e-18,0.02581818110136578,-0.12572363986793333,-0.005388289485310965,0.027242209290357568,-0.14770563584261806,-0.014285277824405944,0.03024552937441963,-0.16164868642906458,-0.03827615733347614,0.03127824336030345,-0.09864034093142769,-5.9519465240610075e-18,1.074989235162672e-17,-0.12131662829564578,-0.026043102386398145,0.005035186318881301,-0.10224065746887143,-0.03839595178731994,0.004482752356653681,-0.08547104169083765,-0.033075356561932015,0.007240956111180272,-0.09179907536590963,-0.00996211222795987,-0.014466606480230277,-0.11498455520501816,-0.03477163489873787,-0.014953190687468148,-0.12483260441857102,-0.05531617027495693,-0.013063464883296714,-0.1346541224588544,-0.07254625508758003,-0.008863641045872412,-0.07492311073485626,-0.01921095380091552,-0.029994744223863695,-0.10267026346306787,-0.027557399201310208,-0.03243175080206763,-0.12435172793817999,-0.04448130715433642,-0.030227553406527545,-0.1384017797080135,-0.055246873861693184,-0.027257636499028445
0.0,0.0,0.0,-0.02338096120692145,-0.004468496198635727,0.03031836822946676,-0.052849111717107586,-0.0031867712405977875,0.052864819032355466,-0.08385883554721484,0.003607963434399801,0.06446123755974792,-0.1127620569170566,0.006210818693766615,0.06291753559383474,-0.100342493105431,1.78081658848158e-17,0.026038350035484346,-0.1260020443763317,-0.005283468890862124,0.027162690001299495,-0.14760644315493235,-0.014639936713829602,0.03018140393590205,-0.16132094143600298,-0.03966894408310151,0.03160948809357593,-0.09885530412314826,2.7385275458350675e-17,5.297806272795839e-19,-0.12016312738252853,-0.027012742016267053,0.005816670458127667,-0.09982019756805209,-0.0397017374432774,0.005740131344122701,-0.08266355987946762,-0.03433870728242452,0.008153818057420346,-0.09247496453415231,-0.009793728608075845,-0.014580765730066177,-0.1143145421486459,-0.03576549728126388,-0.01393715496368517,-0.12329463162486232,-0.05682520920163297,-0.011298603693604926,-0.1327453733469184,-0.07420154558481579,-0.006726600006560535,-0.07533167928819526,-0.01949170883698181,-0.030328315462450732,-0.10288661168921465,-0.0280521003531882,-0.03242325975406093,-0.12455587501353466,-0.045552352016191816,-0.029837369703078043,-0.13906387069055448,-0.05642953604887505,-0.026411386815519657
0.0,0.0,0.0,-0.023206939350141648,-0.0046171238490924525,0.030519606409154677,-0.052439142655556596,-0.0034832717959243516,0.053337570759271945,-0.08328547471542619,0.003132022513223995,0.06511218284740328,-0.11279183469029923,0.006472511540347655,0.0637274595876669,-0.10051689540339545,1.577409791959481e-17,0.0263076934452179,-0.1268154889019319,-0.005117284844542599,0.02726755126537216,-0.14815139745894113,-0.014796432041035448,0.03040805525900245,-0.16177118961979553,-0.040555374721365445,0.03211089762170362,-0.0993823538952703,1.946833495428671e-17,-1.4121949912202588e-18,-0.11977654202573654,-0.02792677816466283,0.0067793558320114276,-0.09838579712716457,-0.04116084054768758,0.007133824006333475,-0.08092143658701781,-0.03627362111564628,0.009086867997955647,-0.09347869118914268,-0.009802168542832824,-0.014657597616846525,-0.11426226730086364,-0.03683610947139479,-0.012826579533765864,-0.12244078351970422,-0.05842349493420695,-0.009537697994232257,-0.13149003658316355,-0.07603741288080525,-0.004729798882722771,-0.07610632849740817,-0.02002837620368433,-0.030750523122264832,-0.10344851584604749,-0.028840052894393425,-0.03223615203952848,-0.12495773111465722,-0.047120453874036294,-0.029203424764901547,-0.13950301870756035,-0.0582509343491408,-0.02541070810510011
0.0,0.0,0.0,-0.023292784446931978,-0.004708053158708267,0.030783223732307737,-0.05236651731295427,-0.0036953450311324894,0.053898786388761624,-0.08299404449087656,0.0027374265529620636,0.06580279182012923,-0.11290532079754238,0.00665504874820188,0.06436581298086753,-0.10108116665125767,5.563748881430715e-18,0.026647580974677062,-0.12803605362874304,-0.00492254155369482,0.027475622796101058,-0.14926261111615002,-0.014712574947049877,0.03082485860484522,-0.16301055626939623,-0.040817634618645196,0.0325967989842093,-0.10012557017955866,1.0248736882897674e-17,1.6152570075554952e-18,-0.12005524922940417,-0.02868625282777361,0.007894307674049895,-0.09773327466005913,-0.04257609716400728,0.008629954515194938,-0.08005781347805271,-0.038365388127942,0.009969319768111076,-0.09462697251288121,-0.010005254461066832,-0.014632027584875673,-0.11466379183243663,-0.03797300772994799,-0.011658174434416945,-0.12208211418492357,-0.060062633688568255,-0.007828276012084598,-0.13071212410897734,-0.07798600106019393,-0.0029186418795561493,-0.0771174206125291,-0.0208218786879673,-0.03114806113435456,-0.10431077768909537,-0.029920898278915156,-0.031842066345906035,-0.12552619124941009,-0.04920217924383846,-0.028265116755999724,-0.13968684877969365,-0.06074212266700716,-0.024220295539609478
0.0,0.0,0.0,-0.023536082684923278,-0.00474168582511451,0.031069395134365373,-0.05249867627653396,-0.0038136889041961238,0.054456937005461836,-0.08288334260688562,0.0025194566529455624,0.06640924315106997,-0.11298227355978696,0.00679539560033837,0.06475369872966312,-0.10178531714192382,1.4221598918724635e-17,0.027023646732992377,-0.12928228207025383,-0.0047498603524710895,0.027689154617345935,-0.15054086765674823,-0.014454503178326219,0.03126973812247055,-0.1646275520652102,-0.040604986034270735,0.03293968307911119,-0.10084216315116948,9.75925087228387e-18,1.6464392434558138e-19,-0.12058845104034636,-0.029238802703307597,0.00899277745382369,-0.09745571474603654,-0.04378452558240494,0.010055234744453998,-0.07968692624028327,-0.04016834136442903,0.010726189898248856,-0.095610413513555,-0.010328233236256435,-0.014508398784127763,-0.11515381057985975,-0.03905701828581638,-0.010557602059198016,-0.12187289177411029,-0.06157043925847941,-0.006294152920788168,-0.13011380377501108,-0.07982187980813127,-0.0013800932478355687,-0.07807023873238803,-0.021722511673411604,-0.03142536486471161,-0.10519052039369317,-0.03110212428613752,-0.03133312443061051,-0.12605651070742238,-0.05144650616671671,-0.02717890309657404,-0.13959598968690876,-0.06348502612321243,-0.022991840133689864
0.0,0.0,0.0,-0.02373735794931809,-0.004708928044171844,0.0313125612900776,-0.05263621583084177,-0.00385552772406325,0.05491280445665337,-0.08277157924216087,0.00251191306055413,0.06683937162220129,-0.1128910533656775,0.006906028582296813,0.06494244128155201,-0.10227728276883816,-1.986800386518024e-17,0.0273577771036219,-0.13005412605836647,-0.004652369402595574,0.027805947252093694,-0.15142203380958727,-0.014182482483823994,0.03154817946407285,-0.1659750709633091,-0.04026414141547088,0.03307104966120498,-0.1012462958727638,-1.7153628506896586e-17,-3.777762439388268e-18,-0.12081361670751024,-0.029622459258815976,0.009850846161406156,-0.0970270632418807,-0.04470179006839489,0.011193566581382219,-0.07925326096784784,-0.04138411189024252,0.011303328747496778,-0.09608985147554482,-0.010649948142197028,-0.014342505310302036,-0.11531204246135061,-0.03994446869650472,-0.009679554381300104,-0.1214283778877952,-0.06279973826054103,-0.005055196385660821,-0.1293699977114689,-0.08132205601598273,-0.00018782871333891598,-0.07861313882860499,-0.022492974845445782,-0.03152679467561072,-0.10570562203915367,-0.032103624448245334,-0.030868938755252165,-0.12628039451099288,-0.053353629966962975,-0.02620532475880374,-0.1392477392615755,-0.0658624023210054,-0.021946120905085485
0.0,0.0,0.0,-0.023725920017223137,-0.004577108918956569,0.03143063010280199,-0.052624850115696675,-0.003849003902496828,0.05519228041128003,-0.08248553061103522,0.0026730935434704528,0.0670433104592179,-0.11250421535216448,0.006939873538219148,0.0650023458993314,-0.10228524655860483,-2.142766200287554e-18,0.02757148053863007,-0.12997679402748827,-0.004649370113945621,0.027730742375796445,-0.15147262828603283,-0.014033132802627584,0.03147356506363779,-0.16653684411590117,-0.040112052683440064,0.03291973647632817,-0.10113354455641979,-6.324368719856099e-18,-1.5195277805580727e-19,-0.12029033523518402,-0.029916683917177767,0.010319833976589032,-0.09602571701564216,-0.04531638400748121,0.011908854567191124,-0.07827221875455917,-0.04192602687518516,0.01168228272881965,-0.0958324421418484,-0.010871604665697521,-0.014187448864371899,-0.1148403426725393,-0.04054349770214794,-0.009102902676996044,-0.12049301145588123,-0.06370932816101978,-0.004153236621197483,-0.12828062488952582,-0.08239118041155467,0.0006386059233346207,-0.07848429744726641,-0.02293733567171233,-0.031443896592738364,-0.10556566049040786,-0.03270355890615081,-0.030584049699492886,-0.12600010939825898,-0.05454860859274559,-0.025545210316492737,-0.13869271294743557,-0.06738751034368426,-0.02124129405502542
0.0,0.0,0.0,-0.023465732321923408,-0.004331209707095319,0.03136379788640879,-0.05243135472998872,-0.003811776975975213,0.055267574732007406,-0.08197345338248388,0.002911789346004775,0.06703528831580707,-0.11180918990332582,0.0068412541159791115,0.06495759591990242,-0.10174452517291707,1.3258103748232719e-17,0.027628652571843663,-0.12901440350802643,-0.004725485982104866,0.027407103488913922,-0.15061647191480548,-0.01404389664374811,0.03093317314112346,-0.1661732569298464,-0.040278360797187045,0.03239432420335218,-0.10046972245080613,1.813415478329294e-17,3.448169499702829e-18,-0.11891915039178881,-0.03017434955768335,0.010380297484391576,-0.09433331600376793,-0.04563592760715431,0.012165674224739598,-0.07657059380967872,-0.04186594024332415,0.011850512224009692,-0.09485162936194624,-0.01094349535683691,-0.01407685988823499,-0.11369946371296151,-0.04083974251485608,-0.008814471974421732,-0.11906755462720583,-0.06431876048441675,-0.003594711582600568,-0.12687968232668959,-0.08303839187754702,0.0010872161969126863,-0.07764896385949518,-0.022993096480280317,-0.03124612394207099,-0.10472061729359548,-0.03281690351136329,-0.030556815902877583,-0.12520510562623866,-0.05489739970658922,-0.02530902490926417,-0.13802456800995203,-0.06785739938353852,-0.020974688890703266
0.0,0.0,0.0,-0.02304644651646057,-0.004010901891960141,0.031126061673252617,-0.05213397991300147,-0.003736386009348514,0.0551529636222294,-0.08133479539610253,0.003159527369979435,0.06687201637609493,-0.11096372720109653,0.006645518324703929,0.06479566033070118,-0.10078967112986478,-5.882846409624829e-18,0.027539577993046273,-0.12745063536017137,-0.0048563796966241074,0.026851019911745124,-0.14911207663852336,-0.014171950339255184,0.029956428505012712,-0.16508446880022387,-0.04070413786034068,0.0314645936993393,-0.09939046883568732,-5.727056817747692e-18,3.3669437199021746e-18,-0.11695386503296536,-0.0303824996745139,0.010094500050750478,-0.0921831030324031,-0.04564867557323708,0.011974348992059536,-0.07436319206304308,-0.04131455435168676,0.011773700429171223,-0.09340108896379427,-0.010862445912744989,-0.01403068135911196,-0.1121161900934623,-0.040864678976314475,-0.008788923567413036,-0.11740238985485006,-0.06461523857560945,-0.0034321258183809215,-0.12542555536248937,-0.08327201335959963,0.0011053483376618754,-0.0763119790744791,-0.022729423872527153,-0.031051455166314374,-0.10336612719214656,-0.03249068638316593,-0.030809754577064186,-0.12408047499388218,-0.05446605076347542,-0.02555064582570772,-0.13736649747043644,-0.06733163219087028,-0.021219596054710386
0.0,0.0,0.0,-0.022597264239055913,-0.003684505168063568,0.030783841487572114,-0.05184250261456233,-0.0035759998572842113,0.05485001219163625,-0.08069810493558124,0.0034375778481595177,0.06656548746916656,-0.11012193391453351,0.006483936193566089,0.0644726619549565,-0.09959454269953662,4.501181075482178e-18,0.027307035052364755,-0.12557698956892788,-0.005004140651185446,0.026117502706571375,-0.1472504135806496,-0.01430047581169747,0.028682858823872587,-0.16354437947174183,-0.04115504975410292,0.030194107435823382,-0.09804311580145324,3.9402029694679415e-18,5.471973393574147e-18,-0.11476294877382373,-0.030418889445360295,0.009518146502666806,-0.090026813990769,-0.04528250340380401,0.011337194493123369,-0.07216222698975332,-0.04031584871374034,0.011407729783500607,-0.09172916297794863,-0.010653727836579727,-0.014030575097306998,-0.1103829146746497,-0.04058293800759507,-0.009040830918236684,-0.11583932673521741,-0.06445720160807587,-0.00376943331762776,-0.12428994318205745,-0.08296178461708764,0.0006189339140462971,-0.07471590142600586,-0.022250500083978296,-0.030897328936070053,-0.10173305778898892,-0.03179952106116352,-0.03127887537133401,-0.12282140300873433,-0.05334346415816695,-0.0262409755454255,-0.1367594718913907,-0.06594952855365396,-0.021983084913887188
0.0,0.0,0.0,-0.022235966172666644,-0.0033920922308378495,0.030346087450900106,-0.05161915363998353,-0.0032434449263007478,0.05426241434500643,-0.08004839541033894,0.003852600477658926,0.06599876684450556,-0.10916961844477893,0.006480593256166119,0.06390018237630431,-0.09816334260526743,9.505966518979744e-18,0.02684440680041467,-0.1233483874340973,-0.005082892454393969,0.025216156691023287,-0.14501265076658157,-0.014191277756545594,0.02723668343362419,-0.16161901848370555,-0.041160716906898105,0.028642123477947812,-0.09635981157728622,5.793371118865446e-18,5.994631965356983e-19,-0.11252237272560092,-0.030007845758485918,0.008641856647518011,-0.08834302668124967,-0.04433587756456748,0.010204800802575903,-0.07064454899537752,-0.03880507183136163,0.010697256929009349,-0.08980148853000729,-0.01033790214446287,-0.01397721699016182,-0.10858536045150015,-0.039756598010975606,-0.00959029698980359,-0.11463918277854057,-0.06347936087213074,-0.004727544828419304,-0.12384270979939166,-0.08169373026372923,-0.00047438215400391154,-0.07288888305695852,-0.02157997221949581,-0.030630087233613292,-0.09981209206333247,-0.030680981655406763,-0.03178348649993399,-0.12139493466355201,-0.051390117320213126,-0.02724830583558334,-0.13604245945097015,-0.06362708767046914,-0.023189252375974943
0.0,0.0,0.0,-0.0220656680678024,-0.003115788095581945,0.02970032701555699,-0.05143732976356533,-0.0026232685370187834,0.05317763459277832,-0.07915747316126455,0.0045604411282402675,0.06493975597429501,-0.1076449215184245,0.0066922469230026585,0.06296736142168466,-0.09623590949864898,1.880661614145599e-18,0.025941278788891894,-0.12029374758448529,-0.004950962011594607,0.024079742953951443,-0.14197293497006647,-0.013471573341097338,0.025655091113030416,-0.15907079168038032,-0.03998212198159399,0.026777840287656642,-0.09397619599851245,9.6950447660628e-19,-2.5237542266324794e-18,-0.11008438328290361,-0.02872667325809976,0.007389679755396818,-0.08755382496700861,-0.04243671114661679,0.008449804420454851,-0.07060911935162817,-0.03660763197078885,0.009547965859005445,-0.08725328875648201,-0.009905740186472362,-0.013682265964076065,-0.10649218202537003,-0.03790822947375941,-0.010412745786004351,-0.11390292317053874,-0.06103054748926344,-0.006437109939468345,-0.12436529993020864,-0.07866618730452722,-0.0023593127050613068,-0.07058715678422951,-0.020616223665422692,-0.029913326786735195,-0.09725793354139624,-0.028848344958143313,-0.03204895173393629,-0.11945267073259934,-0.04809926753951633,-0.028399025497548115,-0.13483571853213652,-0.05984126165466924,-0.02475877297665549
0.0,0.0,0.0,-0.022173099693062172,-0.0027910066725386684,0.028685340349741285,-0.05117950268395812,-0.0016129419221049767,0.05138566158152941,-0.07765389346894702,0.005705748637282573,0.06319558076554253,-0.10493085435421079,0.00709803782122996,0.061631597827593816,-0.09342149064136603,3.562416803858698e-19,0.02433268801449868,-0.11578643825088362,-0.004456590537793736,0.022637678029154205,-0.13754262947869206,-0.011704183653507986,0.02395594202852525,-0.15552963038301745,-0.03669180280057972,0.024539769609613897,-0.09042243838979681,-3.277869072050469e-18,5.033602341818474e-18,-0.1071180163652798,-0.026089458047755087,0.005684904255340569,-0.08808320442930934,-0.03907775926858675,0.005915789317236464,-0.07301363302880812,-0.03344590092636496,0.007823209138625251,-0.08364072918746931,-0.00932765550282962,-0.012923318457480069,-0.10370166563326,-0.03444012174571028,-0.011415713813239624,-0.11356854926313689,-0.05622424769648234,-0.008999060892680969,-0.12593734118224045,-0.07270798203767678,-0.005267673973816991,-0.06751032495664523,-0.019182263827720338,-0.028359478788223178,-0.09358517341643166,-0.025874101457901564,-0.03177440087359561,-0.11647150399667251,-0.04273239976711435,-0.02954662653560028,-0.13264652911257663,-0.0537201542279389,-0.026671682318545928
0.0,0.0,0.0,-0.022586698742514434,-0.002358081160549928,0.02722732086890172,-0.050647532258878525,-0.00024425505711919384,0.0488982803745503,-0.07516725626255356,0.007255332912478201,0.06086425042131055,-0.10063830163735547,0.007505386233530237,0.060083338266686534,-0.08953614406348102,-1.2533284029330215e-18,0.021861089523750106,-0.10957757471299723,-0.0035242923667043193,0.020965810453488366,-0.13144042111736776,-0.008570449051083253,0.022316682469910948,-0.15079212905662484,-0.03045988623228911,0.022069747719546777,-0.08555285309469794,9.841537171433197e-19,3.6913672534031795e-18,-0.10341584238296547,-0.021737456901082957,0.0036125326790047855,-0.09036147747098394,-0.033721429907683564,0.002595818280480856,-0.07886327935062501,-0.028949477968079795,0.005413176018499337,-0.07890948327001895,-0.008585095665008282,-0.011555476762321729,-0.09994334416855213,-0.028910804380046676,-0.012369895947849726,-0.11341446436019706,-0.048197107506184174,-0.012284699463144248,-0.12824354076823627,-0.0625809734546003,-0.00921336255954614,-0.06368765613980934,-0.01713153542174235,-0.025746984412635496,-0.08857417624480007,-0.021421250502325503,-0.030707357758530996,-0.11204854814163498,-0.034720958225731714,-0.030537369124197345,-0.1290640576337888,-0.044482321133722795,-0.02886388231059391
0.0,0.0,0.0,-0.02319968364494123,-0.0018495133399979396,0.02544468167622397,-0.04963861640686701,0.0011358020299205701,0.046123627545755455,-0.07156980310979982,0.008725273867262347,0.058511486314161025,-0.09507574146486962,0.007364919837846005,0.05883525116985544,-0.08498108694301082,-1.1593719616278288e-18,0.01866729103148193,-0.10229757041361105,-0.00229073207668309,0.019405208515029075,-0.124140829810688,-0.004240142709732017,0.02122935056923206,-0.1450062436962338,-0.02121429485856531,0.020015114076336073,-0.07999637846624619,-1.3277303672068661e-18,-2.6718391925146054e-18,-0.09920045163879938,-0.015741880020289468,0.0016016668800580564,-0.09459754528510839,-0.025936760472380124,-0.0011154917588606721,-0.08874726918733301,-0.022521284681468343,0.002398251597250732,-0.07378793378452277,-0.007688325972606196,-0.009649782448212407,-0.09536711818429743,-0.021445781176795787,-0.012830643939630928,-0.11306030296324558,-0.036654780235670315,-0.0156314226751644,-0.13042651905820654,-0.04776447938777787,-0.013541117822527272,-0.05973399467193169,-0.014452294018027478,-0.02224426236478699,-0.08262535272344561,-0.01556597056263105,-0.028726956310053904,-0.10619209749242477,-0.02421696336959291,-0.031077077593901443,-0.12398095210915891,-0.032123327568525505,-0.030959256237057097
0.0,0.0,0.0,-0.02380289928357123,-0.0014655243868528802,0.023679005259042176,-0.04819491501257172,0.0018118799854694395,0.04376666685593005,-0.06734037605030854,0.009072386552170323,0.05695785878968324,-0.08946945220632702,0.005772927891711609,0.0584325502421682,-0.0808147887537634,7.851173443670625e-19,0.015282798057556264,-0.09549522109476619,-0.0012150695043109305,0.018461569291581766,-0.11700919561235261,0.00024478475555650056,0.02137026415003094,-0.13876248143695746,-0.010503763058903248,0.019522615050576887,-0.07513244192285376,1.2344750273806359e-18,-3.3729682256145924e-19,-0.09527359169090736,-0.008900013334038625,0.0003933515774220111,-0.1004388889507523,-0.01581133319562076,-0.004204203761920793,-0.10202882009703222,-0.01345726927858302,-0.0005622106767022018,-0.06958859116993084,-0.006715935651829569,-0.007562601663702819,-0.09069958523081208,-0.013163519449468655,-0.012281794645260415,-0.11214119200004331,-0.02274379361880024,-0.01778127264239554,-0.13141600805157494,-0.029747597406315586,-0.016689478356246904,-0.05659790372376378,-0.011408595451463091,-0.018468225931494813,-0.07677858998345397,-0.00914432288918187,-0.025948799438814556,-0.09955950908077472,-0.01266556307286496,-0.030697165259272508,-0.11787311072124966,-0.018200398865500615,-0.03213905741530122
0.0,0.0,0.0,-0.024267777085134126,-0.0014835953578657647,0.022346591287971104,-0.046770643405580604,0.0011610161739421855,0.042351186081922225,-0.0636226839242582,0.007417233574895556,0.0565766136414145,-0.08536374013066718,0.0022158741982446504,0.05889511900438716,-0.07813371154572325,-1.0104585150373985e-18,0.01245181004817563,-0.09083596509007008,-0.0008370860900817803,0.01843303192467801,-0.11179556885040674,0.003295930083421807,0.022993704459876342,-0.13320934724577188,-0.0014498856782266974,0.021400464099060327,-0.07223047349760997,-7.978510828966945e-19,4.61006177269662e-19,-0.09274524562783641,-0.002679879552756423,0.0005777235272716717,-0.10698947040287336,-0.004917532176202132,-0.005268316052807808,-0.1164820417755613,-0.002534497207652929,-0.001956480407002276,-0.0672995449183063,-0.0058842464800408735,-0.005806486511670934,-0.08711556138946899,-0.006056740651553667,-0.010635239774817866,-0.11086015697236866,-0.009534042869672571,-0.017613523034332487,-0.13105140698859377,-0.012705859397147778,-0.017058716757805667,-0.05490238883283637,-0.008657420255979585,-0.01524624650642457,-0.07231426189882176,-0.003691451279703986,-0.02287493069870919,-0.09356579356607199,-0.0027101922637605045,-0.029216155282880282,-0.11209525706193395,-0.005879716340934431,-0.03174570081112945
0.0,0.0,0.0,-0.024635645643590172,-0.001895071809740358,0.021650557663863555,-0.04592819667175976,-0.00045472810356148713,0.041865351945423464,-0.06153859693276135,0.004437695126785958,0.05695975461321815,-0.08355910741092912,-0.002252644219084342,0.05977007431978387,-0.0772913039447497,-5.468376958375654e-18,0.010732545641375093,-0.08906932149015269,-0.0011497219959287987,0.019187804671831555,-0.10968532677491477,0.004183013523745436,0.025407266970548098,-0.1298397915469627,0.0034610036445014846,0.02487088750256921,-0.0715866532010567,-4.325450702858536e-18,-7.180958999092596e-18,-0.09246054680616954,0.001595886843541497,0.0018892165599759564,-0.1135646952052634,0.0037308091978591755,-0.003964673399654415,-0.12974037878961323,0.006803158505608629,-0.0009369824210190075,-0.06698452157223404,-0.005442292213336801,-0.004800501541845559,-0.08574481073846509,-0.0017437983070681322,-0.008703900955948349,-0.11031379175864285,-0.0004638211676308121,-0.01559169128216188,-0.13077246998223763,-0.0012924637634231923,-0.01504181650588562,-0.054691144610577815,-0.006942573049430554,-0.013299499068596145,-0.07017517096522795,-0.0005137864250882771,-0.02047029898129876,-0.08987316580341269,0.0033437321152357292,-0.027495295722091573,-0.10848557561859573,0.0018420446123554345,-0.030428040118628794
0.0,0.0,0.0,-0.025005320957016446,-0.002307324297640792,0.02153730168217271,-0.045910726045360166,-0.001822079190356408,0.042098370209232856,-0.06146244128524918,0.0020615617656481464,0.0576830149540349,-0.08389905924217327,-0.005537039441584544,0.060924794289856816,-0.07796549382874723,-2.1527829020787775e-18,0.010247582919553399,-0.08995979435306357,-0.001520283429580365,0.020442257368126996,-0.1107789085204189,0.003731509039724956,0.0276079780895131,-0.12956115326042167,0.004463715230348546,0.028130784110294668,-0.07273719425936312,-2.0499015754191703e-18,-9.603842449111603e-20,-0.09460795833350241,0.003695813671439072,0.0033023568259990094,-0.12007359675242733,0.008124906615949019,-0.0018667450600552279,-0.14084816779277076,0.01134551026312164,0.0010062749257452135,-0.06818134769371066,-0.005434235691878976,-0.004693725080946382,-0.08703023305369473,-0.0003218764406673843,-0.00764700144731989,-0.11158962163697421,0.003290206229854306,-0.013637467064805167,-0.13219628234535347,0.0029382529163307176,-0.01298576333549007,-0.055738802868630914,-0.006515107670165021,-0.01298345265768974,-0.07057501156700652,0.00020813296201421667,-0.019622924922578378,-0.08929071266293245,0.005064876856870936,-0.026905976802341715,-0.10805289083137518,0.0041915583132338214,-0.02973807212074883
0.0,0.0,0.0,-0.025427806860954274,-0.0025101156026303695,0.0218410909392726,-0.04660296752607877,-0.002388201391548522,0.04288663411189332,-0.06303307438375054,0.001093805532342647,0.05869809006763556,-0.08579840688119049,-0.006863575446597019,0.0624490207913918,-0.07966266388786215,2.757101619159362e-18,0.01076268900486177,-0.09281497151639347,-0.001535724132863354,0.021956376592129078,-0.11428553049259127,0.0029310732731933895,0.029227600494049506,-0.132026708584753,0.0031606046596127724,0.030309386975244133,-0.07505207444374423,1.7097439855278744e-18,-1.2380825228212118e-18,-0.0986654601058293,0.004220580122390995,0.004114544542634158,-0.12641658893519778,0.00868078606540773,-0.0004625459381386593,-0.1497477294325942,0.010974549482290168,0.002200930271012303,-0.07036496868952356,-0.005734413638689842,-0.005359094664799327,-0.09047929861935167,-0.0008807124043603444,-0.00783164934572486,-0.11472401422189984,0.0029906073184509155,-0.012908616982787053,-0.13551378440440104,0.0017052023273618254,-0.012289795051542424,-0.05769447700862978,-0.0070942343953281735,-0.01410307355578263,-0.07298914775320821,-0.000796041144638691,-0.020361169510574106,-0.0913427844220698,0.0036641803726601306,-0.02777522317553585,-0.11034342939881948,0.0025755898050624274,-0.03024627065890391
0.0,0.0,0.0,-0.02588158597963232,-0.002642152886184715,0.022347273402989955,-0.04768146181701421,-0.0025452210894381247,0.04395951383581709,-0.06548485389085032,0.0008593520270207402,0.05990303808086236,-0.08850106850548436,-0.00706349631327245,0.06408725140795778,-0.08184795143086186,-3.747211527765278e-18,0.01185948064056022,-0.09668141095058755,-0.001352170506014457,0.02345711118904004,-0.11892042182494078,0.0020197035287295726,0.03036606821685948,-0.13596396908666816,0.0007079539955237122,0.03159602909792454,-0.07786086503194165,-5.4894218955056474e-18,-2.5793488156771534e-18,-0.10357288366647455,0.0038059500449586637,0.0043438019250793694,-0.13210427601187663,0.0069489166530499,0.00013091786256646027,-0.1564106724481935,0.007563064517886805,0.002561790625520451,-0.07295413161091081,-0.0061937822761759945,-0.0064895882362346665,-0.09494161085835422,-0.002467481277784372,-0.008811772156352348,-0.11879988684955216,0.0005524337978063942,-0.013161445149349811,-0.13970795616498685,-0.0023584188718363897,-0.012626888387696836,-0.06002910782825898,-0.008203654873375283,-0.016045045639416302,-0.0764123690170398,-0.002606474646043841,-0.02201051767841105,-0.09477732648811085,0.000791093919965348,-0.029394547951967234,-0.11402224354410002,-0.0009255704986208319,-0.031390040077201815
0.0,0.0,0.0,-0.026291124944650496,-0.002813809097730761,0.022872941273377342,-0.04876685061207099,-0.002674965928519682,0.045024188693565226,-0.06797294639107154,0.0007282106399608245,0.06108509014851547,-0.09117608756793862,-0.006973757824229051,0.06550405278237388,-0.08395089956960002,-6.291040520902192e-18,0.013089272662210903,-0.10048391716819752,-0.0012306151855563136,0.024712487012419192,-0.12336546783711766,0.0009707860758944376,0.03115613974386754,-0.13995298412470356,-0.0022080042982257674,0.0323142989030829,-0.08049067528271706,-7.37084774485206e-18,9.733030749090754e-19,-0.10814949358108138,0.002901887733346124,0.004267330566851041,-0.13655732453169078,0.004259270134828923,0.0002906317426672692,-0.1608518599424293,0.0029678784738342303,0.0025344133305075364,-0.07534755830518776,-0.006691580790676503,-0.007703329036615587,-0.09917161973032389,-0.004412932789462801,-0.00999358866305478,-0.1226848559501508,-0.002653060917282064,-0.01380218231014099,-0.14357601759337624,-0.007335817838560754,-0.013327497579793996,-0.06216357614399476,-0.009437160790442663,-0.018107788059449827,-0.07976868022919799,-0.00459395555207214,-0.023830728310218974,-0.09828725935262578,-0.0024239513965200934,-0.03103875374259964,-0.11772042637247573,-0.0048889769177777945,-0.032570489542193916
0.0,0.0,0.0,-0.026599227210856186,-0.0030403058921358314,0.023340300729102665,-0.04961570093419814,-0.0029239222238258426,0.04593280520595222,-0.06995875676845169,0.0004875328669726799,0.06211677616053585,-0.09327325848031127,-0.006978850340619478,0.06658499427341256,-0.08560401481744011,-1.8536347999194862e-18,0.014165404154825867,-0.10350727897178805,-0.001308021692832959,0.025651782590205254,-0.12685219092666852,-0.00032063261866297084,0.03170397317560724,-0.14312304618190555,-0.005416498451455184,0.03266343283419516,-0.08255209591908243,-9.11522671674224e-19,-1.946969706151817e-18,-0.11169943406605919,0.0017209243391159794,0.0041199184581859945,-0.1396034459500292,0.0011496383493674954,0.00030335429232990495,-0.16342307174116855,-0.0020842215760657947,0.002398612221566686,-0.07719423152413629,-0.007188857112755815,-0.008726944642537138,-0.10243913191846839,-0.0064597289281025155,-0.010997630389429356,-0.12569880022924868,-0.006173511277714454,-0.014435013880362979,-0.14643556451918083,-0.01264890991976244,-0.014001769033928696,-0.06375235291103011,-0.010640622336358244,-0.019832293779320196,-0.08237959772253078,-0.006610188338034516,-0.025367663564720845,-0.10105914475623387,-0.005715701838798155,-0.03235517646388377,-0.12060324348358335,-0.009025090261904324,-0.03353458438166058
0.0,0.0,0.0,-0.02682070710038463,-0.0033571126571249024,0.023787686066483568,-0.05022395386251548,-0.003431842461502513,0.046723707067638134,-0.07142575199898547,-1.8268063343977943e-05,0.06303885974869723,-0.09481473562048524,-0.007316503956282824,0.06742627583412082,-0.08685638394848413,-9.62279676037112e-19,0.015066784941941715,-0.10576694453214039,-0.0016600509211458642,0.026377288684237315,-0.12944789912549362,-0.002102610066120888,0.0321270751834402,-0.1453993786964129,-0.009307530007307552,0.03280085997202651,-0.08414369177200984,-1.7739007675684857e-18,1.7550180792600915e-18,-0.11432567275086963,0.00023476245130714515,0.004029498187308903,-0.14164970231678928,-0.002536498672813035,0.0003298699320876318,-0.16483076914880374,-0.00793515856966186,0.0022814523333498414,-0.07856368659390792,-0.007726015447180404,-0.009530378847531683,-0.10477732946745462,-0.008722370132025002,-0.011746977775082618,-0.12782699577834644,-0.010256549414717913,-0.014922649439808448,-0.1482498450519266,-0.018758990904868066,-0.01453571241966129,-0.06482250786330597,-0.0118966407909979,-0.021167284209517735,-0.0841806851558043,-0.00886577723586342,-0.026550822665732013,-0.10294837825063347,-0.009413408243870519,-0.03333265875374067,-0.12251060943573769,-0.013794705558062222,-0.03430220510924026
0.0,0.0,0.0,-0.0269991091872535,-0.0037933815215412106,0.024293190758125256,-0.05070300904722027,-0.0043077202816883126,0.047511083179247765,-0.07265572208208598,-0.000918934084174403,0.06394750112765395,-0.09615745067358443,-0.008093879804397061,0.06818312403993386,-0.08802236778071691,9.805294061585394e-19,0.01592213048816841,-0.10773701568536209,-0.0023105903918429057,0.027038838220843384,-0.1316532307448819,-0.00455788704162678,0.0325291511172982,-0.14711322651886363,-0.014266315329475336,0.032890762977029975,-0.08563516156696697,1.2545106029500452e-18,-2.7444002508973825e-18,-0.11657022963550759,-0.0016356211230617638,0.004018614027738509,-0.14331517758404752,-0.007032249390030736,0.0004445724151097204,-0.16578626729631807,-0.015015580515425453,0.0022491470749998713,-0.07974999762898796,-0.008336692671934605,-0.010241157740218105,-0.10662395136190034,-0.011364500492464517,-0.012355293973321387,-0.12938137212344084,-0.015157980710856873,-0.01528062463740972,-0.14926738835973571,-0.026098094083807397,-0.014935611445785073,-0.06560386742903165,-0.013303584565473134,-0.022308370566951976,-0.08546837695438117,-0.011544702752540595,-0.027535220840638308,-0.10420071172962049,-0.013794428069776599,-0.03411819867717439,-0.12366709508597235,-0.019529478595015966,-0.03497599324457559
0.0,0.0,0.0,-0.02713732755307343,-0.004277904097117772,0.024880000671566392,-0.05110056215477745,-0.005479774208241511,0.04834232563383852,-0.07387003820311629,-0.0021551560942193885,0.06484949569692602,-0.09757535465886623,-0.009153499062963824,0.06892503625641642,-0.08936442400988577,-1.3418526981522947e-18,0.016831682614783662,-0.10981968730925976,-0.0031993527897778333,0.027698814877743273,-0.13381546179637763,-0.007565624098364303,0.032965321771264884,-0.14850861286114123,-0.02012168772409496,0.0331031878789468,-0.08729863466570881,-1.4122894865122956e-18,-6.535296154696264e-18,-0.1188539973061315,-0.003830369770230183,0.004041218774614853,-0.14499063997063938,-0.012144971710868101,0.0006743524158051953,-0.16670583110727893,-0.023050316702319877,0.00237433572650664,-0.08097270755003716,-0.008989647372206215,-0.010972777650574184,-0.10833663965872424,-0.014317598635735129,-0.01294379338402233,-0.1306073185334353,-0.02062113021392469,-0.015533131360545741,-0.14969582748667834,-0.03427079222475812,-0.015165832498135549,-0.06629715004244202,-0.014809362283181384,-0.023435341198941733,-0.08653744066124135,-0.014528788420687532,-0.02846345317418643,-0.10510484983135149,-0.018658625788012608,-0.03482260088009706,-0.12435079648306585,-0.02587387086457052,-0.03556990760019012
0.0,0.0,0.0,-0.027201962595129626,-0.004663403659963704,0.025512311683785552,-0.05139164505316536,-0.006743583591382873,0.04919140935056696,-0.07515566180317536,-0.003531611378674869,0.06568430930042017,-0.09919122321179442,-0.010199913872906932,0.06963066627796619,-0.09098735803341615,-7.279495704456416e-19,0.01783477332830569,-0.11219100573927258,-0.004231283338432289,0.028342351586888324,-0.1360353892312803,-0.010813213231398224,0.03346266482767871,-0.14969878783781387,-0.026354302962901397,0.033588479148370966,-0.08922057382220672,-7.039145977929264e-19,-3.884343802157537e-18,-0.12135912205419974,-0.00619856431236012,0.0040352319347848635,-0.14683898786009933,-0.01742424361524753,0.001020867515011365,-0.16779960144390207,-0.03135287592286889,0.0027334590436434297,-0.08232603561617984,-0.009632995730465409,-0.011778514409615208,-0.11011196515530158,-0.017373687093259014,-0.013574338582908348,-0.1316765313284967,-0.026118481820946195,-0.015679331597185913,-0.14974326766695742,-0.04243844344435476,-0.015143644086493033,-0.06704114954839818,-0.01628853015858141,-0.024645553006063848,-0.08760886188405548,-0.017546610901387105,-0.029403798135131255,-0.10592819762801714,-0.02357099114882251,-0.03548188321492984,-0.12484101115735582,-0.03215112308310095,-0.03601584624700812
0.0,0.0,0.0,-0.027174408895673186,-0.004851512423290027,0.026146292408053357,-0.0515607574749442,-0.007935426017818638,0.05003499633317792,-0.07652708347222448,-0.0049033644849966005,0.06643892288806538,-0.10105815817415685,-0.011072707690367604,0.07027903964933302,-0.09289823786981541,1.0213060868999007e-18,0.01894070441251899,-0.11487836366506486,-0.005351384629056556,0.028957608379762554,-0.13831747599470462,-0.014046731234669518,0.034050874132707985,-0.15076683064200094,-0.03254742903030001,0.03442612750054578,-0.09139695204275321,4.175115684623687e-19,-2.3587303806539495e-19,-0.12413160293505894,-0.00862470349875785,0.003979304335544067,-0.14891801997425846,-0.022557650798373588,0.0014668770503395235,-0.1691434284263915,-0.039465188005903075,0.003356493284026582,-0.08385974677329373,-0.010245672199553725,-0.012667103354686923,-0.11206019663954152,-0.020380965943577162,-0.014245438051755186,-0.13275529154729476,-0.03132540231957612,-0.015720888611538728,-0.14965249312277826,-0.05006846652829591,-0.014830435053274115,-0.06794807868228984,-0.017658985287008256,-0.025966721000157445,-0.0888453606743247,-0.02041932939198019,-0.03036955247488923,-0.10689006810326582,-0.028253758969016836,-0.03607939522263913,-0.12537740827358065,-0.037959266346802495,-0.036256536966385845
0.0,0.0,0.0,-0.02707868514549945,-0.004844691720493558,0.026730726548367688,-0.051630535205389676,-0.008939694499467337,0.050834622966212044,-0.07787958076623351,-0.0061468644978638996,0.06713850113007312,-0.10306083546936173,-0.011750317901258887,0.07086130570604199,-0.09495057903878923,-1.2285347297660217e-18,0.02007670496636885,-0.11766183597597332,-0.00648355912262015,0.029522717489419956,-0.1405013828548946,-0.016996508094190316,0.03469866050285272,-0.15170143125348132,-0.038215477143425276,0.03551234926131948,-0.09366481435153448,-2.2826570951945903e-18,2.2247695037034664e-18,-0.12695260011732679,-0.010940938390942907,0.003901824212323525,-0.15104428586484242,-0.027241636990411617,0.001927118622644042,-0.1705045200714386,-0.04693847533618489,0.0041212056985843884,-0.08551222729145923,-0.010803191692642067,-0.013554419526755186,-0.1140877753979954,-0.02312821958690262,-0.014870151591817742,-0.13388297341787217,-0.03598832430431721,-0.01568182795227324,-0.1495836686353134,-0.0567846221840426,-0.014311366218830387,-0.0690252228007022,-0.018831263821675343,-0.02727720529116958,-0.09022875012402669,-0.022975845652686924,-0.03126891448920247,-0.10800427961481386,-0.03244525514472715,-0.03652440444637673,-0.12600091470293615,-0.04304254916226686,-0.03628335486331939
0.0,0.0,0.0,-0.02695785347353574,-0.004697247260198734,0.027187045789961135,-0.05164645386617032,-0.009597711485041913,0.05147168585578598,-0.0789842550732517,-0.007016392163415327,0.0677334840335425,-0.10484772201345281,-0.012134129607334636,0.07131012323621125,-0.09676061996386323,2.6823273515384704e-18,0.02106357963654654,-0.12000739644720772,-0.007435586975465192,0.029941138381358062,-0.14220155590167086,-0.019245844897473045,0.03522437435935562,-0.15237779720593686,-0.04259139723320642,0.036497328216296095,-0.09559910059656056,3.5659834572371235e-18,3.644387094214391e-18,-0.12923654118490369,-0.012846001398257978,0.0038040043245713387,-0.15265504871573277,-0.030962391727692825,0.0021797762055007397,-0.17123409720595453,-0.052950076347252184,0.00467422336841394,-0.08699826014988853,-0.011237124091768852,-0.014253253221524959,-0.11582065872726865,-0.025225027601556534,-0.015327319379895335,-0.1349013083730133,-0.03965233736134773,-0.015640576505115668,-0.14958387318311503,-0.061985704939936555,-0.013818180214925483,-0.07008295299971982,-0.01965951283399619,-0.028303700308087282,-0.0915033472657418,-0.024914746701836046,-0.03190904641396996,-0.10905245110044355,-0.03566818484867278,-0.03668165208032206,-0.12654209392621055,-0.04694781119577445,-0.03612602034350578
0.0,0.0,0.0,-0.026813213452498253,-0.004484763818306839,0.027435472903937958,-0.051629763213261674,-0.009765281662522534,0.051787446103606256,-0.07961102841146556,-0.00724509671663611,0.0680806183288525,-0.10600775087345346,-0.012025936829283587,0.07150093023336135,-0.09785606112551658,-2.3666808820140156e-18,0.021725008893245575,-0.12132377447871899,-0.007988686732185245,0.030064695638252883,-0.14300114313902468,-0.02046333439038124,0.03535621260378491,-0.15262066555263862,-0.045078789983023955,0.03694055811534256,-0.09670608345756317,-2.5656289506190863e-18,2.783891319344863e-18,-0.13028653617017877,-0.014115213319798951,0.003598777412921646,-0.15289230073867793,-0.03329167200553732,0.0019329025388339707,-0.17029424886803476,-0.05668349481974054,0.004590684434516891,-0.08793380113457508,-0.011462440872516287,-0.014593552850394225,-0.11680924926448147,-0.026341986908554195,-0.015579901400119174,-0.13555074952842572,-0.04190061390575269,-0.015727887645129134,-0.14960503810052653,-0.06515230159554147,-0.013646583624246806,-0.07082204695825137,-0.020030012408010653,-0.028814647749929846,-0.09235333542984564,-0.02593974624580382,-0.03213781064757324,-0.10978952122859088,-0.03744398193073002,-0.03648067843643871,-0.12681432386124591,-0.04917930471815254,-0.03583361581702863
0.0,0.0,0.0,-0.0265645393486726,-0.0043106025000080915,0.027429081031155756,-0.05152047602662095,-0.009414733320002762,0.0516709384538819,-0.07960620882737289,-0.006743848736281588,0.06801722519903351,-0.10626160114577807,-0.01125912421447286,0.0713321001944233,-0.09789501686412412,9.448879789423978e-18,0.021991467243709345,-0.12124245382747242,-0.008048975176173399,0.02976921992484365,-0.14264266626768327,-0.020641905737727707,0.03487150003321689,-0.15222414285442956,-0.0456825808051331,0.036525199964006105,-0.09670326339345087,9.475942706403387e-18,2.7037927192460614e-18,-0.12958992980428533,-0.014816798046211211,0.0031549668771291184,-0.15074730732023003,-0.034211387580649205,0.0010062221000543977,-0.16631685768571455,-0.057742595682068576,0.0036824986916990784,-0.08806884707344739,-0.011421857962849894,-0.014531573309649307,-0.116757666632994,-0.026475332744406985,-0.015703990233493538,-0.13554864828530308,-0.04266926426577176,-0.016048407656686903,-0.14946951559011712,-0.06621867484655933,-0.014010958813206771,-0.07101147390571341,-0.01994943305791771,-0.028779277455551422,-0.09260083619224742,-0.02593773466381501,-0.03195436348920557,-0.11012814632963258,-0.037580067294381236,-0.03597448640878484,-0.12678445295319588,-0.0494758119585814,-0.03544806586840583
0.0,0.0,0.0,-0.02607126978809967,-0.004284388076953388,0.027158115785585486,-0.05117988768482554,-0.0086248851371385,0.051089857204655136,-0.0788956493528761,-0.005614086689647677,0.06741835068886269,-0.10551555421549383,-0.009728353337864802,0.07077535630209478,-0.09673632508126057,-6.314213044168089e-20,0.021912821404668943,-0.11968035226549567,-0.007678156527203613,0.028988775117078935,-0.14105281014144747,-0.020054287453408676,0.03364934353117489,-0.15099313751331997,-0.04495287181395674,0.03511915070614676,-0.09557606123417453,-6.545097505499702e-19,3.747571078041153e-18,-0.1268804987712987,-0.015310621427001186,0.0023922737728891102,-0.14520356409413268,-0.03411189026921544,-0.0005337785334156025,-0.15780511487489354,-0.05616168868014368,0.0021680835513869525,-0.08735838411509717,-0.011109331653017291,-0.014147846792436402,-0.11554312654814303,-0.02596971611841372,-0.01580955638570545,-0.13456715034904906,-0.04231275053815928,-0.016590601152848213,-0.14881759345460935,-0.06560301514427287,-0.014920051975949571,-0.07054924384492545,-0.019547781527743033,-0.02834969255968286,-0.0922209325481105,-0.02502581814900862,-0.03148297558733408,-0.11012912909577034,-0.03625555409508427,-0.035283646187693356,-0.12656777203719682,-0.04793082183722024,-0.03496091316511144
0.0,0.0,0.0,-0.025206767335710964,-0.004478171515223454,0.026659966038372642,-0.05047445900489367,-0.0075536585556815455,0.050109487110289494,-0.07754908190360113,-0.004083021768112769,0.06626714736603477,-0.10394016470028758,-0.0074029007101840795,0.06988727603442522,-0.09451092771597963,1.7260396780020832e-18,0.02165552620350298,-0.11691437969963236,-0.007075394781511634,0.02774244680848042,-0.13840071355413733,-0.019168853252323075,0.0316863475541187,-0.1488968802440817,-0.04384548953714045,0.03278043275804009,-0.09357765917408531,-1.0078134205696768e-18,2.122600052971367e-18,-0.12221986956089056,-0.016163572223366847,0.0013753401400829165,-0.13563612238413164,-0.03373460114443687,-0.002317314193543441,-0.1437694261638463,-0.05250416785684557,0.0006457434840782808,-0.08596918242886889,-0.01058520126800943,-0.013606814940560293,-0.11320283487573725,-0.02546726803635831,-0.015943676065694853,-0.13225670435407624,-0.04166677275070862,-0.01717487083850608,-0.14710335914510644,-0.06429475482786862,-0.016091645234182224,-0.06947269122399237,-0.01904226149713737,-0.027785225672116175,-0.09131124003067341,-0.023589262066300208,-0.030910993126474714,-0.10992297160909383,-0.034115366704560106,-0.034509227517611464,-0.12633246751947513,-0.045204361300973606,-0.03429106706379947
0.0,0.0,0.0,-0.023965874574362854,-0.004888882644185986,0.02606785006973614,-0.049420946414141784,-0.006448028950312209,0.04895527096007923,-0.07591932385984891,-0.002480386348210466,0.06478541052919942,-0.10211059016490617,-0.004446423817929725,0.06883595838142093,-0.091776436862381,-7.512934168601942e-18,0.02148719299241931,-0.11374970789863763,-0.006552369102575315,0.026191822411083848,-0.13529197913197782,-0.01856975330858544,0.029161261779880966,-0.14632514111786854,-0.04347328915129758,0.029808214211216783,-0.09130570071640602,-8.351288208387436e-18,-1.097968965060931e-18,-0.11624775448473684,-0.01792933476956152,0.0003703835755690268,-0.12258216922613058,-0.03393425095449257,-0.0037347380747469153,-0.12492099881233722,-0.04783476725834331,-0.00019195194331980277,-0.08434908149654381,-0.00997204598432368,-0.013129802687588923,-0.11006510531852702,-0.025748319655038824,-0.016028217023826632,-0.12843834853235805,-0.041911952482362395,-0.017464634541020388,-0.14371887975872982,-0.06373194222162994,-0.01696976980860144,-0.06804975842966911,-0.018659083704527155,-0.02739369204923479,-0.09018073447520095,-0.022259848598830824,-0.030474112837599453,-0.10973835288642886,-0.032254014704085524,-0.03372605036699246,-0.12628998356830506,-0.042610910121289064,-0.03337282509123125
0.0,0.0,0.0,-0.022528795782647187,-0.005408430686913164,0.02563305025229632,-0.04826451255902911,-0.005591376767754654,0.048036715957693626,-0.07460851224972309,-0.0011760869779970959,0.0635009833437885,-0.10090028882196467,-0.0013162628860052372,0.06791932640236373,-0.08943614727107953,-3.651991006507679e-18,0.02167754997501496,-0.11136753602589337,-0.006414166820502785,0.024650285365311497,-0.1327435962071353,-0.01865256422845369,0.02645068983600165,-0.1441741731672722,-0.044403000772487565,0.0267044458963781,-0.08957282462618979,-3.676905320999651e-18,-1.234916854930332e-18,-0.1101613192450041,-0.020718972404881335,-0.0002196876520230254,-0.10810321178544002,-0.03500103260694476,-0.004182190770797217,-0.10431588607711716,-0.042983116617647595,-3.096250491935657e-05,-0.08315742105814355,-0.009400812670850404,-0.01295334492597182,-0.10678658183334394,-0.02725341754140886,-0.015873850260547315,-0.12326736486184726,-0.04376550204355207,-0.017084285995601075,-0.13816705897049866,-0.06474233897645619,-0.01694341801280714,-0.06680665820422989,-0.01848942208943944,-0.02745783156319901,-0.0893899201473496,-0.021604045778240228,-0.030429314621625753,-0.10995856533735457,-0.031642901878862095,-0.03304512713798873,-0.12674466049156538,-0.04143886454571567,-0.03231247813120531
0.0,0.0,0.0,-0.02117847596208835,-0.0058627653267839365,0.025608758436012218,-0.04731071492908121,-0.005166409505508688,0.04779050319847781,-0.07407689239436098,-0.00043463786829642085,0.06302935926714348,-0.1008998416817117,0.0013799265147596117,0.06746343992593326,-0.08821476246246876,6.43427745243187e-18,0.0223455514922167,-0.11062923219492281,-0.0067771108017831636,0.023455367575264466,-0.13161932148139405,-0.019313743150631515,0.023983184608384056,-0.14338298642256952,-0.046182197441752844,0.023957582359470514,-0.08892820942125074,4.671901297000484e-18,2.1903788964432674e-19,-0.10510196222445696,-0.024037363601986245,-6.042129962451534e-05,-0.09481267254959015,-0.036376737181751814,-0.003314368493189399,-0.08589966771799985,-0.03805649677527725,0.0009855390215322373,-0.08287652742460203,-0.008943871629159111,-0.013223071109612915,-0.10399570831922382,-0.02969567367062562,-0.015275384634452742,-0.1170781176204341,-0.0467125972957286,-0.015767334369035917,-0.13014300937446202,-0.06648770891441859,-0.015610630702054335,-0.06624902808115261,-0.01843709008935797,-0.02811429781703131,-0.08945187641158113,-0.021750477954253323,-0.030929723061003278,-0.11093236745179214,-0.0324190200181205,-0.032593102632670734,-0.1279470988808827,-0.04199735412422991,-0.031338959811974924
0.0,0.0,0.0,-0.020142805111860767,-0.00614154254715752,0.026061913275903896,-0.04668499644033422,-0.005194654728984156,0.04840144656249129,-0.0742942538414004,-0.0003295830441936672,0.06365105643169071,-0.10190242761957388,0.0031677592240568443,0.06760923009974017,-0.08816716134196177,4.479347040952705e-18,0.02337075846290206,-0.11149130089239308,-0.00748352661511118,0.022771884556516454,-0.13204061304411566,-0.020061436160623957,0.022029673782947398,-0.1442502487595291,-0.047868935508717146,0.021808374295981786,-0.08928456051720217,4.121925845608798e-18,-8.6193215874559745e-19,-0.10155960567650105,-0.027146356775288944,0.0008719570964321878,-0.08443845092466505,-0.03729831558363443,-0.001250952004533753,-0.0721574225730089,-0.03299260867682909,0.002496984896115731,-0.0834344336287865,-0.008603666996977136,-0.013881024462137964,-0.10189367546315205,-0.03228207604297916,-0.01417650230512615,-0.11018482035702526,-0.04935107206439757,-0.013511412409696862,-0.11972030436085535,-0.0670287571483679,-0.012942196253033368,-0.06646415738349608,-0.018370829625929046,-0.029264851987546414,-0.09041257632459586,-0.02240785596628784,-0.031921670885093636,-0.11265012912262923,-0.03392481503998109,-0.0324446960236856,-0.12982790792978502,-0.043581429739432055,-0.030596371036866386
0.0,0.0,0.0,-0.01952324505578359,-0.006264948339795074,0.026828305027860648,-0.04633654385763551,-0.00559828507975146,0.04968643269249668,-0.07488137390275176,-0.0007807658239951016,0.06513300680116486,-0.10315757753815473,0.0038449551442972423,0.06821731963796783,-0.08878555827997192,1.0354073942248322e-18,0.02445938919339659,-0.1131903491394962,-0.008179167240789872,0.02250868091493446,-0.13344536085348357,-0.0203549888360419,0.020615188489707923,-0.1463100351470565,-0.048759343392073724,0.02018708194642267,-0.09007602422645684,2.473793892081472e-18,9.815569673659218e-19,-0.0994269813433782,-0.029466053186338957,0.0022277489924567412,-0.0774340286738785,-0.03741571695438415,0.001370292939923823,-0.06343102053585276,-0.028055437628933765,0.004038488287299234,-0.08430697846939203,-0.008344674430352425,-0.014693177779644195,-0.10032378355578475,-0.03423180900084792,-0.012786156521974679,-0.10300350458422952,-0.05043442557464528,-0.010712604357954271,-0.10766809499625658,-0.06493419696604381,-0.00936844333512366,-0.06708368905962224,-0.01825736381751562,-0.03063399023992606,-0.09182554902276702,-0.023141109244860056,-0.03320443114154512,-0.11471593685280691,-0.035295889429998936,-0.032638840134915026,-0.1319863254425577,-0.0451598280003584,-0.030135136136894884
0.0,0.0,0.0,-0.01930046151537306,-0.006301507289961581,0.027639397327071748,-0.04618730557410325,-0.006245317745775873,0.051242572733786476,-0.07549235810681217,-0.0015973144370576393,0.06694000138551748,-0.10408054366351116,0.0034816831141912634,0.06898371458426208,-0.08952635966348652,-1.2921123717382383e-19,0.02533186916756585,-0.11489619889304505,-0.008542666323296096,0.02242680465990269,-0.135093653362462,-0.019915808006473912,0.019602122795678065,-0.14876240107232136,-0.04863538433823307,0.01885713356258237,-0.09075755319848682,3.640067833983803e-18,-1.817660817166566e-18,-0.09837418360011592,-0.030751670673047488,0.0035269339752426417,-0.07342286955250614,-0.036822294494213835,0.0037676399980646758,-0.058770618544013935,-0.023690312075666378,0.005232703708943174,-0.08499604999825837,-0.00814129841530191,-0.015407117576309822,-0.0991105032861602,-0.03518229138324122,-0.01144635186226791,-0.09623275407890088,-0.04972595000853761,-0.00799846806848795,-0.09549781140991072,-0.06046005698248328,-0.005615645390767568,-0.0676495071375215,-0.01812202329327833,-0.03191206113352104,-0.09313637897819822,-0.023632083675169824,-0.03452246260873481,-0.11665327657964135,-0.03603238697997099,-0.03313822089923049,-0.13395794390914567,-0.046078070187385134,-0.029981149767849987
0.0,0.0,0.0,-0.019341904007871547,-0.006266191327072137,0.02826907591656451,-0.04616692973340615,-0.006921089407808867,0.05265094030602041,-0.0759354870849912,-0.0024718642452904705,0.06852824506945387,-0.10455605226310133,0.0024290115137379324,0.06959014918461996,-0.09013170355797018,-6.729460831255081e-18,0.025856307387042168,-0.11610300681195447,-0.008533841315975638,0.022317049512843974,-0.1364007393444483,-0.018924025463016376,0.018838997810134206,-0.15085479018137676,-0.04777072509114462,0.017653131125317894,-0.09110455215434425,-7.832677109612853e-18,2.00189839661307e-18,-0.09799110666327616,-0.031084839760727585,0.0044794749757959594,-0.07161483810547616,-0.035779391947610636,0.005492389270345549,-0.05686444948459478,-0.02023012896122273,0.005993125082545114,-0.0853275627907629,-0.008008779097204698,-0.015878190496540153,-0.09819432637103344,-0.03527442953841764,-0.010367317164553535,-0.09078722626494844,-0.04804515757060684,-0.00585578189299641,-0.08522095845393463,-0.055370413522937575,-0.0023819408504718678,-0.06792485177749649,-0.017970009229377602,-0.03285309096519758,-0.09400494679556318,-0.02382889535686368,-0.03558239748170624,-0.11814868591741118,-0.03627096811751288,-0.033704302361668166,-0.13544255555061718,-0.046422967916092434,-0.030042871619158407
0.0,0.0,0.0,-0.019452167013455805,-0.006116966422741765,0.028617123710122476,-0.04618474812677188,-0.00730857505780429,0.05360307603040574,-0.07605085832382324,-0.0029699585367207178,0.06951528351553296,-0.10467569346494288,0.0013100046557430103,0.06978684778670442,-0.09053732864069973,5.804492295264401e-19,0.02602252561278922,-0.11656367001383566,-0.008371223873060317,0.022048792632044577,-0.13695589371599637,-0.01781434176273133,0.018195159073681882,-0.1520667938758278,-0.046630172117574656,0.016540968949399836,-0.09107041753840506,2.1593594713372983e-19,2.3216235498151365e-18,-0.09778377913325753,-0.03071169603913087,0.005075114937222933,-0.07109935601326298,-0.03453724468335394,0.006534311362806848,-0.05654702955893773,-0.017824836217321907,0.006476166819301487,-0.08529456456501956,-0.007979245167866253,-0.016076978975998982,-0.09752836853613826,-0.03486701572243997,-0.00954101195577016,-0.08748114501612292,-0.04651077599803126,-0.004479351626560583,-0.07882762960269211,-0.05159027744451346,-0.00015747227111157736,-0.06782778293230561,-0.017793195990633823,-0.0333013357651126,-0.09427597186922129,-0.02387710530877376,-0.0361115476082102,-0.11904189702643622,-0.036522226283557745,-0.03396705053673295,-0.136333465610504,-0.046729634363212674,-0.03010294636570664
0.0,0.0,0.0,-0.019476237736434157,-0.0058257020973437055,0.02870854212620166,-0.04617263158703084,-0.007134539910152135,0.05397768701145468,-0.07570094198229298,-0.0027142895763717753,0.06975363233843487,-0.10448033060028387,0.0007358670913860542,0.069462459963408,-0.09072469789794788,4.591448528612269e-18,0.025860222412013092,-0.11618121531029882,-0.008264121361300353,0.0215279620820777,-0.13655726533642787,-0.016875739071209143,0.01753632190825842,-0.15223166101789007,-0.04548319633054275,0.015508825909539049,-0.09061532124935465,-9.350684261527459e-19,-1.894511308243574e-18,-0.09733064468917943,-0.029878652355645192,0.005452935915752079,-0.07111475169695543,-0.03331955694587058,0.007128882350799466,-0.056951341437766916,-0.016469309531673273,0.0069032883146639265,-0.08486596086597595,-0.008065032387143626,-0.0160266545531598,-0.0969948093948225,-0.03425975765810536,-0.008837404261943994,-0.08653910262617397,-0.0458493889762243,-0.0038002077766517094,-0.07724166757790742,-0.050151002072198636,0.0009217373518052678,-0.06729409452712831,-0.0176177786871226,-0.03319283329219832,-0.09388435840871315,-0.02395251987156066,-0.03597079654658883,-0.11927517635603158,-0.037217686741533605,-0.033658658371978574,-0.1366392042262822,-0.047463971622984776,-0.029964184872334678
0.0,0.0,0.0,-0.019367513838288452,-0.005421233992135969,0.028633246367191334,-0.04611900875022313,-0.006383818844700434,0.05384798526070987,-0.07487879962239813,-0.0016818489401506848,0.06932508941618407,-0.10394725419514426,0.0009109875113760752,0.06869051940198367,-0.09071261402701318,8.781063563389276e-18,0.025424077779365502,-0.11505824108712012,-0.008245998841256246,0.020744918770780947,-0.13533535756228382,-0.016173767071752443,0.016819312933039888,-0.1515259484207426,-0.04441492244132154,0.014590702803471375,-0.08977631430270469,9.034891955110108e-18,-2.1207594166635484e-18,-0.09650542116509508,-0.028798068650835833,0.0057491307030847,-0.071223983993649,-0.0323312414661309,0.0075419186938993615,-0.05753035336634195,-0.016054113855022634,0.007437942633974144,-0.08405753639682711,-0.008256718992773259,-0.015757653381577915,-0.09646193876358806,-0.033670461224840534,-0.008125163537713656,-0.08739697113122892,-0.04623418527095025,-0.0035448186502558933,-0.07963479283566291,-0.05108499900496128,0.0011511468651072534,-0.06634420271189205,-0.017514692970627167,-0.03256105354005983,-0.09291347016859472,-0.024196196111073084,-0.03519106670436545,-0.11890705182545906,-0.038534786337441854,-0.032720074211327284,-0.13639876210494523,-0.04886346182158345,-0.029503999223511275
0.0,0.0,0.0,-0.01916938054528195,-0.004961997728037937,0.02849427353165566,-0.046051673751669464,-0.005281751850057,0.053406670889771454,-0.07375758766808559,-0.00019630136942167675,0.06846324455584832,-0.10310125043317095,0.0016381398332981033,0.0676834318455821,-0.09058153060562667,3.1448773524541544e-18,0.024818221088763994,-0.11350753110581721,-0.008237344523011187,0.019835387182498325,-0.1337007149454365,-0.01571842255462111,0.01616907756622805,-0.1502920532663812,-0.04351506087825771,0.013939392723376558,-0.08874352114555857,1.8339268722999345e-18,-7.193637645230831e-19,-0.09550270705620488,-0.027690144443257625,0.00601528580740164,-0.07131962235016134,-0.03174627965626989,0.007926869246153297,-0.05804281777251642,-0.016465019853570708,0.008117889628070512,-0.0830231109954494,-0.008527846335589012,-0.015319102823598187,-0.09590081593372014,-0.03326969007771015,-0.007370988604856589,-0.08916854377714974,-0.04747090393090316,-0.0034008144115075527,-0.08418565196172026,-0.05386254520773848,0.0010404511213618773,-0.06514542928287155,-0.017551868133579427,-0.03154525961539437,-0.09161249576825044,-0.024681858342610167,-0.03394002481670929,-0.11808796144489966,-0.040389071053249175,-0.03126849811543663,-0.1356671304240769,-0.05091928482831298,-0.028659289866983646
0.0,0.0,0.0,-0.018940559515261794,-0.00450142207320283,0.02837805311031421,-0.0460097598634874,-0.004097554584189934,0.0528657825382666,-0.072630522559411,0.0013468403537370526,0.06744929286517813,-0.10212622456809638,0.002605791779761195,0.0666791251224331,-0.09044697872110571,-1.1735733190004248e-17,0.02418414635983818,-0.11190826454414926,-0.008174335631000524,0.019012591683773238,-0.13208582547024525,-0.015546423234217819,0.01577159813103792,-0.14882560099291023,-0.04289891180623807,0.013716298099859943,-0.08778863659313475,-1.3583028376624763e-17,2.759326136054594e-18,-0.09463971503266155,-0.026769497658776908,0.006200449570249551,-0.07147332663559594,-0.03165323977824572,0.008272093384885573,-0.05845760050680277,-0.01758831946704787,0.008855316813046167,-0.0819999444430532,-0.008827056121960303,-0.014813518311368918,-0.09542258411952818,-0.03313787100100459,-0.006692210749633789,-0.0912653631531787,-0.04924145706753096,-0.0032331304772480023,-0.0894343130435523,-0.05785022751095758,0.0009428356852331939,-0.06393489279919023,-0.01772101825795145,-0.030383331097446196,-0.09028242766354243,-0.025346303843073858,-0.032497438671950866,-0.11700836039325177,-0.042441751889987674,-0.02957065882399601,-0.13457618377291009,-0.0532950935820376,-0.027492190533989262
0.0,0.0,0.0,-0.018712055853413675,-0.004093139028229875,0.028325029286158925,-0.04602165491310333,-0.0030608307272250923,0.05239683875475334,-0.07179625308321472,0.002622838046011386,0.06654665383182189,-0.10134564028960939,0.0035003568155437593,0.06588094859301075,-0.09040063015690736,-1.9506069484135434e-17,0.023664608644864547,-0.11057708412975707,-0.008058022842082081,0.018451603206643366,-0.13077458646439805,-0.015665263613581455,0.015710294122245744,-0.1473391191219048,-0.04263205628690583,0.013908497345442165,-0.08714835484731982,-1.618268069565788e-17,-3.477004110319226e-19,-0.09415912795910093,-0.026180399540798288,0.006197906962888044,-0.07177996220266238,-0.03198231999379047,0.008446184116840253,-0.05883634004006638,-0.019168764443832156,0.009486964854654166,-0.08121834643772749,-0.009080316189033464,-0.014403524285548593,-0.09521566244929391,-0.03322996255501023,-0.006311748357364832,-0.0934889339183009,-0.05116379867622366,-0.0031546940496271765,-0.09465353590061433,-0.062332380752488994,0.0008752650120328414,-0.06294299302004319,-0.017917422246136367,-0.02938633297732964,-0.08919801244188837,-0.02597692181252351,-0.03125242739265518,-0.11592977772056437,-0.04417104208415481,-0.028069937857531604,-0.13342636692272994,-0.05533851398972734,-0.026322203692531382
0.0,0.0,0.0,-0.018503865375020932,-0.003792307675350319,0.02832786085867474,-0.04609866369784863,-0.0023591222203014107,0.05212242884854645,-0.07144650590564232,0.0034022265464036007,0.06597494960986013,-0.10104592297212128,0.004049898428946015,0.06544724458534369,-0.09047456823187311,-9.321110460356751e-18,0.02337294279637882,-0.10974368462476976,-0.007931656700783466,0.01823915929593484,-0.12992519563744384,-0.015982169015567215,0.01593252647721747,-0.14608489492842858,-0.042673350861588605,0.014322753180830528,-0.08694200112379198,-1.222526655901326e-17,4.549876106053634e-18,-0.09416196808703413,-0.025969283371698158,0.005940148830497622,-0.07227806383935376,-0.03255273912501347,0.008308210857887103,-0.05924380713275074,-0.020808200711922607,0.009822009132017364,-0.0808383396445549,-0.009221806362021145,-0.014247351797272005,-0.09543506136257467,-0.03341914466039926,-0.006415270385948591,-0.09576282070531186,-0.05280493806665736,-0.0033908055425499466,-0.09945237279683111,-0.06640706740957138,0.000621248134329678,-0.06236045004056414,-0.018019761736164295,-0.028852420270337173,-0.08859732647309823,-0.026330550508461992,-0.030608319583758117,-0.11520967487945177,-0.04509635689599152,-0.027284499045469764,-0.1326753129255883,-0.05637797361326327,-0.02565481655484267
0.0,0.0,0.0,-0.01834090742785355,-0.0036109774227521554,0.028370473758693275,-0.046247790411202305,-0.0020334300607946477,0.052083366384419995,-0.07158226662030974,0.0036807683251186,0.06580907627767571,-0.1012704348602519,0.004231058964128451,0.06538943398808023,-0.09065364912600868,1.0636156343565967e-17,0.02334039006544949,-0.10948492089444209,-0.007825205462185876,0.018352982993514944,-0.1295887299443335,-0.01632562824594865,0.016338311459804248,-0.14533262473110053,-0.042871547274247364,0.014781583492354622,-0.0871213270328229,6.858883794274454e-18,-3.980049841840295e-20,-0.09459562210989471,-0.02609682284968089,0.00548258409405017,-0.07289593185650681,-0.033251503974134865,0.007863267645286467,-0.059649667826523735,-0.022255902072574815,0.009778012113557564,-0.08086154111399499,-0.009242365547844397,-0.014364871224869138,-0.09606316018198607,-0.03360374833913465,-0.006982544047164996,-0.09797548959332039,-0.05392546535360732,-0.004008146199421158,-0.10363016296456168,-0.06944471775240957,5.054414810563857e-05,-0.06223234289889584,-0.018007168093892804,-0.028865282763403072,-0.08856098093009894,-0.026331509459260348,-0.030698994679829793,-0.11508642135941383,-0.04513204214756204,-0.027401550765662273,-0.1326267917351187,-0.05625921129251662,-0.02572380435165896
0.0,0.0,0.0,-0.018241145852540358,-0.00349563421450071,0.028438545938631394,-0.046475665703905114,-0.0019314418119340429,0.05218946133572228,-0.07202925148299172,0.0037098286562267232,0.06588966349187894,-0.10179633184420701,0.004306185795805067,0.06550280603202702,-0.09090138624869376,5.054821479458348e-18,0.023482171892955248,-0.10964668993078466,-0.007718403671096797,0.018652564528928377,-0.12964383160708107,-0.016545922626440984,0.016845024342444545,-0.14514569502909477,-0.04305329895361416,0.015255878272411212,-0.0874992267026878,8.420790651157262e-18,6.385135578842063e-19,-0.09526031140473386,-0.026461441946904557,0.004988160972907141,-0.07343785069789564,-0.03408457177229793,0.007307121594068612,-0.059879109406697925,-0.023548512946247248,0.009498580086063923,-0.0811061613262244,-0.00919807005438717,-0.014596563586462271,-0.09685617897068065,-0.0337785929934416,-0.0077644217333088916,-0.0999558479160149,-0.05466718468311374,-0.004794346278154176,-0.1071466123900518,-0.07153959148879133,-0.000657061796771865,-0.06238158418545501,-0.01797053257576386,-0.029192966110777825,-0.0888847865526539,-0.0261313023526222,-0.031244245463519768,-0.1154283456020742,-0.044667573642784474,-0.028062184329183233,-0.13312205754150586,-0.05550487500002856,-0.026234926528388696
0.0,0.0,0.0,-0.018208949290279844,-0.0033849261863713085,0.028495565325247045,-0.04676289598163235,-0.0018763168187160605,0.05227315106867576,-0.07257785317107378,0.003747908534349229,0.06595142101540033,-0.10234930226729429,0.004514318759358175,0.0655159028432412,-0.09116232089208098,-8.87566530286672e-19,0.023665365910156583,-0.10995114384305549,-0.0075851560272739114,0.01895783294821782,-0.1298321288847439,-0.016598630953016683,0.017370340323605234,-0.14530859863009493,-0.04314525763557642,0.01576198334792818,-0.08787732665003152,-3.6113082558801596e-19,-3.3607493859997452e-18,-0.0959075590756047,-0.026932348643467875,0.004603909498661097,-0.07370400407447712,-0.03501549097626219,0.006840690125086093,-0.0597457274435578,-0.024748068607936262,0.009202326058096207,-0.08135734379663055,-0.009153516914491153,-0.014757177519507718,-0.09751494675686144,-0.033983135579096053,-0.008484971376471792,-0.10152873424457785,-0.05531135811417905,-0.005489688091043028,-0.10995987032719501,-0.07311777602313595,-0.001239014873538648,-0.06256452114517928,-0.017999240984609664,-0.02951243444425012,-0.08924371747725056,-0.02592811807555383,-0.031837276338369615,-0.11588266415602848,-0.04417697561393383,-0.028768903896876436,-0.1337453507568373,-0.05477833939117227,-0.026765246786679724
0.0,0.0,0.0,-0.018244110320149737,-0.0032663185323098145,0.028503770122661115,-0.04706262745613958,-0.0018136065596231956,0.05221467220237618,-0.07312725969757881,0.0038682573233322338,0.0658271060693051,-0.10282059692631755,0.004869102829188359,0.06526630972022164,-0.09137628907380045,-5.233081699406949e-19,0.023807812146609406,-0.11020930365265169,-0.0074466185274243745,0.01916840354341449,-0.12995725776396191,-0.016544866390592407,0.01782606042974315,-0.1455429759417442,-0.043182925862455805,0.016244430559224116,-0.08816418967875783,-2.6023222995387792e-18,-1.661433036584521e-18,-0.09642298651949009,-0.027373444076597423,0.004358740593956263,-0.07369773579247146,-0.03587544907955402,0.0064915312361192344,-0.059274186402903585,-0.02573746053682483,0.00895903821406931,-0.08152933962152768,-0.009130607105613977,-0.014781185962469138,-0.09793191225093936,-0.034205963310376356,-0.009043705935023877,-0.10266178895239131,-0.05593484396400365,-0.006033029405712269,-0.11204958243987943,-0.07435884412662633,-0.0016556874303362398,-0.06268625509500841,-0.01809670634284621,-0.029679906363039323,-0.08948427316946943,-0.025786355235039648,-0.03226811202358614,-0.11622515534103497,-0.04384505594964164,-0.029309388984212602,-0.1342335446333699,-0.05434819495817402,-0.027160285512958415
0.0,0.0,0.0,-0.01835180133743006,-0.003167170450763099,0.028461848990240856,-0.04735649943628958,-0.0017669701973943596,0.05199324156734149,-0.07370447378296284,0.00402891482119205,0.06548686654475322,-0.10327627217528627,0.0052502273890827405,0.06472605320303731,-0.09151574187628343,4.523182390444087e-18,0.023888599432593208,-0.11037781644477776,-0.00733609461817655,0.019278894684243486,-0.1300034870390376,-0.016463343861209227,0.018142873649551743,-0.1457033592983966,-0.043192850403760946,0.016600852172322704,-0.08836317692726675,6.1173626940029925e-18,-1.5759907767987106e-18,-0.09690880926958577,-0.02763492013153942,0.0041645471484177314,-0.07374340154957577,-0.03645434893727126,0.006121301158398191,-0.058825601040428506,-0.026387760673826807,0.008682957336345403,-0.08163511356125003,-0.009116968976573638,-0.014704612182756137,-0.09823328552133231,-0.03434834908481865,-0.009541856148279104,-0.10358153060449204,-0.056364395718062184,-0.006606062253724376,-0.11366009713533336,-0.07515911643110032,-0.002143170657532695,-0.0627843442692888,-0.018199787314643237,-0.029720357355724418,-0.08965030998844037,-0.02564969205207995,-0.03252643113012163,-0.11642456635364475,-0.043557301800554254,-0.029725123302074476,-0.13451507658088813,-0.05408382290879454,-0.027505557500604086
0.0,0.0,0.0,-0.01855890083989408,-0.0031048265259568833,0.02838982316888275,-0.04769464997495648,-0.0017293743376883093,0.05164668253701146,-0.07437327445707392,0.004220168842921313,0.06496326965133313,-0.10380526776640442,0.005543244362490234,0.06396197143331143,-0.09157842163962332,-5.524241624396685e-19,0.0238991433447293,-0.11045637413316993,-0.007224614299582054,0.01931746095168885,-0.13005252202762782,-0.01632211920876407,0.0182973844208788,-0.14578656518388425,-0.0430494820395443,0.016765415842164753,-0.08846306088589023,-4.195270429031661e-18,-1.5666887565624491e-18,-0.09759235896444174,-0.027529266950820072,0.0038889278084595544,-0.07444498667121965,-0.03659147090451782,0.005535489892898509,-0.059103628868398324,-0.02680670265455266,0.008270377953850164,-0.08164787631340288,-0.009096706974159874,-0.014568627871743511,-0.09862491209677081,-0.03421991509617458,-0.010180182903237798,-0.104753290299911,-0.056304925691229496,-0.007551463089084401,-0.11542680258907302,-0.07529833068622938,-0.003106083486401938,-0.06287492844787511,-0.018231524354627736,-0.029653627034737163,-0.08978534090440382,-0.02541970522773744,-0.03264970246338772,-0.11645501019683935,-0.04301866898884492,-0.030105406049159344,-0.13449666047204817,-0.05364627826529111,-0.027952465111126187
0.0,0.0,0.0,-0.018940650802826135,-0.0030575699188045507,0.028286053735894635,-0.0481534154799312,-0.0016406604277109274,0.05122232571584269,-0.0751328925154112,0.0044970023294779405,0.06431953961367184,-0.10434675708124218,0.005683796104898091,0.06311189416630286,-0.09151410110716302,-3.699197243518258e-18,0.023804655746600727,-0.11039660254031118,-0.007004519650398868,0.019338620556557374,-0.13014601769510933,-0.015932518513935342,0.01835927370392171,-0.14585904611621842,-0.042405095277561256,0.016779695957709503,-0.0883629091061994,-7.095468248280383e-18,1.4978295372873242e-18,-0.09869612039095262,-0.026843154448033972,0.0034208010847819104,-0.0765468054025982,-0.03619987934943448,0.004571037454437418,-0.061071668349728804,-0.027358842383155273,0.007651804952010974,-0.08144648467019376,-0.009062656876706682,-0.0143544886128238,-0.09925120252914843,-0.03355381373366397,-0.011126941251223824,-0.10670899935850996,-0.05540708085384232,-0.009190186828664815,-0.11813506121805786,-0.07444070011618342,-0.0049246054817074685,-0.06291109195719621,-0.018126727346938227,-0.029414553892656993,-0.08981477321473516,-0.02495203522340855,-0.03264367929799334,-0.11618673595876956,-0.04181377966186928,-0.03051027274446248,-0.13399500467874226,-0.05255162650240423,-0.02862681776237399
0.0,0.0,0.0,-0.019610762719615545,-0.0029905834967807196,0.02810309733490479,-0.04874105528157978,-0.0014612692669397074,0.050760916285350795,-0.07584937037427361,0.004873365600999094,0.06368498220232295,-0.1046166614389323,0.00560294076654939,0.062385306297506514,-0.09116157730617246,-1.0967376714684186e-18,0.023529902285564345,-0.11006827053270819,-0.006555626606893285,0.01945501412788007,-0.13019268455567526,-0.015041997541596935,0.0185008119614855,-0.14595627902102892,-0.0407644723580063,0.016793792250662923,-0.08788544786572462,2.298369118512652e-18,-4.535752617484681e-18,-0.10030970019662981,-0.025377469848361714,0.0026867811010664574,-0.08071295813694476,-0.03521589305612369,0.0031193034598905258,-0.06577458753166876,-0.028425393454312345,0.006714595113682849,-0.08087222928262888,-0.009005358559235031,-0.01399326876633323,-0.10012014306444383,-0.03203994784893615,-0.012407518937672925,-0.10975367699606466,-0.05324090952940425,-0.011605045620606172,-0.12221837805375955,-0.0720365191907941,-0.007735147233525048,-0.06284149087833837,-0.017811222528993337,-0.02890947767823714,-0.08956560214719628,-0.024000150657584617,-0.03250138272202036,-0.1154241356132166,-0.03945412459101427,-0.031009317583477414,-0.13284485829307743,-0.05018116175022925,-0.029620163163590132
0.0,0.0,0.0,-0.020636225695673985,-0.002897935346826114,0.027771611421907833,-0.04935115129855261,-0.0012402187618908275,0.05031263810750987,-0.07625996526091552,0.005209956336659551,0.06327798093644142,-0.1042498340953532,0.005154683168036527,0.06204993399154791,-0.09033629902020013,-1.396054142695204e-17,0.022980554177320048,-0.10931138734292317,-0.005825974635820104,0.019802835058044338,-0.12999779733171357,-0.013449688500163252,0.018913544548517607,-0.1460417312556267,-0.037659424192508,0.016991113111186534,-0.08688322705684594,-1.5501436794347144e-17,5.413887320701229e-18,-0.10228905107106383,-0.02294958268087525,0.0016603483127345397,-0.08728780515330055,-0.03343908555701615,0.0011118538961207704,-0.07413996708499812,-0.030008091976995915,0.005216937387899613,-0.07984386904004354,-0.008902640499345627,-0.013438845629407694,-0.10106449296561715,-0.02936253487219689,-0.013841378839491643,-0.11370354711426135,-0.04930165927282898,-0.014530025516790933,-0.1274001311086518,-0.06735975661334652,-0.011273800783931524,-0.06264548495294851,-0.017176465095641722,-0.028092056625890933,-0.08884124389158646,-0.02225867131777206,-0.03222617913312791,-0.11398591152349649,-0.03552684054189129,-0.031655139446825194,-0.13100343681079582,-0.04596318009274638,-0.03094598988721221
0.0,0.0,0.0,-0.021953040725431434,-0.0027921414354012816,0.027274399254342857,-0.049851183721785625,-0.0011144157041852883,0.04997911841883486,-0.0761803988604027,0.005239439284701351,0.06335879507544136,-0.10320090807843385,0.004151630185954957,0.06235070995753438,-0.0891456230948125,5.192234682490526e-18,0.022134747307654096,-0.1082252986522444,-0.004877832742699045,0.020481249536248504,-0.12956658221844716,-0.011145454035826303,0.019764873731875344,-0.14616047822282643,-0.03298305668292186,0.017592659406566413,-0.08550395113851238,7.79029647515445e-18,4.136705273164213e-18,-0.10442778792428721,-0.019474095968826557,0.00044207748500244,-0.09620635025468152,-0.030508875778454753,-0.0014266894778350258,-0.08675531950652973,-0.031498925443295106,0.002842833676583225,-0.07858041037810397,-0.008751373712932291,-0.012749835844692003,-0.10189854964808617,-0.02542891334873935,-0.015077794689393685,-0.1179387948997648,-0.04337275805111309,-0.017386858676429716,-0.13280863187951034,-0.06009478327102949,-0.014835702440932417,-0.06242935419218637,-0.01617133843298637,-0.02702389241238895,-0.08763492278034325,-0.01966439267840136,-0.0318092091181848,-0.1118868782429408,-0.030132517033109655,-0.03234985549707838,-0.12865258849128255,-0.03993558795455928,-0.03240701343248123
0.0,0.0,0.0,-0.02339526903749264,-0.0026660793528531447,0.026688092475984106,-0.05024051554727187,-0.001259538460692393,0.04987338943912789,-0.07578247456030245,0.0047084115170775214,0.06404542474745163,-0.10200053163345782,0.0025046168831383553,0.06333784363310689,-0.0881531749465573,6.90012150284345e-18,0.02112684822411557,-0.10740780029831318,-0.0038790222314834095,0.021508297908936408,-0.12936240628334897,-0.008458058293634014,0.021182830475995156,-0.14659054392898904,-0.02735468385684454,0.018851894121135217,-0.08433917099422214,7.890262636414816e-18,-1.1536234575782929e-18,-0.1067740303382013,-0.015220615179919413,-0.000650039342994027,-0.1069359280905897,-0.026244668408789498,-0.004184070969859591,-0.10329343020993696,-0.031883302801777,-0.0004358128615960739,-0.0776950241539749,-0.0085923426045736,-0.012087179683382193,-0.10272239142555088,-0.020731215667416085,-0.015761693277322353,-0.12187463428647836,-0.03612021956969664,-0.019468178191296547,-0.13762216799880583,-0.05115536544771066,-0.0174989377936039,-0.06251420883965629,-0.014947209274871538,-0.0259049603885057,-0.08635794292549723,-0.016673901025038275,-0.031248433147268773,-0.1095696761393388,-0.02421838593377903,-0.032885122249869725,-0.1263134464220231,-0.03314818773803389,-0.03364658086348148
0.0,0.0,0.0,-0.024796327060816057,-0.002503635442033549,0.026112972745186407,-0.050656932798778906,-0.0017619027418055246,0.04992603564664398,-0.07546525923712799,0.003548601106054861,0.06504551789855954,-0.10130376713588739,0.00033545754991532405,0.0646659232202569,-0.08792158086527307,-1.883809904245772e-18,0.020144119655781792,-0.10748761288975939,-0.0029776125098024873,0.022716726134603876,-0.1298958008572852,-0.005837382521178975,0.02306382535762837,-0.14762572861097736,-0.021745098339679546,0.020751195138970085,-0.08396600125861643,-2.0628056718392815e-18,1.6348686063735702e-18,-0.10948291702094305,-0.010790343004662532,-0.0012276335254070804,-0.11832092014979237,-0.020851490747085023,-0.0064900617332236945,-0.1218826847183893,-0.03010865637038593,-0.003915579260830379,-0.07772517533569566,-0.008441890328144108,-0.01157570386590673,-0.10384155536877683,-0.01613022665363069,-0.01574958964388171,-0.12535438860039355,-0.028800792324003864,-0.020338945235205057,-0.1417129213377918,-0.04217258562628274,-0.01873311657976212,-0.06318081806223907,-0.013754103294210547,-0.024943025811253763,-0.08559591295509063,-0.013900024903492509,-0.03061114982986225,-0.10773668695828796,-0.018900950126256238,-0.03320080929713874,-0.12467425918585594,-0.026866285714408144,-0.03449508696897655
0.0,0.0,0.0,-0.026029846321134597,-0.0023270975938060406,0.02559883091487561,-0.05120179372213682,-0.002552003946174409,0.04988347340191978,-0.07546833007218269,0.0018815146694163634,0.0657819512253483,-0.10131693748358818,-0.002136867409094344,0.06573042515043256,-0.0885231704384311,-1.2363790100177077e-18,0.01928074299223111,-0.10851669686088966,-0.0022287294567572002,0.023804054889260667,-0.13116971604301278,-0.0035574660850286833,0.025044019223196243,-0.14920504421002082,-0.016817226723045343,0.02290711871146086,-0.08446975394711155,-7.218346303302189e-19,-3.907271083572366e-18,-0.11243981990606745,-0.00672963094430668,-0.0011038399881703146,-0.12881167769784307,-0.014793529206845728,-0.007631206119257829,-0.13958616653157632,-0.02566253521818747,-0.0063709486217726425,-0.07867234746573132,-0.008256338673388293,-0.011215997761132959,-0.10536647418775448,-0.012239827848154255,-0.015161789749221928,-0.12844952181815464,-0.02230703596894782,-0.020089255138319523,-0.14539891551891315,-0.03419155515551265,-0.018727052774364383,-0.0643786907981819,-0.012719791423542931,-0.024204387283907728,-0.08560757877353545,-0.01158892116791768,-0.029997465213906085,-0.106804993178683,-0.014610529873535795,-0.03339841609452454,-0.12409861078892506,-0.02158963640664724,-0.03505515935235594
0.0,0.0,0.0,-0.02697519522197773,-0.0022047596317555994,0.025194902923125945,-0.05180789313967026,-0.003497795031145818,0.049642139097762085,-0.07576836815430857,-6.711677038228813e-05,0.06596089399210249,-0.10182972705291587,-0.004710581418426936,0.06620159083877594,-0.08961835315197601,1.0235705975470689e-18,0.018609800789811868,-0.11009410610590582,-0.0017212104809083027,0.02463395859601461,-0.1328308014540159,-0.0019934667419690072,0.026838471380248627,-0.15093961169113493,-0.01333968786269253,0.025003007869251616,-0.08556849395904743,8.46434127582327e-19,-2.2283679214072146e-18,-0.11532679938440496,-0.0035547984798508622,-0.00035687414649370543,-0.1371855546462353,-0.009208955951011127,-0.007284927732341904,-0.15383337385618004,-0.019911486847820768,-0.006907914963921756,-0.08013431958617864,-0.008054329092873144,-0.010985709376033543,-0.10713224540449272,-0.009518553096074177,-0.01427189328579609,-0.1311010488290249,-0.017405822784588573,-0.019101544220417984,-0.14872073027936164,-0.028154453961412397,-0.017964222120414697,-0.06579702561342261,-0.011966204596495476,-0.02370807661475619,-0.08624310970573658,-0.009939473038204935,-0.02949167337958475,-0.10670848157412592,-0.011640985273855941,-0.03355793757555167,-0.12442460127936399,-0.01774035044382453,-0.03542466674012679
0.0,0.0,0.0,-0.027522625353850538,-0.00217996744719528,0.024974086215094754,-0.052271193633381216,-0.004424143989119475,0.04937723861512671,-0.07615369634749423,-0.0018866891021482013,0.0657970958201745,-0.1024191377701071,-0.0070240033097761214,0.0662933129827058,-0.09069020769764413,-5.861867111246711e-19,0.018249536222732333,-0.11171460454119982,-0.001578911480422606,0.02530678652700807,-0.1345287628270075,-0.0016752403650678032,0.028357699369492693,-0.15243862458073415,-0.012384904995391447,0.026916042189806737,-0.08681374865002423,-2.174672492444683e-19,2.1221615266279826e-18,-0.11784650025771942,-0.0018563920688412134,0.0007061270861127506,-0.14303412538043767,-0.005963909448109656,-0.005810886186205961,-0.16351893452391822,-0.016173733393430343,-0.0056812666480212486,-0.08155995195806481,-0.007980711075326481,-0.01091576764359943,-0.1088535401649289,-0.008495777064001595,-0.01343878547042815,-0.1331407272995097,-0.015171381715702235,-0.01784779164604789,-0.15138994702834194,-0.025577721173355158,-0.016912326078709062,-0.06703436057490744,-0.011762468096993264,-0.023536694320548578,-0.08714554799877026,-0.009448481231331135,-0.029199511674951956,-0.10711085626773693,-0.010727532906008518,-0.03377024814900487,-0.1252141659116523,-0.01634460019157634,-0.03565585790957412
0.0,0.0,0.0,-0.027651297481683147,-0.0022474827377226103,0.02495642492153953,-0.05241749671620505,-0.0051883972965491,0.04929527848212621,-0.07638254759268602,-0.0031971977470870365,0.06566629590353812,-0.1027028295853179,-0.008702067873094192,0.06643637083477683,-0.09135772558971529,1.9525723109613003e-18,0.01824376997514011,-0.11301206650870967,-0.0018146110471306154,0.025937907381658798,-0.1360124905708287,-0.002738759746990125,0.029597842798250288,-0.1534511425176582,-0.014274426799839934,0.028578367846604735,-0.0878294953184754,2.106302869906806e-18,-9.129021110231896e-20,-0.11981255717752541,-0.001814937440251489,0.0017156900353742092,-0.14660580269632,-0.006063669381431523,-0.003980987921764199,-0.16898414526579,-0.016717633990316033,-0.0036364736520997044,-0.08254995379715921,-0.00814242968906463,-0.011033082407901969,-0.11027192482373917,-0.009275476330250424,-0.012937585620150151,-0.13446258400225292,-0.01598078568149954,-0.016735506804334246,-0.15314335285596486,-0.027114797563794674,-0.015932847043802364,-0.06782385803028522,-0.012251055505368355,-0.023736745693832655,-0.08797758619160972,-0.010356733148821637,-0.029182790097938376,-0.1076413690770981,-0.012184081021092313,-0.034105175786507916,-0.12604194434129906,-0.01790230693492417,-0.035796406567351835
0.0,0.0,0.0,-0.027472747110496406,-0.002414929982930599,0.025091169389257525,-0.05225203514429948,-0.00582242091422236,0.04944527651562135,-0.07641318474200012,-0.004020505669205572,0.065741353771601,-0.1026480436321226,-0.009749219182213064,0.06682445863796269,-0.09165617232289333,-1.1139479750694562e-18,0.018505962542297288,-0.1139496057020197,-0.002329720313320889,0.026550199636637704,-0.13718664532194746,-0.004766849726221014,0.030610707293705783,-0.15389656112046676,-0.018118937893264426,0.03000501852102105,-0.08859303606495088,-2.527292300655999e-19,-1.414031779920135e-18,-0.12124434097265746,-0.0029661222062707256,0.002484496624574832,-0.14844102634545528,-0.008745758068645974,-0.0023171677268707625,-0.17126464562480548,-0.020849600780501954,-0.001534115443468564,-0.0831150800129812,-0.008486510355050514,-0.011313803502412926,-0.11132440275389333,-0.011272393195216071,-0.012785900504252915,-0.13512779174307746,-0.018907499374174946,-0.015896697368860364,-0.1539335225259715,-0.031581254818889855,-0.015109165802147797,-0.06821334498760964,-0.01322529360440601,-0.02423178278118656,-0.08862426756914757,-0.012228489112861337,-0.02937820572053511,-0.10809189852645922,-0.01525817411241527,-0.03447993007120612,-0.12667711795809888,-0.021536856284176405,-0.035809816655701224
0.0,0.0,0.0,-0.02717089876220538,-0.002705202192411162,0.025324845707196127,-0.05193868913177299,-0.0064603998807013525,0.04977190332040788,-0.07642218597323439,-0.004653020697680911,0.06598451077240206,-0.1025271103076514,-0.010455177514922509,0.06736911920270422,-0.09188821592980546,-1.0041425656334191e-18,0.018926509029927378,-0.11474494652643971,-0.0030177137237291417,0.027118372645230395,-0.13814989936266264,-0.007216039264374997,0.031422911858300935,-0.1539393908506456,-0.02272346179728894,0.031192469716746603,-0.0893227109515537,-7.776949020174467e-19,-2.0611490439144873e-18,-0.12236650523238284,-0.00466679985022293,0.0029730459658855106,-0.14920398667154394,-0.012610831748334847,-0.0010107924719188824,-0.1715793380728708,-0.026610320658589506,0.0002610952011639188,-0.08350973296581349,-0.008899597427175426,-0.011717812021398552,-0.11216069386788491,-0.013731475408657115,-0.012889146196755834,-0.13538340198016408,-0.022681327712814843,-0.015327049295566811,-0.15398924555982013,-0.0372219358201768,-0.014426461015042674,-0.06842938673331803,-0.014358424976135898,-0.024911122125917024,-0.0891780918085676,-0.014424905388874063,-0.02971743488103622,-0.10847355821057797,-0.018893289540833084,-0.03480791134448704,-0.12712364724928124,-0.025956172123174838,-0.035704533924693076
0.0,0.0,0.0,-0.026900335574232992,-0.00311665545907103,0.025640544512774626,-0.05166167203888411,-0.007215011358068372,0.05021462556971784,-0.07661982277630014,-0.0053778600737608,0.06631310228218137,-0.1026491838158373,-0.011105693117827154,0.06791954547349319,-0.09233866076580523,-1.4723333457212464e-21,0.019461095815061325,-0.11566213217278125,-0.0038315054874214147,0.027626402324125582,-0.1391054313024751,-0.009782414530836649,0.03202142255814107,-0.15388504921956572,-0.027428608747063994,0.03209302891525146,-0.09023452140681845,-3.133811415121555e-20,-3.342420765816009e-18,-0.12347613943310337,-0.006530329017576782,0.0031817506194365395,-0.14953401486499668,-0.016774170480096502,-0.00011741681792416297,-0.1710195909779635,-0.0327200935453527,0.00156808725231375,-0.0839745840882148,-0.009315631545187053,-0.012223387217921017,-0.11300293369861764,-0.016214398389516885,-0.013198393253076084,-0.13553891585749017,-0.026599950061171912,-0.015041176008508076,-0.153671972968291,-0.04302457542340771,-0.013933638870624081,-0.0686805262550949,-0.015456244247774668,-0.025712573788929455,-0.08978163529247378,-0.016605458603619932,-0.030199572218725487,-0.1088927329084736,-0.022521614334995416,-0.035111064373807795,-0.12748617905877602,-0.030462121114436927,-0.035593042041311
0.0,0.0,0.0,-0.02675302167911025,-0.0035910534861701895,0.02600343371549662,-0.051548100737314306,-0.008107856712859612,0.050685083308000464,-0.07709461616709021,-0.006334908511525179,0.0666413236755645,-0.10318301542244887,-0.011854912942478408,0.06832964784252234,-0.093116803443413,2.373571838341495e-19,0.020076842630390238,-0.1168142370304936,-0.0047111120470249455,0.028046052183801035,-0.14015967633573642,-0.012227366710259428,0.03236941487537823,-0.1539949435935884,-0.03180860551388142,0.032646993756626996,-0.09138108874741313,6.211295126837271e-19,4.455802528051322e-18,-0.12472257359555014,-0.00832926658820604,0.0031448693947427535,-0.14984577312574085,-0.02067914709336912,0.0003638886623750113,-0.17033330831616075,-0.03839901662828648,0.002299863248740231,-0.08462265424603801,-0.009684456845287955,-0.01278937087473691,-0.11395868977932086,-0.018450375632268055,-0.013671943283829162,-0.13581631164126123,-0.030260958679295884,-0.015066358300593153,-0.15332290698953088,-0.048368123160379604,-0.01372809524924222,-0.0690737319313122,-0.016395050627427275,-0.026562781212015035,-0.09048703380911283,-0.018575948769556313,-0.03080925882040799,-0.10940801929179557,-0.025812502883975783,-0.03543818259679771,-0.12783942066317522,-0.03463833951080182,-0.035609270948043226
0.0,0.0,0.0,-0.02678326554223778,-0.004017532030892825,0.026318998972786185,-0.05167358188376494,-0.009035124662423906,0.05103317651689347,-0.07779235216623666,-0.007460999287579386,0.06685178043360775,-0.10410568838221888,-0.012677586834669416,0.06844358905108743,-0.0941093403008615,4.718998971961381e-19,0.02068453457077904,-0.11807924423770172,-0.005506761997735471,0.028302313803145303,-0.14123186827229656,-0.01414496225302213,0.03239100476882356,-0.15443598851334675,-0.03522725917103453,0.03275886872021085,-0.0925800646069769,5.717835792290122e-19,-3.1198852308764922e-18,-0.12599159824552122,-0.009794140977849633,0.0029220855981241926,-0.15028288006505397,-0.023684456210066363,0.00043538632680132126,-0.16994695762042253,-0.04274918078530154,0.002397579855526041,-0.08538690007525557,-0.009937071424912047,-0.01331850266493722,-0.11494011324649271,-0.020097117177561033,-0.014223262760469304,-0.13630820795797063,-0.03313971708536842,-0.015424217378693357,-0.15325061751523317,-0.05244047871830438,-0.013932728481318582,-0.06957997830619778,-0.01702919316680925,-0.02731345984477752,-0.09121231649401083,-0.020062941900079675,-0.031461855936662154,-0.10999287920974503,-0.02831320184828694,-0.035796737925712314,-0.12821236613853457,-0.03790444772295553,-0.035856148110966185
0.0,0.0,0.0,-0.027002305414472835,-0.004297294374011476,0.026490834353114816,-0.052054708954409994,-0.009840105048709328,0.051125466444398436,-0.07861435086196591,-0.008546505501048034,0.06684287368579678,-0.10528352066413596,-0.01340193899532421,0.06818145827619651,-0.0951082752110507,-9.692628230409124e-19,0.021181800257316162,-0.11925272387334217,-0.006074617775168606,0.028329208659819433,-0.14219342129968005,-0.015192671246930411,0.03204803713545442,-0.1552660570992065,-0.03716490922116876,0.032382693683070875,-0.0935846177916447,-2.001335299544861e-18,3.6209340479854637e-19,-0.1270780914742187,-0.010707986253927892,0.0025804369444707726,-0.15084330819188266,-0.025318377174192018,0.000129970869802087,-0.170048092496158,-0.045080101604569794,0.001886910422427823,-0.08611737556643838,-0.010026475193878927,-0.01371771500070675,-0.11580351606597904,-0.02089356037068318,-0.014761593361272604,-0.13701061311623433,-0.034791355914567994,-0.016085375810164754,-0.15365734114954613,-0.05457741017867092,-0.01460191017596945,-0.07010679892212593,-0.01726978743724655,-0.027828429902537182,-0.09185157339307552,-0.020849798873254576,-0.032053750486742416,-0.11060309084893785,-0.029660600988593043,-0.03616180127774011,-0.12862389021485826,-0.039775315221578574,-0.036354883526123316
0.0,0.0,0.0,-0.027361876407948127,-0.004389571187969435,0.026483945601715683,-0.05263757778405582,-0.010417852786118023,0.05093072978367027,-0.07950489954487361,-0.00938664746137829,0.06659995747721337,-0.10659425912576369,-0.013839647622279617,0.06760715521953091,-0.09599571921233298,1.0195068857772857e-18,0.021521483629845413,-0.12024413919173185,-0.006389998448138277,0.028132991661216696,-0.14300869875927733,-0.015365230642780846,0.031417171641572976,-0.15641281573836405,-0.03760632277447903,0.03161243989721199,-0.09431191715557609,1.5621399730217695e-18,1.3453117990966914e-18,-0.12790647834239738,-0.011054507174302798,0.0021872177718783533,-0.15149375391660827,-0.02557506775782114,-0.0004434680601786515,-0.17061270234076542,-0.04532985792858271,0.0009380201536838899,-0.08674422786479247,-0.00995757747296631,-0.013970098171585416,-0.11650645993609776,-0.020851341852347147,-0.01524545504285168,-0.13786118161846164,-0.035127912542319874,-0.01694676429922556,-0.15452661103169002,-0.05468839316141508,-0.01564889128906849,-0.07061342900293588,-0.017148970924484662,-0.028091531902439213,-0.09239264924294809,-0.02093181007817085,-0.03252909097716964,-0.11123148910522683,-0.02982003660235615,-0.03651321848288421,-0.12909404412048753,-0.04016327366465447,-0.0370381352081598
0.0,0.0,0.0,-0.027786367594376967,-0.004308687032186027,0.02632574065160768,-0.053331795005440295,-0.010757110058344479,0.05051477897952824,-0.08043912313162477,-0.009903648327878475,0.06619624329095974,-0.10795739770491207,-0.013925459727903447,0.06686879610705164,-0.09678051912363363,-1.8225834609473983e-18,0.021720751182917705,-0.12109256274239949,-0.006525279336719614,0.02778107296364056,-0.1437173721286868,-0.014929487583230558,0.0306435778094223,-0.1577246397938414,-0.0369544463086276,0.030632520335521395,-0.09484467993122385,-1.8790674459660363e-18,2.135557902323873e-18,-0.12853911112081276,-0.010991976336075925,0.0018006666729649908,-0.15219572776705553,-0.024822488319043406,-0.001134717232380643,-0.17146507519887677,-0.04399721444765553,-0.00020902295352602472,-0.08729657668338296,-0.009772570921586376,-0.014117468733618278,-0.1170925753277752,-0.02020650752763816,-0.015670323628441438,-0.13877155160292434,-0.03441961855735553,-0.017874683692011506,-0.1556621864683381,-0.05322731627639496,-0.016890652188052142,-0.07111486548568353,-0.016775589752442116,-0.0281774023067387,-0.09288825193858888,-0.02048340646505445,-0.03288545838554639,-0.11187905722464692,-0.02905497018519829,-0.036841451486863845,-0.12961559739440398,-0.03937246635377578,-0.03780520323232022
0.0,0.0,0.0,-0.028220272096001107,-0.004121268882898439,0.026084112545205203,-0.05406231499980551,-0.010946268600924451,0.04998583623817155,-0.08139369255077804,-0.010200915733398886,0.06572547686135709,-0.10932609818850891,-0.013776673781852909,0.06608576590539093,-0.09752919373333795,-6.027908639395157e-19,0.021839991602302114,-0.12188894692368786,-0.0065778090936754975,0.02735869455442845,-0.14437871340447633,-0.014222926723157062,0.029844421407764277,-0.15907495324412196,-0.03577171388509315,0.02960173708257883,-0.09531238647488655,-5.947712302994202e-19,-1.3735024294529512e-18,-0.12909325837527053,-0.010739882139803304,0.0014465040194938602,-0.1529186222334217,-0.023576372959602354,-0.0018285935153461233,-0.1724135929014589,-0.04186454083343071,-0.0013721408643946032,-0.08783378821976405,-0.009527039306818835,-0.014214752675218914,-0.11762768376316983,-0.019275137389259348,-0.01604789264095075,-0.13968242514821963,-0.033159193062820266,-0.018783236517422926,-0.1568620595049832,-0.0509525520055924,-0.01816756020143972,-0.07163118118926665,-0.01627697320829796,-0.02817876673428558,-0.09338298817029486,-0.019764281006129328,-0.033162645419881946,-0.11253417402207488,-0.027805761572129765,-0.03714494820063333,-0.13015673975354478,-0.03796023328848895,-0.03858233830306443
