x0,y0,z0,x1,y1,z1,x2,y2,z2,x3,y3,z3,x4,y4,z4,x5,y5,z5,x6,y6,z6,x7,y7,z7,x8,y8,z8,x9,y9,z9,x10,y10,z10,x11,y11,z11,x12,y12,z12,x13,y13,z13,x14,y14,z14,x15,y15,z15,x16,y16,z16,x17,y17,z17,x18,y18,z18,x19,y19,z19,x20,y20,z20
0.0,0.0,0.0,-0.02623853980702784,-0.007952218217684354,0.02626339900067469,-0.05045937480279371,-0.014171466561856477,0.04774888896268531,-0.07515138663859222,-0.014682524522094096,0.06250235047594836,-0.10044030135579152,-0.017567798561600526,0.06973486973661956,-0.09668566861379213,-2.8667505292900814e-18,0.021756981243894368,-0.12316860022306247,-0.006035646110042188,0.028667470851823446,-0.14838323263944103,-0.012936645312474333,0.030068100304670567,-0.16224772769095164,-0.03355719609429137,0.02939773540474056,-0.09799112070612045,-2.902131954844486e-18,-1.0280328583069854e-18,-0.13310299317118157,-0.007000743401286201,-9.097489639841081e-05,-0.15745309059622703,-0.021195344548375364,-0.004240620636013539,-0.17925260796973166,-0.03721141158845689,-0.003911005986318052,-0.09063287044639336,-0.009713497460055278,-0.015064559695534097,-0.12239289008307248,-0.017914452999482525,-0.018446635930957585,-0.14150013291324287,-0.030452619880863417,-0.02078476747709787,-0.16138518064084018,-0.04837738441189533,-0.02140074602882076,-0.07463635710412285,-0.01830127598350645,-0.030134548466611913,-0.09882057882474368,-0.019754189380486092,-0.03481473872629285,-0.11913177383323337,-0.02645231092447457,-0.037963020536648504,-0.1374836214085857,-0.033740736006129916,-0.038133421879150094
0.0,0.0,0.0,-0.02643567122409405,-0.007840994552669364,0.02637613673203219,-0.05086518474814869,-0.014259944727373429,0.04797189328525351,-0.07568975636918462,-0.01516842080099532,0.06236557797937811,-0.10122071166659602,-0.018082573800750387,0.06951911691630637,-0.09718035769232153,-5.978873749532931e-19,0.021880233011483747,-0.12386496412773781,-0.006091194424807669,0.028762902235238988,-0.14889474453698598,-0.012627858842506098,0.030182361311090138,-0.1632320062545507,-0.03348377399721014,0.029489673603809986,-0.09836526137634066,-1.274819698686171e-18,1.59298598237429e-18,-0.13391878505125465,-0.006783023191768646,-0.00018970262274227998,-0.15878318098352884,-0.020930010068037644,-0.00430913225400342,-0.18108830982043628,-0.03695569438256807,-0.003814189740293265,-0.09113111011546836,-0.009798973662323646,-0.01509484459897657,-0.12308889117086749,-0.017959478600443272,-0.018409737972860885,-0.14241774543271296,-0.0307455027698377,-0.02086324768129792,-0.1625716106050571,-0.04825062534651452,-0.02124062752237075,-0.07524434688340506,-0.018475695602273683,-0.030145082531161223,-0.09925833532295195,-0.020017049610220997,-0.03471112145532013,-0.11963559722860742,-0.02681005475938715,-0.03770754249265881,-0.13785276192485657,-0.033881909392872694,-0.03795545869761763
0.0,0.0,0.0,-0.026527392022145716,-0.008155739853547242,0.026491470726282683,-0.05085448758841592,-0.014202370139650203,0.047966318935346294,-0.07546334426588859,-0.015084831456158816,0.06212924763246576,-0.10088807154623863,-0.01812487263860859,0.06947425939471943,-0.09699288315775659,-1.184107515751027e-18,0.02177913196213363,-0.12364183892039673,-0.006075664233335779,0.028816460135195253,-0.1488208623109725,-0.012524753203293782,0.030228164016509615,-0.1629300659547519,-0.03294703509627865,0.029613196668416275,-0.09818941235004258,-1.1289498242445032e-18,-1.0317595634206384e-18,-0.1339757139359293,-0.006271344144242413,-0.00015429332356941796,-0.15931639774902295,-0.020448719667945578,-0.004314615662984708,-0.18214478163958028,-0.03649439143930755,-0.0037664220898837504,-0.09086369919463126,-0.009690146472884988,-0.014954176943722357,-0.12295477531347987,-0.01776534326444447,-0.018382861553787686,-0.14241854639879892,-0.03032994021358152,-0.020840049315595632,-0.16277970722806942,-0.047804805226117034,-0.021355555527214493,-0.07502436106118596,-0.01845383430754799,-0.030016019625060186,-0.09902226046352697,-0.019816234026466383,-0.03466703641134368,-0.11937842180218208,-0.026448644862821058,-0.03760426423211548,-0.1375850956663538,-0.03357238761166634,-0.037619815267931817
0.0,0.0,0.0,-0.026673499411112567,-0.008492001203107384,0.02683693711028843,-0.050685425914827664,-0.014485536857391398,0.04808907478013089,-0.07511697338082729,-0.01512052231361178,0.06187661005221216,-0.10045054297843764,-0.01837892048051019,0.06955286538470487,-0.09674525132712516,7.907422259213029e-19,0.021797063852020716,-0.12343771400875121,-0.006398229254814277,0.029053229816009322,-0.1488186537539367,-0.013178778534294524,0.030521803166399575,-0.16248031077563185,-0.033718410045765625,0.030099700026227597,-0.09812681705838983,7.881584751061231e-19,9.929322532530605e-19,-0.13399310337699533,-0.006359655083592852,6.414198834478482e-05,-0.15984761423299304,-0.02133528124554187,-0.003930932043700555,-0.1832514727085724,-0.037958612199102036,-0.003327624878343301,-0.09055475607147614,-0.009849801950719637,-0.014730405905132634,-0.12298865402936336,-0.018265379440835904,-0.018227907781676315,-0.1423523740393055,-0.030936713231318337,-0.020419167946483147,-0.16298156454316565,-0.04899103136448789,-0.021058027301345813,-0.07484306933086333,-0.01910334555971742,-0.029992792034279785,-0.09890559311659279,-0.02040760637497522,-0.03452305739261275,-0.11896458118310504,-0.027134526590283335,-0.0372746150858128,-0.13707732627803706,-0.034470944204362,-0.03701960275282072
0.0,0.0,0.0,-0.026735608285161964,-0.008612676180133252,0.027132189828447034,-0.050490823519120744,-0.014455299340433643,0.04848399367493689,-0.07506021229226115,-0.014594717230867523,0.061882233188949934,-0.10033782363805635,-0.017674755031100053,0.06989766134764375,-0.09723759053993178,1.608836405477672e-19,0.02200863549583013,-0.12415787094258487,-0.0068456933647358855,0.029362545719515035,-0.14949266476450576,-0.01415224227993895,0.03123438123301693,-0.16259468242661756,-0.03495858463361427,0.030987207707655534,-0.09870410582435059,2.2284029176114276e-19,8.943663081272204e-19,-0.13516258569196898,-0.0067743660288800715,0.00026141460465480936,-0.16116234973965898,-0.022765056142415217,-0.003526417974599878,-0.18481261664845328,-0.040114753185096906,-0.0025491148208432023,-0.0908066344119581,-0.010009286117850135,-0.014784986545794599,-0.12367741645099203,-0.019286746401023805,-0.018104459563139524,-0.14289043390930248,-0.0324226764000046,-0.019982954999599588,-0.16334004787257428,-0.05092092014030889,-0.020532724483119928,-0.07502861884909597,-0.019396273922497743,-0.030187461041006322,-0.099238030783389,-0.021173706993290756,-0.03452508619170844,-0.11917117181392109,-0.02868906245610943,-0.03701875060461793,-0.13690943867432714,-0.036545653652404364,-0.036346288455932976
0.0,0.0,0.0,-0.02689400065417486,-0.008856522157454139,0.02727157976506771,-0.05039977496827994,-0.014446313608746812,0.04862295090395216,-0.07478820697140617,-0.014353132600702385,0.06186962525524674,-0.10003104876779914,-0.017446282014149488,0.07003388845085375,-0.09719507494679182,8.89040191225001e-21,0.021979847701989665,-0.12409953954856309,-0.007053026067423477,0.02944294673221512,-0.14941023728013964,-0.014554802482351982,0.03143537794966411,-0.1622466929070589,-0.03545846038213351,0.031181984354792844,-0.09868053605057417,2.2927881594989553e-20,1.4214060360799351e-18,-0.1353751330607692,-0.00672391476349901,0.0003293680191641782,-0.16176751505170153,-0.023199715499593595,-0.003576344345645476,-0.1858872754449562,-0.04094679211434424,-0.002549396523747434,-0.09070770726204029,-0.01000868251137319,-0.01471832079752168,-0.12361478432755366,-0.019510771075194822,-0.018037179160328525,-0.14305602472408527,-0.03287382220770565,-0.019933782249845128,-0.16362432849894742,-0.051677773756394305,-0.020523256586707152,-0.07497213147486292,-0.01951562118773504,-0.030086166120775415,-0.09905900624765585,-0.021304134344987333,-0.03438044783005808,-0.11882410832432763,-0.028869961645074268,-0.03685144286309759,-0.13654030943854423,-0.03697724906462816,-0.03606401241428501
0.0,0.0,0.0,-0.02688719372360939,-0.00898340727478963,0.02727976583619786,-0.050284274852637985,-0.014297820239362744,0.04862583363631903,-0.07452990374121511,-0.014296368498576975,0.0617667179097274,-0.09976718966407583,-0.01761368211953641,0.06983045383561926,-0.09688931046535337,1.8231819018622246e-19,0.021913985316802102,-0.12384476164986552,-0.006966577896230251,0.029487342161406655,-0.14912962456208018,-0.01430674852100067,0.03158528000828932,-0.1618735699845108,-0.0349177709773046,0.03134195424298282,-0.09836128163870789,2.050916044554929e-19,1.4459997464461155e-18,-0.13535836189969633,-0.006266236088959281,0.0003012396098405634,-0.16223835932870267,-0.022701236917776327,-0.0036723474233527975,-0.1869536000132147,-0.04045870752790931,-0.0025102475191264772,-0.09043513641948935,-0.009968182905492926,-0.014657338967368042,-0.1234804712788812,-0.019200616137151294,-0.017980987568606582,-0.14329106832726818,-0.03250218266454587,-0.019845937006418193,-0.16412206162710474,-0.05108123134597176,-0.02045218621107674,-0.07481481098137728,-0.019422081046213867,-0.029953709637084776,-0.09872558838639461,-0.021070501006793443,-0.03428240696551826,-0.11853929995998866,-0.028395013944447815,-0.03668379922380285,-0.13620620243991588,-0.036343119419741526,-0.035743900779393135
0.0,0.0,0.0,-0.027161609494078073,-0.009253770558599859,0.027127372767801097,-0.05038400435144025,-0.01410197872793181,0.048381616736619185,-0.07454037113588491,-0.01395087041508639,0.06163790671343567,-0.09961430520987319,-0.017375374279048672,0.06966615737418466,-0.09669780860407366,5.888874575417172e-20,0.021712218769740506,-0.1237132332127654,-0.007110589204113359,0.029436915454924474,-0.1488411108889695,-0.014543363690178123,0.03172599530348071,-0.16138798733106194,-0.03460143915592247,0.03134589843341178,-0.09817739810430431,3.154017593732965e-20,1.6037415962655452e-18,-0.13534328128584183,-0.005978714601448926,0.0002497789715270874,-0.16252552167552883,-0.02228745648984169,-0.003964591506389252,-0.18786630300124724,-0.03990541843426142,-0.002954109522628938,-0.09022447020640967,-0.00991239595761441,-0.014565340953663346,-0.12323246252920395,-0.018932742274609796,-0.017979996435134888,-0.1435509243933713,-0.03196322869285431,-0.01997659889994683,-0.1644951801835223,-0.05002514807690145,-0.020735918924162378,-0.07470649219954709,-0.019271437802110596,-0.029883682489234693,-0.09846429105196437,-0.020831463472299104,-0.03423169551674174,-0.1181925080558538,-0.027672937782047477,-0.036707867238401554,-0.13582218919264977,-0.03538421566629906,-0.035673346909670736
0.0,0.0,0.0,-0.02731439495520155,-0.009421834964319049,0.027050203953289855,-0.05042902762635279,-0.013913753149340563,0.048313132028626145,-0.07452480398566208,-0.013737282234311914,0.06135782752092689,-0.09954338630341758,-0.017402000963598424,0.06925677082659458,-0.09655407328048675,-1.0987074681809542e-19,0.021585309120233397,-0.12353170905490451,-0.006995577861022565,0.02943817074232613,-0.14859444427219543,-0.014151398766692271,0.031863466977654464,-0.16110627645658404,-0.0335226638145993,0.03145902483864195,-0.09794873616976187,-1.5660763788579443e-19,9.04671378642911e-19,-0.13536890287508935,-0.005351613441806838,0.00023979408236562795,-0.16303394377271196,-0.02135832260673156,-0.004116602345692321,-0.1890068113740638,-0.03885205462719024,-0.003118747125903847,-0.09009110283505016,-0.009788961384970422,-0.014441533564417096,-0.12317850991617378,-0.018349327865690948,-0.017829625547382433,-0.14406218727022435,-0.031062840816086033,-0.019805959231137503,-0.165197907525023,-0.04859726822682144,-0.02067367552939099,-0.07473277548570045,-0.018997795704478466,-0.02958109425266859,-0.09832818933487542,-0.020332555145682378,-0.033976249602297774,-0.11802372203685046,-0.026804441836185987,-0.0364938981154108,-0.13552685748908083,-0.0344093465993184,-0.03540825745460731
0.0,0.0,0.0,-0.02775382785937941,-0.009717785328842583,0.026855586751468784,-0.05072348340646714,-0.013824504091377688,0.048014353206388194,-0.07476490865680835,-0.013825594945173783,0.06089311322864857,-0.09979926772410896,-0.017442746344226018,0.06855775256775024,-0.09664456431983327,-2.2910638654688974e-19,0.021359797707536987,-0.12395266057888643,-0.0069054163718843264,0.029259780988358172,-0.14872887977169275,-0.013636693280773085,0.03181239689000171,-0.16133157386754693,-0.0323504091670952,0.0312951338813682,-0.09792054255463922,-2.7650259215117054e-19,1.600948131131108e-18,-0.13592180538168566,-0.004551050355516728,0.00027995053658068174,-0.16415988123400918,-0.020033906044324673,-0.004457454546496084,-0.1908203075324659,-0.03685671817059255,-0.0034597114944342616,-0.09032860550224356,-0.009557034099040254,-0.014280531560625982,-0.1235229669005518,-0.017498180972266245,-0.017677107065253453,-0.14517046284198004,-0.02990071023366577,-0.019761477528835822,-0.16675906802372434,-0.046435405378349434,-0.02078791798219693,-0.07510480880733006,-0.01856834682819488,-0.029198861734156714,-0.0983751715435736,-0.019567227924532856,-0.03377798350570099,-0.11818260980280575,-0.025438006714402512,-0.03630939195588398,-0.13554969931489455,-0.03294514863451918,-0.03503447809088377
0.0,0.0,0.0,-0.027921093471872528,-0.009485084566564238,0.0265099760120224,-0.05094019692995629,-0.013424600963665712,0.04764915505943419,-0.0748783654697999,-0.013273849195479734,0.06052015358292853,-0.09999646689229964,-0.01711284359702924,0.06786809004441974,-0.0963493700620652,-2.1852870062280563e-19,0.021175804140704593,-0.12357985011238035,-0.006668512111036719,0.029080273623462456,-0.14838566396336023,-0.012976092077238908,0.03153775167909018,-0.1609802455600525,-0.03085488172890514,0.030812292020951003,-0.09754001519981265,-2.5579748448052966e-19,2.2045015505729395e-19,-0.1354729646344074,-0.003914534031783044,-1.27450387335501e-05,-0.16429644467791665,-0.01865400857791452,-0.005148954566172809,-0.19131992168910694,-0.03487194801792151,-0.004338591155933448,-0.08998685217933859,-0.009343804249904107,-0.014105270416322611,-0.12318511418467676,-0.01653783383140813,-0.017630283444130673,-0.14544245859516125,-0.02822657971676036,-0.019897832279867474,-0.16733295181025093,-0.04401635299198428,-0.021272991870187014,-0.07495685742886254,-0.018052821174777973,-0.028870418147532342,-0.09809451422157658,-0.018757266480226683,-0.03352566237315127,-0.11783383028175873,-0.024010138556676643,-0.03603756815769643,-0.13518540296372578,-0.031206466779895144,-0.03484752453137381
0.0,0.0,0.0,-0.02805619605861354,-0.009369426798253776,0.026213699710180435,-0.05108926023373061,-0.013244539639779836,0.04740601306218251,-0.07504826147642489,-0.012808205998202118,0.06025913659698349,-0.10008839267717187,-0.016502856160562122,0.06762940677922893,-0.09617066384324657,-1.8619544022247524e-20,0.020974949243996566,-0.12330189913332622,-0.006741655171759856,0.028956704514125214,-0.14816249460868886,-0.013069009282582252,0.03125675820207668,-0.16063272878209717,-0.03048503743967862,0.03034825637706034,-0.09731279806400886,-1.6487878466123557e-19,7.156606232912494e-19,-0.13515757305040205,-0.0038651123052964205,-0.00017829371540015117,-0.16442044900812713,-0.018293977229197077,-0.005697507125844948,-0.19171176911105012,-0.034331462147436195,-0.004966857211736243,-0.0897376045843041,-0.009282860188184892,-0.013979076205530168,-0.12295640852246215,-0.016125227965196602,-0.01755352514858781,-0.14560628796116537,-0.027507683947754623,-0.020066708331432724,-0.16763160841721553,-0.04291384533865672,-0.021723987078807912,-0.074784272684464,-0.017757888066120837,-0.028673536942447973,-0.09779161758237652,-0.018341240772683204,-0.03343560136875058,-0.11747388223626518,-0.023233587678162606,-0.036010166520647716,-0.13481384850245193,-0.030115881972345254,-0.034911461111490516
0.0,0.0,0.0,-0.02805646309859416,-0.009232859117481364,0.026025794384549224,-0.05119322240526033,-0.012977875434833924,0.047257654521289286,-0.07503990283044654,-0.012555174281206153,0.06010795417073972,-0.10015459218798195,-0.01632999829331311,0.06741634017770953,-0.09596103127631889,-3.4807293409447565e-19,0.020826059299662483,-0.12297225351100763,-0.006525286959122016,0.028894164703527646,-0.14783180750776048,-0.01253465720149841,0.031188291971656054,-0.16034984304996158,-0.02941768699643143,0.03027548093702592,-0.09700721813694474,-4.891979012858953e-19,9.263155660315129e-19,-0.13495850955847538,-0.003308899147759216,-0.0002984941812581689,-0.16473071742745524,-0.01726992071337004,-0.006043814299562527,-0.19229100253072628,-0.03306653357908598,-0.005276389468704422,-0.08951526361291556,-0.009122609216174075,-0.013857502284554473,-0.1228628409420463,-0.015386442861821994,-0.0175058470746208,-0.1459226368812136,-0.026352799068001365,-0.020170271532748626,-0.16823407618130407,-0.04130303985008276,-0.021961847876871783,-0.0746931765153689,-0.017395480667373193,-0.028465979943800644,-0.09757208110603255,-0.017703881135548084,-0.03332192789179379,-0.11729126809039778,-0.022168043706588994,-0.03592536830708236,-0.13465386340892688,-0.028790929076848843,-0.0348584688349923
0.0,0.0,0.0,-0.028279117556363732,-0.009239575021116282,0.025668361155226013,-0.05131769922619395,-0.012969027260719222,0.046806686095182945,-0.0750996998736315,-0.01254744190187844,0.05975059411025445,-0.10023604570741253,-0.016404844137580775,0.06713824277400818,-0.09598270029280481,-3.3883136863096746e-19,0.020475032011482514,-0.12302832529006949,-0.006409918303914455,0.028761525861058887,-0.14765311932251562,-0.012028234749307884,0.03106590897120194,-0.1604207417488921,-0.028506682287159687,0.030020014883250637,-0.09684547224608747,-5.813291214139307e-19,6.301134974299343e-19,-0.13494199419498945,-0.0027086002679830076,-0.00031444380443880514,-0.16517064112425447,-0.0161587485858802,-0.006305790639223711,-0.19297767862966658,-0.031658021850714896,-0.0056936703538781955,-0.08953790801023662,-0.008991044872641204,-0.013796661277672775,-0.12284079835138817,-0.014542717685027486,-0.017489273957025063,-0.14641137132251514,-0.025166428614651515,-0.020299578135657748,-0.16903386586919872,-0.03939709389304534,-0.02226759608602849,-0.07477206874596165,-0.01701054869371567,-0.02824615072014663,-0.09733492892187892,-0.01699151782792391,-0.03316599997103788,-0.11724345410701201,-0.02112648568647292,-0.03593667755341583,-0.13453877600285485,-0.027611881900914074,-0.03491547700764648
0.0,0.0,0.0,-0.02833321860617575,-0.008795173017415399,0.02504318306245562,-0.051370006867585506,-0.011819770820916821,0.04614535002380969,-0.07481499867149284,-0.010847212992401793,0.05938118416069524,-0.09981621934465637,-0.014636664120676428,0.0668779844727153,-0.09548059789854921,-1.6574917826688873e-19,0.019825847909844832,-0.12226119366013002,-0.005625016138844888,0.02859425941905369,-0.14666831380931317,-0.009736559477262357,0.031074504889335358,-0.1601569867933174,-0.024149470272696587,0.030223100079094657,-0.09611756689543367,-2.6884112656105156e-19,3.715751371811335e-19,-0.1341151978865012,-0.0009865824842204525,4.015586367284922e-05,-0.16506131802047821,-0.012397078205912012,-0.006166431967195336,-0.19329441579736156,-0.025976417940541518,-0.005589116679246647,-0.08927615606345529,-0.008550839664381308,-0.013348654736521193,-0.12230693629777006,-0.012224210670555322,-0.016889352266786405,-0.14650789045442814,-0.021025753198297404,-0.01996426657452323,-0.16965653787688176,-0.03322763968576214,-0.02195846998147024,-0.07477396982098387,-0.0158378660087415,-0.027592322838281117,-0.09705702488065936,-0.014763342487717279,-0.03254468870230316,-0.11706964848254629,-0.017468360476073433,-0.03545114387097771,-0.1343262933977803,-0.022922673610911267,-0.03458498220156137
0.0,0.0,0.0,-0.02849588287521708,-0.008550327904650141,0.02496066357729877,-0.051748117738806124,-0.011660434811035767,0.04594486967204291,-0.07521133185996648,-0.010759755201272751,0.05933043464194386,-0.10012347584735934,-0.014175609562882222,0.06700731058803971,-0.09593683857377741,-5.668200747349172e-19,0.019748374250860783,-0.12290277979663888,-0.005476481268907214,0.028416865995957483,-0.14717492676732086,-0.009248448774803296,0.030945356832615244,-0.1611012835407269,-0.023327051469293755,0.030098847384478072,-0.09645638556891142,-7.850877420031766e-19,1.1878272331016046e-18,-0.1349067571358789,-0.0008064110437993633,-0.00010125386325780686,-0.16604011740725755,-0.011961954007919556,-0.0064827569390000575,-0.19426336498252417,-0.02559702257792491,-0.0058044843251719175,-0.08983637104859932,-0.008562710166887675,-0.013446945875779472,-0.12305944897319293,-0.01177904819447774,-0.01710758502025298,-0.1475569510598346,-0.020559384289361715,-0.020309237936776244,-0.17085448347586757,-0.032369073654729456,-0.02215506545405492,-0.07527223642464478,-0.01576158497020404,-0.027692974320980557,-0.09738575829607897,-0.014705335609202168,-0.03267191015718662,-0.11765735945608784,-0.01716322884009831,-0.035660209334366165,-0.13504240983126248,-0.02248264683032608,-0.034885905670138655
0.0,0.0,0.0,-0.028451684724755535,-0.008811282966823413,0.02506704946532122,-0.051782400517555144,-0.012228180572438676,0.046107927746630306,-0.07547276393578116,-0.01155514672822254,0.05942930721578968,-0.1005084444559316,-0.014686698375198572,0.06730296307836724,-0.09631301272284634,-7.116677315442339e-19,0.019916610023342485,-0.12333396332863716,-0.005718016259149079,0.028430718458267765,-0.14779563699367876,-0.009955264804265538,0.030907606656784492,-0.16152019876900175,-0.024778448883817666,0.030164787426048837,-0.09686395637636872,-6.964078886132473e-19,1.0828067333553934e-18,-0.13556003810831502,-0.0012711301303944354,-0.00037014959594367327,-0.16658369255643884,-0.013096742330036883,-0.00660065208770725,-0.19462773683541224,-0.0276413646396352,-0.005800345412396672,-0.09011852655991236,-0.008735478376862867,-0.013619495438296016,-0.12355154762850144,-0.012474681904674177,-0.017456233995498664,-0.1479881849584746,-0.021800237665840785,-0.020500442591505956,-0.17116217062812739,-0.03446779605485686,-0.022268345261064273,-0.0753780569537189,-0.016203289120747505,-0.02785659632954704,-0.09766061257715929,-0.015374224450682499,-0.032918086086868734,-0.1179384980685276,-0.018259953859778404,-0.03589489462859767,-0.13525993489536953,-0.023913949414106024,-0.035093454417152586
0.0,0.0,0.0,-0.02849244379023198,-0.008859781378769974,0.02498316820545128,-0.051861184820734194,-0.012356640494945507,0.046030016414286806,-0.07561684276109837,-0.01177809365999069,0.05946649867290685,-0.10081802143914914,-0.01479957451202265,0.06728137723871463,-0.09647846595842338,-1.5536261162292048e-18,0.019980068891043284,-0.12342759106076731,-0.005645157345450224,0.02829778113076588,-0.14792911787530885,-0.009945054250904015,0.030713797073728347,-0.16188387601271637,-0.024929643143234988,0.02991638744887604,-0.09696295769285329,-1.7235842328763011e-18,9.510769604543685e-19,-0.13569725192700047,-0.0013707057251348316,-0.0006112055798411852,-0.1666091162197762,-0.01328664774492538,-0.006934942368839814,-0.19451368010142486,-0.02793214703227195,-0.006214844172280203,-0.09025548093619762,-0.008827844201682516,-0.013667616741927905,-0.12363362868390601,-0.012632352044322687,-0.01767371275936122,-0.14814865154478096,-0.022074090082784124,-0.02083089265445717,-0.17134701380318557,-0.03494990712912488,-0.02266307317795778,-0.07541462216040545,-0.016371781020241963,-0.027892169655549238,-0.09770274900494555,-0.015576358293450561,-0.03299316830291645,-0.11813532335780022,-0.018407072466869623,-0.03602824895045067,-0.13548429611788343,-0.02406670301101875,-0.03533144494585332
0.0,0.0,0.0,-0.028580689019904744,-0.008816583962314196,0.025073357868390166,-0.052016003045029936,-0.01246040786580271,0.04615727547711433,-0.07594314594585573,-0.012136275408538233,0.05964473244697227,-0.10118932672533802,-0.014936101456889412,0.06748818551721517,-0.09685704144200515,-1.4024527216868977e-18,0.0201615819346569,-0.12387341934886925,-0.005592730707682286,0.02820932205186797,-0.1484101778421415,-0.010208494003707744,0.030497394952562144,-0.16241433682720968,-0.02561738736932965,0.029712011714478112,-0.09729914599239171,-1.2432429420753135e-18,1.5790992298326465e-18,-0.1361005722443292,-0.001773250465307537,-0.0008457059028668082,-0.16665259794858045,-0.014011020362237215,-0.007086933333829667,-0.19409035611584796,-0.029190522494566246,-0.006309751469919992,-0.09053007448332315,-0.008961555501773112,-0.01377610333499157,-0.12394826038908417,-0.01314350332414786,-0.017865510258784842,-0.14835438709036639,-0.023010482261369647,-0.020963566697880676,-0.17138737822136688,-0.03646619915912494,-0.022773637292557374,-0.07549586046399731,-0.016675027069782175,-0.02803724669018164,-0.09792172178103864,-0.016163728561535213,-0.03305830967657505,-0.11852601363911003,-0.019282917326678306,-0.03607861350690448,-0.1360139488526936,-0.02514618717650601,-0.03535251704059818
0.0,0.0,0.0,-0.028535158747461216,-0.009172181637894277,0.025564176089138434,-0.051850027819142476,-0.01281551927315299,0.04669278316243647,-0.0759768221879142,-0.012539549099170787,0.06008036270312883,-0.10130367557307947,-0.01525414287853677,0.06747995597346856,-0.09724581671420018,-1.2491436182402704e-18,0.020571736984532036,-0.12408165185928247,-0.005875638429564993,0.02832491039614201,-0.14893427886164656,-0.0113638616480809,0.030376620233662627,-0.16238726768924822,-0.027854659022592085,0.029367337564826082,-0.0976916967548628,-1.2016523352218467e-18,2.034102396030271e-18,-0.1363734434819291,-0.0026022880890057432,-0.0011757899395327949,-0.16627526711277477,-0.01576466115021503,-0.0071996771526129134,-0.19304821356771956,-0.03190471915050872,-0.006476046633382703,-0.090534626559438,-0.009164930726730566,-0.013988609173478564,-0.12407744579862728,-0.014256756459476643,-0.018162922756488425,-0.14792327605083272,-0.024841610567894024,-0.021237297805445254,-0.1705313419643701,-0.03992521607111461,-0.023282494249920294,-0.07516943129718856,-0.01707553253185868,-0.028433977834212948,-0.09807331514203545,-0.017077982529239397,-0.03330306832356049,-0.1186165287536691,-0.021115022069465125,-0.03608872451740511,-0.13594054184046905,-0.02753483776897153,-0.0354512991993689
0.0,0.0,0.0,-0.028497994549113503,-0.009229559157256567,0.025697289288578,-0.05189291578430714,-0.012814408011269401,0.046905342186959936,-0.07616645601359408,-0.01236679291236035,0.060301506759955895,-0.10163442854345195,-0.014970288321665127,0.06753406222960637,-0.09753256724315046,-1.1200126694452385e-18,0.020751624344917334,-0.124119981236159,-0.005861301516638667,0.02817799661287584,-0.14914359295094193,-0.011852512989723892,0.02998728025692086,-0.1625201683139515,-0.02891690155055021,0.028733571694415594,-0.0978959232448581,-1.1465118572937726e-18,1.1539244579685298e-18,-0.1361881791574568,-0.0031920279039639,-0.001552543668377265,-0.16538060167568547,-0.016853514766110925,-0.007501629469564783,-0.1913316013490578,-0.033480862443306066,-0.006846100741798174,-0.09051296235687906,-0.009253951733450647,-0.014125639719344888,-0.1239175719386836,-0.014961238514558975,-0.01848341763196063,-0.14739352964681174,-0.025983995712939002,-0.021568161372631914,-0.1696272815939141,-0.041966342946683825,-0.023731997136300434,-0.07490355538830615,-0.017295030992286888,-0.0286295526729685,-0.09807070262256906,-0.0176721528455115,-0.03337776707193647,-0.11870640299909407,-0.022230025456070963,-0.03615210540976153,-0.13608549821266405,-0.029033980825921415,-0.03564467901065519
0.0,0.0,0.0,-0.02843383801187293,-0.00902572923240534,0.02549670756611201,-0.05195369503940661,-0.012497236989967426,0.04674481701820668,-0.0762666695061974,-0.011857007093542565,0.06041044036797957,-0.10187922055319337,-0.01433763698454386,0.06730428730439998,-0.09730090768372651,-1.60819811441989e-18,0.020687749903821016,-0.12369372159918007,-0.005643206790325189,0.027934561168193536,-0.14856736315270225,-0.011669569654374268,0.029556073613542323,-0.16225675890758323,-0.02856194188793342,0.028222471552600766,-0.097577663064676,-1.8874333424249143e-18,1.1603196190404025e-18,-0.13537234730454453,-0.0034200075904205277,-0.001475729857102134,-0.16370034533390376,-0.016715770994233513,-0.007635803470125669,-0.18888870915693867,-0.03292769500019134,-0.007059673143171182,-0.09035388089246824,-0.009158557519571845,-0.013908476220385387,-0.12332971576649401,-0.014927640850077292,-0.018203728664383287,-0.1466350632651398,-0.02574447981413284,-0.021469651280123785,-0.16871007707583574,-0.04166350935906529,-0.02370520731687114,-0.0747703382875962,-0.017099964438740296,-0.028371683117459724,-0.09796614240629381,-0.017420470927419395,-0.03306179262962319,-0.11861834229932902,-0.02197090303250379,-0.035744701098673934,-0.1360145392203927,-0.02878495231778258,-0.03547355689531702
0.0,0.0,0.0,-0.02825366988273411,-0.009039613969021155,0.025650428847280214,-0.05194581649545702,-0.012586367838897047,0.04696656328708322,-0.0765744578879203,-0.011866535340743754,0.060748331946906806,-0.10231881475794397,-0.014125650533626952,0.0673014924893055,-0.09755143103788769,-1.1455335393087623e-18,0.020914349074717425,-0.12372054599394376,-0.005880721982109768,0.027805847518513817,-0.1486976058413297,-0.012755836261377048,0.02917731868947567,-0.16221343936372726,-0.03053038885595801,0.02768986324175517,-0.0977688634832253,-1.2447457146615852e-18,7.042151369249749e-19,-0.13503960307675472,-0.004661809834750671,-0.0016998193755091164,-0.16208869218964395,-0.018596482448178117,-0.007705954932139986,-0.18593110573885996,-0.035435499555263095,-0.007151989494101349,-0.09036354930877855,-0.009312182926897887,-0.01401839553222253,-0.12300426760050456,-0.01623785942873606,-0.018313133125299044,-0.14557879147803177,-0.027669477610755437,-0.021522231393084245,-0.16702772570687538,-0.04483836078349718,-0.02386968475387869,-0.0744292009870637,-0.017364416740807354,-0.028601912291893804,-0.09797820777818678,-0.018370358791459616,-0.033046746721745096,-0.11877743621576983,-0.023801074218353868,-0.03561435195293378,-0.1361865819080217,-0.0310847461269215,-0.03546980219271448
0.0,0.0,0.0,-0.027926302732001702,-0.008878901704271705,0.02613524677175731,-0.0518337807848958,-0.012394221542858675,0.04758511398098486,-0.07669803329828159,-0.011669949509880893,0.06143876337723336,-0.10267765925457817,-0.013704152786102625,0.06738614631041945,-0.09779322034649851,-8.869307975488448e-19,0.0213633871895712,-0.12368483224107558,-0.005966924653409364,0.02783441299205147,-0.14867184444363424,-0.013765802235107746,0.029102792996654647,-0.16194565390217802,-0.03242691725944941,0.02767328513232855,-0.09788436838056028,-9.50698327003577e-19,9.656221738241513e-19,-0.13461595490817746,-0.005921780346415292,-0.0016634274161745916,-0.1600829804469374,-0.020620187504025726,-0.007406924052608191,-0.18216901214417547,-0.03832472622601161,-0.006712090213587716,-0.09037627110766402,-0.009483414815547618,-0.014098811211421845,-0.12265598264866531,-0.017701641490992345,-0.018206424855219235,-0.14436966736825985,-0.02998946256897149,-0.021061837244182147,-0.16491019908828097,-0.04874225117976978,-0.02324977296905191,-0.07414249192864744,-0.01762096898521945,-0.02877141753534826,-0.09814663014455785,-0.01941044340153204,-0.03280886340404364,-0.11911941780998225,-0.025976338522667734,-0.03514843313085362,-0.13647919143010506,-0.03414058043370212,-0.034986304363464456
0.0,0.0,0.0,-0.027731599749333292,-0.008783418459743675,0.026318811777118575,-0.05186104838248508,-0.012157631527389079,0.047813411266458286,-0.07703563431337773,-0.011335193895612473,0.06172477765532939,-0.103198206044982,-0.013047180106207075,0.0672267533809214,-0.09803298132396336,-7.887136801857661e-19,0.021617879147157924,-0.12377809781157834,-0.006005937952437187,0.027672659801432624,-0.14867104822586225,-0.01430449253913266,0.02872249244925878,-0.1619513074866445,-0.033501006671596806,0.02721108917911507,-0.09803271799503903,-7.801744371066405e-19,8.570840955491407e-19,-0.1341263123092589,-0.0070306673987645,-0.0017442574003230444,-0.1576727421371666,-0.022043410819630904,-0.007339101538992953,-0.17781366611233768,-0.039693490257175834,-0.006623816342540514,-0.0905093192715179,-0.009526459850094798,-0.01415693688235404,-0.12235990850229239,-0.018652311164100578,-0.01815624497613966,-0.14324354280742413,-0.03142762004917827,-0.020834397325134674,-0.16290992904046758,-0.0507780190639547,-0.02291700575010281,-0.07406541985298384,-0.01765047546990991,-0.02890033532242127,-0.09843289065496222,-0.01996729105107259,-0.03271908485520645,-0.11961883319300633,-0.02727261086920075,-0.03485310343812746,-0.13687255394451647,-0.03589211046936364,-0.034700460110511006
0.0,0.0,0.0,-0.027423865818374416,-0.008669319031595017,0.026560040902323792,-0.051827178054759754,-0.012079193957099327,0.0481212605835155,-0.07726718909032887,-0.01154705091042927,0.06209105310652324,-0.10384027084520009,-0.013111889187336755,0.0670385308866597,-0.09827331401954009,-9.224213169136324e-19,0.021876929921762468,-0.12385801843880781,-0.0061679984036069595,0.02750283487577456,-0.14860061281861053,-0.015091428962023723,0.02838678018961712,-0.16197778876901708,-0.03511449253837295,0.026903200600807413,-0.09821147685805293,-8.150049783160292e-19,9.39055387259898e-19,-0.1335468812903743,-0.00850539376038804,-0.001758623228761506,-0.15479233578769086,-0.02401708392038688,-0.007175480649917175,-0.17272812092964623,-0.041632008222064296,-0.006452010046783535,-0.0907038602089296,-0.00963436740562488,-0.014082866008003563,-0.12194861544679536,-0.020024825961314774,-0.017882478372665912,-0.14181795346377118,-0.03357336463292163,-0.02032254318938949,-0.1604838902180991,-0.05370231643169236,-0.022273235365842248,-0.07409609634974726,-0.017755441502207696,-0.028837369481457167,-0.09873876212553917,-0.020879549554461876,-0.032500719115441994,-0.12013880354444598,-0.029120257935528436,-0.034297459906118745,-0.137234366767285,-0.038317576984587765,-0.03423498743171767
0.0,0.0,0.0,-0.02725954870647123,-0.008400621728923127,0.026592175487618098,-0.051937516156569136,-0.011519774620197414,0.048182135213600395,-0.07747998856616087,-0.010972529658665766,0.06238989164195406,-0.10420128890729058,-0.012236869694038666,0.06680758081248282,-0.09851643069406754,-3.8043107037331925e-19,0.022033860661044877,-0.12382883193368206,-0.005898505384205742,0.027269629454972848,-0.14838483535474223,-0.014970967787163631,0.0278862725330073,-0.1621641222188058,-0.03535297155926332,0.02637304435697995,-0.09825309028367746,-3.237484324746862e-19,2.6635786065944064e-19,-0.1327057355790914,-0.00942443403864786,-0.0017566558777130181,-0.15141756456872374,-0.024713545128398816,-0.007159026549085795,-0.1668684803275049,-0.041667254405375095,-0.0064754272419772375,-0.09099382317218326,-0.009664738992638863,-0.013949078201612324,-0.12151082557611195,-0.020545498820174757,-0.017538492343913227,-0.14054379904028913,-0.03438033014599948,-0.019833948427567447,-0.15818114815619588,-0.05459528712855897,-0.021528590756343807,-0.07421416006901921,-0.01766165836764078,-0.028709041733503027,-0.09923774335478147,-0.02095801608287877,-0.03221168673576094,-0.12115790421864081,-0.029756555576340334,-0.03378781886012382,-0.13817142195067308,-0.03940010126488555,-0.03377579670817476
0.0,0.0,0.0,-0.02703558221019133,-0.008288158853015652,0.026782286340543172,-0.0518291753081775,-0.011169041087300576,0.04835119241960584,-0.07761047662222909,-0.01035753372578479,0.06270290816507171,-0.10461944715112884,-0.011072082146501978,0.0667688485093798,-0.09859166322814245,3.6506011618310206e-19,0.02227514843850253,-0.12380977134243197,-0.005908056665426762,0.026931075866310827,-0.14800897143883793,-0.01542283382191218,0.02736063523012585,-0.1618829789354127,-0.03644425394981478,0.02566920242805596,-0.09833727377273938,4.575722049715767e-19,-8.456273585332919e-19,-0.13147397132286198,-0.010961775680243913,-0.0018244720753385333,-0.14700265726102418,-0.026610368553807644,-0.007227798942391545,-0.1593594216278317,-0.04285573382335915,-0.006711423185961993,-0.09127447538689956,-0.00962297678006551,-0.013899279557906093,-0.12081489116560234,-0.021708348226716304,-0.017356901485949712,-0.13855775630770978,-0.03639047611089649,-0.019348811897247853,-0.15469370193508047,-0.05666522992862722,-0.020776020477098006,-0.07446022988056927,-0.017695351512030506,-0.028670608265512088,-0.09966894455821754,-0.02154607774469451,-0.03197672051497849,-0.12182565447654548,-0.03125529961233611,-0.03328250152941325,-0.13862265586137962,-0.041690061154572376,-0.03310942784705379
0.0,0.0,0.0,-0.026959774311436348,-0.007747919357679916,0.02669792274326295,-0.05190868426650442,-0.010309081140887551,0.04824394692206264,-0.07759634410714303,-0.009225433826493212,0.0628864044282195,-0.10477923653152299,-0.009669223800037274,0.06643268640810776,-0.09853222640225473,2.6494307418747573e-19,0.022202043046043077,-0.12332319039910233,-0.005644479294061345,0.026380378345498154,-0.14668027648800597,-0.014688968698304512,0.026544890895944077,-0.16147921339912152,-0.03586278402272171,0.024437719561501522,-0.0977533835360262,6.744872215123746e-19,-3.222133662172504e-19,-0.1292409929499897,-0.012337118817902903,-0.001457181624228921,-0.1413961950026804,-0.027701180971371163,-0.007106079258915083,-0.15049233728698666,-0.04274205070854837,-0.007200156978172103,-0.09126970130222349,-0.009503958964208664,-0.013605831646199728,-0.11928638930716758,-0.0221259186089426,-0.01654803983203238,-0.13603595936056845,-0.037623496504169254,-0.01880855367137604,-0.15062524414233724,-0.05702121647450497,-0.01999610808398594,-0.07443744071723903,-0.017332612691675353,-0.028201533178441214,-0.09948824517774428,-0.02141058636259982,-0.03145869927974778,-0.12210522215122176,-0.03165377414880756,-0.03263867728259698,-0.13879612581525774,-0.042513980676616055,-0.032863670532056494
0.0,0.0,0.0,-0.02644523364827804,-0.00770834623857628,0.026954434319517162,-0.05143552814449056,-0.010225539706531063,0.048579249867013764,-0.07729249028541585,-0.009121527065552961,0.0632653941852657,-0.10486296750676696,-0.009221460515948927,0.06626826676169252,-0.098292382968273,1.4796605374340081e-18,0.02261622039193468,-0.12316763635834743,-0.005712725192092307,0.02593689645891687,-0.14599807897195566,-0.01552202670538667,0.02583412297607579,-0.16066954128763977,-0.03796021124432496,0.023390743194255992,-0.09783311420562568,1.9400205841057687e-18,2.4405954223476425e-19,-0.12758361027655646,-0.014634656758432781,-0.0014737394823414207,-0.13516399923723926,-0.03088096897162755,-0.007078223280406724,-0.13994391486589902,-0.04487251588457662,-0.007281381555077481,-0.09171104161972908,-0.009461747529160625,-0.013664899422287265,-0.11858327793530621,-0.02387074611295694,-0.0163749150118057,-0.1335010929714723,-0.040564412675792666,-0.018149455464150428,-0.1461859227125341,-0.06005244114004757,-0.01879900685537193,-0.07488467578404945,-0.01749379497016803,-0.028466450957109292,-0.10016645758374626,-0.022367625014203737,-0.0314011140775194,-0.12313851262266867,-0.033919979305373486,-0.0321320216868581,-0.13960332560829075,-0.0457375620722366,-0.031913540301461756
0.0,0.0,0.0,-0.025981347865071745,-0.007472524009028112,0.027073419686875225,-0.051235260142152475,-0.00933728016949882,0.04873528454795609,-0.07737932023804706,-0.007841010846018577,0.06332993291374306,-0.10501975791946777,-0.007428898087250679,0.06580784714363855,-0.0982464649539497,1.6519805269593737e-18,0.022864846945541896,-0.12323493085677717,-0.005586256267325816,0.025613558183816516,-0.14551034375730992,-0.015471095531894546,0.02540608085096913,-0.1603724580203596,-0.03835401813565176,0.02274628728538404,-0.09787317386984894,2.0291456835167876e-18,-1.0184986079942362e-19,-0.1262607139182656,-0.016264936174243804,-0.0011243931181433126,-0.12945403612733317,-0.032504122712272515,-0.006263230156137117,-0.13031185318916144,-0.04458355667314612,-0.006458732802615424,-0.0921502943224631,-0.009395408362723234,-0.013728697911512261,-0.11782404814214072,-0.025133461173786356,-0.015833980416290853,-0.13088856035836785,-0.042267236482916984,-0.017060838256465892,-0.14173277123073064,-0.06089196913111547,-0.017202618587640876,-0.07526902020135273,-0.017524045026056756,-0.028576564639656202,-0.10082296785828807,-0.022810908668565312,-0.03122740172318858,-0.12418524782496765,-0.035340782588184294,-0.03157517836585641,-0.1403465514626846,-0.047544829153717216,-0.030940583154068654
0.0,0.0,0.0,-0.02548656971388483,-0.006907223053421792,0.027480598720553355,-0.05144037611711868,-0.007538943721265255,0.0491079737852869,-0.07832237077242843,-0.00541229683264078,0.06333274174253405,-0.10610839259539258,-0.003978309169619736,0.0650984013698692,-0.0988249820646343,2.1725548553404667e-18,0.02358782745343036,-0.12428924751393275,-0.005129597256654116,0.025436541703419517,-0.14608058507160343,-0.014828008549438994,0.025080732457710645,-0.1611264278099921,-0.03817399520457822,0.02214033396170783,-0.09854084204585584,3.0479338597583822e-18,3.849149775047895e-20,-0.1257314562640001,-0.018782800306210077,-0.0006438786017676346,-0.12179087099613894,-0.03498042795422727,-0.004853742302156594,-0.1153224323615286,-0.043896560124294104,-0.004140394254311267,-0.09325070452996381,-0.009617248387157403,-0.014059334332124092,-0.11796101489292114,-0.02719325805614282,-0.015647865234813922,-0.12874752682764412,-0.0445009550419608,-0.016076726282556075,-0.1375396904925261,-0.06188602445492575,-0.015555252725229361,-0.07617918893613362,-0.017884170540483454,-0.02926121973522347,-0.10255337523538194,-0.023785427896924657,-0.031242095459120756,-0.12670440883589362,-0.037651185784796364,-0.031006547931437506,-0.14202634101302875,-0.05036123011955232,-0.02973793855774997
0.0,0.0,0.0,-0.02486184621739387,-0.0061920450452908685,0.02715545445570171,-0.05086185053935825,-0.005464525909476423,0.0484058962215386,-0.07675688382457974,-0.002941365300527767,0.06211100413331545,-0.10369426806866876,-0.0010234399500700674,0.06324022553512103,-0.09685627923246848,2.196923265507774e-18,0.02310638945421271,-0.12158484620206118,-0.004828148605534396,0.024097983468292377,-0.14267414245413707,-0.01325463323167551,0.02376715883348335,-0.15872616947896928,-0.035418623393150425,0.020666357289140985,-0.09664057770640183,3.004344975627509e-18,-3.2691551974771177e-19,-0.12141488928294827,-0.019109930835473007,4.483843925421347e-05,-0.11141822297071663,-0.03304676398835872,-0.002555785136190835,-0.09984550701650236,-0.03705977567789491,-0.0013709524139777106,-0.09218875781428632,-0.009028551019094621,-0.013383852283454477,-0.11504210015287289,-0.02697891945485998,-0.014145572031779338,-0.1237233182639687,-0.04318539785725919,-0.013647182836888663,-0.1309375357871248,-0.057316938528893205,-0.012387140020733644,-0.07554945915531018,-0.017172844508484584,-0.02852129939477584,-0.10203983302499522,-0.02264853006742526,-0.03016888963831337,-0.12687763935876875,-0.03664906274068013,-0.02945116581246913,-0.14239427623222228,-0.0489694134269954,-0.027795416830515726
0.0,0.0,0.0,-0.024167644022022546,-0.0061200840729898325,0.028397079160917542,-0.05070059145476516,-0.005341885066811105,0.049785970894787555,-0.07864179419469641,-0.0023359100713640363,0.06316760137878874,-0.10654646894993797,0.0003943127714337014,0.06331968924280587,-0.09892961513582513,4.12871230066827e-18,0.02473506304733124,-0.1255325690477847,-0.0049245294377164815,0.02490608980591584,-0.145957920035596,-0.014741393818378662,0.024836703454340137,-0.16141683616078734,-0.03944469924687341,0.02191858594710346,-0.09919538898877209,5.182607770570324e-18,-1.1748828955397718e-18,-0.1238734434937066,-0.023022727604349636,0.0013326046645981545,-0.10839831061443973,-0.03874841371472226,-6.992482381304108e-05,-0.0926369304976101,-0.040747581855676,0.0015857816079656853,-0.09525121449164278,-0.009556117024799193,-0.014307641943549276,-0.11731927945578034,-0.031060176043996475,-0.014341666313717055,-0.1229520748211552,-0.0493548133903151,-0.012146491748100296,-0.1271373258376476,-0.06386850845388972,-0.009496821372199322,-0.07835323657272315,-0.018459017329944927,-0.030077073165336414,-0.10563495965903774,-0.025430599487883954,-0.031041849721395003,-0.13086087624377377,-0.041978696060116866,-0.029480365440692474,-0.14581762156505984,-0.05529831747516302,-0.02666056948696342
0.0,0.0,0.0,-0.0235106715782299,-0.0059556312968867585,0.028833585453260945,-0.0501072879795238,-0.005133966849124913,0.050063735719989864,-0.0782924464106241,-0.002251323927029312,0.06299001466224222,-0.1062919303397471,0.0009180676870169192,0.0622922014379933,-0.09888769278527901,3.1354478076180004e-18,0.025112121131491128,-0.1258085785575721,-0.004990939811685095,0.024638238963655593,-0.14556254244489786,-0.015023457829764837,0.024557362368294713,-0.16106447403828758,-0.04101705388365813,0.021780314653390392,-0.09937941125966582,3.3159240274995618e-18,-8.018163821256784e-19,-0.12213289887035764,-0.025030489487749108,0.0022185135024527904,-0.10197157628788997,-0.04105535205517185,0.002074259696728549,-0.08243804847370309,-0.04029662823754361,0.0037042506000446963,-0.09592332753684862,-0.00949886768727344,-0.014357362811932058,-0.1163080268547764,-0.03323592579672397,-0.013242484891830348,-0.11860252701107067,-0.05251677003593731,-0.009431403774440895,-0.12006746678654562,-0.06608939728455993,-0.005394015605457084,-0.07906440311895277,-0.01899663844601012,-0.030318629643406383,-0.10667899278942536,-0.026530140369352754,-0.030971520575462624,-0.13219322459352395,-0.04483812718925069,-0.028768651626071173,-0.14688120187518938,-0.0589619499875447,-0.02494546420404964
0.0,0.0,0.0,-0.02249548794904377,-0.005819487065716902,0.029291521818244997,-0.04886714161843819,-0.0046862224290628324,0.05079519753163314,-0.07738383181079476,-0.0019395896430004535,0.06350386291503204,-0.10552201254182644,0.0015495638688091853,0.06180880599434781,-0.09807428425221006,2.798455719815907e-18,0.025611956207086894,-0.12552823855851827,-0.005143610783873629,0.02468600171926375,-0.14473357305481704,-0.01539459091444942,0.024689931826718723,-0.16040046967205587,-0.042459304784824625,0.022059607695991943,-0.0993623715584846,3.571055883338049e-18,-9.150632891480705e-19,-0.11963224213890572,-0.027140165137785634,0.003665694429111556,-0.09537532694861678,-0.04313648692202751,0.004989617768193979,-0.07301961598381446,-0.03945805580522175,0.0062938043315603435,-0.09639505630990025,-0.009528929757049664,-0.014403515792026568,-0.11483722866895299,-0.035211105021248475,-0.011279296155302933,-0.11315982530759075,-0.05509482465352676,-0.005807294191269354,-0.11114766305890084,-0.06729221360132989,-0.0006152899159680104,-0.07980959502525238,-0.01926818706446331,-0.03046286507473551,-0.1075227979386516,-0.027813544718369766,-0.030614781862776157,-0.1327698173811901,-0.047624500915366255,-0.027572908461161016,-0.14721633964484776,-0.06234598849851611,-0.022403577771095407
0.0,0.0,0.0,-0.02189645710726991,-0.00579277916540196,0.029689243360181933,-0.048288320837445164,-0.004431320688674182,0.051277429816871514,-0.07721270098895597,-0.0016906721886929261,0.06374110335845544,-0.10551656814214506,0.002042358765464165,0.06123799352109274,-0.0978925107626396,3.611512434082467e-18,0.02603837713842226,-0.12581102818297643,-0.0052144989291678,0.024745720273205735,-0.14467169734722907,-0.015600669045905905,0.024754901517975207,-0.16039878512278766,-0.04352609304571296,0.022249866943720303,-0.0995782193091759,3.843479248107744e-18,-4.688437692917475e-19,-0.11842903872529487,-0.028780674263152513,0.004708172355465386,-0.09090354886881716,-0.04499590795695287,0.007025332399171422,-0.06629474531755651,-0.03928428921968247,0.008270734290137333,-0.09692891163055666,-0.009514565398122154,-0.014507682163920614,-0.11402210948476481,-0.036826607675304934,-0.010272129277237035,-0.10975141559303017,-0.05708463808872713,-0.0036474774935902833,-0.10562579308725238,-0.06825713317395907,0.0024662606510804895,-0.08047555120231772,-0.01957214123200128,-0.030701365612037654,-0.10835494743673356,-0.02870863670004376,-0.03060234364191053,-0.13354373197103767,-0.04962527515316148,-0.026962375514110556,-0.14767952386873995,-0.06486049223882945,-0.02093916096721812
0.0,0.0,0.0,-0.021291412515564514,-0.0059202600476848475,0.029941258853425846,-0.04760781630476743,-0.00444191878697046,0.05161029119181686,-0.07707810265607154,-0.0017920793723634678,0.06385017793659253,-0.10561980453016698,0.0020298047917377683,0.06046157423384137,-0.09725095408818518,2.8982479252375106e-18,0.0264262845351562,-0.12554274748793667,-0.00520195622110729,0.02475907037820079,-0.14414575814380676,-0.015498566988715382,0.02458860928114636,-0.16027560977828392,-0.04428493229286595,0.022327090190563934,-0.09930664585680288,2.5893710048430857e-18,1.7485518242343717e-19,-0.11672377651937932,-0.030379662653353377,0.005783763489427081,-0.08647379435643603,-0.04685409171255236,0.008935204420594624,-0.06018586031655743,-0.039393435723393974,0.010235460527517164,-0.09695484210100312,-0.009364471764846036,-0.014680645414082757,-0.11259595706950344,-0.038125417482904836,-0.009317769435912285,-0.10627987553226118,-0.05843761389058397,-0.0017289606748086637,-0.10044426818977897,-0.06819796354653465,0.005346029254953718,-0.08065418813419148,-0.019759602779953728,-0.03086330166403138,-0.10842279230902113,-0.029121389366249677,-0.030811360661978475,-0.1335801814294451,-0.05031891680904671,-0.026786286876345287,-0.14767909200640283,-0.06558712981972034,-0.0200399436491298
0.0,0.0,0.0,-0.021071085710676323,-0.006140963650443794,0.030335650013255232,-0.047399483936946124,-0.004891039583358604,0.052362201701734744,-0.0773460243852189,-0.0023593182437899197,0.06437218207266943,-0.10607714227052284,0.0012638279458055597,0.060015428525761035,-0.09758844404915697,2.9814834894359113e-18,0.02690371202483985,-0.1266306753480933,-0.005034030912352157,0.02499821052783167,-0.14514971104440325,-0.01500759991082261,0.024666632108156634,-0.1613233881946059,-0.04472941504625419,0.022570234984591604,-0.09974135969137407,4.043391796818961e-18,-5.642843096741675e-19,-0.1160269666009002,-0.03173335370070212,0.0072743061757925415,-0.08298124949024879,-0.048571203007007874,0.011338914211315224,-0.05524409002049944,-0.039461578374421755,0.012268353609840209,-0.09741489036761453,-0.009323886946127666,-0.0145986896737316,-0.11116197753082654,-0.03979349933587989,-0.007926309248897293,-0.10064901878919381,-0.05937305586957603,0.0007172581609027006,-0.09131208855425568,-0.06660347297135262,0.00869501594493084,-0.0811915993404349,-0.020305611594955142,-0.030955981875617225,-0.10938732666260065,-0.03034761355193162,-0.03113003743163798,-0.13417986789089545,-0.05246951356501849,-0.026287964874848843,-0.1474261437773423,-0.06858732997141685,-0.019077095105416216
0.0,0.0,0.0,-0.02073604810733226,-0.005952278363869291,0.030548087485122423,-0.0472169762596194,-0.004491201305663806,0.052382969345739924,-0.07735877486183075,-0.0018868507700371031,0.064292965927679,-0.10614926376736813,0.0018435736686280635,0.058898441650609354,-0.09749476447520543,3.619793791518613e-18,0.027024820664943966,-0.12678983132658617,-0.005447601640448002,0.024982274809550307,-0.14488079956289632,-0.015294578023631829,0.0246088479316681,-0.16121040251852675,-0.045653275715035996,0.022758540171388852,-0.09980535350941543,4.579714864503517e-18,-1.0510702729448738e-18,-0.11482302547868532,-0.032727972292955966,0.008348241765281515,-0.07997075777001068,-0.04949377585070322,0.012804709285718053,-0.05130254589055452,-0.03915338957919108,0.013527943470380657,-0.09762462113857098,-0.009317092499571165,-0.014595878935739888,-0.11059071724734915,-0.04062304138673195,-0.007098601358576805,-0.09949696223839283,-0.06093191567829091,0.0019086861775117789,-0.09006719340044593,-0.06785347433842948,0.010295712023947749,-0.08142609689795935,-0.020471225782502205,-0.03088058111540768,-0.10953050443950625,-0.030961008711383603,-0.03099958093271415,-0.1343783020769678,-0.05384157917664585,-0.025750899797031594,-0.14743912319391678,-0.07029535652616445,-0.01805000802075587
0.0,0.0,0.0,-0.02038726247464782,-0.005905751950324412,0.030790128415823834,-0.04702440687314085,-0.004198434795837087,0.05245989179540532,-0.07721300124951447,-0.001795846590464326,0.06406047228406336,-0.10612259048178055,0.0020137910884662747,0.05803290804937396,-0.0975034259804948,3.743518455169272e-18,0.027025664972225173,-0.1268563359886405,-0.005874631141750653,0.024976010122958067,-0.14495756538418975,-0.016210476723164127,0.024907185645910403,-0.16080671780115305,-0.046769941332806333,0.023133938037494552,-0.1000748675722837,5.228219771337403e-18,-6.687770165901083e-19,-0.11418867399900906,-0.033529257494863095,0.008925790544584032,-0.07808367243830497,-0.05034998264564498,0.013692411828344743,-0.04908000229702514,-0.0392972099184657,0.014268947409156735,-0.09802897200991784,-0.009539687217692303,-0.014509972747266793,-0.11044367827829837,-0.04169355154266756,-0.006521649049856091,-0.09945598819501292,-0.06281216717781982,0.002937849282288834,-0.09077289931817292,-0.07107335626579124,0.01136998641772597,-0.08181781125306714,-0.020816941385687245,-0.03076687141245822,-0.10969232703060369,-0.03184843931712296,-0.030404383734904797,-0.13417737700436294,-0.05597591995687253,-0.02470569241917063,-0.1468770407947061,-0.07307497763763926,-0.016649857011500763
0.0,0.0,0.0,-0.020008689922762387,-0.005976626052878622,0.030706198271929115,-0.046658966388197984,-0.004421505232611058,0.052663606398387755,-0.0771292942735079,-0.002410480295460138,0.06428655134085721,-0.10632955995618351,0.0012288067781565284,0.05789663056898524,-0.0975392325923786,3.858183660133957e-18,0.02730969348054488,-0.12742773639401095,-0.006202423995178595,0.025466763673899745,-0.14533017645006052,-0.01677237634407512,0.02541159067759307,-0.1609070500103328,-0.047743152256409946,0.023768206376998724,-0.10048951892322985,5.916467210300475e-18,-6.957635802442481e-19,-0.11403539940365254,-0.034552222638518745,0.009743270659527186,-0.07698158962974226,-0.051005460889320536,0.014654250254232132,-0.04759966968460329,-0.03944952703813066,0.0149218232251489,-0.09864573595030916,-0.00977369036627063,-0.01462779204199691,-0.11012202303266186,-0.0426688746071728,-0.005777523581180452,-0.09800657298786834,-0.06373993652018704,0.004001383351326296,-0.08805752521867963,-0.07119913838463332,0.012625348989944716,-0.08255287507769413,-0.021001155152282475,-0.03083801254289309,-0.11020085759530457,-0.03261683701440078,-0.030256840476489175,-0.13422116475825452,-0.057303360025273045,-0.024221888749557642,-0.14634939206818698,-0.07468505439337876,-0.015837914224735464
0.0,0.0,0.0,-0.019915538398091907,-0.006009030706181042,0.030646534941415234,-0.04644356282218716,-0.004629565630953876,0.05280885957551426,-0.07695310226221544,-0.0027536775367165557,0.06438749424719964,-0.10614373204494679,0.0007068501170165057,0.05776018086853525,-0.09758870641491083,2.0005373405477564e-18,0.02738887257484054,-0.1277586563301979,-0.006159610457860318,0.025563578498316114,-0.1456634410189228,-0.016515597654512233,0.025579569823565955,-0.16135682476273333,-0.04762761874694187,0.024097327828728754,-0.10061774505027157,3.86484627306383e-18,-1.4436988702509948e-18,-0.11376664996754565,-0.0348661478913454,0.010249034164154597,-0.0762836165073162,-0.051080625656520426,0.015234580443026328,-0.04677581125828021,-0.03905722382449821,0.015261377101925115,-0.09883479166882675,-0.009801680173006306,-0.014583673523024367,-0.10965372067482285,-0.042838048131572735,-0.0053353763615704135,-0.09661589970230972,-0.06341713693007514,0.0046451176618802275,-0.08578429703613896,-0.06974759939521474,0.013375404011693015,-0.0827880442752273,-0.021061666896296006,-0.030747854016233332,-0.11038235279912759,-0.0327400858338317,-0.030244032136567983,-0.13440409701139872,-0.0573548657946749,-0.024045166338115438,-0.14622608930977027,-0.07483925651320894,-0.015468875690779066
0.0,0.0,0.0,-0.01982120483663205,-0.006040574855468835,0.030487862156192824,-0.04635934835293737,-0.004651326470274519,0.05258007983710743,-0.07673425317034677,-0.003088439367473099,0.06419455991911749,-0.10601920454196084,0.00018810311074589922,0.05732560118829132,-0.09738330072018828,1.1730617002533907e-18,0.027297541489817344,-0.12760702714966185,-0.006479973182811749,0.025571533749964494,-0.14539074535135232,-0.01705608945680637,0.025709519622675925,-0.16086573232689277,-0.048065416102729054,0.024193674252119254,-0.10051826078858223,1.6376283987558689e-18,-8.526842243101569e-19,-0.11341204305821662,-0.03499293633184408,0.01025760649229978,-0.07624229926846655,-0.05087441716603947,0.015023235748786345,-0.0472336737199231,-0.038760176558836026,0.01500068461301734,-0.09879098401388203,-0.009942508363234428,-0.014631463767267643,-0.10956703808129396,-0.04300457543687164,-0.0053501110684987425,-0.09742261025675328,-0.06411256020801955,0.004517586650620096,-0.08755585060507724,-0.07132895798202787,0.012988830381885773,-0.0827604219047163,-0.02098809493627303,-0.03065825518712587,-0.11000211492642364,-0.03270862151011725,-0.030048938137366026,-0.13380566186651924,-0.057555923450067145,-0.023957006217984595,-0.14559658399373315,-0.07520385411924027,-0.015604268101845446
0.0,0.0,0.0,-0.019824650526070506,-0.006051504558302058,0.030376799797137168,-0.04640263970474266,-0.004665824116651319,0.052334474827107166,-0.07649184822676092,-0.003318714372818186,0.06390176885444707,-0.10580305622967343,-0.0003067895862545371,0.057042740314993054,-0.09729626774833496,1.0397661325232486e-18,0.027126816693536615,-0.12733007571054467,-0.00668741167459,0.02551786010803235,-0.14518428252555107,-0.017459570556481775,0.02583972113872149,-0.160266820292913,-0.04812718306423798,0.02419689663085963,-0.10045614735314326,2.673394878248594e-18,-8.094886997989295e-19,-0.11341304801675164,-0.03476224962774456,0.009922455148121507,-0.07711774610069311,-0.05041606947294449,0.014482875465089544,-0.04894864832459373,-0.03853580674213644,0.01462012478633187,-0.09867036567328732,-0.010078459203465352,-0.014681412635902126,-0.10989764815192912,-0.042841330361112345,-0.005606895164204744,-0.09916688985245734,-0.06450269876537365,0.004038870223314001,-0.09081439320589596,-0.07305670467094717,0.01206748294949846,-0.0826352218590839,-0.020903652109342252,-0.03056134361919652,-0.10953920908267259,-0.03252207563016481,-0.02990035186007255,-0.13309212258535272,-0.05733388999134299,-0.02398886589123104,-0.14492219582830737,-0.07485081184619452,-0.015925770350295756
0.0,0.0,0.0,-0.01967091018361474,-0.0062035762644263095,0.030152859518302773,-0.046328336813777446,-0.004713442243257048,0.05210560111281627,-0.07621980175862282,-0.0033543888103023532,0.06355126333720791,-0.10554093348498753,-0.0006433090161119146,0.05679005981109191,-0.09706942010056398,4.935069041491498e-19,0.02682053272045095,-0.12665610138815897,-0.006762518280712016,0.02559358435112283,-0.14463444333953207,-0.01774573228957573,0.02614089090253781,-0.1593184051920627,-0.048077892685614354,0.024396890419651908,-0.10028784280661537,1.9231123245547507e-18,-4.455650181295049e-19,-0.11320034261265435,-0.03429883259286659,0.009537447866556348,-0.0781761733596869,-0.049732017444223384,0.013728973365028267,-0.05116711910998767,-0.0384319251613441,0.013865091804450811,-0.09841588554903957,-0.01005880297052223,-0.01472001709098426,-0.10998049192861244,-0.042221151148954514,-0.006016032991045835,-0.10103661718015733,-0.0641416604254096,0.0032457838755412336,-0.09442406796993152,-0.07389604795674111,0.010871188347671345,-0.08240835743817186,-0.02060371420847861,-0.030452749296256812,-0.10884767416166811,-0.031808700465887574,-0.029871264855616326,-0.13219368917200275,-0.056073525239829336,-0.0242079777543224,-0.14413703901893254,-0.0731884022175387,-0.016468609770551722
0.0,0.0,0.0,-0.02028049654116823,-0.006198414612672695,0.02993571854859603,-0.046773934184029614,-0.0049952634528847035,0.05173162460052756,-0.07621069732855598,-0.003968397126591283,0.06332092267063363,-0.10528030166599125,-0.0013768189865695293,0.05663254185180679,-0.09697671719931954,1.5518249387127488e-18,0.026515893586707258,-0.12665748525945447,-0.006639869756924394,0.025426571173143415,-0.14490391521505674,-0.01702748691939676,0.026005964141112198,-0.15994800671513326,-0.046493980098486466,0.024184306801810593,-0.09989631442384833,2.9379166973476375e-18,-3.1563863076330347e-19,-0.1136024982313116,-0.03315590914801721,0.009176888262325881,-0.08049118423112776,-0.04814368550581835,0.013079361399394016,-0.05503717348172642,-0.03704198775225354,0.013281482011307846,-0.09791433761075577,-0.009970524891465788,-0.014529396840834034,-0.11021665563288291,-0.04108490186276956,-0.006181848801532262,-0.10219646574491592,-0.062279497955728576,0.0027985563065504775,-0.09649324489996551,-0.07187655141204713,0.010173550194686576,-0.08194706536323573,-0.020376085277665615,-0.03012756169343962,-0.10829847720023478,-0.03100376770322908,-0.029871594589319164,-0.13188926343754512,-0.05443911145087858,-0.0245779610632293,-0.1441752052439853,-0.07120364367693933,-0.017186918980236325
0.0,0.0,0.0,-0.020470421837274044,-0.006304219538622,0.02961901428584351,-0.04685368404386378,-0.00520428912524998,0.051436019608745824,-0.07596967013055396,-0.004413805115182329,0.06315361641129139,-0.10487506760807463,-0.0022177454240565075,0.056634358885538576,-0.09673018832460108,1.1048220523201572e-18,0.02610993967575867,-0.12604523382782742,-0.006666787990221534,0.025494875174698454,-0.14446453183956293,-0.01672723845727065,0.02619186220319187,-0.15944900743757837,-0.04530098695931615,0.024221106467159536,-0.09954720782915641,2.890041565163044e-18,-8.158031494748608e-19,-0.113776812300936,-0.03196514659087408,0.008584292332502925,-0.0830501189531754,-0.046244502031180273,0.011969999068175002,-0.05945556183225073,-0.03576557310337329,0.01214698099492493,-0.09749430471735396,-0.00986740999187499,-0.014587981757850416,-0.11035354721527152,-0.03968403799954466,-0.006758916875695481,-0.10401495986103956,-0.060423780343272254,0.0016162565240305559,-0.09974800592667166,-0.07023546576315559,0.00844127909844562,-0.08158370721794941,-0.019814339847824197,-0.029944826919386672,-0.10755870717404858,-0.02986705345171127,-0.029963703617872137,-0.13092276463247465,-0.05221646837074123,-0.025165452126043788,-0.14339436966391847,-0.06851436661765227,-0.01827764826282979
0.0,0.0,0.0,-0.020696825303075907,-0.006301148435186174,0.029279340094219397,-0.04703336274763702,-0.005214658834196545,0.05117579986705706,-0.07560985969945555,-0.004488633808611331,0.06301882902276981,-0.104401775058274,-0.00252415920092991,0.0566402950324668,-0.09647346121933567,-1.4915604967029782e-18,0.02568834893198748,-0.1252399200432956,-0.006477454968184067,0.02559487058577795,-0.1439551873778538,-0.01609998157104738,0.026558994507314294,-0.15893591130287815,-0.043614891528727065,0.024831744867075095,-0.09900498183002414,-4.769287709060026e-19,-3.840671563967906e-19,-0.11414366184515373,-0.030383327344574815,0.008230041396949352,-0.0862286004775227,-0.04402834984904457,0.01115200691734325,-0.0649187911999639,-0.0347212326256266,0.011272837790944415,-0.09686474527853198,-0.009741622933109532,-0.014418102802282218,-0.11056331370264538,-0.03793580275408212,-0.007026990625390404,-0.10651271813551198,-0.05817582215159695,0.0006917308924708461,-0.10438432404902417,-0.06839335458732845,0.006825937935921782,-0.08097346170971008,-0.019283623679561823,-0.029504076711821068,-0.10658903589106422,-0.028461535570641017,-0.029725578667670484,-0.12982010033271132,-0.04963935132367666,-0.02518334751054233,-0.14258752576304906,-0.06522446083126002,-0.01884196891816016
0.0,0.0,0.0,-0.021077405050148705,-0.006479177779039695,0.028812731130529956,-0.0471220719296256,-0.005604055821962592,0.05061491303435202,-0.07484920254709168,-0.0049901858857548725,0.06271122866309739,-0.10329238266100357,-0.0033019793706207537,0.05687674246555402,-0.09562488905283137,8.904210795309537e-19,0.025070509689204407,-0.1237481966004111,-0.006147632814994445,0.02532775848442167,-0.1427503229944978,-0.015091120770960587,0.02636349039841941,-0.15795476630043087,-0.0411747075758868,0.024585837404222842,-0.09774936586027257,2.3921048090330162e-18,3.883657846460724e-19,-0.11370076090474408,-0.028412246875506645,0.0072923233822055865,-0.08912277280383184,-0.04142563247974899,0.009545721460385157,-0.07042616601928336,-0.03314682853941127,0.009686053139995583,-0.09549678743187556,-0.00934148380888171,-0.014212003993504432,-0.11014807304897288,-0.03552567399467102,-0.0077011853839824215,-0.10825200349096789,-0.05478751918785814,-0.0008633547128577921,-0.10792737150891185,-0.06522994978861466,0.0044191248737759665,-0.07956311251075962,-0.018442353088069262,-0.02903613988390412,-0.10471060005963342,-0.02637645355441531,-0.02979494306625447,-0.128098435728337,-0.04560503722552446,-0.02600599697088315,-0.14142479021488796,-0.060373588158995184,-0.020409764889143343
0.0,0.0,0.0,-0.021824939162082335,-0.00639883130344803,0.028408266691690394,-0.04753900838797728,-0.005662605800208552,0.05017599240759815,-0.07436732995966018,-0.005133354287299322,0.06249041433824411,-0.10213576823813338,-0.0037291189782413764,0.057007681700097165,-0.0952040050941448,-1.0799775389017e-18,0.024341616306148527,-0.122718262337012,-0.0055472248684662415,0.025178202026602127,-0.14216929017754307,-0.013313459766288028,0.0265362294115671,-0.15795448183800903,-0.03775392539211375,0.024914078011196373,-0.09666174783308043,9.362862842695671e-20,2.4559940823464877e-19,-0.11407537970069753,-0.025968723456632144,0.006623180149274295,-0.09338069998837148,-0.03826346315560557,0.008265694206293353,-0.07785070024845528,-0.031181373430291627,0.00846299832841203,-0.0942668191963749,-0.009135351835338507,-0.013746326514107104,-0.11003036206958944,-0.03294229430523481,-0.008135861038687213,-0.11055828844461316,-0.05099905197130222,-0.002219656541646443,-0.11245709725686959,-0.0610290151921574,0.0024078781278185756,-0.07832449686364554,-0.017899872671880313,-0.028230782788441502,-0.10320532154074041,-0.024398832674986118,-0.029471300397882733,-0.12684463159391335,-0.04191798778120154,-0.026205565383374506,-0.1407180457799002,-0.0556812046797064,-0.0213235262658608
0.0,0.0,0.0,-0.022204062446703716,-0.006245149316438901,0.02765193192632931,-0.047696570057653626,-0.005607031268637059,0.04954288943837427,-0.07374834012868303,-0.005480924176663342,0.062150462344037316,-0.10106652410545572,-0.004401529579743579,0.057298413378428545,-0.09429377769260916,-1.769046297408331e-18,0.023543859689790135,-0.12111438167009261,-0.005206285754305172,0.02536556040924831,-0.1410798008586691,-0.012503553891170728,0.027185663493310513,-0.1565402595630908,-0.035372417119681546,0.02608787369525395,-0.09552212857214985,-1.3016381998116584e-18,-2.2848773228985504e-19,-0.11466892080405541,-0.02333974117566403,0.00570288707834104,-0.098692263929791,-0.03446694675853236,0.006241925807384499,-0.08636787480494942,-0.02931423140445697,0.006650341207033652,-0.09303177185213315,-0.008909536649218515,-0.013516964264379101,-0.1103332262589191,-0.03010474505482659,-0.008874126926049752,-0.11424646328138419,-0.046760215891335166,-0.004338393094486425,-0.11868372785118664,-0.05714664318695387,-0.0009128129697672602,-0.07721052642994225,-0.016890509440324566,-0.027570507463048826,-0.10160207056295628,-0.02198329046063001,-0.029099606889487678,-0.12501318490361432,-0.037368094884088446,-0.026476763431869974,-0.13947836239866432,-0.04985241874124482,-0.02268553795083545
0.0,0.0,0.0,-0.02278935878612677,-0.006109372774273867,0.026615173098030045,-0.04779827215842052,-0.005596760031954088,0.04853359158111013,-0.07302457527977356,-0.005610791917614543,0.06139469762565465,-0.09957706558207487,-0.005439547165401925,0.05699063710259132,-0.09294508472229353,-3.386418314722678e-19,0.022312104501563977,-0.11829784959381918,-0.004766588923066828,0.025129764960445118,-0.13877866916685697,-0.010815865155633111,0.027219824327528543,-0.15484571390955082,-0.03164299736340499,0.02629937838381853,-0.0934436893279756,5.536207386362882e-20,-2.1209642868128217e-20,-0.11449004402484078,-0.019749997436327712,0.0044868328840478545,-0.10440885683700148,-0.02954747544970283,0.0038971289367769005,-0.09639829908274034,-0.02626605835168965,0.004743030424159029,-0.09057671562057651,-0.008509845834713127,-0.012928559872885242,-0.1096042433871961,-0.025836657506969077,-0.009884956457006887,-0.11805251270777878,-0.04034789004814411,-0.007293600169763038,-0.12637209354977028,-0.05050764509735646,-0.004749090963311209,-0.07481945385914526,-0.01566119003069298,-0.026332947536760458,-0.0984451023012553,-0.018881962053622043,-0.02871001818186912,-0.12193207682880622,-0.031157189794287783,-0.027308219914864297,-0.1371341156796807,-0.041460997502778735,-0.024775503422543976
0.0,0.0,0.0,-0.02370713491493933,-0.005976094001496481,0.025302951149251903,-0.04786562916113319,-0.0060685010407410915,0.04744354663330637,-0.07204866246679265,-0.006857968772429984,0.060539560320860816,-0.09794472571778162,-0.0076968443915057284,0.05678283748323262,-0.09110685289524269,-1.1411145646667572e-18,0.020841310220333878,-0.11518886393154887,-0.004568175852436859,0.024782812138588094,-0.1361851061922011,-0.008684246390112014,0.026765437678186683,-0.15322551540195867,-0.026159296222181896,0.02526999850509629,-0.091166136555656,-6.229348208330902e-19,5.559259292628643e-20,-0.11392836071688954,-0.014809193293801754,0.003108560936314445,-0.11103795054718932,-0.022323560283476727,0.001222752671711431,-0.10814177433324766,-0.020775076423592352,0.0022057095679449703,-0.08806446465332002,-0.0077759774861328144,-0.01237047123133618,-0.10879787683401948,-0.020342972802310164,-0.010562909945252552,-0.1210706055069888,-0.03190901122125386,-0.010107246840125322,-0.13227038913469935,-0.04049789924073344,-0.008898769481408806,-0.0727822475058533,-0.013638897543140478,-0.02516908323059046,-0.09543753907302287,-0.014603255587689074,-0.02842726097679564,-0.11848423132520693,-0.02336627906703139,-0.028167835204925135,-0.13422563085155062,-0.03164496205475525,-0.026642319985478613
0.0,0.0,0.0,-0.024547168567983276,-0.0058132522332079405,0.024748245547968818,-0.04838738675995595,-0.006273481271199161,0.04711705764004091,-0.07209733448446945,-0.0072971935332587085,0.06062913471495662,-0.09764706790503189,-0.00880772159176525,0.05723052700759768,-0.0909481415059977,-1.3088983259264378e-18,0.019985603192301096,-0.11423985181275176,-0.004232158967179584,0.024813955124360777,-0.13555609853332407,-0.006988633925343811,0.027027013090071234,-0.15305818417181016,-0.022046874400089598,0.02551466749203534,-0.09035554034086254,-9.730064756304866e-19,2.8103190360609523e-19,-0.11481504500157802,-0.011350393429132938,0.0023993010076878802,-0.11767948464250239,-0.017231724864105503,-0.00039218723543874706,-0.11943229236124492,-0.017016217900505587,0.0004548106754238366,-0.08697952929658256,-0.007378026449385904,-0.0120268921019288,-0.10899885657815417,-0.01665537071782666,-0.011016713259670187,-0.12408428660561,-0.02624430938439497,-0.011917139309242236,-0.13743729777816674,-0.03419074689239899,-0.011479712622577947,-0.07176521708507941,-0.01237119858105183,-0.024439886494557826,-0.09393292972598583,-0.011878429189319778,-0.028265575787498026,-0.11672087884404408,-0.01818700793068231,-0.028730709507813507,-0.13302329026873322,-0.025113735555451072,-0.028161016605498797
0.0,0.0,0.0,-0.025779868115061718,-0.005378797972718849,0.02473317972241404,-0.04964835056650833,-0.0062871393061984335,0.04783698122769345,-0.0733398800267523,-0.006921550061867053,0.06241836018890984,-0.09894184343398382,-0.00929983815287637,0.05921175708085376,-0.09218312817535551,-1.6561999423770201e-18,0.01922481206699842,-0.11509028945463445,-0.003548506297924475,0.025453585393281953,-0.13684111033266502,-0.004319399368967962,0.028217466115480462,-0.15483492526368847,-0.0158392069292534,0.026961220130339875,-0.0906449651032635,-1.468218453602617e-18,1.1537085540512454e-19,-0.11741392485689348,-0.0066229196542062,0.0018606219289008827,-0.12887740823235483,-0.010123888422222985,-0.002391551838906602,-0.13859524372494852,-0.011271891123024316,-0.0027689651618029183,-0.08692197408299467,-0.006892716000493894,-0.011735073545589138,-0.11041831560814756,-0.011797157774623384,-0.011220808554155436,-0.12811930424855117,-0.01884000030702969,-0.013485099941449669,-0.1431504567695589,-0.025892652013381267,-0.013553367702593501,-0.0718107064330346,-0.01069519775784872,-0.023991668436411186,-0.0936190986210393,-0.008670907398867313,-0.028379961407621494,-0.1157003589939555,-0.0118899823292736,-0.029552115502301253,-0.13252754879223227,-0.01732134809075889,-0.03008865838532665
0.0,0.0,0.0,-0.026741215745128874,-0.005114252455082851,0.024220697630900886,-0.05029525648603424,-0.0064253324608161706,0.04751620477020123,-0.07371481642088457,-0.007209948216185858,0.06255930439013185,-0.09907648914519906,-0.010081336955031519,0.05963986584426566,-0.09259304833286564,-1.848353553973847e-18,0.01836277093892865,-0.11463597248001414,-0.003169197759963182,0.025517488738336383,-0.13646572216408653,-0.002454903444338047,0.02867510774588995,-0.15479020831957296,-0.011175832513415515,0.027617150589958346,-0.09028865505875108,-1.3706341688098506e-18,4.169677266276227e-19,-0.11867513302980046,-0.0031461370959498976,0.0018134224849842267,-0.1359076478731738,-0.004445171865142328,-0.00274932352154573,-0.15038878671637418,-0.00624508963854159,-0.003195700162780305,-0.08626977887096104,-0.006488707942413203,-0.01127699445725883,-0.1107268255022296,-0.00826270336457358,-0.011018742014169842,-0.13081001571438114,-0.013077779231330112,-0.014199066473358505,-0.14772635235752252,-0.01931208447200638,-0.014896339259385763,-0.07104125983244078,-0.009329772609592968,-0.02305051871970462,-0.09243614050344459,-0.0060573463948235045,-0.02782123409421535,-0.11409520355751387,-0.0070851367249525656,-0.029585920667676135,-0.13155072087373118,-0.011382465601110357,-0.031223560136564892
0.0,0.0,0.0,-0.02768013304555684,-0.005195753772350176,0.023943364392495566,-0.05129823622910458,-0.0070248708013768545,0.0474512749578575,-0.07470707315412022,-0.008280069905914005,0.06280726972633083,-0.10018488261182482,-0.011609399692839455,0.06001929080378302,-0.09376807170951312,-1.8988186065263288e-18,0.018027072005465272,-0.11533441740887408,-0.0031314255564575282,0.025715468612661288,-0.13723117679240182,-0.0015992093177720694,0.02910089328495183,-0.1557700273967087,-0.008938548681904019,0.02804689768109317,-0.09063377895861452,-1.577624693551253e-18,6.539049727730358e-19,-0.12106176580062009,-0.0006857076239254927,0.0015367472327640838,-0.14309103680627724,-0.0008962497355106229,-0.003456992840016318,-0.16144930837312224,-0.004359164969177154,-0.003997816245851731,-0.0861512692173683,-0.0063441390866789404,-0.011392156543864893,-0.11187113072284416,-0.006028232717284621,-0.011577643002193522,-0.13420925627836222,-0.009984311414274024,-0.0157426961396734,-0.15270803788445836,-0.01636217318532192,-0.01698101107881249,-0.0705669963278033,-0.008597669670255654,-0.02280016963127581,-0.09186448674842014,-0.004615281873462486,-0.028083395335552784,-0.11347033498244939,-0.004254352987723997,-0.030275241559991697,-0.13150171392151025,-0.008199687851793277,-0.032817949653219436
0.0,0.0,0.0,-0.028298630912091997,-0.0049977665256725565,0.023589802698134706,-0.05177862219313419,-0.007033262790018237,0.04739820945360788,-0.07506371379041224,-0.008399565187238627,0.06305408113290567,-0.10040378803022619,-0.012107648893139235,0.06040344029841074,-0.09394693072175793,-2.0541111651148126e-18,0.017424119300226568,-0.11487376606415436,-0.0029053769857466023,0.025808984573149316,-0.13688039299796723,-0.0003706969123301127,0.029506404489771994,-0.15569336244997,-0.005752803212767828,0.02864257766253452,-0.0902196732229317,-1.9508776316297393e-18,1.1818835709578832e-18,-0.12197970253889066,0.0016875789001802224,0.0013962418899607825,-0.14815277805859622,0.0028613533749396423,-0.0038728505188170698,-0.16998705505014133,-0.001258354842320689,-0.004340370838232415,-0.08550323189168671,-0.006074745494069,-0.01109359230591854,-0.11193062321613059,-0.003604039629519321,-0.011589424330418045,-0.13608169378029222,-0.006064486474395296,-0.01652234172406168,-0.15590889439161484,-0.011873879707476977,-0.018171504967699426,-0.06980339311354103,-0.007592008376992783,-0.022133489759474333,-0.09081336887576846,-0.0028147922654071966,-0.027697905060231162,-0.11217464367720587,-0.0009421702500305436,-0.030343068055538894,-0.13061409603644342,-0.0041647424792030496,-0.0336465114800817
0.0,0.0,0.0,-0.028864234703032517,-0.004925719960490986,0.0235212786950317,-0.052300676513399216,-0.006849597331858724,0.04774831185898487,-0.07568362817646268,-0.008178134803437436,0.06361473708239246,-0.10075654726286332,-0.012079005751375455,0.061239961662292994,-0.09464852998902921,-1.976814230730083e-18,0.017201804809286583,-0.11517596892811602,-0.0028496703779548674,0.026115068837541996,-0.13749373564360373,-3.725432335391441e-05,0.029947239934533104,-0.1562972457733718,-0.004553225587163417,0.02924873288048494,-0.09045481199793914,-1.8585492170680994e-18,4.526260629678612e-19,-0.1237699168426333,0.0032395038738135466,0.001149177932261546,-0.15356649243480058,0.004678259330097962,-0.004381893410986608,-0.17837027252862347,-0.0011106984142029816,-0.0047955545254660045,-0.08532604421604295,-0.006097434444886043,-0.011031017923978577,-0.11275093203596272,-0.002496621598791839,-0.011882191075615015,-0.13826453762219484,-0.004487895585241078,-0.017278366619722384,-0.15919795585904967,-0.01088008016944719,-0.019360105204634544,-0.06935937862889875,-0.007264211839122508,-0.021932511682834548,-0.09047945140470832,-0.0023072847149094465,-0.027795999052785687,-0.11164902599247827,0.00011935438934118029,-0.030790493195242123,-0.13053860810733195,-0.0030395630747278054,-0.03470460841894983
0.0,0.0,0.0,-0.029189167741343423,-0.004755094334038895,0.023228535922848723,-0.05240219478756518,-0.006961968830290279,0.04763368420897082,-0.07547942353282787,-0.008462796020151118,0.06377233199855231,-0.10039086943927612,-0.01271085027697799,0.06169221749659403,-0.09438353535663442,-1.6353480563551416e-18,0.016678413368422212,-0.11440278165275415,-0.002819683836602016,0.026174167591579915,-0.13678098329943222,0.00035343938836791453,0.030270999990790977,-0.1556711988334074,-0.0033182195343184518,0.029729300489440832,-0.08984517269507443,-2.0002188783489327e-18,9.29986582393257e-19,-0.12401811439536675,0.004477259329538098,0.0010493468448379067,-0.15675871454627138,0.006390433551503664,-0.004656968289973165,-0.18403660675416664,-0.0005085971750872992,-0.005030479440398328,-0.0845569731589619,-0.005980044319129971,-0.010680827452982787,-0.11236145528715889,-0.001266039273437737,-0.011784598340162405,-0.1392635094415583,-0.0026761980051862398,-0.01777050482836111,-0.16109233885507085,-0.008993705994387332,-0.020070259681786596,-0.06858044205793454,-0.006775173775679183,-0.021251433261999846,-0.08932855624381811,-0.0015441375239712623,-0.02736322310443874,-0.11029654200433739,0.0015693992083416226,-0.03078303885255764,-0.12953915027308383,-0.0013934510990927227,-0.03520561788090125
0.0,0.0,0.0,-0.029378977746905982,-0.004546751485505851,0.02305088830554109,-0.05239147701839554,-0.006446319971679848,0.04771139674688834,-0.07521039724080852,-0.007811797418445378,0.06405964657145029,-0.09977880157348241,-0.012294486442930838,0.062228547214735266,-0.09406746997030287,-2.3424309516265326e-18,0.016142886286758237,-0.11339677368466286,-0.002527386862595565,0.02624610379274678,-0.13590572600022616,0.0016230005202689567,0.03067909325909289,-0.1549560732453235,-0.00020525276153470808,0.030443696851810687,-0.0891440062591776,-2.7959940693375674e-18,3.4725948457533166e-19,-0.12398282326085253,0.0062590601008611045,0.0010766963980524697,-0.15926535173075962,0.009465502006995008,-0.004657589039584397,-0.18867016706860035,0.0026106511036823985,-0.004852988738559285,-0.08378284733362368,-0.005682765577885754,-0.010279025730520868,-0.1118673819014559,0.0006827943896620349,-0.011443593016658624,-0.13983722344793503,0.0006989401829705609,-0.01778994803865932,-0.16253806438119658,-0.0048925835232683495,-0.020378482246773223,-0.06781288470732955,-0.005811116592675938,-0.020544912028220834,-0.0883828059435729,0.00011666414316078124,-0.02680081111685336,-0.10920346792658411,0.0044141435799506835,-0.030405398468969395,-0.12879005986972802,0.0021046687932057767,-0.035314184568900384
0.0,0.0,0.0,-0.029519777974170887,-0.004532132606060384,0.022943885987712753,-0.052237243698759595,-0.006054067751858787,0.04782347644020282,-0.07476509695960948,-0.007238625492967369,0.06423180727275005,-0.09884950669788536,-0.011765830747335226,0.06282775435312533,-0.09352537733679347,-2.3621643213070733e-18,0.015617800887634953,-0.1121333598905417,-0.002402562040434956,0.026232977045747043,-0.13487282879922782,0.0022780853878075725,0.030961371196508124,-0.15383347600185293,0.0018917254138404432,0.03106781464053987,-0.08836975001729291,-2.8396778679633625e-18,-1.994562433271911e-19,-0.12359549342782858,0.007510734419222257,0.0010390805393538135,-0.16079159359898249,0.011389299885344937,-0.004646549793495035,-0.1917476134771935,0.004466039024456632,-0.004524054664221532,-0.08284841928323347,-0.00543883640940019,-0.009852324136441382,-0.11107739288708375,0.0020216335768693913,-0.01115852238452029,-0.13973247969227648,0.0030313584124461567,-0.017622031502406814,-0.16310726375032378,-0.002245683204133274,-0.020388892398000163,-0.06687864868260092,-0.0050653608604038424,-0.01981752103471985,-0.08727021122374073,0.0013771290706727506,-0.02619739239042785,-0.10795155407461982,0.006426094225569358,-0.030030175758888583,-0.12783848353914362,0.0044531558985601285,-0.03525604665444457
0.0,0.0,0.0,-0.029649864281857594,-0.00455578868611279,0.022776541690939192,-0.052182608923701516,-0.006174834493344853,0.047600073409919244,-0.0745592276868442,-0.007406913004668695,0.06406465930663591,-0.09852397591050593,-0.011980131769578527,0.06288895640718796,-0.09330177352671931,-1.6460410484723864e-18,0.015315803729765692,-0.11148296611467198,-0.0025152050607638405,0.026098340711342226,-0.13422993441716058,0.002275170543804008,0.030901142362195273,-0.15320638831110103,0.0021421579135392035,0.03100736678183398,-0.08790496170644063,-1.9041649571160186e-18,-3.6549265088624536e-19,-0.12341301876054045,0.008022232092325367,0.0008362175880335726,-0.1619360979889332,0.012011813545953456,-0.005014137887313957,-0.19390329548654428,0.0046281022308977075,-0.004836317714235555,-0.08223959489779871,-0.005431208481951822,-0.00970773594188504,-0.1105519822937173,0.0024496903433108203,-0.01127217547429294,-0.13971772189615284,0.003719959464645911,-0.018064553908408644,-0.16353258497669612,-0.0016951812667480035,-0.020965870844059584,-0.06622303407428612,-0.004937201771622197,-0.019513974326775676,-0.0864468068601946,0.0016163449756656386,-0.02601505049203082,-0.10700845190555855,0.0069939008661212484,-0.030075685197701013,-0.12698060373574366,0.005130825869559281,-0.035567656879430254
0.0,0.0,0.0,-0.02953735504150371,-0.0045001446194552425,0.022749155462968504,-0.051653141891684434,-0.00528893667256428,0.04765733280165898,-0.07336530887341715,-0.006176483169617988,0.0642540530623845,-0.09688566867521194,-0.010677523050386556,0.0633974243551445,-0.09216780234329194,-2.261343828761571e-18,0.014606519056247769,-0.10933736465313385,-0.0023579315740967907,0.025760496200247694,-0.13211624913286818,0.003443706489204658,0.031043198295828286,-0.15118711215679695,0.005393864463341002,0.03169170209157048,-0.08644901739774281,-2.2294015996915233e-18,1.5773774960049337e-19,-0.12177979102338986,0.009346291317767149,0.0009759154899561704,-0.16120040695186844,0.014531942903079239,-0.004888070104312707,-0.19388293875611895,0.008297216935149175,-0.004280561912851568,-0.08092996932788862,-0.004947309517858326,-0.008938989844026612,-0.10870001119893133,0.0042273186066875265,-0.010398020191596722,-0.13830654041651985,0.006775290773514996,-0.017338967328915572,-0.16254703408822135,0.002396406542482895,-0.02023366209739776,-0.06506456531626886,-0.003684221684144162,-0.018266102289466346,-0.08488135543677273,0.0035902581341012677,-0.024829611223668974,-0.1054076448591589,0.009922989386097328,-0.02895262102255125,-0.12546236540007302,0.008531753732157758,-0.034769039726263475
0.0,0.0,0.0,-0.029218134705574703,-0.004340638186746604,0.022454109989309426,-0.05076083031866906,-0.004906842035108861,0.04699773400679995,-0.07155361653069711,-0.005487710273649092,0.06346446420938354,-0.09454591462516315,-0.010080351378267502,0.06300183837600869,-0.09023504201956428,-2.0773002454602796e-18,0.013791313056586185,-0.10629836396552736,-0.0024540012518804817,0.02508515435360107,-0.12886655139018724,0.003697884818344527,0.030729061077671732,-0.14791566232148884,0.006667898707454385,0.03180615809858682,-0.08429132993570815,-2.1606187808510377e-18,4.541084215951289e-19,-0.11864935490721581,0.009598043971250143,0.0008287099536193117,-0.15843122135538465,0.015383625389752149,-0.004960419229848248,-0.19138685477352138,0.01002671639880471,-0.003916214967479918,-0.07875140064785686,-0.004747029915724146,-0.008166691631198477,-0.10560400771272815,0.004919455672258494,-0.009809007385037032,-0.1355157292084232,0.00822303511240798,-0.01682583280571688,-0.16002449383465966,0.004545185314890125,-0.01959312723185777,-0.06313935795932736,-0.00311098545044646,-0.01700524404403659,-0.08228147806449344,0.00446637597612646,-0.023612921537643775,-0.10260944842673553,0.011351875570087495,-0.027898491951214216,-0.12268557795638299,0.0104649609558411,-0.033795121345912275
0.0,0.0,0.0,-0.029123732460845264,-0.004325807261388754,0.022443872497994358,-0.05055880859824239,-0.004708594815272737,0.046846271136731864,-0.07117758919735234,-0.005145684513782152,0.0632292374376319,-0.09402795832694641,-0.009752427291459816,0.06299361172764578,-0.08978938261615169,-2.2182918110360154e-18,0.01362631436685811,-0.10550398216838162,-0.002453113716118757,0.02494499769404941,-0.1280251667266171,0.0036801193590761316,0.030688599695394995,-0.14706928745399614,0.006672183193092498,0.03190651577521443,-0.08377372403304328,-2.4948876731539472e-18,7.208972784246954e-19,-0.11784778446435754,0.00946646257414676,0.0007381644419095716,-0.15739974019663278,0.015102477287492878,-0.005085883060048822,-0.19010358905768016,0.00975832350748201,-0.003907791283292418,-0.07820371754465372,-0.004764803576183229,-0.00797360370931774,-0.10483570184269722,0.004796516538514107,-0.009774072438005914,-0.13484582120450822,0.00801519479414512,-0.01684123877723301,-0.159466569185758,0.004275939274273952,-0.019606839364388715,-0.06261762781464739,-0.0031518857464976693,-0.016703471833691877,-0.08160637964498277,0.004316529838692188,-0.023360912980793548,-0.10193664160210195,0.011098274128483139,-0.02775817959757876,-0.12203238295242683,0.010119892005347792,-0.033737686943251334
0.0,0.0,0.0,-0.029067259017788463,-0.004238555538933577,0.022496702110731348,-0.05060034531720098,-0.004672156929029524,0.04666857519217629,-0.07132009630747763,-0.005173003441950689,0.06292425279729602,-0.09427223680458399,-0.0098945309080458,0.06275120361929058,-0.08979999905708327,-2.111061343904232e-18,0.013745173707830004,-0.10554047991491808,-0.002354539716275042,0.02497594312741827,-0.12783594312212193,0.0035078568439317736,0.03076095275660487,-0.1470120997955759,0.005644639100004432,0.031978170337324696,-0.0838046106090439,-2.400054910990287e-18,8.533905890314579e-20,-0.1176184165421535,0.008850854579432592,0.0006708420379841324,-0.15640919697688282,0.013967247768559975,-0.005163265983860342,-0.1884701042621641,0.008043103876469832,-0.004048266544134239,-0.07826056789081517,-0.004984993067874051,-0.008030094594161622,-0.10477125457790815,0.003995206104505846,-0.010015490263078474,-0.1349381982703995,0.0065983121560126284,-0.01719777105620737,-0.15960695071354347,0.0024789002382660033,-0.019948494981098727,-0.06266281542648494,-0.003733582800981498,-0.01679886824216311,-0.08159103352256637,0.0031964881770732674,-0.023513378456545858,-0.10196982288787934,0.009422016932207782,-0.028045638695379786,-0.12214149622626201,0.008060951866836405,-0.03408299801395727
0.0,0.0,0.0,-0.028936672780177686,-0.004370333580651293,0.022633081833515718,-0.050565971840052584,-0.00466019974731696,0.046640737786835584,-0.0713744346362374,-0.004965180264534436,0.06275664523301194,-0.09443778344136974,-0.009613192462124383,0.06273587431758651,-0.08973055260623325,-1.423583570584439e-18,0.013926329245467915,-0.10552854001749762,-0.002376732770971668,0.025002491276707648,-0.1278153437555574,0.0030559394023587216,0.03073329799223005,-0.14692929306864838,0.004419089788836858,0.031973734809102455,-0.08384612796323979,-1.7139314510870187e-18,-6.192035796770099e-19,-0.11730861942231684,0.008101730527329069,0.0005496862843830546,-0.1548128947611127,0.012487814487402613,-0.005329224552868669,-0.18567932806032444,0.006412721826420286,-0.004138002403943077,-0.07825206425822537,-0.0051370820112713305,-0.008133249903571785,-0.10471364782721948,0.0030764318052490637,-0.010314065844371353,-0.13461386349946747,0.005022096936549148,-0.017384021216544338,-0.15914873882291808,0.00042299468902463194,-0.020050841168458372,-0.06266052464150598,-0.004235944427085799,-0.017002650935815305,-0.08159043549367416,0.0023357852865100435,-0.023714948018522745,-0.10206312023771927,0.008033305155364066,-0.02829781438626517,-0.12212505621796405,0.006342170838958787,-0.034219276559804335
0.0,0.0,0.0,-0.028893660175314723,-0.004556666950787356,0.022860933405926216,-0.05078009672200122,-0.004847026762505487,0.046684447168473434,-0.07198948152509642,-0.005118611449392933,0.0625692341932038,-0.09519271797882238,-0.009698318367943642,0.06262148198738283,-0.09017252380997706,-1.1372570016838584e-18,0.014401029357299453,-0.10635252871633488,-0.0024882424121376633,0.025178765777821778,-0.128689464752634,0.002111414754157047,0.030709884770521514,-0.14774048649132,0.001767289138273652,0.03179650594723976,-0.08448859376917653,-1.0221087161984817e-18,1.4510760492781039e-19,-0.117743358867459,0.006620756321380879,0.0004483813564368358,-0.15349251929310911,0.009510091873897748,-0.005563018468376493,-0.18269003141704718,0.002631687093605173,-0.004471636098271175,-0.07885680888539837,-0.005589782472270186,-0.008472771861555997,-0.10551948786047327,0.0011419246890231596,-0.01085753631753486,-0.1349595201047469,0.0015810153674352375,-0.017844522573197817,-0.1592795650418674,-0.004115063003237371,-0.020594284769514186,-0.0631735577689132,-0.005424933349049744,-0.017583147805887198,-0.08235302793954205,0.00031240572959830666,-0.024336431685714206,-0.1029832461837799,0.004739070839931904,-0.028999063689168457,-0.12290041515978524,0.002224948726871359,-0.034891254247989695
0.0,0.0,0.0,-0.02894668631669469,-0.004878602071293302,0.023212796317299965,-0.0513557416546286,-0.005395649681527883,0.046840850187331626,-0.07338447605046655,-0.005630164786593306,0.06236046490815558,-0.09711172663242235,-0.010094826108707128,0.06244401828174165,-0.09142917542755194,-1.3712733787310835e-18,0.015230093221025986,-0.10841698272198697,-0.002706027906498737,0.025548154849035516,-0.1309568211356498,0.0007565513371967903,0.03064174947998307,-0.14964712437341735,-0.0018443146975302104,0.03150121460479159,-0.08610501136365742,-1.220248749826398e-18,-5.428686695944502e-19,-0.11935267752276564,0.004902070132590924,0.00023887742840992648,-0.15269685718282666,0.006039325245118097,-0.00584478819873592,-0.17963129225954236,-0.0014851067923044511,-0.004814637854197183,-0.08027807146921201,-0.006125355682020992,-0.009108401652375083,-0.10759302868811682,-0.0012405628121480538,-0.011813558983345875,-0.13609297394545244,-0.0024224239651298145,-0.018425559336866716,-0.16004519231236364,-0.009534262613829163,-0.021278388612588496,-0.06438345165392653,-0.006892956790877041,-0.01876277700217735,-0.08408738585313785,-0.0020993376147593794,-0.025419173696718925,-0.10490158441437386,0.000838962809577206,-0.030037767893026195,-0.12447463389232774,-0.0025013164659739183,-0.03574207863373642
0.0,0.0,0.0,-0.028724812650154696,-0.005118316418816622,0.023484073454439813,-0.05132413084788779,-0.005455515014996027,0.046740780521807565,-0.07357743793856461,-0.005533704324705258,0.06181719830108473,-0.09744491535183206,-0.009831719927756223,0.062106470746022574,-0.09135253824910328,-1.1251409094928304e-18,0.015599955445533175,-0.10849431302042312,-0.0027556945347964102,0.02549821342932751,-0.13117212433227177,-4.5247074425126214e-05,0.030407783000896027,-0.1496071495817399,-0.0040728304128620696,0.031289978601354296,-0.08631809207118621,-8.930263302587966e-19,-5.822822329840997e-19,-0.1187489460255449,0.003372924701287164,4.0177414707561116e-05,-0.14932851437425962,0.0032022767341184514,-0.006027297416577636,-0.17369948199194635,-0.0040827769394386785,-0.0048279910210731036,-0.08041530077758363,-0.006417344241896596,-0.009278522489580988,-0.1076593067971669,-0.0030834047184735577,-0.012264795242233667,-0.13526589234913694,-0.005493397721137389,-0.018461059712993867,-0.1588788055718331,-0.013453624468918934,-0.021226067129409207,-0.06453873974796469,-0.007845975713878791,-0.019170083414395106,-0.0843787151547975,-0.0037160453167522497,-0.025844037901467786,-0.10540895853514558,-0.001976300907281168,-0.0304882408875995,-0.12474184736095975,-0.005938791392289184,-0.03589479808288214
0.0,0.0,0.0,-0.028387452871371593,-0.005197352656320952,0.023736359167891234,-0.05127968701860097,-0.0053434155882548795,0.046571531048880344,-0.07391111768738595,-0.005105254910801049,0.06122231413154538,-0.09800491395658875,-0.009076259466621932,0.061691503405513604,-0.0915243827200675,-3.3258015815508905e-19,0.016099518605134415,-0.10902675205257187,-0.002794870902681934,0.02544365683377995,-0.13169090463353825,-0.0008844967844163039,0.030213998004538625,-0.14997735782857302,-0.006668794328322226,0.031159196123060895,-0.08676033305738859,-2.5235013829685245e-19,-9.571627486015153e-19,-0.11837435578963564,0.001398328317825841,-0.00024770324113157656,-0.1456016591453569,-0.00019276962166869457,-0.006200622190487555,-0.16692732014253914,-0.007232849209987987,-0.004818097465789602,-0.08079619726852208,-0.006751860284337619,-0.009577529510894703,-0.1079758891262011,-0.005242207770156278,-0.012854119931081442,-0.134687856209112,-0.009140553038459625,-0.018629927877450533,-0.15783471159732973,-0.017983178983381934,-0.021123447884416398,-0.06484434473501889,-0.008900366852017453,-0.019757455707079333,-0.084860818978559,-0.00558178458026789,-0.0264434870386151,-0.10613665953306378,-0.005193517505493156,-0.031010582796200264,-0.12517670547402088,-0.009776887217755825,-0.036016826393563295
0.0,0.0,0.0,-0.02785170601080797,-0.005265208051185435,0.02384458928649131,-0.050945242787929515,-0.005421973323654096,0.04604730512770927,-0.07369502190133831,-0.004855153494631953,0.06021471886654794,-0.09803966945534252,-0.00873631068414659,0.06097451545204904,-0.09103753001060841,-3.843759394779526e-19,0.01641490742805658,-0.10864991932240889,-0.002931866232822106,0.025285749040579626,-0.1312429730531347,-0.002089980280339556,0.029982303307966363,-0.14928125300069273,-0.00993550085206976,0.03093557820594358,-0.08666025869490207,-1.9333911553172374e-19,-9.917746194077443e-19,-0.11678271614585582,-0.0010292309493380551,-0.0005593179215785372,-0.14011478864437477,-0.004280262211073753,-0.006408170986691107,-0.15800647475736979,-0.010898433630498442,-0.0048629664690689,-0.08066630446828921,-0.007158632811123016,-0.00968410069905384,-0.10746019937108589,-0.007730440137356884,-0.013365814658894554,-0.13318799708929213,-0.013200550239563938,-0.018759821455229014,-0.15576265081865726,-0.02283425544408115,-0.02107037598980642,-0.06477718690429635,-0.010073773225730397,-0.02012066305148489,-0.0846322244606467,-0.007636004423864065,-0.02682057722896406,-0.10610903825209846,-0.008638203705827827,-0.031413812763866795,-0.12476380134907689,-0.013790967523824202,-0.03591417259268603
0.0,0.0,0.0,-0.027311298029688628,-0.005150155821139419,0.02403302202220801,-0.05061436090924168,-0.005309016524769079,0.0454295066233392,-0.07336098666478943,-0.004326927568199847,0.0591361298047963,-0.09804251142392592,-0.00804829379520913,0.060212353684157914,-0.0903813051782385,-1.777247261587223e-19,0.016795669478200707,-0.10825654989636765,-0.0028447799597083306,0.024891604418240006,-0.13069094357342836,-0.0029286413440788106,0.029535723961762076,-0.14872400638861072,-0.013006657060496932,0.03061018821849307,-0.08640400873488371,-3.154217299112206e-19,-1.9551308426803855e-18,-0.1147569928831777,-0.0036516686198763745,-0.0010639427047589305,-0.13360945769807192,-0.00850955755616385,-0.006932601255659883,-0.1474787671190318,-0.014697031928200417,-0.005239127982375054,-0.08048407330969407,-0.007504245762887577,-0.009797283424978574,-0.10669326857584979,-0.01023139336012879,-0.013976154298647434,-0.13163246768864934,-0.01748455849886704,-0.018940777523151493,-0.15364061527150868,-0.027744859031287494,-0.02076311517978416,-0.06477983623392305,-0.011379399498977932,-0.02046130155870527,-0.0844198252373679,-0.009813712958980671,-0.027237756093855255,-0.10614062412293182,-0.012135252719355914,-0.03195537205262371,-0.12440656835956189,-0.017903167754997326,-0.03579651423754182
0.0,0.0,0.0,-0.026445938709646167,-0.004749766014370927,0.023980954983128352,-0.049955815413079016,-0.00457381662435456,0.0444395132080598,-0.07243234773951787,-0.003232716891806829,0.05735920360559395,-0.09715823143999266,-0.006883346351701389,0.058904501424334496,-0.08892113771691362,-1.7582080848368547e-19,0.016896527717545233,-0.10670820704312214,-0.0027570935878715834,0.024312181762693428,-0.1289923298347632,-0.0032931561976438373,0.028981659881398374,-0.14700999903606304,-0.014942758411828346,0.030394320303592827,-0.08546410564986623,-3.484228204505792e-19,-1.8116466459843736e-18,-0.11155162992167633,-0.006189251655034751,-0.0018258729418887533,-0.12509588795726098,-0.012086885647034945,-0.007644796777667879,-0.13428344961713698,-0.016423776377639622,-0.00542141345104839,-0.07963641005071748,-0.007782907366362349,-0.009784245299906888,-0.10515673829542642,-0.012238105046729673,-0.014592866584552,-0.12890849171649782,-0.020478097671534204,-0.019187460070430342,-0.1504497498313075,-0.030562369650491552,-0.020432527313170447,-0.06424768832348376,-0.012343816365375723,-0.020654454200776252,-0.08367130152002031,-0.011337363358219027,-0.027493980696848316,-0.105659804488538,-0.014808692712893467,-0.03232697276304283,-0.12333266274926596,-0.02054610837719531,-0.03535684504049127
0.0,0.0,0.0,-0.025612869288775566,-0.004964567615650005,0.024136525808409394,-0.049329471702476695,-0.004294592876313687,0.043354143879647186,-0.071394743336253,-0.002657744660222295,0.05486488573455274,-0.09585524711490542,-0.005802481399074766,0.056622438825719386,-0.08742144609576614,2.788974074076519e-19,0.017180829027666156,-0.1048527511139684,-0.0028572218325544265,0.023412143508566054,-0.12708749477274978,-0.004653027182710859,0.0279319376229951,-0.14495359074597053,-0.01936363242530347,0.02956707062669687,-0.08436355967776307,4.005756334141458e-19,-1.5628273707571719e-18,-0.1082208408536687,-0.009863973315171103,-0.0017705930956038204,-0.1145450778797979,-0.018143854422463128,-0.0062863358982666985,-0.11673966702769928,-0.0216736276946445,-0.002476878029977463,-0.07836811380239403,-0.00818485482851612,-0.00949868625554018,-0.10316976770547678,-0.016014347676486004,-0.014707658566517113,-0.1258282207954945,-0.026676091794778294,-0.018458295246195692,-0.14740720654887085,-0.03831914868165476,-0.019171145818387882,-0.06294821245756942,-0.014077683572174099,-0.020248534409004065,-0.08237320643016888,-0.014194465204210324,-0.02739110970069068,-0.10486225953911026,-0.020113145221272166,-0.03200301615263883,-0.1222187452471975,-0.027286737864791008,-0.034398510320360676
0.0,0.0,0.0,-0.024728106084990327,-0.005581224998587342,0.024824464011519127,-0.04921383392810079,-0.0045374120278933215,0.04357727328092013,-0.07223632469330249,-0.002186976153351515,0.05459525268321315,-0.09761632348447621,-0.004599826135590291,0.056408716888163166,-0.0881506961589531,5.895942703932622e-19,0.018286522956597842,-0.10619003381901918,-0.003149419309777232,0.02364395674322578,-0.12822529236025443,-0.007286542191043317,0.02818325633581023,-0.14527001683145702,-0.02598859225958373,0.03045172116157001,-0.08539311201632936,9.888970355279437e-19,-1.816213024014774e-18,-0.10779087140362331,-0.01418736630417337,-0.001681206342730703,-0.10825733474194005,-0.025320313524154044,-0.005789120555555363,-0.1058348220525872,-0.02829048708948926,-0.0014052201796166,-0.07907940505535949,-0.008896324486811054,-0.009929137367994828,-0.1033787761734033,-0.0207291962899463,-0.015313999719887991,-0.12423367956102535,-0.034718995788582306,-0.017786172280213286,-0.14499454270196133,-0.04890099597395653,-0.017536715806182695,-0.06329719174704979,-0.016166778538237697,-0.020967477132523067,-0.08294762574728265,-0.01805098739035084,-0.02795992233836184,-0.1056389954461619,-0.026433956169108402,-0.03197968993995963,-0.12268776253787902,-0.03504276154505282,-0.033818101030133794
0.0,0.0,0.0,-0.024333716142467772,-0.005701181189349164,0.02503180466066183,-0.049176052293043906,-0.0046150924617489415,0.043194909819366065,-0.07236231813837418,-0.0019629175428347457,0.05371825059024265,-0.09809065146985761,-0.004053251715887352,0.05544849684072311,-0.08809524310609135,6.426247899066975e-19,0.018784483307561994,-0.10647191740348615,-0.003231451327860641,0.02323985555173141,-0.12841473592864988,-0.008412015668806316,0.027589714920143373,-0.14535410419218042,-0.029296268913139644,0.029939798465224647,-0.08553801829219182,7.680245922098506e-19,-1.1500046217108546e-18,-0.10645670194245914,-0.016894685112571695,-0.0016438533246197248,-0.1023195880549699,-0.02952110212526185,-0.005259257769781138,-0.09606812340404826,-0.031662375320703276,-0.0004718042375366034,-0.07912884291013375,-0.00923957830641111,-0.01002017162709564,-0.10295936498460376,-0.023515636756843226,-0.015458752319869092,-0.12269900900632863,-0.03937786520754784,-0.01726971067511819,-0.1429856365919934,-0.05462317599948503,-0.016456896531693715,-0.06323108670958481,-0.017421411512853053,-0.02131091732579789,-0.08305778961384877,-0.02016101733318008,-0.028380501789495485,-0.10608374199452651,-0.030209077662574538,-0.03222435390318766,-0.12287980940651201,-0.03961298743502193,-0.03359479104922164
0.0,0.0,0.0,-0.024355970273403374,-0.005708760023447222,0.02539297956669867,-0.04983432083866094,-0.0046893645034199625,0.04303858324050695,-0.07356358193149726,-0.0016021646151078693,0.05315017921655091,-0.09978948909339841,-0.003396175677336221,0.05439703453346769,-0.08881751779158033,3.2044593067923307e-19,0.019522914796856923,-0.10811705006207867,-0.003251990329286878,0.022777365045632905,-0.1301023603930001,-0.009103717601378226,0.026672226663742832,-0.14721733032557116,-0.030953397171630474,0.02862505844758831,-0.0862454180751912,8.70266061247916e-19,-1.7798554019092408e-18,-0.10612679171056502,-0.018986745274883067,-0.0015258019121454655,-0.09741714346569795,-0.03225936907129654,-0.004668077118635488,-0.0876148045426215,-0.03245785727497531,8.332879862687093e-05,-0.07980702605060508,-0.009437887080248644,-0.010362102609664322,-0.1035898357002289,-0.025912561226443098,-0.015702304340339972,-0.12209879804854468,-0.04319862339777721,-0.016923490103628862,-0.14172754557308917,-0.05907328917139197,-0.015600959057659368,-0.06378490754300568,-0.018324535462348523,-0.022206091669409952,-0.08437140190586043,-0.021744881384938172,-0.029253529194898008,-0.10787042119654365,-0.0333606223400086,-0.03283892392944618,-0.12425833318812213,-0.04330874008724395,-0.033762880273398445
0.0,0.0,0.0,-0.024136122173201886,-0.005486637455891891,0.025308960746098882,-0.04989687899603718,-0.004782915941016627,0.04259086607405517,-0.07360344217550924,-0.0016043353404896332,0.052501911680068715,-0.09994678221614274,-0.0033850728284330264,0.053533287689457004,-0.0886233822282819,1.74706047643611e-18,0.019759100469992158,-0.10825369722284392,-0.0032202376201664103,0.022052981934081093,-0.1301117512441155,-0.009503376211696972,0.02557653836554581,-0.14780237620754633,-0.032664540448203855,0.027321125479711755,-0.08604512061990136,2.1857446310014864e-18,-1.008436606850581e-18,-0.1044056695520671,-0.020859187877074803,-0.0012614755702691975,-0.09212020599927387,-0.03463925396439938,-0.0039754886361131085,-0.07948700431227393,-0.033895630361936845,0.0008688774001273806,-0.07963155306034118,-0.009571673226546052,-0.01040392705300365,-0.10275262107771838,-0.027733647945493087,-0.015495832782407154,-0.12058685832625658,-0.04621241002935681,-0.016627730886857674,-0.13983599325522653,-0.06229448991508851,-0.015033339193486064,-0.06360959141347944,-0.01888528405627917,-0.022501085917267072,-0.08427465635345527,-0.02274877496731504,-0.029621266573651134,-0.10816284875606502,-0.03548108731040467,-0.033156144530537744,-0.12471039099676448,-0.0457929500094407,-0.03394905560489616
0.0,0.0,0.0,-0.023972638407165077,-0.005684569718656536,0.02620365414687871,-0.050339683699548256,-0.0050250120459798715,0.04351188052452476,-0.07514972431058453,-0.001562741774494864,0.05327867588777711,-0.10248976094335799,-0.002966136188042676,0.05383395978328108,-0.09046185418139287,2.9910781055851886e-18,0.02117513902541049,-0.11157254063966933,-0.003335966731534483,0.022750044249416984,-0.13345355236100034,-0.010985560898367774,0.026122389506328704,-0.15053692717146688,-0.03630392878062635,0.028170686779109288,-0.08831128030559668,2.947849739939212e-18,-1.2646894012528898e-18,-0.1060751480711318,-0.023841024515317444,-0.00040291268444236656,-0.08953590237721687,-0.03940895659738153,-0.0023001245110009652,-0.07367783542961902,-0.038183456346389234,0.002569703840353969,-0.081807119814016,-0.010054976803414752,-0.010996789032203094,-0.10512469301113934,-0.031056696726358565,-0.015404348557903767,-0.12119165865346926,-0.051674621434074336,-0.014965434973093276,-0.13944420750845388,-0.0693375211901706,-0.01238098973428099,-0.06537492023594514,-0.020436028809166853,-0.023807528791938933,-0.0867727966412826,-0.025473821955313156,-0.03061395909601816,-0.11091636019491691,-0.040478460511895485,-0.0334381876906551,-0.12688798345081612,-0.052140703009313616,-0.033437028322023846
0.0,0.0,0.0,-0.023638719222813805,-0.005734130808732843,0.026460314219114066,-0.05034006604883346,-0.005062550047540455,0.043664526825271874,-0.07563263966910522,-0.0013474808263362675,0.05325576111143227,-0.10339978946146013,-0.002414416745495349,0.05374020803383803,-0.0910944488506443,3.0504963758781194e-18,0.021822325833780187,-0.11297533284719369,-0.0033819088869573577,0.02281526503010829,-0.13459212480300153,-0.011764692789953183,0.026152939161351405,-0.15158742297109734,-0.038532265067465224,0.02833160003225568,-0.08923068363864256,3.883456108493924e-18,-9.86758811102997e-19,-0.10586442559587127,-0.026093991274301155,0.0003410577911477997,-0.08592318962269321,-0.04276549036508452,-0.0011532264291469639,-0.06743766354670258,-0.04092432487568989,0.003488551857503145,-0.0827967713266343,-0.01039318986394896,-0.011220265257820841,-0.10563669259744593,-0.03346711478519341,-0.015018505451814356,-0.1204775224372662,-0.055636562756797764,-0.0136247704009364,-0.13778360835463344,-0.07393550734300422,-0.01055248063452456,-0.06618293667937021,-0.02132795236554832,-0.024390040999152096,-0.08778804383754849,-0.027163315100418722,-0.030920637604081883,-0.11214836012149887,-0.043696143308691704,-0.033582967606295186,-0.12782702544805935,-0.05605803516705722,-0.03312487873020045
0.0,0.0,0.0,-0.023412705493550325,-0.005869424168790443,0.02666979649774639,-0.050433247657404555,-0.005166274738007849,0.04359191979356222,-0.07589984340921328,-0.0012501842470932058,0.05299236799968361,-0.10406721743786766,-0.002178102946689186,0.053376062377634974,-0.09152668036906089,1.9716117036854177e-18,0.022202626085654723,-0.1136846286618341,-0.0034115033299447406,0.022560147153353922,-0.1352240704151767,-0.012440853758009924,0.025783504569093767,-0.15214641570821463,-0.04049580319891475,0.028123200370843784,-0.0897754211105288,2.6508039958280515e-18,-1.5655495822442267e-18,-0.10525076576009026,-0.027714371047326724,0.0007381535368335239,-0.08260634912122444,-0.045316515500441364,-0.00023139132741973245,-0.062208851971171014,-0.04299223799695716,0.004504841071443034,-0.08324534618365123,-0.010545115667379562,-0.01123459915872229,-0.10557401757418852,-0.03513657173625572,-0.01468477285499071,-0.11953556543767893,-0.05864726325543844,-0.012583702155294562,-0.13650047213409652,-0.07790655067485025,-0.008929947963279209,-0.06638869886424993,-0.021974497072405237,-0.024570424313938456,-0.08812400712899524,-0.028372191825932355,-0.03118115742067447,-0.11273148032924957,-0.046058276395421274,-0.033554610162470716,-0.1283127881205111,-0.05927081564170599,-0.032747630422139504
0.0,0.0,0.0,-0.023424767197381915,-0.0058648822055056855,0.02684632042673832,-0.050721656122181935,-0.005110656049957608,0.043623767263136735,-0.07628536261581995,-0.000986626021748996,0.05288836982869442,-0.10462471527377123,-0.0018721908439774393,0.05302006156684823,-0.09200846018562411,3.380667508281088e-18,0.022529611553434047,-0.1144788460201128,-0.0033209836614339753,0.022416841634347547,-0.13600081377688014,-0.012699305650706826,0.02554018623416669,-0.1530578573338575,-0.04150122311074239,0.02791491428303651,-0.09020310011478588,4.114821505291416e-18,-1.5681162822065086e-18,-0.10508102966260602,-0.028828694673513594,0.0011996397382594772,-0.080476210162077,-0.0471121714692499,0.0006499024542113993,-0.05862653068259377,-0.044472146836539675,0.0054166241507608535,-0.08361270452935765,-0.010726159283689429,-0.011216793904226563,-0.105772334755496,-0.03641327440579846,-0.014365399149905088,-0.11904019893661655,-0.06083823684248854,-0.01171027403320317,-0.13562065846087007,-0.08069529980760759,-0.0075624197878579776,-0.06663213668436761,-0.02257234657263999,-0.024722149895704457,-0.0886161446849956,-0.029397968726420514,-0.031311683176004385,-0.1135017594409643,-0.048077702657715375,-0.03341889308171368,-0.12886370934859448,-0.06198142192996068,-0.032388015711348125
0.0,0.0,0.0,-0.02375312572302344,-0.0057320807703222666,0.02693620787547646,-0.05128263600589601,-0.004854311808124405,0.043494259130810176,-0.07661149113555699,-0.0003850081459311571,0.052633767643204044,-0.10489833186201994,-0.0013752854992781834,0.05239563091169573,-0.0923377385215361,3.6512675070779016e-18,0.02263789164281331,-0.11476874742123849,-0.003040465243240726,0.021967252165340515,-0.13640787861863157,-0.012391724198194036,0.024937195519502055,-0.15402005497978086,-0.041278099579140554,0.027229069144448177,-0.0901580649660585,4.743450151125318e-18,-1.5469088067872194e-18,-0.10464961222342847,-0.029251779414341466,0.0014946322903923051,-0.078912475890455,-0.047910996005163936,0.001514728451876254,-0.05624229202725749,-0.04491466015495306,0.006394801480498777,-0.08342815431542297,-0.010864329182132775,-0.010993288929027914,-0.10559445747851588,-0.03708417364591944,-0.013972788985504851,-0.11841855678657612,-0.06206452459732465,-0.010943057558830793,-0.13486611459645892,-0.08230977447480572,-0.006412849732269377,-0.06638018950358218,-0.02306000637318999,-0.024553153899912084,-0.08858031019467803,-0.03019598591510855,-0.03127039494877708,-0.11382902483856089,-0.04967929689788167,-0.03319263642676367,-0.1289554155950725,-0.06423595769906698,-0.03225220389926092
0.0,0.0,0.0,-0.023669880134479706,-0.00577864399011651,0.026888614928351734,-0.051392830661762263,-0.004613691087893007,0.04321900764513989,-0.07644852528121132,-1.788600356679665e-05,0.05216886517873785,-0.10464638496634414,-0.0009740745686784933,0.05169007447303023,-0.09226973153394508,4.5192581291605026e-18,0.02248148678642514,-0.11425395574504787,-0.0030175584173905957,0.021559216903804333,-0.13583967872616237,-0.012574066798630835,0.024570955511034463,-0.1535536201524026,-0.04194315488532148,0.027074024129199143,-0.08990842903988415,5.764972981334282e-18,-1.5619825906954437e-18,-0.10357324965231955,-0.029570485828203517,0.0017738531047412904,-0.07699758772118877,-0.048539456429513794,0.0020824259901412135,-0.05389355810401396,-0.04534590497797328,0.007115198739003571,-0.08298491668101668,-0.010872221772651715,-0.010659572041804077,-0.1046404366444257,-0.03746626319888591,-0.013441309542207448,-0.11715067858000977,-0.06296595680190276,-0.010115001066437809,-0.13363886321242618,-0.08374480710002993,-0.005229662290269504,-0.06579644710644589,-0.023212597383890622,-0.023975556714001207,-0.08791173765938434,-0.030649236350731662,-0.030916531668826366,-0.11338022602307976,-0.05060620647115648,-0.03263336487270768,-0.12855277859510222,-0.06573427861308864,-0.03169872031803542
0.0,0.0,0.0,-0.023893874619349487,-0.005776818120866264,0.026912164371126916,-0.051741973613992895,-0.004673539698218264,0.0432740142221426,-0.0766268456728269,2.457810201684542e-05,0.05221365939836658,-0.10490887557069908,-0.000986060997803399,0.05142981160202582,-0.09264351124065671,4.2581131523587374e-18,0.022513354599440993,-0.11471394182038103,-0.0028514459762896344,0.02146108294490704,-0.13623814789048994,-0.012403424483650146,0.024546461256363276,-0.15417154276662876,-0.041909805250411006,0.027172536931961186,-0.09004555374104536,5.492218536202193e-18,-1.7142839620400037e-18,-0.10361135112581654,-0.029642165399485533,0.0022457588919867306,-0.07668880203338171,-0.04891593523866157,0.002777807005890888,-0.05332103301722897,-0.04610848718280143,0.007698392567402122,-0.08312610527072778,-0.010936882098591085,-0.010478283233654732,-0.10479211905487959,-0.03763552950304107,-0.013019343487092211,-0.11715287417641922,-0.06348933414571903,-0.009442735463961204,-0.13355014044125127,-0.08465923706399298,-0.004204488807044013,-0.0659078898963833,-0.023434846918792333,-0.023821687241870962,-0.08821678826837308,-0.03099639742076812,-0.030749392293221378,-0.11391516215013382,-0.05142134352743387,-0.03233759250009087,-0.12879366970837958,-0.0670428418691268,-0.03134777532340795
0.0,0.0,0.0,-0.024010368680891785,-0.005737661914993277,0.026908070322084518,-0.05205330059676651,-0.004467853294954283,0.043393202097356864,-0.07667107087916944,0.0002548905370588824,0.052351944406082804,-0.10481937882011041,-0.0009317571217030596,0.051204693003095506,-0.09286834070922663,4.5873825249288536e-18,0.022435740729260814,-0.11467547347734677,-0.0027555613126349302,0.021272432143216002,-0.1362295850572796,-0.012152673761501039,0.024445337169790284,-0.1542627373091327,-0.04154535347546778,0.027175948598149167,-0.09007472238913028,6.15810256376404e-18,-1.1628221542538974e-18,-0.1035778196049544,-0.029452855941730312,0.0027614904521360136,-0.07675203635005448,-0.048706225957222016,0.0034744191954906643,-0.05355082241854357,-0.04620308989484536,0.008355883433765891,-0.08308936609550006,-0.010963104169072462,-0.010166377376996922,-0.10457388210728591,-0.03756540113455874,-0.012312996332986239,-0.11694684980886777,-0.06361321047454369,-0.008586502406078507,-0.133157452856563,-0.08503997143644411,-0.0031781529845598608,-0.06576288793910053,-0.023423016793539447,-0.0232708937936994,-0.08814444942754046,-0.031164145138821195,-0.030270216788169997,-0.11393527435516748,-0.05187143725045367,-0.0315737554155746,-0.12860518811691868,-0.06803661552898152,-0.030679524956559987
0.0,0.0,0.0,-0.024271012119864117,-0.0056961759270822455,0.02686519796788922,-0.05237311163847042,-0.0042459960829481416,0.043398939618050414,-0.07668574715656976,0.0005662802988170923,0.05242220292410871,-0.10465509688154984,-0.0007580110026549745,0.0510423643573896,-0.09310057344102397,3.921459786403717e-18,0.022234857325646604,-0.11465252964819975,-0.0025452196421763464,0.021150937187959976,-0.13622126968001855,-0.011614029566090195,0.02442755635282379,-0.1545223291882196,-0.040692378205613444,0.027206658382380747,-0.08997009351765894,4.348103027346705e-18,-9.814758718067829e-19,-0.10362535224332747,-0.028949436392567127,0.0031459144361943876,-0.07745093707225481,-0.04817645996714896,0.003950235230499668,-0.05486633435758734,-0.046057056502890284,0.008660442179725532,-0.08293284837029521,-0.010999730662536195,-0.009851862600973156,-0.10435485826293686,-0.03719625302871021,-0.011771481023831918,-0.11678082974640903,-0.06327467112035537,-0.008023876106376268,-0.13290052517617068,-0.08477360676206099,-0.0025093827680661967,-0.06555657145582082,-0.023348252276891114,-0.02276824763992659,-0.08794180218921777,-0.03109567492268587,-0.029833284331202595,-0.11385475334160094,-0.05193722752322416,-0.031014991666484283,-0.1283485665239566,-0.06839711907372002,-0.030242513977953245
0.0,0.0,0.0,-0.024666400913073754,-0.005695467100069403,0.026836756995895404,-0.052701578647216196,-0.004266538590160409,0.04349460405529113,-0.07683073988670337,0.0006242215201745858,0.052681104874107765,-0.10464261580934467,-0.0008697552657572463,0.05128562800516626,-0.09335682311163107,2.988348608804773e-18,0.022042995910287785,-0.11492316738921382,-0.002409674007948627,0.021274268281122045,-0.13655853035857346,-0.011035911162108236,0.024579213225440093,-0.15515384858043735,-0.03942001726873934,0.02722078264037736,-0.08993118726989872,4.099914713479143e-18,-1.067846129945333e-18,-0.10420117303547927,-0.028062529572828142,0.0033657864081204202,-0.07932592482587808,-0.047251661797159304,0.004185404729134587,-0.057706708080502725,-0.04560607201795738,0.008766819652184916,-0.08289457780757181,-0.010964228482209673,-0.009724682025712278,-0.10458642450681385,-0.03646475294629841,-0.011447193014043625,-0.11707765830792854,-0.0622248187789009,-0.007775497584741343,-0.13307745061530157,-0.08347093854128193,-0.002313352781025965,-0.06557620342784125,-0.023154186650080538,-0.022630036883202885,-0.08800189978816694,-0.03071649327004739,-0.029668893491912027,-0.11396475163370513,-0.051519004281506665,-0.0309012631420543,-0.12831181657792143,-0.06796973691233274,-0.03033521961418025
0.0,0.0,0.0,-0.024968784104456,-0.005645747886431464,0.02664371519739943,-0.05291874190089485,-0.004227038829638066,0.043665178983008146,-0.07679264714963346,0.0005432736545231253,0.05311110399891931,-0.10435712253929025,-0.0012854538507267963,0.05139535065722389,-0.09344613447775026,1.3469685492803393e-18,0.021792798033557777,-0.11472996574137154,-0.0022515783399232204,0.021371718533990298,-0.13651228507419505,-0.010419805189516058,0.02471947571124016,-0.15517318502029098,-0.03803231020448884,0.027279884281464026,-0.08977426872044406,1.7491674069694023e-18,-7.912223234992336e-19,-0.10462533986549324,-0.027026925366277176,0.003732038799391659,-0.08153113092245422,-0.04573960258965927,0.0042817610732329555,-0.06132147431062035,-0.04480361930976119,0.008728619580973328,-0.08271402084745175,-0.010925966668974812,-0.009466459447574491,-0.10453944666256318,-0.035354993916847446,-0.010968655910278582,-0.11765001693462043,-0.06061487096816168,-0.007663202854940985,-0.13374825258788406,-0.08171328724335339,-0.0024416935021931135,-0.06536744262303647,-0.022806360107848464,-0.022110763059295487,-0.08778874709854587,-0.030094604042742633,-0.02926618128258882,-0.11367771424238213,-0.05050364360033333,-0.030546679402212548,-0.12792745780763257,-0.06687779115682731,-0.030349486391090592
0.0,0.0,0.0,-0.025279292648496536,-0.005576076698479679,0.026651563327983963,-0.05318872193018624,-0.004304441573825203,0.044002694376618454,-0.07710559601043124,0.00027510600563554195,0.053729980894095516,-0.10456016084896562,-0.0018297413090382182,0.05214073449689408,-0.09394340855639956,3.917564562909816e-18,0.021678283492336366,-0.11508005306261826,-0.002403702134177817,0.021613558934459445,-0.13690766359730333,-0.010311987115694905,0.024962639491402445,-0.15553428840556024,-0.03704002074442557,0.02737056873014382,-0.0901710594965747,4.195410856392106e-18,-9.679053748731012e-19,-0.10584847286152324,-0.025741355364538525,0.003715886315423326,-0.08485428182954863,-0.043887777345019516,0.004005009169360087,-0.06647337958732434,-0.04356158252309893,0.008203212932974007,-0.08306034066658394,-0.010769160745368829,-0.009562139923365683,-0.1051891852371261,-0.034181887815348665,-0.011048576101824883,-0.11854076819586461,-0.05862008684553652,-0.008040964663772297,-0.13457239298560653,-0.07952145112953471,-0.0029961004858762652,-0.06569895784939403,-0.022264958868384654,-0.022253137455117318,-0.08823285750522013,-0.0292723338436408,-0.029363053573963332,-0.11383096153575789,-0.04901906288065916,-0.030627386674880085,-0.12815662163551048,-0.0653510922140001,-0.030695074875354736
0.0,0.0,0.0,-0.02557503462739227,-0.005607673628233801,0.026585146844845982,-0.05336183133046413,-0.0044646898288130425,0.04436425373904421,-0.07743328559018257,-4.9308776721457845e-05,0.05440003080306721,-0.10476330656189967,-0.0023842893542718687,0.05292881181475374,-0.09421317823962036,3.071685237694599e-18,0.02149855412393884,-0.11530028277894462,-0.0024631883141383085,0.02205382283479092,-0.1372096905226483,-0.00996673457012295,0.025400686688735123,-0.15566631562506023,-0.03551410759451571,0.027574340035522497,-0.09040528356292094,3.8622732036298965e-18,-6.629572716430482e-19,-0.10737215587420235,-0.02406756254368157,0.003589648169994102,-0.08917943179071738,-0.04152266558020759,0.0034895841162035073,-0.07306244814670998,-0.04200621657989588,0.007425511401848271,-0.083310413459879,-0.010522838707472082,-0.00972595505254198,-0.10596608980113394,-0.03251514040327446,-0.011279610465444104,-0.11994830454048061,-0.0558755410270035,-0.008829087708779724,-0.136083238644859,-0.07632917743227909,-0.004239769102646445,-0.06600607946459927,-0.021519365529578866,-0.022470197057331942,-0.08864419361465278,-0.028009815450713856,-0.029597734135339563,-0.11393239228726977,-0.04675288513032613,-0.031091375016746643,-0.1284514622893967,-0.06273886469352119,-0.03146864870247221
0.0,0.0,0.0,-0.026020151292759194,-0.0056279672243792584,0.026334635806151793,-0.053653302859487446,-0.004682111731029247,0.04447250096766061,-0.07767503900951023,-0.0004375187015274966,0.05485220464348395,-0.10476634360862186,-0.0030796762662260837,0.05347156435036399,-0.09431740038869868,2.5012938528227954e-18,0.02108193825219867,-0.11519078717623757,-0.0025885041143959564,0.02228610344230234,-0.13719880972216147,-0.009397897678834205,0.02547738776336874,-0.15561320882604546,-0.03345221132048794,0.02732020761137154,-0.09026200578556351,3.346444235006717e-18,-3.5859950183203827e-19,-0.10868249359477142,-0.022025088650810133,0.0030286345795607814,-0.093950789620488,-0.03850224472469779,0.0022279156891985364,-0.08057335985064745,-0.03961187533206105,0.005854084909425766,-0.0831519349100573,-0.010156738294999267,-0.009886975485332884,-0.10634764930352802,-0.030369706617734082,-0.011807847664433416,-0.1212313290274201,-0.052323866258541525,-0.010276789189776021,-0.13776727008156875,-0.07193490427518105,-0.00635827706201392,-0.06593178610133209,-0.020492961563875423,-0.02257663640633767,-0.08844126047101986,-0.026300494382491324,-0.02993353775091861,-0.11340235285489644,-0.043664217473074994,-0.03189595037031985,-0.12827894208018775,-0.05887985625260247,-0.03290431076183077
0.0,0.0,0.0,-0.02598092185591322,-0.0059496546136271235,0.025822295756954553,-0.05321525496398018,-0.005052758882053077,0.0444053770987589,-0.0773956421895679,-0.0011414971993307238,0.055219938429747734,-0.1040199339753741,-0.00416724816845367,0.05464187735453946,-0.09372232009429718,3.9369274569403825e-18,0.020320028243261082,-0.11405748361186162,-0.0029724752290241495,0.022645286897396803,-0.1361849464016553,-0.009530024065382843,0.0258524890551134,-0.15398661183629897,-0.032270314409756425,0.027171736366287613,-0.08987382160198581,4.708270240186602e-18,9.552579547731536e-21,-0.10979918071812003,-0.019521456014677748,0.0021199516870660743,-0.09926450408219532,-0.03486360186346528,0.00032272841581328484,-0.08919645197955213,-0.03690085937927236,0.003974857545270072,-0.08271869138736343,-0.00973532845871949,-0.010121138828371477,-0.10611783052331789,-0.027672126096393714,-0.012629285077031944,-0.12191976803321102,-0.04799555923314415,-0.012185227314990976,-0.1385863388250342,-0.0668376334830951,-0.009298966726522091,-0.06556487266560176,-0.01911888244566635,-0.022659073622436916,-0.0875836441043791,-0.023946929233758296,-0.030329348170900404,-0.1118511442368541,-0.03947358641177319,-0.033035751656606674,-0.12722261126642748,-0.05376549785221419,-0.03446755801818724
0.0,0.0,0.0,-0.02645515142544593,-0.005925522992034136,0.025806429778324966,-0.053483736423806105,-0.005116712294069315,0.04501973735328714,-0.07782952703759793,-0.0014810364801665708,0.05632993952315589,-0.10431398756204283,-0.00487970297132777,0.05579179260943662,-0.09424142720816228,2.502019062617373e-18,0.020080030687899576,-0.11460425341753809,-0.002999067418215917,0.02327052319367099,-0.13681418700728776,-0.00877210774884697,0.026486742170450325,-0.1545480823415037,-0.029762796419625703,0.027568847150871788,-0.09028464569334996,2.9652918317824354e-18,7.318968858962299e-20,-0.11196429895855056,-0.017181891193549167,0.0019457997147973832,-0.10557482822763156,-0.03150793147692235,-0.00044316666354162013,-0.09884028109373626,-0.03466706946871822,0.0027918124009853234,-0.08314235752411477,-0.00944271027297288,-0.010305072103139142,-0.10717612229606285,-0.02542454431004877,-0.012852553933199576,-0.12377621836276598,-0.0442861730216608,-0.013169086137280194,-0.14051099115871407,-0.06232547712219136,-0.010936096223994666,-0.06604028266351936,-0.01805238490247608,-0.022833892090348293,-0.08801582912111121,-0.022283638611210754,-0.030448043980288046,-0.11177771468152758,-0.036519597883286355,-0.03344143014681517,-0.12735774757852442,-0.050219502899327785,-0.035325213034460914
0.0,0.0,0.0,-0.02729791769586897,-0.005521484672677228,0.026132524538433913,-0.05425682033097534,-0.004943447180364764,0.04646715532405035,-0.07908067251825819,-0.0017140225929537997,0.058372309889878626,-0.1053588074606397,-0.005775855042902257,0.0576604116250682,-0.09569489339036916,3.891027687136433e-18,0.020182666495456063,-0.11671086589702057,-0.0028799590817829472,0.024658782060319406,-0.1390981774958235,-0.00756214732594938,0.027914479249839513,-0.15689976945308903,-0.026111506750770667,0.028761306986118007,-0.09163705279017521,3.974420935909646e-18,7.927005163031054e-20,-0.11620042735419783,-0.01468679306663219,0.0022682237847572472,-0.1148559946813422,-0.027881793906629156,-0.0007710827046170962,-0.11168714867461957,-0.03301763859140676,0.0017288882444335789,-0.08468497435868022,-0.009276559318134847,-0.010743554999873603,-0.11017298268381273,-0.023063709657557583,-0.01305021298945188,-0.12774036739407088,-0.04016261990616134,-0.014148663885928815,-0.14414647688913268,-0.05714205303495865,-0.01262421457850487,-0.06771271631868286,-0.016914556481921,-0.0235549191523474,-0.09003143386634002,-0.020776572198347505,-0.030579237760366355,-0.11307686691781192,-0.03389367895264772,-0.03366386907890843,-0.1285597165530991,-0.046999870789266006,-0.03605008259579111
0.0,0.0,0.0,-0.028168346847610146,-0.005173477687952642,0.026335482055140857,-0.05468855361526676,-0.00475388137252827,0.04776396985112021,-0.07978966796951337,-0.001850990766110847,0.060611670475356025,-0.10600125042100252,-0.006422207120885557,0.059816656614711104,-0.09687435429249301,2.61446472732632e-18,0.02010155915595528,-0.11817753042635366,-0.0025444636995007068,0.025695126761516064,-0.14067642635184563,-0.005788116516142733,0.029150996905767203,-0.15838618139506977,-0.02150688956140487,0.0298462202017275,-0.0925298680781364,3.153692429114e-18,6.859212995662129e-19,-0.11952571958627148,-0.011298745973386985,0.0021293368646864447,-0.12435497295963635,-0.023411344643299088,-0.0017133158150878004,-0.12604963213909626,-0.030992047711602126,-1.972191946225752e-05,-0.08559273115143884,-0.009026686460572312,-0.010977423113728606,-0.11214970862139677,-0.020081697455422362,-0.013152224014784731,-0.13066120667365494,-0.03517251340495857,-0.01524152861365725,-0.1469927827758502,-0.051332382660652875,-0.014727595629342094,-0.06870627659164123,-0.015648181847239855,-0.023838932010704826,-0.09112491741191169,-0.01871391260567934,-0.030591541750447815,-0.11355870142146302,-0.03010252484531611,-0.0339995539133334,-0.12917283916199568,-0.04276655279062175,-0.036954982627000726
0.0,0.0,0.0,-0.02878468505746292,-0.004835085342493514,0.026065473534850187,-0.05499853298608222,-0.004556847041006069,0.04819984373764834,-0.08014552041929113,-0.0016610411043924893,0.06199191487692804,-0.10641494082257184,-0.006937196636010362,0.061236670497515994,-0.09746954776486594,3.1951227821379295e-18,0.019522609602931444,-0.11856133920840925,-0.002390946804575989,0.026122926141594623,-0.14080407853700638,-0.0038205507582633807,0.02979557413628876,-0.1591560862762788,-0.01632143557526098,0.03037118179764916,-0.09272797124603488,3.450750674132354e-18,9.578394041504659e-19,-0.12186530168334872,-0.0069288006593714565,0.002062184841107372,-0.13362949021078235,-0.016358550140083587,-0.0028122776950456844,-0.14227143776456075,-0.023904801993443803,-0.0022013083513841973,-0.0860099162713544,-0.008505160506536928,-0.010820634156503528,-0.11292387107146015,-0.015958080705131317,-0.012644192663554219,-0.13266106958934315,-0.0280781001890048,-0.015671218871742446,-0.14931094800507114,-0.04203212393495677,-0.015600996162114005,-0.06920130021433275,-0.014034078435822054,-0.023533523913103732,-0.09141678833288722,-0.015661038211617642,-0.0302798923644845,-0.11346985737618015,-0.0243109440621587,-0.03393357604878374,-0.12976569906037677,-0.03508399708872332,-0.03752838506283718
0.0,0.0,0.0,-0.029667251603301543,-0.005336563363812249,0.02623498541522931,-0.05556014583172477,-0.004759685733835346,0.04897741219134732,-0.08052877377360632,-0.0021591592767211064,0.06340976006451657,-0.10658096558618482,-0.007647652359536801,0.0622381283892745,-0.0984616130194951,2.0866611096183184e-18,0.019261616758537867,-0.1193490336885015,-0.0029219128118906923,0.026442625495373802,-0.14150302397200215,-0.0033317522211157597,0.03026697002582754,-0.15981734800547298,-0.013797556571668755,0.030537735775780943,-0.0931248807069833,2.579793125105532e-18,1.3201508393257483e-18,-0.12444257768743608,-0.004230580904739925,0.002262612347574201,-0.14070215264510344,-0.012274383060142544,-0.002910894181174063,-0.15311680349650944,-0.020508089049520298,-0.0025334232861907178,-0.08624535228593824,-0.008205648462902273,-0.010706832486233827,-0.11365188306060622,-0.013599024470043942,-0.012489089498957665,-0.13419990944841786,-0.024192864776393347,-0.01634480410574363,-0.1511162676104984,-0.03723178284969688,-0.01693754869513866,-0.06934090302289152,-0.012886171013542629,-0.0230462002689555,-0.09148219262532989,-0.013926854279035242,-0.029803896333954395,-0.11325649960926369,-0.021475876447403928,-0.03337911878747908,-0.12970983122722057,-0.03227368029222068,-0.0377728863698426
0.0,0.0,0.0,-0.030058144550646308,-0.005460090858340307,0.026282113789681684,-0.055877880108787456,-0.005021421827100164,0.04997160230578664,-0.08128194827989138,-0.0029305015099714477,0.06479449821516063,-0.10728136643593475,-0.008691641250646368,0.06345028794544719,-0.09925737615413578,2.4225494750890596e-18,0.01927547679225071,-0.12023464475710727,-0.0031436944043328227,0.027262636172854744,-0.14266393806516792,-0.0030047297783791825,0.03109502507477694,-0.16063666674362626,-0.012223628334728483,0.031230536901404142,-0.09382475804190879,2.450580131038885e-18,1.4072357207171329e-18,-0.1270852465119988,-0.002387206331916568,0.0024724165794657556,-0.14721228540103415,-0.00979268960268856,-0.0026894927733506803,-0.16289107926737417,-0.019122685724203246,-0.002467065176416864,-0.08678046991526268,-0.008075847566127621,-0.010883327995898664,-0.11496777483469017,-0.012311439512692226,-0.012376907689713851,-0.13588357846130925,-0.021723513378867142,-0.016551859250055756,-0.15286406142628667,-0.034395043755893265,-0.01771512807732671,-0.06965950385942435,-0.012109842064148252,-0.023225218913419807,-0.09195101817190426,-0.012967110883210828,-0.029857763293687976,-0.113340774260789,-0.019750500370421902,-0.03330885063762906,-0.13009756212880658,-0.030146913248784428,-0.03804513442537974
0.0,0.0,0.0,-0.03038892158033578,-0.005494840305612565,0.026418580370480112,-0.05608432005628214,-0.005165163811380904,0.05069934015036663,-0.08169517367191208,-0.003288901545557013,0.0659486780583817,-0.10763546988620172,-0.009261635425622345,0.06451901030299513,-0.0999393507572846,2.2857821978883655e-18,0.019337088020416747,-0.12101863461029208,-0.003337991715735545,0.02785849532807043,-0.14352606885669134,-0.002895379666575871,0.03170413600959937,-0.1613234089747091,-0.011356723708429942,0.0316640174848974,-0.094373412859274,2.1964557240053463e-18,1.761132602095306e-18,-0.1291880829297658,-0.0010040100139139595,0.002528413348396527,-0.15257541366627186,-0.008172398887915166,-0.002862900536718627,-0.17093271524947923,-0.01884709362829002,-0.002902879097377978,-0.0872211034245971,-0.008062267317837234,-0.011074559883607208,-0.11599003691606821,-0.011397738079877092,-0.012473479137617056,-0.13733199739084267,-0.020246711641629615,-0.01705385741253695,-0.15425940802077492,-0.03284428743401791,-0.01860941716851038,-0.0700043827506811,-0.011700398011617492,-0.023447768275631782,-0.09237790474532354,-0.012515292627634882,-0.0299463897812028,-0.11343021857517752,-0.018869581565779153,-0.033432728433467146,-0.1302675322716156,-0.02919285968648403,-0.03845543403006773
0.0,0.0,0.0,-0.030620781132730153,-0.005790603666710969,0.02670199609773299,-0.05639314808612571,-0.005764706510023936,0.051637841907908745,-0.08249308814076195,-0.004270152927405285,0.0672512222939638,-0.10852340293118296,-0.01028993576270226,0.06577512299065705,-0.10103966503900255,1.3013803673582355e-18,0.019789032189908455,-0.12250588192267844,-0.0036498807248074136,0.02874414801626079,-0.1451933997864744,-0.0036424449981072157,0.03233201418202022,-0.16260991972058697,-0.012548823849025316,0.03201604104000967,-0.09547822691668797,9.765480232953513e-19,7.418672407770103e-19,-0.1319229697460398,-0.0005621817677195875,0.0025351602284044623,-0.15797651831879417,-0.008595333084803675,-0.0030036041371999597,-0.17836596227980128,-0.02167069456833414,-0.003368150789202894,-0.0881002727393135,-0.00828779305432344,-0.011692783680324881,-0.11764171179171892,-0.011731588998257061,-0.013047642161195798,-0.13917413001056514,-0.0210353183954785,-0.017883921286021877,-0.15586858038506973,-0.034608586436745206,-0.019809832506342058,-0.07060943646646663,-0.011949846144346327,-0.024318108192625254,-0.09318778708618536,-0.013246647200021328,-0.03061326561315949,-0.11388167678035604,-0.019829335316358353,-0.03404258399399942,-0.1307071026775658,-0.030491826358002613,-0.03922032231354116
0.0,0.0,0.0,-0.03067632129631813,-0.0056628787169403835,0.027018784923672903,-0.05650971651699954,-0.0059340195229516494,0.052457301317249,-0.08306993251903719,-0.0045852348149319384,0.06841020432423342,-0.10923228157355852,-0.010810288768776734,0.06680881383061604,-0.10188032374674358,1.172424117158892e-18,0.02022236780170062,-0.12379922545417324,-0.00384879282400902,0.029502424804986483,-0.14644743381670655,-0.004319485420483214,0.033122006980443625,-0.16346480981979478,-0.013767550223689353,0.03280312514414206,-0.0962818170194722,8.472529476769261e-19,8.430315899640803e-19,-0.1341424291729041,-0.0004699673482175408,0.002645501637561263,-0.162158031945265,-0.009364501509328375,-0.0027165619014611073,-0.1839163971096332,-0.024623157358439382,-0.0030379300723664122,-0.08863049812807888,-0.008577233099394148,-0.012051024946624982,-0.11879982379495857,-0.012282008692588423,-0.013289917500036918,-0.1405179694996326,-0.022313367055300605,-0.018196562667305557,-0.1567500803806693,-0.036830944005461885,-0.020030052319116955,-0.07098375403840404,-0.012163827846292882,-0.024830219991099856,-0.09375916110178228,-0.014187518376606947,-0.03077160493575204,-0.1140716158847077,-0.02135924679064652,-0.03412251706508586,-0.13062323272399382,-0.032603086091772614,-0.03910659863115923
0.0,0.0,0.0,-0.0308563462116521,-0.00577176902367278,0.027199198135113,-0.056782433988600015,-0.00588971232416592,0.05299993483502448,-0.08345669490524667,-0.004571057989529527,0.06927895187745295,-0.10960717591292592,-0.01100673581553728,0.0675355719667261,-0.10229076020923084,5.6445274509550395e-19,0.02030367445652581,-0.12433655178542377,-0.0040188815838262245,0.029972620309461424,-0.14711763207581208,-0.00420595608414285,0.033489366825087255,-0.16413384045527601,-0.013216475393796988,0.03293237060558901,-0.09661669330711499,1.3544106686941711e-19,1.371810595507187e-18,-0.13555049917538614,0.0004045076556157424,0.002742948378413826,-0.16528198779450354,-0.008392795236856886,-0.0028451266961350965,-0.18841638459936277,-0.024281206700681866,-0.0034069735257218677,-0.08899840816358229,-0.008494905379629939,-0.01212212982926228,-0.11951595014801858,-0.011721112313521184,-0.01333662293308655,-0.14135870005110435,-0.02145309101669495,-0.01856802839853369,-0.15756078374895996,-0.036010249960657804,-0.02066374551692258,-0.07139158477031732,-0.01185127898158222,-0.02495370925824292,-0.09424390368155772,-0.013854324064647774,-0.030730634456842536,-0.11433944031091861,-0.020844569230764706,-0.034022042911171724,-0.1307939245719163,-0.03230276621767619,-0.03925039194135943
0.0,0.0,0.0,-0.030783833986310256,-0.00575620098528829,0.02724756512091344,-0.05657221462770358,-0.0060862905968163215,0.053376840550580056,-0.08333255373042536,-0.004931062365923841,0.06984927137703875,-0.10948744658899803,-0.011362925056801781,0.06810067552084387,-0.10233605349845207,-2.387829998011004e-19,0.020406430635083024,-0.12445927334000442,-0.0041304673024133145,0.030321991710794735,-0.1472441229351575,-0.004499132481340608,0.03385202265668286,-0.16410192501262572,-0.013604031760178959,0.03324807146735376,-0.09670931211889823,-7.178766114648334e-19,1.2047963886473763e-18,-0.13618231088472327,0.0005481921708886225,0.00280361972125549,-0.167141564390041,-0.008401634254332352,-0.0027819254529656634,-0.19115826036615663,-0.025103050487628748,-0.003375451074337386,-0.08902300558477542,-0.00857488183719042,-0.012264349805521815,-0.11972509513942677,-0.011744769466606486,-0.013454259899234555,-0.14180078401047094,-0.02148668160490034,-0.018798309666497648,-0.15793344989254915,-0.03620257787704912,-0.02092641794923142,-0.07141008653099298,-0.011822964516736324,-0.025134674107882025,-0.09430717555028012,-0.013893978559186827,-0.030753101807565377,-0.11425053900534939,-0.020779894859669926,-0.034072897215565376,-0.13075457144993177,-0.032147631778648225,-0.03924864526904992
0.0,0.0,0.0,-0.030637913680809353,-0.005917832539157345,0.02727862498925346,-0.0562924564293128,-0.006702494406296555,0.05355480832918996,-0.08324670158905495,-0.005761937513903919,0.07014425398496182,-0.10944219773803451,-0.01211097453648523,0.06852913377444352,-0.10239092503651234,-3.277101422809594e-19,0.020471615508726553,-0.12457581692578715,-0.00436385019728327,0.03047245187819444,-0.14735428996858974,-0.005456572691925149,0.03398784914905466,-0.16386466333753108,-0.015389937011605497,0.033302496786598045,-0.0969399750140391,-6.642534641078294e-19,1.2223634696259118e-18,-0.13648024126186648,-7.458877870081845e-05,0.0027069297991885394,-0.16801015344761605,-0.009692905802790527,-0.0028519152932100023,-0.1923410117668813,-0.027589294295543843,-0.0034876344225231353,-0.08906174806134576,-0.008869306143843979,-0.01249867319218866,-0.11978810099157414,-0.01254163562881572,-0.013800423834795789,-0.14197337573573776,-0.02270599347604075,-0.019205540320325773,-0.15791189402086991,-0.0379144499596891,-0.021421006922435586,-0.07131634423796743,-0.012283304538190107,-0.025419992936133583,-0.09405501957806824,-0.014716767145717827,-0.03094840094389356,-0.11372627082383585,-0.021746660268833404,-0.03427738372830869,-0.13028453580873972,-0.03302803939807603,-0.03932199275985892
0.0,0.0,0.0,-0.03049063977366962,-0.005814419212360491,0.027380496383492582,-0.05616672703575403,-0.006587644266034913,0.05377552835431931,-0.08319735678901494,-0.005559340851929881,0.07043038821674596,-0.10941129494294996,-0.011772086211389728,0.06890269765090169,-0.10245430971488484,-8.597411858239235e-19,0.020658998856337162,-0.1247703490395527,-0.004487981008139542,0.03069779645939573,-0.14752999722536259,-0.005843258266660465,0.03424408691000675,-0.16386962326769725,-0.016248590988333502,0.03359850560761837,-0.09707067529566155,-1.1993113705072394e-18,4.471807457819872e-19,-0.13690780400182684,-0.00041622110888805573,0.002780622741502861,-0.1685616249640041,-0.010402950358831934,-0.002608604852446844,-0.19278933676724624,-0.028826875673126407,-0.0030706334977849007,-0.08918219410589523,-0.008957794327561393,-0.012600370008437053,-0.12001966300638864,-0.013008372961311514,-0.013870432613221455,-0.14214706746458966,-0.023518033386943825,-0.019165983728758683,-0.15799375081572642,-0.03902483177948927,-0.021247301905636572,-0.07147320950959218,-0.012452220746059877,-0.025563761018657143,-0.09429303812290199,-0.015163582648553019,-0.030859220504590244,-0.11384051159800027,-0.022549982214072048,-0.034106354772560146,-0.1302227709061909,-0.03404123345804709,-0.038963415148924985
0.0,0.0,0.0,-0.03028928356604005,-0.005690409062720583,0.02756606328072849,-0.055946710586796164,-0.007094805998022466,0.053772248316192914,-0.08321556022263772,-0.006181993610960992,0.07037939631198678,-0.10978099452976842,-0.012234389271481533,0.06894822675242918,-0.10265279515444524,-1.2699234699422394e-18,0.021079031741388716,-0.12533164687641793,-0.0046017510450033754,0.030786315121038667,-0.14793199739754398,-0.00676076024845823,0.03428494703194629,-0.1639185317807551,-0.018590980007141298,0.0337201313884076,-0.09737356499157387,-1.621497527155755e-18,1.8953430832792078e-19,-0.13722428591325658,-0.0015534121556936742,0.0026411222152854397,-0.1682923205556873,-0.012399105113559532,-0.002481052019429277,-0.19170594290105536,-0.03180855320645392,-0.0027524756813198468,-0.08928480803689241,-0.009251533304507373,-0.012977181508439604,-0.12019405130454203,-0.014286908427944623,-0.014324581991456493,-0.14227249494712163,-0.025837377948571095,-0.01937342341592779,-0.15776875984127564,-0.04210332993782985,-0.021082107311087832,-0.07148861790041348,-0.013113910978105808,-0.026041858028023997,-0.09436274448234414,-0.016475501353165084,-0.03108767415105549,-0.11382508427752827,-0.024448231748526505,-0.034215577861155824,-0.13002310155780478,-0.03614002226640859,-0.03868162068734433
0.0,0.0,0.0,-0.029960825104703936,-0.005497698897257897,0.027665976057085217,-0.055562025471314266,-0.00713341815995654,0.0538122984390023,-0.08295294710111861,-0.006209213650106913,0.0702966298194375,-0.10959274464320184,-0.011905664197428705,0.0691540463010771,-0.10260136155246832,-2.1202756401376757e-18,0.02135400074308475,-0.12549934729895892,-0.004646007924940987,0.03083371582682057,-0.14800569803959168,-0.007418759356616062,0.03443441768716177,-0.16375643431132647,-0.02025448784024056,0.03412835399889631,-0.09751194344748546,-2.4038199742785455e-18,6.793769007966697e-19,-0.1370973658317794,-0.0028103056271942253,0.00263350122001579,-0.16714529135124062,-0.014256815777553491,-0.002075458384407439,-0.18944039356003972,-0.0341466265081508,-0.001984020039343612,-0.08939105312342781,-0.009485471269678842,-0.013197403713952827,-0.12015768605602506,-0.015447516873236384,-0.014547271616251637,-0.14213467261084103,-0.027817147948124205,-0.019181066447306792,-0.15743514545648213,-0.044490602540871116,-0.02046301909433138,-0.07157148346801441,-0.013599784193878651,-0.026312063406901096,-0.0944486988670894,-0.017486844968482948,-0.031075854792843548,-0.11388981003390208,-0.026055754660094948,-0.03406818582771419,-0.13000795662856315,-0.03795054311785108,-0.03807843304490555
0.0,0.0,0.0,-0.02955015249232053,-0.0053313318552515926,0.027776117992390756,-0.055181604833994105,-0.0069530114144916635,0.053852803443908415,-0.08281008316129404,-0.006051670778974996,0.07006342090386275,-0.10942259068077367,-0.011301377814168505,0.06917235501392932,-0.10241810288996273,-2.2605074896331346e-18,0.02160191219851449,-0.12562117243054635,-0.004532914676234652,0.030839286170468674,-0.14816536180523837,-0.007692987173006598,0.0345923788973941,-0.16381168304469396,-0.0211775568000949,0.03447620710800753,-0.09759085070937518,-2.5004779596059697e-18,1.3085831883229022e-18,-0.13699036954859262,-0.0038849915347599845,0.0026875053127827842,-0.16561159406631623,-0.015568494221097559,-0.0016324206270070265,-0.18648865564688885,-0.03522751582384995,-0.001062431115196926,-0.08958607734955598,-0.009589369065855884,-0.013417694983813669,-0.12025639968321454,-0.016491360006562726,-0.014794087503701195,-0.14198553299424832,-0.029211259399669048,-0.018966174298394534,-0.15721955600783752,-0.04599917767189006,-0.019811203900740405,-0.07180143932045592,-0.013930796277056366,-0.026653520684020222,-0.0947850684855483,-0.01816077345503998,-0.031101572820164486,-0.11427602277812943,-0.02733162843560139,-0.03395332655271954,-0.13034177523681817,-0.03923308197924415,-0.0374828456899999
0.0,0.0,0.0,-0.02916739864587018,-0.005294032765947712,0.02762806903834917,-0.05464930322892157,-0.006960154802724493,0.05340539895347392,-0.08223499753728669,-0.005886325114125794,0.06930949579008108,-0.10874270861918717,-0.01047976359334879,0.06891536508601506,-0.10162423652536823,-2.6205530603875723e-18,0.021551467256510453,-0.12479377143513173,-0.004661758781498052,0.030568170452193053,-0.14736105537090083,-0.008486902382202538,0.03435314657376322,-0.16273574366507104,-0.023018049300786245,0.034301996556655334,-0.09715209328855942,-3.1751867582051824e-18,1.4666034356570596e-18,-0.1355582785221109,-0.005352040987853736,0.0026190562014240543,-0.1622935000007812,-0.01753640290924273,-0.0013584881078495344,-0.1814569469021421,-0.03660373516064352,-0.0005860148030940036,-0.08920304225350546,-0.009674518632007058,-0.013434014848595651,-0.11947171855848973,-0.01766585577877481,-0.014959371939302153,-0.14086606686444453,-0.030901217735153606,-0.018720119078967933,-0.15616355933103773,-0.04797492837255997,-0.019402761796656946,-0.07158389247186976,-0.014357839931290167,-0.026662418054478824,-0.09445541923013784,-0.01882174264947382,-0.030983777128769527,-0.11391363861196559,-0.028432826035808403,-0.03381464499887371,-0.13006911766736418,-0.040366131881510114,-0.036942193300698034
0.0,0.0,0.0,-0.028593770108496067,-0.0050221408183836035,0.027779272169021662,-0.05425664288326322,-0.006226161129231326,0.05333836533477895,-0.08170634141229396,-0.00465703741400821,0.06910329446953332,-0.108155503169972,-0.008807935779079437,0.06904369664717046,-0.1013244143609568,-2.122738062865758e-18,0.02176099230279044,-0.12451102811500964,-0.0046128042555320225,0.03048139389535926,-0.1469222451901579,-0.008868144996177947,0.03449519427859181,-0.162121645988051,-0.024156102984218664,0.034784110162789386,-0.09709009934073023,-2.6960183519909972e-18,8.9509637655125e-19,-0.13464368362895174,-0.006916553436657454,0.0027265182127879616,-0.15883285992286095,-0.019513194957194318,-0.0008942955596353147,-0.17559120213649257,-0.037924545903705975,0.0003909348651582856,-0.08933224167686746,-0.009795184046960632,-0.013455021671503094,-0.11905130419005865,-0.01880411962322515,-0.014939553635832768,-0.14009007241831467,-0.03270214063291864,-0.01815037799405307,-0.15527780384249584,-0.049870698889730454,-0.018394552331840237,-0.07183125809030198,-0.014743781247922149,-0.026634780905920905,-0.09454734130855745,-0.019605192283019737,-0.030689463082957016,-0.11411524034792195,-0.029785721503825146,-0.03319862788307519,-0.1300617317684833,-0.04187140790907751,-0.03569903550160232
0.0,0.0,0.0,-0.02809226123882672,-0.004972494647867298,0.027676229883999162,-0.05376245793817014,-0.006025564887098768,0.05273902676769725,-0.08101217049109505,-0.004209131105580073,0.06815038781217729,-0.10742256903030828,-0.007781116733128384,0.0685176778934032,-0.1002155877814887,-1.4119780623119646e-18,0.021727549540419354,-0.12328826334618119,-0.004576302041304561,0.030086837833871526,-0.1456118026981658,-0.00923068803320744,0.03415389062252375,-0.1608191474342271,-0.025378086608652838,0.034524866121354164,-0.09624066780164223,-2.2023087699071066e-18,1.072876549709792e-18,-0.1325405991282365,-0.008397816175403779,0.002671569994635991,-0.15394376816473843,-0.02116261698165075,-0.0008717507288475211,-0.1682276808007686,-0.03821151042441723,0.0007115283226206659,-0.08875267215510857,-0.009799063215445023,-0.01333559950080934,-0.11786234032426351,-0.019723940676287667,-0.015067209589792178,-0.13868764815137852,-0.03412303331673307,-0.017994351164874467,-0.1540363927496302,-0.05119244315450787,-0.018006341926636155,-0.07151065517862085,-0.015023633109361887,-0.02641039122751073,-0.09403144704302704,-0.019959509283473398,-0.030393926539855634,-0.11379857082839634,-0.030422713733416547,-0.032764770623201406,-0.12976837325934584,-0.04248717047167418,-0.03486774086838389
0.0,0.0,0.0,-0.02763661116791498,-0.005167232868202427,0.027488918215032618,-0.05354156933565863,-0.0055407000180701825,0.052162212572826,-0.08063279861075096,-0.0034841586245192274,0.0670824270760601,-0.1067589671566335,-0.006399275908314862,0.06771545186512376,-0.09934332024202569,-1.768866405408602e-18,0.021627641880576358,-0.12212734553350571,-0.00413749876344088,0.029674340744007915,-0.14470862186371922,-0.008542841533364766,0.03368038190657871,-0.16013838008051656,-0.024515070638334815,0.03404104536703764,-0.09542755461188134,-2.3847398684867885e-18,1.1338201691127899e-18,-0.13067733756937772,-0.009095176875558976,0.0023834307490843494,-0.1490410346613555,-0.021332877362188685,-0.0012315442154493526,-0.16063214242953835,-0.03620591278483296,0.0005148272003752015,-0.08816490340185815,-0.009692414611741886,-0.013195713381670263,-0.11686892466633322,-0.019985237979991244,-0.015311685067077193,-0.13733037828992528,-0.0343043876485559,-0.018016815839291142,-0.15290014859275045,-0.050952969890909014,-0.01811006418184349,-0.07102837848762664,-0.014956706063563613,-0.02627957970018472,-0.09371645899374272,-0.019494734810695018,-0.03031792513058739,-0.11404711744098854,-0.029996074573200755,-0.03252816657809219,-0.130095163876777,-0.04174799074095009,-0.03441940878501715
0.0,0.0,0.0,-0.02690109141462272,-0.0048618861226669835,0.02744235801478992,-0.05300331553080922,-0.0043779431412471845,0.051491360220740384,-0.07963416484048212,-0.0013994660856271246,0.06613857702153791,-0.10563404761811986,-0.0038475957595905585,0.06733770540549186,-0.09792072609147026,-1.6482570275193672e-18,0.021393816619360483,-0.12040236744683366,-0.00368120292465352,0.02910187916617731,-0.14276607382281586,-0.007986993926671258,0.03339822509591341,-0.15845775058563982,-0.02399143216367484,0.03391906521188725,-0.09420354909537165,-2.2778784138531418e-18,1.1290862123280128e-18,-0.12766927265136463,-0.010350207368973458,0.002332488929421662,-0.14212217783742478,-0.02213931080987373,-0.0014633589089385634,-0.15018312589213986,-0.03464670740040475,0.0006354944006231151,-0.08750833714177512,-0.009566762257246335,-0.01282923464763561,-0.1151554305104072,-0.020292469646512927,-0.015214257012305239,-0.1354018354456457,-0.034953539406152145,-0.01763212644970685,-0.1509523575347634,-0.050835165529489176,-0.01718553333278465,-0.07085610276423028,-0.015062634173201604,-0.025770124380619,-0.09327332274724388,-0.01933361393846374,-0.029649916611318827,-0.11386945062914601,-0.029729069474383266,-0.03180523448412267,-0.12979893590405278,-0.041329855611696706,-0.03307437052572659
0.0,0.0,0.0,-0.026140248312536262,-0.004568513228464641,0.027549037533169743,-0.052789131607350576,-0.0029652319702138294,0.05091791797832185,-0.07968700711761614,0.000443572286501302,0.0645594641633215,-0.10549666401331477,-0.00045441506948993866,0.06612007863958184,-0.09738571445442981,-1.4010360702298214e-18,0.021888713295586507,-0.12013275070257938,-0.003284537424460312,0.028737686720559888,-0.1426852255076448,-0.00787255772144958,0.033065905085095326,-0.15837805183999906,-0.02468839602450558,0.03407282848325022,-0.09394347721121905,-2.035575664549936e-18,8.450036042306568e-19,-0.12638133487315217,-0.013051519346579554,0.0019926201295042707,-0.1340071512469087,-0.02528062836061145,-0.0007604908973716534,-0.1354905799788773,-0.035434488253016413,0.0025876610623663063,-0.08742359296978006,-0.009467747405981879,-0.013082461905585006,-0.11502593027252464,-0.022271303297372286,-0.016080747547216494,-0.13429409170817677,-0.03787539286478842,-0.01765581974464321,-0.14986015335236683,-0.053757713894695885,-0.016741876372473694,-0.07097679355012573,-0.015225952420785404,-0.026209590131926752,-0.093968047968429,-0.020070317448326536,-0.02968732721493375,-0.11509667077323789,-0.03212432029654858,-0.03119893866827999,-0.1304046049938316,-0.04435639741558768,-0.031514618163689466
0.0,0.0,0.0,-0.024848323402589943,-0.004884923641989095,0.02766208848771501,-0.05193686541339461,-0.0027082241591365134,0.05003058087043548,-0.0788740588385031,0.001421742528107059,0.06289570872946217,-0.10480788948859994,0.0016708785375453708,0.06520643972869225,-0.09638140515784396,-2.170719886241098e-18,0.022102361042885883,-0.11895798505253397,-0.0034684529323489397,0.028398387328188935,-0.14110616147637406,-0.009412214618351837,0.033146995748156494,-0.15589715475281857,-0.028563189242621814,0.034852110305597955,-0.0935010502911065,-3.123131056880865e-18,1.3572193305550075e-18,-0.1237417971528938,-0.016194239415319563,0.0019884354716854713,-0.1262138016056504,-0.029139331757853586,-0.0003293248477009099,-0.12328910084657793,-0.03671848443299999,0.0038395232294577155,-0.08705902278669264,-0.00974923094929509,-0.013020381391971543,-0.11327475720116142,-0.02490913155635327,-0.016365143723599068,-0.13147062256199668,-0.04183151331857966,-0.016693320433050475,-0.14688117607206674,-0.05848431008933052,-0.015030906864389418,-0.07066049498691136,-0.016316740226806497,-0.025955973668965793,-0.09346799579226056,-0.02164433764977785,-0.029137141237628575,-0.11503129895182415,-0.034335950262918996,-0.030214579911976874,-0.1300926045865264,-0.04649573339503171,-0.029472909193438188
0.0,0.0,0.0,-0.02412858439167444,-0.005051811230442045,0.027952878133747215,-0.05177389268245573,-0.0024320555702651053,0.04998353746439614,-0.0788137871874996,0.0020051880830247735,0.062305184927860906,-0.10514610375588646,0.00355686930186823,0.06477593365952468,-0.09666966383751105,-1.3974632464176023e-18,0.022885517294972055,-0.12000287716051028,-0.0034613740551408334,0.02863368886381214,-0.1421120012319929,-0.009989071646996237,0.033576521732225556,-0.1566392584931932,-0.03038188409599996,0.03575295909441382,-0.09428520781666738,-2.5464710418756344e-18,1.2796869707059771e-18,-0.123443959900216,-0.018928849373203632,0.0026356737744595246,-0.12068690234189941,-0.03205741019457002,0.0008063901941186147,-0.11348182777773957,-0.036908644940069124,0.005142352806061506,-0.08826360927548624,-0.009988290648464087,-0.013232654335990059,-0.1140065557214556,-0.027180047981112895,-0.016368922838848266,-0.1309740022504497,-0.044976852902087396,-0.015304347761920606,-0.14619949287362335,-0.06162541664536092,-0.012716644599590838,-0.07202119034668808,-0.017222001306388,-0.0264544953912398,-0.09513553649204351,-0.022871876376063766,-0.02906407265652721,-0.11731013082397782,-0.03671690638252291,-0.029275530976007057,-0.13181605824215903,-0.04914974809397167,-0.02749673232245453
0.0,0.0,0.0,-0.023380374974773913,-0.005217406834503571,0.02775013265656262,-0.05106393177545972,-0.002116964631422145,0.0490750430143414,-0.0779088509861862,0.0027292367707995686,0.06083986868600638,-0.1044286290795812,0.004995488970858674,0.06374019489281627,-0.09518373165209038,-1.0545189128966428e-18,0.0228610548204403,-0.11827785920148937,-0.00336454304423694,0.027878937623939316,-0.14021582752978234,-0.010227557451868638,0.03266407784517621,-0.15476403773018443,-0.031696038680465,0.03514039449303126,-0.09306375033041356,-2.0872455839411236e-18,9.711489117250913e-19,-0.12071697196958886,-0.020386208278977597,0.002198183758642007,-0.11463314447687084,-0.03352874398234799,0.0006271292061197784,-0.10445737539924141,-0.036493123801365185,0.005727473977756834,-0.08728513706575791,-0.009800876583920405,-0.013270805316323873,-0.11213378769312002,-0.027904745738425274,-0.016773615140119845,-0.128909933566364,-0.04639978970511511,-0.015253212744200273,-0.14450473372016126,-0.0627862405306854,-0.012117389763001137,-0.07121237147308138,-0.017251529096923218,-0.0263154188279013,-0.09416831669466948,-0.022772833375453036,-0.029062577845536446,-0.11691001602016428,-0.03664196038394738,-0.029189510017628553,-0.1317326241504963,-0.04882844916800092,-0.026839111648241695
0.0,0.0,0.0,-0.023386525883459006,-0.005186374524043246,0.027480388850908734,-0.05114253556107082,-0.0018271995432985076,0.04799179630039234,-0.07771998916934209,0.003208850616800768,0.05936553567607654,-0.10387488724799365,0.0059364256685528905,0.06247356533141718,-0.09426635032080422,2.45046943733917e-19,0.022609872725009562,-0.11713982992778071,-0.0033757196925674037,0.026922435815015036,-0.139294799875599,-0.010126202566761451,0.03132259136023194,-0.1543549136770257,-0.03144824457187655,0.033315057198880754,-0.09196388449171716,-9.74948580290465e-19,4.46694057839737e-19,-0.11852990747361762,-0.02093866886183162,0.001227403048937967,-0.10978678050666674,-0.033272294949806755,-0.00025443466646647,-0.09739571028231062,-0.033818780921724384,0.005109061521125361,-0.08626953767829595,-0.009581883276516712,-0.013225731160568006,-0.11060284911679667,-0.028018515223290078,-0.01752235163221205,-0.12701315846739525,-0.046267843767218965,-0.016353867909841144,-0.1426694717475126,-0.06217161066089191,-0.013437284955078458,-0.07041453494373559,-0.017073595831616037,-0.026268379033851933,-0.09365039132449385,-0.022270602950696307,-0.029310536506276574,-0.11701468564705395,-0.03582811398938056,-0.029676006933540007,-0.13209417052002548,-0.04734449100555527,-0.027346856271367966
0.0,0.0,0.0,-0.022466915522018793,-0.005447165425635556,0.02691875227002716,-0.04994723485487781,-0.001956642963934252,0.047021502921092764,-0.07583576840632818,0.002897832859740464,0.05792557485902099,-0.10187215016965381,0.006210060687916238,0.06165279109535535,-0.09233810612053225,3.3625063099815832e-19,0.02244663299414244,-0.11488615658525854,-0.003074898839115566,0.026195404466272054,-0.1369273493726356,-0.010078612344937942,0.030290632544543915,-0.15216571058325815,-0.03248968664115526,0.03261228612013844,-0.09052676928849138,-5.002384622260345e-19,8.377383457688929e-19,-0.11556383320545802,-0.022086293885763948,0.0007716637710528312,-0.10422155126714432,-0.034283724967483456,-0.0006139958178040816,-0.08948182807844114,-0.03359794178179078,0.005567483906941511,-0.08519425257589053,-0.009365237073767808,-0.013366170877240015,-0.10856480772119789,-0.028367266449942148,-0.017846064125228586,-0.12520320363404536,-0.0468377716574754,-0.016359068046853848,-0.1416465597422556,-0.061975028278624514,-0.012995175395238222,-0.06941870791208798,-0.01699710041764858,-0.02632750421745952,-0.0921990467568481,-0.02175078363046997,-0.029387435245846787,-0.11629615620827774,-0.03504234407471679,-0.029719646090176074,-0.13210227961071558,-0.04590815968049143,-0.026839491361878492
0.0,0.0,0.0,-0.02202708248810324,-0.005714214061727181,0.02703569496360847,-0.049702877656187444,-0.0020981612569020746,0.04672058689458773,-0.07557655709072468,0.002905776520544133,0.05730797118381048,-0.10187243492062806,0.00702169030524262,0.06124772366983332,-0.09211982934540869,1.0729438288494621e-18,0.022728651105125088,-0.11494003809969977,-0.003019656146846114,0.025943234119208194,-0.1368933781360307,-0.010523589927965447,0.02998211322428138,-0.15197098925286845,-0.033880956506171664,0.032568221436964126,-0.09057600307725316,-7.667639149504467e-20,3.663895404013574e-19,-0.11449810504590638,-0.02373686496770088,0.0007763117463952978,-0.10022789771896287,-0.03634647337216759,-0.00027909218610410857,-0.08319688260660965,-0.034415545318723303,0.00622256912707846,-0.08540388572547596,-0.009374753339929633,-0.0134972515006745,-0.10810312591774399,-0.029612097676184872,-0.017984386274144355,-0.12413133784272104,-0.04886173431669518,-0.01595565270418857,-0.14049822534850898,-0.0642350303897821,-0.012155039010651809,-0.06951026685319608,-0.017308803344873475,-0.02660024751517255,-0.09241363769854914,-0.022288332352258314,-0.029464245490587578,-0.11692187894563297,-0.03613923275409681,-0.029545075622228217,-0.13272651330782156,-0.046958032261536234,-0.02617511212597433
0.0,0.0,0.0,-0.02156356893117698,-0.005896335676898057,0.02682225012395291,-0.04907930235402652,-0.002195990731945359,0.04610177545805371,-0.07475403578498213,0.0028803529710548915,0.056366478497566486,-0.10101706405915292,0.007389610670492585,0.06066700682606423,-0.09120073833983519,1.451527462925039e-18,0.02267037706280284,-0.11395358265376962,-0.00291000273570225,0.02550071096135584,-0.1358070295385455,-0.010739914626633734,0.029493354538248334,-0.15082642494122522,-0.034753132281356514,0.03223411448011165,-0.09001166375276241,5.099164212299571e-19,6.982427013962329e-19,-0.11266504635646685,-0.024676731019167886,0.000676504850882919,-0.09628596882236704,-0.03724874107420713,-0.0002733356456980057,-0.07766072012938291,-0.03427914739017079,0.0065651026853990714,-0.08506654483763512,-0.009285579409501239,-0.013464547391018437,-0.10700670075460739,-0.030178223806849723,-0.017894976267698485,-0.12276489403248983,-0.049585468555158205,-0.015627918955000146,-0.13918103306590712,-0.0648672939701293,-0.011599463023270386,-0.06917629458734265,-0.01740408003453759,-0.02653313317828165,-0.09192977841857036,-0.022282616037378147,-0.029325893615550463,-0.11669487173643966,-0.036238992405322766,-0.029304573595884505,-0.13267439746379206,-0.046839906598707765,-0.025559801453345896
0.0,0.0,0.0,-0.021096902880205826,-0.006114219878621104,0.026990508697056395,-0.04870033608956424,-0.0023998529856118288,0.046073853444872,-0.07455468694738407,0.0029328183000600105,0.056146868432203914,-0.10120806872296204,0.008062299734890569,0.06057468570563797,-0.09124526419910672,2.4463035865709655e-18,0.022982990694013078,-0.11430037384936947,-0.0028424768961518754,0.02554827940643703,-0.13604436445917667,-0.011381268934297237,0.029642799929882252,-0.15061129105266313,-0.03665874871934425,0.03288790648446424,-0.09046278962318188,1.7974165871236155e-18,6.841002901792015e-19,-0.11199821495704633,-0.02637360686911746,0.001147475728958531,-0.09335770544200661,-0.03967207362797133,0.000564416286132235,-0.07315644415174324,-0.036246070555144005,0.007556380007332567,-0.08567035148484059,-0.009417137180246147,-0.013484226460338254,-0.10692238051818859,-0.03164367032653359,-0.017486691900855257,-0.12207709371099262,-0.05198865789209517,-0.014565467298743341,-0.13820707952447706,-0.0679341669900978,-0.010089340285534359,-0.06959871209113694,-0.01790358570223852,-0.02667154427892475,-0.09237850311479565,-0.023102644988870897,-0.029162961871889645,-0.11728888561975111,-0.03785010500181022,-0.02876464994221191,-0.13324079009250142,-0.04871356801924529,-0.02458677779467438
0.0,0.0,0.0,-0.020732007133652038,-0.006251966524202742,0.026813276891538965,-0.04820230404578986,-0.002511193473635125,0.04555647007530765,-0.07390576648543654,0.002815667767886192,0.05544854327723461,-0.10057321243320931,0.00825759487252677,0.06016858743952693,-0.0905777251209264,2.127294135483105e-18,0.022913413474392172,-0.11347777393655406,-0.0027438082736661136,0.02521675071673484,-0.13516887042567055,-0.011609496975623005,0.02928444392046156,-0.14956343543363101,-0.03760035640681043,0.0327936177531491,-0.09008121771166522,1.6658648566944042e-18,5.91391649330572e-19,-0.11050487932553857,-0.027098060520121023,0.0011416183981348433,-0.09050798388620936,-0.040522780532266,0.0006473783215134694,-0.06943090129552383,-0.03665195745579855,0.00794364644562546,-0.08540647710338403,-0.00939982403031469,-0.01336225913936408,-0.10599050112050819,-0.0321180115433345,-0.01732475892993152,-0.12100075611925828,-0.05262262301062121,-0.014248888317984609,-0.13723758835416583,-0.06865403144578117,-0.009607335681434685,-0.06928020579374923,-0.018086010476167924,-0.0265220308917117,-0.09184556065253616,-0.02315021620922509,-0.0289934606854797,-0.11688075081950747,-0.037916621282475735,-0.02852072823367066,-0.13296761295545,-0.04858514148946548,-0.024057055312146643
0.0,0.0,0.0,-0.020301518862429417,-0.0065274507856193115,0.027138881790093702,-0.04801972796202923,-0.0028958949864891287,0.045975780702112466,-0.07421287470381499,0.0027125700320458266,0.05580057947377743,-0.10152922961311393,0.00856479753716547,0.06066659010471008,-0.09117654501196545,3.625803479410554e-18,0.02339815411336846,-0.11460315919046705,-0.002813802988109261,0.025659540269024225,-0.13618779325273492,-0.01257493936186491,0.02982698377982493,-0.14990595788311664,-0.03997408011562571,0.03383579005195965,-0.09114713257385262,2.885779494585931e-18,1.3583924141248566e-19,-0.11062209886943758,-0.02886305406259647,0.0018680278114317612,-0.0888684284272479,-0.04319584225630958,0.0016457347828827415,-0.06677950593582482,-0.03937407706280487,0.008956935464531081,-0.08657022909399008,-0.009621548643324837,-0.013542798340711619,-0.1065390286480546,-0.03375106935199267,-0.01681177798684761,-0.12077395033471579,-0.055331178715164436,-0.013173994975134603,-0.136565894875148,-0.0723428974080088,-0.00809548971400974,-0.07015111855101758,-0.01856790734531645,-0.026953120896901946,-0.09284432373267848,-0.02424013463809641,-0.028991406614766138,-0.11774368090332843,-0.04003540964172157,-0.0280344044584857,-0.1336381817687073,-0.05108251886814082,-0.02323120997661343
0.0,0.0,0.0,-0.020188372257314135,-0.006729372251254561,0.027338670853257637,-0.04779367435802631,-0.0032930512758602365,0.046113648181921735,-0.07418067215876026,0.0024329252265282747,0.05592576728232661,-0.10165010442487715,0.008435540783828344,0.06086033391793744,-0.09134842342066407,4.883702962469824e-18,0.023555272467175162,-0.11530540418108294,-0.0028507476191502465,0.025784588613995026,-0.13673042399631014,-0.013220619811373492,0.03012805168242095,-0.15001902008710566,-0.04117653464039091,0.034350834859672635,-0.09167927552245347,4.954363484290176e-18,1.5107075577854267e-19,-0.11042597989812011,-0.02965996603678101,0.0023844507520563805,-0.08761225886925922,-0.04455631345236463,0.002325161542063234,-0.06504156317832363,-0.04088421704128336,0.009482470155729585,-0.08724890578253777,-0.009717110783178688,-0.013429206776761772,-0.1068218651383897,-0.03468114404556878,-0.016240814587410758,-0.12060688166631711,-0.05658615867050128,-0.012198204787880702,-0.13590626903316372,-0.07428189795654902,-0.0069086717629497155,-0.07066073813913014,-0.019005261053088394,-0.02699119168536242,-0.0934085627105649,-0.024871472179008834,-0.02876536391373686,-0.11822761399466052,-0.04126828707894342,-0.027650654835953584,-0.13399955688534407,-0.052559393247542094,-0.02258403831013031
0.0,0.0,0.0,-0.02001863743486736,-0.006980838176246444,0.02750563047089042,-0.047695579987247945,-0.0036445367796883897,0.04629970702247445,-0.0744597394289637,0.0021103631969997144,0.05608290022638186,-0.10230797558772108,0.008164501375965,0.06124554425918195,-0.0917548377287847,4.6052714419578846e-18,0.023655560431905177,-0.11590657647167404,-0.002898947248576365,0.025953783150927928,-0.13728665926725298,-0.013927330734397309,0.03030731219761172,-0.1499851623680284,-0.042617789193655206,0.034709606703532306,-0.09245740118837448,4.777927141600844e-18,2.5333271615766853e-19,-0.11051019071174081,-0.03033949676747852,0.002686238652983632,-0.0871622316781228,-0.045796149095733096,0.002683930278344326,-0.06454166549089452,-0.04257762140242076,0.009969499437048399,-0.0879855801277975,-0.009788409149107157,-0.013471197035821966,-0.10725552831645853,-0.03530824028640248,-0.016023371549459986,-0.1206662907356628,-0.05750308575088105,-0.011809931015119804,-0.13563933858259042,-0.07592590205727175,-0.006368494403023433,-0.07114825263750137,-0.019256252741187023,-0.027184660591609,-0.0938700788832367,-0.02524295287923181,-0.028783953148955092,-0.11851102181919831,-0.04188906146398524,-0.02758021987365806,-0.13413281766967594,-0.053378268193515224,-0.0223045543122746
0.0,0.0,0.0,-0.020127850203120568,-0.006967817036586258,0.02759102703187004,-0.04786589651561089,-0.003983933954403308,0.0464352442592838,-0.07468437210056031,0.0017132101771043969,0.05628068675509014,-0.10263247561775202,0.007679139032276782,0.061385694567434056,-0.0922701228227096,4.625215513743974e-18,0.023808977613762293,-0.11680076328095045,-0.0029089269460264126,0.026236860102454435,-0.13817012654326438,-0.01412693201283326,0.030754187972447423,-0.15064473786877475,-0.04286617903906942,0.0352621892058822,-0.09311951295893382,4.321239749166158e-18,1.8005783329863362e-19,-0.111162828456641,-0.030542137675449922,0.003130047462626885,-0.08785140627547251,-0.046161072285091836,0.0031843610048002935,-0.06541312331365864,-0.04329214305836358,0.010214331839984863,-0.08868232097565631,-0.00993140468731099,-0.013395906846351384,-0.10798492831199652,-0.035623461001070555,-0.015605406147864447,-0.12122991573387176,-0.05788815605526198,-0.01116041988557575,-0.13589287593007043,-0.07651628089420827,-0.00569240370193561,-0.07179954722864659,-0.0194547539238936,-0.027223365904134003,-0.09459675643227053,-0.025568180214350138,-0.02857937528922145,-0.11916180833154158,-0.04252974489019555,-0.02720648408220533,-0.13459286771519374,-0.054095107686668066,-0.021847659638234276
0.0,0.0,0.0,-0.019920445597727016,-0.006827566188194518,0.02726737865521592,-0.04752507249209753,-0.004202596437341384,0.04629694715635223,-0.0743262430105937,0.0013417998998000208,0.056282188258455504,-0.10249520042674959,0.006987576613751097,0.06157420025882952,-0.09177980152051429,7.029291981578932e-18,0.02370429638791665,-0.11611092547271014,-0.003018071984356257,0.026316089199410593,-0.1373127054092198,-0.01460729956437096,0.03082248192743001,-0.14935300763404774,-0.043814382084871886,0.03554845155167147,-0.09284283447004399,7.170965514379989e-18,2.664604953908772e-19,-0.11067278060775161,-0.030430200865956974,0.003245531251785682,-0.08824179611316768,-0.04594594895417911,0.0033243258161604087,-0.06661029464563178,-0.043807377206745934,0.010411980442411293,-0.08839817136868444,-0.009876535686152616,-0.013416376356567353,-0.10756467954943882,-0.035317553616718345,-0.015300597375070151,-0.12099567594208908,-0.05751014189116052,-0.010974527218676625,-0.13571366976158156,-0.07630199436740527,-0.005647256000439662,-0.07151365889644375,-0.019178580679942603,-0.027205310436274527,-0.09407876743143057,-0.02524580620384568,-0.028475385753768317,-0.11839561072070712,-0.04204588290947313,-0.02708849644905042,-0.13402250126771628,-0.0535372753327078,-0.02177518038647637
0.0,0.0,0.0,-0.020058750124354083,-0.006697688825147043,0.027233948668908582,-0.0475035277613658,-0.004433315010437805,0.04645744702445571,-0.07434780826635634,0.0009303224019350176,0.056631424968360905,-0.10252117708160684,0.006200129905734915,0.061952502056591446,-0.09202604401654951,3.992634661290912e-18,0.023737532032342825,-0.11658247478682596,-0.0029877485252277217,0.026644517707268008,-0.13773258280741224,-0.014555305670712197,0.031285350121995736,-0.14960768337717376,-0.04367738028838057,0.03604365218547044,-0.09321461914822851,3.885314046394012e-18,-2.7572964745373437e-19,-0.11139460758840282,-0.030118046835311788,0.0036689449817172096,-0.09003844602970841,-0.04573139117034117,0.0036786159108699893,-0.06942414116224378,-0.04440319168659349,0.010533343516295424,-0.08881416822724073,-0.009983215245000222,-0.013398962951407627,-0.10825947893027592,-0.03513441123641943,-0.01493216983990946,-0.12190064012086903,-0.057097032294788505,-0.010603964973999964,-0.13652286793721874,-0.07595313101360848,-0.005347549008687759,-0.0719027786991639,-0.019205775699949572,-0.02732752401465038,-0.09447088102931447,-0.025164039779149716,-0.028363114868433542,-0.11859233587337628,-0.04182262492275436,-0.026943096777586224,-0.13421946987376968,-0.05328204768208562,-0.021664805613353592
0.0,0.0,0.0,-0.020430751311973683,-0.0064862826578875295,0.027169519151773375,-0.04793747630200268,-0.004748702329482961,0.046657736209411854,-0.07482405557211162,0.000537350138246418,0.05707032406857339,-0.10303187837058486,0.005296095954895646,0.06237352199603931,-0.09270726584471732,4.419526900663987e-18,0.023683282997555392,-0.11741508058042954,-0.003071620080724374,0.026869102152641895,-0.138581170736772,-0.014604136067921235,0.0315280018537878,-0.15036783019413438,-0.04337857538296716,0.03610512655054555,-0.09382516160534055,5.2856110601486224e-18,-9.131700258819592e-19,-0.11242795150076343,-0.029573037175962737,0.003910962389971276,-0.09262381918419335,-0.045162090934487316,0.0038208727201105726,-0.07338433918837549,-0.044849306448057846,0.010322501798444851,-0.08931692944560424,-0.010095897509017798,-0.013380278531322067,-0.10910286021357504,-0.034778952275217975,-0.01473469636402194,-0.12286577182992803,-0.05642095134203702,-0.010605329616665174,-0.1373261468481133,-0.07543652118794572,-0.005655179329231784,-0.07234349146828789,-0.019214284141396257,-0.027408656060761573,-0.09493845371504323,-0.025100016847991,-0.02828379733786794,-0.118870101011915,-0.041606893067912126,-0.02700045458739093,-0.13437468481573772,-0.05308407454447603,-0.021924433087164845
0.0,0.0,0.0,-0.020979161292211064,-0.006305170490418327,0.02709033803398468,-0.048556580569120454,-0.005028381582309541,0.046864735553385786,-0.0755790793919882,0.00014642591004614667,0.057605816266118264,-0.10378923746852345,0.004296530228996989,0.06282522450515819,-0.09336754262980762,5.233295180419176e-18,0.023592851662798127,-0.11822329459418437,-0.003252956657087159,0.02717281065163467,-0.13936894245778636,-0.014586115239121174,0.03178786485093803,-0.1512038798033996,-0.04272747320033517,0.03611167425172161,-0.09431544325648189,4.782743607158443e-18,-8.872582931939944e-19,-0.11382024278005234,-0.028642404631063025,0.0037888081564973436,-0.09616140450824592,-0.043970127495207685,0.003429921552692156,-0.07875169276966279,-0.044717509018013,0.009521710112330706,-0.08968813383435632,-0.010120815957623108,-0.01343236459884491,-0.11006094157884647,-0.033937885152924015,-0.01486601868333908,-0.12433262075421739,-0.05502142946533189,-0.011145513100794174,-0.1388633004536169,-0.0739493480163538,-0.006591810491310541,-0.07271110753030396,-0.019014183603172186,-0.027528433540636152,-0.09534026465130106,-0.02474548148850378,-0.028392869215111888,-0.11911064531200273,-0.040807823391401626,-0.027435758519421132,-0.1345384823323763,-0.052148247162272995,-0.022672442732900915
0.0,0.0,0.0,-0.02176535584785175,-0.006016436012532651,0.027179899139895592,-0.049279092780818656,-0.005260137995405555,0.04707105960679901,-0.0761982129972557,-0.00023924400997228363,0.05815965686807538,-0.10426174062504114,0.00322026889798297,0.06309646869057575,-0.09414593104476407,5.05887992491395e-18,0.02347973688832624,-0.1193684386958509,-0.003136574199037177,0.02743860482109514,-0.14055699179513903,-0.013866088958848322,0.032050928905267985,-0.15269073384985954,-0.041158413797572665,0.03596518858299139,-0.0947831559913001,4.650621923660122e-18,-7.094097401586695e-19,-0.11575800443905318,-0.027222643030539465,0.0038262966284052756,-0.10064055739162113,-0.04264556262637943,0.003068304093426196,-0.0853228457723602,-0.04458106569386215,0.008682495693749235,-0.09009405406117846,-0.010229368291671623,-0.013335912031907992,-0.11164557274732723,-0.03277126606309583,-0.01497728074041748,-0.12650913945369568,-0.05295521948262752,-0.011637434939148043,-0.14123078725058238,-0.07172815292031276,-0.0072236962169924005,-0.07319559487691032,-0.019186974541356944,-0.027609106536553206,-0.09603768204069496,-0.02439373813860332,-0.02861710615071414,-0.11989973085757488,-0.03971551804394327,-0.02802902681304081,-0.13521209963988717,-0.050817862454107,-0.023616671189251773
0.0,0.0,0.0,-0.02213731131695869,-0.005644558913434175,0.026491460725775226,-0.049286336418663895,-0.005603780195878538,0.04688087693337724,-0.07594650056249033,-0.0012486027930852942,0.05838034430986687,-0.1035308443774271,0.0009489865663549219,0.0633210826140976,-0.09352324423465021,4.462794430837083e-18,0.02293845732317712,-0.11834947331910073,-0.003497925905520141,0.02768722391162559,-0.13941930252116827,-0.013995310236852205,0.032184943744820727,-0.15138049689666783,-0.04016582053838877,0.035881004738441996,-0.09415048638544114,3.1167694511206723e-18,-6.306499205733181e-19,-0.11624279338106598,-0.02534254905254871,0.0033203323193446567,-0.10493946920334206,-0.03986441903678012,0.0018964087004412471,-0.09233062986003134,-0.04344920571140151,0.007136221622400503,-0.08925959854984122,-0.010013500174931068,-0.013290135530951954,-0.11170953003382753,-0.030938994359650987,-0.015138359988089392,-0.1277373436696312,-0.04993807748740698,-0.012732814161090355,-0.14264785679055667,-0.06841413868977933,-0.009086862032374349,-0.07258995968516341,-0.01843012895496774,-0.02739629525312184,-0.09528886282854346,-0.023108900454336716,-0.028723355168709913,-0.11879055468572215,-0.0373137907389693,-0.028757352845549453,-0.13431650985680563,-0.04792435708425832,-0.024842716983127885
0.0,0.0,0.0,-0.022392395834135326,-0.0055863051341660174,0.026244630852282604,-0.049147911396289844,-0.006218639922065164,0.04715417273310292,-0.07597988292057062,-0.002372732247058769,0.05913442714810907,-0.1036270488435547,-0.0014589210161946634,0.0639467529343562,-0.09331997524911662,5.458608832899696e-18,0.02259216272794902,-0.117920659947831,-0.0036846783273836443,0.028017354373580897,-0.13887463930021035,-0.014200066284400289,0.03232132106719028,-0.15038142622677453,-0.039923816105254153,0.03567237096369809,-0.09405037187587194,4.843939801123327e-18,-1.1071770840949012e-18,-0.11719411286546,-0.023613493371943715,0.002987200599217066,-0.1096837061682434,-0.038154754782989214,0.0010936466908609602,-0.10015028926902603,-0.04408952083257921,0.006264052632855003,-0.08895516649996697,-0.009796231965464678,-0.013294366978247284,-0.11230063336137172,-0.029211845880788317,-0.015119477031825642,-0.1293483915670503,-0.047072585597361175,-0.013453668561382,-0.14450199816848786,-0.06562642068108208,-0.010292717229181562,-0.0721966092628885,-0.017930675087284298,-0.027394685060893886,-0.09478846975530264,-0.022055545083401334,-0.02892770372430449,-0.11771733197087994,-0.0350733650239366,-0.02948576343228388,-0.1335839615870809,-0.045393643369809,-0.02596049516132349
0.0,0.0,0.0,-0.022976907515877578,-0.005328897313614044,0.025991645686894823,-0.04955921355969606,-0.00644407307118091,0.04730333178658594,-0.07637729194923826,-0.0029142928348301657,0.059684907490025425,-0.10406130662538454,-0.002917592899455825,0.06431060389833936,-0.09345028809347347,2.3678470705233845e-18,0.0222489194065009,-0.11786273351337026,-0.0037570753982058185,0.028142362704962648,-0.13892260618988034,-0.013592530554553572,0.03233225930290081,-0.15065449088342014,-0.03816152931249391,0.03544473622739229,-0.09399733870860748,1.3789882876964603e-18,-6.996907054060804e-19,-0.11842344241019276,-0.021480578186367404,0.002728205377050784,-0.11487656159638271,-0.03541592876884499,0.0004443672250399196,-0.10872033610188997,-0.04273754355524005,0.0052343109671983325,-0.08878577795993702,-0.009628238605715891,-0.013311426789782678,-0.1130355117962065,-0.027230421424562064,-0.015038315280620641,-0.1309960425294481,-0.043863262080986926,-0.013976781723573696,-0.14647550682507,-0.061837738497239454,-0.011179878488694036,-0.07210973128062766,-0.017316040027415474,-0.027314866979889038,-0.09459162412843444,-0.02089160777670909,-0.029097509985303187,-0.11717929620350302,-0.032717709366080025,-0.03004763355571623,-0.13324618636824864,-0.04255257157298941,-0.02696092976093993
0.0,0.0,0.0,-0.024259784227771176,-0.004828909085124818,0.02584440721162022,-0.05066419173300786,-0.0065427229292302335,0.04750638226359759,-0.07708190898249251,-0.0034223629662526217,0.06028379470463903,-0.10467398884440998,-0.004595390047666034,0.06477619788642196,-0.09395870949484955,2.9392075302179968e-18,0.021724454913777048,-0.11823974440511384,-0.003571891374590382,0.028157401467927168,-0.13979919331855115,-0.011786127706213956,0.031970208327822054,-0.15268503131304864,-0.03429083773135935,0.03454388154124162,-0.0939979034858072,2.8363379097243003e-18,-1.7252133229467725e-18,-0.12040425297142895,-0.018293437370855592,0.0023995029576623405,-0.12212749823276736,-0.03161375810632873,-0.00033940160386586576,-0.12025862876983348,-0.04096191408657192,0.0036736259617542962,-0.0885780512963528,-0.00938584279022028,-0.013261295674877757,-0.11434015746999959,-0.0243526045257901,-0.014932015300403247,-0.1335422577158668,-0.03942261889672816,-0.014926076394484658,-0.14961824990703088,-0.05633622081720217,-0.012885405638084007,-0.07212833052046798,-0.016555631111675666,-0.02731113051516204,-0.09471200922403827,-0.0194269575478287,-0.029500363106432934,-0.11690073736021059,-0.029693469545094903,-0.031085657732326754,-0.1333492996633392,-0.03884335935625238,-0.02885065586675583
0.0,0.0,0.0,-0.025191453528619692,-0.004590532525011122,0.02560076102166931,-0.051318181062311674,-0.007108986406147188,0.04777317885086775,-0.07782522947486445,-0.0043884304177171886,0.06120273088384105,-0.10559268339850936,-0.006511352914342983,0.06555796228812727,-0.09451301814017546,2.5827959031926598e-18,0.021448697186821263,-0.11875859564770863,-0.003933122718817393,0.028420424091936257,-0.14058201995634942,-0.011213654393082502,0.03223799190510315,-0.15366266814940166,-0.03145058865721853,0.03442507511920606,-0.09421785536882282,2.5878814820870667e-18,-1.204326332023942e-18,-0.12254020079800247,-0.015157525609778292,0.0016170254080380615,-0.13028872447276585,-0.02730923810823989,-0.0019705024049990628,-0.13406983336629535,-0.038106243289281486,0.0007813884186708368,-0.08854004110186553,-0.009243841921920922,-0.01358881112276281,-0.11545280987443467,-0.021723736963359302,-0.015275955427343373,-0.13548063238536717,-0.03496403899602467,-0.0158748379215502,-0.15165060812560432,-0.050800341707122915,-0.014414357794548518,-0.07232915278904034,-0.015675545119289768,-0.027348396514593688,-0.09469763196606473,-0.018067895405014377,-0.029833897752704792,-0.11648365995829456,-0.026695863537745876,-0.03188654811014538,-0.13298260840414444,-0.03505913112234348,-0.029930204988453113
0.0,0.0,0.0,-0.026238238977183664,-0.004085684908802422,0.02500223795510849,-0.05231348822885319,-0.0071009869345545346,0.04757845834689326,-0.07852970497823743,-0.004519769962190204,0.06157287217346309,-0.10617250971600563,-0.007574663050545867,0.06527181566551199,-0.09472926213295266,1.930167802699863e-18,0.020655831398312903,-0.11865149191824845,-0.0037907003996936993,0.028060293901393835,-0.14056144265953938,-0.009414176253555496,0.03174933457979179,-0.15471706701367724,-0.027320000766406446,0.03326624584407266,-0.0936876220034463,1.970366280029013e-18,-9.297071506848164e-19,-0.12357282329897348,-0.011598466234668255,0.0014830398414550571,-0.1371855895194525,-0.021543790811926658,-0.0023739369695395638,-0.14696464390131297,-0.032545643010945556,-0.0004398437521344208,-0.0880082470860516,-0.008913503634402787,-0.013320171296458252,-0.11558054063383608,-0.018412936879447464,-0.014747873533146666,-0.1368872119129684,-0.029378873304808914,-0.016425579862594963,-0.15392228716035442,-0.04342074465254066,-0.015625366499684976,-0.07194375924222793,-0.014496821097509674,-0.026754998103115237,-0.09407350089151653,-0.015813209645437216,-0.02972617078386549,-0.11545437742557982,-0.022274421134007953,-0.03244049801002527,-0.13257546765731637,-0.02930784867436528,-0.03175345503143484
0.0,0.0,0.0,-0.02690407969058759,-0.0038886397148759654,0.024693010727721256,-0.05293351757603831,-0.007296548354558264,0.04760511592003876,-0.07922685216708716,-0.005035301812657661,0.061779941975395034,-0.10682050714937169,-0.008899782894497431,0.0651254344251847,-0.09527739765946631,1.3590824738590642e-18,0.02027860629281102,-0.11912896600698417,-0.003987722676695315,0.028122788949096873,-0.14110471947906977,-0.008668989268364697,0.031734987951956395,-0.15572858232229633,-0.025234488565559036,0.032943689979879565,-0.09379311839216983,1.3812012628593033e-18,-1.3254110962270704e-18,-0.1252795096487532,-0.009476692569031287,0.0013650871802535441,-0.14281285206434957,-0.01849887077947222,-0.0024708582962726404,-0.15628498370239174,-0.030196716731219715,-0.0009165438871881924,-0.08790276569625871,-0.008804124024950212,-0.013424784463104807,-0.11638712450451812,-0.016648534186150886,-0.0146073065010827,-0.13845585127230498,-0.026394979751557968,-0.016897425371743793,-0.15583276512171765,-0.03954630065890147,-0.016436403928593267,-0.07178482151225858,-0.013820436943996126,-0.026643943836530886,-0.09391008111299247,-0.014802005687961781,-0.029788267814342042,-0.1150837129077731,-0.020378774887684907,-0.032798375834479615,-0.13228888113410145,-0.026799721271621134,-0.03262731653850544
0.0,0.0,0.0,-0.0274574032830118,-0.0035067218895925437,0.024402652480236604,-0.05340427177307082,-0.0070300569277660565,0.04758966465474558,-0.07951261068593388,-0.0051804573246391735,0.06212813191934921,-0.1069410831126351,-0.009897671564681968,0.06486577494412057,-0.09534073827192932,4.519779432118263e-19,0.019643252175144767,-0.11879051129891877,-0.003661881902736971,0.028062215980298153,-0.14075827370916635,-0.006762232691444684,0.03168867753207086,-0.15594766608848426,-0.02097475113394603,0.03272373420475311,-0.09330982448927427,5.780037681346128e-19,-7.94863111802161e-19,-0.12581093333594853,-0.006575915211358927,0.0013623111756771204,-0.14669889146905152,-0.013453950873678797,-0.0025213752728922177,-0.16327694652795316,-0.02458373245094423,-0.0013601938598113063,-0.08742671638197905,-0.008333502863836965,-0.013180787284315468,-0.11637242472595187,-0.013701896987257038,-0.014092963123096644,-0.13916451861979584,-0.021281466179072978,-0.017110658983588375,-0.15691755602771018,-0.0327241603434529,-0.016951021737974366,-0.07137822061940517,-0.012525902530275492,-0.026171879915389683,-0.0933963735331089,-0.01241050558769947,-0.02954567462442339,-0.114384050533983,-0.01622898475065516,-0.03285300826998598,-0.1317687684091312,-0.021592251474570175,-0.03324400255383339
0.0,0.0,0.0,-0.028040571515671915,-0.003567436943801754,0.02452015019710261,-0.05409002671648838,-0.007383199895130509,0.0480068260850325,-0.08041569626385761,-0.005833122640694788,0.06280905610448143,-0.10776959217046721,-0.01101781052254016,0.06507686226748166,-0.09609416227340734,6.673326922717786e-19,0.019657983636686985,-0.11959939219022625,-0.004158154142447555,0.028333219660613196,-0.14177280877470877,-0.007389392234269169,0.031685735721649136,-0.15709540540392525,-0.021692748812993844,0.032422705066070145,-0.09378182603978208,8.868798840849394e-19,-9.07326430950822e-19,-0.1275027591364588,-0.005883392728971911,0.0012049890243625112,-0.15107068529080475,-0.013230979480807469,-0.0029562136709325513,-0.16986754462893644,-0.02615756213076778,-0.002201937421752625,-0.08760862917420706,-0.008526154643200057,-0.013371602101700884,-0.11733653495973018,-0.013522606347699424,-0.01423591064448421,-0.14046854277804113,-0.021383993905069502,-0.017752684174129396,-0.15830536234192594,-0.03329228398128046,-0.017831350975805023,-0.07144586136469672,-0.012707960689515187,-0.02636340159544749,-0.09364273896109909,-0.012889794274411986,-0.02997657636136792,-0.11448556299838222,-0.01678237027076201,-0.03349403969262277,-0.13203532384885452,-0.022460615273694872,-0.03439104671682228
0.0,0.0,0.0,-0.02839919441370552,-0.0033280357282741754,0.024581517999515953,-0.05449846351364201,-0.007007893757109237,0.04831533564133041,-0.08054765745287093,-0.005682122013009112,0.06339575970827334,-0.10779480017432105,-0.011386723234522028,0.06518251215229647,-0.09616422604864819,1.4716298679159003e-19,0.0192333627992806,-0.1192678552093406,-0.00394750229148499,0.028387268679387928,-0.14154234480209563,-0.006177116533066986,0.031804828601319765,-0.15712788844986209,-0.018899189531347713,0.032540076721568424,-0.09360802465170792,9.437329420637356e-20,-6.809390387583413e-19,-0.1277658271374081,-0.004144630372996893,0.0013921736349677932,-0.15346044103669565,-0.010413659573975435,-0.0029457594406994084,-0.17415342707750991,-0.023212262126355666,-0.002369200976357499,-0.08740992100098624,-0.00824959269268298,-0.013057349612141281,-0.11726094121545239,-0.011679110637200608,-0.01373525079214075,-0.14075637870716962,-0.018503657576106267,-0.017671351897142126,-0.1587399882948467,-0.02949618468945043,-0.0178743775798744,-0.07139832690837593,-0.011951301809850143,-0.025772866819251353,-0.09331703606473471,-0.011552547532691016,-0.02967104577074886,-0.11380196540147416,-0.014500145152288837,-0.03337371735990097,-0.1315947328747314,-0.019871848283335887,-0.03474058800556
0.0,0.0,0.0,-0.028756021615542037,-0.003420228258514859,0.024671816148216348,-0.05489612609858427,-0.007384636441627346,0.04864691936762798,-0.0812216135506991,-0.006074081411736321,0.0638865861354375,-0.1084163371577179,-0.012041208661757305,0.06527838843654152,-0.09678995365614881,1.0100104885837256e-19,0.01927598302170597,-0.11994240671257352,-0.0044777172120260104,0.028635614971643214,-0.14241074116815003,-0.007095523878521181,0.031910626007514376,-0.15806368890500522,-0.020252197008179144,0.032315022842708034,-0.09407371675378937,5.480584829799188e-19,3.5249569204147814e-19,-0.12897717626145427,-0.004190786691791234,0.001404370142055863,-0.15612097442948733,-0.01116308465778431,-0.0030359331098990805,-0.1779513022358664,-0.025265851440555133,-0.0028610683684997117,-0.08767771661878124,-0.008490358463774727,-0.01327589047705891,-0.117935660031058,-0.012161958079680606,-0.013854891964322439,-0.14144367936787344,-0.01956009286848668,-0.01808070533778277,-0.15923298908595795,-0.031095937861820747,-0.018493136688404764,-0.07156305911337123,-0.012237943174461816,-0.025981784741118716,-0.09356543395322275,-0.01235917155873572,-0.029946856369591473,-0.11392487654316034,-0.015679958144364285,-0.03378609378916125,-0.13166602257936472,-0.021532330192048827,-0.03551223550083582
0.0,0.0,0.0,-0.02894028611046376,-0.0035230158451154446,0.025170252728768647,-0.05525476959284981,-0.0076404262743805275,0.049368268066684,-0.08213019800610677,-0.006256118724402697,0.06471317498696075,-0.10951735995210629,-0.01243551705879135,0.06581335912308355,-0.09806274373478241,9.236929569193408e-19,0.019787727756522863,-0.12156079016816901,-0.005023575833564976,0.029079301256213386,-0.14403345019966088,-0.00836104278081276,0.032359940239514065,-0.15946189774093478,-0.022568234324741893,0.03280970519625015,-0.09523394708477753,1.2979556684499308e-18,3.0803586829718527e-19,-0.13087271221908714,-0.004877820447157059,0.001444296414640113,-0.15855133594454682,-0.013415432339064108,-0.0028255144924671264,-0.18055529860105332,-0.02938633105482212,-0.002617737143876879,-0.08847009840633345,-0.008854014645343756,-0.0136168787825566,-0.11914508894582446,-0.013597031213118917,-0.014017536094166814,-0.14220501606359615,-0.022329829265418183,-0.018085043328963574,-0.15946877024054146,-0.03512542479891732,-0.018313794552930814,-0.07209687415936249,-0.012908290581065452,-0.026491587326489357,-0.09437237534278908,-0.014126942516082463,-0.03029960982061093,-0.1145042013872686,-0.018593199982763667,-0.03398815682976933,-0.13187616220764498,-0.025280600293975084,-0.035712346231055646
0.0,0.0,0.0,-0.029122647951573377,-0.0035048530653609172,0.025092769859879762,-0.05549929800202233,-0.007602536719449188,0.04920176961973053,-0.08231834735734198,-0.006167502310988379,0.06468125224514015,-0.10961667160510226,-0.012461616310688903,0.06558590837619249,-0.09802174496219326,-4.767240769980955e-19,0.01958241498518274,-0.12143895891842874,-0.005199303273223509,0.02888593517501859,-0.14415289989505914,-0.008328530280501066,0.03201456287949424,-0.15970694224615273,-0.022079568850222185,0.03209142505055218,-0.09509849335414963,8.499435799879187e-20,-1.649833761325879e-19,-0.13076539089445444,-0.004526943992043598,0.0012198827888607652,-0.1588478900447249,-0.012602905729154696,-0.00324536010387866,-0.1812905168194091,-0.027824545244431943,-0.0034615608671040455,-0.08831046777697701,-0.00879586777052559,-0.013608929452061064,-0.1191579652779679,-0.013092482138699157,-0.014173736714979221,-0.1421127354611153,-0.02119257986488006,-0.01857629434606336,-0.1593432839765213,-0.03345002413092593,-0.019198315746884485,-0.07204771696606571,-0.012760475099250157,-0.026516702942091845,-0.09434162409757083,-0.013736641812031356,-0.030486230723078454,-0.11445388833335479,-0.017712015753108566,-0.034293299552615064,-0.1318331113080184,-0.023953359745846295,-0.03625773174844117
0.0,0.0,0.0,-0.029086354848438255,-0.00374366918357933,0.025449415419636127,-0.05558388524625249,-0.007856841487987508,0.04973172327347075,-0.08269633745430943,-0.006397571870247009,0.06528794877365957,-0.11003539094593401,-0.012655865134577192,0.0658767896199665,-0.09868896448694306,-8.152622768990486e-19,0.019884548408973586,-0.1221261575606805,-0.0056405229461882435,0.029114496926112163,-0.1449899721738349,-0.009604162180436096,0.032188472945591566,-0.1601845605213651,-0.024331811321772544,0.032215365125720014,-0.09580257014766505,-3.787374177902073e-19,1.059966687549141e-18,-0.13147158231643552,-0.0054829873842840715,0.0012479122579556552,-0.158974754946197,-0.014736734727376057,-0.0032293402046771795,-0.18075544874497856,-0.03081086381797576,-0.003463535280231904,-0.0887520059906893,-0.00910327429574997,-0.013781619249444578,-0.1195724129348103,-0.014453818171979112,-0.014305175916164654,-0.14190942922926958,-0.02368510191147515,-0.018623995726326725,-0.15857592105531634,-0.03694561886367207,-0.019162220754501698,-0.07234107196124145,-0.013383696832644378,-0.026798520630270134,-0.09474625448604188,-0.01513134356676711,-0.030737573300776817,-0.11465303863899652,-0.020061430799859104,-0.034399223854590724,-0.13177685689114016,-0.02694223200823348,-0.03638092987213008
0.0,0.0,0.0,-0.02906732820145796,-0.003867500472007475,0.025739598991834423,-0.05575797672155981,-0.007583721077233834,0.05002788862366048,-0.08306974607232376,-0.0057973873051104605,0.06560071960786848,-0.11030011670375287,-0.011949632768394806,0.06601592135727458,-0.09885863810987204,-1.6934719376642863e-18,0.020031078770524742,-0.12237460681673465,-0.00565781180158115,0.02917975631013806,-0.14546844663280006,-0.009652877877812,0.03211425190052361,-0.16074273855950805,-0.024134521013885697,0.03200374025763624,-0.09597438277043785,-1.1450167203995164e-18,1.344087576451653e-19,-0.13158938103882417,-0.005649697123241398,0.0011727108141324264,-0.1582316109246525,-0.01499777507803708,-0.0034821030133337398,-0.17922818111839006,-0.03044869551389412,-0.0038208202778006618,-0.08889241475651286,-0.009134584270002948,-0.013913463773347866,-0.11986178816737633,-0.014694402441259377,-0.01451885206186685,-0.1417702342450345,-0.023900503913478782,-0.018831205449670166,-0.15813431567883873,-0.037216689091985694,-0.01940981768827349,-0.0725086528772578,-0.013489612702998852,-0.027114085919623415,-0.09516474862032435,-0.015332614046855207,-0.031025526023210563,-0.11511247172862109,-0.02043936458620642,-0.03461479745390089,-0.1320930526471682,-0.027261003703143813,-0.03661049958666812
0.0,0.0,0.0,-0.028915459730780906,-0.003927090565430655,0.0260566476611619,-0.05586480891540094,-0.007570130022189493,0.05037919658819519,-0.08343410713492276,-0.0059527233206929445,0.06583652027706503,-0.1107447295422567,-0.012160425426031815,0.06574292077591182,-0.09916339454327958,-1.4727611633020098e-18,0.02033958640982783,-0.12278883148582678,-0.0057214694149595145,0.029202355542363348,-0.14592877541227997,-0.009941760223362418,0.032077183352833,-0.16114147593490752,-0.024829638877878087,0.03198015482398567,-0.09623413439102332,-9.67630028873874e-19,4.2296821407806806e-19,-0.13165171611374582,-0.006287052350134362,0.0012061929795892286,-0.15675870378064088,-0.015882024472872548,-0.0034455390561098946,-0.17637707106908534,-0.030895786064993623,-0.0037948315092633275,-0.08912151306977689,-0.009236987473172198,-0.013988913901712363,-0.12002146696525899,-0.015496607037644517,-0.014600671387421663,-0.1413724700810956,-0.025303182377138078,-0.01881682968055702,-0.15727016465121707,-0.03894877929047455,-0.01926116094161113,-0.07270768689732868,-0.013787775187637748,-0.02736140217701214,-0.09570204693535778,-0.01603652573998002,-0.031210775593751225,-0.11568399518708886,-0.02162115288800817,-0.03454427606168223,-0.132434382655982,-0.0285652884858636,-0.03642988830493182
0.0,0.0,0.0,-0.028815680421619076,-0.003997250016839799,0.026522818623014293,-0.05604208513569373,-0.007528020095514707,0.05077049663609429,-0.08409885846124916,-0.005647947144111099,0.06602804517399909,-0.1116577168861139,-0.011596710574096409,0.06562266702388134,-0.09998300421725578,-2.191067680593951e-18,0.020964772642544975,-0.12389258688283197,-0.00596586066986411,0.029326061790598434,-0.146973115326343,-0.01070283888000842,0.03212364514706309,-0.1620427394420879,-0.026499032238518593,0.032045625376564524,-0.09699749509661798,-1.5453175862250233e-18,9.353729809964463e-19,-0.13206210926689604,-0.007778834928922746,0.0012225026282055274,-0.15478639226551852,-0.018296400726460438,-0.0033312055757095376,-0.17232839827433016,-0.03303212442912136,-0.003671764058696893,-0.08969160658238828,-0.009441325403462267,-0.014244407149939489,-0.12043208296058476,-0.017175837619186018,-0.014873096053669358,-0.14091229766475954,-0.02824080025321498,-0.018847564106526236,-0.15611696171078263,-0.042526725168727283,-0.019114290026679838,-0.07315075585849995,-0.014416378052573323,-0.02790373547218085,-0.0965105856014324,-0.017468282833211394,-0.03160245636096822,-0.11645519769376476,-0.024173219976041098,-0.034529449718209926,-0.13276404750823118,-0.03168965307045092,-0.036211181907364665
0.0,0.0,0.0,-0.028667009578196824,-0.003928848405579046,0.026858024966533698,-0.05621035693799346,-0.007332184919013602,0.051101973896667666,-0.08459996231077638,-0.005327318043859842,0.06616352123077335,-0.11234826906441758,-0.011150363233282246,0.06523708203735554,-0.1005117562501363,-2.3103952805634837e-18,0.02143388404872798,-0.12456179057496186,-0.005934101287640516,0.029193713098676962,-0.1474871853164873,-0.010669898030194518,0.031839177302841075,-0.1628412420474169,-0.02669018095086604,0.03174082218977717,-0.09734137090352263,-1.6625386129493608e-18,9.496949036232593e-20,-0.1318364103273938,-0.008732909347089967,0.0012278408013061204,-0.15195741431516993,-0.019156322326546123,-0.003461105643654339,-0.16728781340153487,-0.03286938640294973,-0.004036929896166039,-0.09007244860652727,-0.009471799558006765,-0.014289785553030471,-0.12057399685226797,-0.01802291524130401,-0.014866921676519637,-0.14053536129414984,-0.029811106324697044,-0.01883871690252435,-0.155190279181143,-0.04400918486172803,-0.019085315859772696,-0.07347495371366085,-0.014567436371474061,-0.028105524721151354,-0.09724472259589961,-0.01804711364134677,-0.031725249377362055,-0.11737910078342934,-0.025409673023083754,-0.03425510682621089,-0.13336397954410956,-0.03313768054263116,-0.0359104897075385
0.0,0.0,0.0,-0.02832907397952887,-0.003849202101875061,0.02715634283655264,-0.05624788559810971,-0.006482283481318176,0.05136429664951296,-0.08462789628270559,-0.00405299383349486,0.06624587101290037,-0.11226859145209758,-0.009647109398958926,0.06497082022713913,-0.10028875913475442,-2.416421810495505e-18,0.021549955570602707,-0.12427083685231827,-0.005316350927576681,0.029018528528354577,-0.14734107169256988,-0.009569340306163784,0.031675366191486934,-0.16305312543209416,-0.024906844098847768,0.031605048417861194,-0.0971397433267358,-1.8142901343785247e-18,4.3139537659783913e-19,-0.1305039307026204,-0.008983136143487657,0.0013813929350494807,-0.14752136282028214,-0.01873666095306179,-0.0036964677345537877,-0.16031527483544966,-0.03017357473854356,-0.00431056526109304,-0.09014579275883444,-0.00932952971093331,-0.013965210625832796,-0.1200577210523831,-0.018020249058492286,-0.014555896591583479,-0.13927550089581614,-0.029558776597893188,-0.018439013648532905,-0.1535334557001738,-0.04333086689446587,-0.01864181949364118,-0.07371277330277286,-0.014597493598522759,-0.028083569974676117,-0.09780563224646743,-0.01768433668078969,-0.03153705584990372,-0.1180672066912733,-0.024944096411111616,-0.03380030624090459,-0.13379678145103563,-0.03241186845998122,-0.035400305446719
0.0,0.0,0.0,-0.027843710593057923,-0.00396715669806706,0.027915117662489573,-0.0562599592419705,-0.005850207091527491,0.05211550504400557,-0.08529372470784943,-0.003072754912703863,0.06670996606914292,-0.11289261150799482,-0.008156800842663571,0.06516363078292026,-0.10089571201721839,-2.2020915558019057e-18,0.02236445587562641,-0.125364819957843,-0.005275249390011987,0.029181532210702868,-0.14861405846787257,-0.010190512120164155,0.03179462196247419,-0.1640735826687642,-0.026527209835072417,0.03181438510366079,-0.09795448197831264,-1.778554425932469e-18,6.459960474118077e-19,-0.13046966844638813,-0.011032975842419242,0.0011493663827011607,-0.14283600214715347,-0.021835948586529486,-0.004100911918285452,-0.15139277573731738,-0.03212139051728198,-0.004698793279880737,-0.09092513078349221,-0.009563829769326654,-0.01436103063095229,-0.12061040471077109,-0.020119475485360826,-0.015195386346370299,-0.13830959115012664,-0.03291187361445621,-0.018635512946193228,-0.15143454555132924,-0.04733780355147344,-0.018551179737585126,-0.07439324863792457,-0.015450517841087865,-0.02906785780347243,-0.09917138287367452,-0.01940835091322038,-0.03221857526758351,-0.11946746082447172,-0.028036505779789795,-0.03395436841103311,-0.1345600521539958,-0.035976875231560006,-0.03507394466507814
0.0,0.0,0.0,-0.027434916245953928,-0.003940791433156905,0.028447489257044066,-0.05626238590521347,-0.005363810509684925,0.05254921386010415,-0.08576882817039277,-0.002123322227690965,0.0667770856952257,-0.11355505710400918,-0.006427216781712634,0.06496993752639703,-0.10138935993551518,-2.4671304554402214e-18,0.023045978168170327,-0.12616655454427544,-0.005289440191852337,0.029163224590402013,-0.14937365886019202,-0.01070856237714684,0.03169746488062544,-0.1647228845708511,-0.028105824837688642,0.03182059967211739,-0.09854483755988999,-2.0181212448141302e-18,-1.4777418890842923e-19,-0.12999129220352035,-0.013191964249424518,0.0015061464311014105,-0.13802175751323337,-0.024624376968003105,-0.0033548411912114363,-0.14282248945380235,-0.03348657791438191,-0.003722747655456393,-0.0915194903071153,-0.00972700482511508,-0.014518203242491888,-0.12063707377288617,-0.022253056143801794,-0.01526767936600895,-0.13710047303953676,-0.03633785957019373,-0.018179489278002114,-0.14946521671534493,-0.05132309967033348,-0.017700851832613242,-0.07489205422344117,-0.01615003948008561,-0.02955010970315792,-0.10020586182517066,-0.020864713129953145,-0.03247642117680482,-0.12063335030472047,-0.030811687144384203,-0.03361205832118936,-0.13529128126463935,-0.03922786231775384,-0.03428139688785113
0.0,0.0,0.0,-0.026867625438327547,-0.003960029656987971,0.029123034760716114,-0.05622777235763104,-0.004839525331364547,0.05298665222899941,-0.08667224945841771,-0.000977506074003237,0.06650061053749329,-0.11476636826945016,-0.003952658152598812,0.06442318969001551,-0.10221725062098702,-2.8335874456998597e-18,0.02409250308006431,-0.1274004040195963,-0.0055757114413542246,0.029137286823886336,-0.15035427909497806,-0.01217674212686609,0.031480298912449106,-0.16521974213566382,-0.03192013497048081,0.031737635848891325,-0.09956624946283321,-2.1821154035623636e-18,7.679851321895079e-20,-0.12946663751190754,-0.017204677706504617,0.0023540848770027445,-0.13032771566749274,-0.029926161163452782,-0.0010659231273519058,-0.12829847658511628,-0.03697448798369029,-0.00017497597382713434,-0.0923784172061807,-0.010032080635330228,-0.014843646596067588,-0.12090630062520459,-0.026123982593734923,-0.015448128109386308,-0.13585381201536254,-0.042455478921097634,-0.0174310688821779,-0.1474556310440404,-0.058793455112566194,-0.016392689905896797,-0.07543576670463889,-0.01723204896132474,-0.030199128212251035,-0.10161078192123715,-0.023368756628984924,-0.03280058513052842,-0.12220036702990988,-0.03563326447010411,-0.0330255388750368,-0.13630073635494294,-0.045220184672715553,-0.033046101770728864
0.0,0.0,0.0,-0.026201934002581903,-0.003941167168178212,0.029817747931379188,-0.05623006616889929,-0.00423263958878462,0.053699157211649674,-0.087437294334792,0.0004059311390805431,0.0668548389467955,-0.115843657980703,-0.0015741679292027135,0.06416296831240728,-0.10323174148092593,-4.555301519390178e-18,0.02496817394673918,-0.12885491747665834,-0.005721840381202593,0.02924489266147083,-0.15172396947694466,-0.012914126850268647,0.031942260721147156,-0.166210081189745,-0.03365425184189043,0.032448538532718535,-0.10051854232047613,-4.2861258228690185e-18,4.308201439136841e-19,-0.12934023344148243,-0.01986286959569397,0.0032344750859592017,-0.12523106657635957,-0.03317992001019372,0.0003599877067992493,-0.11935959608161746,-0.03799684870335543,0.001390289225641,-0.09331205249692942,-0.01036137837395746,-0.015054628193613372,-0.12091129152359896,-0.029041006755390248,-0.015421429573669106,-0.13406380505993784,-0.04703375510697499,-0.016427646922440073,-0.1444894825147436,-0.06401348876645066,-0.014636627896636379,-0.07621599040609006,-0.018250436748986777,-0.030601963772329616,-0.10302854036478867,-0.025425962573598943,-0.032760150345045355,-0.12384478518609807,-0.03932456675983466,-0.032049853768225445,-0.1371816822311258,-0.049439870507425376,-0.03135975178141611
0.0,0.0,0.0,-0.025820447159033286,-0.004025660628730143,0.030369398734061345,-0.05618911244342209,-0.0037325280937354688,0.05398985125755727,-0.08779568714029809,0.0016641588850139343,0.06666339887388417,-0.1164468915189959,0.0007198583661294266,0.06357793672504328,-0.10385301726958515,-4.285952243948201e-18,0.025748296805699723,-0.129756027304004,-0.005690081278351985,0.028850202849747285,-0.15244021340694727,-0.013225475210040204,0.03146646436235992,-0.1671661195821279,-0.03490779182013151,0.03184245555750776,-0.10114772748387005,-4.20669790878931e-18,2.9452899366371066e-19,-0.12847448065551242,-0.022112364839808024,0.004126432008902185,-0.11920175303413469,-0.035491410240307705,0.0018714426665509942,-0.10969665377112676,-0.037488216725209925,0.0029147655493417923,-0.09398866161029878,-0.010552800409439806,-0.015041826502485981,-0.12059729694075524,-0.03138979607462951,-0.015010070419511724,-0.13232258135944427,-0.05065406825620403,-0.01516075560422054,-0.14203265183620692,-0.0678111631491031,-0.01271370393340311,-0.07684209022146077,-0.01905199485950356,-0.030959994485777437,-0.10420263351828749,-0.026963388793959556,-0.03284955861015872,-0.1252260407810962,-0.04238782825152256,-0.03130490846209393,-0.13817730514505122,-0.052940152956013,-0.030177890769835833
0.0,0.0,0.0,-0.025467667495767683,-0.003992790351346361,0.030362575992038364,-0.05584698953576761,-0.0031592487940931063,0.0538004418519924,-0.0869982598705408,0.0025844294621931354,0.06612399087822782,-0.11510129065731028,0.002443632306347405,0.06297179031773614,-0.10292079829690792,-1.822057346467693e-18,0.0258132752089503,-0.12841438516268727,-0.005649567109198865,0.028052850954702856,-0.1511304557518085,-0.013109530311896989,0.03039337151556458,-0.16641690031689638,-0.034767624765944194,0.03044763389551714,-0.10001926257494534,-1.8031916650152993e-18,2.0196790505025996e-19,-0.1261589625804384,-0.022894299401135475,0.0041397858081349895,-0.11347761983403853,-0.03572844546674934,0.002232107849603141,-0.10146942431420611,-0.03514308627757423,0.0034399306776602516,-0.09290727359991596,-0.010267972832707882,-0.014904111260707151,-0.1187504910384988,-0.03211658467879895,-0.0149955552589383,-0.12958681266798755,-0.05175564881078416,-0.01490986488478424,-0.13915573828776695,-0.06863340691453086,-0.012280597779536299,-0.07600145472941275,-0.018880780868669834,-0.030933887643267363,-0.1039041387433194,-0.026896526363317734,-0.03300867324758009,-0.12530202092510576,-0.04310280904570396,-0.031056227383711422,-0.13828581042491056,-0.053855784364459466,-0.02959235267478741
0.0,0.0,0.0,-0.02473239073068869,-0.004139827280843798,0.03085206964440363,-0.05504929800764177,-0.0032225800607902167,0.05421406853105961,-0.08645296926845908,0.0029327712492228045,0.06613725590371344,-0.11520722113170512,0.0037840715928138136,0.0628879819553661,-0.10294835127563068,-1.1380556484896843e-18,0.026502387497285316,-0.1288499061522138,-0.005508083732747306,0.02784087530684539,-0.1512075805725095,-0.013752408620890447,0.030305206390818924,-0.166214615187969,-0.03714368508848906,0.030838058102327322,-0.10050592256914728,-7.534410813700223e-19,-3.368969440959308e-19,-0.12459561100277122,-0.025220254116660228,0.005094302924918315,-0.10773105416881149,-0.03888854408666195,0.0040131899317753916,-0.09295691687732598,-0.03680389571582531,0.00516938865580345,-0.09354480760066605,-0.010377229712676215,-0.014888904839819889,-0.11782613631762931,-0.03461247188559019,-0.014052427069225697,-0.12715709298220262,-0.055783456473867954,-0.012759721482041098,-0.1360688401688041,-0.07323918385564374,-0.009365678173015708,-0.07638311497142924,-0.019779309437400246,-0.031125854938176625,-0.10450107537352965,-0.028616434952993257,-0.03286119458547405,-0.12584413851763793,-0.046233951480061375,-0.03004554027851523,-0.1390532156413506,-0.0574147846125678,-0.027829597598124582
0.0,0.0,0.0,-0.024414840882557458,-0.004097596056111002,0.03108273069553475,-0.054794092408850706,-0.002986414076249373,0.05441112396291764,-0.08631502506010422,0.003539369542560143,0.06611596104443086,-0.11528748055807125,0.005077746080640834,0.06284295130854581,-0.10297923680692231,-4.710057003812892e-19,0.026888640050147836,-0.12918191966575324,-0.0054399186965133186,0.02763096392042718,-0.15139199121515276,-0.013924852323841863,0.030032686943967976,-0.16639144239022652,-0.03807260482594149,0.03068442613663498,-0.10064696187215275,-6.57192062984728e-19,-1.372418260625887e-19,-0.1234923090515936,-0.02672013351278088,0.005668186289044103,-0.1035529168365254,-0.04056840889196679,0.005014502976853533,-0.08627887201681722,-0.037282460300380044,0.006231587456022401,-0.09389182240184446,-0.01036957867170683,-0.014904127346638775,-0.11731250332448379,-0.03611623432003099,-0.013742813744387739,-0.12570821782987268,-0.058007865196453165,-0.011859377143607196,-0.13407909860331402,-0.07571124873634044,-0.008178692683229814,-0.07665347386131088,-0.02020488323166503,-0.03133393631743965,-0.10501746399327702,-0.02932569163514626,-0.03289459416823483,-0.1266580153074462,-0.047804284280837,-0.029666144076720777,-0.13978992279730496,-0.05925078649629495,-0.027078690722296836
0.0,0.0,0.0,-0.023796795823787867,-0.004142357854423327,0.031255877326649924,-0.054158352625199885,-0.0026848425882910164,0.05456611856011154,-0.08567090174379638,0.004150754473006476,0.06613460169560431,-0.11491229476524548,0.006497366313331905,0.06292635034749994,-0.10254369405652833,-1.0594861474726243e-18,0.027139904606256916,-0.1287877866190381,-0.0052991349647851255,0.027308457268882355,-0.1507621449723615,-0.014083149292585636,0.0298006427335152,-0.1657542682105228,-0.039143127783154,0.030723150862365874,-0.10037871883994466,-7.961868583697555e-19,1.29337581990462e-19,-0.12170236885848319,-0.028120636095682012,0.0063274691323287405,-0.09894845753492074,-0.04221091451408797,0.006188614950941635,-0.07978064052928874,-0.03761507303297584,0.007530349227809571,-0.0938169656118544,-0.010307972388695123,-0.014874691896889558,-0.11597556844450468,-0.03741953213125802,-0.013114163952021984,-0.12352841060198994,-0.060062902341294334,-0.010605766987279433,-0.13175488603226587,-0.07798414414402817,-0.006441804874366868,-0.0764668881349449,-0.02051068819623092,-0.031361887251495316,-0.10481604576835132,-0.030057227589737293,-0.03276652327954163,-0.12648430171077232,-0.04930677590475172,-0.02904948416972027,-0.13973928349572334,-0.06101027359452676,-0.026045138820810852
0.0,0.0,0.0,-0.023347465385998627,-0.004211897889008562,0.03144224773240919,-0.05366493016826081,-0.00253880743421259,0.054711354524200416,-0.08495168514191465,0.004452062039606007,0.06622596712672077,-0.11458009375880018,0.007512306221272247,0.06305043276746997,-0.10213269352632336,-1.8798386445494235e-18,0.027317566020939304,-0.12849632548080148,-0.0051955178173173164,0.02703598007201897,-0.15019278258206176,-0.014185736970135834,0.029506041071981935,-0.16525927806816515,-0.039777521663484874,0.030581567695654666,-0.10013908741773059,-2.0566155142005594e-18,6.759856998940393e-19,-0.12021597775219313,-0.029239041893830434,0.006840347688163693,-0.09515553249126174,-0.04328419687187707,0.007118687473845563,-0.07439922602825022,-0.037590434104219986,0.008527843597532545,-0.09388121349681182,-0.010185887783505116,-0.014886576577435104,-0.1150775475603725,-0.03839774698376494,-0.012574930368643529,-0.12187150440015548,-0.06155878921924722,-0.009469968322163496,-0.12982566202252982,-0.07933239688541359,-0.004917413279762542,-0.07647364987393247,-0.020759220466047744,-0.03157164791166468,-0.1047621753367956,-0.03040494771431678,-0.032714040579390494,-0.12651161800806546,-0.050257257541261036,-0.0286079345048676,-0.1398337334639166,-0.06205180990653235,-0.025131923702287496
0.0,0.0,0.0,-0.023176917774259953,-0.004113324425271656,0.0315093449382188,-0.053510351924220594,-0.002452679383224956,0.05478483022268398,-0.08444810100394118,0.004702988101007074,0.06612579310368558,-0.11410653959314536,0.008299818964583353,0.06306555454720161,-0.1020739230849996,-1.3792221708688975e-18,0.02742550403189116,-0.12851513032716005,-0.005040820401370532,0.026790558058725548,-0.15010833410534857,-0.014048672678087588,0.0294390823597419,-0.165358279522465,-0.03984650154462814,0.03058128436393359,-0.10012035565619404,-2.549051490315404e-18,1.2701295843449074e-18,-0.11920492062078264,-0.030095443014710413,0.007584692740730551,-0.0923092436038451,-0.0442599780672361,0.008235846601749223,-0.0703412443061815,-0.03791118182595224,0.009389420113781532,-0.09401563392926787,-0.010290248926414034,-0.014637585161659592,-0.11441041055928418,-0.03938955913568419,-0.011872327748147771,-0.12056346263103901,-0.06309741821490518,-0.008306660353227155,-0.12835151639949244,-0.08103101125660682,-0.0036660057696344638,-0.07666151289089485,-0.021185627955302773,-0.03143232103633542,-0.10493256282196957,-0.031072281828150115,-0.032263914893075146,-0.1266734681412756,-0.05171207060025165,-0.02773503067450487,-0.13976039702880722,-0.06378112210834706,-0.02403285448057857
0.0,0.0,0.0,-0.023076451127448893,-0.003990030375610908,0.03151571267520517,-0.053170361831287455,-0.002202403940287219,0.054840926609065074,-0.08361797065488619,0.005036732243210286,0.06604003796443025,-0.11308739325435467,0.008738847327804153,0.06272713970875594,-0.10171597157987632,-2.886740041670706e-19,0.027468423372019685,-0.12799680454887477,-0.004707669821576955,0.026450442985516888,-0.14963847992895626,-0.013438274308166395,0.029184982675325537,-0.16538460625395618,-0.0391457307735026,0.030200236513655762,-0.09965162204539757,-1.0712999559789615e-18,8.85879825124272e-19,-0.11813621785941475,-0.03035649151342166,0.0083068046932996,-0.09016221099838684,-0.04466991963089734,0.009279670897101402,-0.0677296843276014,-0.037824030184384884,0.010224129363789462,-0.09364488623130181,-0.010374144359742227,-0.014289957998591713,-0.11343462400129845,-0.039855329842116524,-0.011002438180125916,-0.11934453679654349,-0.06373844945688742,-0.007114051811565382,-0.12725995318144898,-0.08157913740694102,-0.0022655905047944142,-0.07639054697547376,-0.021541599364636684,-0.0311640635822569,-0.10457456097447584,-0.031390486068871404,-0.03172706120902721,-0.12615439849112436,-0.05255259429226598,-0.026773364733189364,-0.1391510094047107,-0.06477845245403471,-0.022898238701107437
0.0,0.0,0.0,-0.023099406280236212,-0.004000118674881058,0.03146796495570231,-0.05299488782829291,-0.00202621612081436,0.05469126935606057,-0.0830317807315005,0.00535087845216696,0.06588832456380282,-0.11249669099264638,0.009358557029097308,0.06261426373708809,-0.10127051161095804,7.100430783846146e-19,0.027360490240737143,-0.12752658240115278,-0.004573693290301586,0.02616393262810352,-0.14905227473247645,-0.01295135695138017,0.02908543138322728,-0.1650761672155306,-0.038356567884019935,0.030041505117702573,-0.09909935065649675,7.072166033051697e-19,2.550454879352361e-19,-0.11700445466540388,-0.030398536489560625,0.008721738572525728,-0.08844113532385847,-0.04450236108547194,0.009787109321986487,-0.06588072768931774,-0.037079745197211265,0.010595216962912785,-0.09334643350881591,-0.010345454048866679,-0.014016706868076177,-0.11244767293504931,-0.03999911594950449,-0.010511096115944129,-0.1181833067987614,-0.06372734879781945,-0.006554752486851546,-0.12619875213260887,-0.08139964674097844,-0.0016951881446160082,-0.07618886627283508,-0.02171798364469163,-0.030937995505621388,-0.10411124029710692,-0.03141243114138717,-0.03136203048379861,-0.1256490183525639,-0.052710594609119435,-0.02638853675930801,-0.13848294221180946,-0.0649749791276724,-0.022492193052423858
0.0,0.0,0.0,-0.022952044855972777,-0.0038925141112165014,0.0313006980354167,-0.052618506106873617,-0.001862319279756512,0.05445800248040329,-0.08210073230144452,0.005617363787800737,0.06562338674004943,-0.11143189893904354,0.009584272146255483,0.06247888777045496,-0.10042378107164833,-7.802036249302347e-19,0.027061284054782444,-0.12628767177618222,-0.004385385744903863,0.025796827144263422,-0.14773524586067416,-0.012423919438233066,0.028837809807066232,-0.16407514861357236,-0.037421649170423274,0.02979611844510908,-0.09817407560328005,-8.196380205176807e-19,2.63775378468397e-19,-0.11555292738423399,-0.030076534364784524,0.008922074679965884,-0.08715606028729476,-0.04389069425579463,0.010053460166467194,-0.06491052275097146,-0.03604671696652648,0.010851431844705016,-0.09252540844141104,-0.010241087720536734,-0.013698740356362073,-0.1111697602103214,-0.03960212016560058,-0.01012992107280268,-0.11708750871104263,-0.0629988060315074,-0.006129952583643187,-0.12549613090239725,-0.08032404050546635,-0.001228669058563269,-0.07552683629333767,-0.021583589098246026,-0.030483633832273392,-0.10312508976575961,-0.03093386396197697,-0.030965317540955585,-0.12465961252786759,-0.0519950421831043,-0.026084619179159177,-0.13765546634618633,-0.0641474943877141,-0.022171858150500354
0.0,0.0,0.0,-0.022637736367991206,-0.003719371136016726,0.031108233513149976,-0.05207406434845529,-0.0016636401868162026,0.05406640338500386,-0.08087073264050035,0.006079707255782684,0.0651578634433071,-0.10987486931275997,0.00978365984368308,0.06237652901670272,-0.09918067008106253,1.062126383164389e-18,0.026564142512063713,-0.12423820162096341,-0.004220625161244274,0.025388534055800965,-0.14575748926066107,-0.011891348902375677,0.02857574405644775,-0.1624968337674647,-0.03637437464019257,0.029697969909934896,-0.09684538939957399,4.091223341264472e-19,1.2306799879006082e-19,-0.11359708036766256,-0.02943194728499553,0.008843119888491383,-0.0860734238237266,-0.04290674158934818,0.01009675640413341,-0.06462280124185793,-0.034549843652341844,0.01107017905380717,-0.09099268527490864,-0.010151830648867214,-0.013295827041321128,-0.109412131035566,-0.038816440048285605,-0.009919882857118836,-0.1156172992144412,-0.061723554613663134,-0.0058141738362993255,-0.12453157157916353,-0.07859828656768718,-0.0008506398076767146,-0.074322663148087,-0.021245243620593896,-0.02962277449629534,-0.10152497914585147,-0.030230788034096134,-0.0304830088059344,-0.12300257622091162,-0.050831124473315156,-0.025730037424926914,-0.13627395045267124,-0.06283452959834833,-0.021850349587459888
0.0,0.0,0.0,-0.022531380615721262,-0.0034053027450227182,0.03040323683437099,-0.05166545841431696,-0.0015010358139744403,0.05334892479718706,-0.07947519149752252,0.006082371508816041,0.06457073560644726,-0.10798635152777375,0.0091638055951007,0.06201025559958186,-0.09761574653547046,-1.8826909064754404e-18,0.02579569241523101,-0.12176958142003166,-0.003933303860385898,0.024639096770858543,-0.14319729559301836,-0.010925528330248367,0.0277585567629342,-0.1604694379151232,-0.03458369831120746,0.02877911998099715,-0.09499316870932406,-3.1043681208134807e-18,-2.1843336811217195e-19,-0.1113699515775051,-0.028319540855466112,0.008649035959256125,-0.08543463335706887,-0.04107181151499364,0.009771023008832987,-0.06527621227757748,-0.03269558934550882,0.010895714286567668,-0.0891151952808068,-0.009855933553679155,-0.012769750859899886,-0.10729263195007427,-0.037292454708326095,-0.009564440490805109,-0.11449711086168937,-0.05962767984485853,-0.00579701802195971,-0.12431805289830335,-0.07581214035256535,-0.0010843791823761937,-0.07266457312927221,-0.02049587237633243,-0.028752171250064892,-0.09934489526438156,-0.028696875142171827,-0.03001008070882824,-0.12092376632911456,-0.04829403589412569,-0.025648494317837243,-0.13473942036470263,-0.05978980718753121,-0.021935891893591422
0.0,0.0,0.0,-0.022522250984663286,-0.0032239646355209,0.029862443582797958,-0.05117746162604927,-0.001398360948911865,0.052709261701145135,-0.07814134324594336,0.006183834580740255,0.0640759940710933,-0.10620587203676288,0.008789155164146613,0.061882848721388634,-0.09609979581072554,-3.858435320478775e-19,0.024981189901226282,-0.1195477222041674,-0.003703118212575908,0.024162618508882235,-0.14098023402436033,-0.010113917821325258,0.02735838969334177,-0.15854724783800633,-0.03278124757713138,0.028356889794887274,-0.09332001002265966,-6.704674531783971e-19,-2.2424058249582702e-20,-0.10957229398554777,-0.026978176701941765,0.008397576848328502,-0.08571693892060542,-0.039016004806134395,0.00931209145201798,-0.06723247610005417,-0.03073892303724951,0.010588863295315241,-0.0875044086122346,-0.009624816601312827,-0.012333944235437613,-0.10554099363126998,-0.035753011472835994,-0.00939903565760437,-0.11360753377231855,-0.057005738788280184,-0.006032972596346722,-0.12416175127506138,-0.07254330116411642,-0.0015636058663352087,-0.071331474167331,-0.01990972885245809,-0.027942260765158388,-0.09738007170829589,-0.027293868041039955,-0.029605757927128155,-0.118942310295581,-0.045834394503431033,-0.025831705641243482,-0.13326244606169424,-0.05683325087665749,-0.022430549326997853
0.0,0.0,0.0,-0.022483879817618242,-0.0030306068059506013,0.0292950399715715,-0.050796075169068575,-0.0011746316902990286,0.05196211493368211,-0.07695461622133315,0.006310406379769924,0.06352933333849094,-0.10467274160008064,0.008363388838251296,0.06165131923790318,-0.0944858171012716,-1.356219676641364e-18,0.02404801804266711,-0.11705765348683395,-0.003531811391177318,0.02360851655826592,-0.13849883324457118,-0.009221665685841561,0.026894387714196596,-0.15629905148519654,-0.03072734129967048,0.027817713774094602,-0.0915591404522718,-1.906075533732542e-18,6.884121340848039e-19,-0.10778840496890219,-0.02526566669171434,0.007964775693393766,-0.08670050516817973,-0.036283452177398604,0.0084701675001439,-0.07041664456261176,-0.02802702729961746,0.010011463825725786,-0.0857867642388853,-0.009261944016395936,-0.01184050876568927,-0.1037481748634027,-0.03364757923834549,-0.009415971319477644,-0.1130569342586842,-0.05354926998098959,-0.00667900245686213,-0.12470415863335381,-0.06823628057558359,-0.002432653708789995,-0.06987934800095733,-0.018992531693091896,-0.027036823535345294,-0.09521011859848419,-0.025457872973286944,-0.029248991622657025,-0.11672384267125821,-0.042467331324909596,-0.0262605065676109,-0.13154057495840984,-0.0527608232142736,-0.023158026236300634
0.0,0.0,0.0,-0.02264682150717538,-0.0028626372570609974,0.02877645390322884,-0.05050214097423299,-0.0010677743992735102,0.05122961444381444,-0.07567203105951256,0.006219902964845578,0.06304144023436566,-0.10285136032444064,0.007484580925751742,0.06138294683732058,-0.09313311464555002,-1.7198874325100533e-18,0.023054225404599008,-0.11486362790329369,-0.003278006659963536,0.023181274969749668,-0.13623857143809698,-0.008100221050967572,0.026651889093479316,-0.15437392390731328,-0.028118535687052932,0.027495685981268447,-0.08986411434235245,-2.0270656914611417e-18,-1.2172209631814808e-19,-0.10657557751908989,-0.02313540089144613,0.007506892539093215,-0.08887922693951625,-0.03332185790185401,0.007688592899470921,-0.07510697894233243,-0.025537915233434755,0.009387423297558166,-0.08409401155443452,-0.00902132630967314,-0.01136020022383502,-0.10233918078339357,-0.03134854293950164,-0.00952573373383161,-0.11283802828533626,-0.04978791335091586,-0.007338557976335306,-0.12546721293141289,-0.06354470238263313,-0.0032792523689778473,-0.06850670593938368,-0.018215858651889676,-0.02608648140958943,-0.09313299374328371,-0.02364821558189026,-0.028720526617320004,-0.11457727400315035,-0.03922139731234584,-0.026525731026483618,-0.12978022688708796,-0.04890937355705165,-0.023874098753973994
0.0,0.0,0.0,-0.022803678759286048,-0.0028087489012374144,0.027993504567832117,-0.05004075734034437,-0.0010633694963428234,0.050280499459778395,-0.07427613666653496,0.006038208761729507,0.062376317923206644,-0.10101783431013253,0.0065987795669670175,0.061400914500906234,-0.09140190696948963,-2.0317157116763963e-18,0.02185590895783838,-0.11228139442442514,-0.0029707511630367224,0.022799676391062826,-0.13369472529476079,-0.006942526732476657,0.02657733128229689,-0.1519699497719651,-0.025367834826931862,0.02735979826444907,-0.08803470651683051,-1.8973146560264594e-18,1.1647048074854932e-19,-0.10523253034236371,-0.020753182913685043,0.00705526526654601,-0.09136804101992857,-0.029848562718223733,0.006702503292495684,-0.08065799392888409,-0.022770186570585965,0.0086506926949546,-0.08241665849750132,-0.008648688218431198,-0.01077894773243619,-0.10077059248411122,-0.028574289371594286,-0.009484639412175021,-0.11301784168583646,-0.04517880536745569,-0.008129335742133495,-0.1269353555973515,-0.058022229438775295,-0.004418781245139438,-0.06717945077453076,-0.01719160737560762,-0.024947936955915614,-0.09094041462110758,-0.021423652675071098,-0.028133441105371144,-0.11221246284678796,-0.0350820939672257,-0.026925909044907978,-0.12796958235654274,-0.044048578464584084,-0.024683851821712365
0.0,0.0,0.0,-0.02287571671804839,-0.002677668460265273,0.027023742029135725,-0.0496573290196132,-0.0007902029629713572,0.0489415368687576,-0.07273532083244538,0.005960754619395172,0.06137253436842007,-0.09876386080217969,0.005388862791270158,0.06085342712714627,-0.08954025135336174,-2.6525138018455744e-18,0.020348244600917408,-0.10881273430317293,-0.0027476475706322617,0.022198594228698694,-0.13022234830260165,-0.005789931203407686,0.026190746825377507,-0.14860071505333408,-0.022423587332365116,0.026926982946732365,-0.08578415907521564,-3.07943780793197e-18,1.7595425586269596e-19,-0.10350912900210009,-0.017700935061522056,0.006201776497274149,-0.09436107138485646,-0.025408639693902304,0.005132044286648643,-0.08731397272996522,-0.019001678244696795,0.007504059170165108,-0.07992962322687189,-0.008183059270878602,-0.010052719587938703,-0.09864330980942626,-0.02503015706519414,-0.00979491029781707,-0.11301032542138612,-0.03959410864481149,-0.009575373184255002,-0.12856193702392346,-0.051451228705968584,-0.006222458003573706,-0.06494275313318731,-0.015811226680640195,-0.023457605014273245,-0.08765613133198524,-0.01862998123030101,-0.027383872498950232,-0.10872616902978977,-0.029876798413878188,-0.027270698364759816,-0.12509873397629534,-0.03808958139104481,-0.025649950432467764
0.0,0.0,0.0,-0.02382301192807786,-0.002579017768759264,0.0260528009416505,-0.04972592285651642,-0.0009099968054656354,0.04738282637775117,-0.0714752261091095,0.0052256676434094115,0.0602045335805612,-0.09630469309282202,0.0035290475501007427,0.06032663937883317,-0.08763440216339528,-1.2360410800477058e-18,0.018678056650019814,-0.10596541488542005,-0.002481120171825087,0.021536972885126078,-0.12749269906398678,-0.003949916583666459,0.025936311563867574,-0.14638273913346533,-0.017568200331567512,0.025834684899609914,-0.08336532724840102,-1.0639741403113497e-18,-9.568911965623479e-19,-0.10300973286233431,-0.01360147223571185,0.004727514616096116,-0.0996595729303444,-0.019488992414862228,0.0026731887750650113,-0.09659261802863865,-0.013515936300573876,0.00541384487756741,-0.0776357830938238,-0.007854224131675809,-0.009426269755435602,-0.09748589199404253,-0.0206422452718614,-0.010953446153304926,-0.11426332119496524,-0.032305216249569356,-0.012276099782558373,-0.13157995718509372,-0.0425722698456771,-0.009549760508479397,-0.06332867616267548,-0.014505794565142317,-0.02213177160082748,-0.08510011725457053,-0.015553119550243757,-0.026900959119675175,-0.10612552506030751,-0.024031241673249833,-0.028443332702616203,-0.12305641659322407,-0.031007734027466014,-0.027763942004017036
0.0,0.0,0.0,-0.0240418957788976,-0.0024540372213099123,0.024716264910302002,-0.048569939193842795,-0.0008779481775506947,0.045835347682489466,-0.0686204631349855,0.004866878547632361,0.059273268007529495,-0.09245103483119944,0.0016506206716630652,0.06037131884221593,-0.08446913166914383,-8.218045165587756e-19,0.016374345769943427,-0.10087148215882624,-0.0020482312130349787,0.020967117596184633,-0.12228584292019226,-0.0018179741360343712,0.02601261843001935,-0.14150709325847943,-0.012640764225359131,0.025846263158585986,-0.0799637020152322,-8.851837370180602e-19,-5.562794411113577e-19,-0.09984113430367733,-0.009495688898695393,0.0040427601239868315,-0.10353373272984455,-0.013716813136141055,0.0009491954810966954,-0.10561492165779202,-0.010097995850816848,0.0041043550209110295,-0.07455889332794868,-0.007407999701087433,-0.008146646103517686,-0.09409201075979459,-0.01568981200797675,-0.010467695289529663,-0.11377636376977213,-0.023845291479776598,-0.013661856770088686,-0.13255231963213326,-0.03214014654913582,-0.011727110358095637,-0.06084652620773115,-0.012821691206849069,-0.019594425237946713,-0.08072292914256995,-0.01150611508945434,-0.0249527925849667,-0.10105932093891055,-0.016574121379587005,-0.028064443831922945,-0.11855907675926128,-0.02219291688959553,-0.028482241378528485
0.0,0.0,0.0,-0.024642347632442822,-0.0020283448905223703,0.02396239464539327,-0.04826768001342873,-0.0008968139052333228,0.04522633214339919,-0.06705863015011737,0.0045294554444403595,0.05940796534330127,-0.09081766378530953,-8.035038305409612e-05,0.061307119848643545,-0.08355121113933121,-3.4514028514608206e-19,0.014855995140192927,-0.0992087123753017,-0.0012870728238740586,0.02164130823140392,-0.12046262693810632,0.00048653522916190274,0.027675367439616134,-0.1393517184875376,-0.0065340580979973435,0.02798085700413106,-0.07892012340868226,-2.9181412229588025e-19,-1.1973926119129661e-18,-0.10050123972241531,-0.0051090743051614325,0.0040971216847299164,-0.11207148603779628,-0.006925132184327089,0.0001597303026439796,-0.12121590761568293,-0.0038538960565144484,0.0027076806864532567,-0.07390544417524139,-0.006852195711936562,-0.007190300660921123,-0.09364358368735756,-0.01098567895011653,-0.009562008186768275,-0.11521208911934672,-0.0160813524244778,-0.013097621378517995,-0.134675982137739,-0.022265944906711674,-0.0113197808347111,-0.06060021532882219,-0.011126374020384864,-0.017925095959924107,-0.07892044923364269,-0.00844492272350481,-0.02359906309565303,-0.09842661457293829,-0.010775422006101897,-0.028038922174078974,-0.11615543451952079,-0.015015532128462116,-0.028737956167640754
0.0,0.0,0.0,-0.025098037692405727,-0.002468582673926245,0.02335449784231022,-0.0478739459339696,-0.0016812280418481305,0.04441967371059513,-0.06581137157912217,0.003219234502329369,0.05893191006867744,-0.08891840850098669,-0.002273857644861714,0.061389451342738294,-0.08230540386351626,-6.702366093781847e-19,0.013583709254396644,-0.09719979053566519,-0.0014532368557824697,0.021816602808615367,-0.11860895297010686,0.0006480076130358286,0.028473502751063865,-0.13702770605167253,-0.0047553955594955,0.029088171793998314,-0.0776021215643623,-3.863972738635608e-19,-5.260632153835507e-19,-0.10050158328571274,-0.0027638869622383516,0.004290350366512745,-0.11744093832222119,-0.0042932095151360095,0.000490078271031684,-0.1309398905027476,-0.002923117821457203,0.0033253297014739632,-0.0723191306399002,-0.0067206491298452565,-0.006516392295366543,-0.09264492544399044,-0.009048229052904649,-0.009207713934823405,-0.11568212238103179,-0.012238286757954152,-0.013199384654268627,-0.13634317017849376,-0.018163455236539658,-0.011827202617629488,-0.0591610596921909,-0.01039183360971396,-0.016609199395154886,-0.07662370476804653,-0.0069649043292345746,-0.02264387680304443,-0.0956728897165524,-0.008013950395866639,-0.02807430970644228,-0.11390787528406514,-0.011925889871304138,-0.029367401407963113
0.0,0.0,0.0,-0.02554398121369384,-0.0024377416015474622,0.023051235244177133,-0.04799730242033866,-0.0020518019915934287,0.04423053703121309,-0.06584111497517416,0.002439409545995304,0.05923899955221791,-0.08873913711618352,-0.0038325628616173984,0.062219744055827614,-0.08226817637999069,-4.619220741283976e-19,0.013099833600123649,-0.09718303889008252,-0.0013124499411772707,0.022464719931149506,-0.11889996826965497,0.0008084867238098307,0.029423330284064166,-0.13694496906509063,-0.0037117629711590945,0.030114499849988388,-0.0777085937650358,-3.3829010602094173e-19,-4.427114653643231e-19,-0.10230755884626863,-0.0008303476452753223,0.00418008743980198,-0.1236256287180732,-0.0019629463937403608,0.00013494405804615785,-0.14067757049329277,-0.002360179337908381,0.003032746862735883,-0.07246237182632553,-0.006705688544043863,-0.006525759877948854,-0.09375803352735697,-0.007271632544629446,-0.009553614138658363,-0.11800485366835337,-0.009087995432005957,-0.013858160355026754,-0.1394177513848589,-0.014893054767323494,-0.012777223365169694,-0.05942600062184744,-0.010001239274921596,-0.016474849880446556,-0.07639723097452175,-0.005982998767759128,-0.02256509900442582,-0.09503202159172466,-0.005778698577359661,-0.02881694098007776,-0.11357971225773805,-0.00926133535709495,-0.030371998601321323
0.0,0.0,0.0,-0.0258572601951865,-0.002632551617271664,0.022854380313592076,-0.04806010538894215,-0.0025732123088182245,0.04422779543372585,-0.06596338791034938,0.0014933810596513659,0.05946715868151035,-0.08847194553209131,-0.005513637813737182,0.06328899455565683,-0.08221271544848063,-3.8940960588648387e-19,0.012791517439295375,-0.09734976121120631,-0.0013551609989203672,0.023294083810274584,-0.11957844907041806,0.0002979827762419573,0.030413594832657313,-0.13703493487307333,-0.004155611913065863,0.03130211825935819,-0.07811566787607256,-2.635904687999424e-19,-4.29077531489145e-19,-0.10439874082400194,0.0004840834731312457,0.004029798431046718,-0.12963507907521177,-0.0011839506715356012,-0.00019046785996758504,-0.14985218735305111,-0.0038937687776783095,0.002703658419173703,-0.07279121503715907,-0.006893831104977019,-0.0067279713427639345,-0.09528953713037765,-0.00646690689212302,-0.010073896437518269,-0.12039981294944602,-0.00771293555830573,-0.0143909808216981,-0.14254443830351973,-0.014177918272012938,-0.013592703649687902,-0.05986389500654693,-0.010151179185723972,-0.016689325156777228,-0.07660361204271593,-0.005887126320535441,-0.022830927130391195,-0.09494045011697017,-0.005125697578837483,-0.029804791996313293,-0.11387812255339612,-0.008633571042955646,-0.03138694456664238
0.0,0.0,0.0,-0.026460680353720536,-0.0027573938722551834,0.022851395842763977,-0.04866094639458911,-0.0030324790379140367,0.044539993201618625,-0.06700599103125696,0.0007381406663345769,0.0602353607765055,-0.08951036663413042,-0.006700487126632797,0.06443045589681132,-0.083175052082777,-5.3096711627690204e-20,0.012933429439301012,-0.09896222364691559,-0.0014015710164460668,0.024204737864089183,-0.12149996603982192,-0.00023993531999730278,0.03137730887311928,-0.13841879918557615,-0.005015741662133515,0.032313041753678134,-0.0793230682941625,-8.674510080930504e-20,-1.3820114938261876e-18,-0.10746885748986992,0.0013916990549538973,0.003802715723446544,-0.13587976911149574,-0.0009460478561201444,-0.0005873362039540183,-0.15861015925498057,-0.006094548737081121,0.002295308788198863,-0.07382780345547062,-0.007115502904843061,-0.007136472084612955,-0.09766609484091779,-0.0060702914261046,-0.010684622113874541,-0.12356594236397342,-0.007053365844734135,-0.01512642239032706,-0.14607245547747386,-0.014337013719173439,-0.014584762880505388,-0.06077372496962036,-0.010445145016840306,-0.017240398580014988,-0.07760202167550478,-0.006116761722049719,-0.023392922108041586,-0.09564599098952446,-0.005071779862089349,-0.03084014807482495,-0.11482552903616394,-0.008748888866045447,-0.03254822412268509
0.0,0.0,0.0,-0.026973751679888358,-0.0030549509012092833,0.022880730650439322,-0.049255983444705304,-0.0038554694105538976,0.04480537091924302,-0.0683251639114166,-0.0005016999707231156,0.06082709599659267,-0.0909594079022228,-0.008312786163139053,0.06538265500782496,-0.08427022056844785,1.358706701705108e-20,0.013311353462140817,-0.10097834478181059,-0.0015944429240593795,0.025135047498730224,-0.12375469392519348,-0.001114708058103627,0.03219827238664802,-0.1400090898871375,-0.006647231319545315,0.03310294156579598,-0.08077117530523908,-3.2928585363242396e-19,-6.33582109927738e-19,-0.11080432382254991,0.0019011832993185542,0.003438191126414577,-0.14168064666867236,-0.0012312139857293448,-0.0011187364824745887,-0.16637042332653001,-0.008611879769135711,0.0016153908400425255,-0.07503866426580351,-0.007373325060113732,-0.00787360046930347,-0.10026518964424364,-0.0061176366790790205,-0.011691093634467816,-0.12659220541235822,-0.006972834399990473,-0.01615970227536162,-0.14924740356198019,-0.015125360515739423,-0.015858845462602026,-0.06187586373330158,-0.010885393769830738,-0.018290495924217682,-0.07896727050214576,-0.006628258723964852,-0.024392720348405138,-0.09669455745152997,-0.005388535292149432,-0.0321647146724088,-0.11598381412903638,-0.009247018183381363,-0.0338182658721614
0.0,0.0,0.0,-0.027245299959731142,-0.003152748254289581,0.022907930420259015,-0.04941769960409324,-0.004142420088395872,0.04505976657604345,-0.06882976801344967,-0.0009669656473406873,0.06130782988186696,-0.09133719414371493,-0.008930680899939848,0.06620471699395222,-0.08475250204572096,5.64273974141303e-21,0.013385231011714951,-0.10186263975154308,-0.0016950913072324271,0.02575315914471379,-0.12478613755317482,-0.001738945114915312,0.03292391245345461,-0.14053455310154495,-0.007538871751821753,0.03395633972135509,-0.08148964694735056,-3.7182675328111494e-19,-4.766852300534773e-19,-0.1127182338584278,0.0023423052268234518,0.0032577532120749804,-0.14571795076340194,-0.001408497531165018,-0.0013520764144445093,-0.1720856295663075,-0.010613780143520485,0.001392087726811475,-0.07560092837702308,-0.007514655951010514,-0.008126787862731088,-0.10163701613593126,-0.006028733048699385,-0.01206257897970509,-0.12839706425101532,-0.006803090021243821,-0.01652375063222334,-0.15113989719443674,-0.01558319044592221,-0.016338879593538518,-0.062335511736813815,-0.011061329311406489,-0.018617661080345238,-0.07947088728942663,-0.006883451894823152,-0.024722985312786994,-0.09700077223299348,-0.005579850876635659,-0.032795192335446664,-0.11647117399283896,-0.009548919558616175,-0.03445322603966354
0.0,0.0,0.0,-0.027379649061116347,-0.0032256174950743145,0.02286703096159291,-0.049392715396768025,-0.004580016097856173,0.045172024490327416,-0.06905941773824528,-0.0016078581122663787,0.06168398119962251,-0.09147890980510184,-0.009761863619249985,0.06689855720594329,-0.08509230130975355,-4.68135409381142e-19,0.013470500646162521,-0.10242409954748388,-0.002019221962715878,0.02624279036068065,-0.12537105131820997,-0.0028011100390377412,0.03354300509071824,-0.140584195673655,-0.00927164867358846,0.03464831099574475,-0.08207048466533995,-8.138109113481825e-19,-2.9676316737170026e-19,-0.11407611743830963,0.002255455483002022,0.0031587843459289925,-0.14853846692684736,-0.0022858345288959774,-0.0014161868976331259,-0.1760714788339005,-0.013188762775677544,0.0013718074152801166,-0.07606723305858384,-0.0077444230975645244,-0.008348043765060794,-0.10260708768482174,-0.006428813722629692,-0.012326198811399635,-0.12956139636622155,-0.007393517817184937,-0.016715700041566264,-0.15215738128192458,-0.016968093433180363,-0.01661859363655641,-0.06269260648956511,-0.011404118852278017,-0.01893388645571318,-0.07973379973463271,-0.007517046201970855,-0.02495132111933666,-0.0970651944768168,-0.006419724835863366,-0.03327651449278321,-0.11654721196769038,-0.010699721719338492,-0.03490950033417718
0.0,0.0,0.0,-0.027630948321225247,-0.00360493876330246,0.02313632419669017,-0.04980371393181989,-0.005512547671553605,0.04569577395750801,-0.07028490056523676,-0.0028443487330942433,0.06248069290675558,-0.09295843225611164,-0.011047659042582234,0.06774246942762799,-0.08625544586436812,-2.773499146236132e-19,0.014116808465718732,-0.10443149809745156,-0.0025694848061652256,0.027045337168842234,-0.12752765125039,-0.004684118518907032,0.03415601141749795,-0.14199960682406843,-0.012881003606353351,0.03517686748699909,-0.08364917269429531,-4.225046894025827e-19,-6.384989867700839e-19,-0.11669956116357179,0.0014472683290886496,0.003017931260995125,-0.151965402431186,-0.004674954808011291,-0.0015991836503688615,-0.18004234559540824,-0.01791384335351001,0.0010771574876823264,-0.07741132692964223,-0.008188118081378225,-0.009042990937498552,-0.10480518637383121,-0.00779160166290082,-0.013021109585520867,-0.13158230527617049,-0.009805258620287643,-0.01724818793899929,-0.1537647715154869,-0.02102241815452257,-0.017288753664188253,-0.06373641336155753,-0.012334941519673511,-0.020020102850540976,-0.0810714779279711,-0.009107222894308228,-0.025844315468218068,-0.09816971142697345,-0.00873584473477881,-0.03421221410305936,-0.11756734533397817,-0.013777208464259916,-0.03576615030218852
0.0,0.0,0.0,-0.02783207809503515,-0.00412352842082087,0.023566855585885928,-0.05018524758856847,-0.006654319618511791,0.0464241658207757,-0.0714344411725381,-0.004187522225130724,0.0634110529606881,-0.09437557824996927,-0.012376073976829632,0.0687786617422989,-0.08754159709356836,2.284211717013182e-19,0.014867164726940095,-0.10647764917743052,-0.0033618251077537162,0.02784856368505196,-0.1297080001219878,-0.007263753083399309,0.034738545575994643,-0.1432894470748493,-0.01768511369617647,0.03566234097807233,-0.0853826100112974,-2.174657363754159e-19,-1.0949532933538799e-18,-0.11916680631172093,-8.646276098571654e-05,0.002974382510706628,-0.15460816010813005,-0.008475555413450356,-0.001585152757817618,-0.18258855120417442,-0.024388213647863435,0.0009876358423182023,-0.07880982639914932,-0.00867093755002703,-0.009720404852479107,-0.1067624871652019,-0.009896673675137357,-0.013562371600448958,-0.13313406405594538,-0.01365873420003391,-0.01753418852025425,-0.154564893966371,-0.027008369931603292,-0.017675923247829045,-0.06468738777268306,-0.013425610190592727,-0.021021539971778323,-0.08228399063607938,-0.011307359125294889,-0.02665084886031971,-0.09916238327534312,-0.012201962809220796,-0.03493383289676891,-0.11842923411935977,-0.018406665389556643,-0.036472329933706346
0.0,0.0,0.0,-0.02784909204106705,-0.004418725447850637,0.02389464757520178,-0.05031994620069761,-0.007405245592889956,0.04695996135632764,-0.072305837238162,-0.005099729456374895,0.06408546772126493,-0.09547870212530435,-0.013042887942485657,0.06956192064563965,-0.08854948345196711,4.565889374727692e-19,0.015539241972570202,-0.10814160705454696,-0.003965922143179833,0.028400395863609762,-0.13131559430690348,-0.00927835715637829,0.03510144901846102,-0.1441106456661383,-0.02153471598490489,0.036071568157923145,-0.08673174503760964,-3.369471022059129e-21,-1.229454620174032e-18,-0.1208794437999687,-0.0014767076233968457,0.0028805276954170507,-0.15591747872301626,-0.011389854701751991,-0.0015348299236514447,-0.1834823269412641,-0.029033081464066243,0.001033820638026557,-0.0798769931496682,-0.00900348861040436,-0.010314005350624912,-0.10821666443770667,-0.011592953247379363,-0.014029497902485873,-0.13398496117691183,-0.01655875094289365,-0.017660844803276027,-0.15464320972160078,-0.03137133842403387,-0.01779475939604284,-0.06540906852570709,-0.014218547474221934,-0.021932967762022415,-0.08329207050475351,-0.012931107088984336,-0.027321608247956493,-0.10004465720118008,-0.014756699737771686,-0.03544378733112022,-0.11918194742809862,-0.021675916451410017,-0.03679836530756721
0.0,0.0,0.0,-0.027833616430454452,-0.0045705122248188386,0.02411778953134589,-0.05042051342139203,-0.007842874032367539,0.04730577080243466,-0.07306240478978715,-0.005675263059812488,0.0645213013567723,-0.09649377951207358,-0.01320124369017786,0.07000411704556053,-0.0892854172539796,3.567390070026207e-19,0.016120058527347866,-0.10946821121314704,-0.004371099899349141,0.0287115160512287,-0.13259215779632236,-0.0105002283974235,0.03513526223153578,-0.14493527074984575,-0.023930966464130617,0.03619486636206985,-0.08778970826813251,-2.271158763336583e-19,-1.252360523931803e-18,-0.12196471228881807,-0.002539003281868699,0.0027743614934850314,-0.15628096630077495,-0.013096116506849293,-0.0015743165722317944,-0.18324807873718077,-0.03139143022053631,0.000975339286080231,-0.08084740815931687,-0.009192186349076946,-0.010790341746509663,-0.10936623468881032,-0.012720542202397642,-0.01434963561815093,-0.1344901801182367,-0.018258565470426136,-0.017708227413638283,-0.15451040925939102,-0.033810449861593525,-0.017849727896749483,-0.06616391746157857,-0.014780401760799653,-0.022722625935715963,-0.08434887128073773,-0.013960526954403227,-0.02790146478567715,-0.10107160575054572,-0.016339813453545547,-0.03582842947541638,-0.12012084642690701,-0.02358757161865341,-0.03709526765622387
0.0,0.0,0.0,-0.02756436615172945,-0.00476316208657937,0.024605064824435523,-0.050461817722952676,-0.008821336941867243,0.04805149515940657,-0.07449961265560306,-0.0068621180707866564,0.06523417421681792,-0.09848661380005859,-0.013680512225014109,0.07071563738962683,-0.09096446465799847,6.771156115894144e-19,0.017404878951247676,-0.1122292041976207,-0.005439425356522952,0.029257508053113803,-0.13501239616740043,-0.013685072544101033,0.035380126596594424,-0.14616246640552288,-0.0302145103560932,0.03666300013408933,-0.08992214224969924,-9.132662093997299e-20,-7.9663432331854435e-19,-0.12428684363172543,-0.005337916687501313,0.0024558380762109075,-0.1565872316089703,-0.018074306244627664,-0.0014049646544052551,-0.18198180698141408,-0.03843278532389776,0.0012855505641618695,-0.08246385731987918,-0.009706475174036854,-0.011871259802500653,-0.11139109118347225,-0.015852699748214318,-0.015207573681933713,-0.13519028644404285,-0.023259446686585555,-0.01784738661253446,-0.15373667473840513,-0.04078371267046452,-0.017689527884223864,-0.06724596343726078,-0.016065085338133337,-0.024452546792786634,-0.08611120437652031,-0.01652692410923659,-0.029125662020335147,-0.10286158635239998,-0.02053882326276318,-0.03656764542080724,-0.12154409762516638,-0.028626299316171316,-0.03725042379442617
0.0,0.0,0.0,-0.027260189332677882,-0.00496187191075392,0.025011363650452086,-0.05043503404849646,-0.009292948781545261,0.04862196140659596,-0.07540972554533416,-0.007382645934732609,0.06575816249628498,-0.09992448120662459,-0.013542222093493496,0.0712211784014529,-0.09206032349525775,3.3455064189713776e-19,0.01829786013465346,-0.11395364579150588,-0.0061072276021211565,0.029460840192428228,-0.13652321989697475,-0.015456753406282988,0.03530411197743502,-0.14709798937969737,-0.03396157767233262,0.03671147348975616,-0.09136857939867693,-6.164589867821813e-19,-1.300046240890214e-18,-0.12529141337355315,-0.007265593108539781,0.002351147171983446,-0.15554201425241906,-0.021177399243060772,-0.0012302174952058596,-0.17930304399270175,-0.041967721205014824,0.0016651907074088435,-0.08372659387415234,-0.009978347514083235,-0.012475967956724319,-0.11256985011058653,-0.017891841046815266,-0.015488908381351984,-0.13505172901096896,-0.026632115610949775,-0.0175834087928173,-0.1524798152146283,-0.04518302513736089,-0.017232210682347395,-0.06815956301607826,-0.01680746196752967,-0.02545260677066502,-0.08743039012385653,-0.018166261484578124,-0.029885398651522965,-0.10428966455116452,-0.023311796500862812,-0.03684007227889577,-0.12269121725966528,-0.03204732715945395,-0.03721010181215812
0.0,0.0,0.0,-0.0269437806591339,-0.005073124615374366,0.025292983064056695,-0.05036766137248823,-0.009480953091442807,0.04900344947726764,-0.07599639801409329,-0.007527334423323037,0.06615583074019715,-0.10087567715253333,-0.013033676371352613,0.07155483263705383,-0.09271579094277398,3.673753222309138e-19,0.01903753062997566,-0.11515774585513014,-0.006577570491157106,0.029488243353787618,-0.13746782493271692,-0.016837227011880673,0.03491138796082087,-0.14768728364286637,-0.036986301923506215,0.03631061423637746,-0.09225296282396109,-5.796166373997549e-19,-1.1907666584604272e-18,-0.12537512688791397,-0.009135045759883683,0.0023179682795716836,-0.1530718495145132,-0.023742338924798857,-0.0010886607422056895,-0.17478104650548615,-0.04445151603755776,0.0017695371752948625,-0.08455536972754304,-0.010156458010398495,-0.01293458839682797,-0.1130569712717245,-0.01967453220055209,-0.015551054341502044,-0.13427218695983775,-0.02959540880327403,-0.017259577080991996,-0.15050303995344969,-0.04879497438428457,-0.01678040893418884,-0.06870974265832538,-0.017390486630288367,-0.02622834172338586,-0.08839988173854066,-0.01950412332593336,-0.030366674734056937,-0.10544247074447692,-0.02564345184204113,-0.03681366460060479,-0.12362558897277448,-0.03490717828683443,-0.0369532615817
0.0,0.0,0.0,-0.026548054876351382,-0.005173387519340376,0.025571152127070826,-0.05028135858006493,-0.009605837161334929,0.04931177466101206,-0.07654067018003732,-0.007543334093528739,0.06648043745902964,-0.101877596953184,-0.012372766199365594,0.07167430513983111,-0.09317186046292475,8.631992181262205e-19,0.01983201592493823,-0.11605741855936672,-0.0070202195367408925,0.02929004993203557,-0.13814835287807697,-0.018046072255135676,0.03408989282002218,-0.14824678434003752,-0.03976764280697451,0.035390865828010216,-0.09288703601309412,8.10365025294242e-20,-9.459219884563901e-19,-0.12478205735061226,-0.011138196456270226,0.002153580262165015,-0.14936181244322266,-0.02624942641512806,-0.0012519447427117943,-0.16853190841217014,-0.046402045608430635,0.0014891249603293264,-0.08520794716497276,-0.010265866379227384,-0.01336405845589159,-0.11315555461795082,-0.02134254625320505,-0.015683980720019485,-0.13292181678843606,-0.03244819872291186,-0.01708558010397105,-0.14789456555340286,-0.0522118784874333,-0.016467900162049076,-0.06911993928604364,-0.017845651417711085,-0.0270127155578328,-0.08924594702043666,-0.020602896043206344,-0.030870933301421398,-0.1065849436895677,-0.027669176141238004,-0.036712728063100025,-0.12448542611103611,-0.037496463855472756,-0.03668286135554859
0.0,0.0,0.0,-0.026038225741715076,-0.005328326146406705,0.025774251285897568,-0.050102857242422236,-0.00955789556326829,0.049579902730256614,-0.076810166861034,-0.007306457775577925,0.06677988925367137,-0.10254300579922747,-0.011416654592116946,0.0717292426677556,-0.09335766229568263,1.0856921826251258e-18,0.020496184963198348,-0.11663999543971207,-0.00729834174982079,0.029007948555690857,-0.13849586913078743,-0.018928842612200618,0.03319610771043398,-0.14855274424587986,-0.04190856867166057,0.03442300219364165,-0.0932878508992281,3.40275712559787e-19,-2.4651709238556567e-19,-0.12361555928182764,-0.013012695586436165,0.002112790218058978,-0.14458655914245802,-0.02815738773275351,-0.0012106991414996301,-0.16093115172434375,-0.0470403572910426,0.0013958114332719687,-0.0856994001220823,-0.010222979502030619,-0.013627983861562578,-0.11286732728792864,-0.022823525344417617,-0.015494447850845423,-0.13112829465369913,-0.034932404412219634,-0.016604986430553602,-0.14481285735164776,-0.05482003974304574,-0.0159499153776828,-0.06943328802541948,-0.01807831834607291,-0.027565424054474867,-0.09003377907839566,-0.02142175579886206,-0.031190761437867143,-0.10769466623652507,-0.0293082303751813,-0.03639640443880464,-0.12535084610326214,-0.03954654428560296,-0.03624044246492486
0.0,0.0,0.0,-0.02544346184613954,-0.0056183321533193695,0.026054251566102707,-0.04984126252775453,-0.009497743859630692,0.04985826412119792,-0.07700547976178013,-0.007051565869854722,0.06697041563544279,-0.10299757701468248,-0.010341677510816251,0.07171058937309618,-0.093444900968179,7.0988697539808255e-19,0.021134403794217257,-0.11701992643784098,-0.0076120348787618594,0.028516802691188836,-0.13878572320543658,-0.019843940126206223,0.03198080016354779,-0.14872088329735245,-0.043982104576270234,0.032989484996494026,-0.09362045057995988,-2.251818803924426e-19,-5.441719770142291e-19,-0.12198463608084767,-0.015021954212199285,0.0018735190966237272,-0.13854638933632063,-0.030109728689554655,-0.0013963237247949113,-0.15157296172210355,-0.04695738920590445,0.0010867612176862385,-0.08609089978229514,-0.010141275298255283,-0.013909861371284572,-0.11237564235159124,-0.02440171904656252,-0.015402557538616447,-0.1286920245567154,-0.03723418882964994,-0.016057524681889347,-0.14091764916233063,-0.05713965168211463,-0.015362434242968834,-0.06963323028427948,-0.018371085568562644,-0.028212872783907182,-0.09082971489778531,-0.022112763857016535,-0.031639521543348134,-0.10900629615975962,-0.030741282897050998,-0.036144206163469014,-0.12646466564042438,-0.04128291526881124,-0.035698583025899955
0.0,0.0,0.0,-0.02456956701340971,-0.00560416252770988,0.026059888926348408,-0.0493487131057612,-0.008793827481051508,0.04982250768676562,-0.07639734693223085,-0.006054257493526871,0.06682043981418165,-0.10258118621609101,-0.008541651774028883,0.07155573100335666,-0.09214196083302058,3.9856578169724055e-20,0.02140543378695426,-0.11576734358391258,-0.007250139461507912,0.027598165753471064,-0.13772782194321145,-0.019005748334297235,0.030159998284490022,-0.1484264659519287,-0.04307607548376587,0.03074724846926795,-0.09252913718135951,-4.923958599895422e-19,-9.255427640396949e-19,-0.11828537884070821,-0.016164583113609948,0.0012219822969528034,-0.1295172658578955,-0.02947040340946954,-0.0025363440965338003,-0.13841176452010184,-0.042272134682698456,-0.0005785683626415472,-0.08559285990684307,-0.009737461950971756,-0.014066243050321107,-0.11081619265913696,-0.024398524814676303,-0.01543770481172511,-0.12537372055395857,-0.03677609231730026,-0.015937001411646248,-0.13632339974701374,-0.0550892300923696,-0.015361535582242795,-0.06933741242033634,-0.018039280480396037,-0.02867446678740556,-0.09112158526442957,-0.021291135043994772,-0.031839214797728894,-0.11022676507881948,-0.02952848579830635,-0.0358996585242636,-0.1276462868099456,-0.039476643584169774,-0.03531592578352549
0.0,0.0,0.0,-0.023193102076719655,-0.006345063421992838,0.025898763232524488,-0.04818683756816611,-0.00880063421357721,0.04927897281278312,-0.07570957916408216,-0.005868680836097685,0.06571969273958089,-0.10218170641215023,-0.006401016195012775,0.07047714871594252,-0.09101279271420226,2.354225105628376e-19,0.022152123618999577,-0.11493690667948711,-0.007917428360742256,0.026349903747646945,-0.13639922135093638,-0.021137466030987,0.027838632912626803,-0.1467109409251115,-0.04841348033845805,0.028214295302430796,-0.09205624287518036,-5.211682938385441e-19,-5.787035256177792e-19,-0.11385468613260093,-0.020344576029328147,0.0011946747576485938,-0.11654909071725829,-0.033589034736640114,-0.0016788694179445968,-0.11921556985598603,-0.04239405670578795,0.0012055536211300047,-0.0851565389599405,-0.009634738514952342,-0.014250170443868402,-0.1081839303403977,-0.027953963116054293,-0.015158682520412133,-0.11996314143462938,-0.04192076165012681,-0.014855143496827698,-0.12971934112115624,-0.06073214844689015,-0.014193332543498444,-0.0683492278966245,-0.01885890264308083,-0.02931054469121033,-0.09081181938937385,-0.022824314047005287,-0.03228935565162424,-0.1107766012765725,-0.0327277489888383,-0.035376303531581124,-0.1282749380470603,-0.04306591939453796,-0.034019919487351856
0.0,0.0,0.0,-0.02238249605132486,-0.006519818563162645,0.026223400874247998,-0.047737583404222045,-0.008712501824755307,0.04969444181732416,-0.07576629272973007,-0.005572876727099199,0.06599085782758066,-0.10275297483420343,-0.005129370360989672,0.07038966579904249,-0.09105015372968939,-1.972656255344702e-18,0.02291483890668974,-0.11535195775878729,-0.008332892447270345,0.025805724757805765,-0.13653210256167478,-0.021958008931239784,0.026459039418539027,-0.14699253795664538,-0.05053082329860821,0.026648777288140697,-0.09232926221407317,-2.0918358870389703e-18,-7.879634173441056e-19,-0.11163264446797354,-0.02274803129820862,0.0015218636436284494,-0.10913615630125939,-0.0354134951702806,-0.0008237766229165834,-0.10839492396466696,-0.04117456506396135,0.001896485793935315,-0.08554946826733725,-0.009542808946387926,-0.014658361789518836,-0.10717709079553062,-0.02992714360520715,-0.014648245565639722,-0.11622979837969756,-0.04466370024914584,-0.013679810471671695,-0.12398807027254506,-0.06290043485070385,-0.012741941129345638,-0.06850424519346007,-0.019127014966493446,-0.030120808505579598,-0.09155160582788269,-0.023706790449626425,-0.03283299330151225,-0.11212663798812764,-0.03466057374184646,-0.035061232135895945,-0.12951503610009363,-0.045306908994867195,-0.033312409340030436
0.0,0.0,0.0,-0.021697582478010964,-0.006477776357354261,0.02686262179860125,-0.047655145996040815,-0.008353918069577583,0.050470842655394865,-0.07654824666836124,-0.004820271924292284,0.06675612777845248,-0.10456150756451374,-0.0031589149226236963,0.07059039571680878,-0.09186590070065759,-5.069869431997368e-19,0.02406808768465618,-0.11674257684250314,-0.008769237487076245,0.024965441962774625,-0.13753272801611469,-0.022196641952136824,0.024360309497896176,-0.14885922743151453,-0.05149684608293699,0.023956087346865274,-0.09302481302302892,-8.150594107981192e-19,-7.549632809817211e-19,-0.10960830068383684,-0.025247230698666356,0.0021180820123726596,-0.1013337608117306,-0.03679611918447341,0.0006466782031495765,-0.09737700669882776,-0.038067482195702496,0.002888129906699482,-0.08642922781949693,-0.0093947292414951,-0.015442537780238609,-0.10642375306869567,-0.03207366175906413,-0.01398866128416899,-0.11192707496225777,-0.04758652268756554,-0.012345506216446487,-0.11726748324584493,-0.06452419322666011,-0.011200160176459438,-0.06894919901169516,-0.019277901213851537,-0.03146711981777674,-0.09277549135813434,-0.024604894039801633,-0.03393264649908777,-0.11433931420373172,-0.03653572511114219,-0.03510369550785519,-0.13176015198441393,-0.04722599921730916,-0.0332415491479245
0.0,0.0,0.0,-0.020802823346074917,-0.006431555159267542,0.027371394610835903,-0.04714267816808314,-0.008298866385659392,0.051473793713761644,-0.07666773378783066,-0.004686382829992456,0.06773815118304038,-0.10531496085053219,-0.0021974164177315605,0.07083340010354013,-0.09241814603288057,6.678495241465438e-19,0.02496928459264519,-0.11782989853483009,-0.009623723068185416,0.024744290045958604,-0.13825662196003688,-0.02342213951086211,0.02337059976718859,-0.14957076919805956,-0.053588876785065166,0.02322800414015816,-0.09381077223952805,-2.743046987551963e-19,-5.518141159504269e-19,-0.10706282644245348,-0.028068908590595375,0.003338531508788815,-0.0935934212397243,-0.03826603979673252,0.0031059788234707683,-0.0867163025099291,-0.036008609198017696,0.0047732655373381614,-0.08725226926654261,-0.009358364605606576,-0.015861320572079368,-0.10484877443033327,-0.034791010141077085,-0.012331261493843717,-0.10634364665295913,-0.0511707434843805,-0.009410325283442815,-0.10801645695632338,-0.0669492321319454,-0.007674468152712465,-0.06950556280680492,-0.019190615708311837,-0.03198686500999341,-0.0940653523415505,-0.025983465269735554,-0.03408473362737935,-0.11609298135541748,-0.03967681545712089,-0.03394307926325892,-0.1332056605872013,-0.05098699896695122,-0.031528784182242045
0.0,0.0,0.0,-0.020396555076551054,-0.0064815273372903935,0.02794286594454179,-0.04694472157765202,-0.008058397665163877,0.05195930224393111,-0.07657771781251176,-0.004203008325665451,0.06807251921175508,-0.10524477252423861,-0.0008567321259544789,0.07058895409382322,-0.09206102111108799,5.107967757729395e-19,0.025470029617940742,-0.11776444346677208,-0.009614226362819684,0.023909500846768676,-0.13806334022340372,-0.022650872303436535,0.021637068962087638,-0.15040643792585234,-0.05340741879368763,0.02113392936048964,-0.09319333182189296,1.2959506680976973e-18,-1.4096196087075242e-18,-0.1048661637856071,-0.029365168385823315,0.003679649853295329,-0.08754231252847763,-0.038811914194661054,0.0040289724252992685,-0.07825196916985122,-0.03331255426298198,0.005240397150299656,-0.08671402736694936,-0.009121897116742,-0.01624616472447843,-0.10351064484789801,-0.03551032822747556,-0.011763516905186438,-0.1017814294682351,-0.051524778474780986,-0.00797000592017069,-0.10090600937966496,-0.0653685408747944,-0.005426404780780895,-0.06893394899318184,-0.019381395272362142,-0.03286611751345208,-0.09429247127222307,-0.02620282509490588,-0.0349813745101797,-0.11727368931550704,-0.04009520713005561,-0.03418955199046435,-0.1347858955970605,-0.051459600726490015,-0.03126638607169304
0.0,0.0,0.0,-0.01982367483146033,-0.00655030104670814,0.028332886319809153,-0.046624810507824174,-0.008091848282700136,0.052851771441982415,-0.07634969395593019,-0.004045466652469681,0.06883342098318827,-0.10524503757701568,-0.000524134436449896,0.07048786942067471,-0.09197663965390121,1.6139178406677812e-18,0.025863164107674086,-0.11771330640362951,-0.009400161925306048,0.02310805967298626,-0.1381487433076493,-0.02174656745863122,0.020190437474729237,-0.1513485388039903,-0.0531325942153693,0.019228518797265663,-0.09278194367847828,1.940561678644041e-18,-8.676936126264465e-19,-0.1027721313122088,-0.030585141117336533,0.00416085410044701,-0.08162505536551296,-0.03922326322762883,0.0051041241520773,-0.06985836325818442,-0.030596495483851786,0.005950567861291062,-0.08640973935252935,-0.008955800545123722,-0.016435916468411076,-0.10170386888138847,-0.03625771220753598,-0.010913365340983822,-0.09646476007728433,-0.05178114501556029,-0.006437050831081199,-0.09257536414230903,-0.0634819573130582,-0.0030406798116456506,-0.0684208482365765,-0.019454200014413045,-0.033358596609648655,-0.09446302480236268,-0.026576818556352487,-0.035575088770557414,-0.11842240689695335,-0.04101840413480433,-0.03413406252807438,-0.13572355613289955,-0.0523841821897411,-0.03087046020746319
0.0,0.0,0.0,-0.019446397698765945,-0.006511345665909187,0.02854804121609845,-0.04630444541314753,-0.00827805034813136,0.053325690335099984,-0.07628703343624432,-0.004351686229912121,0.06904678250580248,-0.10529074960107182,-0.0007746373540454931,0.07029373102548017,-0.09210082859816454,1.4622686276060093e-18,0.026254400777223373,-0.11784161535073692,-0.009429339890961848,0.0225618200200179,-0.13830183198057067,-0.021974279971695813,0.019122101698315318,-0.15141809765630743,-0.054079850809183386,0.017749883341048336,-0.09288570837392247,1.7521456088867537e-18,-1.16055222770707e-18,-0.10132193497957652,-0.031575393027285105,0.004430975327351972,-0.07695482589465215,-0.03944784767161861,0.005911893736827666,-0.06317369818976665,-0.02863495854135178,0.006663275611661229,-0.08657994150888317,-0.00898324388260906,-0.0165932259450531,-0.10075099492795692,-0.03732329674840644,-0.010266225916797591,-0.0930340577518638,-0.05270136186079445,-0.005239167836976431,-0.0866877188886616,-0.06356021288127964,-0.0014563000338264432,-0.06837234896866967,-0.019509896219633276,-0.03377043538493862,-0.09491571955410802,-0.027317559020957193,-0.03580138035355757,-0.11947172548243831,-0.04286649155668284,-0.03373612475763293,-0.1365117899157008,-0.0545839011274835,-0.030166681784088267
0.0,0.0,0.0,-0.018958868614081335,-0.006201419303855576,0.028743372033305625,-0.04610354921681645,-0.007628971716561662,0.05356421685222559,-0.0760009681247749,-0.003320752477234016,0.06907244953895471,-0.10536704036476825,0.000405251873774618,0.06984140733549865,-0.09219478427711497,1.3448687591084106e-18,0.02650968391897303,-0.11759939490364696,-0.009588973684997153,0.021883147859566028,-0.13778503260499622,-0.02177647327074579,0.018069749019943508,-0.15147604401388376,-0.05422945515332715,0.016598557281576193,-0.09256555425301424,1.2397022931836061e-18,-7.011143735758073e-19,-0.0995561159069357,-0.03248276207501413,0.004884771352772724,-0.07255233104008879,-0.03982918713405012,0.006809357177345238,-0.05692137584853367,-0.027323298420407014,0.0073870690923388315,-0.08633801481194975,-0.008982353993819713,-0.01669084071807126,-0.0997779378833829,-0.03812145153236375,-0.009531543243863797,-0.09131947632048489,-0.05441038854524212,-0.004298723798360811,-0.08465935455530413,-0.06502223504526253,-0.0002200292538573987,-0.0678913369702458,-0.019529709204598365,-0.033867403969507714,-0.09480637451985831,-0.027864235471440145,-0.035668015308649784,-0.12006542372023629,-0.04435237552371732,-0.03297565354313742,-0.1371730216599642,-0.05616034833170033,-0.029373603111230405
0.0,0.0,0.0,-0.018318846271132092,-0.005843824543261162,0.028938053185658695,-0.045891754928888154,-0.006406754447297594,0.0535737838328391,-0.07545157246179438,-0.0016391377313697232,0.0687313861105329,-0.1054788844381501,0.00207320769916627,0.06893490766403772,-0.09204775496857916,1.770597120914148e-18,0.026537979171069648,-0.11649468666624516,-0.009963581929125727,0.0209786076688787,-0.13632570292377358,-0.021616811928134128,0.016736994044362255,-0.15059603289795764,-0.05398862261791295,0.015013316011157431,-0.09180622287446653,2.4595171297100926e-18,-1.249561091434853e-18,-0.09732658683611464,-0.032961831004846676,0.005169344921171437,-0.06824144764844167,-0.0399805043119118,0.007450841572645978,-0.05127149953249706,-0.026057798118446482,0.0081696053780042,-0.08562012971687274,-0.008999864434405822,-0.016725636774331497,-0.09871266942972934,-0.03859662801959576,-0.008882988764471515,-0.09075936210822214,-0.056583336146873164,-0.0037294072240968163,-0.08560301372520199,-0.06784912751162472,0.00040231754466907017,-0.06694070907109115,-0.019419199047602705,-0.033764678247337275,-0.09421895845591272,-0.028173891076162704,-0.03542879875668555,-0.12024855319489808,-0.04590944715350519,-0.03201862558698845,-0.1376866212205748,-0.057761868935493205,-0.028585408351289646
0.0,0.0,0.0,-0.01782395478544896,-0.00557916931592403,0.029056610465148118,-0.04568230839790746,-0.005648886649809427,0.05354828046097555,-0.07464982557108027,-0.00045532151828885873,0.06828118603724995,-0.10508696555236985,0.0031198370215451314,0.06817557081346358,-0.09198028430429184,2.131951174223387e-18,0.026407157397937295,-0.1156092254411766,-0.009840893737588507,0.019869846432948673,-0.13537060266045736,-0.02116758899143093,0.015517553068494233,-0.15019665276594737,-0.05367827266584871,0.013750590972069961,-0.09115601702222142,2.8493151954472957e-18,-1.2562402303425144e-18,-0.09559804039489667,-0.033038384359619796,0.005610741648109688,-0.06488121544705172,-0.04009120282503001,0.008557203935857533,-0.046539880801724234,-0.025097232495928774,0.009386959822399451,-0.08500586469359893,-0.009095228415777503,-0.016589069563493694,-0.0976784324249714,-0.03908820072517678,-0.008031987991006063,-0.08972785766491306,-0.05817315043009394,-0.002770836442651075,-0.08532645686664295,-0.06994213738636021,0.001527645179062866,-0.06611302897800236,-0.019478464349920628,-0.03337277387053005,-0.09362250944442224,-0.02883637171554213,-0.03484495249365979,-0.12040676928597555,-0.04794187874017081,-0.030942250325387742,-0.13777463044450503,-0.05991284467521388,-0.027637321612147978
0.0,0.0,0.0,-0.017519513084828024,-0.005333840906491869,0.02910201792851242,-0.045600169901517655,-0.005128552267560753,0.0535577442380611,-0.07408852947230082,0.0002428825994236568,0.06796602044145678,-0.10446836297907,0.0036824714969692553,0.06760826037957432,-0.0918159259269323,3.0497289980244374e-18,0.026348249380486577,-0.11480782658793032,-0.009823293557385277,0.01923176684384481,-0.1345039319029098,-0.02084450294372458,0.014796940931467863,-0.1498068290257779,-0.05332168555043117,0.012924004130524686,-0.09047839047381984,4.203433569035458e-18,-1.0336102630441571e-18,-0.09412366445747829,-0.03344707017063728,0.005958147333355838,-0.06181171799803966,-0.0404431026046357,0.009158766496765794,-0.04223577773906555,-0.02431969012651683,0.010051833980523995,-0.08430322938026877,-0.009160411552847941,-0.016400200022838603,-0.09658412313951316,-0.03963717191084025,-0.007274139681728565,-0.08814785303481293,-0.059338182946426676,-0.001985854706138641,-0.08355010119010943,-0.07110203675862772,0.002664205232135521,-0.06528512392274757,-0.01962575112594032,-0.032989546130542814,-0.09314476853060885,-0.029351945256580032,-0.034457842298817286,-0.12047342426363461,-0.04924026396990363,-0.03012999231419331,-0.1378257637505875,-0.061401963930265695,-0.027045529793160578
0.0,0.0,0.0,-0.017154163492888626,-0.004846409884276558,0.029381406843855564,-0.04555034201023325,-0.003997278575078381,0.053602703203746174,-0.07358834734293271,0.0017881273967143994,0.06761348459235357,-0.10419524347659904,0.005493986827574708,0.06687166185473672,-0.09196145481421268,8.235966289363887e-19,0.02626957481511845,-0.11424302140326459,-0.009682396102599869,0.018661976573934973,-0.13383340810194572,-0.020673376824417795,0.014536653682402178,-0.14928961756314663,-0.05297182523933345,0.012822372903968834,-0.09015851451310697,7.423474408067731e-19,-1.15295632684295e-18,-0.09327903902015174,-0.0336604655696197,0.006210535308614941,-0.05976019177526605,-0.041212527884711164,0.009847649457781412,-0.03897417887926791,-0.02502933450400028,0.010821534907256895,-0.08398377747322498,-0.009313388749019786,-0.01617301653844741,-0.09620770693591146,-0.040175210751425716,-0.0067237233245669315,-0.08889362473150642,-0.06161342598834025,-0.001245292546473607,-0.08621906482912156,-0.07511080592269273,0.0035817763560094702,-0.06476509161756587,-0.019846541240220908,-0.0325321772502999,-0.09285451662281517,-0.030049588409909702,-0.033653734062430884,-0.12038557730067916,-0.051185461944107766,-0.02879475398532954,-0.13761287286982035,-0.06371042721069962,-0.02546539871536088
0.0,0.0,0.0,-0.016856407499245323,-0.004660778096312426,0.029486539748732485,-0.04567086310162815,-0.0032650709701822355,0.05326036625036776,-0.07323736033046424,0.0026037696689666942,0.06673767647600168,-0.10360571589205778,0.006142173388130718,0.06582869804623107,-0.09192163938518502,8.858507531625544e-19,0.02586601190429824,-0.11280429278858062,-0.00939285235170722,0.017953931837402064,-0.1325821363272966,-0.020732295802456058,0.014041112846663348,-0.14778104269208614,-0.05263686175931388,0.012378067422925292,-0.08949732631087948,9.172919714658824e-20,-8.771172053051404e-19,-0.09216355782452838,-0.033876884301615354,0.006091753736704883,-0.05772476121775012,-0.041962169686989154,0.010112482092998806,-0.036015528913644124,-0.025778860513574815,0.011595455033074981,-0.08292024993287511,-0.009381379313736775,-0.0157870314538789,-0.0951751185550459,-0.0406907947928139,-0.00661906081166868,-0.08899177877921616,-0.06335378328237921,-0.001188326151265667,-0.08792021095568917,-0.07869048681296616,0.0037065257938969317,-0.06336398174555588,-0.019924486735043077,-0.0317163777896796,-0.09150685618981252,-0.030530983735799107,-0.03283191508915387,-0.11923251095932502,-0.05240451210733303,-0.027511892853714887,-0.1363284743893034,-0.06527778849312492,-0.024433174880934105
0.0,0.0,0.0,-0.016587749064015733,-0.004490562957704972,0.029421820829391626,-0.04555546550395871,-0.003215418867754057,0.05347039328055697,-0.07350630659991964,0.00265544318554285,0.06706365645014384,-0.10444655288595428,0.005882536103603989,0.06608318712965609,-0.09192585897919091,1.990794011631006e-18,0.02616704403709958,-0.11281545824610385,-0.00960304995321809,0.017977295163874002,-0.13206258865036646,-0.020792840149340186,0.013822388444779576,-0.14715412158483726,-0.05294535085401113,0.011912082519161597,-0.08975062716715375,1.2800122238774176e-18,-5.512626748789052e-19,-0.09197774984877151,-0.033976595427403236,0.005611349288577902,-0.05695668778550357,-0.04141960088618066,0.00944329873170708,-0.034534406620901875,-0.024696801743459878,0.011148531492603954,-0.08336222028432039,-0.009219987150103841,-0.016356330374565277,-0.09576876833236167,-0.040487637072413984,-0.007260561874636631,-0.08999376725092695,-0.06321577317768406,-0.0020987889176248605,-0.08949137426815026,-0.07841912490787578,0.002951448055837749,-0.06377418860026786,-0.01953025819679772,-0.03241314899323943,-0.09216007376299407,-0.029991877754120724,-0.03380412798266226,-0.12010768376477018,-0.0515297748812565,-0.028744889153050124,-0.13744528980672732,-0.06382433447373614,-0.025564490993577767
0.0,0.0,0.0,-0.016514106138547494,-0.004327850655744182,0.029541804753753825,-0.04574802987743956,-0.0028480215236193268,0.053628777643064174,-0.07372858329024787,0.003192965876608868,0.06704665242948309,-0.10464621587567177,0.006508914383870834,0.0657494262151769,-0.09185258066027702,-4.709436311596037e-20,0.02625937592404352,-0.1126398494340841,-0.009380970274032892,0.017963217502045555,-0.13194380194477917,-0.02021987113571459,0.01376114834923705,-0.14750784071703005,-0.05189198926706642,0.011561745806693363,-0.08952172721977872,-2.8550166679535194e-19,-6.004418413790966e-19,-0.0919751458171977,-0.03419096124107007,0.00538036853820692,-0.05638638763511421,-0.04198018177490466,0.009161268587788336,-0.03332142012521756,-0.025021572954745913,0.011001904643304933,-0.08307576488918454,-0.009161979950039891,-0.016398360219399857,-0.09591516037106554,-0.0404373767623053,-0.007736543374555078,-0.09112540094125363,-0.06353959442188706,-0.0027237649033047874,-0.09198909004461611,-0.0792899585223003,0.0022513327441379396,-0.06358093659975744,-0.019417131012139995,-0.03265988274942076,-0.09224508200864438,-0.029584100443513874,-0.034244305744598934,-0.12058801298249978,-0.05099143282679813,-0.029195868438224443,-0.13814100365354437,-0.06292785801581129,-0.026015294717895585
0.0,0.0,0.0,-0.016497074086245737,-0.004058872443996077,0.029733897229217175,-0.04612459118765,-0.0022269287977110825,0.0535742211448762,-0.07394406275112303,0.004060683918411526,0.06671941951645907,-0.10478644346118404,0.007426786346270757,0.06509788099298298,-0.09213907510203032,5.765918033374456e-19,0.026117745434255664,-0.11240643839482828,-0.00907597802988755,0.01783553344443317,-0.13180257290425293,-0.019867360255197516,0.01402396316922757,-0.14742100811028874,-0.05114282281313577,0.011942284943385492,-0.08946200669282843,3.8266310357960945e-19,-3.398509784288277e-19,-0.09230601707105304,-0.03412139190355431,0.00514313854227888,-0.05648931367450627,-0.04262943575471753,0.008955184558442419,-0.03272867887401531,-0.026106545253038065,0.010926797830765656,-0.08281755891007687,-0.009255364859528816,-0.01612345106737411,-0.09615673920286984,-0.040414171347337435,-0.0080405486567378,-0.09267444898178168,-0.06421275345157292,-0.003093652559473332,-0.09520810588552447,-0.08127042864878307,0.0021429547659397173,-0.0632679408425944,-0.019561966278994362,-0.032254984977048456,-0.09213881086739714,-0.029764511741610756,-0.03391320983246689,-0.12054500681676236,-0.05141620416135245,-0.028726280670194185,-0.13790841910003176,-0.063438590172196,-0.02558311569954031
0.0,0.0,0.0,-0.01657470712147953,-0.0037542836427213217,0.029468984763639364,-0.046440331441268703,-0.0016522533546865427,0.053159217546657395,-0.07382256411441943,0.004812408133829039,0.06603496746839575,-0.10447831897464188,0.007942601579883718,0.06446312160673501,-0.09188978100993257,1.8954375603516442e-18,0.025859449077941972,-0.11139782110230317,-0.008682814599019737,0.017430308597063376,-0.13067984411326738,-0.019008038655179808,0.013905025294309644,-0.1467502711686514,-0.049893484560573687,0.011864666959514563,-0.08874959430097323,2.273072596596147e-18,8.201611467573397e-19,-0.09181046342844984,-0.0336999492985336,0.004993519605118025,-0.05636780626348088,-0.0424867120679422,0.008689302187212904,-0.0325772784617492,-0.02669418231934511,0.011159551442002237,-0.08196953997003228,-0.009215030864107361,-0.015826514994406946,-0.09552788183986408,-0.03995147764910904,-0.008284025719655792,-0.09366615055151391,-0.06435047766217361,-0.0039541198336426175,-0.09782638374668443,-0.08172525389217566,0.0012068106693143778,-0.06236155202650697,-0.019357871440910702,-0.03159313045490616,-0.0910255949481406,-0.02931454682448819,-0.033684899579089225,-0.11959379657357078,-0.05063941783616474,-0.028572579419448317,-0.13702923973197767,-0.0627106492824455,-0.025700745552809955
0.0,0.0,0.0,-0.01685312608923164,-0.003453908650189583,0.02942581180127552,-0.04666876488400595,-0.0012810323961694563,0.05292913571066376,-0.0741240697497548,0.005391916292013943,0.06571908485617986,-0.10454798753865062,0.008424417378066283,0.0638675963653473,-0.09181753978324006,2.145830049248567e-18,0.02569809082481275,-0.11122429060223683,-0.008350694237009668,0.017577753864972137,-0.13038797670274743,-0.0182797644623382,0.014435095579798891,-0.1466851629219576,-0.04853002709075327,0.012401196762595497,-0.08861498742069304,2.232098726703896e-18,7.610386931514367e-19,-0.09236302801614703,-0.03317781924285412,0.004817619697623149,-0.057515318963491734,-0.04221170789017671,0.008133026968958748,-0.03372846565833644,-0.02700780012025075,0.010589263772479058,-0.08184468567691477,-0.009243870353943983,-0.01548716631165226,-0.09586139810803651,-0.03926950552558131,-0.00858812056101834,-0.09543161318430074,-0.06381438961819516,-0.004477915544471148,-0.10074294556172309,-0.08147869576235611,0.0007745555799653823,-0.062439098291014364,-0.019365039893621747,-0.03123950049945389,-0.09095840789680663,-0.02884126319893503,-0.03344933095008972,-0.11933653876839051,-0.04975971112064745,-0.028547340775586273,-0.1368138661046927,-0.061587634884627825,-0.02572894730336656
0.0,0.0,0.0,-0.017240185302443492,-0.0033902969813074694,0.029196727149170036,-0.04688562431188617,-0.0011991977631620886,0.05248840736333138,-0.07438194987567226,0.005503117557936898,0.06521331839668193,-0.10448236955923232,0.008420842568696808,0.06305944948512247,-0.09146841674373339,2.6739840745325427e-19,0.025349719197268236,-0.1106352451249935,-0.008142149283204052,0.01764493887009726,-0.12981464128293774,-0.017773171035567817,0.014627428288430206,-0.14613491916644733,-0.04705117176054089,0.012467704502732092,-0.08829689186239487,6.446926219203214e-19,6.490827148712834e-19,-0.09299869816558823,-0.03219096666175523,0.004211921540809155,-0.05943075604894695,-0.041316003758152156,0.007129441361472274,-0.035985261231619575,-0.026609788580948965,0.009753346088969097,-0.08153186569730439,-0.009127058892592277,-0.015227091270597314,-0.09616584587146199,-0.03831148542346764,-0.009230650609106696,-0.09690131958212411,-0.06237601879924094,-0.0055617658397035434,-0.10295438256133874,-0.08016362434592525,-0.0004908981300165436,-0.062385245141106355,-0.018922046604604385,-0.0309920938499832,-0.0906900503174452,-0.027742928395048504,-0.03341598809559734,-0.11895194226791192,-0.04814666738333031,-0.029016277907265336,-0.13644176384447276,-0.059783013367058144,-0.02634563288661799
0.0,0.0,0.0,-0.017628170929749228,-0.003211206969470284,0.029024786683876033,-0.04731996011049376,-0.000914663485768929,0.052190278479324614,-0.07481422682138328,0.005888003237751271,0.06485333669594513,-0.1048784849828408,0.008336460008102474,0.06264177315791698,-0.09137410813855212,-2.455984089352291e-18,0.025035988716169178,-0.11021801163359514,-0.00778356025635976,0.017773210647216625,-0.1294762332181978,-0.016784056973200224,0.01495147233012055,-0.145884240686741,-0.04510943447903044,0.012803790557684876,-0.08799025715237371,-2.08916560211426e-18,1.9072935004183366e-18,-0.09393518875083676,-0.03073256903456674,0.0037525354028318534,-0.06265317074222504,-0.03974692248890672,0.005972621810263921,-0.04022376491466084,-0.02657893667125115,0.008828993106622208,-0.08119879017382434,-0.009061019176672049,-0.014992030069647545,-0.09665139198421271,-0.036680898300330625,-0.009977612831162271,-0.09949704329855996,-0.060165317709502106,-0.007209291537181556,-0.1070922295259642,-0.07788911097797524,-0.002335259140193648,-0.06225446045407884,-0.018496759581042743,-0.030492736905592198,-0.09025053590287482,-0.026730661921673508,-0.03315905560546238,-0.11807647135513799,-0.04589069309634684,-0.02913042233406185,-0.13542807017945355,-0.057198670138858904,-0.02691030414500649
0.0,0.0,0.0,-0.018279967435769623,-0.003152763703408023,0.02886868954854327,-0.048032309005023255,-0.0007697582626307814,0.05175662690956111,-0.07533749508165954,0.005962082238863068,0.06426491800568847,-0.10528885647617962,0.007812485051438551,0.061930896721033475,-0.09144093952139734,5.047364044374091e-19,0.02453672514407649,-0.10997532294936277,-0.0070739319247741265,0.017750732556025876,-0.12962515488575052,-0.015216262340195874,0.015232772013763,-0.1460319847758731,-0.04215638147660686,0.0130100767678973,-0.08770617676092374,3.9703094246015265e-19,7.69966696146256e-19,-0.09572736617689208,-0.02828713607391863,0.0030532724625388385,-0.0680038803691641,-0.0374637623342106,0.004296552388699134,-0.04720199563637184,-0.026486727371876795,0.007538082068967046,-0.08075640869503445,-0.008938917816342026,-0.014566660684141147,-0.09757273082934771,-0.03420470875333552,-0.010982859569083809,-0.10302400212093733,-0.05681694105994966,-0.009447903666130688,-0.1124171038082443,-0.07453399186055254,-0.004755648894041104,-0.06210361416686522,-0.017925342069475665,-0.02965299522557143,-0.0898870006871822,-0.025395206697837906,-0.03274207050460974,-0.11703647578985457,-0.04291382633688928,-0.029234572382731996,-0.1340005205973238,-0.0541814769705055,-0.027532825614161552
0.0,0.0,0.0,-0.01933939889354583,-0.0025763599568696307,0.028539652590727223,-0.04883791941150159,-6.314732456590602e-05,0.051465810497837335,-0.07605269850245927,0.0071000796770588,0.06390944614811142,-0.10533986844470158,0.007958757165204696,0.061528364513471406,-0.09132947347950554,8.996854727059283e-19,0.024052803026467125,-0.1097903842166135,-0.006255894032239844,0.018422419600768923,-0.12989982013912496,-0.013345581788014236,0.01663431873365783,-0.1464528755462557,-0.03838973038057745,0.014524336604789141,-0.08722175807733326,4.029173446391701e-19,1.1093856338284769e-18,-0.09838278952026538,-0.025459754921044717,0.0024154863502583706,-0.07538052583298481,-0.03465562065069722,0.0025536352820321124,-0.056965646175530196,-0.026692626342336677,0.005995856914725164,-0.08034792723700532,-0.00905314793120676,-0.01400047609131198,-0.0987922177855373,-0.0316357248283774,-0.012368975943992774,-0.10743674325952754,-0.0526205606306145,-0.012296466499913953,-0.11858106972622467,-0.06981907396387564,-0.00812783635543591,-0.0624333431553787,-0.01749255530163822,-0.028796878103299686,-0.08940280561886904,-0.02391472427895682,-0.03202736518174154,-0.11559177717923107,-0.03938385352223538,-0.029015217427884127,-0.13216938019679728,-0.050124970106292854,-0.027962994360462907
0.0,0.0,0.0,-0.02090717487298825,-0.002423992979834728,0.027829294148926858,-0.04943189321926453,-0.0007933317001325607,0.05104903676395066,-0.07641448497725577,0.005704489240590855,0.0640268054624841,-0.10508023699552643,0.005463473031488678,0.06211315267438104,-0.09073410347366977,1.7306114783689473e-18,0.023322457191008953,-0.1101305147076175,-0.0056183085934560775,0.01955863764019268,-0.13015985298189645,-0.01194068434359654,0.01823199009875829,-0.1464558910415333,-0.03489420248275362,0.016009638824044495,-0.08733567699991748,1.9940332549432396e-18,1.0045218014176506e-18,-0.10146186995189596,-0.022427040307510283,0.0019557102740243764,-0.08432500206381605,-0.031133512282669147,0.000625610895331535,-0.069103398052119,-0.02674014478546713,0.0035638516702515975,-0.08063836431124694,-0.008872493087120204,-0.01322339306315684,-0.10103379847437605,-0.02797641397500223,-0.013008965971414498,-0.11313039227364127,-0.04672178979830553,-0.013827459674429981,-0.12545918053629976,-0.06281089688318614,-0.010397119702646496,-0.06354296044103408,-0.016582741214322797,-0.028032554367409528,-0.08937281320175328,-0.021195559272630848,-0.03169284734362065,-0.11411403975663816,-0.033934119045059746,-0.0300912863251704,-0.13034426771420224,-0.04359509124373038,-0.029392466471284222
0.0,0.0,0.0,-0.022095740185470614,-0.0024664777896916397,0.026828857936821833,-0.04931457412406514,-0.000255458749833878,0.04986366430863666,-0.07438981282798546,0.005257097524473616,0.06339978202001756,-0.10157402999643451,0.0037491250824359494,0.061521367009675657,-0.08761742540866976,2.189256936648723e-18,0.021070811894750355,-0.1055274552427482,-0.0039993534372268595,0.01931983487836595,-0.1262386668633051,-0.006087417649073955,0.018521363873492878,-0.14450370313271538,-0.0229919010015167,0.016012849269415222,-0.08329549100587852,2.0764199487892314e-18,2.3501204720199957e-18,-0.10009413633247048,-0.01518556123227707,8.693161891816688e-05,-0.09224236469771116,-0.021622369890937673,-0.0023241923483951184,-0.08373519884357908,-0.01948825500339118,0.0010867717179655584,-0.07699020026720277,-0.007939759534788142,-0.01200798633576116,-0.09844597710545977,-0.019733762053563544,-0.013330610090632827,-0.1146169084480338,-0.0336292892489687,-0.016606914838732008,-0.12904906680603884,-0.0459196937502244,-0.013879713944919839,-0.06130209501724654,-0.01349350604677904,-0.02539858614930036,-0.08511595262104363,-0.014609566018484968,-0.03031867647549974,-0.1092305467481822,-0.0224690610876201,-0.029836502167844097,-0.12617203020588202,-0.030121740446311156,-0.030634367790370695
0.0,0.0,0.0,-0.02329175937618122,-0.002275141021967739,0.026948986028822203,-0.050185436651591406,-0.0016076055169913879,0.05142444541515103,-0.07566566304771788,0.003786235234838205,0.06641404724132213,-0.1033947811562029,0.0014213203936536238,0.06499767900371413,-0.09021035560141408,3.90192010013071e-18,0.021221904236271957,-0.10920079242545155,-0.003853785892752394,0.02226951351943709,-0.13051004898218344,-0.007579627132222542,0.022533777414857487,-0.14753868734302028,-0.025064076798269778,0.020597404080882415,-0.08616971014841383,3.380829544496077e-18,2.2292001777634853e-18,-0.10669939808637385,-0.014130424927616745,0.00032937908819127967,-0.10781051209699172,-0.02280093827593731,-0.0038788473734631445,-0.10684544294936071,-0.027067654106753783,-0.00215834930227461,-0.07988196834881742,-0.00859260879535946,-0.012310033157202046,-0.10264957888637613,-0.01976654823439506,-0.013464013056750181,-0.11975989192285491,-0.034976736747928255,-0.015963245061733276,-0.13368708307246308,-0.049369961272377826,-0.012884010578121581,-0.06391457864188221,-0.014328576857233901,-0.02593024225529216,-0.08701736650407516,-0.01653778786394637,-0.030418564446543856,-0.1100136190783365,-0.02498857115380332,-0.030832470005912268,-0.12674120078305146,-0.0333963848895458,-0.031161383071139474
0.0,0.0,0.0,-0.024313507845195852,-0.0020216468247860487,0.02648358114041867,-0.05082195982206657,-0.0018288771999658943,0.05085340816956778,-0.07591434022150753,0.003113054150956087,0.06607672756523339,-0.10338583710822424,6.231508568480155e-05,0.06493801454864279,-0.09052697810691412,2.5340481122668085e-18,0.020437923023394748,-0.10969037458255324,-0.0031271846456831015,0.02276950574435893,-0.13112820651135768,-0.005607432635542265,0.023878318806883,-0.14842766976050958,-0.02101325477257519,0.022055907736485865,-0.08631958231888831,2.1468949681328304e-18,1.5522350205275121e-18,-0.1091081817965026,-0.01106743960489443,0.0004994280124999825,-0.11539161253787408,-0.018420066281014922,-0.004192293868902824,-0.11875386927218551,-0.023610698346977644,-0.002543252916907227,-0.08029113258457436,-0.008372095002307588,-0.011826816161092655,-0.10403716478954453,-0.016783513371546276,-0.013358990681531771,-0.12317862508196425,-0.030000114784372818,-0.016360305448007664,-0.13840909365734821,-0.04327487582345654,-0.013615676631457317,-0.06466044155240362,-0.013537956134407664,-0.02514131153465901,-0.08700019214015622,-0.0144787657240824,-0.02987845500145834,-0.10930970636976298,-0.02103761615930423,-0.031189439225108626,-0.12625234142657343,-0.02863366186936834,-0.0319058357149843
0.0,0.0,0.0,-0.025661747170906062,-0.0016667162454875018,0.025619477708973767,-0.0517072102506297,-0.002149310947711732,0.04935138399450016,-0.07597432156227779,0.0019622437342348012,0.06451761276578857,-0.10310457838605305,-0.0018479007824455948,0.06406824880261142,-0.09091801488908675,2.03223351498774e-18,0.0190369088030935,-0.11028563577387182,-0.0017649998294474013,0.02273046152749674,-0.13186534367948757,-0.0016950700966208167,0.02503935007462773,-0.15005319988154234,-0.01346846157698479,0.02319664880565612,-0.0863749213197672,1.4781280980444257e-18,1.2426846432284743e-18,-0.11180408267541062,-0.006154210548728616,0.001105147410686123,-0.12427941693911028,-0.009977589448978152,-0.0038907683897753684,-0.13383127034570436,-0.01373639914414753,-0.0022049472131226737,-0.0809322110678621,-0.007798728619037703,-0.010987704365185771,-0.10570112219235515,-0.01189844866974132,-0.012760442790248055,-0.12746557638401002,-0.021445931036405713,-0.016469095387157788,-0.1449843204482158,-0.032046123300898406,-0.014376248262969151,-0.06574806986802281,-0.012152272481479615,-0.023758202703365684,-0.08712864813247072,-0.010722861892480463,-0.029056123867016476,-0.10877920318402037,-0.014235586402848784,-0.03172218026039437,-0.12642094986544516,-0.02014475643721743,-0.03302994719996395
0.0,0.0,0.0,-0.02637595778532557,-0.002159505459330354,0.025325890043884712,-0.052142235857971855,-0.003324488924064599,0.04921044796893177,-0.07637157288845164,-0.00028766866228640653,0.06442337696384583,-0.10323077516434659,-0.004699224112063201,0.06387536448623171,-0.0912977426638695,2.56029100693912e-18,0.018644894690398567,-0.11094771258637295,-0.001697242521241447,0.02364831851601989,-0.13285613131041973,-0.0014230420807525134,0.02653763002136802,-0.1507140767822172,-0.01190373582375118,0.025072106550731797,-0.08698784727608293,2.6676930120058548e-18,1.4243548683400052e-18,-0.11444818767272978,-0.003969060970828484,0.0015814373405619092,-0.1309040801767956,-0.0072132403841283915,-0.003026311343390187,-0.14366980300382837,-0.011895342348704646,-0.001312683800186123,-0.08144974964106463,-0.007666365321604543,-0.01096203378329959,-0.10724246934497345,-0.010240464217785291,-0.012656357055412279,-0.12985170452278036,-0.017982284454641433,-0.0163171190887236,-0.14849243217861482,-0.028417840919528113,-0.01478356994863188,-0.06618389287195159,-0.011479560955945156,-0.023666549947279337,-0.08730019143000414,-0.009259856516297587,-0.028851295304267333,-0.10837667316784905,-0.011626228849856689,-0.031978990475565086,-0.12610882779172033,-0.016835395393675304,-0.03355315547710531
0.0,0.0,0.0,-0.02659483688100766,-0.0018040961478479342,0.025372119112262125,-0.052077805976100344,-0.0036367684253181924,0.0494266681289019,-0.07601321054899823,-0.0008328456780877253,0.06490890924213794,-0.10242730638394162,-0.005982079697358784,0.06475044784467697,-0.09095706942287739,1.9104647782684752e-18,0.01859144454134489,-0.11142804671428366,-0.0018838151197398123,0.024769654828948783,-0.13362918551444505,-0.0028386667368193556,0.028279980882266124,-0.15114247609047932,-0.014773242161794316,0.027249177871095688,-0.08704765257356434,1.6749633415408138e-18,2.0357717966658186e-18,-0.11646198243618405,-0.004330881941273367,0.002030536072458963,-0.136335790525489,-0.009423580638053448,-0.002612906940687146,-0.15177912834400697,-0.0181716101146649,-0.0009774385521137277,-0.08155952462585248,-0.00812931139991094,-0.010846223720640254,-0.10823972006839924,-0.011324891305780379,-0.01261507851656728,-0.13215029986381333,-0.01997075378542589,-0.016415165627387318,-0.1513071681889876,-0.0320148841813022,-0.014919527341619988,-0.06653193095144086,-0.012468669958980522,-0.023495751332984427,-0.08738571049330474,-0.011166570964132923,-0.02873856082823769,-0.10770533102458774,-0.014317403590156359,-0.03255167272595201,-0.12573206454164848,-0.020346120082657487,-0.03406071498390706
0.0,0.0,0.0,-0.02649888250049446,-0.0021158292713317167,0.02556105444230218,-0.05164882477656163,-0.004512575352581721,0.0498413060517601,-0.07590101480785041,-0.0016213701165164714,0.06567060223115326,-0.10216054132162886,-0.007156197142191903,0.066197755829986,-0.09110819719280051,9.78459643725904e-19,0.018925198601801013,-0.1123370196504061,-0.0027007874510475605,0.02595909420745713,-0.1351084624271004,-0.0058746207535211314,0.03009308100366552,-0.15115853937746232,-0.020093329320404443,0.029557898092087795,-0.08786510696525468,7.719618708566861e-19,7.721918865158084e-19,-0.11894972750549082,-0.005275988144951535,0.0023133182306823256,-0.14129763660218408,-0.013314023125385634,-0.0019230220722347628,-0.15833970004007492,-0.025978040735457012,2.391643903448229e-05,-0.08199533867021094,-0.008680282340437814,-0.01125674525393073,-0.10981570412899676,-0.013379382371514604,-0.013156483298087652,-0.13371856064643972,-0.023165018252332546,-0.016141769820317276,-0.15283381469549728,-0.037649613801873455,-0.014701140172357298,-0.0669960150268393,-0.013706142249065897,-0.024171741038193827,-0.08777768363344052,-0.013430714070934097,-0.029006942035434444,-0.10750974316600304,-0.01768975676585588,-0.03325074031718714,-0.1254222203433463,-0.024496353427259837,-0.03425158932333419
0.0,0.0,0.0,-0.026899958671726676,-0.0020977304538105255,0.025178383860362308,-0.05183259143537393,-0.004715244159640533,0.04951866909747178,-0.07586676405394616,-0.002122609018068581,0.06548430242955484,-0.10180178945814805,-0.008023372650275593,0.06624414033950876,-0.09097099212026416,1.1698164603809293e-18,0.018412879589000418,-0.11244480499609535,-0.002155526359162786,0.026282117455557294,-0.13549472230382092,-0.0047766496556061,0.030776404057963856,-0.15175248835211985,-0.017956523465839994,0.03030485509794604,-0.08782831511429709,9.884395460061722e-19,-1.736948452349946e-19,-0.12008001197426624,-0.0036919280827256646,0.002438756420196527,-0.14515184460847214,-0.010990683297943258,-0.0020595086407408647,-0.16455907425138422,-0.024161911769518662,-0.00021217116673549708,-0.0821177992786091,-0.008531023698481553,-0.011085624569745739,-0.11044768447948364,-0.011955256356682653,-0.013171164731394965,-0.13531052893953593,-0.02045483223522848,-0.016453937316361182,-0.1551632326685498,-0.03429902739794576,-0.015344146845701474,-0.06729347288982307,-0.01336819341869155,-0.02392935568442383,-0.0877976684454019,-0.012403583022147623,-0.02886348417498458,-0.10721997118654336,-0.015677069315088263,-0.0336889343430605,-0.1255105896944659,-0.022014426191843864,-0.03484674891058284
0.0,0.0,0.0,-0.02715251749242693,-0.002348167134174611,0.025159617525183753,-0.051895606836196456,-0.005552161924187332,0.049622789323999036,-0.07609961983680824,-0.0032474802923953697,0.06567316593569239,-0.10193093447567211,-0.009510733826501652,0.06671634862214154,-0.09136898674925009,1.2280946921645398e-18,0.018444242877823876,-0.11327026507323401,-0.0024583526263443154,0.026950689330848147,-0.13640196718138536,-0.005803431837622955,0.031740651232646404,-0.15205712430031765,-0.01967407215748667,0.03150277099877632,-0.08847825754132345,8.281912234745571e-19,1.3505234208520918e-19,-0.12180974493437993,-0.0036716524508270945,0.0025730602731615032,-0.14872980103089173,-0.011951972797754132,-0.0017566548399308535,-0.1696509606470821,-0.02700290622807224,0.00018124956773922095,-0.08250963216374654,-0.008718018950994978,-0.0112590024983193,-0.11153897064087416,-0.012360558646787936,-0.013307512424272807,-0.13670655396050602,-0.020969697071934183,-0.01647497080005502,-0.1566824256990531,-0.03559585942601003,-0.015379367573881857,-0.06769113254567037,-0.013778454201876376,-0.02416998121016807,-0.0881792982162867,-0.013077806512659496,-0.02903637521667381,-0.10712978300478718,-0.016626044958354163,-0.03405116831411474,-0.1254926565913111,-0.02325746738754077,-0.035118723707781914
0.0,0.0,0.0,-0.02727174335098082,-0.003144174783853964,0.025776089735666516,-0.051801107433314265,-0.0068490432695910404,0.050475265240407616,-0.07682913779664388,-0.004624170556745877,0.06646859043003472,-0.10245185130541969,-0.010789609184669549,0.06795717865206585,-0.09263423871632526,6.034003753956939e-19,0.019166024470616966,-0.11523030352442101,-0.003713538576488232,0.028000049855535065,-0.13852297868549193,-0.009468482846809909,0.033014420760560534,-0.1525618289706478,-0.02593718947851325,0.03311650422949973,-0.09034597708718334,5.520618072398457e-19,2.342501106558406e-19,-0.12477365193755655,-0.00544928035436195,0.0025116472077840253,-0.1526027350079,-0.017135200319932646,-0.0012453398432097722,-0.17389603134999554,-0.035676821332438644,0.0009615105035964445,-0.08359169412350058,-0.00941855513718536,-0.011981369156489449,-0.11363470333822734,-0.015185461140346355,-0.014041107745545808,-0.13813236261670903,-0.02556822773521153,-0.01636899124052247,-0.15738776273658187,-0.04290085811062333,-0.015033779664664258,-0.06850390319773839,-0.015230858459148556,-0.02522196309403925,-0.08927335523474231,-0.01592513090710257,-0.029791709708911027,-0.10766199131621104,-0.021153616961071247,-0.034730586084916235,-0.1257396019230876,-0.029049398086599898,-0.035328228317192
0.0,0.0,0.0,-0.02750922857894178,-0.003434957979208992,0.02594253630437482,-0.05205647090319501,-0.008009292500585234,0.05074094365045209,-0.07776264238955978,-0.006128147305664539,0.06652034684279903,-0.10354526661918222,-0.012275894014696136,0.0681472525394857,-0.0936034192131722,9.095804252217315e-19,0.01961055764263884,-0.11676968129490994,-0.004399629955542189,0.028565848360933985,-0.14016364077704485,-0.011102012277440062,0.033583026564707734,-0.15351652865008808,-0.02854148609867738,0.03385423731287708,-0.09170117926119724,6.500581787765797e-19,8.352680338738895e-19,-0.1270415744494467,-0.006096747507519091,0.0023114940718663127,-0.15581218832463567,-0.01889848048456607,-0.0011863478104987635,-0.17807789904064308,-0.03892554236380368,0.0009990141927166166,-0.08461428247853967,-0.009685815587082617,-0.012576968741918212,-0.11532372926723192,-0.01611978127318678,-0.014804926526487844,-0.13968848096749797,-0.026852193614855503,-0.016806666620221747,-0.15869568476109575,-0.045034809223662146,-0.015404819371761448,-0.0694926391581756,-0.01586060042910786,-0.026149659440879915,-0.09027722511702001,-0.016951174447043967,-0.03053427092196788,-0.108362831516719,-0.022470056095499954,-0.03557091577928935,-0.12644359184263865,-0.030652042970916907,-0.03588164031884115
0.0,0.0,0.0,-0.02804533184133444,-0.0035334732809277885,0.02594366326869298,-0.05265007493111074,-0.00883987099103552,0.0506928878682269,-0.07823153960879362,-0.007704959957393301,0.06681567001288813,-0.10423080124068995,-0.013862769668073267,0.06796614909188373,-0.0945757611036428,4.0163590862618848e-19,0.019913872753381644,-0.1178635259853498,-0.00461123515737181,0.02874470609671262,-0.14081384555646265,-0.01182528179159111,0.03359932546705116,-0.15456716310996219,-0.03016675351764783,0.03402478231449364,-0.09237607496853475,1.531239637731462e-18,1.284196025501915e-19,-0.1283900058035536,-0.006567863409536326,0.002291944726820744,-0.15806740287623244,-0.020079912224851327,-0.001348817432093584,-0.18088673454712634,-0.04212155474602365,0.0005369614497868564,-0.08518122965848637,-0.009745810318259236,-0.01256745616061633,-0.11590500153662381,-0.016648326983224892,-0.014746403553354272,-0.1408914084222349,-0.02868838665871225,-0.01731288053571019,-0.1597773450552772,-0.04769313449285725,-0.01584842426809927,-0.0697114518694602,-0.01583736761381427,-0.025978492281764694,-0.0904080424945735,-0.017741089593395896,-0.030681860861123567,-0.10831261303383699,-0.02406845830993976,-0.03573048807020208,-0.12634357383412892,-0.03327776911819333,-0.03666610992320356
0.0,0.0,0.0,-0.02865498689558206,-0.004004569806267891,0.025889568809601395,-0.0533636848722209,-0.00996751642234215,0.05030025559218963,-0.07897255436666042,-0.00944637921143834,0.06607464121227263,-0.10537838635283561,-0.015279912519113805,0.0670200912685161,-0.09505272106763499,1.6057483818788877e-19,0.020077129748917955,-0.1187397364382407,-0.004713428968454317,0.028735922693832596,-0.1418930864847234,-0.011360432773024069,0.03299351805668665,-0.15620096880074255,-0.029692978996512,0.03313531091768967,-0.09288160656245399,6.518108686748994e-19,-1.4537603886034452e-18,-0.12954837583445095,-0.0060774644570891065,0.0018286256521867345,-0.1601887982572611,-0.01919056263227055,-0.0020625983248624366,-0.18435273956525344,-0.04111418977301597,-0.0008724477510823359,-0.08574466246016756,-0.009613329507951913,-0.012750036500812332,-0.1169459693115652,-0.015875703164176264,-0.015310333471265924,-0.14253668233964892,-0.02777889396156577,-0.018495335684848072,-0.16205069026280608,-0.04596771979419453,-0.017692042682080987,-0.0703830493560389,-0.015664465600215886,-0.026178293164119827,-0.09091549486656561,-0.017390234803833525,-0.031310927146218366,-0.10899363845654642,-0.023472840366983286,-0.03640739624200243,-0.1270733078472194,-0.03258538928510952,-0.03766086748643756
0.0,0.0,0.0,-0.028799992534448322,-0.004063062223075366,0.02594965694280346,-0.053716554018565815,-0.010592581830076043,0.05013756188385941,-0.07987246861150811,-0.010202405218939337,0.06586403360792305,-0.10663629762409613,-0.015551123512231622,0.06680804669613685,-0.09595429949611996,7.154293830896689e-20,0.020478470468647904,-0.1200332492073791,-0.005171716526999921,0.028722787151237265,-0.1431244583360289,-0.012084721507827984,0.032807721172063785,-0.15745795872659057,-0.03123860341900197,0.03301038141688804,-0.09381125657487525,4.922415105419006e-19,-2.7250502328294235e-18,-0.13108555272637823,-0.006487763970737926,0.0015171126725535707,-0.16212915583263302,-0.020037650963801133,-0.0025078631129429258,-0.18683576015452008,-0.042564076003530696,-0.0013393069246234418,-0.08656554210479986,-0.009636844145125723,-0.013190944031037957,-0.11804130686308975,-0.016251024286319603,-0.015918900853321392,-0.14362305018396715,-0.028598108634709594,-0.01926608045234004,-0.16315819077514201,-0.047099617698981154,-0.018505232736163828,-0.07099655596994432,-0.015873730250145435,-0.026757638019174624,-0.09161680393274974,-0.018014713387640116,-0.03186585854778573,-0.10962304805501147,-0.024424561482782565,-0.036914075453182524,-0.12752053189142235,-0.033714324996933304,-0.03827123729284391
0.0,0.0,0.0,-0.029155749435129823,-0.003896942844167128,0.025688126272255432,-0.054170463346620484,-0.010761914284119812,0.04984369559575111,-0.08056207506654631,-0.010346714719167902,0.06583594336714882,-0.10747439698388939,-0.015571832987869759,0.0667304071723571,-0.09658327020726723,8.246154299240525e-19,0.020527767738454855,-0.12080218010133119,-0.005381634524311033,0.028665688342049363,-0.14386725724045224,-0.012174249935753343,0.032678855530053785,-0.15829909887298743,-0.031136147905777227,0.03281323125561505,-0.09437796453649,7.903716825166722e-19,-1.112712841335494e-18,-0.13174406231984198,-0.006565754341986626,0.0015139968205233052,-0.1632924046328051,-0.019612325376836597,-0.002541287530542032,-0.1882898339329251,-0.041808388607917024,-0.0017189921267278302,-0.08706195827775934,-0.009557027108752404,-0.013292583081393257,-0.11864809139257294,-0.0159177311499385,-0.016101422584353917,-0.14424576189919153,-0.027859397415473643,-0.01948136790975688,-0.1637548467343824,-0.04583319795007616,-0.01903308068034707,-0.07152383710111451,-0.01567596097205102,-0.026803570015385803,-0.09217258800619522,-0.01771300450977453,-0.03200136786975046,-0.11011006007854005,-0.023703158568389032,-0.03723255676960931,-0.12798563373913693,-0.033002864920853026,-0.0388431371048251
