x0,y0,z0,x1,y1,z1,x2,y2,z2,x3,y3,z3,x4,y4,z4,x5,y5,z5,x6,y6,z6,x7,y7,z7,x8,y8,z8,x9,y9,z9,x10,y10,z10,x11,y11,z11,x12,y12,z12,x13,y13,z13,x14,y14,z14,x15,y15,z15,x16,y16,z16,x17,y17,z17,x18,y18,z18,x19,y19,z19,x20,y20,z20
0.0,0.0,0.0,-0.027209910501016964,-0.005947266891043947,0.02684580627451663,-0.050859968006321025,-0.012756071369143748,0.049971157299219325,-0.07617525483869507,-0.014889141713525657,0.06645152314102501,-0.09900896249248885,-0.013780428656272497,0.07943164451557834,-0.09837505352566335,-2.5602095627366276e-18,0.022336694684796377,-0.12941552822715283,-0.003413131749947604,0.02904074761949641,-0.1507000037424844,-0.007202877529924048,0.033620895925158885,-0.1682380778992991,-0.027993260795082412,0.03585918573694154,-0.0997508117117648,1.2405897768649996e-19,3.5387700892985976e-19,-0.13877732950144303,-0.004247720762429386,0.0022717207731968343,-0.16484166748580456,-0.014798199125457854,-0.0011433895521444529,-0.18899128656362033,-0.025998218275696986,0.002297890214847404,-0.09474359003112505,-0.009424880090157562,-0.01542115681430475,-0.12840338160714015,-0.015356504219718839,-0.018167578907958355,-0.15190884705470725,-0.026114943150744984,-0.01887123618412305,-0.1735519053464725,-0.037010058990552964,-0.015539567240709623,-0.07988630504932848,-0.019730762150843892,-0.029995950250449478,-0.10322928727189867,-0.021167305718014374,-0.034350040552743065,-0.12395812547763334,-0.02582911075173979,-0.03680086354286923,-0.14461871027978987,-0.03273443205807257,-0.03505863582849937
0.0,0.0,0.0,-0.02733552627084393,-0.006036910868723644,0.026661260283832568,-0.0506828946328415,-0.01247603448545217,0.04977897985657084,-0.07593194538508967,-0.014348712677703225,0.06649987380457902,-0.09854998175472532,-0.01292789685143164,0.07977099530141762,-0.09815495535345792,-2.2935128148936152e-18,0.022090932388951646,-0.1292168454735265,-0.0033098359832972176,0.02908557256608698,-0.1505411579644035,-0.007371734155294974,0.03387260320115871,-0.16801355954045988,-0.028236678277610724,0.0362510822975444,-0.09966438695301238,-4.395114708997923e-18,-2.6580935992673164e-19,-0.1387721421441126,-0.004150481182029551,0.002422829962851716,-0.1647269659403276,-0.014967387387336236,-0.0009440743754934201,-0.1890011473333063,-0.026208652459862734,0.0024204322807679928,-0.09466824597089507,-0.009448506659394906,-0.015227817401914161,-0.1282969872149425,-0.015371130943281722,-0.01806424107209341,-0.15193176264935876,-0.02603797453165323,-0.018663538327231895,-0.17364947700237077,-0.03716669447165528,-0.015369629189872435,-0.079879322882203,-0.019761214737373894,-0.029727938566728347,-0.10321837394120528,-0.02102769452561849,-0.034141993837253345,-0.12388906122375085,-0.02569774765191208,-0.03652479392586544,-0.14457165855577478,-0.03294052938880196,-0.034840534744973874
0.0,0.0,0.0,-0.027434043922945933,-0.006127213561418809,0.026503595333574423,-0.050515155264927794,-0.012237241723603732,0.049627759439166384,-0.07572477089725178,-0.013858539584475287,0.06652400429641259,-0.09815150395333448,-0.012170080185511401,0.07999458791604305,-0.09795397163669742,4.493440162004088e-18,0.02188395030800918,-0.12904719079479865,-0.0032175807719969692,0.029134415887413587,-0.1503976502586937,-0.007519124228886371,0.03409216202047038,-0.16780280709903944,-0.028443111736804378,0.03659462449532726,-0.09958099245552779,5.7708987657372906e-18,-3.281147755266868e-19,-0.13876956243329278,-0.004086742344585214,0.002557196314777386,-0.16461542251168085,-0.015129560415853534,-0.0007910113323841636,-0.188985797407369,-0.026416112108431335,0.002502324008285109,-0.09457849942233809,-0.00947036950774765,-0.015070117119934322,-0.12819957609561522,-0.015421202618518507,-0.017979585932819814,-0.15195505211566385,-0.026030821059676145,-0.01850693770733026,-0.1737212476534132,-0.03734202522225819,-0.015242345743010506,-0.07985132621317365,-0.019790851112363558,-0.02950371293083839,-0.10319269958884197,-0.020917760473862238,-0.033956088438692855,-0.1238216105965118,-0.025599646772521297,-0.03630065342229027,-0.14451479407267023,-0.03313512202717456,-0.03465452993211199
0.0,0.0,0.0,-0.027490220300087593,-0.006223400817808569,0.02638516411083701,-0.050374563555263686,-0.012067810193137053,0.04953651999574021,-0.07557967283113023,-0.013437295771478315,0.06652984282661423,-0.09787301126155135,-0.011542706071714336,0.08008345199189193,-0.09778444017450579,1.3082080552850439e-17,0.021736843699447752,-0.12891565633080865,-0.0031623900054450174,0.029180652750031857,-0.15027037157343298,-0.007661665809795164,0.03425139623116368,-0.16760241498642106,-0.028626282929095498,0.03683627940362034,-0.09950208534435413,1.2230272173495777e-17,2.9773608740135954e-20,-0.13876110639158257,-0.004086534452516089,0.0026590846440494482,-0.16449644062884186,-0.015304205431519892,-0.0007202095527273602,-0.18892226379310928,-0.026650052098318992,0.0025086745006217786,-0.09446575593439625,-0.009487845296287172,-0.014971331290380684,-0.12810379054745064,-0.015526851806379588,-0.017930781974296747,-0.15196201995031455,-0.026141862343153223,-0.018440895154168906,-0.17373945145394276,-0.037574703030545,-0.015197448168605528,-0.07978444306232828,-0.01981341115699401,-0.029360403123527248,-0.10313464812106941,-0.020848283157781554,-0.03381670526452435,-0.12374411502470019,-0.025550695060750958,-0.036165490993284415,-0.14442852665498349,-0.03331551111112207,-0.03452916645599806
0.0,0.0,0.0,-0.027507119940478067,-0.006329262531869983,0.026297778016239653,-0.05027703442736234,-0.011973544944033396,0.049492544432801724,-0.07549411193053622,-0.013073901610956774,0.06654072911798929,-0.09773287939099337,-0.011020301613087423,0.08011371851685054,-0.09765682461133347,-4.989126789997153e-18,0.021644304624257663,-0.1288136732989136,-0.0031721720626563185,0.029208056557341818,-0.1501504048516663,-0.00784189489545153,0.034335098695307285,-0.16740451022578084,-0.02883192459825835,0.03693688139327337,-0.09943362414076164,-6.953769094323963e-18,3.800423987767794e-19,-0.1387351506820769,-0.004166108389365688,0.002722816295556557,-0.16435432350569049,-0.01552227720261529,-0.0007473302195513467,-0.1888018626472174,-0.026947850663025966,0.0024192658202194517,-0.09434042984908497,-0.00949787589364105,-0.014932749834356343,-0.12799670875427654,-0.01568802151533322,-0.01792576451938683,-0.15192786972024383,-0.0263774856617714,-0.018481397239972202,-0.17368638715701612,-0.03789539806256823,-0.015258927784042683,-0.07967869039738706,-0.019819662992285214,-0.02931216025612742,-0.10303682021729679,-0.020808558108583418,-0.03373965155974088,-0.12364468264402305,-0.025542328056029205,-0.036130503931236055,-0.14430180521526698,-0.03347315871641978,-0.0344827121980548
0.0,0.0,0.0,-0.027504488193646696,-0.006447153865190559,0.026218729096597945,-0.05022651395116021,-0.011944170405430532,0.04946572687202186,-0.07544110981354807,-0.012753492910472695,0.06658087958241977,-0.09770562472681343,-0.01056542055772923,0.08021193033136517,-0.09758318938413073,5.622814623521371e-18,0.021580782298310446,-0.12873179416817263,-0.0032530167051541587,0.029201067117470295,-0.15003591342396136,-0.008086936303663533,0.03434525079915735,-0.16721467619286978,-0.0290838906605654,0.036889684167486975,-0.09938883778400054,3.905790408464433e-18,-2.058535457276173e-18,-0.1386927999564462,-0.004315335952131746,0.0027530530137819136,-0.16418556669717138,-0.015788829202379184,-0.0008683876128755554,-0.18864106880272472,-0.027306571212194777,0.0022318014236217144,-0.09423195253588285,-0.009498975968529865,-0.014934611233628513,-0.127878593897018,-0.015882904808226607,-0.017961220926866302,-0.15184365131073063,-0.026691265143064188,-0.01861951361037926,-0.17356474459415266,-0.03828122477990807,-0.01542923194504072,-0.07955820451558307,-0.019802292086523905,-0.029340064960233832,-0.10291454300402302,-0.020771093397271324,-0.033721540082276624,-0.12353048215397036,-0.025539326397239784,-0.03618238681823594,-0.1441487240264298,-0.033572434536685604,-0.03451773809540983
0.0,0.0,0.0,-0.027510287097952463,-0.0065807228091105075,0.026122152101228185,-0.050220766197581895,-0.011965319840963195,0.04942727061727651,-0.07539764814367404,-0.012469888511698128,0.0666669226700504,-0.09776634120897122,-0.010163034492979374,0.08049727691621308,-0.09757369401097742,7.009102115680973e-18,0.021516145301959062,-0.12867151001951913,-0.003381728692284028,0.029151334823441996,-0.1499402893375505,-0.008382300910447761,0.03429433510803483,-0.16705417466393147,-0.029354555155136068,0.03671363491108437,-0.09938209822763865,7.276399538442124e-18,2.0397226393560374e-19,-0.13865148177510264,-0.004494790513815523,0.0027561739134800735,-0.1640047861625601,-0.016063859599221627,-0.0010676542562915727,-0.1884804709789437,-0.02766384289292852,0.001958705923192607,-0.09417138082863136,-0.009491080742019493,-0.014948724595655043,-0.127764894101351,-0.016068184973333413,-0.018028184309496854,-0.15172743451547338,-0.026991190326185813,-0.01883063589898576,-0.17340022409616546,-0.038639769545042404,-0.015695133036848614,-0.0794587373466425,-0.019756156997642632,-0.029401153422556545,-0.10280033395048288,-0.020698345490438738,-0.03374398569689916,-0.12342667872715968,-0.02548604135641845,-0.03629487885128274,-0.1440006963969176,-0.033554711143485634,-0.03462174060901335
0.0,0.0,0.0,-0.027546034983551855,-0.006728880236459037,0.02599267304250312,-0.05025554070392584,-0.012017094351469273,0.049365967167078126,-0.07536138796908376,-0.01221474897759992,0.06681140643467634,-0.09791784384121581,-0.009812910574613717,0.08104153342751717,-0.09762769596287121,5.459417851678802e-18,0.021432251955049535,-0.12863774415530188,-0.003523430292060587,0.029060670056706362,-0.14987663104861196,-0.008686292325864844,0.03420120502503677,-0.16693995681777768,-0.02959499273622369,0.036443891501462745,-0.0994189040946134,5.8153534772834154e-18,-2.3347066943245167e-19,-0.13863005217710997,-0.004659014526033307,0.00273899459384619,-0.16383440032474667,-0.016297483476641058,-0.0013171059335434366,-0.1883613047785767,-0.027949872726139472,0.001631817571224356,-0.09417364037523467,-0.009476007768258153,-0.014954565999711286,-0.12767275851373122,-0.01620066382361069,-0.01811618825172032,-0.15161154569956334,-0.02719224150632204,-0.019081889222017267,-0.1732285047349767,-0.03887434927659096,-0.016025902043231365,-0.07940976113980579,-0.01968179857246243,-0.02945234786679811,-0.10272472638563317,-0.020564886718091306,-0.03378640194023466,-0.12335727939823586,-0.025343334292408336,-0.03643867631377323,-0.143883526800115,-0.03339151543723506,-0.03476940642165238
0.0,0.0,0.0,-0.02761419738772774,-0.0068754564334203945,0.025841601102855685,-0.050318814006644,-0.012072024591992466,0.049300396076989626,-0.07534328551578548,-0.01199104561280289,0.06702381513299012,-0.09816952477852649,-0.009545206087782962,0.08182457183915659,-0.09772896695363664,-6.128475381270204e-18,0.021334747817249547,-0.12862642157369406,-0.0036507899093941305,0.028945975540012762,-0.14984146873588786,-0.00895325736743206,0.03409516205576202,-0.1668696062969285,-0.02977915714676005,0.036137340559139,-0.0994920720187742,-6.667678988796801e-18,5.245323458305955e-19,-0.1386344047750505,-0.004781076212994073,0.002710839563175028,-0.16369895315027466,-0.016473695459244295,-0.0015697389638127173,-0.18830289258496888,-0.02814946321582679,0.001312358215926489,-0.09423464537088344,-0.009461189703352933,-0.014947524420941907,-0.12761341170135257,-0.016265089150218,-0.018212593652762996,-0.1515265895235727,-0.02727664830015532,-0.019331445861329618,-0.173080829417111,-0.0389737184244765,-0.016362023830978605,-0.07942620581095113,-0.019595832281748275,-0.029471417015458398,-0.10270226693436381,-0.02038697868784823,-0.03383301221510679,-0.12333260239021064,-0.02513520174443319,-0.03658313630764279,-0.14380757526495475,-0.0331433423512086,-0.034924498113036724
0.0,0.0,0.0,-0.027695514088950674,-0.006986201549197052,0.025715259166154362,-0.05038816850969738,-0.012117228467644464,0.04927110185689834,-0.07535360144275428,-0.011879561317968933,0.06727687095969241,-0.09849842334219491,-0.009498495651988044,0.08264611240726372,-0.0978477353083513,-2.044316801763649e-18,0.021255729312133487,-0.12862421190075213,-0.003740971585107118,0.028840832671831337,-0.1498184248806592,-0.00912791159632161,0.03401438141340699,-0.16683985269094934,-0.02989512872295433,0.03587651431676615,-0.09958172458859026,-2.9395232531150086e-18,1.0544376490252672e-18,-0.13865768342091286,-0.00484005208517508,0.0026800731182486087,-0.1636319045547948,-0.016590462181510335,-0.0017630280262477395,-0.18831302044592763,-0.028282740608365154,0.001083564332279408,-0.0943407068822145,-0.00945948728355023,-0.014933264825575599,-0.12759676072495338,-0.016267570806994078,-0.018297690151289084,-0.15150108064354534,-0.027285470105120984,-0.01952362997160604,-0.1729929785940002,-0.03900988483893175,-0.016612872059614443,-0.07951044439212294,-0.019532816408902434,-0.02945610175904353,-0.10273150241617152,-0.020225037049210925,-0.033868880205283156,-0.1233573295637055,-0.024949332875073147,-0.03669100791420938,-0.14378137287631126,-0.032950017971957846,-0.03504366137524616
0.0,0.0,0.0,-0.02775776335284274,-0.007013703804426951,0.025679582155209876,-0.05044402589083361,-0.012178056590916362,0.0493006205405985,-0.07539830967455877,-0.012086327027252854,0.06743058319329653,-0.09882142331472636,-0.009966176359309761,0.08301127762751045,-0.09795387155926939,2.4432424698972707e-18,0.021243553374123085,-0.1286182609968969,-0.0037552485760326266,0.028781186938239462,-0.14979573299412294,-0.009114787199738544,0.03398394535291268,-0.16688529371988609,-0.029870970135845776,0.035744924508525795,-0.09965716206047677,2.6621442938188777e-18,1.3591248671209743e-19,-0.138687456068143,-0.004782562552264226,0.002645510253339009,-0.16367432064270365,-0.016582542041759307,-0.0018422563485889572,-0.1884183043375339,-0.028301357491286643,0.0010140415310841912,-0.09448046839495686,-0.00947962696613699,-0.014916249123081824,-0.12763366712317442,-0.016194908730581326,-0.018341371722525028,-0.15156524722499554,-0.02722906811820471,-0.019590678393156032,-0.17302749820212665,-0.03901499090143453,-0.016680864866443164,-0.07965477392318523,-0.019528471771833356,-0.029405775591775665,-0.10280148072835134,-0.02014036654076189,-0.03387479101181525,-0.12344819824002677,-0.024860958089731138,-0.03671900769706135,-0.1438336707249065,-0.032921155551250046,-0.035086678320902585
0.0,0.0,0.0,-0.027773552942957812,-0.0069087111589185716,0.025786074318138,-0.05049255170145391,-0.012317964853921571,0.049345014313899524,-0.07549544468691476,-0.01292824682603922,0.06716818325783007,-0.09898929071630067,-0.011379701828161084,0.08207032647817238,-0.09804917241862764,-6.183115763381563e-18,0.021344701137432847,-0.12861721286420144,-0.0036253548971043343,0.028785579698028953,-0.1497919666308154,-0.00875578708987044,0.03399167634901712,-0.16710513981671815,-0.029497510417927798,0.03579177448221546,-0.0996963088804622,-6.800852561925151e-18,-1.0529983582200653e-18,-0.13872006926464397,-0.0044979495363195185,0.002586123736728534,-0.1638687063409877,-0.01625718506572987,-0.0017876405765147063,-0.18868438529024656,-0.027983411100103692,0.0011171078363243845,-0.094661010886181,-0.009512731173650025,-0.014895817463176494,-0.12773698556697033,-0.015978616286984198,-0.018312663558370825,-0.1517578398991568,-0.02698686353557368,-0.019470929582156352,-0.1732818794568072,-0.03883052606453236,-0.016506597571823392,-0.07984755065418404,-0.019590763719937586,-0.02930970994826853,-0.10290172717330055,-0.02012928649276273,-0.03382838629130171,-0.12364502262785228,-0.02482370593770452,-0.03662886236141716,-0.1440251053216196,-0.03299318329698148,-0.03502626992338716
0.0,0.0,0.0,-0.027733022450694488,-0.006644416052995537,0.0260461093065647,-0.05058055936569572,-0.012627011422877709,0.04927970533546936,-0.07571391836249243,-0.014771525373210135,0.06602025797549328,-0.09882473850279004,-0.014252306105305442,0.0787129130994959,-0.09819461164355968,-7.189934133958594e-18,0.021591538176283648,-0.12867231437230292,-0.0032796782976196536,0.028852269037571706,-0.14987042521627086,-0.00788405751423281,0.03398583412680938,-0.1676346347669924,-0.02847680200351791,0.03601748332426442,-0.09971355460763101,-1.0691252225840475e-17,-1.2952426855678151e-19,-0.13877038245550416,-0.0038572565538105667,0.0024545066356366934,-0.16423913474973897,-0.01535210709141847,-0.0016354655054751587,-0.18918350314923943,-0.02699547631507433,0.0013211633845399977,-0.09490878162430556,-0.00952588900283692,-0.014873759787255332,-0.12791166964533957,-0.015523641753514294,-0.018204587512612457,-0.15211093926820704,-0.026328696903853296,-0.01914827086494317,-0.17383694408104275,-0.0381192353248262,-0.01611906158875469,-0.08006369092831493,-0.01967726763461067,-0.029158192563660246,-0.10301015458683836,-0.02009784265390227,-0.03371189705863322,-0.12398077824908374,-0.02464246205005975,-0.03640869537351578,-0.14440948244654345,-0.03289964816896661,-0.034860548215662396
0.0,0.0,0.0,-0.027647826087936735,-0.006249690709778458,0.026425486688518237,-0.050789592529692756,-0.013195580476408342,0.04893053894079459,-0.0761937020716893,-0.017879236687557268,0.06350999374974725,-0.09817157573320855,-0.018992048401720942,0.07190465070262864,-0.09850027834643825,-1.6422446211373037e-18,0.021993399317542715,-0.1288743107628377,-0.0027099547611982,0.02897024346241835,-0.15012161157296897,-0.006472651226327239,0.033892954287107514,-0.16854351394443418,-0.02663124236001951,0.03636945543283505,-0.0997655156520921,-9.489201046040845e-19,1.6376177986720567e-19,-0.13885790144389068,-0.0028338953216276966,0.0021872463316499153,-0.1647342143978594,-0.013752524217509096,-0.001495406119180195,-0.18989454578408407,-0.025175330860467193,0.0014503175773239638,-0.09523252193514457,-0.009474257607093724,-0.01486414084567109,-0.12812197711380802,-0.014821596418032745,-0.018055672800179227,-0.15258121628427387,-0.02509964702221194,-0.018701359343547334,-0.1746329461298293,-0.03660632921165456,-0.015684200980133498,-0.08021808404473467,-0.019711049782459838,-0.02896809291695408,-0.10304129626022725,-0.019919985216288575,-0.0335257263049282,-0.12439568984398566,-0.024083167971337548,-0.036105284276597524,-0.1449311203389443,-0.03230820434985726,-0.03464533400113319
0.0,0.0,0.0,-0.02756032067536561,-0.005813687564190688,0.026865156979815123,-0.051188464505370845,-0.014061608847721695,0.04814233924091376,-0.07702761307513234,-0.022201335856261127,0.05938011884533345,-0.09682639066972668,-0.025594958134155594,0.0612550968607495,-0.09907794039429799,-6.964579556605088e-19,0.02252382947891641,-0.12932606486457865,-0.002011719344102784,0.029136890276177718,-0.1506292494318973,-0.004734674966932792,0.03366810037915185,-0.16975294311754205,-0.024099127952147366,0.03676700620916677,-0.09993093249298247,-4.066298589495961e-19,6.926575412796341e-19,-0.13900065895319746,-0.0016083024119128275,0.001748900787031739,-0.16520766105585488,-0.011696283788596709,-0.0015114162957977385,-0.19065009471143246,-0.022786852127949966,0.001287818822180739,-0.09558693617681178,-0.009334798489574803,-0.014889664147830476,-0.12829531138805725,-0.014045750462747213,-0.017931660044677326,-0.1530196568111269,-0.023416914547114646,-0.018299927476297446,-0.17540639932884142,-0.03435132814635547,-0.015478901242538643,-0.08015302970713742,-0.01964638979160114,-0.02879460635000552,-0.10283532027158605,-0.01954240102535671,-0.03329592964233963,-0.12469471616520034,-0.023041848288372368,-0.03582398259937424,-0.14537067272277981,-0.03101649080864956,-0.03449550077262316
0.0,0.0,0.0,-0.027540590647321193,-0.005442913135755267,0.027322748434847527,-0.05177405826567413,-0.015185144271844126,0.0468723103626861,-0.0780799231476506,-0.0273314394900358,0.05380761550108353,-0.09454045886406749,-0.033485649943602445,0.047576653336573516,-0.09999383833737922,6.365515445956325e-18,0.023126611731676613,-0.13012561457722113,-0.0013539987004279963,0.02936723487559714,-0.1514525055005593,-0.0030389099808623265,0.03335124700162931,-0.1711143830280904,-0.021332445046077987,0.037149594398207766,-0.10029397909540107,5.598316547250791e-18,-4.900217654957452e-19,-0.13926829086711506,-0.0005103518173006394,0.0011814733591060868,-0.16555559629771652,-0.009715216678493177,-0.0017499832935659885,-0.1912793582967201,-0.020442548579465234,0.0007470652961675303,-0.09591393329769433,-0.009131960420456614,-0.014976911992328193,-0.12842631492360004,-0.013484900746884928,-0.01787786031464772,-0.15330622955784692,-0.021684466060198467,-0.018117140612214748,-0.17586295443313352,-0.03179245175153822,-0.015726499917691636,-0.07976537625773766,-0.01951175424273925,-0.02872601104767538,-0.10230165611401403,-0.019045294061534792,-0.03308256868397841,-0.12470061027592144,-0.021653380510290744,-0.03566627222401276,-0.14549628666129386,-0.029088674335009064,-0.034508832430224
0.0,0.0,0.0,-0.027635714715185902,-0.005208952325778323,0.027772918811405114,-0.05246064516334876,-0.016463443202728356,0.045233370011300726,-0.07903197667262209,-0.03264932448587332,0.0474554924365208,-0.09138253084698267,-0.041594124237294784,0.03289194037639301,-0.10120724817865749,-2.199498347869012e-17,0.023732719222581,-0.1313044412967529,-0.000901084291847776,0.029665287151509775,-0.15256295301558498,-0.0017019396545548523,0.03304859817132491,-0.17253950945282098,-0.018868237241476255,0.0374764610954187,-0.10088943163305326,-1.8729626635320074e-17,2.2292241545768617e-18,-0.13976511138774775,0.00019237330944498553,0.0006052899456327703,-0.16584117585026806,-0.008291552764352842,-0.002142012636332072,-0.19177702806475216,-0.01870464599449638,-3.353851684111508e-05,-0.09620234065220273,-0.008916873951091918,-0.015151054258719914,-0.12862088890526244,-0.013333857689970028,-0.01788727833490913,-0.1534827588890424,-0.020362796788532176,-0.01823083633953069,-0.17593272268734444,-0.029467110364910436,-0.01642349963978349,-0.0791515197918266,-0.019358360072739757,-0.02885225115652978,-0.101572483378071,-0.018588009235320103,-0.03296215655633894,-0.12446592260807335,-0.020241889044325716,-0.035641091821796,-0.14529072413590396,-0.026856468257246705,-0.03466731242111013
0.0,0.0,0.0,-0.027812784605768606,-0.005109270643318125,0.028140278007686946,-0.05310549764107249,-0.017719324170400216,0.04340574695242172,-0.07960092741383278,-0.03745169824213511,0.041211836523641514,-0.08793917187874362,-0.04865878516114955,0.019542397479731462,-0.10249246034820095,-3.972186570642955e-18,0.024247994760278013,-0.13267370201125137,-0.0007153510698321135,0.02998419505549712,-0.15370647845692775,-0.0008054137329090833,0.032845915679940184,-0.17393255022606655,-0.016988218178778863,0.03768962086970042,-0.10157984473867686,-4.151563695027951e-18,4.9839824147338127e-20,-0.14041969801759,0.0004481744034487954,0.0001713225983244613,-0.1661204290184939,-0.00755507076440501,-0.002565931871474044,-0.19218210422108548,-0.017737077236101448,-0.0008337378788934449,-0.09642859634045159,-0.008721681246137683,-0.015392355629586825,-0.12890536576851985,-0.013548802573694296,-0.01788636036612891,-0.15361204852213453,-0.019670185180238123,-0.018598684810884555,-0.17572965451660863,-0.02762953366865696,-0.01736710823476825,-0.0785153724049678,-0.0191923136810786,-0.029178961967326354,-0.10086825120575706,-0.01827829571571863,-0.03293296160247148,-0.12417839908839944,-0.019114418457439143,-0.03562286813754922,-0.14489520132352018,-0.02472956577003065,-0.03480761645999397
0.0,0.0,0.0,-0.02797888737698615,-0.005070464572734394,0.028283758256565143,-0.05356236701384614,-0.018737726526737535,0.04152677337575611,-0.07966733359171976,-0.04118407415296905,0.03579951746774329,-0.08490581853452517,-0.0538708643109985,0.009109300770956046,-0.10351055158152313,-1.0633433388562605e-18,0.02455969364088423,-0.13383160411505488,-0.0007137145473336974,0.0302462481091783,-0.15445670302770947,-0.00017864643930601997,0.03275912899512868,-0.1750925636598497,-0.015567193728523717,0.03773159931874889,-0.10207508497620103,2.9163670606315257e-19,-2.614779038027933e-18,-0.14091821029661605,0.00037649035066492336,-6.9052711012679486e-06,-0.16624906289598562,-0.007320033006622008,-0.002935016062173926,-0.19239693071331587,-0.017331165950488624,-0.0015264991961669195,-0.09649840508581801,-0.008554709101690936,-0.015611523136189414,-0.1290983440971989,-0.013929077574622672,-0.01775396261290332,-0.15359910704344687,-0.019522491014480756,-0.019092000730824243,-0.17531827494958238,-0.026193940523618106,-0.018328367184259474,-0.07796122014822725,-0.01900472306695514,-0.029575288405774985,-0.10025618089347922,-0.01812746393593434,-0.032861981443217864,-0.1238988497457536,-0.018414230702950014,-0.03542582224476737,-0.1443652337059577,-0.02298773191934102,-0.03471807253756204
0.0,0.0,0.0,-0.028047851068171363,-0.0050194745767238695,0.02810135172000725,-0.05375230891840145,-0.01939266474913606,0.03971701395922562,-0.07929765150357557,-0.043709274566138885,0.03162825934247849,-0.08267797439154771,-0.05726737853030735,0.0020984735588450453,-0.10403468358235722,-1.7789265961301377e-18,0.02460895401155806,-0.1344422759268586,-0.0007335407714216939,0.030413682008906737,-0.1545447882246985,0.0004343620345519548,0.032772359435936156,-0.17583557571577482,-0.014272531056387027,0.037632838227997165,-0.10217385441766495,-3.534194465584481e-18,1.1100209701180691e-18,-0.1410009465122931,0.0001488861940895228,8.707990535002489e-05,-0.1660528482669435,-0.0073112539777672216,-0.0031651832820646956,-0.1923275144810859,-0.017148613121950856,-0.002027661556332489,-0.09634932160744798,-0.008436552565470502,-0.015718550261842865,-0.1290138205801005,-0.014308654643244465,-0.0173968653874201,-0.15331824729098845,-0.019712764502797762,-0.019521503169658887,-0.17470391999777088,-0.025003398023669587,-0.01912263715643435,-0.07748712844663792,-0.01884139069453545,-0.02985719137273404,-0.09969563559946158,-0.01813140914995206,-0.032592723980705146,-0.12358981894769747,-0.018167492184449664,-0.03493941764518864,-0.14368212709446881,-0.02177217550854462,-0.03428472077628509
0.0,0.0,0.0,-0.02796876168818535,-0.004939777644495276,0.027617341363156418,-0.053694701708690104,-0.019705788258129624,0.038131393909991436,-0.07870452728220373,-0.04526532722703754,0.0288297864402338,-0.08133701798423049,-0.05939867811805103,-0.001791015220532577,-0.10406590981202407,3.639291264862605e-18,0.024445676191429958,-0.1344424781437041,-0.0006347666599427555,0.030517918348715648,-0.1540506406510818,0.0011986757050054995,0.03289193943601862,-0.17613856304972633,-0.012847279247185784,0.03754199485399892,-0.10191529269668119,5.905350891719963e-18,1.0521400569234916e-19,-0.1406989272161169,-7.49573376909098e-05,0.0003736684774432848,-0.16556376700330486,-0.007296600918619969,-0.0031498471614767698,-0.19208520108615582,-0.016890520619503132,-0.002206328351507159,-0.09604776280091255,-0.00840415716623252,-0.015699166813644402,-0.12866916763310196,-0.014627838183471369,-0.016819792115123175,-0.15280338398435583,-0.020045315295208647,-0.019695345402238426,-0.17397651046024123,-0.023988861214851526,-0.01959817983752509,-0.07710238522819464,-0.018784476415656108,-0.029918749722057165,-0.0992072249952989,-0.018307736354732644,-0.03208164390279428,-0.12329137992398705,-0.018342266019068205,-0.03419603454100172,-0.1429260775031427,-0.021128927181579722,-0.03355923074270592
0.0,0.0,0.0,-0.02773323476049582,-0.00485386031684009,0.026962368004604546,-0.05348512980129217,-0.01978498271350548,0.036900037646893265,-0.0781317698131743,-0.046214134306342095,0.027257053072566796,-0.08073376989660305,-0.060819964926272986,-0.003373684964332065,-0.10376470496993344,7.586808201953451e-18,0.024195524519180767,-0.13399753679163887,-0.00036216492723716265,0.030615229174720194,-0.1532677953374208,0.002128941920350611,0.033138918121009074,-0.17611724740546852,-0.011239087797728416,0.03762645652040286,-0.10148815323756025,5.220374736145575e-18,1.528561424971531e-18,-0.14023645635000703,-0.00018382032231113393,0.0007334671766576509,-0.1649852176286024,-0.007128793886576355,-0.002838207761091712,-0.1919113699214254,-0.016381759219602117,-0.001970796061477875,-0.09572938979063932,-0.008471257175300425,-0.015610408951645019,-0.12823149840533218,-0.014878662832432728,-0.01612527004096006,-0.15221333795209446,-0.02035252438678175,-0.019526608835228196,-0.17331677805381002,-0.023112112190829672,-0.01968776757189089,-0.07684423506519707,-0.018868148367143508,-0.029785683060166514,-0.09886994406363456,-0.018638237079581114,-0.03142094566588122,-0.12310448756765612,-0.018825208911767727,-0.03333191672281558,-0.1422736664601243,-0.02097214928186971,-0.032710218845648925
0.0,0.0,0.0,-0.027395587789360878,-0.004792682554972398,0.026317300695756395,-0.0532507893844306,-0.019755256845455173,0.036079500129801184,-0.07775498650443669,-0.046864893990339995,0.02656654030107094,-0.08061133401113478,-0.061880479136014674,-0.00364136954411651,-0.10335678478846805,1.1455452225828288e-17,0.023988473469124683,-0.1333862162564372,3.755403735692038e-05,0.030730258725571575,-0.1525200191588823,0.0031059000224804394,0.03349414060128468,-0.1759512518971765,-0.009614062623383839,0.03794248841560007,-0.10110064981380179,7.959408436844045e-18,-3.1803269615740112e-18,-0.13985573963062642,-0.00014082296444286116,0.0010446448694721075,-0.16454983897093475,-0.006781524450313746,-0.0023129462553806313,-0.1919959423602029,-0.015623055246357941,-0.0013934201409322483,-0.09551237233508397,-0.00860754513050957,-0.015533841066568863,-0.1278913314895434,-0.015059724607794147,-0.015474974679736856,-0.15172246511516577,-0.020521357125894688,-0.019088348846596718,-0.17290205701161818,-0.02234576060858312,-0.01946056976783378,-0.0767376228897466,-0.019044751596698602,-0.02958331707442317,-0.09874442139430196,-0.01904380707711289,-0.030788471255212228,-0.12309896299820032,-0.01943898500311985,-0.032521663873,-0.14189099133455962,-0.02111461810170927,-0.0319286640821259
0.0,0.0,0.0,-0.027062999842572454,-0.004779479121944102,0.02586540414785443,-0.05309809860394695,-0.01972713177959243,0.03570225859256668,-0.07766414539713194,-0.04739236561314212,0.026445485179435315,-0.08080130364701275,-0.06273028444683382,-0.003347744442929259,-0.1030677523279895,4.243347255689256e-18,0.023916489995409993,-0.1329095853239422,0.000450335815851232,0.03084366605476801,-0.15207586943646964,0.003929696539890187,0.03387242039086549,-0.1758308494499044,-0.008286646712420059,0.038402105552336585,-0.10092362409450238,3.4379148661143897e-18,1.234447689582097e-18,-0.13974244776086553,3.179597638142105e-05,0.001198334285873675,-0.16444439840866298,-0.006342010972566961,-0.0017608694232414915,-0.19240716170475522,-0.014771207519706838,-0.000691509200866198,-0.09548319712393787,-0.008761900060287854,-0.015531228256801493,-0.1278118349126348,-0.015167936169737757,-0.015041991828829964,-0.15149290928881487,-0.020534752602608407,-0.018562127307577128,-0.17285589906559135,-0.02175220753704226,-0.019069057418772805,-0.07679872122867033,-0.01923307849743086,-0.029456699376801898,-0.09885585083721998,-0.019430902045354092,-0.030380828365954526,-0.12330816687892995,-0.020017782218888093,-0.03194739265786228,-0.14188918110760346,-0.021385403084417796,-0.03137478101471029
0.0,0.0,0.0,-0.026838328628289502,-0.004818086535018893,0.025738545895662195,-0.0530758500996943,-0.0197684153082228,0.0358272456050415,-0.0778890181576499,-0.04780386573696639,0.026796829674916242,-0.08133750028634582,-0.06336542281331917,-0.0027266289285002515,-0.10303786816541258,1.5908263987589618e-17,0.024015542535826873,-0.13277734817224057,0.0007689106095090298,0.030911611243664427,-0.1520862141307967,0.004411153647551396,0.034156838006342546,-0.17589043328391732,-0.007569751181522069,0.03884767102717592,-0.10104201566046775,1.4354699826065045e-17,-1.7505780665035555e-18,-0.1399797447947813,0.0003017398043239395,0.0011333155902709822,-0.1647631897745945,-0.005925902156634048,-0.0013611347589714586,-0.193105368165117,-0.014036572416763012,-8.250317455229999e-05,-0.09569112767021574,-0.008892051129371286,-0.01561167742740674,-0.1280872777617451,-0.015184163007929536,-0.01494338363412244,-0.15165577919465423,-0.020444242442093623,-0.01812073871411942,-0.17324334293433358,-0.02149398893540186,-0.018628111937625334,-0.07704821758275675,-0.01938040555103822,-0.029479664328471444,-0.0992025146108382,-0.019735850607885387,-0.03032713834583234,-0.1237419370962225,-0.02045918011707086,-0.03175516431489172,-0.14232045156581966,-0.021715152758565472,-0.031147064940046834
0.0,0.0,0.0,-0.02677052345520372,-0.004900071579341134,0.025974090085193673,-0.05317290976398565,-0.01987990242833792,0.0365372843780665,-0.07842873326724484,-0.04795562622214341,0.02780189642909875,-0.08245151002277867,-0.0636425009883158,-0.0013987934804616832,-0.10324390931522633,-1.1072422557922467e-17,0.02424782045320041,-0.1330029278065147,0.0009532910943023768,0.030884655092776856,-0.1525360448502218,0.004455802408461143,0.03424788421494062,-0.17614906597618404,-0.00764624146425829,0.03914177981471292,-0.10140529415273555,-1.0792177585029306e-17,1.92662907148829e-18,-0.1404985393276851,0.0006668970709603516,0.0008708405244885827,-0.16546176183299827,-0.005583759592897194,-0.0011951284267752741,-0.19396888364585918,-0.013583815212015182,0.0003348101202163855,-0.09611388045284078,-0.008971171093842305,-0.015726129092767726,-0.1286812570411888,-0.015049323270814057,-0.015187754795299923,-0.15224203555780338,-0.020283804638697934,-0.017833187971145442,-0.17406186783979832,-0.021730719158132995,-0.018139704278224013,-0.07749013723294111,-0.0194767191469536,-0.029604734493755853,-0.0997576166455058,-0.019920667969227927,-0.030620130316888268,-0.12435952761604976,-0.020734150935016942,-0.03198631546640079,-0.14315780694010555,-0.022164427697405373,-0.031247780445876946
0.0,0.0,0.0,-0.026862643267721895,-0.005017307249111274,0.02650711643530699,-0.05335234423727957,-0.019996926754003008,0.03788978652185555,-0.07928057661946629,-0.04759655746696225,0.029848763720463665,-0.08451586292268318,-0.06326138760996884,0.0015159855592420711,-0.10352089265333275,-8.296258909764187e-18,0.02450002283826418,-0.13341922025196315,0.0010389297685778137,0.030718497936470423,-0.15328218902059168,0.004090832003759776,0.034081757040354536,-0.17653536621842947,-0.008522495357947303,0.039188050774292195,-0.10185015220679555,-8.091848460385791e-18,-2.5128225463512528e-18,-0.14109953635300426,0.001157749509761376,0.0005031413462220501,-0.16638074853288498,-0.005269405113889541,-0.0012585659524926586,-0.19484939052643743,-0.01347495452612508,0.0005523109579305867,-0.09665123148497962,-0.008980112139287727,-0.015797159055156176,-0.12942915656633464,-0.014648463666723413,-0.015702550952527674,-0.15314711363086672,-0.019996252095385914,-0.017684306915842704,-0.17525819931523753,-0.022488588239754966,-0.01754802059969063,-0.07809363104233616,-0.019524674066848064,-0.02969950541889345,-0.10049027982507737,-0.01993897121344105,-0.03113338749502414,-0.125066005074285,-0.020849960826635896,-0.03256276887997085,-0.14429894452191935,-0.022859762512068237,-0.03159961014788412
0.0,0.0,0.0,-0.027098465192859994,-0.005156153196395451,0.027169367903926028,-0.05358313614643192,-0.020005177830565487,0.03980942146443281,-0.08041067718301495,-0.04640977062710638,0.033270304649207806,-0.08786568873458335,-0.061751066164670944,0.006984044278226933,-0.10366714180047411,-5.52111064767125e-18,0.0246169000118532,-0.1337947470504209,0.001094747452826304,0.030384812120244343,-0.1541378606927576,0.0034410433559231442,0.03363901819704242,-0.1769641438009766,-0.010026695752744905,0.03891452985118489,-0.10219296586790982,-4.601609454224216e-18,2.8219199875098126e-18,-0.14156113524976408,0.0017873902037585346,0.00015454727649671677,-0.1673349906863331,-0.004895061839579611,-0.0015170047500333,-0.19563835693930107,-0.01363963681324705,0.0005669737120000499,-0.0971707029168699,-0.008911110757738865,-0.015758336722248613,-0.1301224009682614,-0.013869535732011076,-0.0163847984911223,-0.15417044018208587,-0.019469924790109464,-0.017654196538935022,-0.17674801839469848,-0.0236002104455199,-0.01685868422978197,-0.07880866527310876,-0.019516110331206885,-0.029645748717042335,-0.10138459381733794,-0.01973511910697219,-0.0317008206062897,-0.12576477389916013,-0.020810371968872098,-0.033329782609615846,-0.1456089930464547,-0.023842336266570403,-0.032097092369020655
0.0,0.0,0.0,-0.02742016749352493,-0.005286517871167588,0.02771428039965673,-0.053794121769303184,-0.019756277923707873,0.042009407742682865,-0.08158778627167067,-0.04406581715677379,0.037999397250048306,-0.0923662182146314,-0.05850229634003902,0.01542791242768992,-0.10350831318324694,7.945622977548157e-18,0.02447725421773432,-0.13390869725397905,0.0011312924651374447,0.02990976109210185,-0.1548691157550597,0.0026255972900242623,0.03300296927941922,-0.17729743451388955,-0.011912353092343205,0.03832300662226831,-0.10229958843240324,5.2300933598685666e-18,1.8808980795262045e-18,-0.14173775310465875,0.0024306918833079624,-3.0149140424392074e-05,-0.16813867898178905,-0.004525186727647778,-0.0018789162999965129,-0.19621513839717894,-0.01400640393956693,0.00042999139887953016,-0.09754764162967669,-0.008793549053341012,-0.015581776753552644,-0.13058042097137001,-0.01280454926373078,-0.017075064663914518,-0.15505215092305033,-0.018778373964241306,-0.017707657310686083,-0.1783055784823043,-0.024864953727045367,-0.01614701020085893,-0.07957261313583676,-0.019449929476067742,-0.02942516425120279,-0.10238825600990277,-0.01933516334554258,-0.03217673201500151,-0.12638435854648442,-0.020685491572315754,-0.03408769621241293,-0.14690650762613214,-0.025024203075429498,-0.03260933270447336
0.0,0.0,0.0,-0.02770796656927721,-0.005378592066699359,0.027938209655903993,-0.05381020397102132,-0.019097951624021402,0.04408197383917767,-0.08227728039257327,-0.04032373789047367,0.04347186104115276,-0.09703220970242721,-0.052962576323227054,0.02634894998403876,-0.1028972773059379,-2.1893594404664082e-17,0.024071896682923567,-0.13356150572207232,0.0010044835752003886,0.02940754728193484,-0.15513317026169154,0.0015765498407069943,0.0323997211856884,-0.1771800885217337,-0.014112075784254807,0.03754493962769014,-0.10208053271603931,-1.6622438451762954e-17,2.407826389620804e-18,-0.14156401196289417,0.0027375572674730162,8.71328155466867e-05,-0.16855031156865982,-0.0045872347721450735,-0.002164659526797182,-0.19628787429175099,-0.01478753024528566,0.00032325806664803164,-0.09764440648970482,-0.008703364978076136,-0.015301992182071978,-0.13066455255386858,-0.011883975420900464,-0.017566462594867886,-0.15548709072271674,-0.018400032008761804,-0.017755002695965638,-0.17940400192022576,-0.026361218762605824,-0.015476693836201122,-0.08026138308503593,-0.019354619783970965,-0.029138343771458394,-0.10331939318900744,-0.018940653161929392,-0.03247909462017308,-0.12680771097459714,-0.020702083303377045,-0.03464622640489018,-0.14786134931000997,-0.026336207413135748,-0.03298821336455555
0.0,0.0,0.0,-0.02784496520315672,-0.005446762254605487,0.02779662957670686,-0.053468723736350095,-0.01796990504885173,0.04571132325629003,-0.08196686152904277,-0.035221263735177484,0.0489449500481164,-0.10048954295886443,-0.04514115652464857,0.038559692840273545,-0.10177400827690164,1.4430091301896148e-17,0.023493399187124078,-0.13263470850959289,0.0004579973443861039,0.02901045099198677,-0.15458428590293635,7.233839861251919e-06,0.03206652067874413,-0.17610930070608408,-0.016848345523125707,0.036732286415558854,-0.10148389952663164,1.445837759161191e-17,1.6753057754630285e-18,-0.14100596677242375,0.0022779715576638016,0.0005475315855226592,-0.16829252628657823,-0.005710597924110331,-0.0022348141842670356,-0.19543461588379527,-0.016474085380839682,0.0004057896812325088,-0.09730507861916965,-0.008713937780615374,-0.015017871509523347,-0.13027139833478077,-0.011637726567676296,-0.017749560119866933,-0.15519520237320225,-0.018983459572851018,-0.017751549494715056,-0.17936595373939204,-0.028450154769579277,-0.014933766590568569,-0.0806593588649893,-0.01925985488567593,-0.028949665212313683,-0.1038759613932715,-0.018827505871958552,-0.03264181991446166,-0.12681453171337123,-0.02112430141014249,-0.03495534576810166,-0.1480139541321489,-0.027803260090291947,-0.03319608350420189
0.0,0.0,0.0,-0.02781981283984588,-0.005554108613742515,0.02738965273945147,-0.052877227468744285,-0.016539059012333216,0.046820913757995804,-0.0807616575534111,-0.029312300412130433,0.053902500850407487,-0.10217161135876592,-0.03607881329109838,0.050651323368299965,-0.10033969518382604,-2.443793403413937e-18,0.0228684906790079,-0.13125915042776337,-0.0006681846618434898,0.02874799884521181,-0.15320671456076265,-0.0023060721721335268,0.03204300484650768,-0.1739223369651475,-0.020331767402118117,0.03589718419243527,-0.1006015355314482,-4.297732728763871e-18,2.7074351858365046e-19,-0.14011341686522286,0.0008555588543654628,0.0012178748523207863,-0.16724787506672378,-0.00819100670048523,-0.0021621222810866646,-0.19350087985098116,-0.019377664709650272,0.0005840785651255862,-0.0965033915868286,-0.008828343600139708,-0.01485096712736309,-0.12939319526980778,-0.012288318682157677,-0.017721637733228556,-0.1540909040692559,-0.020799270930879514,-0.017822804947317573,-0.1778869016203608,-0.03134135559267261,-0.014725098468146092,-0.08058761482329148,-0.019152016018062993,-0.02899812040802816,-0.10382857896786092,-0.019110534579538183,-0.032818435706132264,-0.12623184528218018,-0.022027259077889633,-0.03518356380806195,-0.1471147631248332,-0.029412822359538078,-0.033419541396568185
0.0,0.0,0.0,-0.027736248036611472,-0.0057375671370171995,0.02689496649125456,-0.05240430913312565,-0.015151036905867306,0.04755511688483638,-0.07944168022049009,-0.02358792092923018,0.058134330358583224,-0.10273704387391248,-0.027479590449679105,0.06130994821127125,-0.09905631347954615,5.209649278346476e-18,0.022331853987241485,-0.12985264310370717,-0.002252279637122126,0.028551383714691403,-0.1514587475993867,-0.005199997139523491,0.032169653688325944,-0.17109111702232274,-0.024362336987169754,0.03499371051686435,-0.09972012779933469,9.911397636492106e-19,1.3686007516560014e-19,-0.13910527633139158,-0.0013052308327742138,0.0018341176048385609,-0.16565090659396678,-0.011668405955189873,-0.0021768284634701156,-0.19089066774945065,-0.023254598122000664,0.0006015096450271231,-0.09546730216577527,-0.008984094151854126,-0.01487687142829012,-0.12821919733469847,-0.013633132885389114,-0.017701439676895258,-0.15241793641941495,-0.02351095502281064,-0.018156828024307632,-0.17536794267020697,-0.034788295277642725,-0.015039897147440312,-0.08008313704034395,-0.01900902826586327,-0.029312526388104547,-0.103224688367439,-0.0196879759684155,-0.033163663473475984,-0.12515519906481315,-0.02327318768754157,-0.03555860579287325,-0.1454379713847858,-0.031057251582936676,-0.03389539295245062
0.0,0.0,0.0,-0.027693926021666718,-0.00595404915582339,0.0264970619615879,-0.0523022062602187,-0.014062603556187893,0.0481116296269323,-0.07873762997288773,-0.01892076246844426,0.061520669464592115,-0.10314384970253665,-0.020610837972443383,0.06956779007319999,-0.09830165038296544,3.9918174239582435e-18,0.02199257173951005,-0.12883484780432994,-0.003921937699726774,0.02837931465300399,-0.1499415176367326,-0.008132963053567126,0.03230985425771356,-0.16836791484840977,-0.02833002134312652,0.03414329503814764,-0.09912858952656811,6.8242871288433776e-18,-1.939109159214758e-18,-0.1382815084853047,-0.003658217313764388,0.0021987441073205148,-0.1640092107611885,-0.015341646805617653,-0.002378955927652598,-0.18833765593460577,-0.02739498200725269,0.00039601141663319397,-0.09454002878376601,-0.00912811090995577,-0.015069762235489614,-0.12709841367907057,-0.015239403028927003,-0.017817033780293742,-0.150667635536107,-0.026430581949699453,-0.018726393290360303,-0.1726558668790739,-0.03823975137251505,-0.01575033061347386,-0.07939295354546048,-0.01887768578347038,-0.029778314024212337,-0.10237543335973716,-0.020397041921581663,-0.03367346218231854,-0.1239291813595855,-0.024658688986243772,-0.03610080123211389,-0.14361776227893536,-0.03263238633684459,-0.03460371708685033
0.0,0.0,0.0,-0.027693337328594424,-0.0061339305785514655,0.026298109804320197,-0.05247498757734519,-0.013309975982142215,0.0485842301938424,-0.07871949902251114,-0.01564981255867031,0.06392756631202126,-0.10371212881949678,-0.015791087290150357,0.07504575453554929,-0.09809251170696404,8.207114418833074e-18,0.021869944591786577,-0.12833234780319988,-0.005300893431902558,0.028270653267024853,-0.1489791939559797,-0.01054606361357699,0.03247560208946937,-0.1662677805172902,-0.03161589034127769,0.03359987612330862,-0.09890676497145354,7.2304542251687e-18,8.158745308999449e-19,-0.13783009517605943,-0.0056550147841834845,0.0023258588109362544,-0.16278704252143775,-0.018457660960192586,-0.0026174397008406963,-0.18643863487045936,-0.031026219166918806,0.0001925347533043876,-0.09393595336063672,-0.009255717600009568,-0.015327392549291276,-0.12632966003167972,-0.016702358301918862,-0.01801641030341578,-0.14930173215209136,-0.02893199517369091,-0.01926395867710866,-0.1704895420906738,-0.04118288417588148,-0.016452137502117162,-0.07878490816630743,-0.01884387201245985,-0.030223665914312855,-0.10163105895634779,-0.021117858656491743,-0.034195382443065137,-0.1229072182357215,-0.025999521197274972,-0.0366176563911916,-0.1421938982471471,-0.03406459887048351,-0.03528941155772437
0.0,0.0,0.0,-0.027688253419734694,-0.00625704328669727,0.02628455303900472,-0.052669076825545495,-0.01283146907017942,0.04896161363269275,-0.07898976096229582,-0.013677901918291036,0.06535002734228675,-0.10421083753728243,-0.012787191480713797,0.07803218614087579,-0.09820041525255448,-4.455557406643379e-18,0.021892014130827295,-0.12820939777366927,-0.006224706652955158,0.028264564485248396,-0.1485516921355605,-0.012197199983098893,0.032713694851565146,-0.1649214199753471,-0.0339509937792289,0.03347707103898095,-0.09894902260598047,-4.320619226038339e-18,1.9473075578842157e-19,-0.13774424325554474,-0.007021143247836983,0.0023425942868148526,-0.16216287672933796,-0.02065531758854335,-0.0027180580366331095,-0.18540353416968433,-0.03369957935311864,0.00019578418501930826,-0.0936646342281219,-0.009379094064361517,-0.015554906843855626,-0.12599587360447362,-0.01779903849655896,-0.018196819120577353,-0.14851231697723402,-0.030709679097764002,-0.019558836705659416,-0.16916354800977554,-0.04337414493831157,-0.01684774898464186,-0.07839157185611896,-0.018935546926469905,-0.030542754441835053,-0.10117371425616387,-0.021759623024192775,-0.03458947854222639,-0.12225700350036342,-0.02714534018818106,-0.03694422730606949,-0.14135753495263143,-0.035278184774713325,-0.03574889243476015
0.0,0.0,0.0,-0.027671719912400083,-0.006359793629905763,0.02637626230217851,-0.05274073275506078,-0.012580777135631733,0.049215405954970544,-0.07921041782771128,-0.012707858345362547,0.0660011153639909,-0.10444021161714306,-0.011197795817271356,0.07928058238271993,-0.09840961639657964,-1.6399812742625673e-18,0.021959675475854916,-0.12827883804987708,-0.0067448593630074286,0.028339871148023773,-0.14849209019521864,-0.013179594242596149,0.03299325999472864,-0.16422090425947874,-0.03544074700596701,0.033646974626539566,-0.09912033398432181,-7.102144833257154e-19,1.337409576198572e-19,-0.1378976989914356,-0.007786247027757918,0.002337131187120885,-0.16204242410770836,-0.021985767570581637,-0.0026703273913434725,-0.18510508301902961,-0.03540297541931567,0.00038303116880370705,-0.09362466417035636,-0.009495441646027376,-0.01571077229166064,-0.12599703719185015,-0.018504445787805666,-0.018326080176603775,-0.14821480582296595,-0.031788427157772435,-0.019625700979800393,-0.16857560622059212,-0.04486037820870646,-0.01693654942630289,-0.07820826219296415,-0.019109452563024123,-0.030726495165506046,-0.1009990328673545,-0.02225407090841259,-0.034820716412992746,-0.12195693066685881,-0.028010351704011578,-0.03707633550739961,-0.14102361516802708,-0.03622309564048847,-0.03596581888462571
0.0,0.0,0.0,-0.027673119380663358,-0.006484115652953639,0.026490371100413333,-0.052699958233337035,-0.012523732328813849,0.049357252844978355,-0.0792902765974878,-0.012390564825768705,0.06621166317561734,-0.10445507848685709,-0.010577642465388901,0.07963279123103803,-0.09861342191196519,2.0982784907338614e-18,0.022006625088587174,-0.12841764848143378,-0.007006729658491206,0.02843971728402106,-0.1486388403351577,-0.013735065021325961,0.033232925080262876,-0.1639769525661431,-0.03636554298059587,0.0338823469877277,-0.09933295441256679,1.3502032808410624e-18,2.3958163664927363e-19,-0.1381526120148899,-0.008142421631730914,0.0023328668511353383,-0.16221340293216438,-0.02271563825856925,-0.0025672976274231443,-0.18525899021827552,-0.03639748239626122,0.0006058627815287804,-0.09370379607135232,-0.009589236373173373,-0.01579891750512857,-0.12617332800742112,-0.018913623981804795,-0.01842850030446031,-0.14820736034386786,-0.032374888966734426,-0.019601732357028813,-0.16845380045260352,-0.04584007342575741,-0.016886504076012818,-0.07816712343319958,-0.019297790516288896,-0.03081951353513017,-0.10101163247379226,-0.02257430379272199,-0.0349325678928705,-0.1219000320544732,-0.028585356481966157,-0.03710734445256122,-0.1410087310674181,-0.03689809885676808,-0.036034332365278504
0.0,0.0,0.0,-0.027712551112590533,-0.006627453175242031,0.026577384499616927,-0.052611220996484034,-0.012617868144385707,0.04942962165595393,-0.079257182031285,-0.012456944382679054,0.06626819860998992,-0.104408543543901,-0.010583438155509299,0.07968829584485285,-0.09877889076237045,2.1117457291716136e-18,0.022018922515214995,-0.12856970393946096,-0.00713205546609958,0.028512135155930055,-0.14886817197645724,-0.014055989386417214,0.0333637517834267,-0.16401967892259395,-0.03695412367805304,0.034010993754428384,-0.09953363592072619,1.9484842372566227e-18,-4.018286986833608e-19,-0.13841219817967967,-0.008275117159421256,0.0023284194258154207,-0.16249044432957127,-0.023087703630291966,-0.0024874214651007544,-0.18560014967703117,-0.03695255430636743,0.0007515980008011427,-0.09382890039899922,-0.009648187698263156,-0.015839388582032356,-0.12639507397262695,-0.019124392410822328,-0.01852431076123718,-0.14832637872745322,-0.03267337407725973,-0.019601842013667197,-0.1685595292900785,-0.04647941661489923,-0.01684810250704956,-0.07820912849887382,-0.019444941779129952,-0.03086462419502128,-0.10111387155841361,-0.022732754639862986,-0.03498201958645209,-0.12198972804194984,-0.028904779357945262,-0.037120768730225864,-0.14115545780460814,-0.037329446462680924,-0.03604959319166776
0.0,0.0,0.0,-0.027780513038722743,-0.006745819619919235,0.026625828879706426,-0.05251238972094819,-0.012823954387057121,0.049466745108494206,-0.07913407794274513,-0.012810822127839962,0.06630128013753621,-0.10437623686784776,-0.011105607279667863,0.0796441267653123,-0.09889315786915598,5.002561884316394e-19,0.022017039729152144,-0.1287164446441423,-0.007157764034297737,0.028527011924210123,-0.14909823223433996,-0.01417523962153268,0.03335017601074622,-0.16426537420914986,-0.037241183143932204,0.0339627877841587,-0.09967998739287613,1.214797662550479e-18,2.0202446450784916e-19,-0.13862155105124566,-0.008252486018153269,0.0023190335465540393,-0.16278371723531598,-0.02316826442567778,-0.0024580855269998748,-0.18599084988919695,-0.0371469310276766,0.0007878207905184082,-0.09397038919433427,-0.009669769838962117,-0.015847657633077196,-0.12659905081011744,-0.01915440275414072,-0.018610489305742065,-0.1485156157194198,-0.032749901350219095,-0.019667551666519425,-0.1687987437523713,-0.04678361388143182,-0.016875973700073675,-0.07831369634751276,-0.01952282271094622,-0.030877034848130272,-0.10125023390759669,-0.022747767602317438,-0.035001403107989694,-0.12218338395706084,-0.02898673402262921,-0.03714848325267145,-0.1413892271345186,-0.037521295906471006,-0.03606012319282405
0.0,0.0,0.0,-0.027840356838756422,-0.006796295142161128,0.026647013850550943,-0.05239075619122625,-0.013113264113785281,0.04947211400396714,-0.0789098025151065,-0.013500724083188087,0.06624748108399978,-0.10428338019531351,-0.01221811397986426,0.07926636104926059,-0.09892017323435086,-6.192392571280703e-19,0.022026106081571656,-0.1288349035795828,-0.007036305115057397,0.028484874847798235,-0.1492894419764001,-0.013977877870342109,0.033195224561954166,-0.1647090671901594,-0.03706828781459886,0.03376420728293596,-0.09972526324232651,-4.1621992065013824e-19,-4.1331723570519425e-19,-0.138741027596889,-0.008011960993712753,0.002294104737613099,-0.16307485610722258,-0.022841552052697885,-0.002468177372095796,-0.18641240027886943,-0.036842096402048934,0.0007307284756223355,-0.09410407522801478,-0.009650648909595142,-0.015832990055883463,-0.12676933212398814,-0.01894590432114013,-0.01867368521587759,-0.14879703008628745,-0.032511854799271336,-0.01977547980323866,-0.16920598408609813,-0.04659471177837516,-0.01694505112214716,-0.07846992340295697,-0.019521458148650046,-0.030852038096947393,-0.10139976448116571,-0.022605110336417347,-0.034991268559521005,-0.12247338914351263,-0.028785936730067657,-0.037181730395088604,-0.14170671086834058,-0.037411562945395764,-0.036062384805865544
0.0,0.0,0.0,-0.027837267802705415,-0.006754504607853966,0.0266684666922167,-0.05219827701305459,-0.013452389808551941,0.04942270456732315,-0.07854851609997728,-0.014636598544499115,0.06586818580436282,-0.10390901384336648,-0.01404098746220964,0.07793065756115135,-0.0988035444091955,2.6235093021811695e-18,0.02206649621759623,-0.12887797851336896,-0.006665765955721778,0.02842177470811655,-0.14942918433406266,-0.013269977907777106,0.03295070166721198,-0.16536982319676372,-0.03617419155453711,0.03354335307012208,-0.09962416309866697,1.9491029442535633e-18,2.094051308653328e-19,-0.138731884719384,-0.007409658127531934,0.0022359044371711117,-0.16336612044305068,-0.0218973983385079,-0.0024716455010451153,-0.1868933385675766,-0.035791985704743595,0.0006327945044083429,-0.09419612937069154,-0.009577985972980855,-0.0157957892839561,-0.12690299011113262,-0.018416676758580674,-0.01868642568229359,-0.14920982979014963,-0.03178596696815353,-0.0198427557988319,-0.1698585913565146,-0.0456905716193411,-0.016973418002182692,-0.07864916212413361,-0.019435788128894137,-0.030764150816559577,-0.10154669826287004,-0.022260087097350854,-0.03491507722738953,-0.1228478391100354,-0.028215128419948755,-0.037171859164620125,-0.14212742774635054,-0.036898422058714145,-0.03599952481245722
0.0,0.0,0.0,-0.027724056151294904,-0.00659866275836358,0.02673777025687764,-0.05190233464847864,-0.0137938516039117,0.04927737892377165,-0.07805457337425876,-0.01634437267991408,0.0648044958458659,-0.10298669929454261,-0.016696555656310515,0.07474077157977306,-0.09854445194241222,4.602585721447886e-18,0.022167383829388192,-0.12882486378187089,-0.005926560402725984,0.028398046975935575,-0.14954072968715074,-0.011843466588161542,0.03270484845468526,-0.1662726119282716,-0.03428430455600692,0.03351365295565511,-0.09938298532885653,4.275785240572181e-18,-7.111387089069041e-19,-0.1385877493394572,-0.006294098096230151,0.0021203724865753925,-0.16367333925010344,-0.020133558464962942,-0.0023953117172501232,-0.187480355847222,-0.033771198292072396,0.0005881885200566276,-0.0942480175622482,-0.009442414506738437,-0.015720416195430614,-0.1270137132908001,-0.017511623671377062,-0.018599597693245006,-0.1497900309169566,-0.0304103627764598,-0.019739593179788843,-0.17081860932734613,-0.04388279644787601,-0.016839880891345037,-0.07882025195429936,-0.01928022051626233,-0.030557296663995138,-0.10167038409503068,-0.02168420383176208,-0.03470135312341978,-0.1232801756127413,-0.027220519765786853,-0.03702440035293851,-0.14266870866555476,-0.035916185092019604,-0.0357703639909576
0.0,0.0,0.0,-0.02750423920045758,-0.006314389190973618,0.02690717421250023,-0.051562075911653855,-0.014109753458836539,0.048975797606997044,-0.07759778133106465,-0.01875220791245588,0.06268276038810966,-0.10139468799647348,-0.020381484783840262,0.0688177227803245,-0.09830475715233557,-7.270963699177049e-19,0.022377170260855114,-0.12877055832482887,-0.004756968849113294,0.028472313779417762,-0.14972262507048364,-0.009601781209178732,0.0325372386406057,-0.16744710995244397,-0.03125820417212473,0.033883591096419245,-0.09912644450262892,-9.254570412772374e-19,-1.559631125071483e-19,-0.13838580932370392,-0.004631503254539303,0.0019082259101090694,-0.1640287043194182,-0.01750946082337879,-0.00219544977907055,-0.18823078504950658,-0.03074585053487101,0.0006820709126030763,-0.09433556154839179,-0.009254423633882035,-0.015592471266341336,-0.1271482946047563,-0.01628262055227895,-0.01838042206653239,-0.1505510328531823,-0.028353845905181394,-0.01936672737157044,-0.17207025653969565,-0.04113851857423326,-0.01647035465177692,-0.07895967148600748,-0.01910448350927361,-0.03018149377905776,-0.10173841812476524,-0.020916827678537017,-0.034289723090442266,-0.1237216580426299,-0.02585747207658799,-0.036652680519820666,-0.14332157254051,-0.03449599916197181,-0.03529015404045852
0.0,0.0,0.0,-0.027256986479947336,-0.005938109140759155,0.02720165625221095,-0.051363006644104314,-0.014471649215992996,0.04843373360506933,-0.07750837177280404,-0.022002826826596197,0.059273514216373946,-0.0992618860135837,-0.025446786703067985,0.059796500883189996,-0.0984081978914345,-1.3648534162718279e-17,0.022753370496843547,-0.12894797131550598,-0.0032672177430049126,0.028677288686602905,-0.15014253446333634,-0.00675150867338908,0.032476613434954636,-0.1689028760750773,-0.02731505672065243,0.034718289842548114,-0.0990908845304675,-1.4543588080132056e-17,-2.332944510258962e-19,-0.13829362101265358,-0.0026490209595287466,0.0015462671272270313,-0.16445181774635567,-0.01434834433375109,-0.0019312308576476891,-0.18916674837081518,-0.02709055942987493,0.000895025345414086,-0.09457417208384618,-0.009039136971561815,-0.015443821078052696,-0.12736988564042617,-0.01497182833402993,-0.018074145227421377,-0.15143374348516123,-0.02588741252730452,-0.01878125400456837,-0.17344038806625187,-0.03777159447372818,-0.01597313968455282,-0.0790280200840922,-0.018963831818811346,-0.029684862876459918,-0.10168578011597575,-0.020086762347685024,-0.033721993262517215,-0.12408379998050514,-0.024332059891528,-0.03609753532539105,-0.14399060091260443,-0.03279084665800435,-0.034603238773277555
0.0,0.0,0.0,-0.02709705933134036,-0.005584116406821305,0.02760860305608288,-0.05150060121876736,-0.01507355821501256,0.04756502445315064,-0.07798010786478893,-0.026226062804235988,0.05464086275096631,-0.09681244687840183,-0.03217725020640173,0.04828698660176178,-0.09912738551790139,4.065126924129291e-18,0.02332760029581424,-0.1295869098146286,-0.0017768720515893752,0.0290278968979039,-0.15092967086822218,-0.003850834569967733,0.03253062796966014,-0.17058312020075475,-0.02311555336132161,0.035897480852243736,-0.09948355029007593,3.9677083874636476e-18,-6.711312873032466e-19,-0.1384997808972912,-0.0008314513734218969,0.0010311218558917983,-0.16493536014322216,-0.011378384638578008,-0.0017054501242726628,-0.190232641670267,-0.023611383876091286,0.0011420439960362029,-0.0950204870175075,-0.008833329429438253,-0.015369395818407378,-0.12773316774324475,-0.01398619823800293,-0.017786311477585123,-0.15231060234258192,-0.023638444449318678,-0.018184853656487785,-0.1746282173199457,-0.03449644762476773,-0.01560157581407106,-0.07897228643169568,-0.018888050494767168,-0.029259796740652804,-0.10144476791139548,-0.01940102138141882,-0.03317764810229299,-0.12428198448883812,-0.02298185342105076,-0.0355501656870446,-0.1444853194760846,-0.031071290735981007,-0.033901210942199354
0.0,0.0,0.0,-0.027073408570408783,-0.005368332326644702,0.02808103476643695,-0.051966913998860984,-0.016058262394312663,0.04633951441132867,-0.07878514944581917,-0.03132657116519029,0.04921211571527846,-0.09415505097456493,-0.040178871676853405,0.035837912409620115,-0.10039250207419087,-1.4461840551353585e-18,0.024051581901795547,-0.1306805952844661,-0.0006448295703838739,0.029535271646565824,-0.1520261269254327,-0.0014970454882712435,0.03274477722940075,-0.17231139206065726,-0.019444308598044406,0.03723233751696306,-0.10029478451223554,-1.2680033584531011e-18,1.4181317957685107e-18,-0.13908910626087814,0.0003441037543216494,0.00048075390797476585,-0.16546449635469243,-0.00935467788942985,-0.0014991653312976467,-0.19130164657882687,-0.02110993615760536,0.0014473418674287935,-0.09559977185496385,-0.008700919061909642,-0.015463496945340233,-0.1282633921811068,-0.013682132315472577,-0.01757592902184175,-0.1530513019684165,-0.02227322119433324,-0.017714175600529927,-0.1753722458267021,-0.032046054058986535,-0.01548976303160746,-0.0787916150001095,-0.018902376674173785,-0.029125212363917182,-0.10105075027870758,-0.019085657917231963,-0.03284503029520235,-0.12433457878998207,-0.022155393956168237,-0.03516169193342443,-0.14464901468548003,-0.029652140205337924,-0.03333992838340526
0.0,0.0,0.0,-0.02711809422541583,-0.005289689135500753,0.0285081493615625,-0.052532273756829576,-0.017311475879488426,0.04479024866884109,-0.07945621767139927,-0.03678948966288481,0.043669242795536585,-0.09138013006591032,-0.04822148030116087,0.024255531874034935,-0.10181177050009296,-1.1231295646220103e-17,0.024769841739309535,-0.1319475028498012,-7.577158479230213e-06,0.030151976165720774,-0.1531775459711337,0.00011957582023520005,0.03312728576385504,-0.17384599788687533,-0.016675904167894887,0.038529101442901365,-0.10127821348905792,-1.2995352660510327e-17,-5.480075081057816e-19,-0.13996865066298975,0.0007249893448540291,6.442014989200446e-05,-0.16601883753162308,-0.008491072408440877,-0.001220778056296633,-0.19223958698810734,-0.01977831278420934,0.001885945377564106,-0.09615245240018422,-0.008712324428200201,-0.015735475099833914,-0.12891139935811016,-0.014103947487281481,-0.01742626330904748,-0.1535503555935691,-0.021990951108095458,-0.017374383273445353,-0.1756049139383577,-0.03060498237352822,-0.015577313517626321,-0.07857039792897168,-0.019036473299342355,-0.029338553228992852,-0.10067195513026843,-0.019255792814915504,-0.03275400230164764,-0.12436507324665116,-0.022003959192515188,-0.034900420690389206,-0.14449010467958803,-0.028699398261871806,-0.03291182103140176
0.0,0.0,0.0,-0.027124568747285586,-0.005248065817620375,0.028721746603042615,-0.05297943430490109,-0.01853768505997998,0.04298530497881049,-0.0797196459789664,-0.041879614198665455,0.03867482006596251,-0.08876358991177233,-0.055043164825241665,0.014829666072886228,-0.10302240777251717,8.540481345301662e-19,0.025288778119671278,-0.13306989579315398,0.00026105606167119405,0.030739250399605303,-0.1541182537105727,0.0012504806988897171,0.03355583737011384,-0.1750487811630193,-0.014637403625397135,0.03957301149411563,-0.1021440736179303,4.072537010725155e-18,2.8890784641980193e-19,-0.14094069357514835,0.000494988440321902,-0.00013217248226922055,-0.16656959270335925,-0.00840424504967167,-0.0008859467921025407,-0.19300055709189698,-0.019180112849577286,0.0023806550443513977,-0.09655054028515789,-0.00889245960066185,-0.01610802606839541,-0.1295435530106006,-0.014989651457040424,-0.017306761774409127,-0.15375022981984635,-0.022455908773865673,-0.017174544457842136,-0.1754687230189504,-0.029793730701757077,-0.015795286079007494,-0.07839609150591219,-0.019300039037383063,-0.02976304510461721,-0.1004650763048537,-0.01984623690685123,-0.03277818262118363,-0.12447681699123153,-0.022413448545361293,-0.034654677481067785,-0.1441326549743874,-0.02815046542074257,-0.03255362151238935
0.0,0.0,0.0,-0.02704583837799737,-0.005164104586734526,0.0286099976636838,-0.053256486962816624,-0.019495068310657372,0.041079694626336816,-0.07963186374368485,-0.045998853712378315,0.03467508377221344,-0.08668244994597901,-0.06006840581246977,0.008061712544214429,-0.10390211262847701,-3.165809645574336e-18,0.02550957234249858,-0.13388965988888396,0.00035920103026865793,0.031159056594698295,-0.15472544452009648,0.002216918631073261,0.03386656967965077,-0.17593825463474175,-0.012981646780593515,0.040211159292076935,-0.10273587606969611,-3.0195211080530043e-18,-1.5485409644541998e-18,-0.14182057278731613,-4.932119862345482e-05,-0.00013191395252718454,-0.16708238694704605,-0.008582092187407284,-0.000580403292974468,-0.19363406299888714,-0.018790326250249203,0.0027770250661186134,-0.09675751828569285,-0.009203418983607022,-0.016477979660384067,-0.13001286084424,-0.016000572048525615,-0.017189279469555525,-0.15369179430388258,-0.02318698472976342,-0.017137324922654767,-0.17519062008727926,-0.02916891304267402,-0.016115228845924586,-0.07827653657956032,-0.019660778404217375,-0.03020005620254386,-0.10043742762291717,-0.020670235983520135,-0.0327701353124412,-0.12467728163025811,-0.02314004539799562,-0.034365824523954244,-0.14369785448417483,-0.02786902746500998,-0.03224977358901244
0.0,0.0,0.0,-0.02689900966089291,-0.0050359961217348,0.02820939065711072,-0.053401925931003465,-0.020096028552307327,0.03932895927701414,-0.07939034644850176,-0.048838578528750794,0.03183156605165363,-0.0853362334772207,-0.06333453945565146,0.00377921252389378,-0.10447759462689216,3.455735034488278e-17,0.02547823697473075,-0.1343885049303064,0.00041186993841661393,0.031367966831532056,-0.15499528034532398,0.003131052695556093,0.03399484429389826,-0.17656781300277977,-0.011539226178020287,0.04044538369621079,-0.1030438478000906,2.360888661108706e-17,7.757068778514001e-19,-0.14248108947443588,-0.000651961194899018,-7.469552555638326e-06,-0.16750157774995825,-0.008724270305468143,-0.00033612407864154205,-0.19418165980250293,-0.01835977274997821,0.0030263695170952287,-0.09680967338959959,-0.009563612974316578,-0.01676615680700072,-0.13024205888014978,-0.016881703509874738,-0.01704460282176242,-0.1534904833535128,-0.0238511855792002,-0.01722589857375622,-0.1749257273482529,-0.028533833307611008,-0.016478239441225454,-0.078170503794785,-0.020039727574908208,-0.030520912318944392,-0.10047993228602448,-0.021502229748628227,-0.032667679533830596,-0.1249142513177634,-0.02392857934080575,-0.03404983547180211,-0.14327804276410172,-0.027744916289554486,-0.03201357261799942
0.0,0.0,0.0,-0.026720157550987864,-0.004902065951764558,0.027668581673356264,-0.05343723898718637,-0.020363869745050486,0.03797541167591108,-0.07913905906891136,-0.050389565539850655,0.030035644719901843,-0.08462157677971766,-0.06514599759077626,0.0013836399321856588,-0.10479157189616818,-2.1723908203131752e-17,0.0253177456311172,-0.1346087864077538,0.0004728707589085386,0.031417437813184575,-0.15496913420490324,0.003927342419527247,0.03400830090815561,-0.17694017942782891,-0.01033674995466344,0.04042601369618221,-0.10313384202091196,-2.0675699591291355e-17,1.719596591898643e-19,-0.1428673638257743,-0.0011332961216542726,0.00017860630116315877,-0.16777162312612323,-0.008743122156958546,-0.00011322713394460862,-0.19463428833381807,-0.017883532015241656,0.003214285965837497,-0.09677698486326673,-0.009886410055272262,-0.01693730352683534,-0.13025766780951387,-0.017503271743626283,-0.016859393103629983,-0.15326371998734795,-0.02430348384678284,-0.017353972332551083,-0.17471872367012517,-0.027898288032302133,-0.016786655992967636,-0.07806409537295066,-0.020352692130664443,-0.030700563128248794,-0.1004919398207345,-0.022161822407897453,-0.03249549350566379,-0.12514355750213102,-0.024569756990973537,-0.03375777742014324,-0.14296798358073573,-0.02766784881505384,-0.031841005874184834
0.0,0.0,0.0,-0.026554386175796918,-0.004789465759379511,0.027170414926736833,-0.053381392328359596,-0.02036607384011904,0.03719506336434287,-0.07898222355256164,-0.05085499968736935,0.029133839913497755,-0.08437133801436683,-0.06584575626903928,0.00033275287726621417,-0.10489180833757002,6.303548092285767e-18,0.025149016059690603,-0.13463818053131876,0.0005659207644853251,0.03139219443258226,-0.15474454655239497,0.004503547815513267,0.03401896284437319,-0.17707194381907593,-0.009472293115187942,0.04035056790497378,-0.1030982399802096,1.0193720823787384e-17,4.1996941421678143e-19,-0.14301526861508665,-0.0013782013416092143,0.0003862071061623549,-0.1679027150336793,-0.00863522782540159,0.0001390135355408884,-0.19499323273141964,-0.017441530853497162,0.003461326500044357,-0.09674450018316562,-0.010109396111405253,-0.016994731496521174,-0.13017428690517666,-0.01782222098048024,-0.016650751176048115,-0.15311940851763914,-0.02451340665159867,-0.01743280188760897,-0.17460140097947574,-0.027367248988762926,-0.0169346979255654,-0.07800026120375582,-0.02055385547507916,-0.03077198615012942,-0.10046786556411315,-0.022556467228175656,-0.03231349659179254,-0.12537294200716603,-0.02494240659760879,-0.03352986313069059,-0.14288763367469062,-0.027562690283456093,-0.03169822370040004
0.0,0.0,0.0,-0.026465207370868826,-0.0047037473942059885,0.026879340827542446,-0.05329225059083045,-0.020164071082520107,0.037142472013289095,-0.0790568191712397,-0.05043599152152246,0.029198628048882944,-0.0846513519530286,-0.06560566202055926,0.0006302834847023448,-0.10484324285680026,2.5215715223200996e-17,0.025045211000490255,-0.13459074855251443,0.0006976833135861319,0.03133768687452865,-0.15448707218065935,0.004775544749695613,0.03407061201354247,-0.17705734437625473,-0.009069639554394918,0.04032922572102987,-0.1030234945783327,2.1357929367608947e-17,2.0909916558566213e-18,-0.1430167718936404,-0.0013083979279278374,0.0005698971254694381,-0.16797860812532203,-0.008392433213724142,0.0004078441404668652,-0.1952955384573713,-0.017093139915004864,0.003797807686782908,-0.09679289841277161,-0.01019388484834779,-0.016954170107809956,-0.13013557239087276,-0.017801258085735263,-0.016470708045860642,-0.1531633700859331,-0.024474392358385715,-0.01740525178945313,-0.17466538093275827,-0.027080833265435422,-0.016832567695454714,-0.07805255558114672,-0.020631158056715497,-0.030764557607511577,-0.10049421940791978,-0.022648550443570316,-0.03218052391750216,-0.12565115795181875,-0.025013976060000456,-0.0333867574949064,-0.14316317033836606,-0.027460814834812382,-0.03154841230097681
0.0,0.0,0.0,-0.02651351973748458,-0.004646702677407908,0.026882123276573983,-0.05323351782334143,-0.01977426506205795,0.03793344131278109,-0.07946075671624267,-0.04911174543059001,0.0305345368064811,-0.08575423310142134,-0.06422929986981406,0.0028935003152148614,-0.10468464813061978,-2.1047771763782176e-17,0.02499757325202641,-0.13453574469282625,0.0008568958931715628,0.031229189667719644,-0.15435368277631115,0.00467471718354454,0.03410973229804577,-0.17701831227145481,-0.009277174729709858,0.04032247590965445,-0.10295731272428935,-1.6915968601965963e-17,-7.308600024635949e-20,-0.14294364406405324,-0.0008927616425592122,0.0006787746749259217,-0.16809288017504226,-0.008015628224611476,0.0006015478474768342,-0.19557686155281395,-0.016864957543647106,0.004126489305214704,-0.09696509017189989,-0.010124643375129359,-0.01681612086079601,-0.13023605807297112,-0.01739645957549995,-0.016389378131476562,-0.15346162236630798,-0.024189702684770022,-0.017274588154246907,-0.17502397649750887,-0.027183021177586506,-0.016433626640635905,-0.07829004053959791,-0.020591452429614802,-0.030670488096367732,-0.10068606323808628,-0.02243220543638729,-0.03213428563777993,-0.12602226120597304,-0.024822911360813944,-0.03335131490144839,-0.14386914088688812,-0.02748719664279539,-0.031389718492761697
0.0,0.0,0.0,-0.026730600862489715,-0.004636637071840618,0.0271390789264162,-0.053227216101721486,-0.019164491410631767,0.03954986611554693,-0.08012811424291695,-0.046608958608052524,0.03346436704605388,-0.08797302287850894,-0.061139442450221224,0.008024432267374558,-0.104389990815326,2.3262720685246285e-18,0.02490579089489729,-0.13444316032466158,0.0009998729292462329,0.030993474081157605,-0.1544071586487101,0.00415030056867973,0.0340176023075467,-0.17701554921419818,-0.01023462563783693,0.040149466115982135,-0.10289214771033725,-1.6908363289081986e-19,-6.82787110624848e-19,-0.1428017904524591,-0.00020380977854913093,0.0006932370801223834,-0.16828373784360337,-0.007590118189826904,0.0005856114130319698,-0.19582086927172082,-0.016810387728056604,0.004258352813182104,-0.09723097120284234,-0.009919922208551866,-0.01656477757536819,-0.13046460783773628,-0.016624951200308186,-0.016470109321440985,-0.15398544833372915,-0.023731526708559426,-0.017126230494539405,-0.1757294293246379,-0.02779722715338569,-0.015791231868640235,-0.0787483386806283,-0.020453570389527696,-0.030452068825401586,-0.1011222889804567,-0.02194383137499713,-0.0321812601513118,-0.12647866153147222,-0.024461453442776573,-0.033457305262530906,-0.14495766804783342,-0.02778628532384844,-0.03127725582421458
0.0,0.0,0.0,-0.02709556270077404,-0.0047182719650549,0.027486889383922065,-0.053231696733879674,-0.018301812369851726,0.041747616033389494,-0.08077742848303844,-0.04262832124244672,0.03803179850961785,-0.09127763607588013,-0.05566881410237681,0.01661102258992086,-0.10385630141411512,-2.7432144206584756e-18,0.024625559993423803,-0.1341737953830461,0.0010137462017654245,0.03057339310503693,-0.1545475771176504,0.003160440677834127,0.033690051287902985,-0.17694337367183308,-0.012020794904905449,0.03957067577904543,-0.10275122007323119,-2.7006106939328704e-18,-1.7393268724377546e-19,-0.14251959484619636,0.0005243648210778431,0.0006679455213514469,-0.1684603146555905,-0.007345575765282499,0.00026642328084562096,-0.19586906185251693,-0.017083694930382864,0.0040054361771479285,-0.09745562540632724,-0.009633611109296471,-0.016199178340029742,-0.13067745632203914,-0.015641703952653678,-0.016726141362053217,-0.1545454331377887,-0.023292279547717048,-0.01709677399214916,-0.17663304606602812,-0.028990772755148754,-0.015106260469694719,-0.07937661451987905,-0.020230502253684328,-0.03009731023028838,-0.10177829404387315,-0.02126961021511173,-0.032303381229841506,-0.12690944584547229,-0.02404844238165772,-0.03372752153719507,-0.14617353375168637,-0.028419681683845677,-0.03131516591246604
0.0,0.0,0.0,-0.02749725463496263,-0.004946689846790922,0.027703616428821867,-0.05313191322266793,-0.017216904031285892,0.04406591640867794,-0.08098156224446794,-0.03718913844522192,0.04377955176943352,-0.09503470536597602,-0.047652247082045,0.028297559477705694,-0.10291453702128402,6.262252994714451e-18,0.02407305855479595,-0.1334995957679011,0.0006985474324039616,0.03000768936045633,-0.15444871969032636,0.001634682730693876,0.03317096071513605,-0.1764220899775228,-0.014635485975001724,0.03848037414528715,-0.10237677486070478,2.820162133888565e-18,4.65680033071015e-19,-0.14195195718491263,0.000900765712887603,0.0007400612623824193,-0.1683291675792451,-0.007655312116038034,-0.00028874577092920716,-0.1953440755338714,-0.01797043053572242,0.0033571851556819477,-0.09739983332144936,-0.009344278550390392,-0.015765507763637585,-0.13060209011718732,-0.014774784171026087,-0.017064299397159532,-0.15474439053874345,-0.023197892758918166,-0.017278149643599937,-0.17720738113712478,-0.030769140456917234,-0.014664574527610922,-0.0799673432543615,-0.019918445943269025,-0.02968958057784636,-0.10244212280515687,-0.02055654830379157,-0.032477967826492066,-0.12705714344838206,-0.023727806566618957,-0.03414687570512597,-0.14698537674406423,-0.029310969997914257,-0.031610267972183435
0.0,0.0,0.0,-0.02777443755898182,-0.005359280993058721,0.02764076000531396,-0.0528292018276492,-0.016044892382429933,0.046040522112060396,-0.08046520425132966,-0.030867494942366822,0.04989747086005299,-0.09824947443510294,-0.03803077707863877,0.04169766527163365,-0.10148415600738657,-1.654810455232959e-17,0.02331102357465811,-0.1322551326272776,-0.00014861503394071428,0.02942637005594233,-0.15373273676483198,-0.00052249761626368,0.032666015902902086,-0.17498100834697874,-0.018017646385422706,0.03702716760198286,-0.10162971639233938,-1.352798604295749e-17,-1.1137666121197778e-20,-0.14097491060352876,0.0005319245080918206,0.0010169860476134116,-0.16752238810762637,-0.008903744451408119,-0.0008872502636005797,-0.1938540779596471,-0.019801844230003304,0.002518617515713025,-0.09683923217753321,-0.009123918168163133,-0.015364243051732411,-0.12996116253407533,-0.014425505045515525,-0.01735049472620409,-0.15413907297364407,-0.023810872745557706,-0.01768548388256591,-0.17671769974361848,-0.033118655983819294,-0.014699813552496893,-0.08019451167679573,-0.01951863593905426,-0.029400448889877043,-0.1027497275208749,-0.020000609811236813,-0.032714109560843606,-0.12660106992492456,-0.02367944275362393,-0.03469069347653344,-0.14676658667163273,-0.030344739275951858,-0.03222346208727127
0.0,0.0,0.0,-0.02787125511753599,-0.005947354789408762,0.027315103962209774,-0.05241082470430977,-0.014969763044382422,0.0474541559032562,-0.07944945266964668,-0.024619873622056997,0.055622331004190874,-0.10034024042983564,-0.02858462527109839,0.054907646509174325,-0.09980330700656424,3.0164561661533424e-18,0.022512580927891206,-0.13057791492202245,-0.0015615661680081151,0.028938013880350742,-0.1523842557180254,-0.0032970163327656603,0.03233843995853171,-0.1725561546957297,-0.021989194031305045,0.035471860372503106,-0.10059683092136164,3.72439686904411e-18,1.537060755990053e-19,-0.13965614034347118,-0.0007171098492400802,0.0014288258954938747,-0.16595022419971306,-0.011210031279230788,-0.001434383408945973,-0.1914283730685779,-0.022721086900752408,0.0016631463399689253,-0.09578497170058928,-0.008997272409468971,-0.015112572565741078,-0.12870969167130256,-0.014815409479762119,-0.017573527585822053,-0.15260809617912677,-0.025265493848502917,-0.018336026169793383,-0.17486521371217,-0.035947258467465874,-0.015323700388124332,-0.0798492124040749,-0.019058555334288154,-0.02937737247687762,-0.10244447028453113,-0.019747545696877426,-0.03306216627445693,-0.12541115649112,-0.02403384180999717,-0.03537445765996926,-0.14528718786254216,-0.03145785811098484,-0.033158663211593595
0.0,0.0,0.0,-0.027881308605938536,-0.006631032445880759,0.026857689360764554,-0.052115098690279145,-0.014070495451289418,0.048348501180870126,-0.0785178742853955,-0.019201934165601425,0.060446026097298516,-0.10146875300502917,-0.020661517711517776,0.06618963457245387,-0.09833181682071108,7.842379790669095e-19,0.021836723733701133,-0.12887535229040198,-0.0033205612338251776,0.028568579121162545,-0.1508161216245577,-0.006422139924248211,0.03217225958308383,-0.16962494876209383,-0.026145004666271822,0.034007648039018123,-0.09959304259172802,-1.6764468075519803e-18,5.743988891282341e-19,-0.13826661355962633,-0.002593984721568729,0.001786248221428305,-0.16393458957564946,-0.01424132072718348,-0.00198766701465344,-0.1885749114591458,-0.026453232325250833,0.0007885914245781677,-0.09453050578074242,-0.008938810649911175,-0.015067259596479646,-0.1271183243688567,-0.01581327387396168,-0.01783469168328482,-0.15049019121157592,-0.02728178790809307,-0.019227870860861487,-0.17210343964371022,-0.03895299877518517,-0.01647136276951003,-0.07903160212477787,-0.018578879232876704,-0.02963553537215778,-0.10160066317411652,-0.019788737449507807,-0.033543777751467975,-0.1236972354294846,-0.024738857243314444,-0.03620094470202184,-0.142942798120331,-0.032570819528729644,-0.034334214214536564
0.0,0.0,0.0,-0.027914552482984915,-0.007283983230581097,0.026412236937266385,-0.05210852822811466,-0.013287874415828864,0.048872085752589355,-0.07812738971726431,-0.014867064772124256,0.06410136984902218,-0.10213274641084653,-0.01450961344367543,0.07454194988886075,-0.09738993211998641,2.1170895230047454e-18,0.021357094410422085,-0.1275265721039132,-0.005060454827658579,0.028316120263189033,-0.1494945466370986,-0.009425305442674134,0.032084465453871946,-0.16684049126817727,-0.029899511978990802,0.032786525155600134,-0.09890864631817357,1.5308306656786844e-18,-8.030368892974527e-19,-0.13711019868678492,-0.0046041535680698045,0.0019778965381073276,-0.16197885255675515,-0.017349711015261237,-0.0025579544631598302,-0.18591626911706918,-0.030331396491687073,-9.093086904081473e-05,-0.09343783301653509,-0.008913709054827626,-0.015188566933873741,-0.12560346946622647,-0.01704210530462768,-0.018174304506784544,-0.14835793010471232,-0.02932739193781083,-0.02021138797314251,-0.16925995813168776,-0.041679614390652105,-0.017836769575330893,-0.07806712234914613,-0.018121036685214132,-0.03006094166155883,-0.1005542557373729,-0.019998205752790394,-0.03408835437940357,-0.12189210840172755,-0.025580446961833824,-0.03706254283290358,-0.14045368724056592,-0.033552110423795724,-0.03553843197472504
0.0,0.0,0.0,-0.027993458302665485,-0.007796611707617572,0.026076744996899926,-0.05234841781793489,-0.012561820310065154,0.04915955551722689,-0.07830013648714111,-0.01159888420565568,0.06650739165410699,-0.10264309930064477,-0.00985516400150483,0.07980873525377992,-0.09698649299792826,-1.7654155374949456e-18,0.021075647292706653,-0.1266835255414438,-0.006461265908350917,0.02818775297022397,-0.14864420340717424,-0.011840570951498543,0.03205102279989227,-0.16468608456425693,-0.032749878102500074,0.03196284677248275,-0.09862000039182138,-8.462584806020876e-19,6.411469939567748e-20,-0.1363651282945683,-0.006291544036570219,0.0020359651371957502,-0.16048452804326044,-0.019931987489159173,-0.0030174966557817338,-0.18389629037922842,-0.033647804232168975,-0.0008054943269855282,-0.09271900090677267,-0.008911247947595591,-0.015384561373392053,-0.12449108561449841,-0.01813253663023946,-0.018509575135125772,-0.14671019067846017,-0.030964214491661476,-0.02102177974536738,-0.16702689225385908,-0.043765812127805684,-0.01898556211552983,-0.077273033040208,-0.01773745900541495,-0.030494495146438084,-0.09965474462570086,-0.020252549211765634,-0.03456839524698261,-0.12041490672825278,-0.026351301191397735,-0.03776981429134884,-0.13844445181509635,-0.034329612244054696,-0.03649814094842477
0.0,0.0,0.0,-0.02807257081192015,-0.008126122661204292,0.025884691473040337,-0.05263876106222665,-0.011913915993057472,0.04929763322629933,-0.07870720082684488,-0.009330948208557817,0.06777227364904954,-0.10297211101563349,-0.006490921003881086,0.08243760272361475,-0.09692517174988192,1.0530987953852552e-18,0.020957157958537736,-0.1262767688020035,-0.0073847919898136685,0.028170581069951645,-0.14823031882081825,-0.013444122466949121,0.03208081259191707,-0.16331938755788905,-0.034555577420921066,0.031589401161727426,-0.09860942028789461,9.533021204418374e-19,-2.7101051775719775e-19,-0.13602206399555808,-0.00744479980652175,0.0020442073334902195,-0.15958819652657583,-0.021731148559451925,-0.0032411298378602054,-0.18265315412062483,-0.036056982115065694,-0.0011874120110104362,-0.09237342010876645,-0.008940302253441995,-0.015576912762911857,-0.1238760292575562,-0.018899031382894407,-0.018737414116914212,-0.1457485573094914,-0.03205704483140714,-0.02147900516090456,-0.16567028822082305,-0.045148406455462364,-0.019634212564085887,-0.0767838871373465,-0.01748421071744122,-0.030823261965156834,-0.09906819305350865,-0.02049590645234957,-0.03489201481015243,-0.11946521058300012,-0.02696964968480377,-0.038193824728461216,-0.13718243992291038,-0.03496139558017355,-0.03705346145880382
0.0,0.0,0.0,-0.02810897597667443,-0.008308147733164338,0.025817447304196918,-0.05281277563111537,-0.011407143465059503,0.04935069315281241,-0.07902710150177501,-0.007939021400772931,0.06820339434608699,-0.1030299717155487,-0.00427873349989917,0.08323666504477888,-0.09699716215027973,-5.630581986388774e-19,0.020952270362597582,-0.12613624964806094,-0.007889223797558185,0.02821860677790624,-0.14809137820118512,-0.014336724171767972,0.032151863220473004,-0.1625924392165474,-0.035560673436999035,0.031553648400771954,-0.09870778366767305,1.5689813712940504e-18,4.0311869880131514e-19,-0.13593997070050798,-0.008114936770016056,0.0020487138864783926,-0.15917098018912385,-0.022861899109694023,-0.0032336348505421614,-0.18203459060797814,-0.03765581840571332,-0.0012417228884554078,-0.0922671275875975,-0.009001491856198343,-0.015729284486284797,-0.12364578543823938,-0.019354001376945963,-0.018834325686861112,-0.14534853090069114,-0.03272755053207369,-0.021593319433362287,-0.16502649980113784,-0.0460280982267061,-0.019792236499618053,-0.07654591503748866,-0.01738188728431499,-0.031020400178734565,-0.09876070097112538,-0.02072255182255268,-0.035056297278377606,-0.11898086480318544,-0.02745624909661296,-0.03834853385419913,-0.1365655336667589,-0.03555113307878256,-0.037237130373759766
0.0,0.0,0.0,-0.028094419355059217,-0.008417941644424986,0.025833829246860982,-0.052832376336730776,-0.011078624412485708,0.04937677404842081,-0.07915483388910795,-0.007206477254964929,0.06819490920796338,-0.1028777345833494,-0.0029865812549740756,0.08309460341982196,-0.09708087914527226,3.7587048896055474e-19,0.021009180528689872,-0.12610213203646276,-0.008135589244571419,0.028280346465806558,-0.1480609033343516,-0.014806076251853663,0.032219407481725026,-0.16220987540491721,-0.03616232025655871,0.03167065726123233,-0.0987984270465511,6.230544536167e-19,-7.815814438284508e-20,-0.13595410563934449,-0.008487668632844314,0.0020536008110301185,-0.1590024160788655,-0.02360893516659685,-0.0030912869827970577,-0.18175053189860915,-0.0387563741396992,-0.0011009973053821764,-0.0922493149178367,-0.009073550658218325,-0.01583760564349965,-0.1236075040530281,-0.0196061715805052,-0.018844111214847317,-0.14523156010231253,-0.03317724677366626,-0.021487691192465214,-0.16473523245577476,-0.04667214185427428,-0.019645107893171775,-0.07642961182031645,-0.01739719659302339,-0.031115146973150862,-0.09860996120046389,-0.020931404743042545,-0.03512016447669559,-0.11876612489435871,-0.027849722618809594,-0.03833804785631834,-0.13631649901744738,-0.03614451656733833,-0.03719094479463789
0.0,0.0,0.0,-0.02804586371951761,-0.008517951027556411,0.02589472324891525,-0.052750191189179924,-0.010907316682870392,0.0494209910652598,-0.07914333083860066,-0.006854902462026441,0.06807691055403808,-0.10266598746039907,-0.002261177913384974,0.08272322547023854,-0.09714247305369843,7.787514987437414e-19,0.021085147160282612,-0.12607975393854523,-0.008279628820037037,0.028322991682166045,-0.1480304489997444,-0.015124798045551115,0.032251853101142126,-0.16191165030136173,-0.036678440369850115,0.031792387923529584,-0.09883875034883424,5.034313906474846e-19,-3.4120447356905165e-19,-0.13595621014950765,-0.008747591763002174,0.0020507624954298007,-0.15889040877715474,-0.02422886709686758,-0.002912844026209704,-0.18154504283806483,-0.03964810659828714,-0.0009016049268307737,-0.0922245397433765,-0.009128786648940674,-0.01591416399666003,-0.1236075411891315,-0.019760777337976015,-0.018820446045126636,-0.145163140328045,-0.0335607036399289,-0.021291250678452847,-0.1644909077452608,-0.047264761448405204,-0.019384232180314157,-0.0763332855788654,-0.017469001245306925,-0.031148470783194854,-0.09851267806107498,-0.02110831354032729,-0.03515182263355847,-0.11864698850555361,-0.02816288446491667,-0.03827017800712838,-0.13619202666283137,-0.03671793125525582,-0.03705880442685861
0.0,0.0,0.0,-0.02798976265035246,-0.00863358617998467,0.02597192653007134,-0.05264311848817774,-0.010828726630373424,0.0495061334434572,-0.07909447693266199,-0.006620681731217283,0.06804657115099423,-0.10252884142805986,-0.0017333364493562064,0.08255430143554632,-0.09720323624196671,5.021535682789013e-19,0.02115667435864217,-0.12605443628037005,-0.008411695953501922,0.02833782224660343,-0.1479721742947664,-0.015436071962214732,0.03224438083712685,-0.16158805673691695,-0.03724368075598322,0.03184652110861433,-0.09884602106702203,3.865405468487329e-19,-5.289084712429633e-19,-0.13592456892587135,-0.009001516583704667,0.0020375024864992485,-0.15875758259415446,-0.024849937650995173,-0.0027623180733855573,-0.1812971482871509,-0.04047581706993083,-0.0007294647118781441,-0.09217298069494911,-0.009153580719479696,-0.015975486111432177,-0.12358803161752341,-0.01988204541319743,-0.018800350982008572,-0.1450470137146506,-0.03394708501599048,-0.02109985135220262,-0.16416684720686733,-0.047865892675953335,-0.01913645014105673,-0.07622533038107675,-0.017544757752271628,-0.031155109260834958,-0.0984314442182988,-0.021237735310805635,-0.035196603989600395,-0.11854909896900812,-0.028388716980016687,-0.038214924693181926,-0.13608085868592557,-0.037213211674875096,-0.03693890331351049
0.0,0.0,0.0,-0.027949677005787397,-0.008753748508238603,0.026039840394216168,-0.05256842827739864,-0.010782485044025432,0.04962341264432197,-0.07908999822809169,-0.00634668259967718,0.06817338371124966,-0.10253793245459711,-0.0011808131293469647,0.0827577562596924,-0.09729664521760095,-4.908159649939247e-19,0.02121412190631808,-0.12606245112946954,-0.008548969603789473,0.02833326366583318,-0.14791351101835723,-0.01574955062667337,0.03221539579276698,-0.16127982292774679,-0.03781819460040725,0.031825459147498104,-0.09886321591735239,-6.803686923334804e-19,2.559224382747127e-19,-0.13589666403509443,-0.009263633439891568,0.0020243582410807903,-0.15862986526152867,-0.02544974343930896,-0.0026729606694581498,-0.18102982474037516,-0.041218175635638656,-0.000628911137906349,-0.09212998717082475,-0.009152333871381436,-0.01602969320158858,-0.12357002577105393,-0.019990749117968422,-0.018798566390014,-0.14491152164301357,-0.034319504460176,-0.020975578469398938,-0.1638123719501158,-0.04842386814384653,-0.018966224254605063,-0.07613465335992148,-0.017595772727499542,-0.031158358950933794,-0.09838613164045568,-0.02131061974174675,-0.0352634532127367,-0.118487267427959,-0.028514761789429334,-0.03819853025338163,-0.13599217242403439,-0.03756497695853071,-0.03687715262528835
0.0,0.0,0.0,-0.027937639969191196,-0.008843734414203261,0.026073846427347728,-0.05253929046502988,-0.010756815072503534,0.0497421378992668,-0.0791473378593993,-0.006050846323388023,0.06843493197715002,-0.10268157208759394,-0.0006541275616758027,0.08330280815123844,-0.09743427139640459,-1.4862351233547324e-18,0.02125275661065178,-0.1261410204545897,-0.008659048302644108,0.02832196972185768,-0.14789219800083792,-0.015996917068875263,0.03219264705483593,-0.16109506248607305,-0.03827215265007522,0.031755666299477014,-0.09891901800638456,-1.3098504105939345e-18,-7.652415193351192e-19,-0.13591676387838664,-0.009483846199820366,0.0020308379503810336,-0.15858017194399246,-0.02590136826390945,-0.0026551753235763958,-0.1808556726198782,-0.04174016316095819,-0.00061479592124622,-0.09214253526886106,-0.009140586817495166,-0.016071739595710028,-0.12360366431914428,-0.020067669140150204,-0.018810004059666544,-0.14484560066775284,-0.0345953182573561,-0.02094229154347162,-0.16357419275021498,-0.048819579931783055,-0.018887202646548876,-0.07611188113951091,-0.01762156357900943,-0.03116767378692452,-0.09841745001114977,-0.021325079121486356,-0.035332888476361006,-0.11851261387679068,-0.028533453906544656,-0.03821433710746007,-0.13599735484844663,-0.03772737797706739,-0.03687626724192864
0.0,0.0,0.0,-0.02795200921093071,-0.008856857162036344,0.026076948147285936,-0.05251659939302066,-0.010790782274547307,0.04984468050853151,-0.07919805465558619,-0.0059271012833693945,0.06874426398726251,-0.10284738652792447,-0.0004772544135217334,0.0839970708346277,-0.09759788724152317,3.2017826702952207e-18,0.021282309670529544,-0.1263078841660009,-0.008678277760846863,0.02831266160066419,-0.14794358902908147,-0.016066475656259765,0.03219657559932824,-0.16113809386378158,-0.03845782704584715,0.03168340395755114,-0.09900814455798254,2.270974171371118e-18,4.641728270776533e-19,-0.13601297083062824,-0.009575854279814446,0.0020679031919466338,-0.15869632940679354,-0.026040385405380274,-0.00268689271176953,-0.18092119259807504,-0.04184748531547675,-0.0006530094169412778,-0.09223527443739622,-0.009139245028872945,-0.01609185926541474,-0.12374372820092412,-0.020060667104251542,-0.01882369784554718,-0.14495212944112262,-0.034657887105378996,-0.020967122060275352,-0.16361571465968802,-0.04891883907267441,-0.018853172638903237,-0.07619598278593694,-0.017661656212627202,-0.0311807892241572,-0.09856450023868628,-0.02129449444480822,-0.03538077093205797,-0.11867805275119585,-0.02844719288967405,-0.038235632576786104,-0.13619309519969947,-0.037692590251267484,-0.03690257060219688
0.0,0.0,0.0,-0.027976993688947613,-0.008740121941717709,0.02609779930593097,-0.05241519683706764,-0.01094639341998856,0.049938120693711396,-0.07909303377007133,-0.0062843216585729104,0.06894658397552546,-0.10282639685066572,-0.001141043583336959,0.08447451992490104,-0.09774750373048575,1.6284327717301556e-18,0.021335082204719826,-0.1265659267774638,-0.008511883284433962,0.028309758939445633,-0.14810346913747782,-0.015795362750906997,0.0322344090865091,-0.16149791311903658,-0.03821227905253008,0.031678948184552545,-0.0990949504071818,2.9789599764564925e-19,-3.984851666534701e-19,-0.1362024419125499,-0.009418178196703195,0.002130235480638395,-0.15907945812310667,-0.025687724692520512,-0.002705091936257183,-0.18138273372524402,-0.041299401114000975,-0.0006429283962732138,-0.09241015575800361,-0.009170473082106586,-0.01608057604129317,-0.12405172723062297,-0.019887021104139424,-0.018827532232764767,-0.14533885666827417,-0.034368986588054234,-0.02095229487658556,-0.1640940089971046,-0.04858977775281675,-0.018746766013171885,-0.07641237021595675,-0.017794809788772094,-0.031180714314756282,-0.09886941054588992,-0.021246798512795144,-0.035387368017766374,-0.1190408258357669,-0.02825818708527079,-0.03821703246825687,-0.13669710557738776,-0.0374803252143177,-0.03689146110260338
0.0,0.0,0.0,-0.027983063321950302,-0.008449131293617598,0.026198224264368644,-0.052142303096306464,-0.011293037417603725,0.050015278578587376,-0.07867433492162836,-0.0074740862719888295,0.06881111245760267,-0.1024099182272226,-0.0031774752486780906,0.08418262399524187,-0.0978355001931234,2.1292150817609708e-19,0.021444799922047616,-0.12690064514154673,-0.008042116456083914,0.028314236707259438,-0.14839294867757952,-0.014981487960525676,0.0322996104316142,-0.16226540368167305,-0.0373436529522331,0.03181815937945896,-0.09913085856842416,5.85339011872344e-19,-1.7647546963999724e-19,-0.13649083808327384,-0.008849979457471012,0.0022061251470538753,-0.15982414634015923,-0.024639610044323766,-0.002634454844818016,-0.18238179149075756,-0.03983028030328995,-0.00046518674319339287,-0.0926694055897521,-0.009246060411230425,-0.01602020396813465,-0.12458481114625536,-0.019428402809119647,-0.018793752606619855,-0.14610593707903283,-0.03356197172325513,-0.02076923374522858,-0.1651694693108748,-0.047689794229226645,-0.018416866007988406,-0.07678994388566525,-0.018090982602943555,-0.031127208634945513,-0.0993784144818095,-0.021188257518442374,-0.03532584810441735,-0.11966894544165423,-0.027941453795256102,-0.03809886233585641,-0.1376355519819111,-0.037098720698815604,-0.036774845906989026
0.0,0.0,0.0,-0.02794124675862481,-0.007971763782933912,0.026403530447727017,-0.05168830815053726,-0.01189913294962399,0.05001903608828257,-0.07794865562150985,-0.009816326643323315,0.06806610298133736,-0.10161242440465748,-0.007033519776781846,0.08244452760902332,-0.09785032821999422,6.358136202061345e-19,0.02161993641082327,-0.12729866086256464,-0.007160836369911062,0.028322741077323025,-0.14882590881323185,-0.013444076218894792,0.032363839967666126,-0.1635491574756684,-0.035651567243062635,0.03214232713419578,-0.09909671175928897,7.638443047840835e-19,1.120711437991107e-18,-0.13687713615825517,-0.007700066294034126,0.00227463001791553,-0.16097914110445627,-0.022690598118191952,-0.002444648297485471,-0.1839964983932427,-0.037224467279584915,-7.905824556065695e-05,-0.09304435972906944,-0.009345460845508548,-0.015883526468925935,-0.12537097919751936,-0.018545772838857718,-0.018679718099084308,-0.14730912284267783,-0.03205768003202346,-0.02032840297894797,-0.16698291080255886,-0.0460604819148695,-0.017766439157126283,-0.07737142507224601,-0.018537577292228068,-0.03096259824277366,-0.10012433597230912,-0.021057466961160662,-0.03516121900324986,-0.12062862025730678,-0.02742162166059448,-0.03783276732611713,-0.13910809669631086,-0.03649816095274243,-0.036523147386766625
0.0,0.0,0.0,-0.02785398972239582,-0.007343155400639165,0.026691686008050858,-0.0512191810593995,-0.012801316347782907,0.04986084468258715,-0.07726684308294218,-0.013492764530458518,0.06648282728268404,-0.10085627830256785,-0.012909224829974666,0.07861544091305799,-0.09789615608959225,-4.2717865031492255e-18,0.021851428414117646,-0.12781130322014292,-0.005823535753193659,0.028326650390382357,-0.14946217511273796,-0.011110213465700717,0.0323674630733258,-0.16546439983280742,-0.0329962568451095,0.03263591407026815,-0.09906742742134968,-4.034083392093803e-18,4.661693188817679e-19,-0.13738101101831632,-0.005878857496257254,0.0022751298592811626,-0.16252042217655635,-0.019745271201061263,-0.0021940335200684334,-0.18619835233962712,-0.03344894551050114,0.0004171005538970216,-0.09361292368227951,-0.009406552981012286,-0.015660051267462366,-0.1263936617819313,-0.017155183847827576,-0.018471351279814245,-0.1489214230644954,-0.029750965252234293,-0.019648203420550167,-0.16957483623710107,-0.043572213476606836,-0.016833901754492755,-0.07819421436822042,-0.01902197635138329,-0.03064706627666265,-0.10109739682848999,-0.02074861813407828,-0.034879694145089214,-0.1219499174355539,-0.026604755830440977,-0.03742039801249609,-0.14113418248216908,-0.03558459386012837,-0.03616661946686775
0.0,0.0,0.0,-0.027763492472387793,-0.0066473899146418745,0.02701415621600323,-0.05103465813065934,-0.013956464517936315,0.04946601586977001,-0.07724508429602338,-0.018384630390777614,0.06396558883440771,-0.1007740087854645,-0.02055533951253315,0.07230543375245005,-0.09820560461081994,-8.932996652738471e-18,0.022143430102152785,-0.1285682283674375,-0.004122052474501456,0.02831893438752862,-0.15039905074568466,-0.008127722406683843,0.03224068868840344,-0.16801976234488122,-0.029447985754484138,0.0332390168587424,-0.09921220252240576,-1.011521288223201e-17,2.7948936164072456e-19,-0.1380426110124266,-0.003526757237724319,0.0020992738008505547,-0.1643130648916795,-0.016020799565699264,-0.002016573363618224,-0.18880221274908512,-0.028845472166560266,0.0008237834415883168,-0.09444795860419578,-0.009356415033929026,-0.015396244172067579,-0.12756444017986057,-0.015371213702139402,-0.018227332006158423,-0.15078418686924253,-0.026785299355522492,-0.01888505170597253,-0.17273178745192433,-0.04027792886097821,-0.015823440065023047,-0.07920818136950043,-0.01939998356528104,-0.030211536206999033,-0.10218693154688718,-0.020224790912347274,-0.03452385124574545,-0.1235484292012382,-0.025486853962126247,-0.03694213463303186,-0.14355151947594658,-0.034331620546059816,-0.03578750818250719
0.0,0.0,0.0,-0.027696917096852305,-0.0060023003149809176,0.02731697610217111,-0.05131303907743122,-0.01522458173608129,0.04878722161643158,-0.0782219221245783,-0.023966632818453685,0.06056004083928569,-0.10146844122926445,-0.02918651638440628,0.0635776423779204,-0.09896256453452712,7.038237317969902e-18,0.022517541540608352,-0.12963188890946203,-0.0023234442442451237,0.02832169195026624,-0.15160701827104964,-0.004929411260665148,0.0319903223168912,-0.1709192053209018,-0.025423600117424963,0.03391282911189026,-0.09964518159317337,6.499751011987992e-18,-6.236358098595649e-19,-0.1388468169968665,-0.0010901265226568838,0.0016713359407163285,-0.16606061348800294,-0.012172246999961474,-0.002006220042341422,-0.19140873034722725,-0.024215698941616924,0.001002724358698949,-0.09547985152837299,-0.009177928983095638,-0.015199801485531317,-0.12868747336749675,-0.013595784915372227,-0.01803606157465663,-0.15256981002552172,-0.02369332136225566,-0.018260595824286362,-0.17585460330922695,-0.03660425179746677,-0.015023228526431686,-0.08017501445161838,-0.019593981474217044,-0.029777250214733434,-0.103123204298167,-0.019621005358720627,-0.03417900328862695,-0.1251401226319647,-0.024252388803772534,-0.036530542103077816,-0.14591377467007152,-0.03288421840208283,-0.03547279225224841
0.0,0.0,0.0,-0.027600679748646433,-0.005511595365569692,0.027562651124331497,-0.05187178551233116,-0.01642278950128646,0.04778848561103746,-0.07971266123808879,-0.029510319901638587,0.05635040863873734,-0.10194940706042734,-0.037756145774523825,0.052958772601970606,-0.10008595968907924,1.1895701734415912e-18,0.022986029420230786,-0.13084057871618474,-0.0007701395778991472,0.028418152688269114,-0.1527973172564071,-0.0020553150022356035,0.03178673158760998,-0.17356124293468286,-0.021521321409991665,0.03473454589184141,-0.10027653048209155,-3.278098401079036e-19,8.404270604385464e-19,-0.1396710060896348,0.0008558628514605689,0.001061683784449931,-0.16737172899930275,-0.009047345644035327,-0.002060057512749914,-0.1934875721019076,-0.020481125742954763,0.0010718079566429874,-0.09645294398868605,-0.008954572752209709,-0.015173303272567428,-0.12951747688993254,-0.012359725428970908,-0.017895717111330037,-0.15389252325167221,-0.021237203104336556,-0.01788167475836663,-0.178133605710573,-0.033247373138104865,-0.014591274164724164,-0.0807342559606613,-0.01964197097342481,-0.029492532223947168,-0.10356205219834734,-0.019206508213143732,-0.03389958807967577,-0.1263213298141358,-0.02322283021897149,-0.03626355794219454,-0.14759577257920073,-0.03148434961763644,-0.03521814917050517
0.0,0.0,0.0,-0.02736632640868905,-0.0052101104681288824,0.02774053077966715,-0.05230037231559172,-0.017419220144810912,0.04647069136091324,-0.08072645413415402,-0.03449442670594326,0.05145964227336605,-0.10082816495374215,-0.045443074700697486,0.04130821659153219,-0.10127975135987069,-1.6622830952560666e-18,0.023538839373767592,-0.13190045912381188,0.00032395010786400434,0.028728889859468087,-0.15358587855893652,0.00019652493149536213,0.031888302161169856,-0.1753991356815077,-0.018102029562432197,0.03585946850203181,-0.10089539477429472,-1.1065976808471918e-18,1.3743142119545806e-18,-0.1403732344910177,0.0019406171154881548,0.0004814691442792974,-0.16798777950314048,-0.007163439571000184,-0.0018986578663904082,-0.1946636964826592,-0.01810019322031858,0.0013689277807933092,-0.09711678443622067,-0.008819777080886439,-0.015334872492991114,-0.12992254178323215,-0.011999621613568457,-0.017667467251966173,-0.15454855831805037,-0.019965476541627766,-0.017637422525866826,-0.17903949965918142,-0.03071766727169226,-0.014428101510795448,-0.08067094154094813,-0.01964570270360417,-0.029436107079894542,-0.10332848632705352,-0.019207831182645234,-0.033651461324322195,-0.1268539346247003,-0.02266553203462415,-0.03606729125269565,-0.14817191040699168,-0.030274318346237596,-0.034879638742428054
0.0,0.0,0.0,-0.026932682453752962,-0.0050673078004459795,0.027845148428044968,-0.05232536621270161,-0.01818649187684036,0.04493759975307477,-0.08066433065820297,-0.03872586462695968,0.046246045232940174,-0.09769579140476752,-0.05183100073777893,0.029779763807235383,-0.10226432342041275,-1.3316846526208258e-17,0.024139626188153292,-0.13260747433362646,0.0009794100840725998,0.02931560864101091,-0.1537934111166719,0.001910152510490068,0.0324234684678724,-0.17631665994466839,-0.015136467138565585,0.037301855409337906,-0.10135495576269977,-1.304506261659855e-17,1.0797407448174645e-18,-0.14089342737707583,0.0021701745351678492,0.00015445040303163334,-0.16794777384283596,-0.006438491747598856,-0.0013039091855694942,-0.19496009115485088,-0.016874909332709215,0.002146866954461105,-0.09742146599852759,-0.008848393651924337,-0.015612183501551342,-0.12996593673428036,-0.012474989378165241,-0.017169865962003514,-0.15462010947715973,-0.019904691279365467,-0.017310929281487236,-0.17866328776915996,-0.029047161826864655,-0.014320678007581534,-0.08009506112915188,-0.019679786478788715,-0.029587309012913534,-0.10256483432985028,-0.019644008229255987,-0.03333693790846413,-0.12685446604632403,-0.02263731944696219,-0.03574928300901531,-0.14772637800071656,-0.029215389601218465,-0.034274743899348335
0.0,0.0,0.0,-0.02635539453583692,-0.005042606568269023,0.02786851996240979,-0.051973091736565794,-0.018772262127961053,0.04340089634866598,-0.0797150052979461,-0.04214214575206886,0.04135418106651998,-0.09352119514039658,-0.05675882840593722,0.019723298622920524,-0.10291629940581909,-1.9278496553397656e-17,0.024712227641662383,-0.13294084824378244,0.0013692672626085948,0.030096936011637033,-0.15354644281378033,0.003361992624468589,0.03327004380181142,-0.17663810826721663,-0.012456856090110874,0.03880308149434596,-0.10162296672849996,-1.7770518487086582e-17,-9.907622153132819e-19,-0.14123983731185466,0.0018494690172268314,0.00018046915018793823,-0.16752705915516503,-0.006399996474381799,-0.0003260877468410942,-0.19474958670514209,-0.016274356398384114,0.003327557029979529,-0.09749087271990566,-0.009014079989771301,-0.01590837530621533,-0.12981479977188845,-0.013426557181634859,-0.016341900852055145,-0.15436021166611993,-0.0206339900429314,-0.016789954034644256,-0.17760012229466698,-0.02795480814888226,-0.014153631858394185,-0.07933464468797144,-0.019772723221536847,-0.029863710878525265,-0.1016206535319524,-0.020318243449974824,-0.03288493193946636,-0.12665820932812258,-0.02298354061658064,-0.03516042214055012,-0.14676069579013676,-0.028211550324196227,-0.0333480206401687
0.0,0.0,0.0,-0.02578016289877601,-0.005116321584819442,0.027851801921414315,-0.05144731738630985,-0.019238740983401552,0.042100623063509084,-0.0785018627102312,-0.044731029372161196,0.03743729568899912,-0.08973832373003257,-0.060290430204185855,0.012230770099355396,-0.1032866569535501,2.0386844892695785e-17,0.025173275645595745,-0.13303892922425642,0.0016479374584027122,0.030882852211988946,-0.15315139817678103,0.0047313563975886095,0.034158391329947975,-0.1768172928754438,-0.010046112270402469,0.03999047728866253,-0.10173980376748687,2.0843453105159092e-17,2.262755128635537e-18,-0.14146664129454334,0.001368112293084988,0.0004701882418805074,-0.16706200304202862,-0.006597440729563347,0.000746109047954899,-0.194477564976102,-0.015882848467630207,0.0045782574362446425,-0.09748120372670613,-0.00924686290821819,-0.016178679986880114,-0.12962732210364517,-0.014413362854225101,-0.015345302358315964,-0.1540436164109491,-0.021630683342504058,-0.016165941917417558,-0.1765421322601693,-0.027213412523774738,-0.01392834064506112,-0.0786869647733266,-0.01994717976094334,-0.03017863736105038,-0.10082573460721056,-0.02099056858244413,-0.03233899784223665,-0.1265475425427506,-0.023488868003284844,-0.034347444043033595,-0.1458221251570588,-0.02731383492846676,-0.03222756405087229
0.0,0.0,0.0,-0.025345064011645428,-0.005263976119824236,0.02789497122068711,-0.050940417749920676,-0.019629829823893906,0.04119914949563102,-0.07753321746264619,-0.04659051524071049,0.03481870840245928,-0.0871850157508932,-0.0627074645638255,0.0076135571395029395,-0.10353181657692813,2.348350386673318e-17,0.02549737370520364,-0.13311521325830392,0.0018519398109391376,0.03150694748176225,-0.15289880677555776,0.005973166036785329,0.034870845712855016,-0.17713119351392878,-0.0080727852468574,0.040654915323265726,-0.10179036815544595,1.953608888597504e-17,3.682840367521596e-18,-0.1416861084085278,0.0009833661037901718,0.0008191815588712323,-0.16681150721884386,-0.0068359020193192455,0.0016125346141700825,-0.19441982749612566,-0.015579306321598811,0.005599660912233027,-0.09750154698151431,-0.009499279599548688,-0.016441514651417497,-0.12953230444134964,-0.015171436832910164,-0.014470257750727229,-0.1538869679659566,-0.02257597026825106,-0.015626125565000412,-0.175927873131939,-0.026795610063595956,-0.013658445532160312,-0.07829032464720964,-0.02022051014260837,-0.030483508859168854,-0.10035892309800858,-0.02155314868952584,-0.03184644504656486,-0.12663742611970666,-0.02402295575399681,-0.0335283008211115,-0.14523711805368456,-0.026713896662572862,-0.031133433878941554
0.0,0.0,0.0,-0.02510784520875128,-0.005436346138726672,0.028054586937781015,-0.05055564436496383,-0.019963862274974466,0.040701405844764775,-0.07697533257978632,-0.04788940019622818,0.03337597827009855,-0.08587058148296932,-0.0643202635727432,0.005338358202524055,-0.10378697708602819,1.470567134198937e-17,0.025712928666629737,-0.13332879883709467,0.0019455532271908326,0.031906579036991484,-0.15292012948825162,0.006921007713320275,0.03533810909768765,-0.17760464323109929,-0.006710040005548085,0.04085745903779019,-0.10186690949617387,7.552598091810651e-18,2.7965329012983812e-18,-0.1420053165739466,0.0007513548821715422,0.0010641824822421608,-0.16687757691458133,-0.007109779538948552,0.002141044477949945,-0.19463004066301368,-0.01540823329470326,0.006289638264336173,-0.09760120382220697,-0.0097449936295463,-0.016718234914260117,-0.12961120973740156,-0.015673345855493247,-0.013925213171702616,-0.15398543425043418,-0.023378914803990347,-0.015291115369719332,-0.17583804448817858,-0.02671203014798326,-0.013352592110949713,-0.0781535095499653,-0.020561719476820197,-0.030762731022099168,-0.10023867517380737,-0.02201486922989263,-0.03154108600957051,-0.12690915426028404,-0.02452366398486648,-0.03292155068998762,-0.14508264287494363,-0.02649439662302071,-0.03026011556442828
0.0,0.0,0.0,-0.025046303765226704,-0.005583874562673872,0.028281190401572197,-0.05031907120865788,-0.02023923895563621,0.04047020267672636,-0.07675090184642797,-0.048781131067520335,0.032697577641027445,-0.08535423220056639,-0.06535416045711752,0.004448604308461896,-0.10408204607863006,1.0906785388699251e-18,0.02585061770570029,-0.1336973096558623,0.0019117314651488724,0.03210376205284143,-0.15315984521720477,0.007457726477428265,0.03560484807621954,-0.17810495715810207,-0.005986873400350774,0.04082255922063985,-0.10200694414383625,-3.2677711070012083e-18,-5.37237297894906e-19,-0.14242846151798685,0.0006154753116618907,0.0011660111378246853,-0.16719163893868444,-0.007446550912748998,0.002371247552521384,-0.19500746899116908,-0.015424028258338572,0.006699588314532594,-0.09776610503198062,-0.009952179147305321,-0.016993099762217485,-0.1298493445700984,-0.016001447399030262,-0.013733700065302112,-0.15428173371403114,-0.02403714806716469,-0.015163935988136933,-0.17609289256567712,-0.02687849156530309,-0.013049464287491952,-0.0782075564487868,-0.020888392890669398,-0.031005592142451403,-0.10036360053816577,-0.02238726843564486,-0.03145038350085919,-0.12726640668236627,-0.02492024978242328,-0.03261732793796041,-0.14526067126913578,-0.026522746626013196,-0.0297057912043876
0.0,0.0,0.0,-0.025096027572498524,-0.005678822129530922,0.028476536986019412,-0.050206272559814004,-0.020438266838966723,0.0403377071708691,-0.07670883051090478,-0.049358695049479075,0.03235126576877998,-0.0851570522893325,-0.06595720007270546,0.0040656100673508895,-0.10436490008981124,-1.6874837672039413e-17,0.025927472084577678,-0.13412629166018894,0.0017784015608542025,0.03216104526370965,-0.15346590518980785,0.007589099321017727,0.03575628472859507,-0.17847594393909638,-0.005794256502877777,0.04076627530694696,-0.10218196424766154,-1.47247035562323e-17,1.5444931131984134e-18,-0.1428646193760604,0.0005116962144502293,0.0011736492212398246,-0.16759104045850776,-0.007830354706772185,0.0024230194953705642,-0.19539613606919023,-0.015627352202927557,0.006927649535131875,-0.09794070020093681,-0.010088536692421707,-0.017229148084988162,-0.1301504777685973,-0.016227743040303333,-0.013787337715311607,-0.15462999406256442,-0.02454377100198805,-0.015177923171425418,-0.17643428740818126,-0.027151607708466387,-0.012809302860454425,-0.07834929718445123,-0.021114117393229152,-0.031198022136046187,-0.100587104594456,-0.02264840538879444,-0.031512162250723376,-0.12760018665984582,-0.025142097768224084,-0.03257400362258428,-0.14560089980032287,-0.026595745654928525,-0.029454465244642115
0.0,0.0,0.0,-0.025184940439287082,-0.005709210982416432,0.028565348659436506,-0.05017054369284755,-0.020532444920936217,0.04021808258002184,-0.07673720754732273,-0.04964428245197212,0.032087565364446166,-0.08499920385398307,-0.06620831237609306,0.003694909890067678,-0.10456352486554295,-1.5476835324141443e-17,0.025958218883034047,-0.13449053597156807,0.0015992563844768122,0.0321438563819127,-0.1537010152349032,0.007407352306426242,0.035856646628351606,-0.17862397592389653,-0.0059739890234224964,0.04079506285110088,-0.1023359372771634,-6.897799986359799e-18,-6.986801044891872e-19,-0.14320219430640763,0.000416752680362326,0.0011408153621062288,-0.16791966821787824,-0.008184861536293686,0.002396512046874626,-0.195668491125622,-0.015941759529738968,0.007031673135391476,-0.09806442332900768,-0.0101400403790998,-0.01738980105937556,-0.13040478317151416,-0.016375267248198662,-0.013950546055631605,-0.1548914220143546,-0.02486195081571138,-0.015261747636000833,-0.17666677147162743,-0.02739654482067543,-0.012689436503433436,-0.0784836176247619,-0.021191919510388593,-0.031323471600482176,-0.10078872677982001,-0.022774677805154703,-0.03164311108241557,-0.12783164497383753,-0.025166257664313463,-0.03268905569680088,-0.14594887001657558,-0.026584751111326473,-0.029425028795100554
0.0,0.0,0.0,-0.025263804226241707,-0.005671744431634344,0.028528235025243716,-0.050174329398305656,-0.020513079904642025,0.04015089006083624,-0.0768056777809628,-0.04962216069410307,0.03192477769174015,-0.08488056622768873,-0.0661389872374573,0.003347012386724884,-0.10462582470106266,-7.190695556993841e-18,0.02595467709194442,-0.13469535260578147,0.001430479299059287,0.03208316987296438,-0.15379834932126915,0.007003763450365422,0.035915622336582416,-0.17852701433820486,-0.00642807012075307,0.04090447211523003,-0.1024196726766308,-9.553491046269252e-18,3.9790826140567706e-19,-0.1433614669976907,0.0003496954861982536,0.0010763885898145596,-0.16808825054773716,-0.008412017832002027,0.0023201753700602397,-0.1957649197894349,-0.016260361737432102,0.007011060499666509,-0.09809868746244983,-0.010113235152844582,-0.017444657296255914,-0.1305409543091918,-0.01643184212252049,-0.014139268663051083,-0.15499493140663145,-0.024952638193196836,-0.015361534863699153,-0.1767125367603978,-0.02756357466103709,-0.01269386711775494,-0.07855605661452977,-0.021129297752533308,-0.03135555618450276,-0.10090233751912213,-0.02276888745830466,-0.031779162987106965,-0.12791690764333175,-0.025038565034141997,-0.03286681815159534,-0.14620944583926707,-0.026503368055770776,-0.029535365330007668
0.0,0.0,0.0,-0.025336316472090174,-0.005580739438099463,0.028400741774044797,-0.050224898921575695,-0.020410475805348657,0.04027147591675323,-0.07697333367615602,-0.04924526937564629,0.03213044666124255,-0.0850800697170706,-0.0657225123177963,0.0035462175439879002,-0.10453403771829016,3.1485491164469936e-18,0.025906713747869143,-0.1347001653105417,0.0013186091396629892,0.031953581695933105,-0.15376467783488673,0.006420953184394713,0.035881606905650634,-0.1782138198462777,-0.007163141715513595,0.04100562609430531,-0.10240704340392645,3.0961169317889056e-18,-5.359102603217858e-19,-0.14330107058343025,0.00036491333972060697,0.0009513024188129076,-0.1680854885273346,-0.00844440065894977,0.002156238845964293,-0.1956913151708464,-0.01651337237761733,0.006830619200079018,-0.09803803736919876,-0.010017611238244573,-0.0173715566270856,-0.13054135888745183,-0.016353571216801185,-0.014355769037397813,-0.15495492886138204,-0.024796095601456503,-0.01544674270576489,-0.1766177268810287,-0.027718670833592838,-0.012754416281536545,-0.07857042194855522,-0.020965572862295306,-0.03125568170978343,-0.1009183943412981,-0.022643015776531265,-0.031883906956246065,-0.12784805118531914,-0.024837839886856904,-0.03305525861568554,-0.1463621552751689,-0.026497643981193624,-0.029733534383604626
0.0,0.0,0.0,-0.025468416389591696,-0.005474187333000962,0.02823045647130033,-0.0504016157245005,-0.0202523639325354,0.040737505736388784,-0.07738961813381584,-0.048370398239458885,0.03312363907224699,-0.08609670601447154,-0.06477436172066725,0.005207730891530151,-0.10429625581814425,-1.1803535260563796e-17,0.025764661624886453,-0.13451000355649456,0.0013079800865146974,0.031684578969209634,-0.15367394718798774,0.005686195082153462,0.0356435861702011,-0.1777776863038418,-0.008209687191232566,0.040926459605172556,-0.10230216110522851,-4.778953651149089e-18,-1.5544185544903561e-18,-0.1430031519016762,0.0005608227549441983,0.0007304628227154067,-0.1679647549360009,-0.00820830002071292,0.001808126061363795,-0.19551934577416902,-0.016634135827767647,0.00639209909701131,-0.09790401184542491,-0.009846455135194361,-0.01715390147950187,-0.1304389152687423,-0.016029813822214908,-0.014678168586826976,-0.15485512886194147,-0.024325657465472314,-0.015549456937449526,-0.17655047036274038,-0.027920512708956128,-0.012837003048447993,-0.07858932390096281,-0.020725278963018245,-0.030985181269438406,-0.10090378761792716,-0.022357827308838972,-0.03195505141507528,-0.12766686718636028,-0.02457637188201301,-0.033261937946469505,-0.14647553073981148,-0.02670559351595119,-0.030021054891931055
0.0,0.0,0.0,-0.02576307573331902,-0.005397929044761978,0.02803425230630432,-0.050824396807105626,-0.020014550975603004,0.04163655329840508,-0.0782304493557469,-0.04674903985303531,0.03530641748344637,-0.08845696289943088,-0.06289201111540135,0.009312656340047229,-0.10394968289829265,9.76014214337235e-18,0.025450476353620813,-0.13418481076451905,0.0014328966281866335,0.031202429285094212,-0.15368523820863503,0.004854292460933546,0.03506862461222782,-0.1774143360173417,-0.00953458863511258,0.040435521681694876,-0.10216329340970468,4.782184453541348e-18,-1.3029940443555704e-18,-0.14251380582544038,0.001048279584629766,0.00041645019199256655,-0.16785250358804532,-0.007592509621380915,0.001150548161144892,-0.1954094786751682,-0.016502013030288247,0.0055315429165521774,-0.0977603797885043,-0.0095917988084914,-0.01677563578181524,-0.13033112833872887,-0.015310708714483284,-0.015195191497592781,-0.15484362343170135,-0.023407480041216466,-0.015771542475708934,-0.17679983174654015,-0.02810497061265446,-0.013026500047246132,-0.07874460964998539,-0.020416206340496942,-0.030519757062253853,-0.10103643127312846,-0.021825284992976937,-0.03201510617925642,-0.12749390116857617,-0.024165588481332205,-0.033531669562037826,-0.14673380482021742,-0.02712757077591812,-0.030448795747934944
0.0,0.0,0.0,-0.02629355465368744,-0.00538152865520728,0.02779903734056251,-0.0515320244203702,-0.019630969405709017,0.04290191512157132,-0.07951314180515888,-0.044166119349284334,0.03884916515192052,-0.09233271353145149,-0.05959992823568048,0.016445381283754446,-0.10356672803827323,1.4909544456413312e-17,0.024907782831604417,-0.13385201709489272,0.001666964003296727,0.030496529165766006,-0.15399357252020077,0.00400904793521126,0.034114835587352885,-0.17735461324907723,-0.011026518151317988,0.03935700296447012,-0.1021138637733174,1.2859024015533326e-17,3.383503454158307e-18,-0.14200299763643953,0.0018322203772424424,0.00010501096971536915,-0.16793015497236657,-0.00657289891511253,0.00015541842361287334,-0.19554912046415057,-0.016010014393884695,0.004176847231228313,-0.09773443616674259,-0.009287436938414828,-0.016240265776746362,-0.13037138381747027,-0.014156906468336986,-0.015901988707655197,-0.1551040489963063,-0.022012518595155097,-0.016197789488638103,-0.17766346269338812,-0.028158185939634296,-0.013441689701378963,-0.07922661247426262,-0.020071983251864305,-0.029881493264801155,-0.10156416179003945,-0.02101479773004523,-0.0320800134940669,-0.12751874054459258,-0.023531392000670448,-0.0338820867473322,-0.14738560231472012,-0.027649985334240592,-0.031055882176908817
0.0,0.0,0.0,-0.02701832531786505,-0.00543071050886934,0.027503111682473484,-0.05235412369599437,-0.019030182776360587,0.04431290023355468,-0.08089325110193307,-0.04061038930405282,0.04354050616981128,-0.09709875060313888,-0.05466409829167327,0.02644508101282547,-0.1031835710840645,2.1633399895544793e-17,0.024155494948533505,-0.1336084594349683,0.0018845338192134305,0.0296728613975557,-0.15461334512245933,0.003213273965892931,0.032943322447409495,-0.17760636860290419,-0.012531720086522919,0.03773618700834966,-0.10224675231209546,1.617923313952952e-17,1.2698333956750317e-18,-0.14166898141068598,0.0027046327694729955,-2.603347581961775e-05,-0.16827597237327055,-0.005373353092103909,-0.0009876421463552866,-0.19592351471646513,-0.015213477841194119,0.00252682608818749,-0.09792390799805294,-0.009015682166250401,-0.015612216597137027,-0.1306521787607235,-0.012768757874452858,-0.016651950784101036,-0.15568667236535164,-0.02040146094931303,-0.016805263067930024,-0.17910916794894202,-0.02804970240409258,-0.014109257544703846,-0.08014170930380389,-0.019746118489975397,-0.029190569057296292,-0.10260280921814294,-0.02002872882473537,-0.032157568673379835,-0.12784685336103288,-0.022727883231125637,-0.03427377229828829,-0.14848658102719772,-0.028103357585886297,-0.031816101483646386
0.0,0.0,0.0,-0.02777691409776022,-0.005545212567843888,0.027141738521782602,-0.052960950883139714,-0.01817647326624153,0.045621461121180394,-0.08173131357157465,-0.036341534666901716,0.04883314986659215,-0.10136412900359851,-0.048386416092439336,0.03837238374392519,-0.10273103707820026,7.500876130317673e-18,0.023288571245130407,-0.13338994786317718,0.0019023238154025363,0.02891350230524121,-0.1552414475159989,0.0024164250762506853,0.03187054321535845,-0.1778065684424848,-0.013970313923313651,0.03587714530851187,-0.10249258983503515,4.329425738414812e-18,8.846065206448048e-19,-0.141537059257244,0.0033111266532037304,0.00014822109974724877,-0.1687045929658132,-0.0044449627908157915,-0.0019602772278196423,-0.19618572201955337,-0.014414103656704251,0.0009926674892179474,-0.09823858709620152,-0.008851675605637158,-0.015022328953920305,-0.13107065746190735,-0.011518644973120206,-0.017258173335941915,-0.15635322850767056,-0.01905527623607621,-0.017493789318336526,-0.18056583308308968,-0.027890757381046346,-0.014943447204596746,-0.08131633684215696,-0.019459933855281147,-0.028647400159527645,-0.10392570666063186,-0.019051692756544582,-0.03227725096751823,-0.1283151313963623,-0.02190194162799274,-0.03466690890353534,-0.14966748635150873,-0.028304916743890334,-0.03264728180596417
0.0,0.0,0.0,-0.028388405548039872,-0.005737358665449042,0.026739306136089287,-0.053105473764458594,-0.01711974685658109,0.046682135215968014,-0.08153136544428477,-0.03178407285292595,0.05404588199805892,-0.10380633826671049,-0.04151282720301004,0.05072346791523461,-0.10211905201409283,-9.410307475861388e-18,0.0224318829628157,-0.1330288351260867,0.0015853935851645564,0.028353225508464044,-0.15548509459878312,0.0014562339760237977,0.03116007643556955,-0.17750315701421365,-0.015421982735417372,0.034169563903763495,-0.10265375057109155,-1.181212243645354e-17,-7.622606178994194e-19,-0.1414320543971719,0.0033711877838378903,0.0005852515532650124,-0.1688704934009149,-0.0042208828457379445,-0.002557835012418884,-0.19591003584350142,-0.014054645498312712,-8.526970251859823e-05,-0.09842581107503384,-0.008802288667235342,-0.014609684274697655,-0.1313660053072958,-0.010727947538347755,-0.01764871744926641,-0.1567106159144874,-0.01837708898675527,-0.018195870872380667,-0.1812937193062014,-0.027890244229174365,-0.015817242741944806,-0.08233592502815247,-0.019182982987033352,-0.0284155576089388,-0.10505574005822226,-0.018235697131622278,-0.03248144225010751,-0.12856091231083902,-0.021186241684232075,-0.035074736448275176,-0.15034086186424384,-0.028172438003276047,-0.033456073350272564
0.0,0.0,0.0,-0.02872667667227764,-0.006012528759509126,0.026334736923570374,-0.05276554015423369,-0.015953494995928873,0.047476401532330806,-0.08028822555664657,-0.027221729905800487,0.058624225856417356,-0.10397171386232412,-0.03459664996696051,0.0619186707664022,-0.10133347828826476,-9.8719274165062e-18,0.021701673106611783,-0.13240576956650402,0.0009265476042507412,0.02800997707497796,-0.15514847616763316,0.00020435873323876926,0.03087683255686544,-0.17647460172423438,-0.017034988984307893,0.032887691611080135,-0.1025464901861293,-1.1304299646577211e-17,-6.528663765444148e-19,-0.1411330489064327,0.0028198757841494844,0.0011243384862350725,-0.16850625596754903,-0.0048689524792257174,-0.002795907487219777,-0.19489203029437124,-0.01448135518898992,-0.0006302950703568586,-0.0982519919780556,-0.008811036173296677,-0.0144526445147354,-0.13128181563348862,-0.010528925766129847,-0.017888794234817762,-0.1564677502457101,-0.01849063407832561,-0.01890259409442136,-0.18089682380922725,-0.028244849668469785,-0.016623914202291815,-0.0828078461804745,-0.018866965870775864,-0.02852729851883268,-0.10558791707361832,-0.0176550588713676,-0.03278126466777745,-0.12827429151054281,-0.02068017948925015,-0.03552933717547402,-0.1501180658784103,-0.027838848560662682,-0.034171191589882285
0.0,0.0,0.0,-0.028744750003939924,-0.006338301393733511,0.025968600269881206,-0.052077776169295216,-0.014711160596575935,0.04807715878390981,-0.07841325926817014,-0.022642623038376528,0.06236165771033249,-0.10231753932796356,-0.027628782965114083,0.0709912420988213,-0.10042215116522292,-7.724958297770313e-18,0.02117640996453122,-0.13150813343251014,2.6662005032827003e-05,0.027822588605513295,-0.15426026456575745,-0.0013294950892864474,0.03092342423311261,-0.17474704305575825,-0.01888521222719366,0.032114797436888366,-0.10209209678585748,-2.765898753061722e-18,4.4791250927121086e-20,-0.14051512046403122,0.0017730829277751577,0.001609664924097221,-0.16754142851812068,-0.0062814077625856736,-0.0028114650581510634,-0.19317045628421486,-0.015798246710611565,-0.0007619709210623264,-0.09762888356569417,-0.008818556487240708,-0.014542534165933506,-0.13069361075886762,-0.010892153016260434,-0.018078716638318414,-0.15554736932779334,-0.019307147394432136,-0.019604922630239843,-0.1794165912425684,-0.02907776238941002,-0.017285666960555817,-0.08256482250142547,-0.01849457752984229,-0.02889259404835273,-0.1053830295641417,-0.017342175457508328,-0.03314529417535056,-0.12735810445001405,-0.02047870275128932,-0.036028021668904245,-0.148964237717468,-0.027597464347659178,-0.03475335877265083
0.0,0.0,0.0,-0.028487862561528035,-0.006653101805514409,0.02567583952457505,-0.05123591671361887,-0.013396508791552264,0.04858023160040766,-0.07645051248923412,-0.01804421822521735,0.06533908429305899,-0.09980490244662821,-0.020550342351160152,0.07778105736980888,-0.09947372408263022,-1.5995973470555194e-17,0.020869091182667773,-0.1304208860046279,-0.0009739562015866178,0.027719310984134035,-0.15298973402104454,-0.0030095890870280996,0.031147631493775203,-0.17254234621146602,-0.02091815831028653,0.031773341220308546,-0.10135249595291877,-1.4521986838856833e-17,-5.262073233317805e-19,-0.1396105597023894,0.00044765900276787473,0.0019647017384145115,-0.1661114087167647,-0.008198255702087548,-0.002729480771655251,-0.1909676367709684,-0.017861608009149012,-0.0006350231208874571,-0.096653733338569,-0.008802046047269913,-0.014797575521579252,-0.1296636410791816,-0.011677935074219164,-0.018256048974450816,-0.1540912820062048,-0.02064618543382481,-0.020255071860174723,-0.17719953254643608,-0.03041202205538818,-0.017748792294216074,-0.08171244859275353,-0.018089564011696105,-0.02936205060366707,-0.10456124013621636,-0.01728872920942237,-0.03351338688333313,-0.12596243857319658,-0.020627191606988796,-0.036517482648860504,-0.14714432552581058,-0.02769112656972635,-0.03518311729952574
0.0,0.0,0.0,-0.02806104038139917,-0.006902989569799825,0.02547772173758929,-0.05040194969866308,-0.01209096914139282,0.049032251511192476,-0.07479060414519345,-0.013724034209062121,0.06764874603921489,-0.09734268148908412,-0.013786950830498192,0.08250679394238286,-0.09859510707005123,3.45318647086553e-18,0.020738997630786387,-0.12928707553958954,-0.0019396099986668256,0.02766493108022966,-0.15157210695883364,-0.004640162776684015,0.03142560750544219,-0.17021449970752736,-0.022982544335530215,0.03172311043018785,-0.10049041015251982,5.822473299779282e-19,9.554232351090141e-19,-0.13857978846410454,-0.0009144128318593436,0.00220053358633372,-0.1644959257734878,-0.010307102887205984,-0.002598932900801035,-0.18863780599544325,-0.0203518535017178,-0.00034988192117612607,-0.09555272901449964,-0.008772974545375095,-0.015109195097649235,-0.12841127633923297,-0.01268196568456698,-0.018383960356927073,-0.15240013667454028,-0.022280751447425893,-0.02076721542274428,-0.17473926117294653,-0.03215058250342602,-0.017975655904064615,-0.08054622474999862,-0.017705374953594685,-0.029799711307331462,-0.10340906262925069,-0.017436815544261113,-0.03381740255280654,-0.12440810736827834,-0.021085073136497354,-0.036909763306933845,-0.14509400296275532,-0.02818161265524021,-0.03543934990475928
0.0,0.0,0.0,-0.027576692771949872,-0.007069957822889332,0.025374376422517983,-0.049657662904606485,-0.010952501269083374,0.049424287604536335,-0.07355313207278569,-0.010135163474695496,0.06929767581697438,-0.09539900859060672,-0.008058554341804332,0.08546591383933883,-0.09787634768337714,8.875925640012685e-18,0.020730779398308783,-0.12826476603880277,-0.00276672845583681,0.027663692565242225,-0.15024514661539357,-0.006051273168120641,0.03169119597065066,-0.1681175985875985,-0.024904667760144664,0.03184296243550129,-0.0996862380196744,1.2503945139007742e-17,-4.2846246405208337e-19,-0.1376263174114303,-0.00212719683150999,0.002370018979233994,-0.16300398393924984,-0.012317798775969594,-0.0024158123595553506,-0.1865547601473792,-0.02288150285044837,3.771756857054128e-05,-0.09456263542213661,-0.008755783828676639,-0.015398865621290723,-0.12721324876746545,-0.013704887754374099,-0.018422873446969634,-0.15081331967972847,-0.023966300007970922,-0.021067114644188454,-0.17249721452363945,-0.03407970160828443,-0.017957594969329582,-0.07939939681470964,-0.017409318319127436,-0.030142552151288957,-0.10225697396595591,-0.017708231345425023,-0.034021147360843794,-0.123027487265241,-0.02174719005065817,-0.037137298825428225,-0.1432438369785117,-0.028970101060616326,-0.035509283832827386
0.0,0.0,0.0,-0.027129957555256514,-0.007167446089467739,0.025339788366005915,-0.049028366554481444,-0.010127632706287895,0.04972900922036132,-0.07267485214529236,-0.007612687184258512,0.0703139968565746,-0.09403399068107082,-0.003946258469878168,0.08704102052617976,-0.09737449432187896,9.009547688057246e-19,0.020790457871934898,-0.1274851095620002,-0.003394596820799907,0.027720625785318906,-0.14919325892767105,-0.007142129902098563,0.03192025904858641,-0.16650297780169626,-0.02652179020269355,0.032049121127047754,-0.09907974415974535,1.8800496974196342e-18,-1.9815349496671903e-19,-0.13691255739308472,-0.003081200640382006,0.002516715019609833,-0.16186493230939455,-0.01399321420691757,-0.002181142853069551,-0.18499280938959506,-0.025077161556278402,0.00047305337683039076,-0.09385113898418006,-0.008765970631308006,-0.015629380068655094,-0.12629416396511595,-0.014588275477103976,-0.01837791574393887,-0.14959836848747912,-0.025461622223086285,-0.0211461966939376,-0.1707892388677255,-0.03589627993600606,-0.01773932160174136,-0.0785222659674634,-0.01724733138830104,-0.030388852282324387,-0.10136499471939993,-0.018021948402181888,-0.034130612009225056,-0.12204236702006915,-0.02246292615525218,-0.037197148352885415,-0.14188763493596104,-0.029860109165147142,-0.035416436715195725
0.0,0.0,0.0,-0.02678331100466849,-0.007216054567726899,0.02533618188940827,-0.04851389784573716,-0.009695052808453111,0.0499284606646732,-0.07202813798709196,-0.006281190440075538,0.07080647291045837,-0.09312109509494687,-0.0017268509824632909,0.08765741246573887,-0.09710440213705583,4.330156224172582e-18,0.020868484614011584,-0.1270071597236755,-0.003800456899664309,0.027819241136241218,-0.14850281714944777,-0.007878331632470571,0.0321160509509907,-0.1654834989361426,-0.0277169186048102,0.03229433788941944,-0.09873606239627222,6.864457883166475e-18,6.376604679229628e-19,-0.1365112567203781,-0.0037217331605409014,0.00266151741657074,-0.1611808084473268,-0.01517353587996402,-0.0019183455630053304,-0.18407851612214632,-0.026669260577727633,0.0009001204719559574,-0.09349015686589336,-0.008806025059148733,-0.015780529017055712,-0.12576594841861452,-0.015223754295172769,-0.01827517794006574,-0.14889500475924763,-0.026573682547565133,-0.021050565438546057,-0.16976799648113627,-0.037321801394702626,-0.01740376246750503,-0.07803398428796365,-0.01722625596861073,-0.03054659215471859,-0.1008586067031302,-0.01830840253192562,-0.03416711667728118,-0.1215327334861338,-0.023087092039266677,-0.03713789687834949,-0.14114629957583694,-0.030656402315813354,-0.03522386112717827
0.0,0.0,0.0,-0.026561737528678152,-0.007227202287390737,0.025337483869147606,-0.04810247235805889,-0.009678510649489607,0.05002374578249311,-0.07149613625042521,-0.006140916622519739,0.07090509079456486,-0.09251947558309628,-0.0014757341836172339,0.08762239215288922,-0.09704698374732941,3.298064987085946e-18,0.020931162612180178,-0.12682057067929495,-0.003983571627393762,0.027937489246346543,-0.14817511266633038,-0.008260754445494805,0.03229557945918112,-0.16506506552361289,-0.0284393035979494,0.03255980592613405,-0.09864947104905432,2.1268117126294423e-18,7.439223028458535e-20,-0.13642105298618953,-0.004028192470655365,0.002807582045732317,-0.16096305332689156,-0.01578586135795473,-0.0016550229951233224,-0.18383330434842815,-0.027534810848600436,0.0012782613615300537,-0.09347484355108143,-0.008871928683209048,-0.015839539372766567,-0.12564854825235386,-0.015551783944515058,-0.018133581769956112,-0.14873664274623147,-0.02719293182505536,-0.02083309819297824,-0.16947351474860123,-0.038202876713812096,-0.017027507825631387,-0.07795034125677255,-0.017331343121033342,-0.030615059159989442,-0.10075153701295579,-0.01852291435555484,-0.0341515505672047,-0.12148385494879681,-0.023531861230393008,-0.0370153777635286,-0.14102322480403656,-0.03124176232378097,-0.035006056379072205
0.0,0.0,0.0,-0.02647680920025995,-0.007198743900614932,0.025334577867000555,-0.04779440496094935,-0.010082624723830695,0.050020574386919196,-0.0710255397829386,-0.007214565588974538,0.07066097882602601,-0.09216313936977884,-0.00326826612618042,0.08697490571973064,-0.09716961947406405,1.3012365641665904e-18,0.02096491065102319,-0.12689251881737423,-0.0039284852023374625,0.028057764994754788,-0.1481849534786893,-0.008247535991216984,0.03245691333889829,-0.16523109433772967,-0.02861275037625333,0.03282537700645472,-0.09877423265358647,1.3319551959625721e-18,-7.409858921845404e-19,-0.13660859847052642,-0.003968326022572594,0.002936532947121115,-0.1612009611443854,-0.015763628213714277,-0.0014162512516928119,-0.1842507987595222,-0.027577721606166523,0.0015691577310998248,-0.0937653279029305,-0.008949738652353628,-0.015803175363419977,-0.12592395863349234,-0.01551409631599565,-0.017967616549314776,-0.14911686145352676,-0.02722526623642236,-0.020529645120295252,-0.16991456769860122,-0.038420734199813206,-0.016657402210493735,-0.07824854150663381,-0.017539199728518876,-0.030586584387580086,-0.10101663104171628,-0.01862089091116542,-0.03410314431042401,-0.12186014944024019,-0.02372714887162553,-0.036864797116366116,-0.14148764131490135,-0.03152907845275027,-0.03481949203703199
0.0,0.0,0.0,-0.02654981378916093,-0.007117906441069498,0.025331404690992182,-0.04763825063504388,-0.010903993825247017,0.04990754748985427,-0.07068829076396747,-0.009590458684466858,0.0700113526867726,-0.09213191439247446,-0.007230521411199774,0.08546351956975626,-0.09744313842436703,1.4100096448634355e-18,0.02097333717273188,-0.12720533126080585,-0.0035917361931553054,0.028154447863925625,-0.14852140278107334,-0.007721527215431584,0.03255827900395313,-0.1659934264874539,-0.028071765519982132,0.033044789541395454,-0.09905204064881525,1.881259192645809e-18,1.7917653949817663e-19,-0.13702911770308032,-0.0034734843585129413,0.002997106387880211,-0.16188895863707456,-0.014988871252628471,-0.0012391101614824234,-0.1853196997028831,-0.02663793625914767,0.0017114633573461053,-0.09430977598106405,-0.009007158234390258,-0.015679862793924863,-0.12655508808262014,-0.015021332432330895,-0.017806055581513925,-0.15001192359550017,-0.02652764760921236,-0.02017406302856353,-0.17109802492118115,-0.037782722134612624,-0.016328064487894627,-0.07889677013877433,-0.017806030208393685,-0.030451946532246636,-0.10162110458912062,-0.01853706293677498,-0.034043698020665265,-0.12263174052354202,-0.023570436491164838,-0.0367139118357806,-0.1425000506505466,-0.03139490363013247,-0.034707842827624506
0.0,0.0,0.0,-0.026788143686312535,-0.0069661452998681355,0.025345859407231424,-0.04773408311115963,-0.012104928606437635,0.04966182461228574,-0.07072267022034008,-0.013286356616987263,0.06884097592711383,-0.09269098972032837,-0.013319551964894068,0.08268386196354388,-0.09785936254165208,2.0739205932468266e-18,0.020982126182412797,-0.12775671460823912,-0.0029443041011880866,0.028193026366881358,-0.14917884091408673,-0.006583088627880702,0.03254147973680373,-0.16735126233840228,-0.0266877429050009,0.0331690163389495,-0.09943329363670697,2.0828371281982027e-18,-5.587439082584759e-19,-0.13762938579875095,-0.002496619372681545,0.002912240591219868,-0.16299807184936205,-0.013390011122421986,-0.0011740688804296945,-0.18697765582793394,-0.024636906613752313,0.001636380810471372,-0.09504796664720862,-0.009003229370213707,-0.015497170119090912,-0.12746500302269123,-0.01402015502341535,-0.0176977894072097,-0.15133377182719573,-0.02500522078460822,-0.01981339281223804,-0.1729620602828678,-0.036150627231084795,-0.01607894755162699,-0.07982915756156195,-0.018063033126285894,-0.030217979265089543,-0.10250369504244075,-0.018225736061325902,-0.03399892693100272,-0.12374687673127348,-0.022993857295958823,-0.03659986594688045,-0.14397721127387,-0.030756761758677285,-0.03471394759748209
0.0,0.0,0.0,-0.027126817821196882,-0.0067285440511983645,0.02539524589081264,-0.048162644509208,-0.013570186688342612,0.04927354930515764,-0.07143519639796118,-0.018026583555824163,0.0670747942665598,-0.09412347351112144,-0.0210126378276268,0.07828652778326936,-0.09841808151187854,-7.888238800548756e-18,0.021039575605897635,-0.12850883304032945,-0.0020341304781168056,0.028151554607366996,-0.1500923065539105,-0.004894639191849467,0.032372691146802135,-0.16918290344573794,-0.024573629615502798,0.033190083658989095,-0.09986777916931633,-7.963538246907404e-18,-3.006516418755126e-19,-0.13832101374181047,-0.0011125007598723367,0.0026189583696372425,-0.16439512860169656,-0.011109368120821953,-0.001261759338128397,-0.18902823348310036,-0.021818999869812325,0.0013117051063051195,-0.09588969052785587,-0.008915441315078735,-0.015306145952992468,-0.1284899474544075,-0.012616336062905827,-0.01768948352081414,-0.1528584687753159,-0.02280619231662198,-0.019502906078061998,-0.17525226920799053,-0.03369924735356463,-0.015953877499804543,-0.08088512289631565,-0.018240734124161696,-0.029921428017423462,-0.10351087112041421,-0.01772597842478653,-0.033982441334113773,-0.12507376564542275,-0.02208738603425087,-0.03655340293200149,-0.14572440816319462,-0.029729828657371137,-0.03486249599689612
0.0,0.0,0.0,-0.027420393195363206,-0.00642107437926436,0.025470368682643022,-0.04888863032748254,-0.015107625124283678,0.04874589803267774,-0.07294510435543648,-0.023174430557491417,0.06469824507817384,-0.09633420551155798,-0.029280130671316296,0.07208854118790664,-0.09906402505911087,-1.2150215097167668e-18,0.02119603271421293,-0.12932285429944826,-0.0010133855220931366,0.028035919692525047,-0.15107904246930376,-0.0029412864956061143,0.03205611097054392,-0.17117440243745968,-0.022127579959383435,0.03313670529580653,-0.10025865202940516,-2.2459678136647214e-18,-3.1989679683926103e-19,-0.138935824948111,0.00044042316417298094,0.0021055809848483714,-0.16577297825413476,-0.008554961297847436,-0.0015218287386074944,-0.19109229615918538,-0.018790254433463043,0.0007407063056717561,-0.0966713401811899,-0.008755471336058194,-0.015167503483899213,-0.1293542446068772,-0.011123451164103765,-0.01780062105794558,-0.15421627534899715,-0.020381432828422672,-0.01930401277974676,-0.17747493471116396,-0.030973880268903037,-0.01601866072065978,-0.08176750718842057,-0.018300229429369576,-0.029618871770854337,-0.10435168614105882,-0.017171206874380993,-0.03397512151062115,-0.12634502486350704,-0.021096931377063415,-0.03658052046910257,-0.1473843297333989,-0.02862738595373941,-0.0351472960958262
0.0,0.0,0.0,-0.027532388419149713,-0.006105206587030358,0.025548915867088462,-0.049752449947368986,-0.01650765813612542,0.04806965488019104,-0.07500089176728225,-0.02797510751556571,0.061683024361663806,-0.09862358096510132,-0.03699459835004884,0.0640591329430525,-0.0996718245035328,6.4531045779496665e-18,0.021479468521177426,-0.12999254964564097,-8.481194746614489e-05,0.027877406900491133,-0.15189669258558747,-0.0011195827088807074,0.03162642584223267,-0.17291113975872568,-0.01982957027340675,0.033050844254690855,-0.10047083972650207,5.056536463188486e-18,2.694222257108493e-19,-0.13927218172360725,0.0018404640843424698,0.0014097351114364556,-0.16673891429579776,-0.006265707779312281,-0.001958896558635446,-0.19271204003033038,-0.016257414126522287,-5.8915334712162576e-05,-0.09717844453110308,-0.008563772865624146,-0.015122479352724297,-0.12976938290774495,-0.009947140285641554,-0.0180194575645916,-0.15502805956322993,-0.018294407542548487,-0.01926616678199726,-0.17906815969274045,-0.028630082527388273,-0.016352325281076063,-0.0821311200064642,-0.01825439216859419,-0.029362431754562254,-0.10468370378124808,-0.01672500393346585,-0.03393744561241307,-0.1272034767148533,-0.02027318153114381,-0.036668380617641765,-0.1485172844341402,-0.027758180054506323,-0.0355439534610647
0.0,0.0,0.0,-0.027425587632970132,-0.00585659146985412,0.025638401664629308,-0.05055587017145628,-0.017616520778678632,0.047212760066248895,-0.07706146245924089,-0.031912407124466906,0.05796657854321387,-0.09998215107304705,-0.04339926228204594,0.054421981245592915,-0.10014295994312186,1.4835747294841683e-18,0.02188288609163129,-0.13038694899266765,0.0005885669728988755,0.027733376257925352,-0.15238115979805908,0.00024145067845851345,0.031158829210145685,-0.17408071495986324,-0.01800969650468513,0.03300978102468174,-0.100439157342109,6.629818382383982e-19,2.428189815558103e-19,-0.13924389902200024,0.0028153258406788274,0.000609458684389414,-0.16704062210753634,-0.004713287232372533,-0.002535507115829932,-0.1935659654266769,-0.014719205729746877,-0.00100193326500995,-0.09727289984622557,-0.008395301037606835,-0.015173074113288918,-0.12961757402290952,-0.009390225569942366,-0.018298950041909564,-0.15510977394491093,-0.016977541850513766,-0.019377649682498565,-0.17967809615754476,-0.027128575690523564,-0.016954319909545733,-0.08179047174061804,-0.01816540067990831,-0.02919252419566099,-0.10430897908792902,-0.01650815607637864,-0.03385443956294591,-0.1273786536703348,-0.01975256719787866,-0.03679863343492628,-0.1488109051055143,-0.02725398124160478,-0.03601224458679636
0.0,0.0,0.0,-0.027153519961676583,-0.005717128612470807,0.02578268643119583,-0.05112694410260366,-0.01839577029307413,0.04614882127553737,-0.07853016654751195,-0.03487857407927283,0.053584078916960105,-0.09967547699806135,-0.04823570749768046,0.04385669059142045,-0.10047512417344506,-1.4060225218810744e-17,0.022362007691437515,-0.1305256379575164,0.0009246712103887667,0.027700499253403912,-0.15250616666112896,0.0009825456935070535,0.030794503296933742,-0.17459559016335535,-0.016767689620636295,0.0331581749348062,-0.100243879438548,-9.884751794496792e-18,7.370328019594712e-19,-0.13895018499682926,0.0032245908630334137,-0.00015745332895248426,-0.16669959530050688,-0.004154377119551916,-0.0031059214006483055,-0.19360458823689397,-0.014321003441411176,-0.001841243978101057,-0.09699598222440554,-0.008303650820411132,-0.015280271599240067,-0.129030028881554,-0.009543692783121286,-0.018524872262168476,-0.15456361971364568,-0.016619354697723056,-0.019522653426054474,-0.17929540265346186,-0.02660830202235377,-0.017642642255612257,-0.08085024070569607,-0.018117701823819755,-0.02913297777671339,-0.1032993010029619,-0.016579385675360075,-0.03374272570534066,-0.1268636136498246,-0.019569268605846197,-0.03692267961940897,-0.14825051622238056,-0.027066620854684614,-0.036447859784112725
0.0,0.0,0.0,-0.0267968171729504,-0.005669717718980027,0.026021188938771804,-0.05135397375667316,-0.018918733241963935,0.044918649664182596,-0.07901817007312793,-0.037069219541837256,0.04882501720658317,-0.09767081383340168,-0.051603500344741815,0.033430790867918087,-0.10070910494940286,-5.554851491832719e-18,0.022854253888564907,-0.13050354238871018,0.0009266054589116676,0.027894105752892192,-0.1523316502598042,0.001152418105670869,0.030708007873093145,-0.17456208268782283,-0.01598895321562595,0.033656841661792135,-0.10004345749247028,-3.486852036479464e-18,-1.0357236658510077e-18,-0.13857620484838903,0.0030861130768904607,-0.0007086492536037624,-0.16594097565430335,-0.004543737775315158,-0.003432156301432931,-0.1930215115984005,-0.01484012643115048,-0.0022264277486899534,-0.0965320709340112,-0.008319364157137233,-0.015373752236047861,-0.12828479564138734,-0.0102957443995201,-0.018516338358083195,-0.1536867623980607,-0.017133621423703543,-0.01950971599558263,-0.17818821657315173,-0.026875707590268392,-0.01810202413005738,-0.07963513538629775,-0.018175933771097927,-0.02916227716821562,-0.10194520788466103,-0.016939123118810684,-0.03359759830262639,-0.12592829024554555,-0.019694730245942815,-0.036922507653636465,-0.1471106927490156,-0.02704109346964385,-0.03665105254587283
0.0,0.0,0.0,-0.026423146571258802,-0.005657901932001904,0.02634310172258713,-0.05123741449812864,-0.019282315125564286,0.04365929417311932,-0.07854508179584521,-0.03873059069129039,0.04420917993250298,-0.09461220083545761,-0.05379117523657083,0.024228467781962724,-0.1008687186720428,-2.173844950234807e-17,0.02330754092846315,-0.1303984113839229,0.0006958582267004545,0.02836394811799078,-0.1519389111817015,0.000996133196872977,0.03099584471415411,-0.17419065434435616,-0.015420453537044666,0.03455734986138617,-0.09994287299251063,-2.021221606110429e-17,-3.377858749754082e-19,-0.1382539396365766,0.0025626111494680905,-0.0009086488289636248,-0.16503480837737414,-0.0055476802791579434,-0.003347280654073719,-0.19212262101476715,-0.015802180417869734,-0.0019645168747074067,-0.09607945750915119,-0.00842009078089377,-0.015387129335703614,-0.12762414930961946,-0.011396660133551511,-0.018131119364342776,-0.15278934473149594,-0.01820110867892686,-0.019204204312873917,-0.17673830587442724,-0.027495491127317535,-0.018103334018583817,-0.07848908261501016,-0.01833119179061285,-0.02921370337137652,-0.10058132043946805,-0.0174975921795581,-0.03336384575950465,-0.12493402909264621,-0.020020226563997462,-0.03666174866850022,-0.1457746972885615,-0.026974268676562604,-0.036428296475344624
0.0,0.0,0.0,-0.026084093117137906,-0.005625787049503432,0.02668169746069531,-0.050911877332684305,-0.019528262737700374,0.04253859173108319,-0.0775085057135675,-0.04001910415112829,0.04025878068668467,-0.0913776852958668,-0.0551803558170398,0.016978221010239228,-0.10098687457441621,-7.343462062590164e-18,0.02368966515890644,-0.13028144475503356,0.0004222868983038953,0.029033611466360854,-0.15142269433611927,0.0008716007349192503,0.03160241740975064,-0.173752092412954,-0.014777906473945154,0.03573792685604407,-0.09994351867589732,-7.388505802401228e-19,-8.635879412149808e-19,-0.1380295657919272,0.0018995379799848643,-0.0007530693697992347,-0.16420767661346333,-0.006686879486119394,-0.002895853909845509,-0.19121669352772508,-0.016712362711499423,-0.0011963230350125085,-0.09575644969009736,-0.008530608521748036,-0.015308724867393342,-0.12714781102490358,-0.012546748525904095,-0.017384185470148483,-0.15207926361579374,-0.019431020635514995,-0.01865486784314792,-0.1753152666804574,-0.028008883877325277,-0.01767785433329973,-0.07760903089133216,-0.018495709303872777,-0.02923295967379069,-0.09943225474912248,-0.018074781437605127,-0.03298184596497602,-0.12412984153102785,-0.020371870795751507,-0.03610158376568315,-0.1445452311294701,-0.026684473651207852,-0.035743761413155155
0.0,0.0,0.0,-0.025813937926841012,-0.005533269266862184,0.026950357287795886,-0.050564001465179045,-0.01965069130087511,0.04164835254440992,-0.07639921610500214,-0.04104582362311565,0.0372561505406311,-0.08858447252315091,-0.05617678218596487,0.011860358841810501,-0.10112020230713127,-9.146736542991663e-19,0.023981993199804666,-0.13023765170139753,0.00029487093066362714,0.029753567778027058,-0.15088648879337163,0.00109807151868591,0.03237400977899195,-0.173512959882799,-0.013856814106722168,0.03698072880672343,-0.09998158078998473,-2.1915445522476722e-18,-1.2663982619557796e-19,-0.1379005351758776,0.0013079376950619274,-0.00034969194743045626,-0.16361329406471395,-0.0075657262076167485,-0.002272960208388918,-0.19053687377659204,-0.017270747597439663,-0.000257178488691959,-0.09558408466598815,-0.008581752913922202,-0.015183897911513252,-0.12683471267609195,-0.013505262868963254,-0.01642140445750385,-0.1516363379249302,-0.020545704291390497,-0.01804390017656281,-0.17418256667706758,-0.028148842680347886,-0.017057214127364623,-0.07701233154841826,-0.01858486393558003,-0.0292155304870325,-0.09857001056963431,-0.018509060351368185,-0.03244003168278551,-0.12359418317879958,-0.02062794444367141,-0.03531791963669966,-0.1435596404065894,-0.02610649917752894,-0.03472029829268913
0.0,0.0,0.0,-0.0256132815267727,-0.005360024191280796,0.027079705469382546,-0.05030322640123012,-0.0196463112884582,0.040966747576463604,-0.07551883290259856,-0.04191570210665013,0.035174533375778035,-0.08641096385130748,-0.05708519523995073,0.008567807478115348,-0.10129027777762231,3.1976522576963773e-17,0.024174047405395707,-0.13030266437154728,0.00039085233363306884,0.03039785283255734,-0.15040285481006493,0.0017964233524625278,0.033157050960188075,-0.1735961592495194,-0.012640556493388258,0.03809541819317782,-0.0999793702922779,3.2626662179750196e-17,-1.1812540384772878e-20,-0.1378336736280686,0.0008605743598793126,0.00017511496812396108,-0.16328930840246664,-0.008049202265213875,-0.0016527367509161907,-0.19015416632830323,-0.01744970809533101,0.0005906332853360245,-0.09550810405329659,-0.008570532413434395,-0.015058096209065603,-0.12662061287838736,-0.014176028646807143,-0.015392918701674224,-0.15141389815003287,-0.021439772944380122,-0.017505724756668308,-0.17341234509555992,-0.02790945029053841,-0.0164739139276164,-0.07661069787479577,-0.018600525738864063,-0.029178564568615534,-0.09796444240050631,-0.018768199434645375,-0.03177724761524706,-0.12328636603762126,-0.02081041202998942,-0.03441405730501194,-0.14279861537475708,-0.025334822737417256,-0.03352095199062899
0.0,0.0,0.0,-0.02545732633121447,-0.005124279259938796,0.027045425243039115,-0.050128396450422906,-0.01954467450762513,0.0404151160105642,-0.07493535232508593,-0.04270128368433074,0.03380082180336109,-0.08476775928206072,-0.058013012457632594,0.0065803567689524745,-0.10145640980372837,7.971289290608692e-18,0.024268749425584733,-0.13043056093447195,0.0006510458045300897,0.030897019527744714,-0.15000991585927342,0.0028365515904648564,0.03382399608003188,-0.1739249109296606,-0.01131862501049053,0.03895781348260707,-0.09989246344501038,9.325378442410646e-20,4.2908270446372246e-19,-0.1377892725027108,0.000508821989665558,0.0007249384019407296,-0.16316571222013224,-0.00824003974689425,-0.001126061951119905,-0.189986598571904,-0.01740494956609923,0.0012360511471773057,-0.09545027914004879,-0.008551135437518799,-0.014942411544944714,-0.12646494415802384,-0.014601931306269795,-0.014409288931937382,-0.1512960624572848,-0.022114368076757186,-0.017058049429757118,-0.1729170609295979,-0.027465464035902887,-0.016052347841956135,-0.07631604300925052,-0.018618754986161532,-0.02912937626285389,-0.097565335790834,-0.018934259927242743,-0.03107826327061321,-0.1231238935525018,-0.021022257015400312,-0.03348632686714302,-0.1421815857696824,-0.024565548806465446,-0.03230140193156948
0.0,0.0,0.0,-0.02534820957442965,-0.004888482738886151,0.02689737869393444,-0.05000649777742455,-0.019403924173096422,0.0399325995912329,-0.07460178839547738,-0.04343185272232807,0.03290325514041298,-0.08353689363899158,-0.05891235050330704,0.005418695108707588,-0.10157024631327918,-1.0877379674876778e-17,0.0242865929663042,-0.13055788888921516,0.0009446269273883412,0.031224209029528043,-0.14974050560905605,0.003932165494553938,0.03426513003554373,-0.1743306367449705,-0.010169179359152894,0.039488697794527496,-0.09973774100547632,-5.083125288227567e-18,2.4521818196589055e-18,-0.1377482304826644,0.00019180610800587105,0.0012131207200359027,-0.1631416964683854,-0.008318597294918469,-0.0007649947962064504,-0.18991804402821985,-0.01732541496105117,0.0016170881910007868,-0.095363996813912,-0.008567329780111514,-0.014832271296580359,-0.12636319634225313,-0.014880777257692556,-0.013578589379989053,-0.15119442790908338,-0.022601230032258182,-0.016698210861396976,-0.17258105815988975,-0.027021859530439542,-0.0158333655168408,-0.07609720649566337,-0.01869986436551493,-0.029068880536416812,-0.0973346128554323,-0.01909415779696061,-0.030458587962708773,-0.12302641841264696,-0.021308136556654565,-0.0326466041906793,-0.14166267593584927,-0.02398703935954024,-0.031222864205675254
0.0,0.0,0.0,-0.025330765027382646,-0.004710041747892101,0.02674557184607314,-0.04994245816254954,-0.019278712356001183,0.039507498124738985,-0.07445978877428171,-0.04409953808633551,0.03231476317128652,-0.08265886787983151,-0.05969920151982449,0.004718900903986354,-0.10164186949135254,-2.071076305436751e-18,0.02426338274876006,-0.13068335943316942,0.0011561838212566086,0.03139080632683339,-0.14962975861486813,0.004800970901124136,0.0344322356741493,-0.17469530619230936,-0.009410846164952712,0.03967466193614862,-0.09958793768662862,-4.583013130796032e-18,4.681865552199575e-19,-0.13772664127428996,-9.884868771350676e-05,0.0015606232609962833,-0.16316182388596154,-0.008418530465251348,-0.0006371849878391832,-0.18989357677702834,-0.017335483476914562,0.0016907789915375049,-0.09526059502245776,-0.008611548067666267,-0.014733068750469721,-0.12632979353942095,-0.015092220324762871,-0.012995247393923938,-0.15110126568480425,-0.022947588062920507,-0.016464084276574958,-0.17234859037890768,-0.026711865356536513,-0.015804283531085785,-0.07596833864516578,-0.018838210703177816,-0.029007524631158008,-0.09723933793639254,-0.01927452374189773,-0.030012377440249496,-0.12294412909206386,-0.02161819964672274,-0.03200292292255118,-0.1412546095478445,-0.0236934395194937,-0.030419975521982216
0.0,0.0,0.0,-0.0254216434691258,-0.0045841921379477365,0.026683804004099605,-0.04996189688821392,-0.01919716293171612,0.03917387880899345,-0.07446831333055333,-0.04467049815466513,0.03193268212135991,-0.0820926210846084,-0.06033459941012434,0.004206892313951678,-0.10174353089555754,2.4231573233118504e-17,0.02425680674395889,-0.13088387901877613,0.0012345534443406172,0.03144795990323363,-0.1497158771734395,0.005272059963329933,0.034393201836215054,-0.1750026372670204,-0.009141922283271497,0.03962030027517855,-0.09954660991742574,1.7546002526823898e-17,2.0973484546728665e-19,-0.13780166294660354,-0.00034285899931801053,0.0017330224983396734,-0.16325746337934824,-0.008590762029441605,-0.0007200279985396716,-0.1899396546461845,-0.017465286728525282,0.0015265209309296346,-0.09520797444211102,-0.008659672831448568,-0.014666312219572757,-0.12641246720659083,-0.015291197077502752,-0.012688437348497983,-0.15108057343223086,-0.023225460378140366,-0.01636968201886461,-0.1722295038251063,-0.026605561389699616,-0.015880567691216325,-0.07596516603656789,-0.019001627985897714,-0.028977549741289466,-0.09727646398316449,-0.01948044907290815,-0.029781990940713904,-0.12290661182899479,-0.021901984175993313,-0.03161688637944685,-0.14102650135105357,-0.023667530072079813,-0.029957880248897704
0.0,0.0,0.0,-0.02557560524765557,-0.004475752370216796,0.02674590060506873,-0.05007141660530937,-0.01917862221497474,0.03900106648649893,-0.07460598472277685,-0.045111048765556536,0.031712441860308076,-0.0818078306124933,-0.060821707835127733,0.003733574026326046,-0.10194205141056781,6.738373804293565e-18,0.024330670786957144,-0.1312358143374156,0.0011892054521972163,0.031455045647575466,-0.1500297867608217,0.005293259147209066,0.034283594751209394,-0.17528524159861542,-0.009360374081544868,0.039497336861714576,-0.09969665070062905,8.62763350606813e-18,-3.969572481409479e-18,-0.1380720946723285,-0.0005162587655138425,0.001737653982759521,-0.16350070620547802,-0.008811908900897237,-0.0009022253769794058,-0.19011682508080605,-0.017667129711789173,0.0012859080464285757,-0.09528246689089946,-0.008705085505027299,-0.01465716684016351,-0.12667431883531485,-0.015504031437868026,-0.01263275422891778,-0.1512039568150635,-0.02347296196052695,-0.016364303901354727,-0.1722649275912783,-0.026726746021965713,-0.015933358349613246,-0.07611409080283879,-0.019163573738754203,-0.02901924481901398,-0.09747129347319723,-0.01971545520466985,-0.029778190770699344,-0.12299483708090914,-0.022147944622367136,-0.031502048546354286,-0.1410626946115248,-0.023822068415066,-0.029835441015532566
0.0,0.0,0.0,-0.025762765494386337,-0.004398272395496836,0.026938850769347978,-0.05027852594667994,-0.01925343444430861,0.03908364593421489,-0.07490966715992065,-0.045397183474917044,0.0316990074702831,-0.08187407156666211,-0.061154285442563384,0.003374917278570184,-0.10224861513749693,1.603226455329282e-17,0.02451042534700255,-0.1317422391331982,0.0010688695555680435,0.03142896464036774,-0.15058477151240246,0.00489216047841089,0.034176412151489075,-0.1755681937843285,-0.00999769538215279,0.03938960800853033,-0.10005994524108705,1.0562861725579893e-17,-1.531358309675433e-18,-0.13856868392660898,-0.0005678684719099407,0.0015686235053453687,-0.1639239983346993,-0.008997914895258603,-0.0011260461570114441,-0.1904674606752353,-0.01784169297712179,0.0010458271843574163,-0.09550866622730031,-0.008739506867715102,-0.01471744992950809,-0.12713685938407904,-0.015684940285199723,-0.012826500348324148,-0.15150148217024093,-0.02360722236651677,-0.016403730535143306,-0.17251445153867095,-0.027018361634758313,-0.01589308137593655,-0.07640319499261514,-0.019287321376598207,-0.02914531284807902,-0.09782981394717295,-0.01993366906753222,-0.0300100079097219,-0.12324472216381654,-0.022310907111145886,-0.03166076815939095,-0.14140550521033834,-0.024053456636822165,-0.030022039258065576
0.0,0.0,0.0,-0.026017816584188076,-0.004417321378350913,0.02727071976091298,-0.050617183968878536,-0.0194437385748829,0.03952337634499911,-0.07549258313161568,-0.04549124376119208,0.032062926523534416,-0.0825110883348338,-0.06127856564277589,0.0034829104869043676,-0.10263641819341546,5.530080344585568e-19,0.02476907710699709,-0.1323567613233983,0.0009449393570607964,0.03133699665730701,-0.151392300165444,0.004144997428182104,0.034030197229377376,-0.17587398752540878,-0.010953885742680079,0.039237996435803994,-0.10061156184040185,-3.5676831660030145e-18,-1.1531067791012728e-18,-0.1392505350392056,-0.0004093879905311861,0.0011967246155304622,-0.16452346267536108,-0.009025912543070154,-0.0014399388333877544,-0.19101995796203894,-0.017870952085453237,0.0007497276648210121,-0.09586495729647893,-0.008742867588141122,-0.014840873460072944,-0.12778133739812494,-0.01571597974342718,-0.013322471189894672,-0.15198292278829295,-0.02346254643417456,-0.01650011457718603,-0.17306420719182172,-0.02737170506807562,-0.015779834349109626,-0.07680505441533501,-0.019337376622583856,-0.02932567571183723,-0.09834216189249147,-0.020048545707764563,-0.03048204353070232,-0.12363812515044287,-0.02230156541900512,-0.032099156050888616,-0.1420675083507206,-0.02430211623412182,-0.030484844408949913
0.0,0.0,0.0,-0.02637758578767904,-0.004581895980370144,0.027715868587449465,-0.0511085708154881,-0.019721822427901728,0.04038659173667887,-0.07646101404195764,-0.045311476438769815,0.033089782391895625,-0.083995916061251,-0.06108603185292117,0.004656817410828475,-0.10304789342574905,6.093112647146588e-18,0.025037003930286822,-0.13299972799430862,0.0008973281111627421,0.031134829802962092,-0.15243472890551024,0.003185254680316856,0.033754442016446326,-0.17622360125226189,-0.01210651709710935,0.03893636382833191,-0.10128131907285069,3.4560284337232424e-18,-1.1548281243829464e-19,-0.14002849025383204,4.101749986069898e-05,0.0006365781114397866,-0.1652801223881748,-0.008767282046961518,-0.001886132133477468,-0.1917830018700203,-0.01766968112569282,0.00034647796125463,-0.09631144533165137,-0.008706669672200566,-0.015000522018702498,-0.12855785218053464,-0.015467655961820696,-0.014149150500815352,-0.1526411828536543,-0.022923415366591177,-0.016669576973032268,-0.1739878130876365,-0.02771797986565133,-0.01562876494631008,-0.07730677543146475,-0.019320181619601924,-0.029491636438299763,-0.09901096553211888,-0.01999830260078598,-0.03114375507230967,-0.12415399206477767,-0.022071625876345972,-0.03278134607285181,-0.1430533736436182,-0.024594484576063287,-0.03116904785826571
0.0,0.0,0.0,-0.026815690573267922,-0.004866243190444203,0.028160481641039084,-0.051716581586731494,-0.019987583465259466,0.04163406724095255,-0.07781066303193887,-0.04472153320690055,0.03506104188329117,-0.08652523450846807,-0.060410756734549,0.007590582656397979,-0.10338273091875187,1.0924029666673717e-17,0.025200572455163057,-0.13353819494524696,0.0009900796364426118,0.030793429237699465,-0.15359729978245804,0.0022386404233566254,0.03328693957892709,-0.17662447072188026,-0.013274068219372173,0.03840877656890939,-0.10193345696801097,1.0835310650777236e-17,-8.340873462517784e-19,-0.14074787384950946,0.0007890738597629109,6.326907839430574e-06,-0.16613340578673885,-0.008125787238803564,-0.0024245271919436434,-0.1927073593214868,-0.017217535762512486,-0.00014579014772896168,-0.09679113942545865,-0.00864622488667006,-0.01513677225896946,-0.129357367770237,-0.014861311539295267,-0.015208520327656998,-0.15342403235298177,-0.02200050567251064,-0.016894862759910288,-0.17528869685287365,-0.028034987237638125,-0.015473674907376361,-0.07790627612322165,-0.019285152424091775,-0.029546570938059034,-0.09983912321190012,-0.019767419352193148,-0.0318419082137534,-0.12477320964818592,-0.02165764776556725,-0.03357404550354842,-0.14433269207052346,-0.024997556226563595,-0.03195751684481943
0.0,0.0,0.0,-0.02726416655696287,-0.005170375883088903,0.02842285400869031,-0.05236462665928148,-0.0200972104838654,0.04308329146977278,-0.07941079233679259,-0.04353973531730095,0.03806571554952308,-0.09013845441463415,-0.05896854052210453,0.012803137785092839,-0.1035396764850425,-6.291755997230062e-18,0.025127843980098964,-0.13384545960802793,0.0012254295662182417,0.0302966116767923,-0.1546834757270675,0.001559959605420892,0.03263004990173823,-0.17707787882167172,-0.014244571841374145,0.03760677227335431,-0.10242159314226595,-3.1846229155227364e-18,-1.6847950325803389e-18,-0.14124553141778193,0.0017152824338276963,-0.000499349657043109,-0.16698645633742534,-0.007100345509266838,-0.002977292898180561,-0.19368816884241552,-0.01656092950808158,-0.0007073588591510042,-0.09725278064625828,-0.008586592742397993,-0.015167671022348412,-0.13004252998002214,-0.01392688862955769,-0.01627830639516927,-0.15425996009410392,-0.02083149219213367,-0.0171649613106192,-0.1768850263128535,-0.028292263600674997,-0.01539144070215019,-0.07862269468537705,-0.0192753230783866,-0.02940720669532359,-0.100824749969729,-0.01937922378638625,-0.03236821095043158,-0.12546922046690545,-0.021154866420007565,-0.03427518570828562,-0.14582987179580278,-0.0255242650720067,-0.032690210495972025
0.0,0.0,0.0,-0.02766536063631299,-0.005387884803505865,0.028373619528569084,-0.052957596445415686,-0.01991227795544897,0.044493506016969595,-0.08100717199849225,-0.04155586064311384,0.041960785426582416,-0.09459143051747422,-0.05629414446893966,0.02049448094558227,-0.10346803662211614,7.934499689027867e-19,0.024750722897641627,-0.13388671219234363,0.0015158998705972876,0.029662344336356995,-0.15550372406919094,0.0012518932001796075,0.03187431125566362,-0.1775344247956349,-0.014915678420351991,0.036541203698665405,-0.10268783445631402,2.2088002547127063e-18,8.004590790568278e-19,-0.14147802397442677,0.002593762551557223,-0.0007064112510577401,-0.1677545188727485,-0.005864076128709773,-0.0034589008596300026,-0.19458948965345094,-0.015817260204775776,-0.0013024016276472605,-0.09768193503694367,-0.008548664548542428,-0.015045528760512258,-0.13054704986084106,-0.01283599073111604,-0.017130734495492524,-0.15509752226408757,-0.01965621695408279,-0.017484376870275337,-0.17859549106165754,-0.028467887027484942,-0.015454538503097014,-0.079504321407589,-0.019289000024066284,-0.029072276180714098,-0.10197296487023087,-0.01891007256246629,-0.03259185370689949,-0.12622487317312547,-0.02068423277137968,-0.034724284007825186,-0.14743507045191295,-0.026107083048840955,-0.03323789880031886
0.0,0.0,0.0,-0.02798085526418183,-0.005478286422936728,0.028041637692959233,-0.05336395489983005,-0.019318326847650235,0.04571037217407187,-0.082174222837214,-0.0385922643108986,0.0464886784336938,-0.09911241123860409,-0.05191852023234316,0.030536173783039234,-0.10315910559165278,-7.21193487455341e-18,0.024132133160559916,-0.13369721151019598,0.0017084777069113087,0.028991791895408715,-0.15591810271372233,0.001162892445342405,0.031209556975453582,-0.17780342700427487,-0.015390346378513236,0.03536881594738246,-0.10277018486775483,-4.742893899726392e-18,-1.5805139922270942e-18,-0.14154138943361544,0.00316452837538676,-0.0005507829311983475,-0.16837156640966494,-0.004794223559430493,-0.003754738785083091,-0.19522392222993717,-0.01519450955969636,-0.0017788889215972496,-0.09806748723904374,-0.008554860792218616,-0.014810706638316873,-0.1309089843498977,-0.011871822055966569,-0.017654594451351716,-0.15586647378892218,-0.018786931920794538,-0.01782364668621353,-0.18009134801849408,-0.02862632063503196,-0.015628810424799883,-0.08055474132452546,-0.01929944759658102,-0.02866293429457835,-0.10324613472751067,-0.01850315147615583,-0.03255071725629906,-0.12701098247771656,-0.020380986526046693,-0.03489052494206627,-0.1489551974970876,-0.026662439466235692,-0.03354564736308891
0.0,0.0,0.0,-0.02817937277671312,-0.005478047543195912,0.02756930971772172,-0.05344331171207913,-0.01825276528164214,0.046689969454497764,-0.08240815941321633,-0.03461315098104499,0.05129787018587563,-0.10246784763096628,-0.04575957573549617,0.042273699391652465,-0.1026190070884914,2.1073069238022573e-18,0.023417290726947815,-0.13329459626763684,0.0016409016588660491,0.028433291625966653,-0.15582120848478367,0.0009828172628986063,0.030844298869301612,-0.17756618094889498,-0.015908537116942702,0.034349145758545196,-0.10270603891799925,-3.1883053078713024e-18,1.3872083392035615e-18,-0.14151689384993246,0.0032182004569486717,-0.00010403072449397538,-0.1687218247360527,-0.004338983138914714,-0.00377750266453834,-0.19532351394879877,-0.014955988161422048,-0.0019416883268819041,-0.0983284798588408,-0.008623193759703345,-0.014579212712605384,-0.1311518121388144,-0.011310830830667805,-0.017892469080717333,-0.15639380608171174,-0.018508619056972528,-0.018140986934531138,-0.1809075709231914,-0.02890261121925993,-0.015812587958733432,-0.08161564730072339,-0.01927682621930052,-0.028374364330588354,-0.1044614431963626,-0.018295630857472062,-0.03242244606439499,-0.1276850826637516,-0.020342733121578187,-0.03489272669575756,-0.15004242859272526,-0.027126480221711814,-0.03366215195329721
0.0,0.0,0.0,-0.028243956031103322,-0.005470834100574494,0.02706935399489054,-0.053145625092087465,-0.016775076134884142,0.04742687746865073,-0.08146752214128054,-0.029794988579851096,0.055924247569790246,-0.10366168291645694,-0.038291552636560366,0.054349357271444056,-0.10185739754774564,6.581165613753001e-18,0.022714435295101417,-0.13263415630541933,0.0012211269930359032,0.02806729496411448,-0.15515129953888915,0.00044360549614434183,0.030850461893998437,-0.1765405817415555,-0.01667903291946035,0.033639259290029436,-0.10245777025493984,4.6002624138798014e-18,1.7351037582361287e-18,-0.14131730774749116,0.0026826527953734028,0.000478027292038928,-0.168588960763659,-0.004735421611881186,-0.0035707725048203243,-0.19460722674530362,-0.015265845556429949,-0.0017742322914197182,-0.09830250937755333,-0.008728723776507333,-0.014465885091266792,-0.1311463446490315,-0.01125902967373851,-0.017980962226832674,-0.15639666741541575,-0.018882555339166194,-0.018464821896447887,-0.18062326917648086,-0.029337770020911973,-0.015991532409666658,-0.08237062257430702,-0.019164140495764127,-0.02835156417959827,-0.10528569824707791,-0.018273005727276928,-0.032398278177932734,-0.12794616403786033,-0.020504733640331386,-0.03494361067293807,-0.15027348799929613,-0.027380411257636895,-0.03374881103949535
0.0,0.0,0.0,-0.028188849140226815,-0.005546039708220041,0.026573333710005753,-0.05256393104532188,-0.015095223264879337,0.04794521230334594,-0.07962943335036402,-0.02453435586247508,0.05995611492423393,-0.10267131070692674,-0.030326239481436243,0.06514755408496786,-0.10089035885678216,-1.5266806059937448e-17,0.02206295602242045,-0.13166133905918845,0.00048156985321127496,0.027867872605199902,-0.1539538867615716,-0.0005437096146950113,0.031110062338551563,-0.1746782906430823,-0.01777115236179301,0.03319376509501371,-0.10195226040406934,-1.5697511294653625e-17,-1.8556838389614913e-19,-0.1407513686081307,0.0016681594203194446,0.001032548821894913,-0.16777102549683642,-0.005863214257424015,-0.003296388431235655,-0.19296750248193364,-0.016081462710614673,-0.0014711057970304676,-0.09783886363622495,-0.008798928319370338,-0.014508557718801416,-0.13067624116699347,-0.011613247103979662,-0.018047588146521795,-0.15563649683013595,-0.019691857891596953,-0.01887695789249566,-0.17912231900046827,-0.029816476112121015,-0.016253875307188446,-0.08252542493368316,-0.018883835632948494,-0.02859408703096448,-0.10541250162403137,-0.018267486484284647,-0.032557932645631664,-0.12750108718246284,-0.020646432632448315,-0.03520432038536049,-0.149408538882596,-0.027273737157382127,-0.03396008258283676
0.0,0.0,0.0,-0.02805211585479287,-0.005753282506316709,0.026091411347690198,-0.05187413015461601,-0.013498635094609392,0.04831447680849975,-0.0775318413407001,-0.019397014823072597,0.06320519561415437,-0.10042172355919055,-0.022704338456151704,0.07358363119133705,-0.0997686208079055,-5.780361567827242e-18,0.021492718580533896,-0.13041538065663963,-0.0004610744666894519,0.02775869529549011,-0.15242046388460007,-0.0018994318000280332,0.031421350140245614,-0.17223931670825962,-0.01914613349350907,0.0328684217503256,-0.10118034329339193,-6.2147868812301225e-18,3.0681699501220117e-19,-0.13974922657653013,0.00041620299065557294,0.0014416053662366553,-0.16629014936783676,-0.007395795129042202,-0.0031136230500240386,-0.19062251827528615,-0.01725383877671367,-0.001246394709440392,-0.09692465414232682,-0.008776914971139705,-0.014662438048958224,-0.12965974249100085,-0.012187982551015797,-0.018153346237935113,-0.1541309571330213,-0.020649294775580973,-0.019413411900052337,-0.17670304464112135,-0.0302452944229194,-0.016656137758415776,-0.08200084894911519,-0.01840982542316476,-0.028978899088524825,-0.10477694075284844,-0.0181394030802289,-0.0328584955837298,-0.12631555813924522,-0.02061611299450473,-0.03567286184206041,-0.14758982591051756,-0.02684432938913935,-0.0343141318454818
0.0,0.0,0.0,-0.027866757261615208,-0.006073163346264407,0.025651105214960966,-0.051223468216036475,-0.012200700760465068,0.04860821068952103,-0.07574335053944747,-0.014912709427911503,0.06568060142931127,-0.09804201836118873,-0.01605451966394672,0.07942033372115219,-0.09858927600251445,-8.951532997493128e-18,0.021047347327729077,-0.1290400879125336,-0.0014869957366808657,0.027668490551665665,-0.15080419513622087,-0.0034723114023770658,0.0316335215182534,-0.1696384130945485,-0.020748213703972625,0.032547354730524676,-0.1002262183998299,-7.175024344592846e-18,-2.8820444117156086e-19,-0.13844913193439962,-0.0008380675226129218,0.001665089887828515,-0.16441112296247276,-0.009054156407020772,-0.003084547141369722,-0.1880116740612491,-0.018703456048769135,-0.001190425546470031,-0.09570149442880801,-0.008671429063048984,-0.014858755576066007,-0.12823502697253153,-0.012845448224909753,-0.018298313150656102,-0.15216302663527076,-0.021612830171358743,-0.0200273550497793,-0.17389816539805425,-0.03070935328532764,-0.017160915806920984,-0.08094868477782759,-0.017808615795582804,-0.029369495756038862,-0.1035763643205947,-0.017895655384164284,-0.03321585651130533,-0.12463740754755129,-0.020483166332125716,-0.03623490498341248,-0.14523673253741023,-0.026394626127867627,-0.03473772895744169
0.0,0.0,0.0,-0.027650858728889113,-0.006427526316986407,0.025291197603044362,-0.05068432621524616,-0.01124533573984591,0.048873464696826435,-0.07451399155780286,-0.011327897045048886,0.06749358153805121,-0.096232211697222,-0.01063449492601227,0.08303781802593715,-0.09747243405539116,-6.063673588154182e-18,0.02075654885056938,-0.12770592791466492,-0.0025051577801034016,0.02756145582942008,-0.1493012228396948,-0.005120150831654563,0.031706300964679794,-0.16721081852836378,-0.022550217675457056,0.03219825513536329,-0.09922383023217686,-3.547921010118457e-18,7.07858224351246e-19,-0.13708333249807367,-0.0019793256465689716,0.0017401943784679584,-0.1624682577119795,-0.010734720420402341,-0.003170977297910385,-0.1855371532159606,-0.020482125739628997,-0.0012706937651628598,-0.09437581354526234,-0.008537178543419635,-0.015054805299623953,-0.12665738004512714,-0.01353697305623097,-0.01845043343426963,-0.15009329821853648,-0.022624932648441762,-0.020626032532764727,-0.1711881012294815,-0.03144383500280847,-0.017676653111653562,-0.07963272987439425,-0.017206191072049223,-0.029697285497189602,-0.10211912447769586,-0.017657243972678545,-0.033565262645709054,-0.12280585463754694,-0.02046257800193188,-0.03677801054723255,-0.14278960703096352,-0.026297968825954813,-0.03516196824250028
0.0,0.0,0.0,-0.027420397445051387,-0.006735591621925604,0.025050695115115883,-0.050279359498101805,-0.010557879084145023,0.04914047882870379,-0.0738321380824869,-0.008612765443102884,0.06878884003600896,-0.09519410259470502,-0.006410347455610544,0.0850615460512338,-0.09653576819145854,-8.007568193479459e-18,0.020619041474976355,-0.12655930565976348,-0.0034498405522769456,0.027450415023130757,-0.1480338559250404,-0.006739954676089681,0.03169432940157335,-0.16513884366433865,-0.024538485243599212,0.031872468333485685,-0.0983207167984237,-5.496884338291676e-18,-2.7243143306727536e-19,-0.13586766708941406,-0.0030048809027292947,0.001741196097016561,-0.16073793750844717,-0.012464042460987226,-0.0032846607723249575,-0.18344580656836118,-0.022681623979706855,-0.0013883121897728702,-0.09315056923342323,-0.008431168589517802,-0.015235605840755404,-0.12518901033479995,-0.014275397143488473,-0.018573638415173437,-0.14821926026253873,-0.02381476835436784,-0.02111529835134824,-0.16887477888783453,-0.032694882253965524,-0.01810780796511694,-0.07832626216323683,-0.016730468557288214,-0.02995941062462086,-0.10069606481324501,-0.017571949554367885,-0.033871414676208036,-0.12110966691984326,-0.020760430832271876,-0.037235448011819376,-0.14058566331563488,-0.026800168511607457,-0.035537394817588865
0.0,0.0,0.0,-0.027201577818189916,-0.006973606921142078,0.0249500380910391,-0.05000373829672883,-0.01008012750155785,0.04942825010090718,-0.07356319333771234,-0.006676358501435741,0.06970012206932356,-0.0948262504638448,-0.003305598285933857,0.08609045819339453,-0.0958723569449452,-5.08590060898076e-18,0.02061035422499393,-0.12571144850093205,-0.004278908313348463,0.02737813223253957,-0.14708965235351001,-0.008262811850221841,0.03167915415510698,-0.16351418866085599,-0.026658698250464536,0.03164286321521586,-0.09765030111116751,-2.968281987532597e-18,3.1922124261761545e-19,-0.13496563345380116,-0.003942738227788021,0.001731322600244442,-0.1594068696771698,-0.014259200042112351,-0.003348889475680478,-0.18186032366014662,-0.025264930853412484,-0.0014503196950031313,-0.09219277335985342,-0.008387408336188826,-0.015399746528070989,-0.12403558851022875,-0.015069200872138077,-0.018655536961580177,-0.1467395300963081,-0.02524287951375686,-0.021445167731901808,-0.16710141728944367,-0.03453837331932531,-0.018402280330845712,-0.07724655674875897,-0.016458695434645874,-0.030180864286194643,-0.09952503525904031,-0.017719846679053092,-0.034127895752492,-0.11974711982661032,-0.021440086424222807,-0.03758180353620842,-0.13884767793732322,-0.027914907941030315,-0.035830136579510785
0.0,0.0,0.0,-0.02703528287126584,-0.007165737923848579,0.024971659212449607,-0.049836461546539285,-0.0098306653632729,0.04972608838184094,-0.07354237438628944,-0.005531039331234064,0.0703193172754407,-0.09489705326387389,-0.0013858874114430911,0.08655114659319457,-0.09553361192144097,-2.94095521273891e-18,0.020692224778577784,-0.12523425783612677,-0.004943690454473015,0.02737328436430277,-0.14653445430189327,-0.009578395905458984,0.03169548394690163,-0.16242038190017305,-0.028692026445403928,0.03152332415154065,-0.09729734235202898,-2.911959999334514e-18,-1.1617374963562813e-19,-0.13447284585412875,-0.004757614571797566,0.0017373562583083905,-0.15858543908348585,-0.01596229898176398,-0.0033431740783295477,-0.1808532627676149,-0.027883722724575757,-0.001434498504012304,-0.0916116876778831,-0.00840635652039934,-0.015548809656333724,-0.1233198710833645,-0.015839897680170977,-0.01871465368855097,-0.1457776159100034,-0.02674523721464509,-0.021634778092810454,-0.1659435279214093,-0.03669713278656104,-0.018575059340866087,-0.07652645993886517,-0.01638970549865457,-0.03038140398151707,-0.09874623897714431,-0.018043168590393375,-0.03434634147114333,-0.11884219295102133,-0.022331977201849606,-0.03782300345424525,-0.13771896702081193,-0.029353212527358393,-0.03603621917243634
0.0,0.0,0.0,-0.026964331116922,-0.007320074801238852,0.025058586433279607,-0.04973176737229139,-0.009860121592883879,0.04996884489319944,-0.07357420083858249,-0.005300014852929423,0.07065371752648487,-0.0951100219282705,-0.000902520489285446,0.08660382242483627,-0.09549476686039822,-1.3742664144210293e-18,0.02080492393947972,-0.12512209684954606,-0.005338673874452612,0.027420173317696035,-0.146377168959965,-0.010439588771453265,0.03172201486608105,-0.161963502160516,-0.030158636337697695,0.031464654124726196,-0.09725121297631521,-1.5676937404120421e-18,1.6399052206677815e-19,-0.13438472581330455,-0.005282179780352369,0.0017633242802076524,-0.15831968218440987,-0.017155478506087923,-0.0032970258818325253,-0.1805086096022544,-0.02981181915102783,-0.0013849488159058492,-0.09144003771234377,-0.008460415411695576,-0.01566209944090929,-0.123083446698697,-0.016378596154963582,-0.018760107951143377,-0.14542284281923668,-0.027877991756597893,-0.021727673607929113,-0.16551264099617516,-0.03848858995076479,-0.018670984691185447,-0.07622481668787821,-0.01646370172246448,-0.030539084274791725,-0.09843543706977255,-0.018354130963786203,-0.034516331046526245,-0.11848172445138912,-0.023063382008497158,-0.037965116736170396,-0.1373121548151314,-0.030562972525436834,-0.03617079431907261
0.0,0.0,0.0,-0.02700937785737512,-0.007403118084281269,0.02514524029403093,-0.04961743666907416,-0.010194479471464506,0.050060483219665365,-0.07345178278550446,-0.006131156127796183,0.07061023823628032,-0.0951811982931383,-0.002181914327593178,0.08610037929312868,-0.09565418636117484,1.2996191517699957e-18,0.020879768183098727,-0.1252818006136632,-0.005323096612886005,0.027477262682424015,-0.14655873818662835,-0.010532042258684348,0.031730750761280006,-0.1622262911011761,-0.03049748919500354,0.03142827399449737,-0.0974125016936358,-4.978779546686077e-19,-2.1848430881929186e-19,-0.1346103708789645,-0.0052740387010254625,0.0018145485844943076,-0.15859990007352062,-0.01733238595067914,-0.0032387561281929734,-0.18091692146581295,-0.030240180305674418,-0.0013405340883726764,-0.0916432421822978,-0.008517209166216228,-0.01568713744335266,-0.12330969021794032,-0.01643281406636484,-0.018755106877707706,-0.14573800186535085,-0.028114772588222474,-0.021716417171746178,-0.16595815215205825,-0.039121502723654215,-0.018698677129437725,-0.07635230553011772,-0.016618648512025824,-0.03058288963102501,-0.09861035086029875,-0.01844918015753186,-0.03458360567433726,-0.11872408960714054,-0.023261559897788876,-0.03798132670656929,-0.1377061279559474,-0.030995695787554872,-0.036228800443902844
0.0,0.0,0.0,-0.027162309167761214,-0.00736974859223175,0.025208738469695187,-0.04946024436616902,-0.010833100291919856,0.04994576556380661,-0.07313887279244616,-0.008138634838951777,0.07003797530032611,-0.09507336652337729,-0.005447881339562669,0.08462571414287678,-0.09594105174204506,-1.3220843107741728e-19,0.020894729281313824,-0.12564156245550837,-0.004818968900291604,0.02752428996948362,-0.14703487352242078,-0.009685245034215032,0.03171764889401741,-0.1632192874957305,-0.029438620134465025,0.03144181910052293,-0.09770856709658458,1.6836074304789844e-18,8.399927477172905e-19,-0.13508064889011495,-0.004589105923788631,0.0018900470937693854,-0.15939884960732378,-0.01623590988591474,-0.003157017008668077,-0.1821094918964445,-0.02879728171227815,-0.0012896675058257407,-0.09218894847688883,-0.008560752151465116,-0.015578762253111212,-0.12397277191512351,-0.015876933014559006,-0.01864352055478771,-0.14673588805935256,-0.02719305864829745,-0.021527196903721083,-0.16735289615030569,-0.03820146414490092,-0.018605898480869906,-0.07690746342389682,-0.01683565733459474,-0.03044181011650691,-0.0992516799170023,-0.01825395998008377,-0.03449014878879827,-0.11958589701092164,-0.022791417298737116,-0.037824372431658315,-0.13890357508877704,-0.03044641900151914,-0.03617227150167812
0.0,0.0,0.0,-0.0273952323911409,-0.0071940474275572685,0.02528533635536508,-0.04933326289237253,-0.011761783719999287,0.04964864096521109,-0.07291717489646564,-0.01136015154666886,0.0688056933094095,-0.09513250544010259,-0.010696776340615628,0.08164153084186154,-0.09638939515193211,6.710681269972381e-19,0.020904508239680764,-0.1262252516375191,-0.0038742192156136527,0.02757354639929452,-0.14782083411620695,-0.007991320177389396,0.03167775973800368,-0.164862186243824,-0.02718356487573189,0.03156113367549804,-0.09815095492755202,-2.0518491411917798e-18,-8.67477899168842e-20,-0.1357907238021055,-0.0032890923588356352,0.0019518171769531494,-0.16066520292981107,-0.014031351028124509,-0.003036446407889159,-0.18398390885576488,-0.025795146292300973,-0.001223636913101828,-0.09306257581603643,-0.008590497606584832,-0.015340011208652053,-0.1250265979735269,-0.014795703959554493,-0.01840786209274446,-0.1483200810134476,-0.025275837958574233,-0.0210960741612227,-0.16956819809455276,-0.035970969505460595,-0.018339235578381383,-0.07785283084579317,-0.017131009504681244,-0.03009565137166086,-0.10028707089894046,-0.017862523304235278,-0.03422585180010565,-0.12099506023123402,-0.02181789438267466,-0.037475906290031696,-0.14077385567574896,-0.02916161843208184,-0.035972263824761014
0.0,0.0,0.0,-0.027662554934579836,-0.006887097064132551,0.025430729750326234,-0.0493781967019785,-0.01294380917640175,0.04924265137530404,-0.073241635907327,-0.015671322618376247,0.0668864877207667,-0.09582792739899108,-0.017641379453570846,0.07674602188524968,-0.09705337708020134,7.460329523675967e-18,0.021003034468793223,-0.1270554628868154,-0.002645867706794774,0.027635701582847668,-0.1488971772674358,-0.005761179167532307,0.03156806849900018,-0.16696639705471852,-0.024281840106183922,0.031775863939145006,-0.09872840387567708,7.163638352033215e-18,1.5985851695167566e-19,-0.13668972558262488,-0.0016068077847114144,0.0019092364981206482,-0.16223862093080155,-0.01121364516166394,-0.002939510713146993,-0.18627598002615875,-0.022044267386808827,-0.0012287734728489042,-0.09416538790234913,-0.008603225206213797,-0.01502941247004333,-0.12630673787297184,-0.013426630443324839,-0.0181111468235899,-0.15021810422656984,-0.022826377884811965,-0.020486765434202293,-0.17224701856391814,-0.03312324681727904,-0.01795576278691877,-0.07901213313391567,-0.01750557306133333,-0.029595258470249387,-0.10151027357707657,-0.017443469547630132,-0.03385136605655751,-0.12271340879616238,-0.020671734416659853,-0.0370023441852817,-0.14300519248855842,-0.027654935930697358,-0.03568263306119561
0.0,0.0,0.0,-0.027900378557829824,-0.006511288997355043,0.025659506825529442,-0.04968826975533983,-0.014305410577963579,0.04877787102109016,-0.07437885440648577,-0.02070452355077355,0.06435455961991643,-0.0972555002137688,-0.025673222160977456,0.06989648503975876,-0.09789597433102484,-3.690008816166961e-18,0.021253746159664463,-0.1280352706279397,-0.001353648336667086,0.027698722267598352,-0.15011001151073977,-0.0034133637648428384,0.031335129066452735,-0.1692322324120922,-0.02136194531249328,0.03200241470077198,-0.09931799935025654,-4.263479790571578e-18,-1.6955740034882642e-19,-0.1375972787917071,0.00014422889442360006,0.0016571675481906573,-0.16381303317887727,-0.008389485102745783,-0.003004808530679764,-0.18860215015514173,-0.018457057606310386,-0.0014638290936552288,-0.09526133035271853,-0.008579287302886438,-0.014744603423050276,-0.12750180336807337,-0.012046179492915875,-0.01788703852725253,-0.1520141551209801,-0.020368728879518593,-0.01991814551513552,-0.1748968874484782,-0.03039324953898505,-0.017652263431623273,-0.08004791745045682,-0.017898490559043086,-0.029060785376766197,-0.1025689095294186,-0.01710639725064705,-0.033489879372985226,-0.12433638339061857,-0.019640517816215453,-0.036573510604465745,-0.1451384666083703,-0.026387964333362,-0.03547156715612762
0.0,0.0,0.0,-0.028035290753362894,-0.006167650034329027,0.02592262909726988,-0.050224257641943035,-0.01573022238587242,0.048209652529039575,-0.0761469139593281,-0.025887621797461974,0.06121972438588996,-0.09886981893385142,-0.03389534507832836,0.06134522457053584,-0.09880006405690571,-7.311092185338157e-18,0.021640626941252825,-0.12898278164839325,-0.00021747653745164,0.027753418200226483,-0.15121261076442757,-0.00133940109943764,0.031009756089484187,-0.17131054429823306,-0.018877564169745994,0.03221918465085313,-0.09976007517634464,-9.904186065986139e-18,6.602327009962791e-19,-0.13829998366240928,0.0016623941099387141,0.0011599645503715924,-0.16504927171852216,-0.006074096199306727,-0.00331363817976703,-0.19057596664373497,-0.01570317708081331,-0.0019904915258794147,-0.09609076739056327,-0.008496706156777844,-0.014581207229081582,-0.1283014639507542,-0.010899028467178001,-0.017852689895021524,-0.15332527363956475,-0.018331351282665963,-0.019611200940669284,-0.17705054932287265,-0.028249811409103123,-0.01761738129098853,-0.08061852708836659,-0.018210338329940474,-0.028637483249903173,-0.10311633723361922,-0.016861807816977183,-0.033265380500514356,-0.1254471456536557,-0.01886272527793369,-0.03638235128122259,-0.1467220238038705,-0.0255659985285408,-0.03552871741894008
0.0,0.0,0.0,-0.02801508477324503,-0.005946722544060633,0.02617611171514939,-0.05085263672784147,-0.017087181144232303,0.047445018497265394,-0.07803962508258153,-0.03069514045016689,0.057390270804636614,-0.09982022022897241,-0.0414242134928604,0.051524958800824826,-0.09967879612347678,-1.311268414795512e-17,0.022098208836983466,-0.12979418506104265,0.0006233621271762577,0.027834611044428883,-0.15205102409229113,0.00022887038300611358,0.03074285607837663,-0.17297534118865163,-0.016994614727524424,0.03256468310244901,-0.10001312613223652,-1.4532179940289584e-17,-1.179365142853495e-19,-0.13874729561233506,0.0027533398655665347,0.00048509206176213865,-0.1657966287969035,-0.00456746813072914,-0.003780482201585392,-0.19200075577855952,-0.014060992371408502,-0.0026441857760694386,-0.09654803600440993,-0.0083643633186755,-0.014590739780303159,-0.12862350824068058,-0.010179437717820141,-0.018022576566742218,-0.15401634896020067,-0.0170049648181963,-0.0196023202627761,-0.17845401802648542,-0.026870247119394213,-0.01784448761036218,-0.08059745246873723,-0.01839527221228055,-0.028429197584674052,-0.10303448445854131,-0.016717696672138047,-0.0332333111998179,-0.1258636971362533,-0.01840717429870443,-0.0365091105931694,-0.14754250418071715,-0.02519470412016334,-0.035903081178219595
0.0,0.0,0.0,-0.027853777737556484,-0.005881741883208379,0.026472490113515025,-0.05144557844283764,-0.01827513488871297,0.046507091783867076,-0.07957580120650934,-0.03488389479953457,0.052986731381726306,-0.09959616724548147,-0.04774802116841198,0.04124744871122672,-0.10052651611345159,3.0746045224591625e-17,0.022588982302507065,-0.13052113943589233,0.001143509092271742,0.02802987961918448,-0.15268097055448243,0.001261313947140146,0.03071565686020845,-0.17423765203842245,-0.01565035216567173,0.03325181597076898,-0.1001997197395482,2.821302682468101e-17,-8.642427058482231e-19,-0.13910355807189315,0.003368995143775815,-0.0002409629694614435,-0.16619041988305372,-0.003928772571976245,-0.004194367727339222,-0.1929526913304359,-0.013442273137760793,-0.0030920404513582428,-0.09673008035483749,-0.00823155185764717,-0.014764551022381191,-0.12867814720163265,-0.010005305525229791,-0.018302548583632883,-0.15424132886648445,-0.0165164576592422,-0.019723433823816503,-0.17914066491554337,-0.026238688074447767,-0.01810920157357985,-0.08015079859486343,-0.01850714480678264,-0.0284620720301891,-0.10251507365853814,-0.01676621999119077,-0.033369272318229934,-0.12575509263350854,-0.018358994626070865,-0.03684728086812157,-0.14772490253030462,-0.02521806919160356,-0.036420080342346256
0.0,0.0,0.0,-0.027632273427264546,-0.005937881096078527,0.026922137371645793,-0.05191167307737375,-0.019235243711168633,0.045585167625836774,-0.08047811765159142,-0.03840585762162735,0.04853628436679084,-0.09827115510160095,-0.05269392394428824,0.03172311979268352,-0.1013319695976687,2.1040506703643733e-17,0.023114871737804025,-0.13122667278987246,0.0013994738864645823,0.028427889373760482,-0.15322084901118824,0.0018624133568989377,0.031015346218389934,-0.1751893411034744,-0.01467979418484798,0.03437997195045141,-0.10046453610191809,1.4655313076349617e-17,9.134948269523148e-19,-0.13954580338852185,0.0035591189048946037,-0.0008742316188192273,-0.1664443000578465,-0.004029220459183038,-0.004358710940449044,-0.19357975771859598,-0.013524792494390793,-0.00305322710206597,-0.09679635458786086,-0.008152142804581996,-0.015028500933774891,-0.12874479886136062,-0.010375744600808279,-0.01852857973173203,-0.15423354838902234,-0.016789854765206825,-0.019735955331474448,-0.1792658811001035,-0.026187192611223938,-0.018139914289555865,-0.07957693827502542,-0.01863362157365743,-0.028671043370529132,-0.10187026468780995,-0.017106400110065534,-0.03357555048064817,-0.12544215400394787,-0.018739672693378603,-0.03715045709065388,-0.14752905806278407,-0.025523406514695337,-0.036768315007892086
0.0,0.0,0.0,-0.0274296502199254,-0.006044446553550642,0.027548884941833433,-0.05218174059141441,-0.019943125401417437,0.044877660399705845,-0.08066816482796114,-0.041186733376565615,0.04466195563933621,-0.09624133474336853,-0.05621262964532345,0.023982008468302233,-0.10200775531849908,1.4031622260870653e-17,0.02366735967469805,-0.13183426932442513,0.0014782327920258404,0.029034314792535414,-0.15365655392921676,0.002162833593997266,0.03158408274921733,-0.17580874240686278,-0.013937316407763392,0.03581129561625225,-0.10081803813040555,1.3942950330984148e-17,1.117648526788333e-18,-0.14005356020747167,0.003409853219025276,-0.0012919152339744338,-0.16659519247408375,-0.004637737647277065,-0.004214928477053794,-0.19388285847540904,-0.01395203837230635,-0.0025214076540114178,-0.09681359307681348,-0.00813858769952164,-0.0152757185667141,-0.12890902055446996,-0.01116789293993036,-0.018542304733775033,-0.15409066301605362,-0.017580088356155515,-0.019495940987597084,-0.17890300792033595,-0.02645397872152355,-0.017835007530189764,-0.07906774721883503,-0.0187962196918855,-0.028936247032469182,-0.10126739947055435,-0.01769423827625181,-0.03371168879327642,-0.12510109432369138,-0.019398678247703416,-0.0371959660153592,-0.1470781247808863,-0.02589054218736345,-0.03672671893306383
0.0,0.0,0.0,-0.027263698907667853,-0.0061373365313951,0.028226485120663426,-0.05222318241466774,-0.020392310229951742,0.04441229083076686,-0.08022908059813069,-0.04310897093261058,0.04164149556976475,-0.09389875156213287,-0.05834127122500811,0.01831919346666818,-0.1024648023869074,4.096708112793175e-18,0.024202059079516103,-0.13221141254580107,0.0014466693802367909,0.029742671911170318,-0.15387724634595823,0.0022550107811273312,0.03227223102811377,-0.17603007176217159,-0.013369294813521731,0.03723185386580663,-0.10116373816596601,8.958486990139759e-18,1.8056522377748686e-18,-0.1404660905602914,0.0030148998289500637,-0.0014475042559098695,-0.166543768444096,-0.005516802845229027,-0.003853019144120836,-0.19378364724231223,-0.01449987279070914,-0.001752622625567439,-0.09676913342134053,-0.008167787130577708,-0.015442217427287899,-0.12907056406182602,-0.01219926469026876,-0.01828222607336837,-0.15380298408150597,-0.018626582754804003,-0.01903134967450201,-0.17806351805955994,-0.026822383075780505,-0.017320963273525374,-0.07865096108253784,-0.018939140455033684,-0.029180466343976027,-0.10069917379610593,-0.018351346493575185,-0.03368701266454617,-0.12474195587836377,-0.02009477499075797,-0.03693480522798714,-0.1463717351916545,-0.026072615357764024,-0.03631697344057343
0.0,0.0,0.0,-0.027105727946327263,-0.006172135369632732,0.028755715899138053,-0.05206544560748795,-0.020584910999762063,0.044027306352562474,-0.07935669596770475,-0.04416064470897501,0.039339530461181806,-0.09152984420734327,-0.05927257754065228,0.014361156899186184,-0.10271090905320807,-5.9774669451666235e-18,0.02465014229138799,-0.13233713989220858,0.0013315908648993905,0.030395165181040996,-0.15382152042398414,0.002222229056503894,0.032930496233121165,-0.17591533494215414,-0.012965603212219158,0.038347192986340546,-0.10142441240556316,-7.463550098319048e-18,-1.4282553027491221e-18,-0.14067894324596977,0.0024674361706381125,-0.0013806623861110081,-0.16625372674359792,-0.006479198921878097,-0.003420517736078359,-0.19331673724709258,-0.015078302293708726,-0.0010391113949109354,-0.09667739729800467,-0.00822347384107358,-0.015531699809056835,-0.12912307923864896,-0.013293675383739063,-0.017790932440571672,-0.1534027560770704,-0.019770417841913284,-0.01848303696630725,-0.17685163690180664,-0.02717853524709452,-0.016817071981567223,-0.07830359586688397,-0.019006387995340723,-0.02940547861631892,-0.10013764112556066,-0.018917267472979733,-0.033507334260645665,-0.12438387608489093,-0.02066704719386578,-0.036464500715619734,-0.14547547244140432,-0.02593973903420848,-0.03570813801464025
0.0,0.0,0.0,-0.026931984795998197,-0.006123483561132864,0.028983353536972158,-0.051790807848447924,-0.02054497452888141,0.04351460772900356,-0.07828546440775883,-0.04449587992447848,0.03746401322579996,-0.08932577645782543,-0.05935507107149127,0.011503355211484071,-0.10281653782650958,1.0399749918453836e-17,0.02493980711985072,-0.13229179982832592,0.0011492715158463286,0.03086573376004895,-0.15351418496745428,0.0021765166971064063,0.03345650048570119,-0.1756386761232507,-0.012669343588591078,0.039014736242544514,-0.10157108285784242,9.389470041847567e-18,3.2584089946497417e-19,-0.14068337244249968,0.0018647885915360307,-0.0011672984750109618,-0.16578992692544092,-0.007369355713120903,-0.0030383544052596323,-0.19264378898030926,-0.015616468745358563,-0.000549015957801936,-0.09658180362347617,-0.00830485878931671,-0.015567090140221895,-0.1290249880631992,-0.01429919183433441,-0.017151052097938636,-0.1529704200866976,-0.020901424766099148,-0.017995182023357603,-0.1754803937548272,-0.027425347076770884,-0.01648024065079926,-0.07801133829895696,-0.018988407979187813,-0.029625998757692992,-0.09959384596118093,-0.019320765410394493,-0.03321972282018676,-0.12408396905686285,-0.02106393711718642,-0.03590232197849469,-0.14453433423457507,-0.02548629628074484,-0.035043819144395735
0.0,0.0,0.0,-0.026763441918859168,-0.005988104028089532,0.02888098132349198,-0.051497826203378706,-0.020320403702318007,0.042770801902393185,-0.07721353429260418,-0.044356576624720735,0.035798343010186535,-0.08735461685482113,-0.058980511638368115,0.00924349352832849,-0.10282321146727649,2.9073538980116893e-18,0.025018170976349886,-0.13214391058500755,0.000936313340450665,0.03109497631152455,-0.15301833953418637,0.0022203261479121464,0.03378695525720922,-0.17533732525757587,-0.012388827090866406,0.03922311265520088,-0.10157577584604954,2.2117710904180263e-18,5.435791932694536e-19,-0.14047246703500416,0.0013074369510623508,-0.0008751050944943608,-0.16522355082197146,-0.008047281095049125,-0.0027828407289268737,-0.19191897100918287,-0.016025943026337232,-0.0003380789956852342,-0.09647351222711843,-0.008399384416643622,-0.015551144384866471,-0.12875682054592327,-0.015078169715172202,-0.016457436501013344,-0.15254032390306396,-0.021865372010613424,-0.01766477602127524,-0.17415989134637652,-0.027438738023381988,-0.016364088769746234,-0.0777400912223202,-0.018899034021519996,-0.029813230624495972,-0.09906499244212483,-0.01953093713909218,-0.03286192261580737,-0.12382334584318816,-0.021252775429735533,-0.03533503910373415,-0.14364685680050662,-0.024759845343150608,-0.03440621828188067
0.0,0.0,0.0,-0.026666658854643206,-0.005782626494438438,0.028557686388276108,-0.051269360134850776,-0.01996606472906464,0.041843455749739654,-0.07626700956991998,-0.04398540128210104,0.034278983945690546,-0.08557968584150696,-0.05846231417964061,0.007301384520709376,-0.10272368745064049,-7.559602259810415e-20,0.024872133463793793,-0.13190884706492007,0.0007393822093796229,0.031086661758090002,-0.152397460686452,0.002388148008515873,0.033888769740756525,-0.1750369047330323,-0.012078878811916017,0.03903030901649125,-0.10139665920352979,1.2833368677785017e-18,3.022241457424123e-18,-0.14000146821576032,0.0008821334660468266,-0.0005478136668697453,-0.1645817312417251,-0.008430823980640097,-0.0026913916066240466,-0.19120701814211452,-0.01627815681973073,-0.0004048734915755576,-0.09627522629621818,-0.008467722433345223,-0.01546941979942537,-0.12829323426355735,-0.015512389567691205,-0.015815854433566087,-0.15208432141328976,-0.022487265970733947,-0.0175412622600715,-0.1730352684301767,-0.02715369764878981,-0.016453212836237574,-0.07742839250626003,-0.018745897645638762,-0.02990273049310231,-0.09851257240597353,-0.019513616239429574,-0.0324552777766812,-0.12347936751579904,-0.021167638789096724,-0.03482218591683149,-0.14283526995707774,-0.023849914113622108,-0.03384721272795634
0.0,0.0,0.0,-0.026701648677119025,-0.0055400491738114175,0.02819690194177587,-0.05114740158098054,-0.019540600741609314,0.04088978515991582,-0.07549937381293322,-0.043579040514084184,0.03296639352066343,-0.08395555689268362,-0.05799809513559894,0.0056049488054052705,-0.10249283408448645,1.1392366170389353e-17,0.024545650354517348,-0.13156958277078476,0.0005900524775208596,0.030901015188070056,-0.15170042916598261,0.002635287326272805,0.03377377571040727,-0.17468327215414428,-0.011778902938713661,0.03855396333206345,-0.10100732217071548,1.4018720306573858e-17,1.4610766079814337e-18,-0.13923809151855465,0.0006384065755899292,-0.00020593738134390166,-0.1638682531057123,-0.00853086295145545,-0.0027528141555234857,-0.19051069068445808,-0.01644511269067785,-0.0006993830925268416,-0.0959069969707525,-0.008462580967254702,-0.015312531255856817,-0.12762154962724215,-0.015552304616797847,-0.015314612896585339,-0.15155709590142863,-0.02267116664758406,-0.017622028507239176,-0.17217749694028506,-0.026638124999980604,-0.01669214637455918,-0.07702167045620177,-0.018531735674652237,-0.029843596107266064,-0.09789762124722133,-0.019250344157406386,-0.032019133995960326,-0.12292793969518512,-0.02074926333759862,-0.034391032980567116,-0.14210867330057453,-0.02287287675400773,-0.03339766983152478
0.0,0.0,0.0,-0.02687279303747507,-0.0053070796321823795,0.027954439976409874,-0.05113425649066531,-0.01911402017373748,0.04009060050964266,-0.0749278620928232,-0.0432616588789265,0.0319577331767986,-0.08251056655632875,-0.05768431315807474,0.004181394752210751,-0.10214238781852199,1.5595782741930147e-17,0.024139131437643166,-0.13113953710312495,0.0005006010082723322,0.03062871865303428,-0.15099160348384438,0.002876473043927683,0.033492065421212414,-0.17423648200532446,-0.011577146484599213,0.037948170983925,-0.1004526838238497,1.8528778813078896e-17,8.79801710887986e-19,-0.13825303812841475,0.0005772380622547735,0.00012482767300186384,-0.16312921755856638,-0.008419872105764262,-0.0029165131925469384,-0.18985873907549206,-0.016626535424674536,-0.0011301407932101052,-0.0953673058388558,-0.008360309900914504,-0.015102348595882003,-0.12679822408494237,-0.01525487479330679,-0.015012181462744639,-0.15095227979680312,-0.022443979355219135,-0.0178615409477201,-0.1716121536405635,-0.026044132138357712,-0.017012780788299063,-0.07652203552333617,-0.018269809683702714,-0.029651472570327315,-0.09723789894495324,-0.01877793512923068,-0.03161059119613074,-0.12216463805480891,-0.020009140957192265,-0.03406500482802149,-0.1415274648276327,-0.02191751632587959,-0.03309283047546854
0.0,0.0,0.0,-0.02713749751379697,-0.005140224792073067,0.02789414045834016,-0.05122771482913147,-0.018766295315063953,0.039572604231472734,-0.07459737612211438,-0.04308205394928758,0.03132132529223949,-0.08137653213699514,-0.05755144239614327,0.003070173443939989,-0.10177045598485496,2.8481851382833825e-17,0.02377380202398239,-0.1307208228809507,0.0004736936039486261,0.030341101068541557,-0.1504015310736904,0.003043791627348373,0.03309376553464824,-0.17376702883687742,-0.011537692639522788,0.037328955162860694,-0.09987283039355241,2.5526248018535967e-17,-5.644064883582132e-19,-0.137254982949231,0.0006726101918207085,0.00038129694968043275,-0.16249421123771546,-0.008159234267756029,-0.003136893067570167,-0.18935632346100778,-0.016843252463608967,-0.00161566034075345,-0.09476068162018439,-0.00817231154579616,-0.014900420848066578,-0.12597869576907775,-0.014734919454615445,-0.014954774924202866,-0.1503527685818641,-0.021888961380785228,-0.018204408908636283,-0.17137638241369058,-0.025489625007812326,-0.01736806127375177,-0.07600502935590468,-0.017984975062281496,-0.029408684362286726,-0.09663530427406099,-0.018175831199795253,-0.03133662872475867,-0.12133394484396792,-0.01903351613451358,-0.03390391051204049,-0.14119993016604587,-0.021040071914415884,-0.03299703766626284
0.0,0.0,0.0,-0.027442428375633206,-0.005093305864898344,0.02798889749656143,-0.051448046790432425,-0.01858432058852491,0.03939059211149662,-0.07462024065917659,-0.04304428097331764,0.03110084979624736,-0.0807955289845396,-0.05761333809414712,0.0023548799862524996,-0.10154475908592416,-7.128789020979675e-18,0.023538892869285982,-0.1304865794591537,0.0005019177487174561,0.03007035690053289,-0.15012318164076202,0.0031056302258069927,0.0326194808766759,-0.17346836351171216,-0.011663923545254244,0.03674324593316114,-0.09946060653642137,-8.993756998622159e-18,-2.4833022982104582e-18,-0.1365287632868496,0.0009005202552631561,0.000481429321898407,-0.1621474387379967,-0.00776307077375068,-0.0033928458613736424,-0.1891599752115332,-0.016997083784282992,-0.0021132553237144355,-0.09426650051683694,-0.0079366137732741,-0.014785196979331526,-0.12538374342687078,-0.014094648512701143,-0.015167852957453322,-0.1499338573783129,-0.021082397166238147,-0.018594909073385124,-0.17153465952710517,-0.025007667124163198,-0.01772662732803125,-0.07559919948741434,-0.017709929127620927,-0.02921518659362584,-0.09625306423885725,-0.017528211404018442,-0.03130254568387562,-0.12067694261067487,-0.017964094436827508,-0.03398472376474311,-0.14122069257757203,-0.020314972774199865,-0.03317786048762384
0.0,0.0,0.0,-0.027742651030353307,-0.005185581827556894,0.028157317373251143,-0.051825173804366687,-0.018643650765123927,0.0395617754772324,-0.07515032612105339,-0.04312740684681957,0.031366284477940924,-0.08109327952452082,-0.05786787674197128,0.002255497913553906,-0.10162229212340337,-1.8771552039896836e-17,0.023463324703556394,-0.13060541446537208,0.0005618433273343576,0.029830122859215775,-0.1503375196374428,0.003038479304868507,0.032128700154391926,-0.1735597839746831,-0.01193270911502683,0.03621880934334147,-0.0993920492711835,-1.7081797366978328e-17,-2.6725520958791423e-18,-0.13633524187310678,0.0012371092038022714,0.000381892314266361,-0.16226542816741718,-0.007237627247572112,-0.003652267447787098,-0.18942264305389725,-0.016937741866176293,-0.0025691871087428057,-0.09408492322309304,-0.007709650333088598,-0.014813741898493544,-0.12523779483673542,-0.01341930033528,-0.015620588446947782,-0.14991126497783266,-0.020130959473183097,-0.018950171632168403,-0.1721538657195342,-0.024628838962728144,-0.018019914358254393,-0.07546311545652369,-0.017500724368421774,-0.029141359959254678,-0.09627072073604716,-0.016933643574942217,-0.03154897213223784,-0.12046130940710661,-0.017013239438475023,-0.03433741032579802,-0.14164266840304435,-0.019880379607193674,-0.03364520734148422
0.0,0.0,0.0,-0.028006107631455276,-0.005380045606890545,0.028308329144265763,-0.052353258232567465,-0.01894879652616052,0.040102633436000894,-0.07627858563231668,-0.04323785283334214,0.03227045012057601,-0.08255745201505847,-0.0582072079879679,0.003186503913779227,-0.10204242798007274,-2.2848670370789624e-18,0.023518977847780516,-0.13113252587638322,0.000630478020457009,0.02961634679628496,-0.15109957677509914,0.002824486206137591,0.031687320304113885,-0.174128260839544,-0.012332596125142363,0.03578000746897503,-0.09973858945807848,4.692119955063763e-18,2.110977498656741e-18,-0.13678778438059602,0.001651558326088186,0.00010672530161327067,-0.16292664812090496,-0.006620525480213571,-0.003856781738395337,-0.19020836060078208,-0.01658648147632737,-0.002893774583115759,-0.0943436299466107,-0.007553007384768223,-0.014985734798975792,-0.12566677244943697,-0.012780199067711925,-0.016223347147837703,-0.1504363056544156,-0.01918091108701612,-0.019162966512840714,-0.1732697036142764,-0.024444088372264083,-0.01813388575262374,-0.07573282253896185,-0.01743990545409646,-0.029186991885428157,-0.09681475059733158,-0.016507178029697325,-0.0320244361566048,-0.12087026985741368,-0.016415868139995002,-0.034911743997730504,-0.14249150568104568,-0.019912710026006284,-0.034321067852249976
0.0,0.0,0.0,-0.028218468214738886,-0.005597726115710048,0.028371188875281634,-0.05294466171383446,-0.01936989451251665,0.04101225070643439,-0.07789044184421447,-0.04313085330989518,0.0340251609424964,-0.08525405977656743,-0.05827939762017909,0.005691726461851189,-0.10265069466668243,2.471533424944775e-17,0.02363008415356089,-0.13192012635066025,0.000706250262473886,0.029386029880542563,-0.15224609697168562,0.0024850093322056695,0.03131355217839673,-0.17501683269263552,-0.012869582615886438,0.035392975357148006,-0.1003876650112586,1.758167283658351e-17,-3.021338340730407e-19,-0.13774067970491388,0.0021113397924412726,-0.0002597812851183556,-0.1640205740576389,-0.005969281014518583,-0.00395674313332648,-0.19139427096489905,-0.016012753218605798,-0.003014206352328752,-0.09499504481275714,-0.007509693716923448,-0.015228178751683818,-0.1265833014376013,-0.012197327885245366,-0.01686322288938222,-0.1514722196838782,-0.01834374364111078,-0.01916125296764704,-0.17482029313136355,-0.024539285933574323,-0.017982353580652668,-0.07644140518910572,-0.017583394870801346,-0.029269445159657927,-0.0978752107653002,-0.016318182008669174,-0.032601734228302585,-0.12187985540288801,-0.016286434603670744,-0.03560002732162293,-0.14375082956156365,-0.020500506625520876,-0.03506402057065216
0.0,0.0,0.0,-0.02837971290480339,-0.0057541007480576235,0.028302045157572543,-0.053429711954508095,-0.019659503561389707,0.04221575523613741,-0.07960420382490216,-0.042402797078332694,0.03676433254734659,-0.08890790249024093,-0.057425653127081644,0.010251291405918619,-0.10313633540801756,1.7429332196612885e-17,0.02369085835963623,-0.13264996268075108,0.0007894983192637054,0.02908169586957647,-0.15341558739678945,0.0020744322954024752,0.03098462529497134,-0.1758613706357206,-0.013559265114328773,0.03496223700660965,-0.10106562368406494,8.538339783331367e-18,-2.9604325701997755e-19,-0.1388204555931969,0.0025628316054144263,-0.0005778426977141919,-0.16525138050091304,-0.0053579644195715925,-0.003928155601834329,-0.19264726450347236,-0.015395738419143407,-0.0029037850907020703,-0.0958119206401511,-0.007587691835100813,-0.015423526101818104,-0.12769208796324752,-0.01164696380663854,-0.01742344989792817,-0.1527548929506463,-0.017684715877863046,-0.01895425009635308,-0.17655518558405592,-0.024919631995138834,-0.0175667961902447,-0.07747981543906855,-0.017892639839988535,-0.029287625656501996,-0.09928192966361161,-0.01634233840117536,-0.03312830327544046,-0.12324945339630818,-0.01654826466930682,-0.036261973828770576,-0.14528406430961424,-0.021519269391547705,-0.03569989009657689
0.0,0.0,0.0,-0.02849583106067504,-0.005804239896963162,0.02809611521079638,-0.05364207417460446,-0.019564894977359523,0.043577431969251935,-0.08091937162255822,-0.04060576890783596,0.04046336695483576,-0.09295854448238101,-0.054855255040411784,0.017162655631150884,-0.10320319158628524,-7.074461858900558e-18,0.023615641589991906,-0.13301211980597527,0.0008439519636959322,0.028691936235101714,-0.15423506389465877,0.0016259167408716755,0.03069655593668953,-0.17627784003869923,-0.014403319182372322,0.03440599937911245,-0.10149987174773205,-5.6995195779685514e-18,9.042992352489789e-19,-0.13964826159887295,0.002903067330265636,-0.0006920954974706347,-0.16628834125842334,-0.004891653874979808,-0.00377343969820323,-0.19355279780108767,-0.014906713246861962,-0.0025796622518815975,-0.09651303197404575,-0.007764630733062673,-0.015479469061919139,-0.12867041596694007,-0.011141664947185251,-0.017806673257291225,-0.15390688856339396,-0.0172741442468061,-0.018627262666134188,-0.178055687077482,-0.025515298208241794,-0.016974327380797766,-0.0786451232657077,-0.01824585110326703,-0.029214359826979626,-0.10079560427006205,-0.016497775404469315,-0.03349582606316244,-0.12465118023638697,-0.01702097304708497,-0.036750482360607475,-0.14680208220536142,-0.022663004936363817,-0.03607004041391403
0.0,0.0,0.0,-0.028570799646498883,-0.005767281459254799,0.02779495417169347,-0.05351642660479933,-0.018943689799772644,0.04497595176934575,-0.08145307236175399,-0.037444279232694305,0.0449820170863183,-0.09670810600752965,-0.05003706012963868,0.026510102140865813,-0.10274059355512014,1.7716969071591454e-17,0.02338691726752511,-0.1328799678757084,0.0007800652551607436,0.028266587917009898,-0.1545133701355344,0.0010917805536699017,0.0304879461505564,-0.1760357609899502,-0.015413218207035173,0.03371375337590774,-0.10158046009054827,1.3233455692677858e-17,2.4046756552972228e-18,-0.14005233431131944,0.0029751432367546445,-0.0005249612429741694,-0.1669259082494917,-0.004741606583922994,-0.0035261949563017195,-0.19379908728287254,-0.014693272091232007,-0.0021023381135509694,-0.09690455932174315,-0.008007297924751104,-0.015396812746510512,-0.1293428591472037,-0.010785002417548553,-0.017994397901282353,-0.15461602886538173,-0.017227461454944,-0.018314048507365035,-0.1788990229348862,-0.0262779313727073,-0.016354323752452025,-0.07973213607593588,-0.018523758361046132,-0.029125780495221732,-0.10221141944278084,-0.01672820736860179,-0.0337032738017954,-0.12580525452728822,-0.017577650863921927,-0.03699493922475073,-0.14796507847904225,-0.02366331814851332,-0.036132988454980246
0.0,0.0,0.0,-0.028597955837934848,-0.005704956508788125,0.027449315467130444,-0.05310481259274462,-0.017815875176588825,0.04630438539611859,-0.08106169666715198,-0.03297841800801688,0.05003579340367645,-0.09944168750244949,-0.043097418318400076,0.03791042356132807,-0.10186371249797933,1.6529064900592672e-17,0.023047345582276533,-0.13233241784461933,0.0004783266835392602,0.02787765677947316,-0.15424877827585187,0.0003274667658827962,0.03041194474276191,-0.17508796357432568,-0.016669316912707365,0.032938588480906875,-0.10136864826472296,1.3856672979869426e-17,8.429093935703575e-19,-0.14006628950953548,0.0025927901916900464,-0.00013145045558229942,-0.16708349210260334,-0.005167318565862139,-0.0032455747787627537,-0.19324947448309346,-0.014972516166901585,-0.0015730462703703806,-0.0969203886470644,-0.00827795236225573,-0.01528063209609392,-0.1296644463219148,-0.010729103402019506,-0.01807820948890547,-0.15472328206100425,-0.017697944572684685,-0.01817823983055893,-0.17880451758903337,-0.027257576165089878,-0.015911751918843454,-0.08056936066834225,-0.018659266449696135,-0.02915974715495546,-0.10334371922270923,-0.01702931735548401,-0.03386990652680725,-0.1265026057676091,-0.01820042447708727,-0.03709527806683931,-0.14850082333810183,-0.024452128625960225,-0.03604453621300898
0.0,0.0,0.0,-0.02857116563495294,-0.005673750266352611,0.02708183237784299,-0.05255449468215744,-0.016351645653136994,0.047441393933033954,-0.0799179340824435,-0.027681464194968516,0.05515256656936693,-0.10071838599586934,-0.03491710378214306,0.05023188621162356,-0.10083958244035339,-3.7723952668680576e-18,0.022660647829918723,-0.13156567631264163,-0.00012467671658012726,0.02757805926802443,-0.15355458379787065,-0.0008032567388612086,0.030485596187111472,-0.17355121585937355,-0.01825294279192791,0.03216171866204001,-0.10099782140110945,-1.4805582139969326e-18,2.3942808908937526e-19,-0.13979230175705393,0.0016503660687946428,0.0003430660262057184,-0.16673769476271252,-0.006348926577288965,-0.0030156276439585647,-0.19195152429863643,-0.0159426568886909,-0.0011364720948773006,-0.09659244251907688,-0.008522253455981543,-0.015266413444178676,-0.1296196788314353,-0.011050768017981988,-0.018198752953801325,-0.15421529146696877,-0.018728369418810124,-0.01836889319581828,-0.1777267357931645,-0.028492667447327376,-0.015846907269046636,-0.08101659020368802,-0.01862051580427887,-0.02943009248455989,-0.10400415092822797,-0.01737484427927469,-0.03414961771289357,-0.1265916028909739,-0.018865761412113914,-0.03726708911348785,-0.1482732288117233,-0.02505951878419022,-0.03606957642790814
0.0,0.0,0.0,-0.028496041433584203,-0.005679528645169764,0.026711067887830578,-0.052032237503955595,-0.014784265988567007,0.04831572300103428,-0.07846472158145731,-0.02224873988372969,0.0598291943467968,-0.10067500881619204,-0.026714477923276494,0.06187083189473885,-0.09992420266905748,4.5380138651402494e-18,0.022292876914893952,-0.13076813669639067,-0.0009594336873046839,0.02738819781336684,-0.15260664964524978,-0.0022792004228551176,0.03067187380925113,-0.17167049294834033,-0.020124805730646442,0.03148885539263987,-0.10057246376574888,3.3588708936150698e-18,-1.498939306442911e-19,-0.13930528598717343,0.00025577736990278776,0.00075871804269341,-0.16593719717181477,-0.00816093889186848,-0.0029028516959810993,-0.19014198541694904,-0.017577435007983068,-0.0009041043667814625,-0.09601797032785116,-0.008689078450634047,-0.015407349001841266,-0.12921240805001796,-0.011678279058868646,-0.018424132116625618,-0.1532116008481238,-0.020127044167705718,-0.01889311700813725,-0.17590964489841787,-0.029901590273083235,-0.016178331787649672,-0.0810120879520987,-0.018415632137405942,-0.02992778125349669,-0.10410173386461477,-0.017690792543202914,-0.03458369538755398,-0.126050184277373,-0.019495521240879318,-0.037620813927157964,-0.14735445595659213,-0.025520167152310907,-0.036331499983121844
0.0,0.0,0.0,-0.028378671669694145,-0.0056859486432467386,0.02639325593689956,-0.051604132597384285,-0.0133142875525288,0.048954756597124914,-0.07711870813387899,-0.017336253267046145,0.06369471148067189,-0.09983169080736698,-0.01946939975573132,0.07142259960980311,-0.09922288351362239,-8.937307239362518e-18,0.02200619376929257,-0.1300361617953499,-0.001868056610388196,0.027307851319840114,-0.15158750842666233,-0.003926089013171098,0.030916872148747193,-0.16972721161173876,-0.022157387636292197,0.031039273316425156,-0.10013829882234145,-8.026450696055487e-18,3.379190949163167e-19,-0.1386755325575082,-0.001307167180516935,0.001053752257615164,-0.16485528926627632,-0.010258054918109091,-0.0028801586732397594,-0.1881815781527305,-0.01966365273947171,-0.0008409327682676139,-0.09533123279901769,-0.008782799795710288,-0.015643409045435527,-0.12853151242335442,-0.01247078099489045,-0.018698824277865324,-0.15195010341732118,-0.021622858479578292,-0.019549136351016457,-0.17380335225044338,-0.031406649156859964,-0.016674511110828762,-0.08062955088694002,-0.018133307738212225,-0.03051245553047973,-0.10373327135408739,-0.01795880362207144,-0.03506638956707906,-0.1250578972686379,-0.020091231441833404,-0.0380516438004514,-0.14603052729911992,-0.025976121963492037,-0.03670470231671214
0.0,0.0,0.0,-0.02822095965940838,-0.005673647430506825,0.026201928517773167,-0.05122458392156977,-0.012083993545428866,0.049429156066880454,-0.07603779359243917,-0.013393327007281113,0.06654146112225012,-0.09864916881083298,-0.013682148916012576,0.07817857593516735,-0.09872006824185672,1.4283922986739485e-18,0.02184189705841224,-0.12940388060869473,-0.0027072250208493025,0.027329353861937914,-0.1506553565241741,-0.005543293812632005,0.031186034241896872,-0.16796715360585499,-0.024235554488277737,0.03088335132932147,-0.0997290982373167,2.0642498433042486e-18,-4.424516911752308e-20,-0.13802937480101546,-0.0027634680092936425,0.001243659660216776,-0.16375661089720822,-0.01234591041256973,-0.002854414249271506,-0.18642492129475915,-0.021990934066305902,-0.0008087986459575372,-0.09467095097685559,-0.008863634920412792,-0.015881871178096037,-0.12776446391973217,-0.013327745735540705,-0.01892811505319089,-0.15071542507900015,-0.023085547486107305,-0.020079390667709092,-0.1718634591280953,-0.03305163288825988,-0.017050582460383913,-0.08004786141280502,-0.017919597196353238,-0.03102825240224605,-0.10312609645030348,-0.01825965329078563,-0.035472478518352855,-0.12392395536052385,-0.02077841589157218,-0.038389812591212075,-0.14466878294911348,-0.026672349913657113,-0.036994339475818545
0.0,0.0,0.0,-0.02803162018059948,-0.005658487979218421,0.026170001891385596,-0.050833398146752654,-0.011178424269674385,0.049795865530570804,-0.0751885682213029,-0.010587837607712022,0.06836090296095215,-0.09739571743261334,-0.009441956879149168,0.08222710541221503,-0.09838001269072945,6.077067296618547e-19,0.021808171044303465,-0.12891173761782593,-0.0033898797200708508,0.027437830090728817,-0.14993782662947214,-0.00697957837450729,0.03146522692471997,-0.16657628571419847,-0.02626329365290906,0.03100768389829418,-0.0993948722783157,1.9592012193032086e-18,1.4078421618522345e-20,-0.13751974725935212,-0.003965294379389631,0.001370155367336632,-0.16287910425512986,-0.01426893297191026,-0.0027617682769541753,-0.1851098574127306,-0.02439806288922888,-0.0006998338196289497,-0.09414052458026315,-0.008986683580414993,-0.016072927146442668,-0.12710977328743983,-0.014200951222784258,-0.019070861576165634,-0.1497342814599347,-0.024523756772276004,-0.02035892969534427,-0.17038501997115554,-0.034907615248736534,-0.017167901308685663,-0.07945163489938957,-0.017885345829776272,-0.031402934768438674,-0.10250680285800809,-0.018681242581815104,-0.0357558720249524,-0.12292925592064231,-0.02166564391319711,-0.03856479425002272,-0.14355694394183238,-0.027759196897904674,-0.037115235410319844
0.0,0.0,0.0,-0.02783941875000099,-0.005662162860386467,0.026266873801128094,-0.05043436303717356,-0.010622709897805229,0.0500841491617495,-0.07452939890698304,-0.008854386107230853,0.06933098198421728,-0.09627070690306405,-0.006611201734400889,0.08418274587426806,-0.09818134255854614,3.213849141349511e-19,0.02188236602064685,-0.1286171086332047,-0.003871755474144948,0.027603442797347784,-0.14952029310091258,-0.008120073834590461,0.0317387776303694,-0.16567225986439196,-0.02808272239572642,0.03133278446738517,-0.09918056210886066,9.686456430204403e-19,-2.7359076151308573e-19,-0.13724611258445893,-0.004860467093820284,0.0014594887298567754,-0.1623467719069314,-0.01590282072092447,-0.0025994363871987133,-0.1843276633329009,-0.026658607310759898,-0.000491934927892179,-0.09378781798824283,-0.009152059861851072,-0.01621198156403066,-0.12668619290608735,-0.015035242417925561,-0.019141826497582108,-0.14912078205460025,-0.025920927613979444,-0.020417723222658793,-0.16946555068561733,-0.03687897318114539,-0.017054442733061174,-0.07896513817616406,-0.01803137400725943,-0.03164054013459633,-0.10202495241471977,-0.019215463841269972,-0.03593001514478415,-0.12223831982191673,-0.02269878561866617,-0.03861090624692328,-0.1428384449948771,-0.029123376153747427,-0.037095525404027135
0.0,0.0,0.0,-0.02769063083688379,-0.00569656643505391,0.02642115709200017,-0.050094221073324105,-0.010390735853862545,0.050297600853545385,-0.07407475639792589,-0.008022605481726992,0.06970802126199863,-0.09545057821354935,-0.005001360193148041,0.08479288877119424,-0.0981052170592064,2.393045479619628e-18,0.022016668372098248,-0.1285496888068071,-0.00413855812057079,0.027778668002632314,-0.14941996503858557,-0.008871064918135073,0.03197021610443088,-0.1652907284093186,-0.029453451298749104,0.03173037289808897,-0.09910022933397182,4.111735839440111e-18,4.1250256860693427e-19,-0.13721812699463112,-0.00542291073309636,0.001511626154291497,-0.1621621026385089,-0.017081484205349867,-0.002413225411444804,-0.1840502612541085,-0.02842985010259206,-0.00024207669444348563,-0.09361404982462158,-0.009306647530840869,-0.016309305231907583,-0.12651282342120507,-0.015725006540970723,-0.01917466550420116,-0.14888227645078944,-0.027125910558197127,-0.020366029426508375,-0.169064445166876,-0.038634515273557914,-0.016840136687453388,-0.07864789813210968,-0.018250462606053806,-0.03176803665366228,-0.10174396755040473,-0.01973717813666449,-0.03602262095485243,-0.12190049328768711,-0.02364691672840217,-0.03860307800874004,-0.14252889988210884,-0.030404087981962043,-0.03701568203082486
0.0,0.0,0.0,-0.027630052178894703,-0.005770094488516891,0.026562576780124376,-0.04989221982533784,-0.010422019831017136,0.05042812814139264,-0.07385471438027263,-0.007903672545028922,0.0697277451600484,-0.09503243385085886,-0.00443127620013206,0.08467983041343838,-0.09813269889259083,-2.6340674885668858e-18,0.022150165478474933,-0.12867944749250115,-0.004207814842646131,0.027908310744937877,-0.14957919072612852,-0.009193279246698162,0.03210616929862634,-0.16537646659787417,-0.03018412053427125,0.03204240394015629,-0.09913814098091533,-2.83560625540995e-18,9.525643842491514e-20,-0.137377640669411,-0.005644693609450876,0.0015100555996350304,-0.16225002498487948,-0.017675854096037894,-0.0022846455574852356,-0.18417360411051814,-0.029411962300782902,-5.876935737507999e-05,-0.09359251225965268,-0.009389873936334645,-0.016371430010847014,-0.1265433629105268,-0.01615110362865334,-0.019204407026795992,-0.1489508114711745,-0.027926535319726276,-0.020327322670845933,-0.16908182835797636,-0.039793491776705735,-0.016683332879073698,-0.07850903772430809,-0.018414601374549498,-0.03180790272477527,-0.10165875925538966,-0.02008664547722643,-0.03606518276697875,-0.12187706334742772,-0.024245529726491202,-0.0386130490760125,-0.14255924313699692,-0.03121955626486941,-0.03697037078830695
0.0,0.0,0.0,-0.027681516214784277,-0.005891968247212265,0.02664926358645509,-0.04987331333826212,-0.010638438355150902,0.050469779556942186,-0.07387118884328096,-0.008296627667645867,0.06956156000813739,-0.09500956992913381,-0.00468108691081442,0.0842541626070131,-0.09824415610563783,3.0340251160560265e-18,0.022227895196769227,-0.1289259179462143,-0.004131005068287754,0.02794848401342328,-0.14989527149646228,-0.009139538812785414,0.032103092080861984,-0.16579526540733022,-0.030269335480494968,0.03213472480230229,-0.09926400603034655,2.3791251187814212e-18,2.902864354372353e-20,-0.13763684089381853,-0.005561684112636407,0.0014423663484314977,-0.16250260193951724,-0.01770052615935589,-0.002295122970210978,-0.18455136359143845,-0.029541650659071453,-4.042054825617727e-05,-0.09367855421960573,-0.009377101853476422,-0.01639659933027413,-0.12670196046531856,-0.016260582682053357,-0.01925998829251711,-0.14921022314010574,-0.028206366981947683,-0.020389062628789704,-0.1693926060564086,-0.04017974913969987,-0.016697239861963215,-0.07851473823208431,-0.01846157252719969,-0.031776435175265974,-0.10171572645073516,-0.020172611115676455,-0.03608803233840858,-0.1220654386508384,-0.02436130525814837,-0.0386835608876495,-0.1428081975421712,-0.031399206773046744,-0.03702949260820948
0.0,0.0,0.0,-0.027827554713913853,-0.006067567012549267,0.026663548506429227,-0.05001243552472104,-0.010954135377487097,0.05042557242749234,-0.07405702689794896,-0.008962318067970636,0.06931685004421877,-0.09527315265062107,-0.005444515615210663,0.08373691969661047,-0.09839508461100628,9.288541287295756e-20,0.02221435901997502,-0.12917038977949735,-0.003990264542507281,0.027887022407840974,-0.15024010925732117,-0.00885703528147356,0.03196100317612202,-0.16634419676977888,-0.029895346671745336,0.03196721977778793,-0.0994301318670415,-8.992104306069238e-20,-1.391135070907543e-19,-0.1378910048515537,-0.005268941294412545,0.0013217041607120465,-0.16278558804039894,-0.017325977916548885,-0.00247085287111952,-0.18499429775885542,-0.029029936913053205,-0.00020852217069320064,-0.09380615442079157,-0.00928489586150967,-0.016375446112653475,-0.12688533665668222,-0.016113056724067563,-0.019344602082518682,-0.14950175071908534,-0.028030529686225908,-0.020569661592272203,-0.16981845611872048,-0.03990959420174312,-0.01690255027372689,-0.07859112967064516,-0.018399017459659814,-0.031682245758045215,-0.10181765858964062,-0.020005625459517583,-0.0360968777060473,-0.12231404071964297,-0.0240471433250174,-0.03880423649215013,-0.14309928167976133,-0.031034032309673977,-0.03718973530023198
0.0,0.0,0.0,-0.028000562944894034,-0.006299920439720673,0.02659952527658299,-0.05020192912584128,-0.011285386499291639,0.05031889608411717,-0.07425384548366158,-0.009635795000961803,0.06906640646697108,-0.09561793744795463,-0.006355061122441988,0.08324322680514565,-0.09850072440730183,8.07729485585607e-18,0.022099525973965625,-0.12927154043460598,-0.003880421628132418,0.02775468561697708,-0.15046940397290118,-0.008546892471351143,0.031739598258696836,-0.16677965291178856,-0.029346761181256745,0.03162525681594469,-0.0995653550750021,6.807333965982059e-18,5.226954199819073e-19,-0.1380302510774456,-0.0049025353006605914,0.0011929508675806591,-0.16294690613612525,-0.016805066890166885,-0.002755349426582611,-0.1852896976074256,-0.0282536121841167,-0.0004898150296150712,-0.0938966742878854,-0.009149588392118373,-0.01629516490522363,-0.1269729356121938,-0.015857977794872163,-0.01942112506264803,-0.14965508641440425,-0.02761117305379218,-0.020813993744162904,-0.17013419221076026,-0.03929725463055719,-0.017225928957731448,-0.07864601464773242,-0.018257896690487118,-0.03152182514720601,-0.10184160536361235,-0.019665796878034304,-0.03605839703118226,-0.12245732336187148,-0.02348864541702078,-0.03891023704011811,-0.14322259355877132,-0.03038339761230702,-0.037366231222628464
0.0,0.0,0.0,-0.02811211666313287,-0.006598913062278293,0.02646025959719558,-0.05029758133740925,-0.01156144592899693,0.05019858681941511,-0.07426644836530524,-0.010072527801370754,0.06887569829522995,-0.09580510346711686,-0.007051797857913072,0.08286833653714133,-0.0984730416281747,3.0465815410657243e-18,0.021897904205843935,-0.12911784747052985,-0.0038753597272375376,0.02761328780420886,-0.15046368642605032,-0.00839317837379396,0.031536005884855105,-0.166897093258831,-0.028889968850455364,0.0312771290429373,-0.09960172075481677,1.2601602451901558e-18,1.0824745077691517e-19,-0.13797999904422478,-0.00458800718082504,0.0011139640642177007,-0.16286779085696992,-0.016368613800943944,-0.003040063512903077,-0.18527843285194265,-0.02758781357308888,-0.0007647264052183405,-0.09389397975573448,-0.00900549520044692,-0.016147104599065924,-0.12687876004116508,-0.01565790030265519,-0.019430537510795865,-0.14956447891544253,-0.027190327008351327,-0.021024855133338752,-0.1701597176971303,-0.03867608817737719,-0.0175421503821579,-0.07861645850904159,-0.018059863500721078,-0.03128334430799156,-0.10169497761121427,-0.01924917462668552,-0.035921256825413854,-0.12238256711291885,-0.022892979493928597,-0.03892296438263879,-0.14302220224946827,-0.029733163562522855,-0.03744759539459089
0.0,0.0,0.0,-0.028102611272189257,-0.006978064097655281,0.026252654035023776,-0.050203498754432335,-0.011730852733034244,0.050115258034369,-0.07397197528373863,-0.010091611190130446,0.06880019130135424,-0.09567699307908742,-0.007247456853925775,0.08270142659250136,-0.09827938463767084,1.6299505891043369e-18,0.021637885526896338,-0.12868390516406233,-0.004008354156943788,0.027519844455372887,-0.1501767690420989,-0.008503697602110713,0.03142842814184983,-0.16660803624492582,-0.028687958419461847,0.031070506701125915,-0.09951563231949051,3.2598443548962803e-18,2.7033899759377264e-21,-0.13773365064217286,-0.004400488817900008,0.0011226625702553082,-0.16250913294904515,-0.016148565140573064,-0.003236700231416878,-0.1849075688364821,-0.027267328529565565,-0.0009486230268591508,-0.09379219946699735,-0.008874032536153889,-0.01593505375162295,-0.12658833924578283,-0.015613829878378184,-0.019335148542073553,-0.149224246935676,-0.026926808350900493,-0.021125281968408734,-0.16982606954703588,-0.03824552616269006,-0.017748138202794743,-0.07849944386359611,-0.017810963718655398,-0.030963561402134916,-0.10135888331887331,-0.018821930818018532,-0.03565815318477491,-0.12206862223588147,-0.0223817156784049,-0.03880299201646646,-0.14245709774525886,-0.029259868232386663,-0.03736919934046313
0.0,0.0,0.0,-0.027967343550198233,-0.007437578246670027,0.025982579220318765,-0.04992235998563619,-0.011780919107043254,0.050088694733207616,-0.07338986635005418,-0.009646183261051464,0.06886169128927476,-0.0952372478153162,-0.0068447724498365125,0.08277443865772846,-0.09795766695360325,2.9893969389540917e-18,0.02134831736957456,-0.1280334483180353,-0.004275341066844084,0.027493347003172006,-0.1496481276555594,-0.008889268871269389,0.03142954241584147,-0.16595791525998504,-0.02877168483895093,0.031043266860245472,-0.09933602853329335,4.255531769165839e-18,1.3447705073427948e-19,-0.1373441555349045,-0.004355910294325834,0.001216764286111822,-0.16191417791021492,-0.016157236531135058,-0.00333022563073834,-0.18422226676552186,-0.027329509045666132,-0.0010383563961331318,-0.09362497151684902,-0.008761705727336354,-0.015677415835804558,-0.12614444155101448,-0.015737036032256957,-0.019147526648832965,-0.14869343155668716,-0.026852712783076847,-0.021110270638441196,-0.16916617230719533,-0.03802877014579401,-0.017824242947402466,-0.07833162816774485,-0.017510436190927802,-0.030581833983998667,-0.10087697505570903,-0.01840207564988408,-0.035289073846780206,-0.12156712134528297,-0.02195838554191665,-0.03856968911294599,-0.1415849785055841,-0.02897351030894563,-0.037145961175991934
0.0,0.0,0.0,-0.027751496857975576,-0.00795047705025038,0.025666675469199058,-0.049536870361205,-0.011758444032767964,0.05010303389013814,-0.07265760081768977,-0.008894482866612948,0.06903020070532931,-0.09463010650090982,-0.006038193308257224,0.08302453365193903,-0.09757894510021521,-2.625642598661645e-18,0.021050692995227036,-0.1272757732591163,-0.004632826658950885,0.02751051414084863,-0.1489842467174553,-0.00946217179392469,0.031491721786101795,-0.16510081968658644,-0.029054052530583404,0.031124473918945305,-0.09911496450081482,-2.57639588361834e-18,-5.821897668702803e-20,-0.1368893277835799,-0.004411106156587297,0.001359713560945702,-0.1611877837977472,-0.016311826584098323,-0.003366990210937862,-0.18335114451706125,-0.02764161202255963,-0.001086366135058322,-0.09343268118375664,-0.008663705427882702,-0.015400153485554697,-0.12561822243962015,-0.015965953873517277,-0.018917986983212145,-0.14806038797903692,-0.02690164220484819,-0.02103693908345467,-0.1683066942114137,-0.03794183443982975,-0.01782842079187768,-0.07814830391380079,-0.017172729923849855,-0.03017243955800841,-0.10032149758816981,-0.017982906378879598,-0.03486598041520157,-0.12096732957614763,-0.02157345584604697,-0.03827907164657988,-0.14053570543500363,-0.028785624028812715,-0.036848465574896815
