x0,y0,z0,x1,y1,z1,x2,y2,z2,x3,y3,z3,x4,y4,z4,x5,y5,z5,x6,y6,z6,x7,y7,z7,x8,y8,z8,x9,y9,z9,x10,y10,z10,x11,y11,z11,x12,y12,z12,x13,y13,z13,x14,y14,z14,x15,y15,z15,x16,y16,z16,x17,y17,z17,x18,y18,z18,x19,y19,z19,x20,y20,z20
0.0,0.0,0.0,-0.026728163553472423,-0.006494973835113854,0.027603194362774156,-0.049919020990875494,-0.010902960274463733,0.05120330716548663,-0.07526036433449496,-0.009465380204497985,0.07047514907237606,-0.09725100719954921,-0.005420340882819188,0.08498274444272906,-0.0982905184016903,6.46860058054088e-18,0.023217449279566715,-0.1278368191200507,-0.004184356589659993,0.02955518270720895,-0.1484315397837084,-0.008350892482519825,0.0342681129787079,-0.16439621438703206,-0.03168300127992646,0.03537851928264154,-0.09881661814267607,5.321929807978974e-18,-1.4398017031099942e-19,-0.13770610989140608,-0.005848948670855965,0.0016036566152410419,-0.16253621554554473,-0.018837434860185347,-0.001255737119875127,-0.18479229452192403,-0.030602433054353197,0.002416862057398527,-0.09389822632642822,-0.009743413829901359,-0.01678879824042502,-0.12651341161981605,-0.016362701833510875,-0.020136265647585905,-0.14854282876772443,-0.02825236219486721,-0.021451285839427462,-0.16820310253622928,-0.04128349133720883,-0.017305388672820908,-0.07810154454077861,-0.019509108675002974,-0.032231625164729646,-0.10083006146610289,-0.021082508888434954,-0.03829215686408446,-0.12117841699119994,-0.02587452924659148,-0.041720306868484325,-0.14035194445229665,-0.033241843541806926,-0.04123353080862373
0.0,0.0,0.0,-0.026871895946165927,-0.006612667528022025,0.027742192761760827,-0.049986155430478546,-0.010510768914554833,0.05140957355623236,-0.07537495753382034,-0.008931613170385096,0.07066456992735984,-0.09710822670050262,-0.004350596837906017,0.08556200740054319,-0.09840553434088878,6.036715933406537e-18,0.023146671524909592,-0.1282356217791509,-0.003909945023465709,0.02954269830733107,-0.14889736036244688,-0.00811892958978332,0.03423461885416646,-0.16466083662205008,-0.031302129358608204,0.035573716390206525,-0.09918117786261818,5.8607743053897324e-18,2.4931032429993257e-19,-0.137995267711111,-0.005857288644921859,0.0015905596833740475,-0.16278931650855358,-0.018830557326397476,-0.0011622754483550184,-0.18485373819773268,-0.030951958613336553,0.0021378097840744586,-0.09402453421974255,-0.009787787029321272,-0.016864898036301697,-0.12684566841144196,-0.016618668114248208,-0.02026446393036627,-0.14916361263773928,-0.028543369064155038,-0.021256535216323244,-0.16863957928044135,-0.04139900985103324,-0.016943792968634578,-0.07846433719807808,-0.01974337755365878,-0.03215047796351987,-0.10126211936788218,-0.02142348610434097,-0.038032054077274814,-0.12152528622909803,-0.025989576566218375,-0.04162682830793008,-0.1411175279823903,-0.03381204131057817,-0.040762319759673926
0.0,0.0,0.0,-0.027019083382187354,-0.006719283831422745,0.02787780379685962,-0.05004829291990407,-0.01017473220111548,0.05160247100988416,-0.07547047525159595,-0.008504354312431246,0.0708244644057514,-0.09696388875003721,-0.0034900063317356398,0.08608260021065586,-0.09848092928846504,4.953188956637366e-18,0.02307811745434742,-0.1285753714342725,-0.0036564214580245436,0.029536697570848543,-0.14932775906009255,-0.00790983651929863,0.0342020790639107,-0.16489068422246975,-0.030969820431199894,0.03576287441442951,-0.09949269563331387,5.304735537178211e-18,5.490894449328601e-20,-0.13823308371411716,-0.005832440887077128,0.001577107140501432,-0.16303138572726228,-0.01879775795473654,-0.0010795751859605856,-0.18494224096768414,-0.031199007361398152,0.0019094728689790265,-0.09411723440305053,-0.009831707906525553,-0.016901357995603456,-0.12714685265333794,-0.01683347821933395,-0.020365185972991886,-0.1496823737177869,-0.02873416875198733,-0.021050048655259838,-0.16904860615773495,-0.0414512667619614,-0.01661555105591583,-0.07878077848323149,-0.019972558851738008,-0.032061801740092224,-0.10164557426160098,-0.021735153295047157,-0.03780108088089005,-0.1218344184029804,-0.026085556105606623,-0.04154367224634298,-0.14181296018449893,-0.03427313114912716,-0.04034788587429254
0.0,0.0,0.0,-0.02716692096685219,-0.006807077871015485,0.027994529813810988,-0.050103470344366845,-0.009938457153913787,0.05176312565954724,-0.0755456568264246,-0.008259562268256714,0.07094523712820415,-0.09683805006491493,-0.0029636348671935844,0.08648698738618132,-0.09850478860916971,-4.73581835953097e-18,0.023018833129458714,-0.12882646140360887,-0.0034497950461117454,0.029538756907148283,-0.14967975846995038,-0.0077446196774434775,0.034170754541886166,-0.1650695232327372,-0.030723926658134646,0.03591478936295512,-0.0997109330226475,-3.3916188125341844e-18,-1.53262595629361e-19,-0.1383912768837699,-0.005773912764343807,0.0015598523398952342,-0.16323680434512738,-0.018729729719798863,-0.0010314173734171585,-0.18505350924885614,-0.031290438727983635,0.0017397933450874193,-0.09416305926725728,-0.009869280580226975,-0.01688689054601693,-0.12738852223772038,-0.01696211327853528,-0.020428724573470322,-0.15004467892552364,-0.02878339935478632,-0.02086684159951154,-0.16939800309172923,-0.0414081581724181,-0.016373516915144545,-0.07901431300628645,-0.020174480307429618,-0.031972924727901794,-0.10194049085133516,-0.021980098898426777,-0.03762994287200068,-0.12207292001707358,-0.02613842724573919,-0.041481314505666736,-0.1423639018509269,-0.03455213394517993,-0.0400466004642556
0.0,0.0,0.0,-0.02730562613469923,-0.006873536673509878,0.028067297766403498,-0.050157648631725,-0.009821121532923272,0.051868714574849095,-0.0756168405752704,-0.008212767255705716,0.07102664344934277,-0.09677548937837262,-0.002783581642493639,0.08672800207187059,-0.0985006976309297,-1.0524463941588608e-18,0.02297878057931765,-0.12899449129493162,-0.0033093035646638057,0.0295391146335875,-0.14992552199223705,-0.00762211000022816,0.03413258740494615,-0.16521174635606217,-0.030555644562873664,0.03598532990448422,-0.09982593865735638,-1.6155734741701694e-18,-1.4002936338185595e-19,-0.13847721409986333,-0.005699672770639854,0.0015335852132585032,-0.1633823311823706,-0.018619258318943406,-0.0010456975520559061,-0.18517106751351542,-0.031215782890853187,0.0016035913987533527,-0.09417598216793385,-0.009891490431222916,-0.01684023999821231,-0.12755388923666283,-0.0169692716358495,-0.0204594412889189,-0.1502672101735341,-0.02869344081852771,-0.020764730736622713,-0.16967485252780978,-0.04124562869382848,-0.016266407263354835,-0.07915180545460526,-0.020313985930506897,-0.03189929099811914,-0.10213215271139174,-0.022109842307511385,-0.03754133264233189,-0.12222335546137393,-0.02611145764678332,-0.04145397345504052,-0.14271493332637708,-0.034610636768335284,-0.039896308406666886
0.0,0.0,0.0,-0.027414626231612373,-0.006924245410502762,0.02807761422964703,-0.05021309439309499,-0.00981494553723388,0.05191076151963518,-0.07568976493186945,-0.008311822577528846,0.07107194216573703,-0.0968050937941746,-0.0028699070501682516,0.08681053467816334,-0.09849739002807151,-2.75554995900269e-19,0.022961377864766364,-0.12909091189770838,-0.003239070737926407,0.0295249286616173,-0.15006206962711768,-0.0075286424161137965,0.03407920782610441,-0.16533070951722675,-0.030427004924410212,0.03596053507474472,-0.09985663350120283,2.203595632227185e-19,1.1211573547802338e-20,-0.1385133467526086,-0.00562140793401548,0.001493934657494517,-0.1634564433690792,-0.01846615383975328,-0.0011271138823171001,-0.18527767967748882,-0.031000812623169935,0.0014749228532361617,-0.09417700163509826,-0.009890414115138989,-0.016791633504017297,-0.1276399149678277,-0.01685602292623719,-0.020465964131182523,-0.15039804167614526,-0.0284886706234823,-0.02076762512676774,-0.16988053863242308,-0.040959235399448984,-0.016301503153359827,-0.07920335144047914,-0.02036599215257928,-0.03185220125712163,-0.10222909216539194,-0.02209607420491927,-0.03753667942506266,-0.12228321212188284,-0.025983730658101407,-0.041472749815965534,-0.14284998454534578,-0.03446174850185802,-0.03989642566362044
0.0,0.0,0.0,-0.027465968564128477,-0.006967775831577405,0.028029895122871542,-0.0502530689899237,-0.00988746678089699,0.051905649866384844,-0.07573640134776974,-0.008457834252078997,0.07109129760862751,-0.09689346822828229,-0.003083038855118765,0.08680113669406687,-0.098494376060754,4.122922664002198e-18,0.02295888059282396,-0.12910569999954266,-0.0032350847013969744,0.029493016214665997,-0.15009483792968678,-0.00747352607071288,0.034016441796098494,-0.16539832611999997,-0.03033554514586401,0.03587133725326493,-0.09983061112990466,5.659307587331359e-18,-7.9715514352978e-20,-0.13850720800016356,-0.005549749803321921,0.0014412246843239012,-0.16345023803811098,-0.018310372922104322,-0.0012434096163701299,-0.18534274621825178,-0.03073646013273917,0.0013517182377448041,-0.09416874113779831,-0.009865943048213451,-0.01676366038099985,-0.12765143467478285,-0.016678184922260527,-0.020455501819750983,-0.1504580042881672,-0.02822647458449794,-0.020844079879956037,-0.17000017258399283,-0.04061374713767576,-0.016434949687854746,-0.07918865412366917,-0.020337283355637396,-0.03183430721833451,-0.10224786342649585,-0.02196661489235715,-0.037590695624156525,-0.12225590254304076,-0.025791584225269743,-0.041532114581916496,-0.14279591345244205,-0.0341918870450364,-0.04000125382161894
0.0,0.0,0.0,-0.027439121064338712,-0.007006844142169167,0.027948789020577014,-0.050247824221495783,-0.009993568744694538,0.051882696096459006,-0.07570568223685556,-0.008552104436668812,0.07109796799966692,-0.0969506355274436,-0.003282177761683735,0.08678641555488695,-0.09846437371162028,-1.4328960944406328e-17,0.022954699074702347,-0.12901682699760286,-0.003292534012189084,0.029450199673579668,-0.15002814668626815,-0.00749350548761652,0.03396242612555234,-0.16535807436948405,-0.030335152941757277,0.03576334954285525,-0.09976840416341301,-1.2155421921422985e-17,-1.3588066026914096e-19,-0.1384460351473219,-0.0055067553556515485,0.0013806808628918296,-0.16335758181246546,-0.018232587229271718,-0.0013422312715945033,-0.18532404378251877,-0.030566787926492325,0.0012552784184659987,-0.0941348833778824,-0.009827389947083643,-0.016766269605914177,-0.12759614959886326,-0.01652494523254091,-0.020436554111573493,-0.15042482609914284,-0.027995975266081555,-0.020935818174592342,-0.16999929031229893,-0.04034249795630728,-0.01659634189244358,-0.07912692750115223,-0.020265746936389807,-0.031844751999517494,-0.10220354955387015,-0.021801345296939792,-0.037665279842661444,-0.12214894553894128,-0.02562639607149509,-0.0416120238055647,-0.14261139008888923,-0.03394187561776506,-0.040144044442816516
0.0,0.0,0.0,-0.027339274635520806,-0.007032036927671786,0.02786625087043443,-0.050175271003416344,-0.010093301970359497,0.05186472716401542,-0.0755589191192852,-0.008549839520373841,0.07110106152038735,-0.096882198024451,-0.0033931126792692908,0.08682409950181134,-0.0983830593898905,-5.994117138685211e-18,0.022931121862182213,-0.12882339503586604,-0.0033986888841067934,0.02940494559067229,-0.14987203950657782,-0.0076177102875553265,0.03393514445595574,-0.1651748901899989,-0.03048869739061497,0.03566673619877138,-0.09968123010173485,-3.1462783403685887e-18,6.5450414370212215e-21,-0.13831426781388828,-0.005515833527192691,0.001321445996094545,-0.1631867307892604,-0.0183004456212699,-0.0013782692527470543,-0.18519131894963153,-0.03060818887250449,0.0012145508060904069,-0.09406059302812889,-0.009789291024306607,-0.016798068734238746,-0.12748639824349228,-0.01646414200846777,-0.02041815572272707,-0.15026548199208276,-0.027876275638887272,-0.020992199961518708,-0.16985621733781134,-0.04027066126828652,-0.016721225514087477,-0.07903647926413007,-0.020198519068772097,-0.03188068860295043,-0.10210858773575744,-0.021692242747762946,-0.037726806054820726,-0.12198109494122257,-0.025586440023720076,-0.04168778442168691,-0.14237162222013394,-0.0338414514371856,-0.040267776875933615
0.0,0.0,0.0,-0.027199864773672103,-0.007025625517781915,0.02780940424768127,-0.050032751337032735,-0.01017322322121447,0.05185859979095083,-0.0752974285646269,-0.008492031245452386,0.07110962103211207,-0.0966430783652713,-0.003441467871595028,0.08692971098830887,-0.09825230898247939,-1.1523729681268204e-17,0.02288195050742885,-0.12856386504494308,-0.003529197980116852,0.029362456862113008,-0.14964575374256012,-0.007843145787719136,0.03394498271804436,-0.16486573794192708,-0.03081713108505546,0.03559086313681596,-0.09957488439002776,-8.888608629168005e-18,-1.9570911437988425e-21,-0.13811481970456788,-0.005582204369386091,0.0012795385589276466,-0.16296411233026173,-0.018513600119508287,-0.001334111465680101,-0.18494968029804792,-0.030875144543292845,0.0012413005347167065,-0.09395385775894886,-0.009762134802659722,-0.01684868274886808,-0.12734242278160457,-0.016500141071595708,-0.02040172198223189,-0.1499838390333317,-0.02788972055390088,-0.020990522115196468,-0.16959317107968577,-0.04043525201430493,-0.016778286838299728,-0.07893653634127154,-0.020161134423880463,-0.031934336125245294,-0.1019769851686626,-0.02169131423817869,-0.03775538375855974,-0.12178725263456042,-0.025711403855316974,-0.04173650278979766,-0.142151226224745,-0.03393289980753983,-0.04034608899291029
0.0,0.0,0.0,-0.027061921852956805,-0.006977303527678103,0.027791315469422675,-0.04983426718962112,-0.010246889200435953,0.05186190144517752,-0.074954956132207,-0.008464927662610219,0.07113693796497293,-0.09624978998598961,-0.0035015267539857276,0.08710304860755913,-0.09809918287037828,4.462936582641037e-18,0.022816054061216597,-0.12829975804018381,-0.0036516584920714317,0.029327463418529737,-0.14938451965133315,-0.008130495356790002,0.03399593498305697,-0.16449413526092926,-0.0312705471199299,0.03554179121846445,-0.09945998961437111,4.101760207237516e-18,3.781116362143268e-20,-0.13788190740033576,-0.005683075648189436,0.0012751243865403745,-0.16272974362251966,-0.018798299844795228,-0.0012220195234968739,-0.18464726790651353,-0.031273223886316544,0.0013219396371252825,-0.09385055159297635,-0.009745780631092962,-0.016902603656648446,-0.12719468140262197,-0.01658725022357382,-0.020376775275755505,-0.14964285487160947,-0.02799383818831956,-0.02093134326159022,-0.16927848990306552,-0.04077003373900468,-0.016766611700451736,-0.07885083282188964,-0.020146040791650912,-0.031991988926331684,-0.10183619260922475,-0.02178270912464896,-0.03774224343787069,-0.12161522385245781,-0.025952326108584407,-0.041741077041727456,-0.14201266613274288,-0.03415201296774303,-0.0403752606221688
0.0,0.0,0.0,-0.026953868078898574,-0.006899997277504482,0.02780882234069761,-0.04960445092804078,-0.01032549630426099,0.05187696373373743,-0.07457248053442739,-0.008511671265448925,0.07118900949844284,-0.09575499523858462,-0.0036018966529286073,0.08735071272599786,-0.09795540370788888,1.4564341500360469e-18,0.022744722392997664,-0.12808209903832113,-0.00372994933303009,0.029307352314649957,-0.1491471608521934,-0.008410405368525104,0.034086314939483366,-0.16414027717134885,-0.03173199942110145,0.03553975166410318,-0.0993596727091977,-1.2161261373679537e-18,-1.1310867118529426e-20,-0.1376698150250574,-0.005775908493908311,0.0013187171936257416,-0.16252661134814225,-0.019055271687943617,-0.0010665870840824404,-0.18435631642198214,-0.03165816886041449,0.0014372738110747794,-0.09379288122655563,-0.009734138658469586,-0.01694064607198146,-0.12707952539364137,-0.016679442863892724,-0.020327872774445546,-0.14933504555228475,-0.028117833495804222,-0.020813682987773495,-0.16899587014478318,-0.04115574164353264,-0.01668494797694294,-0.07880734642066421,-0.02013540711164744,-0.032034498130811266,-0.10172921658161346,-0.0219072654047526,-0.03768158786663807,-0.12150948689191383,-0.026212229542355515,-0.04169257255945055,-0.14199705846644337,-0.03439375316639129,-0.0403439794724581
0.0,0.0,0.0,-0.026880947968987524,-0.00682513801596034,0.027845435845038225,-0.049370780116253024,-0.010393178884246875,0.05191205518679571,-0.07419035998825597,-0.008582144035145673,0.0712570990230553,-0.09522896734283783,-0.0036785517048485627,0.08766633776669856,-0.09783830583374716,-7.667492648385077e-18,0.02267556848402671,-0.12792753693970332,-0.003748349072295465,0.029309411599924704,-0.14898580091166883,-0.008624128487894702,0.034204756262925774,-0.16385688368788648,-0.03209541007519309,0.035606485041134596,-0.09929574769908966,-7.586590977313635e-18,3.0387272754128387e-20,-0.13751734654137146,-0.005837667609475343,0.0014028992515081997,-0.1623787080536444,-0.01923943585220449,-0.0008930106053325633,-0.18412824626936922,-0.03194747145735504,0.0015769988669195047,-0.0937961324027055,-0.00972593107656075,-0.016947683671485487,-0.12701505595853652,-0.016769701042938498,-0.020248359523376246,-0.1491193196516326,-0.028231083587610457,-0.020636163359498014,-0.16878940611899235,-0.041514553366647465,-0.01652656381778654,-0.07881795223531265,-0.020127656481678143,-0.03204662754868601,-0.1016841128128583,-0.022017853265071104,-0.037577107585689475,-0.12147965774687232,-0.026425416828168336,-0.04159781579517335,-0.142091652043519,-0.03460504176363704,-0.040239295723875114
0.0,0.0,0.0,-0.02682055393643742,-0.00677592567211137,0.02787795405093408,-0.04915255439477551,-0.010414254302168488,0.05196666600390055,-0.07384724829145048,-0.008566718849796089,0.07132850199434594,-0.09475042612454351,-0.003615938704278555,0.08800350736876346,-0.09774644784827535,-4.6171075636654986e-18,0.022619141035014483,-0.1278184824209903,-0.0037370004464411925,0.029338773094759272,-0.14890391091627903,-0.008772288230418536,0.03433248796928331,-0.16363999190496067,-0.03235398436543576,0.035739604229326226,-0.09926869845109554,-5.076317944675079e-18,3.844068503456074e-20,-0.13742588200531963,-0.005899672624452355,0.0015078715371328075,-0.16227683520596808,-0.019399428221016667,-0.0007289535317422142,-0.18396028101293554,-0.03219040072185854,0.001729014997108263,-0.09383768973984402,-0.009728950522242236,-0.016925204099126463,-0.12698164361426822,-0.016893050796849572,-0.020148045192146823,-0.14898802129273467,-0.028379005897673868,-0.020423392073783568,-0.1686341008347504,-0.041868319543623175,-0.016307672142715387,-0.07885777282550378,-0.020137824945294244,-0.032033666011120836,-0.10168310188216292,-0.022113229432544446,-0.037455600670647224,-0.12148848030304973,-0.02659828745501842,-0.041488713267102885,-0.14221379666913564,-0.034810560590800795,-0.04008281320654269
0.0,0.0,0.0,-0.02674171339328894,-0.006753322591180369,0.027891588761168606,-0.0489588456521824,-0.010374435880012788,0.05202697791418145,-0.0735688569375109,-0.00841553320544312,0.07139275283577101,-0.09438421915803957,-0.0033861433039981863,0.08828515105720716,-0.09766749781409793,-2.9604081467380847e-18,0.02258836273521991,-0.12772672206157232,-0.0037527672529110673,0.029397791523648634,-0.14886847677157672,-0.008905913633151843,0.03445209742591707,-0.16345052772805346,-0.032587079307995016,0.03591041143912664,-0.09926072320499894,-2.797011541885308e-18,1.485620117923032e-20,-0.13737516934746724,-0.00601739587045691,0.0016089620927447544,-0.1621968550394213,-0.019616581593046894,-0.000601982732202164,-0.18381633012509463,-0.03249644126656667,0.001866548575053592,-0.093878574931335,-0.00975198081815102,-0.01688871862051569,-0.1269432007299103,-0.017085349841749642,-0.0200477055256927,-0.14889900356222774,-0.02862170987211223,-0.020223681262687043,-0.16847920940357508,-0.042277745481210285,-0.01607734615111881,-0.07888334933190636,-0.020180038732587266,-0.03201728129910995,-0.10168230172252206,-0.02222074462679483,-0.037359918755467396,-0.12148777046257914,-0.026770396324940125,-0.041412356886542843,-0.14227124590315535,-0.035050435308378605,-0.039932883279424264
0.0,0.0,0.0,-0.02664462287634799,-0.006752225772834343,0.027892944220377767,-0.0487998607449339,-0.010320718016224074,0.052080911185913584,-0.07336658680346186,-0.008253258849450284,0.07143230478393076,-0.09416394002195695,-0.0031872659432535953,0.08842579931172984,-0.09759054576342734,-1.4926299414459288e-18,0.022590160020180848,-0.1276379944626825,-0.003835889504068729,0.029478684228518372,-0.148850217458547,-0.00907494643566098,0.03454490226602787,-0.1632630464574913,-0.032883202396083167,0.0360707737034797,-0.09925113121220178,-1.97951095161016e-18,-6.115881532021131e-20,-0.1373456499768175,-0.006206206846940251,0.0016793431508630029,-0.162129524650885,-0.019915951890873525,-0.0005339287395860068,-0.18367795700765693,-0.032910860959666006,0.0019508650541991224,-0.09388932641863804,-0.009793023736495165,-0.016854762802731193,-0.12688156347259089,-0.01733164833977372,-0.019973510328104568,-0.1488203241019899,-0.028945878045663617,-0.020083942624776908,-0.16831473086055634,-0.04274422133986395,-0.015899786373158326,-0.07887126041074673,-0.02025583847646967,-0.03201058560880127,-0.101655333606421,-0.022354863463076684,-0.03733142062017781,-0.12145672145002186,-0.02695068841444386,-0.04141125401543696,-0.14223607607065358,-0.035316956966166005,-0.03986567087227436
0.0,0.0,0.0,-0.026568482154239056,-0.006777904567212179,0.027902313417194253,-0.04868892733208277,-0.010346636876441367,0.052126418862951295,-0.0732415706774184,-0.008348470905602064,0.07141451394822068,-0.09409401154023184,-0.0034038632890844517,0.08833587760515256,-0.09751103300728789,3.2197254850492017e-18,0.02262347529053964,-0.1275528228621681,-0.003992013735930733,0.02956024776185692,-0.14883687317899955,-0.009296073351767738,0.03458416154719531,-0.16308675152729896,-0.03328798181007917,0.03615956759270853,-0.09922403203011682,5.081153023794056e-18,-8.526878513107012e-20,-0.13732743337451211,-0.006422909515195778,0.0016949045307172875,-0.16208999943588762,-0.02024673545757185,-0.0005403335965586597,-0.18357187566790828,-0.03337613773792484,0.0019450046359777693,-0.09385958269537462,-0.00983893644343074,-0.01683545955010811,-0.12680496426390703,-0.01756600506775393,-0.0199538374861617,-0.14874929716411706,-0.029264030761902933,-0.020037294512360727,-0.16818949623173637,-0.043201860855455305,-0.01583567939323588,-0.07883066741782564,-0.020357342850990338,-0.03200987108317763,-0.10160653047556605,-0.022498265661822704,-0.03740222979886678,-0.12140470376001232,-0.027102204836426214,-0.04151902033482357,-0.14214907237159963,-0.035553284533301775,-0.03996344784037463
0.0,0.0,0.0,-0.026552596985502,-0.006840874181800352,0.027934088776852217,-0.0486254624334993,-0.010539318640267477,0.052165277900170025,-0.07317361375321207,-0.008962403944989315,0.07130065787075372,-0.09416259434026282,-0.004415680483060433,0.08791953611687248,-0.0974311854391045,5.227163825030912e-19,0.022686752952074174,-0.1274764038749274,-0.0042007429177455665,0.02961901161016933,-0.14882956396206196,-0.009550111752481685,0.03454596141732784,-0.16296156909435605,-0.03378639966789591,0.03612713357913667,-0.09917328068275515,-1.3300791287572605e-18,-1.4440722400432657e-21,-0.13733018758483823,-0.0065967335419874415,0.0016432037653262982,-0.1621123419033907,-0.0205197409215808,-0.0006269384139794909,-0.1835671048186037,-0.0337781543594376,0.0018343753085831858,-0.09380098376093399,-0.009877437470967998,-0.016839872518472913,-0.12674164802497637,-0.017720304323672983,-0.02000753559158615,-0.14872418886894528,-0.029488284451204674,-0.02009976768603642,-0.16818979281677057,-0.04358335286747736,-0.01592479824026076,-0.0787897206672906,-0.02047618738248351,-0.03200938073104274,-0.1015581565697444,-0.02261374012874065,-0.037588606187304696,-0.1213640371423024,-0.027175265451486387,-0.041759510057311246,-0.14208245763014127,-0.03569643142571492,-0.040287994481488044
0.0,0.0,0.0,-0.026604019893831155,-0.006944022635774124,0.027987963073152926,-0.04858767413135927,-0.01094199989202923,0.05220013195469076,-0.07311497346944452,-0.010223484922885011,0.07106825559842626,-0.09435938846202886,-0.0064308004287935445,0.08709102006072662,-0.09736451107869872,-3.458835382575841e-18,0.022781978760111763,-0.12741837607466164,-0.004416433562444247,0.02964103601153024,-0.14884180772776873,-0.009771499225500566,0.03442753174067768,-0.16295895159988175,-0.034285759507957175,0.03596358826781528,-0.09910572094174935,-5.273870725419309e-18,-2.1350201252558145e-20,-0.13738216838327422,-0.006649232037937987,0.0015258551351199886,-0.16223918615929153,-0.020631332542051913,-0.0007827377636176323,-0.18375634082679945,-0.03398587608097526,0.0016414985512399596,-0.0937457902167139,-0.00990419332510037,-0.016874391633137465,-0.1267347887078368,-0.017749235654488618,-0.02013263289553601,-0.1488201625846769,-0.029570928044968966,-0.02026479116902026,-0.1684179077902029,-0.04384812139158899,-0.0161681781748006,-0.07878226298516056,-0.02060448420135839,-0.03201334703883482,-0.10153623926669132,-0.022659908975853425,-0.03788116548738785,-0.12138800515879984,-0.027135344503447505,-0.04213315779818243,-0.14211657345997405,-0.0357102632013987,-0.04084361988959075
0.0,0.0,0.0,-0.026699198946549478,-0.007080861551994284,0.028052631502379643,-0.04854816990499341,-0.01153504334226131,0.0522399429230062,-0.07301088708044542,-0.012077486781749608,0.0707316662486907,-0.09468695987661323,-0.009399297703312678,0.08582083651341028,-0.09733582107872105,-4.585422929273864e-18,0.022904527498522825,-0.12738727962059382,-0.004557481470582025,0.029625799703969388,-0.14888806664787585,-0.009833660728686987,0.034257481565228114,-0.16316533629126018,-0.03460724560675842,0.035710031873115236,-0.0990359766019557,-3.2621244425796064e-18,2.488377790589562e-19,-0.13750108388888926,-0.006489401777123876,0.0013470896126405734,-0.16249425472633966,-0.020462900629818433,-0.0009780000250175877,-0.18420854985897536,-0.0338580056953339,0.0014193335301109344,-0.09373183786938993,-0.009916833619075556,-0.016942029876712183,-0.12682780833065133,-0.01761629339575003,-0.020304191335665796,-0.1491067213007901,-0.029484829498387263,-0.020492688332589645,-0.1689596973923125,-0.04395425355345837,-0.016519262193641675,-0.07883878618799967,-0.020725727359892327,-0.032032384337227944,-0.10155755381396243,-0.022600357590154885,-0.03823909659568745,-0.1215330136627328,-0.02696984083038899,-0.04260094928344676,-0.14231549229367524,-0.03558491068159505,-0.041556651285487155
0.0,0.0,0.0,-0.026799191626655436,-0.007242375548041381,0.028114221979019097,-0.04849074725632101,-0.012231298841343916,0.05231098152110779,-0.07283453811953003,-0.014298621947637659,0.07035816177356581,-0.09515579193720658,-0.01300503930371231,0.08418510525499186,-0.09737119196253205,5.610690944777964e-18,0.02303427818824723,-0.12737101341661622,-0.004528898269750093,0.029583875980053385,-0.14895033823550935,-0.009603424103830922,0.03409347246567705,-0.1636144359891789,-0.03457644249568601,0.03544548192547714,-0.09897595314939825,5.259608610598531e-18,-9.645814448490967e-21,-0.13765515271747755,-0.006048965045171937,0.0010958861327449783,-0.16283121165186665,-0.019944231065374865,-0.0011730406582595551,-0.18487593470351857,-0.033326334182618586,0.0012266710877884247,-0.09377679778865905,-0.009911910801539421,-0.017044541511694104,-0.12702505554445398,-0.017309377090419038,-0.02047849644288697,-0.1495701028833362,-0.029248358672915215,-0.020703769075273246,-0.16979452222747374,-0.043903081365557275,-0.016887263074442296,-0.07896648897115456,-0.020810486136765075,-0.03207250674346786,-0.10160631679034883,-0.02243637470853382,-0.03859304445555139,-0.12180590435305592,-0.02673535356350026,-0.04307718682264182,-0.14265692143434572,-0.03538070482225018,-0.042282402092485585
0.0,0.0,0.0,-0.026862816353036813,-0.0074251923877027325,0.02816029191572917,-0.04841171228044676,-0.012907850789645658,0.05246004421020055,-0.07259808448878759,-0.01656504749720453,0.07006856442114294,-0.09576431223490643,-0.016773571813098073,0.08234325111053666,-0.0974860029904846,2.480268403890853e-18,0.02314655824022424,-0.12732359359210596,-0.004282273241773008,0.029529790190880287,-0.1489450044108578,-0.009053820130533493,0.033999648308028575,-0.1642125926031566,-0.034191890744591114,0.03524866053790953,-0.0989249063556054,2.9597462314871493e-18,-1.1065397946106738e-20,-0.13774852864145543,-0.005355494142187097,0.0007431315768416414,-0.16309857483358314,-0.019170750934456245,-0.0013303904392712458,-0.18552198397031347,-0.032546583448225315,0.001106157800335579,-0.09385822389453373,-0.009889644546905137,-0.017186387541029653,-0.12725532419354627,-0.01688701955099678,-0.02060518534002358,-0.15005980594114096,-0.02900975882896119,-0.020794253692495025,-0.17070152376959552,-0.043862654163916534,-0.017152771815039866,-0.07912108611322358,-0.02081865314522004,-0.032138200004109864,-0.10160841275698446,-0.022244659734563816,-0.038869556568254915,-0.12211448352635129,-0.026623748728770373,-0.04344567409378827,-0.14295812435424315,-0.03532403111229278,-0.04285032430014444
0.0,0.0,0.0,-0.026858349602837818,-0.007648283230143089,0.02817644911052646,-0.04831499103947031,-0.013470794585483488,0.05273296050654756,-0.07233219486135285,-0.01859798580306341,0.06999846027607409,-0.09648599057459586,-0.020302064218183598,0.08042367968288427,-0.09768219541292002,-4.70793221219687e-18,0.023229101113325067,-0.1271779043872717,-0.0038511746998052708,0.029475758093300424,-0.14873986830755107,-0.00830409964482251,0.03400973989629931,-0.1647552444272869,-0.03367253175866938,0.035151828355948156,-0.09886735742051535,-4.525359015708244e-18,8.153839509415946e-20,-0.13765672823541053,-0.004532298774419539,0.0002648074491304945,-0.16308350001459712,-0.01839426100942732,-0.001419154631483398,-0.18577733849558986,-0.0318869235663766,0.0010811765920588222,-0.09391701385563944,-0.009848754802529877,-0.017375259041880187,-0.1273943147866532,-0.016464502268531148,-0.020641771721773672,-0.1503436032244666,-0.029026147387156923,-0.020678919123249987,-0.17129917580561424,-0.044156129736681746,-0.01719958764999496,-0.07920122818413759,-0.020698026303426664,-0.03224889282464331,-0.10144997701130241,-0.022135443233590305,-0.03903995247484892,-0.12229733490535578,-0.02689804665704228,-0.04361568309615104,-0.14290940330589583,-0.035773402262258135,-0.04313682364797824
0.0,0.0,0.0,-0.026786066538287686,-0.0079627003098228,0.028148443531090285,-0.04822579536881155,-0.01390463750039095,0.05313733548726713,-0.07209502078388715,-0.020292699567898212,0.07022631709984889,-0.0972975820714621,-0.023462935115183787,0.07843727777285106,-0.09796290074668754,-2.2094359580056288e-17,0.02328018806333431,-0.1268944817367602,-0.0033277523099773322,0.02942626356101153,-0.14824236363895565,-0.007539720840966888,0.03409340838673956,-0.16504786793653337,-0.03330893045348641,0.03510203350330827,-0.09879359453580465,-2.0814681528585157e-17,1.3066921302194992e-19,-0.13730139460181884,-0.0037025620456246572,-0.00032737846104430237,-0.16263087059899797,-0.017852919915993765,-0.0014244752458581597,-0.1853084794791148,-0.03170128734006102,0.0011519927458510783,-0.09389159501926032,-0.009772663396972019,-0.01761550427870896,-0.12734837973209295,-0.01612038884247732,-0.0205715783537478,-0.1502419028538005,-0.029475131609633633,-0.020345451813539858,-0.171216108042197,-0.04504683035934098,-0.016968644296829646,-0.07909214318644131,-0.020392237724024768,-0.03244403067001673,-0.10105606822364184,-0.022140064692681493,-0.03916262995458796,-0.12222758516138531,-0.027684617379036935,-0.043593493278076184,-0.14223635083038141,-0.03699000297433188,-0.04312719006164547
0.0,0.0,0.0,-0.02670049258227393,-0.008414438739605064,0.02806321410559998,-0.048215807390233435,-0.014258770022581704,0.05361152466945794,-0.07201149343824531,-0.021716269615872343,0.0707061900252485,-0.09822111109575282,-0.026367180671696713,0.07631654739113342,-0.0983489777648419,1.3809994883289185e-18,0.023293043302287236,-0.12652075584664593,-0.0027950898876457466,0.029372350757386367,-0.14750141256014362,-0.00688661865743049,0.03414958749963788,-0.1650394353279406,-0.03324815881401007,0.03495892318423723,-0.09873459182583462,1.8337408519832024e-18,-4.602657088775101e-19,-0.13672201037114504,-0.0028997319478066244,-0.0009770120514730502,-0.1617664609074375,-0.017614694780061026,-0.0013727747229620678,-0.18400389897280048,-0.03211402093067287,0.0012660687833203948,-0.09377339491541223,-0.009628238718189613,-0.017894970422134712,-0.12714051401785237,-0.015815618767482015,-0.02042941637434508,-0.1497403448548183,-0.03028094105409182,-0.019887594971222108,-0.17028023277591825,-0.04653288116764612,-0.016514651375949155,-0.07874858375813253,-0.019868393862079593,-0.032767795930340314,-0.10047160432445755,-0.022150011038801886,-0.0393694544752882,-0.12191284956000457,-0.028823477019994707,-0.0435002000660922,-0.1408937432810428,-0.03892229594696444,-0.04292541689290602
0.0,0.0,0.0,-0.026678805904421427,-0.008979115875707131,0.02789493137038214,-0.048374910032382916,-0.014577144798594578,0.05402323153188293,-0.07223291354922312,-0.022972885896597097,0.07125419150649334,-0.09927851754142711,-0.029130258200363513,0.07399781614819072,-0.09884097073917211,-3.1737935170203767e-18,0.023255371109749328,-0.12617171250507941,-0.002275284662769293,0.029295555268821476,-0.1467022964406911,-0.006353120405782513,0.03405458464068651,-0.1648264016327682,-0.0334049555783563,0.03457109733382805,-0.09874893661445408,-2.7072609400247358e-18,2.6128890847465726e-19,-0.13608058184594393,-0.0020706323313221383,-0.0016083061939351844,-0.16071656917766644,-0.017560926625018233,-0.0013429586988905275,-0.18205551101418127,-0.032993881511122994,0.001310362373623026,-0.09362840801753097,-0.009386445675537728,-0.01817165841378583,-0.12690850611980015,-0.015423391262143517,-0.020292262457672634,-0.1489995836912948,-0.031147047445579296,-0.01946368197848089,-0.16859706887157277,-0.048353420347961446,-0.01598757865428139,-0.07823978514826069,-0.019149223546695255,-0.033230996846863294,-0.09985798432778502,-0.02198590964084015,-0.039770787730265045,-0.12150484117025517,-0.02994959919663608,-0.04348130880681471,-0.13912078975774175,-0.04120834724198051,-0.04267030770670007
0.0,0.0,0.0,-0.0267244666700285,-0.009542232803517074,0.027608532281705067,-0.048698297120957725,-0.014811980149778336,0.05422434856183485,-0.07278376425673552,-0.02404209358268223,0.07162002910995212,-0.10031813600622566,-0.03168485227615077,0.07144117936040088,-0.09931857872206182,1.0477735364880853e-17,0.023168289516897804,-0.12587977955985705,-0.0017545245092239381,0.02918188504756105,-0.14598497202752397,-0.005907799416578186,0.03374382339311785,-0.1644136528034907,-0.033606523108466166,0.03389698736522741,-0.09882293088792655,7.137325951410061e-18,2.7134003625284893e-19,-0.1355332936364904,-0.00116180418498244,-0.0021698766735148913,-0.15971899570674633,-0.01749892113110142,-0.0014269438602699212,-0.17976330063345186,-0.034083151611305075,0.0011951177756092729,-0.09351322161407993,-0.009056200464493225,-0.01838019982550186,-0.1267580156918067,-0.014855288766434674,-0.02022329143829642,-0.1481724338577152,-0.03176460919940301,-0.019177515413187074,-0.16635414818520528,-0.05018414425217435,-0.015495274190480421,-0.07766914981026438,-0.01833154687313288,-0.03377586390945801,-0.09935348714638212,-0.02154125556200545,-0.04034864759272597,-0.12113342985784972,-0.030742976749940146,-0.043571533554299734,-0.13719275742341946,-0.0433836076603349,-0.042391476329568446
0.0,0.0,0.0,-0.026722548773604984,-0.009949105583928303,0.027203049209504053,-0.04903389379253608,-0.014794348819889848,0.05413183177460408,-0.07349668754808796,-0.02473018730103447,0.07159107021530305,-0.1009368734389435,-0.03380604144082489,0.0685945836461284,-0.09952777602060757,8.913313896682733e-18,0.023057152970498058,-0.12548842985109124,-0.0012328538060241655,0.029026029510630286,-0.1452594788390324,-0.005577487335106806,0.033243492407656984,-0.1634663787589039,-0.03378528104626984,0.03305042173927351,-0.09879753620041375,1.1253078811878642e-17,1.7778561952868014e-19,-0.13506678985846932,-0.00018031683052622925,-0.002669738763612716,-0.1587685169019346,-0.017283971975034517,-0.0016707474476631004,-0.17717459213987613,-0.03514299675188114,0.0009543434933428597,-0.0933613856759793,-0.008697813729396446,-0.018464492041913753,-0.12661921331090062,-0.014131231906040103,-0.020249476365255,-0.1471814982575361,-0.031986142178000984,-0.018992637628248512,-0.1634943868305075,-0.05180348973903166,-0.014968366498355958,-0.07704830283529021,-0.01756814598496628,-0.03429650640365796,-0.09892251352628435,-0.02085897058304344,-0.040964950963549546,-0.12069941460492524,-0.03110310889568419,-0.04366892729629369,-0.1350653322088919,-0.045117667371558104,-0.04193912051540458
0.0,0.0,0.0,-0.02654092278753997,-0.010076928536200892,0.026735567252883678,-0.04922148414142737,-0.014324940244543356,0.053746321310731864,-0.07420082891249334,-0.024839593594533246,0.07102749657362499,-0.10071861381245732,-0.03531732400155899,0.06534857372927205,-0.09924979596623924,1.0372663635141129e-17,0.022963281852467567,-0.12478811703634306,-0.0007300393712000556,0.028829591371126707,-0.14427688350385184,-0.005442480477749607,0.032640279784215125,-0.1614702743629873,-0.0339783389960782,0.032242352189908424,-0.09846834417692046,9.674632512404877e-18,-3.6909958783588243e-19,-0.13453179179063057,0.0008183215946274391,-0.0031710191781517266,-0.15765667829340524,-0.016876507806227334,-0.0020531999886288423,-0.174063607594518,-0.036071172656467775,0.0007411025265548334,-0.09302324299669466,-0.00839499116972011,-0.01839412548535944,-0.12634141870686705,-0.013331384546219637,-0.020386977506265405,-0.1458195166217832,-0.031848753411476236,-0.018765565388248705,-0.15974218517334354,-0.05311051938365792,-0.014173676210396339,-0.07630940298025068,-0.01701764523129689,-0.03469187784748937,-0.09841828713143852,-0.02008818255824127,-0.041476385822931144,-0.1199532453713443,-0.031122580034197874,-0.04363904898132973,-0.13242149715009158,-0.04631126178754319,-0.041062796310073583
0.0,0.0,0.0,-0.026161757911512658,-0.009876107272117032,0.02628570385714942,-0.04926061967539118,-0.013315868922469233,0.053108600019860765,-0.07493372621130774,-0.024381113665022925,0.06984816262518087,-0.09956151584448852,-0.03625029056859043,0.06156845676959076,-0.09848145784844708,-1.6643554718111632e-17,0.0229307768291095,-0.12374525462004812,-0.000274948368387997,0.028610947942594927,-0.14288222500426015,-0.00557237209363171,0.03205394548654089,-0.15817314270871577,-0.03420439411389797,0.031694242007181246,-0.09776933080679069,-1.1653699422777988e-17,-5.451054412366023e-19,-0.1338472459933953,0.001751672093917186,-0.0037462207904864326,-0.15628288323420725,-0.016353534687600146,-0.0025099733755266393,-0.17034103235555564,-0.0369416950265272,0.0007406952733853963,-0.09242997339698014,-0.00822224908435574,-0.018152128514336428,-0.1259154262189088,-0.012558207894851145,-0.02065152458324011,-0.14407035558647213,-0.03152384265810379,-0.018354898499829457,-0.1550108541297336,-0.054087678581330165,-0.012873488660563226,-0.07543140155743402,-0.016812099579233176,-0.034896184103283545,-0.097784574220386,-0.019420312286525646,-0.041814899780867665,-0.11880169999761993,-0.030990337356151743,-0.04341887113125108,-0.12911619251533069,-0.04705023858889859,-0.03959530784508456
0.0,0.0,0.0,-0.025688711599248848,-0.009388756430238314,0.025898398888097376,-0.04930121272563325,-0.011892796523219791,0.05227282036391933,-0.07589095889315674,-0.023618965249943946,0.06806981048255105,-0.09777224202356388,-0.036849129774752215,0.05722328378134482,-0.09743981398495369,1.0538495660058495e-18,0.022994638198623997,-0.1225541018497973,9.318087924290153e-05,0.028403707858460255,-0.1411577368070186,-0.005968939076225909,0.031597077692126316,-0.15380764061749846,-0.03440773219130881,0.03151718007667639,-0.09682862377583842,-1.2066223341015085e-18,5.275309511951093e-19,-0.13309699632817587,0.002526509013662174,-0.004433978076696743,-0.1548054531711848,-0.015856273972933186,-0.002986074236305399,-0.1663162416998963,-0.037864082901488204,0.0010562519029461597,-0.09166946716124176,-0.008224778686165082,-0.017744158719598075,-0.12550052668005166,-0.011951001763766228,-0.02104872552922214,-0.1421950833347855,-0.031237121838335432,-0.017745170146488035,-0.14967342232337208,-0.05474421833946343,-0.011064402281242572,-0.07449219509475699,-0.017024304377979645,-0.03490187290081179,-0.09711052734430245,-0.01903647898501511,-0.04198612660811672,-0.11743504052588129,-0.030918819976259372,-0.04305539928259606,-0.12544981417175324,-0.047499222358129055,-0.037647353279666965
0.0,0.0,0.0,-0.025252550622201404,-0.008757996998881768,0.025556428806596164,-0.04949738596914001,-0.010395924891270968,0.05131910472861869,-0.07720244033469939,-0.02294609392972245,0.06589639794168511,-0.09592229927464961,-0.03745118817349723,0.05253086104556779,-0.09641754362195278,-8.348993093735768e-19,0.023162844480450084,-0.12149635135044214,0.0003295064940842966,0.028230233241965358,-0.13937657871589645,-0.00655190060080362,0.031302442795211445,-0.14901537483512983,-0.03451004322131637,0.03161182691065121,-0.09587330839341128,1.005675099617855e-18,-3.7557350701290034e-19,-0.13244029299014434,0.0030737796491191157,-0.005215609005529465,-0.15349969500565783,-0.015486191634745173,-0.003471928534714632,-0.1625549481204,-0.03878392168031485,0.0015970029824449745,-0.0909108753022744,-0.008392856550369096,-0.017228549132204816,-0.12524723787909364,-0.011655734591069805,-0.0215548296342846,-0.14053759290742865,-0.03114333482517084,-0.017103480777038205,-0.14448860053872453,-0.055062759164073,-0.009131058139794515,-0.07360409253451408,-0.017600533351919728,-0.03477201455767783,-0.09650836759493298,-0.01902219209793103,-0.04203905572739154,-0.11615598811154089,-0.031056182062286424,-0.04268563841824168,-0.12200381133109699,-0.04780238841239662,-0.035653433180909466
0.0,0.0,0.0,-0.02493604128665202,-0.008174103330411844,0.025218704205283753,-0.049891613350151624,-0.009210199090196946,0.050364950837577485,-0.07878845700222467,-0.022641094907134736,0.06371625314441419,-0.09458509370410342,-0.03824743736789978,0.048025475651284705,-0.09563923739865444,9.920821028438027e-18,0.023397499661681184,-0.12078325180356708,0.00041158441011501437,0.028085287344150937,-0.13787995948822399,-0.007207317239939189,0.03110899044430562,-0.14466181383781607,-0.034515298182075715,0.03176162179379953,-0.09510880409579112,1.0994948754776248e-17,-3.785876451587237e-19,-0.1319886110205616,0.0033795529978184443,-0.006004408581519629,-0.1525665319807696,-0.015256606269762255,-0.003976429591514163,-0.15961597512341183,-0.03950648371667785,0.0020966213694793446,-0.09028869164298425,-0.00865736650103394,-0.01671232960236149,-0.12516088653122526,-0.01173521833168397,-0.022099215544837448,-0.13934537651004805,-0.031255796987877144,-0.01667858487058924,-0.14035528081427742,-0.05506385777340376,-0.007660420686934878,-0.07284084247679584,-0.018346936922808497,-0.034603101875801755,-0.09599653816530619,-0.019320787763030714,-0.042030256210970056,-0.11513687323280364,-0.03141718485621086,-0.04246460432733384,-0.11930122094453248,-0.0480488144764332,-0.03415913703684783
0.0,0.0,0.0,-0.024760887585324895,-0.007750520970195641,0.024880886374871382,-0.05041523157653138,-0.008532389343082257,0.049529129246328206,-0.08040346565741682,-0.022705871968165422,0.061901434545588455,-0.09404990754482069,-0.03914244011613585,0.044353072541719184,-0.09519866721671628,-4.71052289393248e-19,0.02362645901430264,-0.12048250385766003,0.0003658387451148504,0.027955452291971394,-0.13691293147049777,-0.007850005736345726,0.030953882280692947,-0.141479086625927,-0.03454079587657421,0.03184596368185276,-0.0946405488713422,-1.8284329499289972e-18,-4.305156824050749e-19,-0.13174953026277242,0.003486202126221385,-0.00667607072539557,-0.1520425317273026,-0.01512962160845763,-0.004469312664673254,-0.15781646598237542,-0.03991168187974909,0.0023250176669096143,-0.0898484906415261,-0.00892802091752429,-0.01629699223457502,-0.12512212158989564,-0.012118381366746731,-0.022585589525326633,-0.1387107227792417,-0.03150179678821941,-0.016615426349977334,-0.13793374567095956,-0.054888721844109103,-0.007016304127277148,-0.07222945645511013,-0.019028565181438094,-0.03446195728939778,-0.09549503886226798,-0.019786221987270054,-0.0419882259209696,-0.1143374646990807,-0.03189244050924799,-0.04248888704282311,-0.11760383521504553,-0.04826905742908855,-0.03351741771258037
0.0,0.0,0.0,-0.024701459927339933,-0.00747409365450083,0.02457840948690114,-0.05095159800768133,-0.008308483235870101,0.0488789572926983,-0.08178283609297853,-0.022980932693444193,0.06060659056113331,-0.09420194113129378,-0.039935896389329095,0.04186740449960112,-0.09505466790299512,-1.5977064001732536e-17,0.02378277981557546,-0.120499851852243,0.0002593661083453562,0.027849860424758243,-0.13647915037906386,-0.008416908846580862,0.03085199909052844,-0.13969890358289727,-0.03469459683755607,0.03189868942794728,-0.0944453589647543,-2.1770514538131095e-17,7.416757477460726e-19,-0.13163678832757789,0.0034799822228739103,-0.007136597687560862,-0.1518186876379225,-0.015049127967250671,-0.004875180846468791,-0.1571015318814192,-0.040035146055079095,0.0022695790624552253,-0.08956396382398338,-0.009132072110199788,-0.016019785876812097,-0.12499320848194787,-0.012639813566547697,-0.022934853837181787,-0.1385574422262096,-0.03179459490486835,-0.016867362378917575,-0.1372854322770389,-0.05470938933853257,-0.007136748783906974,-0.07176815618986965,-0.019486639426982713,-0.03435210690503555,-0.0949074673633636,-0.020270097738218827,-0.041893129912359425,-0.11361692899954867,-0.03233548981185334,-0.04275058961886456,-0.11687971206959756,-0.04845101508683306,-0.03374763892804157
0.0,0.0,0.0,-0.024707402434799196,-0.007295598853758171,0.024349664025270286,-0.051380476440858316,-0.008366033045786266,0.04842221659604625,-0.08274324759621766,-0.023368650537053632,0.059789403358778595,-0.09469159129642805,-0.04058732243846056,0.04048241092801041,-0.09507994172004186,5.331565931765355e-18,0.02382501793517689,-0.12062172706153997,0.00017531894747563722,0.027804627383077832,-0.1363790104868342,-0.008814932996004261,0.030868576534923562,-0.1390996712198436,-0.03496730291130828,0.03200523831523068,-0.09440863325592767,4.903430759021876e-18,9.436622014615443e-19,-0.13152491782648798,0.0034864000466704975,-0.007362761954656262,-0.15174445035430936,-0.014934049399811855,-0.005136040971045473,-0.15716686590889056,-0.0399594618213054,0.002085446294684607,-0.08938247376306603,-0.009220926680999102,-0.015849500413989907,-0.1246960251451507,-0.01309885213712293,-0.02311284850173882,-0.1386809075850722,-0.032029033179305715,-0.017272692053823605,-0.1379139530665355,-0.05458772676041178,-0.007699614032661642,-0.07142451460249276,-0.019673268083685014,-0.03422831509122348,-0.09419641959134907,-0.020666624868165614,-0.04169352927384619,-0.11288202294710845,-0.03265709525513728,-0.04314179484154581,-0.11686946141967468,-0.04860859813595093,-0.03460005690048405
0.0,0.0,0.0,-0.024720480171736947,-0.0072048172961157834,0.024211501749657253,-0.05160038840369256,-0.008562881786620853,0.04813590070330238,-0.08321151747148775,-0.023900881319491703,0.05933792816859851,-0.09520357180830147,-0.04123716873305636,0.03986326437192583,-0.09514527056473446,1.6965148316733484e-17,0.02373952780156755,-0.12064525653059065,0.00018092806686998764,0.027857298185877972,-0.13639002298949252,-0.008956756902169757,0.03104384241978712,-0.13930755680189502,-0.035290725568089744,0.03220632289520942,-0.09441028961974428,1.4454264403137798e-17,-5.900811048364751e-20,-0.1313240228638775,0.003635764595961459,-0.007392016364310034,-0.15171885263815799,-0.014689601352570103,-0.005265988402372741,-0.15768585216431324,-0.039724543189364254,0.0019203202562805759,-0.08926261854240548,-0.009174414030646689,-0.015737298129462684,-0.12422598327057138,-0.013314373167017324,-0.02314927988702506,-0.13886717098199455,-0.032076545755591344,-0.017703255785372598,-0.13917694922332163,-0.05446484165120635,-0.008409176841669199,-0.07114478813066455,-0.0196200512336795,-0.034054251039579285,-0.09339290493361962,-0.020914785493626978,-0.04136708417216507,-0.11212834922908399,-0.03283580176537169,-0.04354804482720946,-0.11723054542419278,-0.048797472793790674,-0.03575679068842786
0.0,0.0,0.0,-0.02467785388732127,-0.00720194853092965,0.02415200534334241,-0.05155724277857494,-0.008836462526786529,0.047987700303082005,-0.08323540549939831,-0.024638112834279732,0.05914923653146658,-0.09560284475468182,-0.04203391997171683,0.03966184629590193,-0.09517221302451939,4.415254062482969e-18,0.02354825742897998,-0.1204967593197514,0.00028916677817772147,0.028010490096731094,-0.1363820635342679,-0.008878009241872101,0.03134893034550379,-0.1399554862782654,-0.035652429234083696,0.03245931247824493,-0.09438822452275625,1.86658988703209e-20,-2.332551274681843e-19,-0.13102027048693787,0.0039845081432617275,-0.007290144191963954,-0.15169259264931506,-0.014263093748120997,-0.005333261514052989,-0.15840798873097509,-0.03934903705698478,0.0018011403014214326,-0.08918098597862041,-0.00901793929820604,-0.015664364454900243,-0.12363900862650636,-0.013201968229349992,-0.023129737775581537,-0.13899767668936588,-0.03185144566841462,-0.018134415738066144,-0.14061164007794405,-0.05426070110998877,-0.009141352006592602,-0.07088510447897578,-0.019401566174540554,-0.03385571596503393,-0.09256665757054929,-0.02099548478735822,-0.04096872646724351,-0.11138838714533915,-0.03287230121147854,-0.043946827335360476,-0.11767157732714101,-0.04902781688859128,-0.03700876013947005
0.0,0.0,0.0,-0.02453558866153896,-0.007259144124133535,0.024137402051627052,-0.05126737140296554,-0.009149106361090656,0.04793645637766449,-0.08295385290901065,-0.02552626140746479,0.05915663935519667,-0.09591686417352555,-0.04297368400646386,0.0396660490923353,-0.09512954694609176,1.3994731980248255e-17,0.023299432880297025,-0.12021815049212436,0.0004569477898128782,0.028219570493422632,-0.13632222799324764,-0.008742147062792326,0.03169607566930415,-0.14075031734355714,-0.03609992423841765,0.032671683773033436,-0.09433434052754684,1.2510619918316665e-17,1.103057613506064e-18,-0.13064025831453704,0.004472440140045437,-0.007120661429088759,-0.15162647155952727,-0.013693435729356225,-0.00540345053574604,-0.15916471539441926,-0.038883326243284264,0.0016610591485103938,-0.08911439487429154,-0.008820512438832662,-0.015642495053382065,-0.1230245716045247,-0.01280551473268704,-0.02314358411865329,-0.13902938185766694,-0.03137054870605553,-0.018573551414901846,-0.14194291400030792,-0.05398195695125673,-0.009841641260431001,-0.07063036570658321,-0.019118157930499962,-0.03370365316638093,-0.09180545577605376,-0.020925947414711692,-0.04061955324132907,-0.11069754478182774,-0.03277396140180837,-0.04438739298405143,-0.11798870554825773,-0.04923030873002566,-0.03822308546233249
0.0,0.0,0.0,-0.024305610356097244,-0.007333485138434448,0.024134482587994572,-0.05080358402251422,-0.009417758634753293,0.04794469855807566,-0.08250624011060179,-0.02635741411592925,0.05933267596259958,-0.0962119498120358,-0.04387248259995052,0.039841323361661185,-0.09501216176616732,-1.9383418086455524e-17,0.02303995821430068,-0.11987809023046853,0.0006218708656352021,0.028424664126810766,-0.13625499872709498,-0.008703634056784657,0.0319889425189956,-0.14156194130156602,-0.03665874114531314,0.03278230913689659,-0.09426491557387268,-1.6926804112369923e-17,-8.001778975890409e-19,-0.13020938867458265,0.004963302989619693,-0.006934449860005044,-0.15149797190978417,-0.013108131806570257,-0.005513535445937191,-0.1598857580154758,-0.038421547631487286,0.0014357324481600127,-0.08903911412045624,-0.008663334847695183,-0.015686085702815634,-0.122473505191464,-0.012250536980020111,-0.023236595480119936,-0.13892545179334814,-0.030747551354617608,-0.018971342497326592,-0.1429890126953366,-0.05376965961274418,-0.010385064381901756,-0.0704000535459202,-0.018880359778544308,-0.033657238839629094,-0.09120567332928142,-0.020745511348896434,-0.040463442264057285,-0.11011064680091943,-0.03257718092128561,-0.04490791144707874,-0.11806105465030747,-0.0493477390116926,-0.03922731986052007
0.0,0.0,0.0,-0.024050743686881575,-0.007399425818358598,0.024132548520307114,-0.050254828358018554,-0.009553552985210184,0.048012509908976174,-0.08195240551022745,-0.026893798779155306,0.059703496221837515,-0.09651510486314184,-0.04448890828489704,0.040290962458394454,-0.09484664926125205,1.1919861450534089e-17,0.02280997096736795,-0.11955239428057829,0.0007417984596825521,0.02858875887311135,-0.13628942839384867,-0.00879526690174753,0.032173349097175716,-0.14244503115326226,-0.03729364273580052,0.03279798322126906,-0.0942155392664623,1.119031531773055e-17,-2.0160574570876118e-19,-0.12979459347954742,0.005331835561944082,-0.006768334735074273,-0.15136639347603928,-0.012653244861001845,-0.005668319100997829,-0.16061274155478325,-0.03806873055976362,0.0011026528039835182,-0.08896147676097672,-0.008597295289499679,-0.015799678259535002,-0.12208260881579883,-0.011680700074799131,-0.023398078490029197,-0.1386982735835091,-0.03015164110510809,-0.01924427921757818,-0.14369043613054094,-0.0538440179975832,-0.010648156703709919,-0.07025257406793871,-0.018757380596759434,-0.033737052641499565,-0.090861416287742,-0.020505267467787764,-0.04061185275109057,-0.10970326656290688,-0.032345666023997875,-0.045496839658287914,-0.11787758803302385,-0.04939640404264865,-0.039876828229055715
0.0,0.0,0.0,-0.023848466910779197,-0.00747018848154873,0.024144201189637757,-0.0497039754135645,-0.009566113055715307,0.04818555001169097,-0.08127391023620226,-0.027020777794444804,0.060364693390412325,-0.09685728968670411,-0.04465679541385265,0.04122029648375544,-0.09472206204738619,-9.320107219877146e-18,0.022651577347464657,-0.11936362200208422,0.000811409737834533,0.02870647471784689,-0.13656855990916683,-0.00891368151613744,0.032254704911844484,-0.1436031761454438,-0.03790175307966968,0.03275999831158453,-0.09425245496049653,-9.713459915309669e-18,-8.710019027317953e-19,-0.12956774742931462,0.005528034894926332,-0.0066213602570030766,-0.15141321503167923,-0.012395282014750817,-0.005824074633035644,-0.16149428644707411,-0.03786359464771573,0.0006625992258004875,-0.08894629531338899,-0.008613414321112572,-0.015985975306708644,-0.1219794328062031,-0.01120952394284304,-0.023560076232857254,-0.1385181230869526,-0.029738274615303265,-0.019354421950630203,-0.14421028463684762,-0.05434652424530698,-0.010675335195874647,-0.0702845036461301,-0.018719646781851697,-0.03391968790111065,-0.09086434553486514,-0.020257533107366693,-0.04108216088111773,-0.1095632743772623,-0.032118580365454265,-0.04609742763801737,-0.11759074914844392,-0.04940207496660456,-0.040228952907738064
0.0,0.0,0.0,-0.02377310570681107,-0.007595898597696481,0.024186649434364795,-0.04922917724924507,-0.009583284709933726,0.04851980824476693,-0.08043753482519253,-0.026775380543991357,0.06143642150168856,-0.09732089848684014,-0.044288544086115204,0.04290836337036856,-0.09478631276485323,-1.3112278011310713e-17,0.0225847886750464,-0.11946538290731103,0.0008357910721452113,0.02879426443096795,-0.1372214467448111,-0.008880479216684316,0.032281365961073685,-0.1453879359038392,-0.03829073532348707,0.0327111876492633,-0.09446864584000121,-1.1302173407666196e-17,-4.446299518692449e-19,-0.12974665580864608,0.005564870356272851,-0.006426519348504699,-0.1518832874101687,-0.01228539040672037,-0.005890043517350688,-0.16279753020135035,-0.0377041580939918,0.00012993275712494214,-0.08910492203505689,-0.008652977093816122,-0.016241344522889393,-0.12228674574226334,-0.010890272454584656,-0.023610954600923023,-0.13869592298928465,-0.029573627911376528,-0.019341026245127096,-0.1449731026506688,-0.055209525475742816,-0.010697155961067564,-0.07061207207746188,-0.01866004849491385,-0.03412637425507603,-0.09129728157632161,-0.02004295507729502,-0.04175958659878981,-0.1098003308850249,-0.03188828678275667,-0.0466186821003588,-0.1175456745988134,-0.049350806117561985,-0.040546449822759456
0.0,0.0,0.0,-0.023890763515475255,-0.00781694593099676,0.024269259481618757,-0.04889596680828917,-0.00977741710497485,0.049040949405164784,-0.07944339972833123,-0.026289097765839937,0.06296744982545116,-0.09801137690011107,-0.04333699983891731,0.045649088916198094,-0.0951805434138149,4.688402986390914e-18,0.022570525120019506,-0.11997568842764578,0.0008020142306232285,0.028878143204869,-0.13832906645928936,-0.008529879420284624,0.032316575846686416,-0.14822339980238616,-0.0382196679212099,0.032710732802132755,-0.09495045771889228,1.0808586377035577e-18,1.367226597563958e-20,-0.13044672354597892,0.005446242966094102,-0.00607307479039195,-0.15295306639652256,-0.012216941433773852,-0.005765956428186012,-0.1648813396319563,-0.03735385020694065,-0.0004372826917376535,-0.0895397063351717,-0.008662370714405647,-0.01652914473933669,-0.12303003863299188,-0.010735563376497323,-0.023437269586123556,-0.13951939170140396,-0.02962855000498829,-0.019292504475689684,-0.14656951331946177,-0.05616835221273082,-0.010994389067121161,-0.07132083053433243,-0.018498564972099837,-0.03422298345729478,-0.09218919765297723,-0.019913464097637813,-0.04241686554410934,-0.11052245357439483,-0.031683340564257374,-0.04694895274709909,-0.11820210218511176,-0.04925296043912237,-0.041091959560847456
0.0,0.0,0.0,-0.02423615193725362,-0.00809779527537881,0.024399281925944098,-0.04874217070102912,-0.01028243042185121,0.04972455473429974,-0.07834091535852308,-0.025758439934340703,0.06485677757525406,-0.09899090855722183,-0.041860994405143084,0.04963874090858288,-0.0959600719143052,3.925097875363695e-19,0.022526147695745003,-0.12093267649080311,0.0007013259673963768,0.028988310351148697,-0.13990382139931618,-0.00776535177544226,0.03242616825545076,-0.1523095280822548,-0.03749647024905423,0.03285969261461877,-0.09573238972134128,-2.4280460672398277e-19,-1.4190182049965988e-19,-0.13162061030891925,0.005137826403985453,-0.005494225087729741,-0.15464478790377909,-0.012084008529878563,-0.005392944503334598,-0.16804758070720643,-0.036506390500042334,-0.0009133837886077257,-0.09028676672617517,-0.008650655406730372,-0.01676838524724203,-0.12410166787643087,-0.010785681090539562,-0.022992849516834512,-0.14110476958483056,-0.02983127067822595,-0.019313809016624967,-0.1495162623628968,-0.05682780380753657,-0.011775561237451299,-0.0724119249308685,-0.01827613662409973,-0.03406831668663713,-0.09347302029863015,-0.019971284235286994,-0.042811439697972964,-0.11177422700608733,-0.03164612690742699,-0.04702169090758218,-0.11994195442171803,-0.04916787791178954,-0.04197193435454925
0.0,0.0,0.0,-0.02477996775646254,-0.008321813650451294,0.024576595357889936,-0.04878477794606242,-0.011135220184962625,0.05048730438481449,-0.07724925198468142,-0.025411387814189564,0.06685616426440129,-0.10021756829457244,-0.040083755541514665,0.05485502540015561,-0.09706184855393617,-3.0669659056963268e-18,0.022381624088359843,-0.12228312790455188,0.0005709537372284415,0.029157290501837105,-0.1418683918561518,-0.006558529583167331,0.0326780367507831,-0.15734793332492564,-0.0359836010579296,0.0332686928640071,-0.09677124931609675,-4.51719667326494e-18,5.458465615582588e-19,-0.13312668751148246,0.00464276719894245,-0.004738571451320662,-0.15685480086135292,-0.0117463584329393,-0.004804824412592905,-0.17236474062918156,-0.03480918302166413,-0.0011854395846891464,-0.09130417026323225,-0.00868763442807169,-0.01687104184355068,-0.12533127130775049,-0.011121778027785415,-0.02236052913376307,-0.14336503372154616,-0.030060217637647147,-0.01952547524955019,-0.15398930338268085,-0.05667015896345296,-0.013174254351959703,-0.07380057622738956,-0.01813824836935442,-0.03360373626482099,-0.09500576789430451,-0.020320000812687252,-0.04281909392071902,-0.11350540447128946,-0.03192443517122695,-0.04693961507296128,-0.12289434560297252,-0.049049090524853324,-0.04323423690029148
0.0,0.0,0.0,-0.025420669331769497,-0.008351846953719195,0.02476637999986256,-0.04902796839443051,-0.012224448103850628,0.0511772875651813,-0.07632842152170602,-0.025365297068729628,0.06867127080168245,-0.10150428142153393,-0.03824104688767208,0.06105391799371227,-0.09832044855103447,2.824987332253391e-17,0.02211007603586184,-0.12387583741856559,0.0004995679718745042,0.02940000936379988,-0.14402858722953685,-0.004912143769047317,0.03311478288533923,-0.16263383039696586,-0.033533417371333876,0.03398550045106309,-0.0979376920175708,2.395302646403365e-17,-4.8856996738226447e-20,-0.134792544662019,0.004057585269166687,-0.00392159818412432,-0.15938187834578793,-0.011006759772999869,-0.004132228057412069,-0.17754663021999748,-0.031931000697880726,-0.0012578232974508048,-0.0924876914347629,-0.008841729764449425,-0.016799204091015853,-0.12655601060580862,-0.011761800966054722,-0.021728505048502943,-0.14603793791278474,-0.030092307447977223,-0.02005734806284996,-0.15965645347279875,-0.05513908106863457,-0.01525340106583429,-0.07535169578834448,-0.01821717894480333,-0.032895143077870025,-0.09661322492093997,-0.020955089941045127,-0.0424967880602664,-0.11555165262805768,-0.03246958221789325,-0.046985583134679196,-0.12681888524570045,-0.0486062409470381,-0.044988417477760057
0.0,0.0,0.0,-0.026010499665682522,-0.008095206139847266,0.024893001905727873,-0.04942811455777958,-0.01326262270759118,0.05159218381635136,-0.07565930293845878,-0.02545395464409018,0.07007947378138232,-0.10248684700189727,-0.0363447278186126,0.0678129928908595,-0.09947729792313065,4.971639122344228e-18,0.021724716762882346,-0.1254370407660751,0.0005870926790988661,0.02968026073924073,-0.14603733855888734,-0.0028727923974498676,0.033692093273418953,-0.16733406014909527,-0.03005367776192103,0.03494008459745383,-0.09900427825419045,7.40513284517791e-18,7.689337873933619e-20,-0.13638378467813073,0.003502848995600849,-0.003117267486111346,-0.16185521731760202,-0.009758741593696,-0.0035363665812771384,-0.18285150090731095,-0.027863987781503494,-0.0012392040554277972,-0.09365565519035239,-0.009120117657649241,-0.016589834417760727,-0.12759653357913037,-0.012549031063225384,-0.02129361101698148,-0.14868493436800445,-0.029642366729966698,-0.020997904785630832,-0.16562143061464063,-0.05194162899494439,-0.01790898994253654,-0.07687756113157149,-0.018526164242814544,-0.032090879564918906,-0.09808404473935431,-0.021721498809998685,-0.04203478686890766,-0.11757539283033935,-0.03298901686946102,-0.04743908190608777,-0.1310073633238562,-0.0474458302529501,-0.047279823303789194
0.0,0.0,0.0,-0.026408237464853823,-0.007558012097810162,0.024888153339653156,-0.04983201052406699,-0.013876214589523024,0.05158410059704878,-0.07512610015816565,-0.025246863631500506,0.0710113577976443,-0.1026563559321386,-0.034151183092658424,0.07452007903628628,-0.1002067036590077,2.3006919012659642e-17,0.021275148083097814,-0.12658407087500334,0.0008707509302864069,0.029908813504569847,-0.14743234573360445,-0.000625944338421829,0.034262397337552736,-0.17066878677241518,-0.02575209149594818,0.0359354156697662,-0.09967254387830722,2.3859314116599592e-17,-7.885543104211942e-19,-0.13756999202461678,0.0030206517496114654,-0.0023359562272136114,-0.1637298905913683,-0.008197988423854866,-0.0031284254393032034,-0.18719983209238955,-0.02323819362876154,-0.001263949306063607,-0.09453618455230908,-0.009457130905732468,-0.016340850757945984,-0.1281991053383498,-0.013211771709676051,-0.021185272762640317,-0.15072149601720525,-0.028535292851563945,-0.022333020327663024,-0.17061953066682536,-0.04736071894682727,-0.0208385310738568,-0.07811264546823535,-0.01894773252698658,-0.031361250450111615,-0.09914470984248354,-0.02237172393435423,-0.041655137771446235,-0.11907748039191392,-0.033102346190936875,-0.048399529168704,-0.13442748368510482,-0.045385470326970136,-0.04995236526569239
0.0,0.0,0.0,-0.02654015919841919,-0.006865424347627542,0.024761316366106727,-0.04998807089619191,-0.01383065196049877,0.051191379427175235,-0.0744266514619259,-0.02432683969097674,0.07158194026848644,-0.10157378851506978,-0.03138621347091481,0.0804895757744974,-0.10025397562041062,-4.737194205341952e-18,0.020844430562188633,-0.12697890683319085,0.0012466815534606108,0.030000101251271057,-0.14784362321580674,0.0014422203357704398,0.034681508858829264,-0.17213090175048942,-0.021315988191272568,0.03674310530295696,-0.09970829259546125,-1.5877481822594043e-17,-2.33322136441989e-19,-0.13804386527999613,0.002538933672988148,-0.0015669038782313337,-0.16453691962795444,-0.006825280012560461,-0.002904823190264474,-0.18970378054537293,-0.019164057198796835,-0.0013852750754843586,-0.09487181070011887,-0.009761674395233242,-0.016168087548544048,-0.12810625175235163,-0.013593658939714932,-0.021416959788889776,-0.15164592372138935,-0.026902831878699136,-0.023908271237418177,-0.17360290672844922,-0.04225355168943487,-0.023656982336412575,-0.07879296073499896,-0.019318000856587757,-0.03084324295549168,-0.09954970078610811,-0.02270904213557761,-0.041506492438454834,-0.11962964358330301,-0.03258857886406463,-0.049756494056237915,-0.13626906836966599,-0.042640430135132724,-0.05271058175205926
0.0,0.0,0.0,-0.026420479807078703,-0.0062057745100090765,0.02460944247343776,-0.049705833612953554,-0.013193488259092188,0.050626814524908074,-0.07329351336365268,-0.022612807743228977,0.07199723554048194,-0.09920415119467083,-0.028041072775604938,0.08523748382241102,-0.09961925697354111,1.457826794671293e-18,0.02052813207094799,-0.1265519559463926,0.0014892022346628874,0.029946628107694717,-0.14724881255896896,0.0028649319589343146,0.03493741850007286,-0.17175632098255295,-0.017705242261683792,0.03727403454977934,-0.0991157661619555,-2.3995763602632475e-18,2.621299038934564e-19,-0.13774038715410714,0.0019366019610040043,-0.000799590169391903,-0.16420387542495737,-0.006153833017407403,-0.002741603163695626,-0.19019355139687583,-0.016608364825809182,-0.0014912293746347299,-0.0946068862971129,-0.009982615106503518,-0.01614567210130066,-0.12727817009165598,-0.013768642322129975,-0.021869421194539128,-0.151371990958151,-0.025173611910630337,-0.025438312970468193,-0.17434147434396258,-0.037685801526006805,-0.025999052023313755,-0.07883196309336044,-0.019531515544957505,-0.030599635251371462,-0.09927212247248032,-0.02270747667655569,-0.04161001182559665,-0.11918953890786409,-0.03152676189388478,-0.05126082871188546,-0.13645622036895017,-0.039723854716155624,-0.05522578189224184
0.0,0.0,0.0,-0.026116928083937473,-0.005737049155834545,0.024542640441103897,-0.049021937110727255,-0.012268592665941066,0.050125478001113354,-0.0717568083125271,-0.020427356017186985,0.07240362994851532,-0.09604177751303021,-0.02445252507394038,0.08864698292058786,-0.09858292806012726,1.3588331811156643e-17,0.020395901513260806,-0.12556325196708068,0.0014036648255919286,0.029825962911843175,-0.14600478124340577,0.0033521949709056937,0.03512822985916683,-0.1701177690096598,-0.01564147765785236,0.03761954291778846,-0.09816185489610495,9.332476821791917e-18,5.548716853814783e-19,-0.13690356114101324,0.0011573714327521916,-4.9007924249306646e-05,-0.1630897131828907,-0.006391959454891427,-0.002505437174830485,-0.1891924544654595,-0.01589590060633196,-0.0014060602894529575,-0.09394004654746466,-0.01012177822155554,-0.01628059808033558,-0.1259953341928775,-0.013895568210775004,-0.02236789476495405,-0.15028457561728356,-0.023810038555887,-0.026627234922508847,-0.1734443222959048,-0.03446486384382078,-0.02760470746552744,-0.07838069781739396,-0.019569181214120893,-0.030630540205081255,-0.09855055003150859,-0.022472061344884244,-0.04190430477879894,-0.11813850039643049,-0.030193266576340572,-0.052653036071094145,-0.13558078706935175,-0.037144980010144414,-0.057235792402725826
0.0,0.0,0.0,-0.025707736874333132,-0.00552771863112547,0.024612866859300662,-0.048167847254203505,-0.01138720212412825,0.04982572850785901,-0.07012719257942487,-0.01824252605310147,0.0728476245749301,-0.09284419055185064,-0.021062064221819575,0.09089966049577689,-0.09753825090114979,-1.3135277923134179e-17,0.020461373960402113,-0.12443104320419916,0.0009510205057068986,0.02972593000357967,-0.14461178092306015,0.0029276761226556115,0.03533741603484574,-0.1679828158150604,-0.015285979266059525,0.03790761788692429,-0.09720892367906395,-1.4448724781697644e-17,-2.291811135826159e-19,-0.13592695280029188,0.00024165283623190604,0.0006183443044538918,-0.16172041133944012,-0.007409560383381144,-0.0021729649460163233,-0.18747371078646963,-0.016753924233259214,-0.0010758358656141104,-0.09317407802849673,-0.010201289560867608,-0.01654623270520893,-0.12467885071712588,-0.014067465979630184,-0.02280368574185058,-0.14894282505983003,-0.02308126815477837,-0.027345787806327126,-0.17181994072182688,-0.032901041284576854,-0.028429644910425246,-0.07769857364975763,-0.01946101470878765,-0.030909674738759777,-0.09771416981136924,-0.02212702455820649,-0.042325901930332706,-0.11698795004033782,-0.028871407908458418,-0.05378450868232376,-0.13438830432564547,-0.035187156827992824,-0.05865165687769021
0.0,0.0,0.0,-0.025269425938655075,-0.005551996528086209,0.02480428516826194,-0.047411387865920356,-0.010748212934021386,0.04975542351193256,-0.06876966829097271,-0.01639023339429844,0.07332661519048254,-0.09027375996582752,-0.018160687405330674,0.09229674780492657,-0.09680965051435937,4.115218360059495e-19,0.02068038304489032,-0.12352355082548944,0.00024015583223043412,0.02967949662313873,-0.14347278101008631,0.0018587983309108662,0.03557419425847789,-0.16599399593983458,-0.016299019036937385,0.03818073108873041,-0.09653956817241356,-3.641819355543191e-19,1.82999569861608e-19,-0.13516129401012825,-0.0007157836935896534,0.0011091850084405611,-0.16053762128672394,-0.008897096902653629,-0.0018233338473784518,-0.1857163166113796,-0.018636537651549864,-0.000600332360774621,-0.09255629468213958,-0.01024132153048689,-0.01691313548207332,-0.12366213616984927,-0.014312873314176138,-0.023168848772959903,-0.1477934211523559,-0.023028391501530077,-0.027677981830713978,-0.170196554059822,-0.03284502807310195,-0.028653707188991264,-0.07701731701904443,-0.01926198147617938,-0.03138484679363487,-0.09701259951762004,-0.021777416559628154,-0.04282249769720903,-0.11610284748076352,-0.02777358850006476,-0.054630830115081956,-0.13339012296156952,-0.03391971077370343,-0.05955094646577958
0.0,0.0,0.0,-0.02488203427020973,-0.00572575272112727,0.025062172236729352,-0.04692739693008219,-0.010393696498190344,0.049864837288561184,-0.0679102532440303,-0.015001382409586428,0.07381372394698535,-0.08868157982389079,-0.015881013158655123,0.09311493020664129,-0.09654719977897436,-2.2151516238758496e-18,0.020971506055021013,-0.12304511895425731,-0.000544110157602119,0.029670396935713012,-0.14280106900304393,0.0005227490336572319,0.03580250580663287,-0.16455353284326488,-0.018068163056273605,0.038413936867286384,-0.09628086700377686,-2.302833511885001e-18,-1.6764554447130333e-19,-0.13480489952050537,-0.001586107749017701,0.001366086539118838,-0.159802618672178,-0.010485848770823885,-0.001546144077138631,-0.18439231153473712,-0.020928969797829187,-0.00012654627408991635,-0.09222117917132905,-0.010255444664752407,-0.01733419720924352,-0.12310435803956858,-0.014619275036117721,-0.023494737112448368,-0.14707629341759398,-0.023492086477672546,-0.027801659490715173,-0.16900219000717207,-0.033823765081591205,-0.02855183616273272,-0.07649936068585536,-0.019043595123863107,-0.03195770904631574,-0.09657527718027392,-0.021503029802334404,-0.04332400268926446,-0.1156277714878266,-0.027018358467458113,-0.05522088074517362,-0.13280131337352113,-0.03328167543968278,-0.06007068010471868
0.0,0.0,0.0,-0.024612229188267377,-0.005962352938495392,0.02532928764112862,-0.04672921519248293,-0.010268318044366972,0.05006541770478249,-0.06753542965073524,-0.014078841094306075,0.07425487299792201,-0.08800094116689745,-0.014266326110083905,0.09355703804513754,-0.09668909663720145,-1.79221677047584e-17,0.021251886333291514,-0.12299539092061855,-0.0012321699989530134,0.029678522892394803,-0.14261040222300697,-0.0007407140919073974,0.03599446376951596,-0.16378513369247263,-0.01997931372191731,0.038594614917104614,-0.09639178416189756,-1.5150717314775303e-17,-2.2397984331613555e-19,-0.13485881456898838,-0.0022420558564887998,0.0014153311679892424,-0.1595693287689583,-0.011852175869070839,-0.001368698951518421,-0.18370765518082519,-0.023073701494450125,0.00025748120773021654,-0.0921773914950725,-0.010252849146875931,-0.017737194424780313,-0.12298851953234309,-0.01493527327813083,-0.02379322557793868,-0.146820037083362,-0.024175666172318377,-0.0278486667563421,-0.16839343876724783,-0.03523314544044787,-0.028344618003537027,-0.07622015649873418,-0.018872621818395205,-0.03250579123259164,-0.09642274383551074,-0.02133410044435392,-0.04375509025251779,-0.11552220994842398,-0.02659506196837523,-0.05559415997213827,-0.13261570171198367,-0.033115450012557904,-0.060337906780102875
0.0,0.0,0.0,-0.024482822826964023,-0.00620992442658004,0.025569579703195174,-0.04670354975511411,-0.010288445884640758,0.05027425176036425,-0.06745576898056034,-0.013552555463334495,0.07459461268805533,-0.08786948769733162,-0.013270103754060559,0.09377155635137709,-0.0970366588057827,-7.829631764287451e-18,0.02147254532261418,-0.1232188315375399,-0.001740423534587025,0.02970753074171429,-0.1427600847823191,-0.0017436983759684698,0.03615673704018375,-0.16355578458882097,-0.021628978321715734,0.038754918175259466,-0.09671523381368731,-7.7506286566659e-18,-5.47219762804506e-20,-0.13517162535131091,-0.002628561900212815,0.0013497759325155933,-0.1597124247220297,-0.012826726160776849,-0.0012570605449375833,-0.183590084101014,-0.02471622871259754,0.0005435018641380382,-0.092330178321843,-0.010243668423829351,-0.01805995278984104,-0.12316967824578447,-0.01520612142937511,-0.024051423477342893,-0.1468978034466611,-0.024801216755121612,-0.027860307857871164,-0.16830234416458095,-0.03658344880333072,-0.028130075620339364,-0.07615799245233189,-0.018787538309003923,-0.032939665429614316,-0.09648872567144941,-0.021257362126638313,-0.04407333432295052,-0.11564337708468889,-0.026402986588056565,-0.0557974065630115,-0.13270439464996303,-0.03322945554683987,-0.06045175315572356
0.0,0.0,0.0,-0.024470889186991102,-0.0064483204390257814,0.02577039718419966,-0.04672539903604367,-0.010387283695183465,0.05044262451276731,-0.06748214764004637,-0.013332494649702502,0.07480782460330679,-0.08793176407814102,-0.012788720918856473,0.09386088349992051,-0.09739165578726507,-4.352189717576785e-18,0.021623628377053696,-0.12352086706496618,-0.0020707683266505015,0.02977342462643956,-0.14304918324200713,-0.002444302947299696,0.03631330875561512,-0.16360905254100203,-0.022853338036154268,0.03893569740990726,-0.09707314328823878,-4.201171521180567e-19,1.1386656764922743e-19,-0.13555183499669027,-0.002777977737248847,0.0012635447081230668,-0.1600260665474513,-0.013400111086841594,-0.00116612592757737,-0.1837998102899818,-0.02574681786594982,0.0007573545206192501,-0.09254938201207373,-0.01023459332791777,-0.018280314161454387,-0.12346257185744677,-0.01540063610783693,-0.024249390065018323,-0.14713308101801356,-0.025232341439146586,-0.027828306518937453,-0.1685298379342231,-0.03762166023271866,-0.027909237362858264,-0.07622780970966922,-0.018783132985951616,-0.03322834536422208,-0.09666160199935571,-0.021242578584895103,-0.04427510033807511,-0.11584117147092217,-0.026334817058997862,-0.05587479078657903,-0.13291259114922832,-0.0334667942075458,-0.060472292364443146
0.0,0.0,0.0,-0.02453529747347591,-0.006670961114553199,0.02593067366258371,-0.046736530141969136,-0.010525415809177189,0.05055372501538293,-0.06752955358016906,-0.013347153579656233,0.07489861132486852,-0.08801642400939065,-0.012720071099138008,0.0938746832739417,-0.09763731844325768,-3.745505289509499e-18,0.021714375792047765,-0.12376182067578782,-0.002266992141572226,0.02987771621742488,-0.143315668981149,-0.002877099758470155,0.03647256314535445,-0.1637239086394901,-0.023641259907809402,0.039141365226446526,-0.09734369224549431,-8.105571398742106e-18,1.9652207976815834e-19,-0.13586048500894998,-0.0027608601306129232,0.0012085689810208296,-0.16033601739216388,-0.01364384180693535,-0.0010778846122925223,-0.1840997846840893,-0.026219426106055987,0.0009133966601816793,-0.09273746730952179,-0.01022281686741518,-0.018410183870561734,-0.1237233483210311,-0.015501372424635985,-0.024378999300105186,-0.14738473644139116,-0.02544821922373427,-0.027750654484745643,-0.16887001661491216,-0.038271844113111964,-0.027664916826742724,-0.07634140897303619,-0.018818833667870922,-0.0333850173887385,-0.09684027347737448,-0.02125150953437127,-0.04438034701352877,-0.11601609020452733,-0.026303828140008288,-0.05586693064183866,-0.1331231047410231,-0.03370860129184393,-0.060437308074942395
0.0,0.0,0.0,-0.024636242057277328,-0.0068677317339305545,0.026047866314513304,-0.046739335505403844,-0.010675649708282081,0.050612633906215336,-0.06759724313317667,-0.013527173295405284,0.0748907226281009,-0.08809830512964693,-0.012955394439144192,0.09383495135729672,-0.09774005702648819,9.004827284456476e-18,0.02175633202260621,-0.12388792043668855,-0.002373932336059133,0.029996252236717598,-0.1434918279651363,-0.0031012605356450893,0.03661507818858968,-0.16379711283404755,-0.02405166999432025,0.039339074052303205,-0.09748780931540947,9.094308775957404e-18,2.074963301450693e-20,-0.1360393866964617,-0.0026456958955707417,0.0011990175885947935,-0.1605588585127159,-0.013649631762784045,-0.0010005464878742707,-0.18436342886897636,-0.026265744810525602,0.0010055343215550638,-0.09285444140521829,-0.010206023324778603,-0.018472442758172405,-0.123890145869017,-0.015502834285591318,-0.024451734083809254,-0.1475785148071479,-0.025467891778582094,-0.02765166959125535,-0.16919841003743505,-0.038551059409073316,-0.027425053753770533,-0.07644567390155406,-0.018859088271455472,-0.03344630864097554,-0.09697527462933273,-0.021253260696248874,-0.044419388809008906,-0.11612752378151259,-0.02625647344826052,-0.055821058137685314,-0.13327697471175703,-0.033875518619615436,-0.06039165174883909
0.0,0.0,0.0,-0.02473432608533843,-0.007009221567869559,0.026112443250511368,-0.046756112578010975,-0.01080674537548692,0.050640619480947814,-0.06770579957784703,-0.013781748695184753,0.07482734461060415,-0.0882006874295788,-0.013350678998896326,0.09376925088892757,-0.09771750572748687,1.3190507497625941e-17,0.021758005412768955,-0.12391011721027148,-0.0024095819411271775,0.030089562663571136,-0.14358749770546886,-0.003158813905826228,0.036706183439795426,-0.16383907970725897,-0.024147171365013535,0.03948556875907043,-0.09752235507818584,1.419017946493577e-17,5.219553045080929e-20,-0.136088978790583,-0.0024916750463520793,0.0012351143586410139,-0.16068653445576828,-0.013504741461065136,-0.0009463939530877124,-0.18456932806327703,-0.026042100794085563,0.0010280625273671286,-0.0929020500129672,-0.01019301290926888,-0.018479985798250373,-0.12396660209947262,-0.015422351724793925,-0.024478228707106107,-0.14769678560914237,-0.025328814046368452,-0.027563369662277536,-0.16947207408781248,-0.0385275329493955,-0.027256070012143897,-0.07652279722936128,-0.01889861555402186,-0.033447415195341904,-0.09706361253598847,-0.02124226726704532,-0.04441375732268241,-0.11617724851461453,-0.026192094965657147,-0.05577914394557163,-0.13336782096457656,-0.03394070709590745,-0.06037812294223347
0.0,0.0,0.0,-0.02479660475146833,-0.0070561007004363374,0.026116029946342975,-0.04679887243135113,-0.010886526478684173,0.05066033489425927,-0.06785572438986184,-0.014024808549120152,0.0747548234628483,-0.08834136873889074,-0.013761151372449614,0.09370457495144818,-0.0976067194942259,8.303084013539087e-18,0.021727848472551586,-0.12386083207511002,-0.002362377300976713,0.030127511403097135,-0.14363174450546942,-0.003053828887171668,0.03671956975546738,-0.16390880038341607,-0.023954853615187097,0.03955042508475067,-0.09747556653569167,9.284400340410524e-18,-4.6608403973081837e-20,-0.13603725846704356,-0.002343777190283158,0.0013109326479215707,-0.16073623913261645,-0.013274718889886024,-0.0009211761587359149,-0.18473198387296558,-0.02567571779678726,0.0009912547765539013,-0.09289754979933833,-0.01019434293657829,-0.018431483786879196,-0.12397539875790796,-0.01529397338366883,-0.024450579570856723,-0.14774857372144867,-0.02508518520004701,-0.02750019587080857,-0.1696742049073449,-0.03827638599940079,-0.027206524828972015,-0.07657392919740494,-0.018942562078232677,-0.033399789659271636,-0.09711442438760937,-0.021225953154593632,-0.04436826900442853,-0.11618926317473932,-0.02613321698243838,-0.05576034361673539,-0.1334192995361846,-0.033900172662674144,-0.06041533302615805
0.0,0.0,0.0,-0.024814290195867773,-0.006994089491146312,0.02606608954276994,-0.04685463268404172,-0.010899204074695709,0.0506790747109579,-0.06801698120590825,-0.014218536829256544,0.07469217441563722,-0.08851441038063557,-0.01410415396218975,0.09363895102952796,-0.09744209292619808,5.237126841495043e-18,0.021677179123983082,-0.1237616739940059,-0.0022205820527817868,0.0301106514770224,-0.14363212871567305,-0.0027833170223175298,0.036660317798561694,-0.16403121855434927,-0.023495539544343903,0.039531844520581685,-0.09736689204770242,6.909241437041072e-18,2.5030834859716695e-19,-0.13591991163489,-0.0022223793649297266,0.001404970260977554,-0.1607208801894293,-0.012999157984850004,-0.0009303336966130375,-0.1848500688405916,-0.02523337423783303,0.0009153623607506212,-0.09285774204510255,-0.010208693240889487,-0.01832717132788374,-0.12393454104649253,-0.015150414289034573,-0.02435947122819202,-0.14775027682371095,-0.02479248847507322,-0.027455605637144144,-0.16979026827318744,-0.037855404948693265,-0.027268902542886574,-0.0766067028049487,-0.018985777597094407,-0.03329662109419411,-0.09712979065001073,-0.021205474293198526,-0.0442879989221458,-0.11618933909212488,-0.026081933790035972,-0.05576564525581403,-0.13345624775244952,-0.033742484387612015,-0.060500957258412195
0.0,0.0,0.0,-0.02480528436387809,-0.006853264602800391,0.025987589634228522,-0.04689857868633556,-0.010860361944070066,0.05069490138300498,-0.06815395429138899,-0.01438718615829284,0.07462294609322169,-0.08872089804146617,-0.014390573952529781,0.0935301059357104,-0.09725528811386419,1.0828659451400282e-17,0.021614443653313817,-0.12362555829517212,-0.00200087612473899,0.0300651869415634,-0.14358147171369723,-0.0023790870398706517,0.03656664697589697,-0.1641777499501409,-0.022838863665243358,0.03945136654881746,-0.09721686134025397,9.966719196860416e-18,3.0590736426663026e-19,-0.135771956140855,-0.0021236238626214142,0.001472549807936213,-0.16065343773106455,-0.01270048892313313,-0.0009896187123831026,-0.18490777321755703,-0.024735266863188558,0.0008098243223491412,-0.09279779642561832,-0.010224942479332933,-0.018186409753402577,-0.1238690567388697,-0.0150096347280849,-0.02422031010115491,-0.14773170790316806,-0.024500772051895978,-0.027421404719805396,-0.1698339861383575,-0.03731921750229077,-0.027394979477172766,-0.07663085510790926,-0.019019586238312864,-0.03313980643468518,-0.09711179436808964,-0.021177880844296452,-0.04419272244845845,-0.11619679540495442,-0.02602639619489742,-0.055789968111839026,-0.13349751705568894,-0.03346158043807645,-0.06062202361547419
0.0,0.0,0.0,-0.024800367923753175,-0.006696777366848303,0.02590928329213992,-0.046928140378629586,-0.010822159693361517,0.050718230679074584,-0.0682683517955549,-0.014610400367297422,0.074512153426992,-0.08903131951064869,-0.014730552869834896,0.09329708852252953,-0.0970891685039933,7.874212720436997e-18,0.021540868055854118,-0.12347866541158721,-0.0017435244384497294,0.030021666864323317,-0.14349205236079668,-0.0019037439260929164,0.03648480538672398,-0.16432196553308517,-0.022106864906244975,0.03932856403759368,-0.0970602709088717,9.109932768819842e-18,4.013487655868963e-20,-0.13562959688783952,-0.002030785285088109,0.0014483337764518058,-0.16056024319520837,-0.012391034989251258,-0.001128334525994758,-0.18490387236222133,-0.02418455506251671,0.0006610491762178058,-0.09273564686208809,-0.010233082034442112,-0.018046704542919415,-0.12382446389027721,-0.014868988750260862,-0.024073901458185613,-0.14774391057585667,-0.02425914270995726,-0.027400052971669996,-0.1698651911131815,-0.036732961609192996,-0.027528602163827996,-0.07665869144503507,-0.01904270404647601,-0.03295382218932059,-0.09707274814644211,-0.02114410472864197,-0.044112816065700874,-0.11623095424809657,-0.02597000839771759,-0.0558243324346736,-0.13356464934522327,-0.03308052503262908,-0.06074974135160194
0.0,0.0,0.0,-0.02482748987988496,-0.006594115383175178,0.025846706807068503,-0.04697474111065662,-0.010860693502643277,0.05078049281572807,-0.06841067780338009,-0.014998242894149813,0.0743251464927016,-0.08958872012635136,-0.015306099638535362,0.09282571228113586,-0.09699667815225751,8.137643370620194e-19,0.0214553113220343,-0.12336314849589268,-0.0014881346259130188,0.03000252443663095,-0.1434093554334852,-0.0014206151444946526,0.03644229192279991,-0.16448049259662034,-0.021442414624636665,0.03916513606474473,-0.09694177140538932,-8.56518268046509e-19,-1.8096397437660728e-20,-0.1355251359569255,-0.0019381373838913865,0.0012663961768456485,-0.16047302617773335,-0.01209819133290658,-0.0013695036661084926,-0.18485864263418278,-0.023620662075561905,0.0004581109849581238,-0.09268897529521271,-0.010231157690412869,-0.017943811804497792,-0.12385536853736274,-0.014716754761370524,-0.02396004319694177,-0.14783945338875618,-0.02412544647029426,-0.02738730692228813,-0.16995697319636233,-0.03618897419121286,-0.02761387642943825,-0.07670370402669006,-0.01906234305440066,-0.03277497455489944,-0.09702983061863361,-0.021113594783195924,-0.044072457442882726,-0.11630893475608621,-0.025950267133255166,-0.05584694445737867,-0.1336701920475824,-0.032675870994998,-0.060825336810618594
0.0,0.0,0.0,-0.024905076005707592,-0.006597657300814281,0.025802421775718728,-0.04707787860334542,-0.011040790909437347,0.050926231471332774,-0.06864183742733738,-0.01563153780096296,0.07404979955895943,-0.09051957401632893,-0.01628277407641164,0.09200138014066975,-0.09702534914732001,5.407607255462763e-18,0.02136344428624359,-0.12332003802661068,-0.0012612592424993316,0.03002352080635767,-0.14339426608343164,-0.0009877685544442548,0.03644260835302786,-0.16469121734283432,-0.021000292777635984,0.03895455843773409,-0.09690310309202547,8.330736661739692e-18,-2.932966436092543e-20,-0.1354734928595238,-0.0018727476150134832,0.0008914056477211727,-0.16040790171250066,-0.011907587588373836,-0.0016964072468513562,-0.18478736138328755,-0.023183445710032342,0.00023773973416937557,-0.09266697907330784,-0.010224527270642656,-0.017897751993477182,-0.12400173155558443,-0.014562059970927079,-0.023895276074388846,-0.14803399068738957,-0.024177377959013577,-0.027349212389956527,-0.1701412424801687,-0.035843016298492576,-0.027582905077216925,-0.0767724948598925,-0.019092257086757047,-0.032641415325984954,-0.09699190798013019,-0.021112067643103024,-0.044080069424647914,-0.11643033120913152,-0.026049144266037452,-0.05581969138696522,-0.1337935083632285,-0.032408921185333374,-0.06076665306864249
0.0,0.0,0.0,-0.025046617351327762,-0.0067351239935466555,0.025796786189668453,-0.047239741173891334,-0.011373553922250304,0.051202916323829756,-0.06896796949174645,-0.016494197953605457,0.07373092270497424,-0.09180472987079948,-0.01769297306445742,0.090773599947109,-0.09719918372097233,1.0540554433249742e-17,0.021291434611961316,-0.12337401843383196,-0.0010851306646094702,0.030100525632769947,-0.14349130658093215,-0.000679378508842626,0.036479303533773426,-0.16496336946618348,-0.02095715455755416,0.038707789722581966,-0.09697065029162047,1.7966582719879587e-17,-5.462905938456823e-19,-0.1354696795711155,-0.0018809188670453588,0.00034001425540548466,-0.16036317980022752,-0.011975195068619196,-0.0020387649129699273,-0.18467243259158836,-0.02311377213310012,9.804555483304802e-05,-0.09266401891934307,-0.010219861323910458,-0.01791973125149858,-0.12427318313551998,-0.014454942979354977,-0.023876970335374996,-0.14828270716077996,-0.024507052653883327,-0.02722505369911983,-0.17038490797065028,-0.03592933461487128,-0.027345228171242644,-0.07685186832737932,-0.019148168242852127,-0.03259772241406565,-0.09695461782265387,-0.02118809622159017,-0.044141713338902044,-0.11656941111901263,-0.02638402181408046,-0.055701154763762424,-0.13388312043593953,-0.03252639750626462,-0.06049799366546351
0.0,0.0,0.0,-0.025252732817870202,-0.0070041138207044005,0.025886433133558012,-0.047399307906298344,-0.011799743797966037,0.05164896815485223,-0.06930731409919362,-0.01747533068975599,0.07348780632727296,-0.09322943830259657,-0.019414829142791724,0.0891846371207606,-0.09751014261969337,-4.26946856790413e-18,0.02129429455309013,-0.12353008760367477,-0.0009835815754086657,0.030245307517343858,-0.14369431375361055,-0.0005872405648304926,0.036550270100439305,-0.1652569786675205,-0.021487729470463533,0.038466230870531644,-0.09714263936690673,-2.9262362693177286e-18,1.8250775254566253e-19,-0.135503183762239,-0.0019825319846408407,-0.00031204950008761786,-0.1603369560563843,-0.012458852696956397,-0.002287891616077367,-0.18445932425093603,-0.02365844523510315,0.000162407981382901,-0.09266697038767296,-0.010215120642908132,-0.018020654658280677,-0.12464607185228198,-0.01445925740726652,-0.023888119530581044,-0.1485040146108548,-0.025183218259541607,-0.02695049949347854,-0.1706042592512754,-0.03668542340897739,-0.026804374628603193,-0.07690750885784974,-0.019228208851689542,-0.03269050279317365,-0.09691020916844519,-0.021396754482022863,-0.04426435105220633,-0.11669141319851802,-0.027052833382679164,-0.055450238714025386,-0.13389397932270838,-0.03327584023808283,-0.05996424705235318
0.0,0.0,0.0,-0.025485165563900927,-0.007360129340838657,0.026120466692649745,-0.04746582900913904,-0.012215291484171525,0.05226996564994352,-0.06954317055042383,-0.018449877114795978,0.07346844816987805,-0.09450001688433246,-0.02128960848414062,0.08729500394187845,-0.09793289809633929,1.8325366610267666e-17,0.02143779243716303,-0.12378234755256473,-0.0009615289517091168,0.03045064188370304,-0.1439365640293252,-0.0007789071104151109,0.03665961270781786,-0.16550700524666512,-0.022690587713937033,0.03827789368866728,-0.0973892322419889,1.9294264093090277e-17,-1.886667323704208e-19,-0.1355781132365881,-0.002135530882008898,-0.000946752112406759,-0.16033373767691111,-0.013394750090506499,-0.002335197916576669,-0.1840633802116827,-0.02494074654288231,0.0005155413495803563,-0.0926777391723913,-0.010186938192446772,-0.018206939512967948,-0.1250738803162376,-0.014590940842901079,-0.023888740591502214,-0.14863222058583903,-0.026193535701644382,-0.026483726857598873,-0.17067631470286657,-0.03820265718475849,-0.025904036822437932,-0.07690367584582945,-0.019284628898773925,-0.03294984244616541,-0.09686023912515324,-0.021751453071668418,-0.04443253324332109,-0.11677729225723116,-0.02805028316080891,-0.05501869725155098,-0.13381150050621432,-0.03475987436571335,-0.05913237419884734
0.0,0.0,0.0,-0.025657591908250964,-0.007733769124905172,0.02647020957388179,-0.04737401278197253,-0.012522444768996123,0.05300629185813441,-0.06960077030474324,-0.019336319607073056,0.07374486712907113,-0.0953810273481038,-0.02321964754794929,0.08506924737932736,-0.09841412215436345,1.018396236812499e-17,0.021755128835595123,-0.12409126902956287,-0.0009859226229703146,0.03068291146422619,-0.1441025324861282,-0.0012624989587076171,0.03680364505889525,-0.1656154312703998,-0.024513261737767463,0.03815219357087429,-0.09765362048419389,1.449601965475536e-17,-6.532699177328534e-20,-0.13568997901616325,-0.0022461349609242667,-0.0014571248137668974,-0.1603226013036487,-0.014643581673439288,-0.0021398346911424755,-0.18334244294677585,-0.026902753265097234,0.0011365192612121011,-0.09270139243238427,-0.010088571860336603,-0.018474581787014156,-0.12548612670127982,-0.014792269050477126,-0.02382914170571502,-0.14860477321318433,-0.027415690868635403,-0.025830041397534958,-0.17039583666361904,-0.04034308664286515,-0.024670102880743245,-0.07680934309929137,-0.019225048263742796,-0.033383134139443854,-0.09679794644410639,-0.022171674073932852,-0.044606199129537075,-0.11680437759488424,-0.029211823054952957,-0.054378689897168264,-0.13360323001986638,-0.036820821647041355,-0.05802084397978008
0.0,0.0,0.0,-0.025651335075578444,-0.008074009704643993,0.026799286662444084,-0.04709398338406582,-0.012665508508326774,0.05371144358866437,-0.06945356549561384,-0.02008264553665273,0.07422436998797792,-0.09568273042892743,-0.025138604460881002,0.0823739393128382,-0.09880879771639568,-3.7817001475502035e-18,0.022204887888295954,-0.12431564594144102,-0.0009950796741523464,0.030887632209751704,-0.144033189414595,-0.0019848686069699893,0.03695384464521923,-0.1653858607775248,-0.026717001280815045,0.03804724795664977,-0.09783304611709073,-2.9111900747969374e-18,-1.6364474510644866e-19,-0.1357564082719168,-0.002212725945529,-0.0018031861974737505,-0.16017199563007908,-0.015938718133863973,-0.001785793223397329,-0.1820636325580825,-0.029311790394462595,0.0018494277130568337,-0.092688983174047,-0.00987424723325335,-0.01879854211170995,-0.12576860085183614,-0.014969938640678127,-0.023679891299939918,-0.14828783571907903,-0.02863773742124102,-0.025046452006405404,-0.1694347260458437,-0.042783770239152204,-0.023226445191965442,-0.07657621496662857,-0.018961309340413318,-0.03396962080303049,-0.09667237623318649,-0.022480822899660982,-0.0447415406388672,-0.11669557811754298,-0.030236978275846486,-0.053570104893777865,-0.133147834975048,-0.03902904223083631,-0.056735506986993645
0.0,0.0,0.0,-0.02535028098173164,-0.008352274198106474,0.02690749140766359,-0.046625176846535325,-0.012621980550707604,0.05417992582905767,-0.06911264647138708,-0.020648198076605853,0.07466578509560284,-0.09525096626853032,-0.026963812200709713,0.07911966694308786,-0.09888609657122827,1.7675085467080516e-17,0.02266729216759714,-0.12422083011316444,-0.0009173445339126975,0.031009368642148552,-0.14357457729898787,-0.002832883109276254,0.03706792783705391,-0.16454680118512643,-0.02891992592623044,0.03791542274234766,-0.0977937262358089,1.8863159290501652e-17,4.435122379761764e-19,-0.135625269857005,-0.001962971086397419,-0.0020231386151330004,-0.15968327760901066,-0.016957296424413393,-0.0014442999086003393,-0.17999291172809484,-0.031772916474646945,0.00236086789734476,-0.0925353206265235,-0.009540528860307646,-0.019111225269495182,-0.12579963422064344,-0.015047777573516627,-0.023430550839138323,-0.14750821394967945,-0.02961503436399181,-0.024200719125901306,-0.16746977881971375,-0.04512622592247319,-0.021768434747542628,-0.07615014477942801,-0.01847660168260238,-0.034632445547914635,-0.09641047771765447,-0.022506510685615735,-0.044787358705397545,-0.11634195393208559,-0.030846044088276934,-0.05268342040904754,-0.13226985424215368,-0.04086301157085956,-0.05542811576781632
0.0,0.0,0.0,-0.02471512626699696,-0.008542596572266949,0.026654577085656588,-0.046013280795241716,-0.012391144420706284,0.054250858972836505,-0.0686484197464542,-0.021033644716892442,0.0748159272766408,-0.09409926532648889,-0.02862841204487233,0.07540961815631893,-0.09847712727328978,1.2604984819892788e-17,0.023001492352394414,-0.12362877968469872,-0.0007026609162870032,0.031018833553785107,-0.14268388922960762,-0.0036669124336939597,0.03711531970984197,-0.16292413867317276,-0.030777210050129355,0.03773412597576023,-0.09745317039314313,1.3403799617418911e-17,4.1435665224922664e-20,-0.13519298431078167,-0.0014720556373571166,-0.0021980071904784157,-0.15874865992636597,-0.017441494052500686,-0.001264920300049368,-0.17709463012672297,-0.03385619086987224,0.002423140638299051,-0.09216498898555005,-0.009141552623795374,-0.019313835371272542,-0.12554505618781686,-0.014985460805943087,-0.023086376448970113,-0.14621156209892777,-0.03016987877380363,-0.023333303534756863,-0.16444280955808688,-0.0470538355662794,-0.020479335719504603,-0.0755280191177591,-0.01785297177033352,-0.035240569065469386,-0.09598965130198087,-0.0222100681058882,-0.04469194110924223,-0.1157000020823684,-0.030968794720277235,-0.05180228875101209,-0.13086866466552718,-0.0420193713433831,-0.05419810679147389
0.0,0.0,0.0,-0.023850101948155605,-0.008631765533867823,0.026071683964379613,-0.045351161208785275,-0.01200869084044648,0.05391509106422951,-0.06818010576296991,-0.02129522894755312,0.07454707888804757,-0.09250106168408287,-0.030105177289281988,0.07151748071176593,-0.09760792774403368,4.384420592078429e-18,0.023124630254836687,-0.12255512702471087,-0.0003602292679126586,0.030922279071248775,-0.14147117479519147,-0.004392716156363398,0.037068570798245715,-0.160578035010382,-0.03217494892630831,0.03746841574973472,-0.09683938048207129,1.6531542143209762e-18,1.2540540728515367e-19,-0.13447918271881554,-0.0007628447838212421,-0.0024070161902321374,-0.15745094559874795,-0.01734593644461475,-0.0013142521696854032,-0.17361975840174246,-0.03534574451399863,0.0019966603001990027,-0.0915927309027451,-0.008759003606395206,-0.0193380502305831,-0.1250820970488507,-0.014767840820332943,-0.022700289840024014,-0.14453413906575904,-0.030289309701995712,-0.022483104329206575,-0.16064321957661526,-0.04849195450734838,-0.019432183604900816,-0.07477475155008774,-0.01723397089874637,-0.035677943252779,-0.09544899147731889,-0.021694781601177385,-0.04445823047514675,-0.11483139806038396,-0.030756797564827028,-0.05100326686299651,-0.12898790026150708,-0.04256639469997142,-0.05306445378950602
0.0,0.0,0.0,-0.02296632093545709,-0.008631264925030658,0.02532421627746474,-0.04475872593513778,-0.011549465392576005,0.05329871807353082,-0.06785899155125447,-0.02151875090675924,0.07384494535369579,-0.09091571426868388,-0.03142206560834711,0.0676439749538052,-0.0964746443976839,1.79974277142378e-17,0.023042494911245517,-0.12119246002076701,4.4661517656113705e-05,0.030747668836080825,-0.1401229822021868,-0.004992778211161908,0.036884345582403937,-0.1577574712470687,-0.033221077788435735,0.037053654176230987,-0.09606395774460001,2.0149359060653963e-17,-2.9414975566664694e-19,-0.13358837480765293,0.00012599883917792284,-0.0027180739252807796,-0.1559957220033179,-0.016824756651475946,-0.0015963103637014688,-0.1699665157818804,-0.036338291796632276,0.0012472059472371057,-0.09090198314341126,-0.008460902027617023,-0.019185695146987373,-0.12453342501692816,-0.014383987744748075,-0.022385757540255482,-0.14270425581030613,-0.030111220114422497,-0.02171982332305069,-0.15649219213664503,-0.049621378539556685,-0.018557353636312102,-0.07398321040492112,-0.0167615204440607,-0.03591372325265109,-0.09483656414828233,-0.02109998957041715,-0.04417176718006798,-0.11385389919593765,-0.030437332392024972,-0.05037453865730128,-0.1267632348652949,-0.042815642360061426,-0.05200271553135838
0.0,0.0,0.0,-0.022257256565549614,-0.008573447845226172,0.024573259866349857,-0.044367845186876954,-0.011107352515965847,0.05254034964488372,-0.06787924496801985,-0.02180985335037929,0.07270235107642381,-0.08980037115193643,-0.032718792873692955,0.06371954132598115,-0.095326199549971,1.1918742035718669e-17,0.022825537540078614,-0.11979036637295072,0.00042469078102504886,0.030530835056823413,-0.1388016078035476,-0.005513342348929311,0.036528494068249116,-0.15473305272416882,-0.03408408623708133,0.03645035430238763,-0.09526491717881506,1.5205679134963582e-17,-2.1695256728750683e-20,-0.13265071563661723,0.0011718956737711364,-0.003202987789277695,-0.154586185789258,-0.016074884764713786,-0.0020963302318802303,-0.16644971005538514,-0.037095997382587384,0.00040063796280721706,-0.0902018833811207,-0.008277123662800041,-0.018907994473131105,-0.12401719823929791,-0.013810733072445928,-0.022277788017594575,-0.14090370822864381,-0.02979764643305205,-0.021116675827274414,-0.1522614287040396,-0.05070821805046156,-0.017708981037798846,-0.0732415062945173,-0.016520283603036826,-0.036009611126977425,-0.09419827587628556,-0.020498642959539123,-0.043955794286427916,-0.11288997542903705,-0.030168158961777835,-0.04998537186647548,-0.12431809967458321,-0.043075288089134516,-0.05096889677201002
0.0,0.0,0.0,-0.021807571415445672,-0.008507104189922305,0.023904479315513972,-0.044294880263083015,-0.010769297077685147,0.05172004124166127,-0.0684315633493535,-0.022264514783205385,0.07110968695790408,-0.08938812643721025,-0.03418158104956262,0.059560769255511306,-0.09438245701373424,-9.087346038774734e-18,0.022577035622094954,-0.11856537694577156,0.0006931109064878579,0.030321455453607572,-0.13761071090860746,-0.006039523161466801,0.03602535479538473,-0.15167992955860599,-0.034868316273601305,0.03570071515031433,-0.09457624554172901,-1.0223382395054494e-17,2.9247704015676403e-19,-0.13181172588986242,0.002338097126959588,-0.003914878648128043,-0.15336436667618122,-0.015249532563825396,-0.0027840962307526785,-0.1631951672597185,-0.037843944780974574,-0.0003696043212445081,-0.08960505441041312,-0.008197585182858859,-0.018570973102875806,-0.1236383570775319,-0.013040171220518378,-0.02247329019780205,-0.13921606874914194,-0.029441557826956274,-0.0207052913919184,-0.14798900692535735,-0.05189410498930527,-0.016774940748590757,-0.07262448238219417,-0.016503750068199322,-0.03607145142937356,-0.09361514101770609,-0.01986909074152777,-0.04390747750698498,-0.11205633964462546,-0.029970685272437382,-0.0498478661999534,-0.12171634069462763,-0.0434697240043477,-0.04992391010422313
0.0,0.0,0.0,-0.021599878929724144,-0.008478356662814294,0.02335270815918854,-0.04458970396283983,-0.010579590454191668,0.05088573583033107,-0.06959078571824413,-0.022883022995372156,0.06913852613548441,-0.08958057577169654,-0.035829391453013226,0.05517494184366244,-0.09380084946221066,-1.3773102776880274e-18,0.022406422823057073,-0.11768362808129804,0.0007829439642109124,0.030185694721940236,-0.13660656391653722,-0.006642670581880157,0.03546829919780947,-0.14867924700048266,-0.03558306103785228,0.034926635390017856,-0.09410543793195429,-2.3539601383283e-19,-2.962082746904245e-19,-0.1312344655080629,0.0035173057246021705,-0.00483007046552598,-0.1524190854920778,-0.014477466177400127,-0.0035800401305000214,-0.16020438606048207,-0.03866513584290911,-0.0009478655398815095,-0.08920581995640464,-0.008196370028874777,-0.018234033322742385,-0.12347687086588686,-0.012150525590864276,-0.02297316150089095,-0.13768296788344436,-0.02910295657975578,-0.02046727363337403,-0.14362334635901125,-0.053112909726979914,-0.0157399512011707,-0.0721820274535774,-0.016636423742353797,-0.03618096713037959,-0.09320248386918441,-0.019172060101026504,-0.044057333363589475,-0.11145950554502407,-0.029785343077598152,-0.04991118892254687,-0.11901917135432401,-0.04392859222676716,-0.04886637664682506
0.0,0.0,0.0,-0.021574297626907112,-0.008505765495175309,0.022935626179579244,-0.04520043922871421,-0.010510772799412978,0.05008927728075676,-0.07124518671106848,-0.02353442733489427,0.0669795706077012,-0.09005849923320748,-0.037419831793455274,0.05085159869772143,-0.09364020889442386,-6.251371358421053e-18,0.022390780244648474,-0.11724432772991956,0.0006872144904947067,0.030173340912207157,-0.13580672714624373,-0.007315129168363363,0.034975639213218175,-0.14577262554815984,-0.036174295445583975,0.0342721385057999,-0.09389838717919373,-8.993661597256339e-18,2.2750202156368977e-19,-0.13105494233403897,0.004548710834423587,-0.005836765565850757,-0.15180382282834623,-0.013869933392845842,-0.004355316535934702,-0.157471802132474,-0.03950300439173034,-0.0012571103947605295,-0.08904157822529443,-0.00825735286538961,-0.017934821612128254,-0.12356638232937511,-0.01133008903600974,-0.02366252885566092,-0.13637710294796457,-0.028878818474529583,-0.02034773144970383,-0.13923889505346765,-0.0541711519787325,-0.014670692043342476,-0.07192104777155418,-0.01684153398895358,-0.03635146140255109,-0.093051665101479,-0.018468541165565136,-0.04435901832037299,-0.11116670968455494,-0.029603513992698203,-0.05007762014891269,-0.11638770650082775,-0.044322601181935026,-0.0478319524118368
0.0,0.0,0.0,-0.021686666785410973,-0.00857971349066916,0.02265699920115015,-0.046006755682458135,-0.010505300362536668,0.049382844371889,-0.07315262360099258,-0.024082841715448108,0.0649065445629794,-0.09055379901283588,-0.038651721156243164,0.04705570964982517,-0.09384214074893518,-1.227451339854282e-17,0.022535989675848293,-0.11725225432072983,0.0004971430053826553,0.03028023468561296,-0.13522856827404245,-0.007948436378752687,0.034637369226230084,-0.14306946774730417,-0.03657798311926973,0.0338299622461267,-0.09393147126441123,-1.2795547242374539e-17,-9.57787609434465e-20,-0.13130589190043737,0.0053216316684622875,-0.006794936113960747,-0.15154181348547435,-0.013465795369695104,-0.004990494536428459,-0.15509421551850247,-0.04020503911415628,-0.001279028244403777,-0.08907651684047777,-0.008361028565155066,-0.01769123431510423,-0.12388249750681905,-0.010775911288251153,-0.024376572907289645,-0.13540489081992363,-0.028856768250022223,-0.02028141518488751,-0.13518301697582963,-0.054879110016311544,-0.013671461419646246,-0.0718142448677679,-0.017073064414165777,-0.036545998531406165,-0.09317814454514765,-0.017908540523071476,-0.04472020601529851,-0.11118192714160254,-0.02949451308382373,-0.05024949538905454,-0.11414176722156803,-0.04457634266747922,-0.04687864938248594
0.0,0.0,0.0,-0.021934337827417254,-0.008672886304546152,0.02249968970742138,-0.04690663218042204,-0.010555978718020569,0.048793001841237194,-0.07508972214779791,-0.024539868427977275,0.06318450029256051,-0.09104248532495854,-0.039452358852538304,0.044198947306448126,-0.09427862942381725,-1.2246655845245725e-17,0.02278085944469935,-0.11764809276169255,0.00036989708680350655,0.03045215997704746,-0.1349360962397218,-0.008404188841615428,0.034483512471608274,-0.1408080957269409,-0.03677050542711496,0.033596289508292396,-0.09415131936407066,-1.3417272902776976e-17,3.000765574954149e-19,-0.13188644155099116,0.005860625167349926,-0.0076120720062221895,-0.1516153820821428,-0.013188906131163013,-0.0054490419558008004,-0.15328791572187278,-0.04059214369097563,-0.0010985020648539012,-0.08923569676679156,-0.008460231852237892,-0.017520382666217638,-0.12435473689567932,-0.010551707740888167,-0.02501886520539635,-0.13484938036117813,-0.029018959940253556,-0.020247141565902405,-0.1319916733867527,-0.05516178447248655,-0.012845872472402532,-0.07183529599663194,-0.017296576524191212,-0.03674924104896765,-0.09352167046112277,-0.017577949334977593,-0.04506993671075067,-0.11145179484605199,-0.02948965008599617,-0.050405354075220996,-0.11266407775588681,-0.044672822767654156,-0.04610323345704257
0.0,0.0,0.0,-0.022325173393846584,-0.008744602980491435,0.02243635449512377,-0.04786866073992229,-0.010701324594601332,0.048316235499725205,-0.07695719394451862,-0.025025975163693627,0.06194525383777469,-0.0916507394285329,-0.040002752285944534,0.042376441533943966,-0.09483860582472334,2.911400144940544e-18,0.023057205400489316,-0.11836784207607016,0.0004209733907681598,0.030625040125902805,-0.13500329083918855,-0.00862314468795073,0.03448317503250226,-0.13923576231263338,-0.03677462269256747,0.03350187199698663,-0.09451925157066292,2.5826203581698193e-18,8.815784124219545e-20,-0.13263601234933878,0.006280510261395103,-0.008282273885201825,-0.1519618813521089,-0.012904227455528645,-0.005799290830971123,-0.1522476344439863,-0.04055145816308125,-0.000886775716600584,-0.08945529275818365,-0.008506214029637213,-0.017450193643400218,-0.12491259114903794,-0.01057942788264074,-0.02561880280883659,-0.13472024920954176,-0.029269227800447776,-0.020291860195815328,-0.1300461053329287,-0.05510490623623901,-0.012238744850978773,-0.071975428461934,-0.01749115266093378,-0.03701216476143907,-0.09399694491345364,-0.017424932584446776,-0.04541161066736817,-0.11189608767691406,-0.029526152412693595,-0.05061539287510689,-0.11216805810677229,-0.04462549900551082,-0.045624620561494106
0.0,0.0,0.0,-0.02281529324852899,-0.008747757376061623,0.02245294761070089,-0.04888366003161666,-0.010940283008355556,0.047953539947197,-0.07872441136801862,-0.025600272022060236,0.06114063343427806,-0.09241464464455745,-0.04051064269782691,0.04132746709447949,-0.09544924909850944,3.647499321995778e-18,0.023341073181649054,-0.11931609232916006,0.0006461853122749935,0.03076140582622122,-0.13539843816551408,-0.008644764010425259,0.03457399169023447,-0.13843869253651117,-0.036615937798374826,0.03349949368911336,-0.09499549688491624,1.4296313061101572e-18,1.7243021658901943e-19,-0.133415823496713,0.006652191456147121,-0.008853491541487318,-0.1524698948439063,-0.012534377095573363,-0.006143417776001159,-0.1519686616640053,-0.04010654641858943,-0.000778479646223953,-0.0896941580587349,-0.008494989975885029,-0.0175031368976965,-0.12549732784026285,-0.010749862567443792,-0.026252998578555727,-0.13493445931413814,-0.02954855695834486,-0.02046042418839507,-0.12928456852875309,-0.05489163970394609,-0.011779505195943781,-0.07222123080500922,-0.01766917896792683,-0.03738711002039732,-0.09452206052556991,-0.017354008757660577,-0.0457873888882731,-0.1124165110627722,-0.029532397092163883,-0.050931363957736155,-0.11252944038700578,-0.04447731915503655,-0.04547887139767993
0.0,0.0,0.0,-0.023286199948931396,-0.008649379638403242,0.022553735447632176,-0.04986374205635029,-0.011191287863706097,0.04773295534922053,-0.0802686421943338,-0.026176646119196723,0.0606308892931172,-0.09316366118578766,-0.04101697259800901,0.040681165609094176,-0.09600596123067391,1.1147202111794133e-17,0.023633184228157352,-0.12028353648576928,0.0009442001812800429,0.030850390196898118,-0.13591786068016834,-0.00855146379503862,0.03469065136015555,-0.1382740197730268,-0.03633026573955367,0.03359625528452005,-0.09547456125392607,1.102801789086992e-17,6.689772120494064e-20,-0.13408759693246475,0.006941997102209846,-0.009351502795850265,-0.15295510778866211,-0.01212133476668544,-0.006520227506832263,-0.1521829724155412,-0.03943459161825612,-0.0007726364828609433,-0.08989921891447207,-0.008463774026586459,-0.017661932374667948,-0.1260040004805077,-0.0109920980544585,-0.026918865026220998,-0.13530917607687049,-0.029875975951065798,-0.02071574096286341,-0.1292425611458619,-0.05471462814919804,-0.011324245700986646,-0.07251697115989084,-0.01785127528209047,-0.03782546537467317,-0.09498345794233838,-0.017321657461655447,-0.04618752673222205,-0.1128659338435212,-0.029502305693269407,-0.05128481147379516,-0.11331996409988343,-0.044307235476927484,-0.04555054393628702
0.0,0.0,0.0,-0.023600757824779092,-0.00845539788055851,0.02273685733816784,-0.05063557211557215,-0.011350913124251023,0.047674599922606975,-0.08135444339902458,-0.02661384461306675,0.060300909339484766,-0.0936396400947914,-0.041411842988559745,0.040213434280173516,-0.0963646952555297,-2.877639812852687e-18,0.02391206224236806,-0.12100032186643975,0.0012013462993877518,0.030881987679181624,-0.13630009818392122,-0.008427421809850582,0.034780299953931115,-0.1384632872531602,-0.036015487969980345,0.03379799944367427,-0.09580253319655371,-2.0977909651620623e-19,-1.0692674965768446e-19,-0.13450782881578238,0.007087591673503443,-0.009746377883933488,-0.15320985381919233,-0.011766740120564464,-0.006894729050842462,-0.15250657475597681,-0.0387789501451545,-0.0007881750098003066,-0.09000578324093593,-0.008441329644118152,-0.01786902441586188,-0.12628823932574,-0.011261284107668124,-0.02752178703877801,-0.13561605090904713,-0.030278041994547224,-0.02096985002997424,-0.12937510434557156,-0.054713691930091304,-0.010794016124343988,-0.07277283097039632,-0.018015733873561857,-0.038202023835523014,-0.09524549865550708,-0.0173222922158453,-0.046541979118559826,-0.11308124475898593,-0.02946137764075727,-0.05155174175075718,-0.11403943155212089,-0.04419361985599366,-0.04566498480882269
0.0,0.0,0.0,-0.02368218744561828,-0.008202883079670209,0.022968804985714977,-0.0510511408943114,-0.01136619130212245,0.04774581491438209,-0.08180442389356742,-0.026833870663747213,0.06011633452718673,-0.09372259236141502,-0.041580077192747006,0.03989497566363046,-0.09644562010033042,3.1235309324784976e-18,0.024127370941890623,-0.12130895783894773,0.0013564417615612833,0.030834489251548865,-0.13641671100926656,-0.008335233190230919,0.03481295080015758,-0.1388123341085559,-0.035802422558862325,0.03405873844717783,-0.0958894571435247,9.221246628448373e-19,2.8526994522916167e-19,-0.13460440746719188,0.007086471757092545,-0.009986257348705096,-0.1531352046226584,-0.011525224042225179,-0.0072233052074556405,-0.1527081754498781,-0.038300973273085515,-0.0007880854150499697,-0.08999222719219623,-0.008419193089888045,-0.018067911170281725,-0.12626955197377848,-0.011508589662027582,-0.027960930597874932,-0.1357016197597217,-0.030713373599117813,-0.021171410028225476,-0.12938011469508862,-0.05492120047105549,-0.010250534950799845,-0.07292330077146947,-0.018093580490110464,-0.03842816902176449,-0.09523917344334852,-0.017332732741709933,-0.04679255226173624,-0.11298408054442674,-0.029399733143763093,-0.051673739658057695,-0.11436561924643573,-0.044147459768578215,-0.0457232731036244
0.0,0.0,0.0,-0.023536668125163508,-0.007930247992297638,0.02318686454881044,-0.051057915222655396,-0.011238277024496621,0.04787567576957347,-0.08159895432973403,-0.02681824903923033,0.06012925174605228,-0.09350827815750096,-0.041487320541888695,0.03981054713757065,-0.09627762685951803,-2.4655150329291135e-18,0.0242158351269454,-0.12121790911453725,0.001401287114008562,0.030692942171320743,-0.1363150572058704,-0.00829965627063608,0.034784655476772335,-0.1393448339092476,-0.035774442420041526,0.034299219843320544,-0.09575735517431395,-2.8738889172882975e-18,9.523208789522888e-20,-0.13439830166769204,0.006980597822362505,-0.010030062240170877,-0.15279491153610425,-0.01138624533121535,-0.007479432551058164,-0.1528395520146264,-0.038032763490100895,-0.0008149728757868503,-0.08989544662335516,-0.008377893897883288,-0.018221583934634203,-0.1259788979425605,-0.01167760702996763,-0.02816326030326838,-0.13555952707327606,-0.031078788872041907,-0.021317911964669634,-0.12930152219503013,-0.05526818206517772,-0.009841749470504235,-0.07295702964924532,-0.0180209855448373,-0.03847779164297735,-0.09500135901276784,-0.017313915492607253,-0.04691220199796251,-0.1126099550645815,-0.02928196253197454,-0.05165457930128996,-0.11423027830693466,-0.04410747456670314,-0.04571744110572722
0.0,0.0,0.0,-0.02323596412257929,-0.007678451436495056,0.023326348211867427,-0.05068289264938151,-0.011005870329128975,0.04801041401811422,-0.08082574727991984,-0.026583693398914258,0.060441027464484716,-0.09320783253934153,-0.04118796315141832,0.04009597008043467,-0.09594830159627163,3.313110638761382e-19,0.02411648102011705,-0.12083116007125792,0.0013554598643581185,0.03047152644790834,-0.13614024061674865,-0.00830345623393077,0.034715896760157704,-0.1402441463939777,-0.03594108647771648,0.034454428483176,-0.09549312641376126,-1.852829696787358e-18,4.843500110887369e-19,-0.13395529862079586,0.006803991364694765,-0.009837973763857205,-0.15235842235544844,-0.011320105355019046,-0.007620768244539723,-0.1531681650696466,-0.037929904509644514,-0.0009400765171755488,-0.08977539267048691,-0.008314365561992174,-0.0182977677886601,-0.12551130058750878,-0.011729528474141274,-0.028058612712502637,-0.13531437460852724,-0.031273176514638214,-0.02141541678606003,-0.1294679374964134,-0.05565666293243197,-0.009729004715978255,-0.07289981795518738,-0.0177873391564368,-0.03833580851834561,-0.09462187935210037,-0.017259176708832195,-0.04686394345085916,-0.11205801785714763,-0.029107137539651235,-0.05149819622054551,-0.11379237144913741,-0.04401733000830966,-0.045689107972023156
0.0,0.0,0.0,-0.02290077695920477,-0.007510194357754998,0.023355993261570784,-0.05001495494634691,-0.010750820585293475,0.04815490274506597,-0.07963122368996886,-0.026212428859809758,0.06113815096197237,-0.09302004611898324,-0.040811540705725145,0.04090586547037552,-0.09556929210834053,2.000625795534337e-17,0.023801050039992548,-0.12030672551234313,0.001258115815220962,0.030214093831345136,-0.1360741458637648,-0.008275643634999157,0.0346454595859805,-0.1417200048511729,-0.03622085920887288,0.03450282282285322,-0.09520186412841394,1.9579070634669114e-17,-1.5281391409468231e-19,-0.13336080235853034,0.0065750028651289155,-0.009370900367437622,-0.1520315059826865,-0.011291086717370885,-0.0075800654840202835,-0.1540493830237944,-0.037884020953397726,-0.0012106862043850843,-0.08968609651149989,-0.008237622061513105,-0.018267588585931797,-0.12496730319676837,-0.011676985570238744,-0.027593557006265947,-0.13517308233216316,-0.03124725848027158,-0.02147390542451919,-0.13039145725681506,-0.05599056391461548,-0.010065463607960966,-0.07278986648766805,-0.017446604372818645,-0.0379801214389354,-0.094177975578634,-0.01722425054454058,-0.04658922476739013,-0.11145316399025292,-0.02893313539211925,-0.05121167505901472,-0.11342223026273737,-0.04389899633574442,-0.04573097364215972
0.0,0.0,0.0,-0.022663630906989404,-0.007489839699438044,0.023302885111201346,-0.049176612106891636,-0.01058532981605928,0.04837696462699411,-0.07818036420158982,-0.025828461388746067,0.062251153142049,-0.09304803207148152,-0.040486224042177055,0.04242022010191878,-0.09526213724525033,-1.3256494338044572e-17,0.023301153395760468,-0.1198292412659147,0.0011580456596330686,0.02998642371436563,-0.13628554539331258,-0.008083715603791774,0.0346248327770821,-0.14391597145948132,-0.036406117863925454,0.03449378140892402,-0.09498626862663163,-1.7020915934534295e-17,-3.995560534870351e-19,-0.1327201544057748,0.0062875300620277635,-0.00862075667636652,-0.1520061779426643,-0.01125648691902731,-0.0072963994945645745,-0.1558165406249009,-0.037681275318366084,-0.0016145593427754283,-0.08966529740192848,-0.008168835549141636,-0.018122516341397717,-0.12442587387660975,-0.011605779618631396,-0.02677705773458883,-0.1353679921600584,-0.03100850556199571,-0.021527912303149602,-0.1326335057804511,-0.05611709290099026,-0.010984012918149775,-0.07266636740763074,-0.01710616341528251,-0.03739902325160314,-0.09371758595031285,-0.017330327081252025,-0.046046632147361134,-0.11093483698466053,-0.028870667896563406,-0.05084151022267373,-0.1136308614995148,-0.04384888035963773,-0.045993609111700896
0.0,0.0,0.0,-0.022610608526276322,-0.007616970631088067,0.023256108487443417,-0.0482832325415569,-0.010602183786426106,0.04877002562376517,-0.07659786121275597,-0.025500108941499063,0.06375985813284794,-0.09329733447207607,-0.04020657866098006,0.04488747982233753,-0.09513684877451507,1.1984187130785545e-17,0.022708998866220173,-0.11956104989706962,0.0010830773694959282,0.02986826442215401,-0.13686146047310732,-0.007577960977938412,0.03472033596593468,-0.14685327252045724,-0.036203939942010675,0.034582397332353076,-0.09493660507548507,1.1789916990521188e-17,-5.305229734072907e-19,-0.13217653348335162,0.005874130559206888,-0.007636701318647757,-0.1524202522877555,-0.011193538856601123,-0.006745299159617127,-0.15866032769183724,-0.03703123502413377,-0.002039982104456633,-0.08974239506806465,-0.008155336114168002,-0.01788332454943719,-0.12396062923488321,-0.011671497039907936,-0.02570264865957357,-0.13608482450160442,-0.0306193699916662,-0.021631653815173842,-0.13654950256449086,-0.05577867123897641,-0.01253090226913869,-0.07258948375107455,-0.016896540767496047,-0.036599572936357204,-0.09331058162887616,-0.017739465925788067,-0.04526566178402431,-0.11064799819516398,-0.02906678051546083,-0.050471970542762146,-0.11485848590306111,-0.04395441082271295,-0.04662555032427292
0.0,0.0,0.0,-0.022764520525396632,-0.007785088288993987,0.023337331610547175,-0.047462249163098144,-0.010824940955839829,0.04938100546423417,-0.07499454609143125,-0.025197010581585678,0.06558788406045489,-0.09375702362926973,-0.03978722258275962,0.048575961603975336,-0.09527485952797365,5.992974647065154e-18,0.022154382016646747,-0.11961947567018869,0.0010219187954844068,0.02993009822842851,-0.13777908207220252,-0.006659481770401551,0.0349951535006993,-0.15040811688887845,-0.035330713021786475,0.034996698746714947,-0.09511603000633177,8.300095119160827e-18,3.229324066354574e-19,-0.13191880657283594,0.005237861598200621,-0.006532908163063355,-0.15333844357390988,-0.011088821436874747,-0.005971686125485262,-0.16253642526025647,-0.0356754104185278,-0.0023039065225054136,-0.08995553014088634,-0.008256987957046972,-0.01759301484580872,-0.1236725109858851,-0.01200770122538365,-0.024548822430635782,-0.13740845224021292,-0.030161024690546642,-0.021843982283567636,-0.14202218901521518,-0.054677978684035504,-0.014596557150935182,-0.07266950435057865,-0.016916974548903806,-0.03560851174326944,-0.09309999767022022,-0.01854780783297849,-0.044375208910418476,-0.11072368139864004,-0.0296247416100931,-0.050202779227343564,-0.1172111767636582,-0.04420690002031834,-0.04768411520528756
0.0,0.0,0.0,-0.02313076911365274,-0.007834878686938438,0.023620706195172946,-0.04689013465800385,-0.011219983143348697,0.05013570331498488,-0.0735544071998776,-0.024892235023737972,0.06755661450577123,-0.09447361954720236,-0.039006196349101664,0.05360627293403921,-0.09571678885576872,1.1308985245007518e-17,0.02174527000703109,-0.12009073164041621,0.0009642161766711451,0.030193034801201796,-0.13898208331968476,-0.00528402511674668,0.035457201027250904,-0.154407528034096,-0.03353689127995871,0.03588452413806675,-0.09554532887554583,7.349204880041136e-18,1.865272766927139e-20,-0.13211917603138842,0.0043932001490735,-0.005452079290127325,-0.15476772781630074,-0.010834800634459464,-0.005125066679309399,-0.16724970857120272,-0.03340523112113841,-0.0023355154503423626,-0.09036116177867959,-0.008488211598681671,-0.017302851679020622,-0.12367583386260644,-0.012549204165467228,-0.023552157816916337,-0.13934032400553514,-0.029590418418325572,-0.022258757417669268,-0.14855743887820627,-0.05257868697473847,-0.01701557955227868,-0.07305460466783509,-0.017173114833820103,-0.03448753574528776,-0.09325481451395737,-0.019642480592284916,-0.04357340454291124,-0.11125360224402031,-0.030467157592933013,-0.05016919109118426,-0.12042156510285186,-0.04447779578747491,-0.04916407454186912
0.0,0.0,0.0,-0.02370512915601678,-0.007655521875858119,0.024046284997384735,-0.046725446920669565,-0.011740562770587848,0.050824219487706504,-0.07248875555345446,-0.024654024249233943,0.06939967254645536,-0.09547185711222932,-0.03777608588083962,0.0598460486062994,-0.09642715177426842,1.1720413870949698e-17,0.02149477330279231,-0.12099775072029106,0.0009688401512319649,0.03059912713382059,-0.1404283003675938,-0.0034263882130194127,0.03603266778504925,-0.1586817579477451,-0.030595626715954283,0.03717591406005214,-0.09618776496943524,1.1250723868989018e-17,4.478031420888498e-20,-0.1328347358553194,0.0035263658059626487,-0.004486537941641732,-0.15664666184538703,-0.01020194677871492,-0.004425258655893646,-0.17254080063676705,-0.03003793422366982,-0.0023080588856178017,-0.09100376841238499,-0.008793716420541277,-0.017050568356759395,-0.12402520055029158,-0.013031172705843981,-0.022917792660698818,-0.14179918397006822,-0.028681265045603564,-0.023011289826032344,-0.15557642965784638,-0.04933906302617598,-0.019723156015891974,-0.07384997914074519,-0.017579920465414407,-0.03333494164673757,-0.0938598019977296,-0.020741929302835138,-0.04302937681110656,-0.11225549702192585,-0.03132438815883653,-0.05053818500612365,-0.12406052717157885,-0.044528413278679416,-0.05108223314170085
0.0,0.0,0.0,-0.024400714543217454,-0.007244568939220261,0.02443153362230193,-0.04697953178204337,-0.012289641561965983,0.05119224571749361,-0.07188307839665324,-0.02450654087605496,0.07087632618111159,-0.09654148540478918,-0.0361095540206528,0.06690103528830564,-0.0972524242618085,-2.029850693977503e-18,0.02131802627219303,-0.12220137979782283,0.001170806734759962,0.031018639861657486,-0.1419758431550471,-0.0011109034244222648,0.03659953061875073,-0.1628707279696568,-0.026414646152268035,0.03861762132334081,-0.09691973249179663,-7.506723794544065e-18,1.9457394707603965e-19,-0.133948614919195,0.0028741380579228094,-0.0036439168974583412,-0.15875412084427834,-0.009031105041951785,-0.004051685664453634,-0.1779158640050499,-0.025618605856798288,-0.002487668214323994,-0.09183540986536372,-0.009103947107313033,-0.01684721723209461,-0.12463836966338819,-0.01324305017644701,-0.022719260938427254,-0.1445142264771541,-0.027251673865700606,-0.024171152627840895,-0.1623740303102982,-0.045034993427808576,-0.02265675966543009,-0.07499630617246586,-0.018042594339754924,-0.032260060136148246,-0.09483502923213218,-0.021613196572613836,-0.04278081460655107,-0.1136051857937679,-0.031910561953216156,-0.05138599465879834,-0.12764873169081667,-0.044082704280950125,-0.05339472989973561
0.0,0.0,0.0,-0.025053793350632902,-0.006714745181608489,0.02461043433316814,-0.04748609951658329,-0.012693994384337349,0.0511100597320571,-0.07165363149660739,-0.02428404166200862,0.0718806151277752,-0.09723038336485958,-0.03401587469565247,0.07411608049815382,-0.09798101582461442,1.546768873312467e-17,0.021124085040324404,-0.12340713547656304,0.001674311933044567,0.03130530931847394,-0.14333301540056295,0.001495053675395116,0.0370386315189718,-0.16635991741303222,-0.02127272545244919,0.03990883758289295,-0.09756072858923182,2.3440534181876362e-17,-6.007169460411608e-19,-0.13519985931772788,0.002581119326829174,-0.0028956897748941743,-0.16070542319900066,-0.007442441643614574,-0.004062973207763988,-0.18260833894221337,-0.02067539288904364,-0.0030025989760708027,-0.0926939884611855,-0.009380538552560705,-0.01670383612349886,-0.12531056430635,-0.013189998631935556,-0.022904483555166045,-0.14701771375769043,-0.025407537103208797,-0.02565238034182358,-0.16806523470760001,-0.040148830300800534,-0.02559238351832479,-0.07624664056755318,-0.01849665236850929,-0.03137209717840605,-0.09594530547053852,-0.022174497744897877,-0.04274954659185785,-0.11501213584678327,-0.032070349947643684,-0.05260191229481235,-0.13065779872404096,-0.043009940491202506,-0.05588252850042094
0.0,0.0,0.0,-0.025545373683012677,-0.006240958011794619,0.02456901825643803,-0.04799704850584613,-0.012823222926887015,0.05067840132368879,-0.07161390128090184,-0.02378474236810294,0.07247346523335672,-0.0971491000673323,-0.03157360987386874,0.08068335314604341,-0.09848169704777555,-1.0770285810263353e-17,0.0209037293464971,-0.12433939787290968,0.002414223110066977,0.03137945692551975,-0.14423153541604578,0.0040460440586119785,0.037289120163870544,-0.16862822095338045,-0.015912747737328096,0.04083250085544352,-0.09798387361658993,-2.479099779305593e-18,-4.517744689878524e-19,-0.13631026814139457,0.0026407147917840235,-0.0022411307147135397,-0.16215660433843762,-0.005805020894601034,-0.004392046089709193,-0.18598301665015934,-0.01607426536960917,-0.0037791849645003833,-0.09339997794687079,-0.009607998397328545,-0.016657069573259735,-0.12583651720312125,-0.013007450286348456,-0.023376863500263172,-0.1488842983651378,-0.02349258617453283,-0.02725820849438542,-0.1719840111244626,-0.035466459210129316,-0.028228623873040863,-0.07730724186928395,-0.01888293767468109,-0.03076970504947611,-0.09691494377489526,-0.02243762776713296,-0.04285946906740145,-0.11614465549974573,-0.03180080515754733,-0.05396377472522771,-0.13269055695615153,-0.0414652728403693,-0.05824416734890916
0.0,0.0,0.0,-0.025856018012616052,-0.005953502342515219,0.024427722514243702,-0.04831264485298841,-0.012694141127046971,0.05014159569763817,-0.07156081737999062,-0.022997952594834503,0.07281560999094391,-0.09623867472764855,-0.0290377783842585,0.08592389886783744,-0.09875822696415723,-4.4342305136916986e-17,0.020719903883012005,-0.12489615771951904,0.0031700472769347755,0.03127587037416365,-0.14460150168683414,0.006144888887448247,0.03739564395385792,-0.16959753427228988,-0.01126138093240703,0.04136060771211536,-0.09818140089509332,-3.9731338823172685e-17,1.0420190199527847e-18,-0.13712113442969368,0.002917430692391074,-0.00171245445375578,-0.16300098611758246,-0.004504667804322287,-0.004881002296469087,-0.18790989676196493,-0.012557926019468457,-0.0046064645401471755,-0.09386162041224222,-0.00978048403245201,-0.01673812415833333,-0.12612572170691141,-0.012824577432479351,-0.024021731221030282,-0.14997905168190212,-0.02187220574064318,-0.028765297703289037,-0.1740782333755983,-0.031705837098700854,-0.030334288215660105,-0.07800083741923744,-0.019149931365394404,-0.030501030323042536,-0.09756985693167264,-0.02246149282549818,-0.043088944869315714,-0.11682335296168726,-0.031224489840150194,-0.05526135737449093,-0.13371403402860924,-0.03980641234869871,-0.06024650666637531
0.0,0.0,0.0,-0.026024001240909925,-0.00587673648395311,0.024319700531497936,-0.04836946443573515,-0.012419714236458984,0.04970934373151874,-0.0713755670204792,-0.022090401638262935,0.07305741221957758,-0.09476634759343887,-0.02673216278399294,0.0895611933172086,-0.0988970774047202,4.9656756112387986e-18,0.020635373785767,-0.12515063381800054,0.0037345592584867586,0.031104585523591473,-0.1445678760266205,0.00755054460103744,0.03747112020786283,-0.16960707780742615,-0.007959970027555649,0.04163670814110562,-0.09823019622392479,7.639519164804985e-18,9.975094896693521e-19,-0.13762971380713074,0.003236494240172025,-0.0013316291215989772,-0.1633582032820709,-0.0037448564001024342,-0.005355278240073928,-0.18870303605013417,-0.010431533114871525,-0.005267839440014884,-0.0940923510667251,-0.009899475013445881,-0.016931651331088853,-0.12621611382886092,-0.012709482623210932,-0.024706796157316167,-0.15046007823589233,-0.020774337587633914,-0.029994051668315102,-0.17480564558407,-0.02922796032107659,-0.03180172383115392,-0.078315119678022,-0.019281861504949722,-0.0305308682148045,-0.09789440699678026,-0.022335135708651588,-0.04342156709458412,-0.11708733710294064,-0.030518156445828965,-0.05634785151260398,-0.1340222073237954,-0.03835753082367543,-0.06176393862705446
0.0,0.0,0.0,-0.026100969450249496,-0.00595431035945675,0.024311321579844745,-0.04822682890854707,-0.012101147475850359,0.049470444405277904,-0.07105913944987745,-0.02122894821635461,0.07328478942231922,-0.09311990934884724,-0.024834627893317796,0.09175682361044454,-0.09898073791505238,-1.012528604687499e-17,0.020662669759151285,-0.125231843942913,0.004034403774629011,0.030964884291000784,-0.1443210638695434,0.00826881215517378,0.0375968887708534,-0.16911683740176037,-0.006122922645009319,0.04183169772217515,-0.0982137589178757,-1.1645250749934128e-17,1.0171988210853985e-18,-0.13791089888009675,0.0034737001884513536,-0.0010847910373434136,-0.1634169141780399,-0.0035134335758981927,-0.005701758988760254,-0.1888051524827577,-0.009565687255023048,-0.0056601107455041206,-0.09415565952615929,-0.009973079369848752,-0.017177536466458244,-0.12619269723018034,-0.012677300816630691,-0.025318248585123698,-0.1505750574272816,-0.0202356730876486,-0.030865229172900945,-0.17473392135510277,-0.027984859988853233,-0.03267548750794396,-0.07833944078608358,-0.019298492224795665,-0.030749817851232136,-0.09797067916792092,-0.02214701828353798,-0.04379978777391046,-0.11708550894971412,-0.029828592861407693,-0.05714851411189156,-0.13397433933000324,-0.03726421258954636,-0.0627647757710895
0.0,0.0,0.0,-0.02612185744798782,-0.006096803602666739,0.02439567820965199,-0.047981965115031715,-0.011789401654195543,0.04940979602913435,-0.0706756741602909,-0.020488296241390067,0.07352338766412117,-0.09161398006577583,-0.023345184413196007,0.09290973095591347,-0.09903399753243641,5.831911916807719e-18,0.020764735094279757,-0.12521881759635026,0.0041107407620542885,0.03090298977302045,-0.14400351730175304,0.008467496778758724,0.03778722847355859,-0.16846617922011944,-0.005474406279832744,0.042049622743950285,-0.09817159723370633,1.0562309703784156e-18,-1.3672995183816985e-18,-0.138031090059937,0.0035831337972576107,-0.000932647324760028,-0.16331347580482686,-0.003662758406556196,-0.0058797908949701026,-0.18856711200281112,-0.009594636297291638,-0.00579335912556605,-0.09411140668890716,-0.010017192713779327,-0.017397944281887463,-0.12611155187304474,-0.012717819205952215,-0.025785542603769827,-0.1504992348523122,-0.02014960104920796,-0.03139626578041348,-0.17428319407215653,-0.02768001996278948,-0.03312377329246027,-0.07818184411075123,-0.019239782615509744,-0.031021150187678672,-0.09789011394576129,-0.02196609324806306,-0.044134862064856,-0.11694943544698419,-0.029249843993349695,-0.057652299259467625,-0.13380324014623574,-0.036525686051746886,-0.0632898277780612
0.0,0.0,0.0,-0.026098898213894942,-0.00622235143637721,0.02452394299711467,-0.047711813134472106,-0.011520838770563547,0.04945591060086106,-0.0702975161590464,-0.0199087524079077,0.07375397739554874,-0.09043394102635671,-0.02224868248078841,0.09342229583612609,-0.09905134111858366,-1.571175503136777e-18,0.02088747911768519,-0.1251474673871097,0.0040375703238583254,0.030924307102266284,-0.14368928089751717,0.008335577927101958,0.038029492798442734,-0.16783733737397177,-0.0056340946798240175,0.04233804652671786,-0.09811137826780494,6.701909846609648e-18,-1.7796041504117364e-20,-0.1380407676068946,0.0035796501773652577,-0.0008275141294038856,-0.16313314949205354,-0.004006284295902703,-0.005890135303115219,-0.18821859869379207,-0.010122560276925067,-0.005722918578828385,-0.09400788656122322,-0.010051698811032374,-0.01753088029824685,-0.12600153552217191,-0.012814112426555335,-0.02608140428427629,-0.1503366368501473,-0.020362111063041862,-0.031656921094224307,-0.17371523675116862,-0.02797388051250384,-0.03334103677344853,-0.07793624238326505,-0.01915144897872847,-0.031239614861032886,-0.09772490093519652,-0.021834775472391554,-0.04435616755111132,-0.1167617657081491,-0.028828876824207997,-0.057893493461123276,-0.13361321016711578,-0.036074529257672114,-0.0634317570910535
0.0,0.0,0.0,-0.026042367612019265,-0.006286159536424789,0.024643802454112917,-0.047464479874100136,-0.011337201911265471,0.04952874912573237,-0.06997973658616721,-0.01954103953719891,0.07393611193889736,-0.08964754861057639,-0.021590428935905282,0.09358712588298192,-0.09904259660371939,1.4776000848052703e-17,0.020990939987301806,-0.12505391632624002,0.0038750338528803717,0.031011311275642522,-0.14340903439766528,0.008020773273655909,0.03830998168897222,-0.1673094809803409,-0.00626312934967783,0.04270531979753171,-0.09803974047531017,9.562716660422789e-18,-3.5507901085541476e-19,-0.13799027032228572,0.003508560396376248,-0.0007281324389958622,-0.16294290811120565,-0.00438651712851263,-0.005763456552031542,-0.18789987696327246,-0.010827665976547711,-0.005519064947403195,-0.09388794697792026,-0.010089672560690413,-0.017556252169433004,-0.1258872934286515,-0.012945915287381683,-0.026218636421825627,-0.15016435926409935,-0.020729005657388225,-0.03173573842847279,-0.1731919284820683,-0.02857386317829443,-0.03347143291538405,-0.0776798838417225,-0.0190681950712677,-0.031361969973720163,-0.09753510169331482,-0.021764068631929444,-0.04444635502299647,-0.1165744421713675,-0.028564387886798236,-0.05793530776834321,-0.1334508595226353,-0.03582344887155443,-0.06331880230025642
0.0,0.0,0.0,-0.02597075987207051,-0.006283331648756253,0.024720663220518656,-0.04726843266945211,-0.011256407313637983,0.049573898862372553,-0.06974770531189985,-0.0193950996611339,0.07403711080497449,-0.08922263931724246,-0.021364458071524477,0.09358694507272974,-0.09902747529202163,-3.2474216835087674e-17,0.021055522223921985,-0.1249704091442901,0.003675402525734956,0.031129939396682047,-0.14317317815514832,0.007647308207683714,0.03860106379803529,-0.16690498493255454,-0.007054045659856481,0.04311294700075275,-0.09796958777924378,-2.7504195707547933e-17,2.0332005931769836e-21,-0.13791966935585104,0.003414821957594948,-0.000617762269364566,-0.1627886977739885,-0.004706611182931082,-0.0055629361438767795,-0.18768056144580328,-0.011489157528867264,-0.005267496154730746,-0.09378303393549746,-0.010131639329693715,-0.017496106571335997,-0.12578845797725152,-0.013090455501510114,-0.026241052729833597,-0.1500296765193513,-0.021130654396094493,-0.031722573860416,-0.17280060326163874,-0.02924577440085646,-0.03359503313487468,-0.07746872437194169,-0.019008803579195772,-0.031394965005080155,-0.09736861075996876,-0.021744027404482853,-0.0444322335646073,-0.11641959832444568,-0.028424562042772182,-0.057857427565576956,-0.13334088297152394,-0.03569482002544256,-0.06309061669309693
0.0,0.0,0.0,-0.025903673420572426,-0.00623318202328005,0.024744090560631343,-0.04714243219355246,-0.011257064372767751,0.04957047155836547,-0.0696094187535539,-0.019413645936140155,0.07404760087180486,-0.08907089440901661,-0.021442715258236298,0.09352569749270152,-0.09902298816067479,-6.409177412679303e-19,0.021073309516880526,-0.12491662801015699,0.003486296948800802,0.031235142614569843,-0.1429907350322237,0.007317526277324705,0.038855090330079486,-0.16661940689871188,-0.007736972481438951,0.0434893104896104,-0.0979194511126407,-2.7780660755996686e-18,-3.1876854934883497e-19,-0.1378608154669516,0.0033320341071741352,-0.0005084838080190681,-0.16269821091909864,-0.004919736681411269,-0.005373654750346435,-0.18757904822397806,-0.011971761971828771,-0.005058482317164515,-0.09371272547524137,-0.01016862195936282,-0.017394199866440054,-0.12572117752667752,-0.013224130464870754,-0.026211700160700412,-0.14994387066255155,-0.02147778193940113,-0.03170176927142645,-0.17256729365778337,-0.029817130917866513,-0.03375430310926552,-0.07733504710343628,-0.01898086655662368,-0.03136589084020327,-0.09725852301624509,-0.02175827084893393,-0.044363076169890873,-0.11631144794039688,-0.028370546834924508,-0.0577443967862812,-0.1332884555681396,-0.03563410677020867,-0.06287764770048986
0.0,0.0,0.0,-0.025856104097962247,-0.006157761194051278,0.02472337461461935,-0.047097026326253094,-0.011300253091371434,0.04951992877537954,-0.06957130771337378,-0.01952220551323575,0.07398221103028181,-0.08910265595462367,-0.021653761998443478,0.09345258804696119,-0.09904153757468599,-1.6362631472975307e-17,0.021043937395848936,-0.12490265980977149,0.003334599065369861,0.03128777822238069,-0.1428691602443123,0.007083091120707268,0.03902810096025193,-0.16642948840038954,-0.008150217312462082,0.04377789674895044,-0.09790291732669017,-1.3912067163448233e-17,-5.049271145861274e-19,-0.1378396315361814,0.0032810328888021943,-0.0004192022788743474,-0.1626830115037118,-0.005007311245769155,-0.005266402075992899,-0.18757413571778628,-0.012208183172093283,-0.00495704042370401,-0.0936836957753336,-0.010190142018119675,-0.017285805900392665,-0.1256918058581077,-0.013330479840023522,-0.026184934374992055,-0.14989487038918486,-0.021725280680096343,-0.03173145911153909,-0.1724709896265077,-0.03019471711061599,-0.033967848597454484,-0.0772841683841997,-0.018983059228086973,-0.03129331416430612,-0.09721456289709894,-0.021793997056443314,-0.04428665791807704,-0.11624083040431452,-0.02837586147699549,-0.05765943986983426,-0.13327301568866723,-0.035620833247716886,-0.06277180787187145
0.0,0.0,0.0,-0.02583176017601909,-0.006066450376736604,0.024670739527888452,-0.04712239936572336,-0.011352659177893978,0.04943445725786501,-0.0696189781109575,-0.01966685086982807,0.07387011155786813,-0.08924641952970333,-0.021876353839010796,0.09338002467792765,-0.09906488752989519,-1.5191221317632406e-17,0.020975798692630377,-0.12490705629288641,0.003225251672075014,0.03128045803673957,-0.14279426246135885,0.006943944811170073,0.03911022712400327,-0.16629131000350408,-0.008282512765048593,0.04397685424791726,-0.09790301899412572,-1.677964439556367e-17,-1.1394788781738537e-19,-0.13784468842341244,0.003257002349233697,-0.000352222911726562,-0.16271207288294023,-0.004982430535336001,-0.005251540581608303,-0.18760761322006253,-0.012213428899655666,-0.004968296516907486,-0.09367557555165863,-0.010193370939700332,-0.017177095194407997,-0.12567362271120916,-0.01341296736247916,-0.026166147831643078,-0.1498548929629412,-0.0218802594977235,-0.03180382690502349,-0.17245717723189066,-0.03038616416192583,-0.03420432797263973,-0.07728912522299204,-0.01900786585001354,-0.031174859228811323,-0.09721117143957311,-0.021847407726692507,-0.044218326585502676,-0.11617424068134881,-0.02843951291233238,-0.057613233879886795,-0.13325284276069746,-0.03566899751759181,-0.06278209418813045
0.0,0.0,0.0,-0.025817334417366448,-0.005966471549857552,0.02459623930214515,-0.04718167419363206,-0.011394943550232163,0.04933830167580699,-0.06969844223526722,-0.019809046271111998,0.07374421496587683,-0.08944650909265989,-0.02206651867096287,0.09329103129892706,-0.0990336078733632,-2.6291933086612557e-17,0.02088838864092068,-0.12486755380481716,0.003150515342523308,0.031246568346243148,-0.14272706912233435,0.006866162829465291,0.039132037326361675,-0.1661580666877967,-0.008250644101078607,0.04412813693719564,-0.09787335332165564,-1.9534332477261525e-17,8.074905413249844e-19,-0.1378178875156848,0.0032295599004258293,-0.0002980254028172428,-0.1627114567415447,-0.004898096663674291,-0.005274220766443042,-0.18760883622589775,-0.01208619442920112,-0.0050321511495630316,-0.09364583091525577,-0.010186658652297776,-0.017062217018150368,-0.12561572941349877,-0.01348654333177035,-0.02611428463034793,-0.14979348393559147,-0.021971980082117412,-0.03184365782854043,-0.17246435444998418,-0.030469072104371494,-0.0343607711689943,-0.07730632179651245,-0.019046730949266448,-0.031010740739871385,-0.09720562615651303,-0.021916056377070493,-0.04414008965624461,-0.11608114011610757,-0.028567599473665425,-0.05756699988707183,-0.13319474771454023,-0.03579471266484734,-0.06283206806518772
0.0,0.0,0.0,-0.025791802057312435,-0.005885327928112936,0.024527032256791283,-0.047229304003330044,-0.011427982553935772,0.04927472957074279,-0.06974808573203609,-0.019937752667326235,0.07363174829121164,-0.08968959529026924,-0.02226548197560404,0.09312723857128843,-0.09889704973856193,-6.528011074256128e-18,0.0208112672234131,-0.12473107712637481,0.0030827793263328435,0.031237951899798364,-0.14263760592686725,0.006777434250240633,0.03913699092538689,-0.1660151939381146,-0.008261207908363476,0.044266344198058145,-0.09778322014382591,-2.04253886935295e-18,-6.666830456610698e-19,-0.13770850310571725,0.003165217870082592,-0.00026018206711918816,-0.16262660489482814,-0.004835889262179984,-0.005266163994317284,-0.18753818079435833,-0.011970685671229797,-0.005059665563914721,-0.09356918726428431,-0.010183211938324376,-0.016958160423179994,-0.1254956835140057,-0.013546242416643628,-0.025994077084701063,-0.14970409834788515,-0.022007539725393824,-0.0317638181343578,-0.17246404228851028,-0.030518415576520238,-0.03429288825835689,-0.07731332145349457,-0.01909417133276609,-0.030832226261795347,-0.09718207093256467,-0.021987110105973137,-0.04404113535791029,-0.11597228349102923,-0.02873971801666085,-0.057475999851268264,-0.1331060131077476,-0.0359860226821998,-0.06282739509150902
0.0,0.0,0.0,-0.025743373788775004,-0.005861017187714326,0.02451029486814714,-0.04724044203205164,-0.011476106377448171,0.049298317156544355,-0.06974250267632393,-0.02009270611134728,0.0735439611209751,-0.09003991997140821,-0.02258950830237708,0.09277455884739114,-0.09866388819205663,1.5386024290494132e-17,0.020772974745107902,-0.12450109838453854,0.0029748863181927117,0.03129009383950433,-0.14253674515277914,0.0065741376287381005,0.03914176493916379,-0.16589372825138554,-0.008555589524003948,0.04437790717646144,-0.0976506567368744,1.2416462638317299e-17,-2.933895694649114e-19,-0.13751733598338448,0.003032411672246667,-0.0002699774814305697,-0.16246682776805235,-0.0048865755586645215,-0.005192529013568622,-0.18739300548562887,-0.012017046014913959,-0.004975077600600761,-0.09345950172714042,-0.010188242729092137,-0.016900408956656742,-0.12534897745345172,-0.01356220896490527,-0.025801078618757235,-0.14960780641163213,-0.02198420399308059,-0.03150512324699656,-0.17247741148415188,-0.030593093534534602,-0.033882023945588424,-0.07732255749718914,-0.019145746814566853,-0.030686689408747275,-0.0971625737776871,-0.022042377227152427,-0.043945178547658864,-0.11589898807490503,-0.028913960864725703,-0.05733052176234414,-0.13303309227824256,-0.036212212850126435,-0.06272998829715411
0.0,0.0,0.0,-0.025669985925154896,-0.005898777360967818,0.0245767374948051,-0.04721587482155324,-0.011565978733921458,0.04945476616399681,-0.0696798805248753,-0.020326029888681,0.07347646437796111,-0.09060502409125766,-0.023149965111213353,0.09207878729789383,-0.09838054418669862,-8.416588447139502e-18,0.020787860588380405,-0.12420757968745404,0.0027879860525455357,0.03140651485443768,-0.14245170390013132,0.006169528436336561,0.0391269291638449,-0.16583072834893464,-0.009337094015786201,0.04441378369226697,-0.09751050279595236,-1.1946849519929759e-17,-8.037869664830472e-20,-0.13725890408478708,0.0027775583963216936,-0.0003730968101047949,-0.1622515028056911,-0.005143179155331728,-0.005037643612331033,-0.18714598059757004,-0.01237429683389502,-0.004718467468755976,-0.0933312983469932,-0.010192997529574506,-0.01689903236283696,-0.1252258776182636,-0.013525878753048405,-0.02552227514936094,-0.14951169752366356,-0.02196049192697373,-0.031013007369991213,-0.17252695433286575,-0.030803021641082527,-0.033075013397442427,-0.07734057822215189,-0.019193472161594255,-0.03059536686159523,-0.09715652237359791,-0.0220806681025861,-0.043884262900213265,-0.1158977242456246,-0.02908279167995837,-0.05714681119375117,-0.13301833633233695,-0.03647105351787547,-0.06255008705859584
0.0,0.0,0.0,-0.025567556959728146,-0.005959824971600135,0.02472587556882233,-0.04715258009603052,-0.011702652581836743,0.049771157381733856,-0.06953388809614024,-0.02065326679965672,0.07342218893973165,-0.09143495856774506,-0.02399315733317249,0.09088493331758761,-0.0980928818335898,-3.530857728269255e-18,0.020860073437415312,-0.1238687873229265,0.0024930147293764724,0.03157231690590565,-0.14238104942246568,0.005509896788225672,0.03907174720840419,-0.16581877137934636,-0.010771142876180057,0.04433998832280929,-0.09737462103500934,-1.9571161026827084e-18,3.0322311399635327e-19,-0.13692106581890437,0.0023278485622659786,-0.0005956219649388441,-0.16195590601685986,-0.005710016144332114,-0.004761111362812531,-0.18670832023509482,-0.013211895873410874,-0.004213414860936514,-0.09316921664471829,-0.010185261831108548,-0.016929127367374622,-0.12514196723255003,-0.013479770415026484,-0.025116327552430113,-0.1493868785607173,-0.022081909797532016,-0.03021828370083603,-0.1725759225944268,-0.03133976872726141,-0.03186135540011679,-0.07733707717749413,-0.01922633679542543,-0.03055676715378425,-0.09712408698706168,-0.022124908152458288,-0.043874647924481376,-0.11594709479879634,-0.02929950022743824,-0.05692881351166979,-0.1330625340225643,-0.036829247153547226,-0.06228099667695151
0.0,0.0,0.0,-0.025440081976829402,-0.006014419054468133,0.024969722683269264,-0.04702708525565514,-0.011881872408761247,0.05026487591170273,-0.0692553645939919,-0.021073064134804254,0.07339445080927941,-0.09245769488396753,-0.02513060795274968,0.08909459702619692,-0.09787504434515595,3.314176861399324e-17,0.021001507323877722,-0.1235349617573317,0.002047314949231497,0.03176881232239001,-0.14231579418203352,0.004549060902112313,0.038987037699682564,-0.1658238353337199,-0.013010457403667934,0.04415700201064041,-0.09726528630828483,3.0367542177280085e-17,-5.018900676047648e-19,-0.13651596271084193,0.0016505677379099286,-0.0009202071952458091,-0.16157520676785184,-0.006703143401692705,-0.0043015873640506975,-0.18600723579833556,-0.014724158941240883,-0.0033681824948723735,-0.09297615782616872,-0.010162741463925686,-0.016981385201721575,-0.12510407550728272,-0.013489395786117797,-0.024574871151790155,-0.14921583027795104,-0.022521600567392563,-0.02908929497242914,-0.17254659691072896,-0.032423406165728856,-0.030243490108247263,-0.07728393060106366,-0.019233343558768604,-0.030605081520355123,-0.09702520871873989,-0.02220385874138815,-0.04394070782474151,-0.11600125607104644,-0.029631017435446647,-0.0566561828481949,-0.13315023195200026,-0.03741424007115683,-0.061880233258156364
0.0,0.0,0.0,-0.02531828758683895,-0.006087282063466725,0.025346535851347874,-0.04681986316178955,-0.012101497041188946,0.050944459225962586,-0.06882706280595847,-0.021571189757041465,0.07344481115195244,-0.09349970790637001,-0.02652411648980366,0.08673813459249209,-0.0978453179181323,7.588867795224682e-18,0.021228703258010358,-0.1233139425700859,0.0014369945746974177,0.031969716246042564,-0.1422840645638486,0.003288564583713135,0.038903062155777525,-0.1658334024158439,-0.016066411126079115,0.043864317083216656,-0.09724926516275877,6.928055662706523e-18,1.0529574322225182e-19,-0.13612211555100287,0.0008102246066539179,-0.0012926928786416957,-0.16118194150682413,-0.008194607361402088,-0.0036373666467376625,-0.18506559058698013,-0.017061123607387766,-0.002155108401364754,-0.0928131968816456,-0.010129866192647535,-0.01708859102986059,-0.12514378376750293,-0.01360913622137886,-0.02397010755422754,-0.14901511381315438,-0.023406042848759957,-0.02769840805719454,-0.17236124675432263,-0.03422212972580642,-0.02827462586628116,-0.07719150002374976,-0.01920356384306807,-0.03081791157932569,-0.0968722782461814,-0.02233382630599656,-0.04410685074317441,-0.11603800804996214,-0.03011205136751035,-0.05629000068161782,-0.13327870653070523,-0.03835292466743218,-0.06129218407072788
0.0,0.0,0.0,-0.025239977906201624,-0.006236467231947183,0.02584129170212578,-0.04653796431832046,-0.012345945209782825,0.051767694457043406,-0.06830219116444583,-0.022092169969347077,0.07362600707531042,-0.09436648575806773,-0.028037237982267465,0.08398609478095098,-0.09807871958642284,9.778405516947922e-19,0.02152291006316799,-0.12328471061818595,0.0007546955241831164,0.032132601235248005,-0.14231819584921632,0.0018600355379529841,0.03883237269998921,-0.16583863253277442,-0.019624346931534326,0.04342692787458067,-0.09738173882740038,-3.0712666849599934e-18,5.685093742853856e-19,-0.13582019883336938,-2.3810567524658416e-05,-0.001644715421435918,-0.1608488868778601,-0.010089513972661841,-0.0028369623949235875,-0.18396108044610324,-0.020180542283639108,-0.0007107725964934518,-0.09275069080007965,-0.010077338235766894,-0.0172769893116275,-0.12527395622693727,-0.01384566334601489,-0.02340528570430687,-0.14878640478974844,-0.024727780625234154,-0.026228746612808707,-0.17192416082753642,-0.036726863413616403,-0.026134973219596378,-0.07707893863597831,-0.019113746010421588,-0.031228892985195416,-0.09669743268301835,-0.022488732758525917,-0.044328544706016076,-0.11604745093256053,-0.030707607277255983,-0.05578492015625231,-0.13341139671936794,-0.03964685228549807,-0.06047023193124163
0.0,0.0,0.0,-0.025209791133040324,-0.006508887025299611,0.026311228806228004,-0.04621126356413527,-0.012588546526126222,0.05259487082131239,-0.06780410703348455,-0.022574577139769875,0.0739149279226807,-0.09494411248222638,-0.02949305321780416,0.08105665520946509,-0.09850778848492452,-3.474140669339985e-18,0.021798684679556896,-0.12340461286115897,0.00019498038982371837,0.03219957813877106,-0.14238828385101487,0.0005148365541205953,0.03875389752404214,-0.16577975017873625,-0.023088879476982606,0.042803404667197044,-0.09762599294916521,-1.1870070421524955e-19,-1.0816488071159001e-18,-0.1356064624673401,-0.0006088195421034171,-0.0019176718363343244,-0.1605510056743149,-0.012037712877625967,-0.0020408566496906725,-0.18273125381523517,-0.023728974613748798,0.0006684100439763366,-0.09279657215624852,-0.00996230087979832,-0.017506046008104167,-0.12543142488640627,-0.014111737996686365,-0.022927041923854606,-0.14848434360488783,-0.02626326695722342,-0.024898861900157603,-0.17111276274270687,-0.039652226508811554,-0.024102622637982834,-0.07692966175869784,-0.018920832838588218,-0.0317620076423771,-0.09649111489994744,-0.02258152217420139,-0.044471887087263524,-0.11600087484989954,-0.031286702923242114,-0.05511429959364795,-0.13342786106538349,-0.041098103072010374,-0.059391692758217825
0.0,0.0,0.0,-0.025188184874142316,-0.0069246040586522966,0.02652615397064455,-0.04586996930883144,-0.012810828904839314,0.05321815252554078,-0.06747527104298726,-0.02300360703722325,0.07418842945174044,-0.0952173884859911,-0.030768174537109456,0.0780750501244946,-0.09891816409408356,9.599531615785267e-20,0.02193093317883614,-0.12350452220598378,-3.295315497802368e-05,0.03211434671257913,-0.14239682226162592,-0.000498436471876728,0.0386363671213267,-0.1655146881284358,-0.025901553837029044,0.04200357862079413,-0.0978361036577126,-2.394238573341381e-18,-2.717925159950548e-19,-0.13536289067020738,-0.0007040860462225713,-0.0020806092491757766,-0.1601545136824018,-0.013533577834437772,-0.0013773181578056461,-0.181305113556051,-0.027145655727395888,0.0016785229456627011,-0.09286907626508713,-0.009706131608375003,-0.017671036613338208,-0.12548763350616549,-0.014245677494242201,-0.022488785039040064,-0.14800917179701445,-0.027627607018511916,-0.02383213830889292,-0.16980428612629825,-0.042555571046246875,-0.022374929346646127,-0.07667647200623033,-0.018585744510748806,-0.032289730621820716,-0.09618206203860709,-0.022514181512087776,-0.04438821924120706,-0.11583938882181259,-0.03169225675174942,-0.05428060931691777,-0.13314275482037052,-0.04243086050375844,-0.05803079421027376
0.0,0.0,0.0,-0.02513753005914933,-0.007491612528933742,0.026283400407494387,-0.0455174614548899,-0.013014492822075492,0.05344303249409571,-0.06740232126901889,-0.02344174930406356,0.07426222992708942,-0.095193975011605,-0.03186160869219757,0.07496849100026895,-0.09905563600773908,3.614363277770444e-19,0.021812715167501637,-0.12337252395434697,0.00019849795922289104,0.03183561434905956,-0.14223822406603412,-0.00107131295362071,0.038463630346492084,-0.16481871038230098,-0.02787248453841212,0.04104422191390914,-0.09782754644031273,-3.6600652112890545e-18,-1.1664391281997313e-18,-0.13490073834356575,-0.00015794352758502177,-0.002130303322713819,-0.15947423407924616,-0.014170538761173851,-0.0009112294345493559,-0.17949389287486922,-0.029968315493588187,0.002131465245774145,-0.09284559089057141,-0.00920415393431195,-0.017671559828784295,-0.12531383226303625,-0.01408795202349204,-0.02200312408353524,-0.14720535629095405,-0.028449243448225,-0.0230193847852468,-0.16788341650241376,-0.045081739209752884,-0.020970064956328353,-0.07623735903659801,-0.01808763144831347,-0.03275141173811736,-0.09567055631760929,-0.02222507522801732,-0.0440097325172439,-0.11548074192808593,-0.03181034396021034,-0.053331129122314,-0.13235996900541896,-0.043451615062327094,-0.056358967673792205
0.0,0.0,0.0,-0.02509672073073555,-0.0082159166080756,0.025489867851816027,-0.04513628050981488,-0.013233477176347234,0.053139561166509544,-0.06760827513715911,-0.02407453987151836,0.07393551127689153,-0.09489232372301408,-0.032935477752797725,0.07151703683426273,-0.09879476598621281,7.479171575028564e-18,0.021388139698384667,-0.12289885272888322,0.0008772629212613663,0.03133547115183075,-0.14187945827434892,-0.0012780692742678538,0.038235269664155316,-0.16346201214732223,-0.02923257271885924,0.03982968762369523,-0.09750254108407698,8.97086016944847e-18,3.6033440282685186e-19,-0.13408007178218032,0.001062816310465137,-0.0020659335778986728,-0.1583758272570139,-0.013804429489206464,-0.0006833569647197971,-0.17709875059541774,-0.03199189828400073,0.001916338193189406,-0.09267755987036458,-0.008345939237368693,-0.017480919633451556,-0.12485003961242043,-0.013523532010110676,-0.021435746724194713,-0.14592676284097394,-0.028484554537456158,-0.02244249885843897,-0.16528179615075714,-0.047031293960038106,-0.019858528085515713,-0.07560233722529715,-0.017401358692280454,-0.03319695231117163,-0.09490438172737585,-0.021665807999045293,-0.04338782532492447,-0.11486406639747773,-0.031520513940030685,-0.05240405666468656,-0.13095982800262165,-0.044048793869755354,-0.0544589539804899
0.0,0.0,0.0,-0.025171225342099156,-0.009071681827943061,0.024168270445177706,-0.04472096092848134,-0.013530005515764453,0.05226940401523443,-0.06809141985737861,-0.025184598044223346,0.07304246225228327,-0.09439574231185581,-0.03424188047848695,0.06756438937278153,-0.09822677253647057,-5.154559265891377e-18,0.020665731491668234,-0.12216737650816728,0.001846801977075282,0.030624992087252844,-0.14138472195707644,-0.0013143108693165016,0.0379782677142142,-0.16136533806924958,-0.03039020681935114,0.038190876630450066,-0.09691442566528705,-4.6258792781210754e-18,3.467803505443587e-20,-0.13291879712673146,0.002867990145524654,-0.0018476272560066882,-0.1568691412673881,-0.012535752330812921,-0.0007216201766602552,-0.17409084894474788,-0.033152488773394474,0.0009756938294835105,-0.09245119366785323,-0.007069764015902214,-0.017154579268607605,-0.12413645522901104,-0.01251417598875805,-0.020833238302622393,-0.14413879121585477,-0.027658102864190442,-0.022161124892662552,-0.16205994504715157,-0.048259705698655564,-0.019097699768127606,-0.0748773815804704,-0.016490133544334696,-0.03372813554257081,-0.09393273592441413,-0.020791210573272066,-0.04265150510974175,-0.11400733235516974,-0.030673839729734323,-0.05171328387288991,-0.12900729594841825,-0.044131938033864934,-0.05259949510405384
0.0,0.0,0.0,-0.025403039727903053,-0.009954739939179237,0.022438068024853774,-0.04428838869504738,-0.013946410071733646,0.0509294248468953,-0.06881056644889888,-0.026949216898074887,0.07153698329677176,-0.0938357794444605,-0.035935034635672256,0.06320777837410155,-0.09755516098905673,-6.7190674205291906e-18,0.019736362562627348,-0.12136456632611192,0.002856138518782716,0.029807857084968237,-0.14082674252638525,-0.001402949398546724,0.03776365679034225,-0.15869433122288754,-0.031634343463975326,0.03611464045369254,-0.09619562474913967,-4.1390429614170796e-18,-3.0137608641181812e-19,-0.13157098174611806,0.0049974921524973456,-0.0014029997530035764,-0.15510648451968204,-0.010669189755039134,-0.0009625122791416226,-0.17069548648479446,-0.033462019908722,-0.0005519351150149095,-0.09229271932128359,-0.005456133927848977,-0.016774563435844235,-0.1232751465114795,-0.011171839971939879,-0.020258004617772305,-0.14195065290611894,-0.02613707587438331,-0.022202091436718287,-0.158422777849563,-0.048695441757924667,-0.018732725479640028,-0.07420426078840332,-0.01536424737142271,-0.03438597067095537,-0.09287152503085408,-0.019635088922705296,-0.041916047940381375,-0.11300406020651824,-0.029239109601413463,-0.051394127471208785,-0.1267699247272731,-0.04368900122641604,-0.05108507620307084
0.0,0.0,0.0,-0.02568587854935138,-0.010682187781014275,0.02054104853414126,-0.04386780969171655,-0.014428447089390575,0.0493776753135101,-0.06964052734655782,-0.029164694933497666,0.06959521136985686,-0.09330972030483389,-0.037901869194779836,0.05884037841672577,-0.09690205992572017,-1.8323021096571718e-17,0.018772109547861633,-0.12058603874954617,0.0036616482701960096,0.029073223836101426,-0.14018347887100147,-0.001692017878243612,0.03766439272117178,-0.15577750548700092,-0.03300346672841863,0.03389810516739354,-0.09543774137466114,-2.0211210643867362e-17,2.968626801807081e-19,-0.13019773728750894,0.007022407612530897,-0.0007422972474276303,-0.15328711890265653,-0.008689183580969918,-0.0012355994513181185,-0.16728619886478127,-0.03313829511291684,-0.0022146793273278087,-0.09220743601975806,-0.003783131545634573,-0.016388882532996432,-0.12234517456872569,-0.009779710027469232,-0.019735054106733176,-0.1395640269614744,-0.024356997394309927,-0.022414880239134245,-0.15465278224539228,-0.04849190083629732,-0.01860686296540537,-0.07363500743236107,-0.014176126145352365,-0.035058086551960306,-0.09181715035192346,-0.018393426068845007,-0.0412221022191814,-0.11195243110925292,-0.02748400666860775,-0.05135053455097848,-0.12457293961004334,-0.04291703098081991,-0.05000742431584553
0.0,0.0,0.0,-0.025859735589639773,-0.011086624402824463,0.01883497796700881,-0.043509565109716035,-0.014809534539491012,0.0479580635976073,-0.07042631394011767,-0.031237668862236594,0.06762819555291967,-0.09285130162127998,-0.03979487093657573,0.05499667036659754,-0.09626253090040783,1.038183709419492e-17,0.01797110055103912,-0.11980446395498591,0.004137578414478713,0.028581778426259398,-0.13937955351491763,-0.002173688578730527,0.03767601873460745,-0.15292052491780397,-0.03434807254256995,0.032015756123920866,-0.09467372403598703,7.512531654047892e-18,-3.984873793775136e-20,-0.12890943741105182,0.008539642431207127,-6.517351468570354e-05,-0.15158253679581424,-0.0071026372162662065,-0.001407897670452516,-0.16417378516610542,-0.032623047447513535,-0.003441453933829245,-0.09206594328412143,-0.0024321888748597923,-0.016021008965134673,-0.12138548263373693,-0.008655221565212966,-0.01929089838489611,-0.13721388899780165,-0.022838155906469784,-0.02254665109772299,-0.15101471466187613,-0.04799856368801934,-0.018407972198383738,-0.0731153340873246,-0.01322029888095097,-0.035530558628107244,-0.09082403410304787,-0.017359564626568347,-0.04056904148686542,-0.11091200788711068,-0.025919177122892646,-0.05132403586095909,-0.12260639979440298,-0.04219363499901906,-0.04920000916935342
0.0,0.0,0.0,-0.025854740553896832,-0.011129649147243865,0.017642881012712185,-0.04329480297334786,-0.014911123926735496,0.04693667064910177,-0.07111881668340661,-0.032568794313578904,0.0660733480455388,-0.09249296211611213,-0.04127670334092285,0.05204260088105518,-0.09561837683262839,2.527846488856374e-17,0.01747685582247917,-0.11901971873380367,0.0043175770255814245,0.028370170897140192,-0.13842234977975354,-0.002707539123165603,0.03770920133358119,-0.15028427822551668,-0.035472929280652245,0.030829189591672964,-0.09394437200219784,2.7715555556149887e-17,3.2926060903123585e-20,-0.1278180963624604,0.009418687241074423,0.0003286962440290167,-0.15013824637835574,-0.006185516082953764,-0.0015058210334443344,-0.16148385116358202,-0.03233289292865626,-0.0039014431087653232,-0.09174951452943779,-0.001689279358714903,-0.01570467521770438,-0.12046643706701946,-0.007955605400558532,-0.018999152403834936,-0.13513056622542402,-0.02190878383654343,-0.0224381057595298,-0.1476690394690912,-0.04752855850414382,-0.017900979667773518,-0.07257936956155504,-0.012777602253062716,-0.03565292779658956,-0.08995795498654423,-0.01673041296965172,-0.03998181755578069,-0.10993341872040087,-0.02498824532612085,-0.051110258693148586,-0.12087020682756684,-0.041858368064866334,-0.04841840766810274
0.0,0.0,0.0,-0.025721891749692253,-0.010899513075567064,0.017085050358970396,-0.0433096062642596,-0.014675125047010563,0.04638653359377456,-0.07182181471056155,-0.03293455679366711,0.06510735905700636,-0.09232891567200038,-0.04221285637334736,0.04997369358283075,-0.09502209973207978,6.337467582812094e-18,0.017335577726513743,-0.11835476708946326,0.004349381551635245,0.02838389767436317,-0.1374720363843006,-0.003125595228571328,0.037667499487853494,-0.14792434825187706,-0.03624562794082399,0.030417468144537666,-0.09333464336083211,8.339225452851815e-18,-3.719747009302437e-20,-0.12705933567656827,0.009827630589189047,0.00024265916405484186,-0.14909430987450487,-0.005871087062806971,-0.0016597464087017343,-0.15923466274682974,-0.03240937424102669,-0.0036324299712099145,-0.09125729709526681,-0.0016111251000567144,-0.01546199005611945,-0.11973581102800201,-0.007609387368016946,-0.018950801448054153,-0.1335090429614875,-0.02158194341647637,-0.022093717342162984,-0.14468884664673728,-0.047214423742594255,-0.017047617508012532,-0.07203068062035324,-0.012939013089304813,-0.03543169566059663,-0.0893290674475602,-0.016480933904207233,-0.03953183966166477,-0.10909497810021156,-0.02479998794429742,-0.05068320312836411,-0.1192875973640032,-0.04201750504645222,-0.04752262560716212
0.0,0.0,0.0,-0.02559639354553385,-0.010545622150459613,0.017035894417673697,-0.04360859251930259,-0.014245003006950079,0.046186328799833185,-0.07271806126330735,-0.03259980268226513,0.06455940355337192,-0.092508550189278,-0.04270861571197197,0.04847405641947275,-0.09460917529519625,-1.4510630868196472e-17,0.017491771816009895,-0.11803208137895224,0.004413927559272216,0.028544724110211542,-0.13681056014657023,-0.003319650420773683,0.03751973807319916,-0.14592714764728573,-0.0366315829797376,0.030568513428724714,-0.09297254034509309,-1.5690461973434892e-17,-3.7241491228212846e-19,-0.12676317315274607,0.010091049757547165,-0.00029559812795265726,-0.1485872001618864,-0.005827165009579107,-0.0019716687309878703,-0.15750698054302503,-0.03266435087622695,-0.0029326842386341694,-0.09072422459957347,-0.001998744287264466,-0.015276547955270187,-0.11939524097266277,-0.007372912639383761,-0.019193387297311685,-0.1324916890917979,-0.02158141072610742,-0.021651411132465513,-0.14218918966097077,-0.04697622288535322,-0.016004122223827598,-0.07156259639333373,-0.013530006015241776,-0.03502387718712882,-0.08907107531212137,-0.016378728356048415,-0.03932256290381698,-0.10851351897480394,-0.02506993395099607,-0.0501987579623655,-0.11786186449952847,-0.042458465990323706,-0.046570470213114536
0.0,0.0,0.0,-0.025639314015229123,-0.010241750621164862,0.017179748072019274,-0.04417415377764063,-0.013931667041428553,0.04609539774011687,-0.07394042358903216,-0.03218742533201081,0.06405960779585411,-0.09314068262924405,-0.043046375176301506,0.04709976182448986,-0.09453893051002799,6.532788698220511e-18,0.01779155589879918,-0.11825571949903246,0.004636771337436125,0.028745205355439223,-0.13669316566263845,-0.0032913938493486306,0.037293238952064295,-0.14441707849936006,-0.0367110279962155,0.030846090370478727,-0.09297421475799653,3.540405898551187e-18,4.0274287571726373e-19,-0.12697920570922075,0.010536672649445012,-0.0010475544386509945,-0.14866844755893038,-0.005639691971719228,-0.0024485231801292954,-0.15644128529294984,-0.032740594678679805,-0.0022297002333659627,-0.09036879144156672,-0.0024642376008165066,-0.015117482640283371,-0.11957827087058544,-0.006957390062090492,-0.01967951550812958,-0.132095294523235,-0.021475644691689135,-0.02133757950943581,-0.14033687261514982,-0.046572684288509865,-0.015081381551844722,-0.07130317160877052,-0.014177708827897892,-0.03468192300594093,-0.08924553401738164,-0.016114128017559296,-0.03943005176020912,-0.10828236776151011,-0.02528583680882319,-0.04992309937896722,-0.11670133391402972,-0.042745580921689126,-0.0458092723414868
0.0,0.0,0.0,-0.02594623833710275,-0.010137926266652313,0.017146388239685353,-0.04488466080785827,-0.014021921474772754,0.04586406465266711,-0.07545383708857203,-0.032316308178746776,0.06328664430411933,-0.09416770615942882,-0.04349350562377698,0.04549621365808868,-0.09486517917768332,2.525331567807583e-18,0.018018323401090136,-0.11904274442543797,0.005025657461489545,0.028831429511412064,-0.13715046587245963,-0.003150926642547277,0.0370217726516386,-0.14340843097377992,-0.036667354234264336,0.030760376371987662,-0.09334392954257167,1.1249686432718335e-18,1.577755633581453e-19,-0.12757764765873086,0.011350756199621162,-0.001678326740230677,-0.14918118486576934,-0.00502975526266847,-0.0030159210459967467,-0.15605396252785983,-0.03237596429806086,-0.0019482887202732363,-0.0903654444472316,-0.0026064562009253766,-0.014969978061238294,-0.12019774418852944,-0.0061974272789045715,-0.02024441027590165,-0.1321254831377456,-0.020924842394367593,-0.021363981882308865,-0.139210548136628,-0.04578283806276728,-0.014610770196414422,-0.07131792044600785,-0.014501807954348732,-0.034639330521423976,-0.08973714285342596,-0.015489131135954987,-0.03980894069362773,-0.10835090099736887,-0.025014411070752376,-0.05007768504776054,-0.11590598734701094,-0.0424962101861803,-0.04551825512128743
0.0,0.0,0.0,-0.026516322085225634,-0.0103040570314418,0.01666556423610836,-0.045563394961293434,-0.01461464175040556,0.04531418608346193,-0.07708043844720007,-0.03329066238913868,0.06209622751978365,-0.09537058115329453,-0.04413415693948045,0.04353338017181914,-0.09549861377830607,1.225063531998342e-17,0.017979762864208063,-0.12020720946732637,0.0054911176552298714,0.028665793922635935,-0.13798750805476515,-0.0030555965751152716,0.03674096714149549,-0.1427683642206469,-0.03668762779013607,0.029972353051859493,-0.09397376944352807,9.657628306602136e-18,1.3205299039505936e-19,-0.12829344856075964,0.01252355509820487,-0.0018748877565847681,-0.14981547349100116,-0.003932145368102717,-0.0035535061760279783,-0.1561891393283271,-0.03147110046697705,-0.002384525696380976,-0.09076521967222716,-0.0021668414392222316,-0.014829791835530303,-0.1209905138743116,-0.005111672402969957,-0.020665703712770482,-0.13227130441970553,-0.01980623980811187,-0.021819358859316455,-0.13878140963484664,-0.044504085618495844,-0.014795211933226516,-0.07159192403209917,-0.014248040303937042,-0.03501497712227759,-0.09031860990488698,-0.014478848812942736,-0.040296135258910626,-0.10853513100191131,-0.024043995129456493,-0.05072497553317584,-0.11550822299952292,-0.041527576928998305,-0.04583075925640422
0.0,0.0,0.0,-0.027281777532803742,-0.01070563118872247,0.015678543377430094,-0.04607125525575638,-0.015617243112561907,0.04440306840229632,-0.0786151043241063,-0.03503963470518667,0.06051306499621495,-0.09648995867512193,-0.04488897376494107,0.041300048909451444,-0.09628351963266929,5.130961789993642e-18,0.01761017062076217,-0.12149527573164062,0.005924346848987797,0.028231797133349047,-0.13895612515153857,-0.0031307447233505548,0.03650916048441593,-0.14233245422587562,-0.03685522926976263,0.028437743419507503,-0.09472415346816575,3.966655478538722e-18,7.761874195124662e-20,-0.12889029534716118,0.013894570142395719,-0.0014547989126964575,-0.15030438253426756,-0.0024467867409791763,-0.003931298322865053,-0.15663496374830507,-0.03001013692557159,-0.003581379549492177,-0.09149411507952696,-0.0011053817138403893,-0.014679028283791355,-0.12170522855188655,-0.003844304785106743,-0.020786649306733823,-0.13230387375664548,-0.018179612329560616,-0.022630385922786066,-0.13896828583320578,-0.042751222864552775,-0.015626928807929274,-0.07205520161167203,-0.013335415321949793,-0.03577344766950896,-0.0908032427710417,-0.013180399232263714,-0.04072063204417052,-0.10865374061917071,-0.022377636933670536,-0.05174882625296391,-0.11547866162820206,-0.03986848185213848,-0.04665115071109196
0.0,0.0,0.0,-0.028080987024764345,-0.011199621246939287,0.014414963149095099,-0.046340477212933454,-0.016763498805336414,0.04330633711337575,-0.07983826224269555,-0.0371084019556773,0.05878491105895384,-0.097299656553149,-0.04559994092241348,0.03911492424169331,-0.09702639773314409,4.573112137654472e-18,0.017032573475399576,-0.12263988060796154,0.00624269681548298,0.027668622326719326,-0.13982460951575634,-0.003410119907666432,0.03637827140624535,-0.14199465739608877,-0.03713325252779852,0.026510798524280833,-0.09542932077302867,6.156745746276605e-19,2.887862607101891e-19,-0.12923626926540263,0.01516343729986058,-0.0005138215412432746,-0.15051574346560065,-0.0008677144220385754,-0.0040662172921905595,-0.15718092616064833,-0.02816784239100846,-0.005200290948094949,-0.09233317166151526,0.0003157911374595541,-0.014495817904803648,-0.12217646866162023,-0.0026606435835757093,-0.020609466082414884,-0.1321620316847209,-0.016350724463625094,-0.023559858969496927,-0.1395900442564894,-0.04078953772616867,-0.016828240751205335,-0.07255810311474813,-0.01196160507791528,-0.03669114561910884,-0.09108111342209599,-0.011850509796778983,-0.04097782610122944,-0.10859816229300837,-0.020348118230327915,-0.05284850586424725,-0.11570192555642372,-0.037878412352600935,-0.04764399766901438
0.0,0.0,0.0,-0.028646968003822916,-0.01159329158592212,0.013360146393101882,-0.04636948572935785,-0.01762700101758241,0.04241354699911382,-0.08050162845128561,-0.03872259232907826,0.05745992335966297,-0.09764162423306799,-0.04607206252886061,0.037545385812902704,-0.09751075519630438,5.175498179092455e-18,0.016508143231472962,-0.12337090216288839,0.006396688236614002,0.027173802099910115,-0.14037056789225338,-0.0037941429446128627,0.03634955482566901,-0.14174107470125694,-0.03742739783686654,0.024893944755694706,-0.09589212899146636,5.72350200959388e-18,5.653153253176224e-19,-0.12929623799888026,0.01595703660151711,0.0005017311476236434,-0.1504455148807125,0.0003206622217738065,-0.004005473961226316,-0.157646777640625,-0.026472400148088965,-0.006624649191684839,-0.09296240046774121,0.0015522977259132366,-0.014339910394171224,-0.12231570029171586,-0.0019397810923262272,-0.020318215657477667,-0.13192979610919606,-0.014937328009823772,-0.024307212127650267,-0.14036333636563064,-0.03923845085881583,-0.017926928172693857,-0.07289816193500502,-0.010668722983533779,-0.03744074313788019,-0.09110275139615479,-0.010938002785070391,-0.04105178856158636,-0.10834765251959534,-0.018681979380888263,-0.0536483962830948,-0.11600921169537093,-0.03626972924343089,-0.04837758560229314
0.0,0.0,0.0,-0.028725328214664416,-0.011750807012752405,0.013020876490523192,-0.04621221168542583,-0.01779548749081318,0.04213919864120667,-0.08042322083745028,-0.039140106523809365,0.0571869818972518,-0.09748265386742595,-0.046138232089834474,0.03721894589917994,-0.09758852691739087,-6.073200242840437e-18,0.016287218200953305,-0.12350254793556477,0.00636931078046379,0.026886794969807955,-0.14044667380063394,-0.0040897548324898385,0.036395271420315706,-0.1416618679664749,-0.037650218731283096,0.02430857655891876,-0.09597309431920661,-5.358827902592466e-18,-7.686715368210123e-19,-0.12912589252433426,0.01601858163987124,0.0010259012673243266,-0.1502006324314862,0.000664663646594264,-0.0039034350092799763,-0.1579630585080216,-0.0256116581325824,-0.007317162474465995,-0.09312835087586012,0.0020479589957646564,-0.014369679929330184,-0.12213203679541124,-0.0020147215361372385,-0.020172908906672452,-0.13177014504027737,-0.014619973065975433,-0.024674384859631745,-0.1410451014275398,-0.0388117937654444,-0.018505401270845278,-0.07293864988339817,-0.010097552875160213,-0.03778927565603719,-0.09089868623635426,-0.01088623846457775,-0.040997787228589135,-0.10798708757286853,-0.018165299745552806,-0.05390404010401934,-0.1162984158485002,-0.0357493786524115,-0.04856511914861158
0.0,0.0,0.0,-0.028260854729221123,-0.01164254569383234,0.013593464779083297,-0.04595882078393177,-0.01719274203433135,0.042631762573016194,-0.07964282807155491,-0.038155823390923105,0.05819873029781157,-0.09698638530674647,-0.045760975220832036,0.03843121647099476,-0.09731124132652552,-5.721499071086734e-18,0.016477990061680717,-0.12307808739129791,0.006161322702187042,0.02687439545762236,-0.14013025221861392,-0.0041689624876024185,0.03651102448338671,-0.14200610417974402,-0.03771812966030881,0.025038108191908288,-0.09572762322631115,-6.903761475628221e-18,7.460609041394232e-20,-0.1288889832154181,0.015316319451536714,0.0008306815867747132,-0.14998711187980618,2.6599438558582418e-05,-0.003829786224087196,-0.1582852855235646,-0.025892616954843257,-0.007093582746341909,-0.09282704641230309,0.0015941101876096083,-0.014673397056367122,-0.12176902703930581,-0.0029541511567257287,-0.020294741248836477,-0.13186994205695865,-0.01564750893012125,-0.02462188335951558,-0.14164840398956816,-0.03977358040993577,-0.018450274403413566,-0.07271621106723973,-0.010493319663200273,-0.03770192669100955,-0.09060863595476003,-0.011786054282656212,-0.04088603971202943,-0.10771550933995533,-0.019043606647805834,-0.05359746331646086,-0.11665839658279017,-0.03648663358069748,-0.04821902056110846
0.0,0.0,0.0,-0.02747227777830608,-0.011339129054008433,0.014859300881425033,-0.04571773364533079,-0.01618786520664862,0.04369468838653115,-0.07846320931041367,-0.03625057683102113,0.06010430439859433,-0.09651055401654655,-0.045041400085396595,0.04098741525688576,-0.09696894352538891,-7.800106747516817e-19,0.017008555229729855,-0.1224356065466756,0.005790441968557007,0.027139186596096914,-0.13978902152718464,-0.004028566993356228,0.03670891722876782,-0.14322813609036425,-0.03749686225481112,0.0267816718014945,-0.09544075243030871,-3.0836150123111165e-18,-2.903177746465396e-19,-0.1288491215939954,0.014010733845056921,0.00018106569599519925,-0.1500864855085336,-0.0013326459076468777,-0.003694948588793047,-0.1590548933198103,-0.026941505930140063,-0.006154892090296137,-0.09234273331673724,0.0004335969163927751,-0.01516622356871042,-0.12148683038214578,-0.0045088792657169904,-0.02058647233816789,-0.13243482718107147,-0.017640903391076712,-0.02425848243992036,-0.14256550202786308,-0.04168766116725511,-0.018035886380261452,-0.07244944850696262,-0.011535582662460053,-0.037307880631465874,-0.09046566621723078,-0.01328235943557629,-0.04078446423211789,-0.10780784180348388,-0.020843547525161387,-0.05291435169910223,-0.11738229130517427,-0.03799861610810016,-0.04765246435915447
0.0,0.0,0.0,-0.02668273595644841,-0.010949329477013704,0.01647625202943739,-0.045579953801559527,-0.015263670459318635,0.045060247046956395,-0.0772194335213288,-0.03409190681531986,0.06238084803319953,-0.09639808151831754,-0.044077798039830654,0.04458304448355732,-0.0968918650538647,-4.871372446544673e-18,0.01770455793873862,-0.12199408987725593,0.005301303304461566,0.02761611046411136,-0.13983754975494758,-0.0036421600532805104,0.036967636092197664,-0.14579318279121317,-0.03674774775785856,0.02905484771998405,-0.09542713306504728,-5.671449592842148e-18,-2.2583121954686017e-19,-0.1292303567169351,0.012319070531586478,-0.0005353947765044991,-0.15074360894441416,-0.002997045921678459,-0.0034205902211237,-0.1608271765663407,-0.02806703956931367,-0.004878459016085719,-0.09202244914469347,-0.0010481712430789635,-0.01570639103126053,-0.1215112886526285,-0.006334225369748909,-0.020882402259001755,-0.13365688245264926,-0.020016330479677047,-0.023792910332548673,-0.14438288578266964,-0.04384293914951234,-0.017718554826185975,-0.07239077160639623,-0.012777870444354538,-0.03674661784960798,-0.09066634970600225,-0.014948553700914207,-0.040755117328925006,-0.10845902417146774,-0.022964543310119597,-0.05212203560706928,-0.118771189330242,-0.03969959503607794,-0.04727920822660944
0.0,0.0,0.0,-0.026088997203219697,-0.010489381403625831,0.01827632449651304,-0.0455952964137239,-0.014637670290385544,0.0466077178068337,-0.07602299283179388,-0.03196832934103763,0.06480230552877288,-0.09672847575652904,-0.04283152462578932,0.04917090434828637,-0.097201653132764,-1.1931976261996544e-17,0.01842459232383432,-0.12195461357929083,0.004753925136109512,0.02824648132933979,-0.14042378104462114,-0.0028769547852621185,0.03722505432342014,-0.14982451509909459,-0.03512244144221527,0.0316112696049771,-0.09579400421385216,-1.2650096250902251e-17,-4.407675815490541e-19,-0.13007831244693283,0.010348060572453213,-0.0011526261005837847,-0.15204042457224468,-0.004692486813385651,-0.0030406828255996354,-0.16393807505503263,-0.028760522898964493,-0.0035177755460915217,-0.09200078344894833,-0.0026799012480052536,-0.016184419450666,-0.1218896729791055,-0.00823764437776338,-0.02109169430237524,-0.13563427894613267,-0.022446211276757642,-0.02338432192986707,-0.14750748615028364,-0.04576528464571583,-0.01780258537586961,-0.07265017358138406,-0.014053615967784297,-0.03599915400297795,-0.09124281829411318,-0.016636877972703298,-0.04081456780663695,-0.10964093603594927,-0.025221537243695278,-0.05140796961714881,-0.12089958165046984,-0.04140043758316679,-0.04737965240332564
0.0,0.0,0.0,-0.025740598840478163,-0.009855986746822995,0.020193949184466323,-0.04579903602262715,-0.014250217389129918,0.04826501816606585,-0.074844593209039,-0.02986654343254214,0.0672902758311436,-0.09734106560184422,-0.04119194697205626,0.05476433956981141,-0.09780514599137813,1.2474576934845499e-17,0.019102067292041582,-0.1222880369988001,0.004246051383013238,0.02902647898823496,-0.14142804156647934,-0.0015720049555944485,0.03742888468333887,-0.15494334967544313,-0.0322723191539811,0.03436352272121294,-0.09643739790906294,1.1585300343094118e-17,-1.758196547668571e-19,-0.13129304988508456,0.008152193225412671,-0.001666529996663663,-0.15388824585885139,-0.006241478814796867,-0.0026512496545839344,-0.1683000397364598,-0.02872860600976791,-0.0021939152964495475,-0.09220484268598869,-0.00445760931927432,-0.016502188531057952,-0.12252745671443839,-0.010134681481006762,-0.02120797144055266,-0.13830498812590966,-0.024781145218766672,-0.023091446075353825,-0.15193594287255058,-0.04719697259243424,-0.018364678088841475,-0.07319042662655195,-0.015372884832184252,-0.03494722891019301,-0.09208455865930029,-0.018386422047924456,-0.04093132395937988,-0.11114557493782133,-0.02768780718768859,-0.05088623786853104,-0.12358451876054205,-0.04318435041344798,-0.04808265888044691
0.0,0.0,0.0,-0.02564862363813308,-0.008968316272813784,0.02203376670677146,-0.04622499251523762,-0.014005345620429897,0.049817367949121026,-0.07376595113720621,-0.027935225303823117,0.06962378972777965,-0.09808634874992729,-0.03924350398300639,0.061015121648419705,-0.09853221015443511,-2.1292970812450106e-17,0.01966938276383692,-0.12289587211663418,0.003940214550270061,0.02991083034929219,-0.14264474400398988,0.0003509935208848983,0.03756471319966519,-0.16040719016144508,-0.028060365738928294,0.03706594490505906,-0.09718048315183982,-1.1175054757145992e-17,-6.653872750965982e-19,-0.13270479670999852,0.005957705273153328,-0.0020443059818668484,-0.1560751203801347,-0.0073528096393550854,-0.002384807188817615,-0.17342556187744776,-0.02770631105029343,-0.0011486503455361361,-0.09254073495354856,-0.006262440824929168,-0.016571052248032857,-0.12329527680732591,-0.011854279749126777,-0.02126064802670665,-0.14141463762390477,-0.026730542803217964,-0.023000368069830687,-0.15727224592928782,-0.04780685066352051,-0.019439691640107146,-0.07393263385210627,-0.016659826793356564,-0.033582201149217845,-0.09302996725927101,-0.020153628709231194,-0.04105634376855504,-0.11272516387808847,-0.03027581757584462,-0.05069676867946606,-0.12651116604257107,-0.04499670195850009,-0.04944474216422675
0.0,0.0,0.0,-0.025786127396119362,-0.0078973642678991,0.023467726249088813,-0.04686666169548353,-0.013907325740561716,0.05091746188362599,-0.07299271871121747,-0.026559849489711223,0.07145093318696416,-0.09895414728215432,-0.03738772270618919,0.06720627455435382,-0.09920242521718939,7.743006014606115e-18,0.02002544759560955,-0.12365167678873329,0.003963547554799091,0.030719481573201608,-0.14384145383112706,0.002770039795511602,0.037614333749488284,-0.16537482480139387,-0.0227589296394868,0.0392934025653203,-0.09785146883675837,5.466273853919645e-18,3.2746827841634723e-19,-0.134095642213536,0.004155860916140684,-0.0022154255159588733,-0.15829794412384943,-0.007704423539260456,-0.002394025612540444,-0.17858239929036154,-0.025537841992743195,-0.0007552482444796652,-0.09295494976824223,-0.007818145784746263,-0.0163740977396508,-0.12406753116514659,-0.013126083097732224,-0.021295724219025647,-0.14455075158186234,-0.02784239174129979,-0.023283740959489332,-0.16285576789526982,-0.04716011585238078,-0.021104224821757597,-0.07479485597318956,-0.017739725447172748,-0.03207632577323245,-0.09393658083653035,-0.021732606830128703,-0.04115384759553463,-0.11418304681610986,-0.032623546975899066,-0.05096331566060057,-0.12932866876546698,-0.046476361759936906,-0.05141773688873975
0.0,0.0,0.0,-0.026022094589590202,-0.0068403692203118285,0.024273566032940497,-0.04764262620367445,-0.013953457232301866,0.05131526121818053,-0.07265005891773622,-0.025944483184160132,0.07252171129384827,-0.09992041637665824,-0.036018157421003116,0.07268344424726927,-0.09965359053221343,-1.6292557496730101e-18,0.020126969296550144,-0.12437809489099387,0.004256590620041453,0.031237073371532167,-0.14474213666008742,0.005301237424279976,0.03753908874954774,-0.16914360830684755,-0.017063695229576646,0.04075088309965868,-0.09830807359511426,4.993735867194289e-19,-1.2050120348572624e-18,-0.13526387380277122,0.0030348740718699726,-0.0021593970970967776,-0.16024045325720046,-0.0072452419366862255,-0.0027477227984929182,-0.1830137190842311,-0.022423684144102715,-0.0011807003309217805,-0.09336704304626771,-0.008912119819671107,-0.01601365634081176,-0.12473332891533245,-0.013755698311046519,-0.021395288530873482,-0.1472611907102299,-0.027794062341157964,-0.02407443169406849,-0.16790378257600216,-0.04500208260023677,-0.023327274088023264,-0.07566860725100356,-0.018486412907829815,-0.030682647062694683,-0.0947292259018135,-0.022875410444571906,-0.041242482290285494,-0.11538157312406686,-0.034282183731883624,-0.05166819780891967,-0.13167946689258472,-0.047145236262960445,-0.0537885489013964
0.0,0.0,0.0,-0.026193096239314904,-0.005993529177995145,0.024494574518536285,-0.04840375286545512,-0.014041080398504924,0.0510353859434346,-0.07266600934938618,-0.025893206772151896,0.0728461953125875,-0.10077112665546946,-0.03516387494737285,0.07719024908848308,-0.09980534412692577,-3.101904227823338e-17,0.02005230500416026,-0.12492109948183731,0.004604378053419147,0.03139363364822148,-0.14514272425538288,0.007452804483476018,0.03734450545747351,-0.17135898334618108,-0.011837491170944825,0.04147331485170256,-0.09848614530783276,-3.206730996873035e-17,-6.687830487407063e-19,-0.13611548832524684,0.0026178420377669606,-0.0019039404679336478,-0.1617066642619544,-0.0062575504771248,-0.0033556902663009454,-0.1862128396716056,-0.018904036047287572,-0.0022074079354796002,-0.09367034417614553,-0.00952198881916851,-0.015658569670523897,-0.1252198406770839,-0.013744857313415224,-0.02165746174952301,-0.1492103552915341,-0.026612369068245427,-0.02534171574134193,-0.1717530357406497,-0.04149864117092485,-0.025875462656437365,-0.0764394613838397,-0.01887699910232165,-0.02960912455575752,-0.09539855157540124,-0.023428522956146926,-0.041398289137599166,-0.11621878680424326,-0.03494389817129009,-0.05265984430217487,-0.1332708887507888,-0.04672231840813409,-0.0562641351605215
0.0,0.0,0.0,-0.026241771488922226,-0.00544239193274896,0.024366814779587444,-0.04897090172090398,-0.014049493478615912,0.05033466608937433,-0.0728087406676901,-0.026039968920805893,0.0726722318982321,-0.10113790225527795,-0.03456671771865633,0.08079899438850316,-0.09968034199906474,-6.868143254813856e-18,0.019929626181753923,-0.12522266120057188,0.004814559724086954,0.03129420131268832,-0.14504362767575676,0.008899125880401551,0.03711684807987785,-0.17211132284546768,-0.007767724971924207,0.04171867672452242,-0.09841938347901315,-1.60157958737366e-19,3.3906677743006036e-20,-0.13665744955567857,0.0027216129938892352,-0.0014890662739805893,-0.16267085093728983,-0.0051468625142312196,-0.004036409963780182,-0.18808525178902338,-0.01561343939031147,-0.003421291722934602,-0.09380467043439704,-0.009754564437304275,-0.01543349609481461,-0.1254926886774607,-0.013273570324874157,-0.022109137951784215,-0.15029070105061473,-0.024671090723674797,-0.026885352723932516,-0.17411316973432334,-0.03724721231380071,-0.028390514375273432,-0.0770373948922387,-0.018965155592436524,-0.028931676163138173,-0.09594761098764408,-0.023405853867933167,-0.041677832131674135,-0.11663995750685081,-0.03460146603135179,-0.05374942508193798,-0.13398923342067645,-0.045324600850987655,-0.05858394463155547
0.0,0.0,0.0,-0.026218507083898192,-0.005147793390556271,0.024141698780144723,-0.04921052542438921,-0.01393221213567566,0.049532276983742754,-0.07280903988048512,-0.02611379634774253,0.07232461820228708,-0.100720619425783,-0.03397293151517769,0.08362610385236507,-0.09935646513885434,1.6629667396825464e-17,0.019842399103214243,-0.12529363735827467,0.004821191398985828,0.03110150698066586,-0.1445999674331552,0.009596832403422937,0.03696146558159879,-0.17181229490146313,-0.005165007181225811,0.04175580302581917,-0.09818846653389111,1.2990765405971987e-17,-2.6325725982671578e-18,-0.13692840459340605,0.003073578608077625,-0.0009784541749171425,-0.16319783868873836,-0.004250848142990995,-0.004629973238576339,-0.1888575832734867,-0.013066240578419009,-0.004464515062888303,-0.09377953851052952,-0.00975319254799941,-0.015365498987549034,-0.12554574978750294,-0.012613011107962967,-0.022662007170644895,-0.1506273007217299,-0.022537887517817226,-0.028409362223085502,-0.17511516889835155,-0.033075812920391016,-0.03050670894216984,-0.07744439762294361,-0.018850683638625142,-0.028588981431111445,-0.09635970637414737,-0.022984914756281272,-0.042049850594470105,-0.11667680369534487,-0.033565413393411694,-0.05475563819997468,-0.13395075196880707,-0.04342385216988999,-0.06052576321266986
0.0,0.0,0.0,-0.02618187144373341,-0.0050202349000765785,0.023961853021708505,-0.04911272521367135,-0.013712868483385064,0.04885993213276519,-0.07251652160469949,-0.02601175805479009,0.07203446146634067,-0.09952821799725706,-0.033287668262354415,0.08570889830545868,-0.09891984299126919,-1.1572316698791337e-17,0.019806889360842506,-0.12516893218204223,0.004672764890361653,0.03092548650194778,-0.1439872208443562,0.009725352779633092,0.036920109432159974,-0.1709586766985949,-0.003907884981063392,0.0417412939918567,-0.09786564284218686,-1.2762670276972364e-17,1.9794021046176403e-18,-0.1369717096796134,0.0034291954051359403,-0.000468508320957005,-0.16336631788792694,-0.003735830507254735,-0.005058685075250851,-0.18887711302771376,-0.011479559904872358,-0.005164124830003261,-0.0936419505782496,-0.009642629422633022,-0.01541102212545095,-0.12540686438231807,-0.012006788514131774,-0.02317287118999728,-0.1504743372263071,-0.020718392444848726,-0.029647319891161608,-0.17515536153862013,-0.02967473200873655,-0.03198479532492032,-0.07767210342795693,-0.018644508138671734,-0.02845778899296866,-0.0966173165866232,-0.022414010675325367,-0.042415581506322755,-0.1164526511122342,-0.03229245124671293,-0.0555260439079965,-0.13344044981578415,-0.04157086499532344,-0.06191859930201888
0.0,0.0,0.0,-0.026144213964293624,-0.004993206151516526,0.023857957768820444,-0.04878294827236762,-0.013448656369623634,0.0484182267626099,-0.07197642059891247,-0.025761591826300317,0.07189406077688823,-0.09791132727085711,-0.03256307219522003,0.08710294931776855,-0.09845449145460362,1.286428441033003e-17,0.019804420600529095,-0.12490616757627446,0.004473576640991751,0.030805843667239107,-0.14334504629241948,0.009561792595606603,0.03696364639722773,-0.16996109430947662,-0.003565230047927141,0.04173090551865359,-0.09750953903565432,9.213082020671034e-18,1.1244315426047897e-18,-0.13685124813900965,0.0036655938850884058,-5.230907585426211e-05,-0.16327204491761899,-0.00356987267985131,-0.0053154122221641354,-0.18848493691795812,-0.010724069947518754,-0.005520205251172373,-0.09344792949720288,-0.009510761075880192,-0.015507192774082308,-0.12514639401017572,-0.011585076058675687,-0.023537680461866158,-0.15008911468652913,-0.019461983023018648,-0.03046545755945402,-0.17468488904953147,-0.027344134942933505,-0.03280032870498545,-0.07775041231321383,-0.018439606380672723,-0.02843364737517663,-0.0967323263396837,-0.021898366440622756,-0.042684143944199185,-0.11613017123383489,-0.031162264830169435,-0.05598101549320319,-0.1327785074522524,-0.04013112638629771,-0.06270974286664235
0.0,0.0,0.0,-0.026093906123201865,-0.005042945722640455,0.02381530994928441,-0.04837233380729477,-0.013209512932497577,0.048214789192901286,-0.07138338697495841,-0.025461851305067208,0.07191325561518486,-0.09636660275673152,-0.03191901788377422,0.08795991622531137,-0.09806125873787366,-2.50268312442023e-17,0.01982250704892462,-0.12460911983711717,0.004318004668654314,0.030742298941190665,-0.1427959283315628,0.00935193444271365,0.03704112570627095,-0.16909882554647787,-0.003652584674147964,0.041748118339921675,-0.0971929337881543,-2.197875416397644e-17,-7.582328893210029e-19,-0.13667166010895598,0.0037878128218523884,0.00021674972889608771,-0.16305673911262916,-0.0036043079232373596,-0.005422598251267207,-0.18798310870468665,-0.0104959604405209,-0.005611704600433134,-0.09325788397580098,-0.009413859947145517,-0.01561485118462144,-0.12488035153916226,-0.011368788211091201,-0.023750382312305345,-0.14968934210827917,-0.018780511511931358,-0.030883469118888233,-0.17409148164667473,-0.026058025989170834,-0.03310321379432987,-0.07772702204004875,-0.018297509447579283,-0.02847308300979347,-0.09675831486650148,-0.02155073951460111,-0.04283454564301846,-0.11585375124489646,-0.030374206950504207,-0.056151937646335866,-0.13222471251430193,-0.03923367968325973,-0.0629928370695382
0.0,0.0,0.0,-0.026029983863553,-0.005168939331112634,0.02381880719593966,-0.04801455697886142,-0.013054268842652691,0.04820445295981907,-0.07095063067497866,-0.025219512641444227,0.07206469344004704,-0.0952775852422175,-0.03145157946100988,0.08849137343043487,-0.09783906139441632,-2.6347341770973396e-17,0.019863336538693356,-0.12439828833947797,0.004252215975766767,0.03071475426812504,-0.14243449462146218,0.009240848413386675,0.03711755532746952,-0.16852127930035565,-0.0038101381708107664,0.04181113566208172,-0.09699474164249876,-2.5499893884150415e-17,-4.22819700616764e-20,-0.1365468635767262,0.003863753926835347,0.0003273634517496537,-0.16287287914604612,-0.0036899167940710772,-0.005420713417755303,-0.1875980326357978,-0.010510131630609194,-0.005532409541320658,-0.09312720099510503,-0.009377718811674695,-0.015729592806351233,-0.12473089380857283,-0.011320589547625003,-0.023888352914406545,-0.14943999282741824,-0.018568721695351825,-0.03102380655930112,-0.17365325096977152,-0.025630120735001753,-0.033105983784649594,-0.07765713884849178,-0.01823732062695885,-0.02858077914878943,-0.09676500843594796,-0.021396095457292853,-0.042911401267862005,-0.11571381806118396,-0.029959519546566105,-0.05615691122528788,-0.13194347323996744,-0.0388394190299103,-0.06295278347245742
0.0,0.0,0.0,-0.025967265815827117,-0.00536776064229899,0.02386335518095688,-0.047784286408740315,-0.01301014530913126,0.04831674045148205,-0.07078623484553011,-0.025107746447387787,0.07229530570551841,-0.09476650533228279,-0.031196314812283833,0.08888509744555295,-0.09782050372981142,-1.551778334247931e-17,0.019932358828804158,-0.12433789454641712,0.004272275924526192,0.03069867401663648,-0.14228686758733344,0.009265813438700672,0.03718400650955904,-0.1682507586619503,-0.003850923083238707,0.041914280482829684,-0.09695162383031598,-2.1352823256497715e-17,1.9027727941926098e-18,-0.13653533479426888,0.003959801728164664,0.0002926640264566818,-0.1628090863385588,-0.0037378162029884894,-0.005379489936960708,-0.18742858726725362,-0.010567475369667623,-0.0053860939288168635,-0.09308548270277962,-0.00939465625137599,-0.01586904368492078,-0.12475518611145482,-0.01137957753521675,-0.02404685935041491,-0.14940601972401915,-0.018667360798872358,-0.03103700612989489,-0.17348903611326716,-0.02577565214010382,-0.03299025550511619,-0.07758548495449295,-0.01823580950706539,-0.028772028847196793,-0.09679700840678693,-0.021385960722218177,-0.04297454735385995,-0.11572806476403931,-0.02982293174626831,-0.05611880201160881,-0.13197399627050915,-0.03878780758107041,-0.06277389795488472
0.0,0.0,0.0,-0.02592657401793871,-0.005621834048305107,0.02395032325042787,-0.04769874994220602,-0.013077773148419404,0.048482532048181835,-0.07088359295302192,-0.02515923403655751,0.07253755655508269,-0.09475227839752341,-0.031158633987772154,0.08923743081665478,-0.09796011416468017,-4.391863995506668e-17,0.0200350415731707,-0.12442541237366762,0.004344963032883217,0.03067742455541037,-0.14232350085762419,0.009388468241119816,0.03724536657601284,-0.1682277023927029,-0.0037351575688419607,0.042018216496789086,-0.09704520721978947,-3.860961640176086e-17,7.685696825368739e-19,-0.13663433678421277,0.00411285573340725,0.00013377144485897754,-0.16288024258738162,-0.003716096962639634,-0.005387936051699717,-0.1874670453705297,-0.01054762746165901,-0.005285331171037166,-0.09313486870267947,-0.009435503578552698,-0.01605841136450922,-0.12493097409311102,-0.01147587475671836,-0.024289449097502875,-0.14954784838643825,-0.018885941106716524,-0.031052617618255913,-0.17356323814808117,-0.026140452528425617,-0.03287606024477467,-0.07754239349336897,-0.018251861223366247,-0.029052304505423867,-0.09686963239740197,-0.02142617998292147,-0.04306689175313617,-0.11585840163361538,-0.029798015951124836,-0.05610994726221597,-0.13223409162575142,-0.03884104973969344,-0.06258770333710777
0.0,0.0,0.0,-0.025921438638264304,-0.005897989603901484,0.02407099106185896,-0.047742014314262574,-0.013237567541435678,0.04865157904664261,-0.07118095618331832,-0.025359263237677045,0.0727354975619472,-0.09508703308622897,-0.031313763959776725,0.08956290840776626,-0.09818417848791558,2.1431393646615112e-17,0.020166966903071043,-0.12462620972414439,0.004438049638887024,0.030646563512163733,-0.14249666530423552,0.009552453531021788,0.0373048903366082,-0.16837021553609938,-0.003503875298957574,0.0420931652540075,-0.09723030096010707,2.4032741767159675e-17,2.063007704611664e-18,-0.13681774751728543,0.004327760465275636,-0.00011222772862300993,-0.1630683258552932,-0.0036167667514419616,-0.005496093509113954,-0.18767269207436743,-0.010392311602040006,-0.0053007200215115565,-0.09326047397342824,-0.009474380462364795,-0.01629766045722949,-0.12520112490230628,-0.011552322385611852,-0.024619118404688247,-0.14978803999677398,-0.019067026867781518,-0.031139781194453677,-0.1737806662492532,-0.02643044738706276,-0.0328257085477684,-0.07754716671512495,-0.018261573386431182,-0.029393116516190844,-0.09698704689171339,-0.021437195787384056,-0.04319640874733107,-0.1160539147104517,-0.029745261986522265,-0.05614611593502173,-0.13259886335900278,-0.038802154771616124,-0.06245600839924872
0.0,0.0,0.0,-0.025947936937291877,-0.006143691624482922,0.02419084079876876,-0.04787808209390826,-0.013444085626148992,0.04879434220143226,-0.07159491224870804,-0.025638885231434132,0.07286601687310655,-0.09562856877131738,-0.03157669668707227,0.08984539618540976,-0.0984250800514631,-9.439305019829756e-18,0.020297756443355883,-0.1248804332963743,0.004535951525913618,0.030618829343410217,-0.142739791969427,0.009720879819405772,0.03736396113733943,-0.16859315001305686,-0.003224324152789613,0.04217090595834304,-0.09745138043522493,-9.52110007885409e-18,-5.44075209461355e-19,-0.13704820174740884,0.004578013527174072,-0.0003718349464441238,-0.16333549453277169,-0.0034368821227672938,-0.005656768861098567,-0.1880065721764332,-0.010103231716201033,-0.005402276226143181,-0.09343056349591493,-0.009504497215066866,-0.016526043895295377,-0.1255045269770746,-0.011583655628468184,-0.02495752758820068,-0.15007245117835713,-0.019150890651364123,-0.03127302656876347,-0.17407760647746806,-0.026546422029274274,-0.03284072428051525,-0.07760292244617885,-0.0182755914188621,-0.02970494604027528,-0.09714297516042711,-0.02140857755320001,-0.0433169538808501,-0.11628207135276254,-0.02964511983834382,-0.0561917666813741,-0.13298659245289673,-0.03864551172696905,-0.06236010633631793
0.0,0.0,0.0,-0.025988926493205066,-0.006289504596758462,0.024254358678612958,-0.048059550848216434,-0.013637130429798935,0.04889172350173658,-0.07202230776240384,-0.025912037413769868,0.07292672755740942,-0.09626158737429327,-0.03184991974475652,0.09003157890428706,-0.09861846412674019,8.46749531563407e-18,0.02037398375011345,-0.12509687712747483,0.004625478071300931,0.03062335216274293,-0.1429574338163957,0.009861636135826888,0.0374271742739836,-0.1688082367597485,-0.0029866734883146244,0.042321493733627126,-0.09764204261512233,1.6883113360377725e-17,-1.5255578666757583e-18,-0.13726602432433194,0.004804817582677443,-0.0005489063616964991,-0.1636124881119222,-0.003188192015914529,-0.0057522554603175015,-0.18841585306819045,-0.009739264155830417,-0.005485805595837653,-0.09359446391162762,-0.009530423120178903,-0.01663840605680969,-0.12577131836330063,-0.011566110560797944,-0.025166674675739964,-0.15036879674258397,-0.019152174190152083,-0.03135840509459319,-0.17442519594270128,-0.026541765129137168,-0.032877860281356246,-0.07769038528597383,-0.01831945414650528,-0.029856955101553406,-0.09730884114331177,-0.02138467335206539,-0.043345101758739804,-0.11652457333859845,-0.029581904595031825,-0.05618297432393803,-0.13336270557705102,-0.038494232317241854,-0.062234408142001936
0.0,0.0,0.0,-0.026022449310841345,-0.006274622661241467,0.024208908685589985,-0.0482371434341346,-0.013772903520379633,0.048937193872638354,-0.07234789053808129,-0.02612935103366241,0.07291842459446553,-0.0969103297605709,-0.03210909289779561,0.08999974672141012,-0.09870341367590577,2.772933311909124e-19,0.020342590432375383,-0.12517206083999421,0.004674830199053714,0.03068877835115381,-0.14305051842645297,0.009909915289965094,0.037502996568346963,-0.16894456498412302,-0.0029414957026317515,0.04259296305106985,-0.09773876350275355,-2.9209522791971495e-18,-2.3886545354962525e-19,-0.13739659502405677,0.004929487656932475,-0.0005754777309232314,-0.1638125227785859,-0.0029099640842265772,-0.005679018890066772,-0.18882875941893248,-0.009400055963448686,-0.005451822795676087,-0.09369706619684831,-0.009555503748485048,-0.016544710355778036,-0.12592591666227382,-0.011504718434933383,-0.025117245656504646,-0.15064606351469229,-0.019112283567876275,-0.031297855743900524,-0.17480413386153312,-0.026514984298162365,-0.03287981940300347,-0.07777383683217556,-0.018406146723147818,-0.029741864710061967,-0.09743641639903647,-0.021416628870735206,-0.04320797574581224,-0.11676075497409633,-0.029659971694187753,-0.05606369851955215,-0.13371200670162087,-0.03849193156533815,-0.06202393727174097
0.0,0.0,0.0,-0.02602445671356601,-0.006085330992913148,0.024034797451519988,-0.04836734793808998,-0.013844897068519607,0.04895891131108725,-0.07246946624095194,-0.026288454341692132,0.07285617855472114,-0.09754145580884532,-0.032409463276554,0.08957925784636271,-0.0986425353177589,1.232146492323112e-17,0.020178556764473558,-0.12502654345633687,0.004633418961896975,0.030821720226859202,-0.1429587050640127,0.009757498996063626,0.03759706236870654,-0.1689755569613338,-0.0033156611132527315,0.04298687889802338,-0.09770656707036765,1.2274325854080136e-17,-1.0056866063963678e-18,-0.13737513030637935,0.004879795469546491,-0.00045643252115711627,-0.1638632145033487,-0.0026712284178639777,-0.0054018221530124436,-0.18917444030881828,-0.009212508265925356,-0.005246037360672322,-0.09369974431102576,-0.009583059949030725,-0.0162190617181489,-0.12591366149469646,-0.01141834487724327,-0.024752343060986767,-0.15087781946907955,-0.019101545240081577,-0.031023708021042266,-0.17520878571324974,-0.026596878860877724,-0.032777885755773686,-0.07781158165415418,-0.018534318196737717,-0.029335899625537516,-0.0974733872854376,-0.021540339168941405,-0.04287950841794581,-0.11696479431120382,-0.029955023314251254,-0.05580443433757099,-0.13404242105534456,-0.03873408186982241,-0.061699069817667714
0.0,0.0,0.0,-0.025971906720976292,-0.005774638953641788,0.023765549135059502,-0.04841268537746171,-0.013877684729919277,0.049020592090068114,-0.0723116641441605,-0.02640502361301432,0.07277472434087441,-0.09812666205642698,-0.03283302533396882,0.08858304559675657,-0.09843101997748972,1.3123673472516176e-17,0.01990048272252176,-0.12462599656599027,0.0044451380395168685,0.030996493739449515,-0.142673629873405,0.009281451482681696,0.037695889007031504,-0.16890931555233513,-0.004353108622984007,0.04343773411144953,-0.0975423457713128,1.0287711436223724e-17,-1.2128785853762765e-18,-0.13714965310400182,0.004612673152833189,-0.0002760542519337119,-0.16370613464432213,-0.002565702115150281,-0.004966013294808994,-0.18936598056091833,-0.009316549626645444,-0.004869208780119503,-0.09358013646108987,-0.00961344956358142,-0.015720852745153766,-0.12570798268664665,-0.011325785622489681,-0.024115924657566554,-0.15102508957577385,-0.019199563696943436,-0.030518469015892263,-0.17561268167611357,-0.026924401382024364,-0.032494980942498024,-0.07775414096214742,-0.01868426049654998,-0.02872780829134979,-0.09736512479032151,-0.021751818864651478,-0.0424038612551996,-0.1170930696249279,-0.030470585518603478,-0.055413880190428415,-0.13435309954938413,-0.039237938020442176,-0.06125499451247817
0.0,0.0,0.0,-0.025848539316834097,-0.0054535754918823825,0.023494225083372698,-0.048334151328325026,-0.013895978873916654,0.049186851756066206,-0.07183040795311174,-0.026471666952254884,0.07270716335631472,-0.09857088306581642,-0.03342145212331577,0.08684098987581082,-0.09809850789307277,-1.3391126263829102e-17,0.019574312991105354,-0.12399756974061907,0.004064058128463764,0.031160872302596107,-0.14223250644635238,0.008393907077348583,0.03775717072278453,-0.16875071321571514,-0.006213510287363299,0.043789995088855345,-0.09726779232090339,-1.554969931416566e-17,3.878709276448184e-20,-0.13668114983504853,0.004132396569909828,-0.00016439432982083685,-0.16328722392041975,-0.0027011684432285687,-0.0044751357705183955,-0.1892573525171337,-0.009856632220637424,-0.004370102066924242,-0.09332841336360394,-0.009634895410548645,-0.015193143822409962,-0.1253085575664557,-0.011226380218582398,-0.023352378988121904,-0.15100676341457747,-0.0194525234310466,-0.029833070557276,-0.17589235294534322,-0.027577948554859486,-0.031975098842102825,-0.07754828850759223,-0.018803784779364858,-0.02811550487956141,-0.09706019003042947,-0.021982853959316515,-0.04190309829287336,-0.11706931004485001,-0.031091504226588986,-0.054947064902326766,-0.1345638329691132,-0.039920823045235115,-0.06072045944718417
0.0,0.0,0.0,-0.025653862762248073,-0.005259243176222972,0.023356042507102423,-0.04809243526754478,-0.013875763685020274,0.04949956990857467,-0.07104484923464637,-0.026401512705612713,0.0726845982891345,-0.09867055715131721,-0.03406476965288314,0.0843062990175593,-0.09772087428787475,-1.2198270313212856e-18,0.019307600073491523,-0.12324247996127204,0.0034985999726670166,0.031261248912118414,-0.14171201696167046,0.007117190257907441,0.03773137960899786,-0.16846360443309064,-0.008873461201155711,0.04385450744464201,-0.09693456919020182,-3.4541711197528525e-18,-1.584689499131281e-19,-0.13597241724782144,0.003503265482672211,-0.00023503880156437173,-0.1625775235623061,-0.0031860625513281077,-0.0040185424683951325,-0.18864510352872108,-0.010994525443859544,-0.003788681289796295,-0.09296057224579733,-0.009628510050243344,-0.01481773753241412,-0.12476179581003827,-0.011133518135460574,-0.022656620152490006,-0.15071224857963522,-0.019905009226380475,-0.029040605320701764,-0.17580626883707973,-0.028633866243790863,-0.031172276041813864,-0.07716303387390618,-0.018830555595864773,-0.02774926036281303,-0.09653666435570296,-0.022145747737570932,-0.04152839991033212,-0.11680111969681171,-0.031632644369267646,-0.05446822358454206,-0.13451025858152724,-0.040658044666501955,-0.06011096800241179
0.0,0.0,0.0,-0.025407930435116508,-0.005298002968286619,0.023457586359797715,-0.047670036133587744,-0.013712562074451394,0.04998111153331768,-0.07008035818900618,-0.026000296266542478,0.07275778381605572,-0.09818086530484366,-0.03445383871550946,0.08115056580896428,-0.09738960414609928,4.544735325769106e-18,0.019209102033642345,-0.12247731693569093,0.0028749327675033328,0.03127405871589851,-0.141185293238708,0.005647031601163988,0.03760333737099292,-0.16793204375796372,-0.012071448380327917,0.0435283824135243,-0.09659897746686257,4.9442527790936435e-18,1.6944487080024819e-18,-0.1350644439406232,0.0028404709199601323,-0.0005170744890777181,-0.1615657741832891,-0.004098451278183764,-0.0035956353751117193,-0.18729590520180547,-0.012899997273019381,-0.0030964105765327434,-0.09250771669227015,-0.009571981982974782,-0.014719636685765968,-0.12414348609740614,-0.011116304761357753,-0.02216219812473954,-0.150016896266839,-0.020647004647469425,-0.02813685895043584,-0.17503778559532274,-0.030263059453048483,-0.02998555805011293,-0.07659378799009343,-0.01873483449281654,-0.02781762721576018,-0.09579755438230139,-0.02221960229832977,-0.04135492960593176,-0.11620263456105517,-0.03198026622977284,-0.05396762643720372,-0.13400219798657953,-0.04139897633259863,-0.05932646229051127
0.0,0.0,0.0,-0.025127924132524466,-0.005601886099422244,0.023775973753676526,-0.04709146446425924,-0.01329093203809305,0.05059798016944503,-0.06915415868585424,-0.025112710090540474,0.07293091062252609,-0.09698469926986548,-0.03433558559307718,0.07760526471428948,-0.09712059562721363,2.6738182427435152e-17,0.019316219554875468,-0.12172290219791587,0.002404274099368521,0.031200413536030293,-0.1406452090644716,0.004255218312152818,0.03740528551724678,-0.16694287459807253,-0.01544287287637711,0.04282686235269786,-0.09625503570001726,2.550203423148148e-17,6.574951716086753e-19,-0.13397299132890114,0.0022960590021484334,-0.0009307980305251808,-0.16020257938707547,-0.00540713944168795,-0.0031327238000071088,-0.18497797985212236,-0.01565789418657047,-0.0022475355870480106,-0.09197352160021209,-0.009416006266271308,-0.014893367139056889,-0.12347903820898644,-0.011244069038945408,-0.021856424019927864,-0.14877215338771213,-0.02171885334938452,-0.02703922893395464,-0.17325321150436893,-0.032623365993793084,-0.028283739597703493,-0.07582871983967245,-0.018507928935253784,-0.028363763046932656,-0.0948312694825904,-0.022232235197166415,-0.041322756310330215,-0.11520159941467902,-0.03212324999939431,-0.053345702117150555,-0.13285500480521037,-0.04216512863329584,-0.05816426186416644
0.0,0.0,0.0,-0.024799458662836907,-0.006138786768157405,0.024114502991538524,-0.04641277225304357,-0.012647025381646873,0.05117667809275596,-0.0684926460373532,-0.023916052107292852,0.07301578818377591,-0.09522303692765571,-0.03390013993497508,0.07366750694899815,-0.09680562911330387,2.0281561816152618e-17,0.019549056117401816,-0.12088462048344382,0.0022419338935947886,0.031019966913221966,-0.13998348326474566,0.003069475355460965,0.0371784808978723,-0.1652186636057487,-0.018778611671261023,0.04177151768785515,-0.09581175015567452,2.014712074314713e-17,-1.9224419652579585e-18,-0.13266771820890932,0.0020760023098931202,-0.0013351421248414255,-0.15840687865053854,-0.006856050686915324,-0.0026005476401892583,-0.18155014945535575,-0.01908536280063077,-0.0013342656172092998,-0.09133049538959834,-0.009057545705620392,-0.01521723840365771,-0.12271340664766876,-0.0114581653928029,-0.021613856546268365,-0.1468523447627295,-0.022920043348819495,-0.025734286052168556,-0.17021259905350739,-0.03556486296620298,-0.02608459332099119,-0.0748485313295258,-0.018109209391191552,-0.029301916829270826,-0.0936196630945957,-0.02212937643722455,-0.04130291452921719,-0.11377026527788953,-0.03200421457949439,-0.0525495359164624,-0.13091837492478364,-0.042879011570515456,-0.056536476154975965
0.0,0.0,0.0,-0.02442123897188022,-0.006845194233295746,0.02417725784391103,-0.0457114458903019,-0.01202984954068055,0.05142258246977566,-0.0682740056529242,-0.023004642970667292,0.07263301025078434,-0.09327931155879259,-0.03375410523857373,0.06910363718488559,-0.09631835478600526,1.2951393516772843e-17,0.01973978830288672,-0.11990652231044406,0.002404059217843515,0.030677400619766187,-0.13911050379836806,0.0020123317392638815,0.03693398320318656,-0.1625401938127472,-0.02206191612771537,0.04029475516123986,-0.09518795212501252,1.370049739927489e-17,-4.755271691128108e-19,-0.13117088496653545,0.0024225687281100054,-0.0016101555971379004,-0.15620241899320053,-0.007967519447713595,-0.0021131670154066885,-0.17712233172267028,-0.022620644286897324,-0.0006622987674042805,-0.0905970870968532,-0.008363845819186344,-0.01553218425439769,-0.121819799587319,-0.01153369972753078,-0.021325466831825183,-0.14430134548634266,-0.02379576692575105,-0.024400843509163793,-0.1659888385624133,-0.0385270375980109,-0.02369347570720776,-0.07370004699121074,-0.017470126269561397,-0.030495595949854598,-0.09221144627072464,-0.021743952213362987,-0.041224241633673164,-0.11199897758116358,-0.03146201138045336,-0.05172898768659752,-0.1282045862678431,-0.04330306401518297,-0.05466514870524176
0.0,0.0,0.0,-0.02410301540781863,-0.00765382067441948,0.023729266844970284,-0.04512076656001429,-0.011760686078804376,0.051092381362757226,-0.06867041633219922,-0.023077383770999313,0.07140582295644515,-0.09166751822243205,-0.03444514380829245,0.06372615589836714,-0.09572514080847237,6.901283633799074e-18,0.019733992743232287,-0.11898761307453792,0.0027920833078792827,0.030136383757662095,-0.1381552844513566,0.0009436073033106904,0.03666182711112075,-0.15898528833790482,-0.025264728698775104,0.03830159066527952,-0.09446772668567745,7.478578338897117e-18,-6.288340265709488e-19,-0.12969213087188283,0.0034813057557922175,-0.0017130813175608767,-0.15386514113337954,-0.008286794179323037,-0.0018808233827234105,-0.17220171930828493,-0.02549856092657325,-0.0005910963979129373,-0.08993327946866031,-0.007253426261460952,-0.01573733944587651,-0.12094429059943754,-0.011208917956989453,-0.021015007899659446,-0.14145660369907442,-0.02390569191229685,-0.023357468558550244,-0.16114193337921992,-0.04081394572899159,-0.021601168565585353,-0.07256346644300998,-0.016567632453452576,-0.031847168437211346,-0.090779233515163,-0.02092105268232862,-0.04114608438828942,-0.110147564119384,-0.030361692705862395,-0.051212382306332814,-0.1250502398449285,-0.04319755774709944,-0.05300839679174962
0.0,0.0,0.0,-0.024060844449510642,-0.008513537339220261,0.02270717012968694,-0.044831984540601076,-0.012040084939347398,0.05012536480623048,-0.06986914543500868,-0.024489929916923486,0.06913380037563595,-0.09087794954898858,-0.03604882006733403,0.057609975602223785,-0.09533749317696952,1.6744658198304556e-17,0.019484931812070727,-0.11857362956746251,0.003274434411440376,0.02943436791776889,-0.13748600789559262,-0.00017583611957581498,0.03636380222925226,-0.15507492161929748,-0.028201721658196215,0.035821677011622886,-0.0939264260615103,1.0665340752832657e-17,4.0402085603456313e-19,-0.12860294017739834,0.005194457042440455,-0.0016648491306284457,-0.1518689307747518,-0.007627264386100051,-0.0020249283317928927,-0.16761513407557066,-0.027125148929310644,-0.0012307899835483492,-0.08961236105152219,-0.005765124567649365,-0.015837068981132216,-0.12037687229711255,-0.010333954909683963,-0.020808037557905865,-0.13886383201554597,-0.023089597472340708,-0.022870200530056745,-0.15655435590785802,-0.04194355289671274,-0.02019209438022555,-0.07169912414653332,-0.015466120466096037,-0.03332634972504026,-0.08958958239307013,-0.019615392430275044,-0.04120003820377435,-0.10859769992065102,-0.028682068339176168,-0.051284942577666984,-0.12208239782842871,-0.042439706148181044,-0.05195802757733924
0.0,0.0,0.0,-0.02446095012706769,-0.009378143462068259,0.02118900416288428,-0.044971253881081134,-0.012863090663792114,0.04860029039427285,-0.07193440813894669,-0.027047287723236287,0.06584173156776879,-0.09118396530891455,-0.03816004638614456,0.05112022767869798,-0.09546056721438126,2.135024897722974e-17,0.019043258122457208,-0.11902900723489235,0.003787791997311164,0.028671747971420247,-0.13743004484554353,-0.0012323538512667316,0.036070339962424536,-0.1515229383387028,-0.030638373207578277,0.03307908507448631,-0.09383531122975843,1.9227704858239338e-17,5.3209103238684336e-20,-0.12818737536091657,0.007367894521777586,-0.001481905425648109,-0.15059704626182716,-0.0060712726907091365,-0.0024397733082158982,-0.16408683415427314,-0.0273650670665511,-0.0023097475635477354,-0.08983317432854704,-0.004042720363632408,-0.01588898170682636,-0.12032893678288582,-0.008898485877867025,-0.020763696213777442,-0.13698449004356458,-0.021487471392941604,-0.022979420099839425,-0.1529419063994792,-0.04178749373529958,-0.01950841626734495,-0.07129503046831699,-0.014281214032558998,-0.03488605199337253,-0.08888551904206567,-0.01790119091954116,-0.041435127821618165,-0.10768745207647479,-0.026521352928491025,-0.051962109293855197,-0.1198955997267736,-0.041053799990964854,-0.05156433076323526
0.0,0.0,0.0,-0.025278589941217403,-0.010179902309224376,0.01931481194955329,-0.04547916644485513,-0.014060241380183644,0.04664570617024689,-0.07465641327945537,-0.030171537987544024,0.06177215663998191,-0.09251191539487161,-0.04022558509503229,0.04476358886773586,-0.09611162395088657,-3.057621648599993e-18,0.01847369319660738,-0.12032212874194435,0.004337941430125954,0.027958110681225105,-0.13798678692976762,-0.0020877455731100427,0.03582488274040412,-0.14878470487373613,-0.03252272464251724,0.03038378026675176,-0.0942398154695175,-2.6152481410795756e-18,1.4275611111149263e-19,-0.12841108352870007,0.009756653416170378,-0.0011206636952858738,-0.15009191583844503,-0.0038962589791167886,-0.0028538869702939553,-0.16184648566714016,-0.026578699671192908,-0.003391292653734955,-0.0905612249356895,-0.0022642302408040324,-0.015904847921296365,-0.12075227529348122,-0.0070204138519324236,-0.020765811351860276,-0.13596364981831302,-0.019417220385885507,-0.02348392921050612,-0.15050423122702644,-0.0405602022532621,-0.019277354923687203,-0.0713632886430234,-0.013122420439050708,-0.03636439593733277,-0.08876042900603993,-0.015952697042187682,-0.04173029339332278,-0.10752285468415035,-0.024111500109017033,-0.05295841803022039,-0.11869289019918931,-0.03926407753218204,-0.051529005410684406
0.0,0.0,0.0,-0.02629626052345961,-0.010833090992181235,0.01728689537263592,-0.04614516157847486,-0.01537692568061837,0.0444624461487074,-0.07756290684686064,-0.03320254939504729,0.0573968887490502,-0.09446426343646121,-0.04185503559289402,0.03903226041564096,-0.0970126317545571,1.5108070959315227e-17,0.017822236598847994,-0.12202386001562451,0.004889451594631976,0.027375080100141364,-0.13884018771868067,-0.0027315856133641745,0.03564697569479134,-0.14692744430020138,-0.03398167810265205,0.028002454777219743,-0.09493396568243276,1.296992274090197e-17,1.7506874124528665e-19,-0.12895370567979644,0.012038412900989691,-0.0005174829401927298,-0.15009237830790886,-0.001557865345212609,-0.0030181875751387624,-0.16069812368769334,-0.02540033251193265,-0.004173663005456792,-0.0915499602995612,-0.000617325189762875,-0.015817114357052697,-0.12137634160269702,-0.0049742393256962305,-0.020606733314040896,-0.1356608147478973,-0.01727400384867062,-0.024063511198418396,-0.1490410829688051,-0.03875546908465025,-0.019137362857843187,-0.07175024391175078,-0.012083792544526857,-0.03750236939232059,-0.08911821603335104,-0.014015527538720372,-0.041868609825516684,-0.10793590760372426,-0.021812844454060832,-0.05384886414685304,-0.11824075044455779,-0.03749970880700567,-0.051441051347954764
0.0,0.0,0.0,-0.027214048516805294,-0.011274056302109394,0.015382762186244413,-0.04674285844377981,-0.016539015189135402,0.04236460987640515,-0.0801053648197268,-0.03560892431101475,0.053358534118850234,-0.09649495266685369,-0.042898736422787104,0.034340450519327784,-0.09782503357368373,-2.9313681342638332e-18,0.017149781429747647,-0.12359651232029167,0.005332830182826348,0.02695473050768071,-0.13962643831422408,-0.0032277170405921895,0.03552726617506008,-0.14584095791392232,-0.035100241847932416,0.02617441792149632,-0.09563179135278099,-4.51034239426939e-18,-4.8246071645146015e-20,-0.1294656425649334,0.013859536566265178,0.0002784908104842929,-0.15028300532423586,0.00044784975351011645,-0.002855543410757263,-0.16032815518475435,-0.024382439701135745,-0.004552873559826335,-0.09250287333437467,0.0007025336105447258,-0.015572614897588488,-0.12191759060051058,-0.0031435049202976593,-0.020190044731443355,-0.13583302970649863,-0.015441138343559244,-0.02445613007806145,-0.14828225971918782,-0.03696007321487421,-0.018846244763719603,-0.07223038366886095,-0.011278141504747496,-0.038104478252056914,-0.08973993797329118,-0.012369335328417852,-0.04170513330496665,-0.10862307227879217,-0.020045280761927905,-0.05430588166904263,-0.11813617641341903,-0.036249295680039734,-0.051034647113634986
0.0,0.0,0.0,-0.027819589707378117,-0.011514566080893102,0.013842974724182193,-0.047153783994846474,-0.017370468041609737,0.04065310799801182,-0.0819448670505835,-0.037178866206765256,0.0501941017746071,-0.09819244215708099,-0.04342742727979204,0.030908291642443273,-0.09839344004524007,-1.5210091545566904e-17,0.016536820062984774,-0.12473957423879396,0.005587451275379494,0.026670442651874102,-0.14019147696277928,-0.0035827602402836354,0.03546835877162867,-0.14539935893052552,-0.03585763995378133,0.025085958863642184,-0.09617580173763102,-1.7265898628084268e-17,-8.510846031059918e-19,-0.12980514619496164,0.015046889940237186,0.0010848254522175414,-0.15049386453896435,0.0018630933178110456,-0.0024636772587403014,-0.1604581449210596,-0.023734745325217306,-0.004552100646771442,-0.09325969757653246,0.0015903799339344017,-0.015231878659157327,-0.12227394968430443,-0.0018131661724059653,-0.019627365507072312,-0.13627142085666005,-0.014133330172067419,-0.02460839342138358,-0.14806151082946203,-0.03554862474892907,-0.018384816915265008,-0.07264575696157417,-0.010786806080428452,-0.03821783662807381,-0.09041745751710913,-0.011217678917281875,-0.0412849993717351,-0.10933001170241556,-0.019081043907694367,-0.05428176650568704,-0.11810075540632342,-0.03577193389516321,-0.050316011062034975
0.0,0.0,0.0,-0.02811286325168093,-0.011651590086395993,0.012713499910383702,-0.04740042246600978,-0.017915430054718098,0.03941348194674688,-0.0831178854101395,-0.038115615569423146,0.04801394302323783,-0.09948246945599609,-0.04366226348439839,0.02860767646585225,-0.09880447132851843,2.3004695223614386e-17,0.01603773013611256,-0.1255108786786532,0.005680444319293369,0.026468431201550367,-0.14063753504626614,-0.0037740583382750085,0.035493278886474224,-0.14546746756293646,-0.036266353657992426,0.02466900884424172,-0.0966129682342681,1.9993580714085552e-17,6.222506655418976e-19,-0.1300621270743793,0.015725236343200468,0.0017702446382346713,-0.15071910664223798,0.0027921823059985132,-0.0019877018380045964,-0.16087050276046436,-0.02332055547133664,-0.004326026010315749,-0.09386971779016133,0.0021512989140834203,-0.014917586640184482,-0.12254360547741641,-0.000988006668754483,-0.019111879794022145,-0.13683952799787583,-0.013261319931233627,-0.024672282757620484,-0.14829487748146872,-0.03451475142062273,-0.01793736865871847,-0.07299101635859948,-0.010516523704457001,-0.038131337428500424,-0.09107113641209073,-0.010524837591940069,-0.04080681470804582,-0.10995838905375391,-0.018787550556789136,-0.05400532814984372,-0.118081967715821,-0.03587634933416341,-0.049521531308310815
0.0,0.0,0.0,-0.02826199464794167,-0.011799695034075259,0.011846899713937242,-0.047578033515697414,-0.01837712266157774,0.03850464662785033,-0.0839239880042383,-0.038837374848895045,0.04651557034719545,-0.10056175223024473,-0.04381854245946428,0.02702112244110699,-0.09925420344739365,-6.8480458490361985e-19,0.01565802199463211,-0.1261673516020135,0.005716531047547911,0.026303412834090937,-0.14117596721753828,-0.0038306625665502064,0.03559120695499517,-0.14588229367634503,-0.03644379267706119,0.024534146256468457,-0.09709545044406555,-4.798356676437836e-18,-7.285182408594693e-19,-0.13040842144147288,0.016171214260053576,0.0023565061918408505,-0.1510221719489028,0.0035227683919163222,-0.0015255144863420824,-0.16141986400476566,-0.02287244640271699,-0.004147066966186998,-0.09448720647128185,0.002636330881983479,-0.014701460319075177,-0.12288916256751942,-0.0004586683613824235,-0.018760267299850638,-0.13744494235589064,-0.012526737506354873,-0.024842975260128023,-0.1488746588215489,-0.03361846920239286,-0.01773405631618531,-0.07335402171589323,-0.010216575638470372,-0.03817931898210103,-0.09173929376629009,-0.010031234750683285,-0.040486946097035,-0.11053506067929182,-0.018690056335972094,-0.05381161026351295,-0.11813627077880479,-0.03606577111599846,-0.048948832674609845
0.0,0.0,0.0,-0.028436694594863053,-0.012010492123055407,0.011059158220306717,-0.04775705732815332,-0.018904656703008834,0.03774331021817777,-0.08465338137944836,-0.03961946953490701,0.04533860531592737,-0.10164968761977575,-0.04396583030566245,0.025781657621151307,-0.09984562681929211,7.527936454710235e-18,0.01537768625542496,-0.12689700730046452,0.005823576969538174,0.026137812669528502,-0.14192113003217477,-0.003792599861628891,0.035703272365487586,-0.1464481916328386,-0.036539752233304836,0.02426341607853356,-0.09769918711883571,3.199666189531291e-18,3.287209019128303e-19,-0.1309152322638317,0.016601696613399792,0.002911872377988572,-0.15141139779132337,0.004263980203859719,-0.001118277001405271,-0.1619975939404037,-0.022247656275532466,-0.004227380889964673,-0.09517966762112809,0.003240311114181859,-0.014566808439344875,-0.12337768896695601,-2.4065170293602486e-05,-0.01858285378107622,-0.13797452653073847,-0.011698512190121023,-0.025192433585534742,-0.14959522620439317,-0.032683977005843495,-0.01785457586223434,-0.07377486959688825,-0.009695067999601237,-0.03852174024049597,-0.0924394089946427,-0.009507317680814267,-0.04043684127508523,-0.11106208072973305,-0.018389500656228675,-0.05392665142906511,-0.11825888863480767,-0.03596006474866749,-0.048739856272070524
0.0,0.0,0.0,-0.028696897231705785,-0.012268033512003722,0.010264958466424374,-0.047931319389878865,-0.019472704152241258,0.03706246363183665,-0.08540016418112405,-0.04042326118737045,0.044375558533527995,-0.102801374563327,-0.04401100615523699,0.02486523100821486,-0.10048876841644663,-2.2875987758596774e-19,0.015178782162367782,-0.1276667308038229,0.006116548877519017,0.02593271635816453,-0.14278664134913574,-0.003638646639514357,0.03578545205603103,-0.1469596900990696,-0.0366471942822307,0.023744002988922402,-0.09832876089818755,-6.831102906294973e-19,6.466146202926298e-19,-0.13147660154682403,0.0171109254924492,0.003449486779019915,-0.1517811522952288,0.005046536098474466,-0.0007685187439429043,-0.16249517742385572,-0.02152865831671414,-0.004563490512289546,-0.09584098324250885,0.003986724568765268,-0.014447135336507263,-0.12392604895294101,0.0003698293268691366,-0.01853070720785421,-0.13827157318566963,-0.010794666556544973,-0.025645041138408754,-0.15020316471803344,-0.03178263932138966,-0.018180010113205847,-0.07417901165850986,-0.008971120104426574,-0.03908447041434792,-0.09306827989820049,-0.008959710628866429,-0.04062478595839772,-0.11141212303658755,-0.017862764676345375,-0.05435360494625694,-0.11833698217103701,-0.035560220441874596,-0.048784635269341146
0.0,0.0,0.0,-0.028987132811061685,-0.012532435919626656,0.009527603631454017,-0.048041785410738454,-0.019932900923546135,0.03654123735826865,-0.08606389627119257,-0.04100549087880319,0.04377959714847838,-0.10387159183258882,-0.04383257934550774,0.024484850980467585,-0.10097713643031872,-2.08892662984679e-17,0.015059495375341292,-0.12827267614581056,0.006626870233822368,0.025670027286502046,-0.14353796549395764,-0.0033228269135310434,0.03583716684054058,-0.14724730978284675,-0.03677203598162231,0.02318911444613423,-0.09878765497509459,-2.1548073972172445e-17,4.1397872217717877e-19,-0.13189597981182533,0.017685514112291186,0.0038956629323874913,-0.15198393376060823,0.005764498553169243,-0.0004949409385503425,-0.16281465955728236,-0.020937135538178758,-0.004991319978291944,-0.09627808752824182,0.004734186775700073,-0.014306313230785123,-0.12436945499988229,0.0006405447955500622,-0.01856343844358521,-0.13821953824912933,-0.010053933775018863,-0.02607471027438775,-0.15049769362189233,-0.031178830471849286,-0.01850633889453097,-0.07443402681610586,-0.008264904954826858,-0.03966474666311653,-0.09345586029837771,-0.0085919697111015,-0.04093227511868429,-0.11140671567516426,-0.017401266036319165,-0.054916235294472746,-0.11821577761066221,-0.035160679692018,-0.048832541157396145
0.0,0.0,0.0,-0.029161831043360016,-0.012744293297630526,0.009056568999463265,-0.048036959055770885,-0.02011214632972615,0.03635174752374722,-0.08643888705279854,-0.04111278371783069,0.04378457742126915,-0.1045833362518457,-0.04345202103074933,0.024776149185873744,-0.10111263555351187,-3.2228052510741162e-18,0.015045262262563806,-0.1284662905703562,0.007219159406877254,0.02539490095957096,-0.14389051286461924,-0.0028783360278422467,0.03585831020407159,-0.14719759632527488,-0.03685595501990676,0.022942012532731666,-0.09889941307808052,-1.034835070478605e-18,-6.337000506940531e-19,-0.13201283667139446,0.018172494157301825,0.004083320951460515,-0.1519334250280686,0.006219218677576929,-0.00037079038336700694,-0.1628779623567606,-0.020717156507935788,-0.005303024455673982,-0.09633196747535741,0.005216664475304889,-0.014186791003722212,-0.12454237951100486,0.0006352774203529526,-0.01868382810167825,-0.137849133380117,-0.009804315231459755,-0.026365918183538204,-0.15037655993455668,-0.031144253567131686,-0.018642120792947827,-0.07443152312074833,-0.007904706582068153,-0.040030780854923544,-0.09347712553300516,-0.008648826233727373,-0.04121116918733509,-0.11096821906145883,-0.01739864794973024,-0.05534135860237949,-0.11778789629739111,-0.03511846024398904,-0.04865510429951647
0.0,0.0,0.0,-0.029043270616398498,-0.012812649132997513,0.009124065038015296,-0.04790516329867412,-0.01988066645022382,0.03667011944541029,-0.08631505361589203,-0.040592319263065585,0.044563103252298175,-0.10466482402025865,-0.04304245701876575,0.02571535151256261,-0.10077641820514614,1.0579677498867748e-17,0.015188441199435207,-0.128055420526894,0.0076301883859846474,0.025214543189796667,-0.14360543494565126,-0.002448300400849811,0.03582901946134684,-0.1467740654660573,-0.03682744226985124,0.023289491952503218,-0.09857151803678381,7.226989532778281e-18,1.8012399005820724e-19,-0.13175544479750562,0.018296119970651236,0.00382951392982256,-0.15162565181746426,0.006158938821968095,-0.00047442489410730174,-0.1626393948791465,-0.021067823366053683,-0.005313244447612626,-0.09592544287488235,0.005140715180170455,-0.014165487846782529,-0.12432394806302358,0.00019352470154599007,-0.01891047145450468,-0.1373199430652606,-0.010325957918847186,-0.026412367325700615,-0.14985174055211659,-0.03184006235747166,-0.01845556510109388,-0.0741208616994309,-0.008175509690066187,-0.0399717684749601,-0.09309196795290767,-0.009301987622001765,-0.04131288517000306,-0.1101601623062412,-0.01815346103085028,-0.05534975777496074,-0.11706999343530457,-0.035675554040743775,-0.04815426486958672
0.0,0.0,0.0,-0.028532149594021908,-0.012647101133055571,0.009908812494360555,-0.04766807497540404,-0.019202034566062127,0.03757647995255618,-0.08557972301549945,-0.03942274036151083,0.04614768950139798,-0.10397669522467291,-0.04276995621561281,0.0272400601827899,-0.09997627668154162,8.931836611949405e-18,0.015544112606788127,-0.12699772469379245,0.007636101512709496,0.025252726733172054,-0.14262165629521809,-0.0022032953473919287,0.03575142820350823,-0.14608995568685856,-0.03663524728845726,0.02433398618425322,-0.09783151193086685,1.3886298899450142e-17,2.5525896332664257e-19,-0.13115913232921214,0.017800787242946182,0.0030890043624735926,-0.15112397980178705,0.005382467885103027,-0.0008051052332574325,-0.16213931261844677,-0.02204689138796831,-0.004930837852564699,-0.09507885059582305,0.004350163828281872,-0.014274830075663446,-0.12368860001381553,-0.0007717649771648166,-0.01923777240208956,-0.13679756916082628,-0.011706395193880493,-0.026147479987636894,-0.1490709619122207,-0.03325894995002521,-0.017954780825650843,-0.07352494391563881,-0.009131693294923724,-0.03938082927060653,-0.09234038874617463,-0.010551916978619829,-0.04115363426546203,-0.10912899240464066,-0.019671625953469548,-0.05479696608627731,-0.11624340901939575,-0.036822834153580036,-0.04743231243019314
0.0,0.0,0.0,-0.027695802072514385,-0.012213797856853444,0.01140353446060485,-0.04738014016906524,-0.018160418920359397,0.039015824884746836,-0.08428445104127796,-0.037707271874376704,0.04841635283981925,-0.10258960616998498,-0.042652703824154634,0.029339448384303357,-0.09889486785845722,-2.5856998661102945e-17,0.01613657659947676,-0.1254798460065641,0.007182542727389355,0.02559690961763105,-0.14117942654030396,-0.0022150833479843016,0.035682219564662734,-0.1455184036515375,-0.036237783743125855,0.02597324084876478,-0.0968659393166267,-2.0855653552052712e-17,3.4145813639104584e-19,-0.130400312005691,0.016604690066518643,0.0020197712102482473,-0.15058689527884056,0.0038658470284051957,-0.0012632029529786584,-0.1616018225567537,-0.023479257844038374,-0.004216813705089314,-0.09394117869009162,0.0029296033502358054,-0.01449356082172122,-0.12277081501751562,-0.0022063135552856787,-0.01963750208464448,-0.13640762895921468,-0.013768988499238457,-0.025609828880239174,-0.14836117305587276,-0.035206753941935905,-0.017344863702619673,-0.07276938283273261,-0.010534280630634937,-0.03834439598000214,-0.0913684178001539,-0.012186655505994367,-0.04079595341042518,-0.1080811294321218,-0.021621134081973758,-0.05377986769271062,-0.11563592098468703,-0.038297546724542726,-0.04676983571838137
0.0,0.0,0.0,-0.026764299597690486,-0.011564794466836486,0.013461543776755484,-0.04715491999622667,-0.01693885180913007,0.04086001642300165,-0.08265522971621546,-0.03563125810190874,0.05119588498549055,-0.10083628312643428,-0.04256061141034238,0.03211744855145152,-0.09788639645635626,-5.822816190081834e-18,0.016938327204605794,-0.12391723879526911,0.006396640988347208,0.02624403479361688,-0.1398267846418174,-0.0023727069547539157,0.03569332670062971,-0.1457202126695848,-0.03557311386345597,0.028012053829821616,-0.09600717644017394,-6.797696435262051e-18,2.460567005777993e-19,-0.1297998206015288,0.01484280810882325,0.0008760685387783552,-0.15029921492913012,0.0018070930177367943,-0.001712026192198987,-0.16150886849032517,-0.024989897515160366,-0.0033510099582468767,-0.09279228376000245,0.0011440035629472702,-0.014797075476973008,-0.12188231042677916,-0.003938115244263538,-0.020090741004425212,-0.13631287545219767,-0.01616932368683698,-0.024957726534434732,-0.1482527990688391,-0.03739322418508879,-0.0169527166419314,-0.07208367293179821,-0.012017226096075612,-0.03712232216142793,-0.0904518914156322,-0.01390359705829281,-0.04044745900137769,-0.10730484814942344,-0.023568958153736105,-0.05259942818756458,-0.11565183706626796,-0.039779955906520406,-0.04648152613895475
0.0,0.0,0.0,-0.02602076669527293,-0.010803075977172309,0.015890662049405885,-0.047147426278713836,-0.015747428238329236,0.04298439848519618,-0.08099355517732144,-0.03340433189721093,0.054374600483382086,-0.09921139866879589,-0.04233934729906429,0.0357933367004899,-0.09732574939939645,-1.0831783658361068e-17,0.017871114026808823,-0.12277240472556122,0.005497155725268183,0.027098258331807484,-0.13918666671897953,-0.002435585189246467,0.03579754097424049,-0.14739957262103887,-0.034541775935184704,0.03026155941932612,-0.09559015879895767,-5.2157809466251516e-18,-5.811216674441922e-22,-0.1296935593060549,0.01275574700651889,-0.0001406080543714285,-0.15058562729931782,-0.00047198435280156455,-0.002050671944779617,-0.16246870586760398,-0.026167290469309108,-0.0025258756225782137,-0.0919330900172803,-0.0007350620668932639,-0.015164420018407381,-0.12137306727821766,-0.005773517205386603,-0.020589598981126094,-0.1367387504815316,-0.018557701168516315,-0.024386124894588076,-0.14932470643674925,-0.039533814423591676,-0.017062184738149647,-0.0717099426993011,-0.01332085064764549,-0.035967179699239495,-0.08990798063375298,-0.0154953847539656,-0.04032418744086785,-0.10710143883159469,-0.0252584117464695,-0.05158814372580534,-0.11663861271055037,-0.04107439031692794,-0.04678542494547976
0.0,0.0,0.0,-0.02563693217661872,-0.009999215451392655,0.018467016438063373,-0.047444960006266204,-0.014740750524152003,0.045246920352851355,-0.07947706982567011,-0.031211200597266373,0.05786584663541039,-0.0980938668960993,-0.0419169110528922,0.04056304795240647,-0.09735238694295126,-2.407466360235734e-17,0.018822190647210323,-0.12224958910420902,0.004659289459942959,0.02803793524351331,-0.13952893766255503,-0.002189608537706566,0.03593717415267616,-0.1508270537497244,-0.03299151504959477,0.03255590705008946,-0.09572673860144629,-2.2614098207052037e-17,3.7518852516614696e-20,-0.1302001003150553,0.010536050211659764,-0.000913074966879554,-0.1516007378914647,-0.002673879925348013,-0.002229763094610048,-0.16485178149752938,-0.026726268742599618,-0.0018548909514171975,-0.09150561404205247,-0.002555301836285122,-0.015527781611148705,-0.12138998278753545,-0.00755403705754834,-0.021087551868028156,-0.1378528778787788,-0.020648957195131438,-0.024017004809780786,-0.1518770096944836,-0.04131603801899479,-0.017795337805912605,-0.07176542753888768,-0.014375036293621636,-0.034922129686857484,-0.08991251818341009,-0.01692485402170047,-0.040475113703863176,-0.10760931034918356,-0.026689219164690116,-0.050938576981307826,-0.11869349047850948,-0.04215701127877669,-0.04776313432635244
0.0,0.0,0.0,-0.025593868310949706,-0.009150239961518359,0.02087873472832812,-0.04797403987800472,-0.013983826548236565,0.04739005781447445,-0.07808299898380822,-0.029226678425923705,0.06143802984343354,-0.09758777012819075,-0.04131205955571429,0.04637631148579574,-0.0977658345153963,-3.0777500209222125e-17,0.019653946991210442,-0.12219764960166099,0.003962059991814958,0.028958982953073593,-0.1405486410922851,-0.0015253990981767896,0.03605635536863027,-0.15551475450379693,-0.03071037684596945,0.034762631933305976,-0.09621559855943004,-2.786854299069102e-17,-1.183321124469946e-20,-0.1311277197810181,0.008340571726542588,-0.0013543324220924738,-0.15320725236431473,-0.004527033666433207,-0.0022443983380595585,-0.1685047491813793,-0.026478417307857185,-0.0013609192734449801,-0.09143207632729146,-0.004252776846984134,-0.015764072242214128,-0.12179107421995945,-0.009110071946948269,-0.02147935816318534,-0.1396308556916952,-0.022183135126335633,-0.023883689264195457,-0.15572577209948565,-0.04230361888829155,-0.019100864804929223,-0.07219793752744816,-0.01521670315536416,-0.03383369338732726,-0.09041482374407071,-0.018234579686056823,-0.040753867656182996,-0.10871358635309519,-0.027998615912571526,-0.050679516712516574,-0.12155812580186003,-0.043119057795688184,-0.04934043614017294
0.0,0.0,0.0,-0.025751506365726373,-0.008220057053812811,0.022756858520503985,-0.04853494989629291,-0.0134792883332962,0.04903936311383445,-0.07673298508855537,-0.027696971519187673,0.06464573293459916,-0.09758543227497418,-0.04066160095054331,0.05279996815856753,-0.09819492995981831,4.855078703866008e-18,0.020209156286599778,-0.12232797402080928,0.003451751399270211,0.029755565199967176,-0.1416281519875547,-0.000398350357438985,0.036153963051845664,-0.1603962219493522,-0.027487064501036874,0.036789479289557954,-0.09669425106527159,-2.6092848955866233e-18,-1.985241567698254e-19,-0.13212305778026115,0.006392446444060232,-0.001412163829410203,-0.15506527777455145,-0.005722920475287783,-0.0021755815967114322,-0.17281242999238655,-0.02519932361539498,-0.0010677414286096821,-0.0915252637712076,-0.005762064529840441,-0.01576920509752486,-0.12227866556511059,-0.010234186093648633,-0.02168157802901932,-0.14182383230459694,-0.022916479014103496,-0.024021259764940277,-0.16028290768015682,-0.04201103622504971,-0.020841795276511896,-0.0728562266976688,-0.015900138720530716,-0.032555956366728894,-0.09120442873541584,-0.01941226172526875,-0.040959319964667305,-0.11012464849282426,-0.02926611295640785,-0.050789696910416,-0.12473659714046018,-0.04400901910237133,-0.051317809203822624
0.0,0.0,0.0,-0.025946690025783096,-0.007203393381512555,0.023830333098741146,-0.04892660240088827,-0.013207092175989496,0.04987939463073892,-0.07543419075874366,-0.02688339828915743,0.0670417400843978,-0.09790211881562255,-0.040219317448492935,0.059193732468150975,-0.09833448407611518,6.371644503606421e-18,0.020353078774317284,-0.1224187733006926,0.003205525897270242,0.030315896558958538,-0.14226147577506476,0.0012182418783257206,0.03624757720114294,-0.1644076685911644,-0.02320684085412212,0.03855201568845269,-0.09686509552157578,9.189640837546699e-18,4.2921001155223175e-20,-0.13286928715103793,0.004944202481789422,-0.001118593674321613,-0.15679509686224108,-0.006013671548148899,-0.0021896524528470795,-0.1770157571721804,-0.022714758050352144,-0.001083748580601805,-0.09161253697161101,-0.0070029616837727834,-0.01551811101220307,-0.1225756452048595,-0.010783295849860451,-0.02170225902592634,-0.14402964777680022,-0.0227144923147051,-0.024505014785241135,-0.16478790591376558,-0.04016175867349938,-0.022902713264975023,-0.07357644112158741,-0.016470076623166883,-0.031076078837792752,-0.09202666005595386,-0.020373716195442725,-0.040961855791784324,-0.11152265863812022,-0.030430116223954376,-0.05125218945379588,-0.1277115909467391,-0.044713057386056736,-0.05346408880011023
0.0,0.0,0.0,-0.026027366675423203,-0.0061682159541914935,0.02405821485702753,-0.04904060730955847,-0.013133090760903361,0.049851411802289955,-0.07425121843004638,-0.02682902360846526,0.06847085567383057,-0.09838377233346665,-0.04016390686347185,0.06506910646949204,-0.09805176253227321,1.898598823555807e-17,0.020055583663406228,-0.12232819161395843,0.003307450636374143,0.030575946358091067,-0.1422278168736259,0.0033022477499834208,0.03631803641628166,-0.16695178284054116,-0.017968248243151796,0.039941979929956795,-0.09661256952877813,1.13526087719349e-17,-2.502862558519663e-18,-0.13318723612176392,0.0041434294531112635,-0.0005800145030252606,-0.15809535684908732,-0.005402934173641497,-0.0024073765586042034,-0.18049502947610765,-0.019197017382674073,-0.0015214279271762179,-0.0915831932521397,-0.007918696044322996,-0.015055203933187336,-0.12254261783754486,-0.010794630497221413,-0.021594137548143575,-0.14582214480689873,-0.021664277855568796,-0.025341849701563026,-0.16850458815831676,-0.03692514370685663,-0.025176428467649288,-0.0742266317772254,-0.016937720461772315,-0.029490358423399733,-0.09268823479882984,-0.021039594265776625,-0.04072007413073014,-0.11266260601221738,-0.03136118422989128,-0.051955123319380875,-0.13004269924717385,-0.045026079475488964,-0.055539926547431714
0.0,0.0,0.0,-0.02589706901652005,-0.0052436964164384115,0.02364607673401207,-0.04884791900098889,-0.013199284093362781,0.04919603995268243,-0.07318856247223178,-0.027270954579575058,0.06913084237992595,-0.09886805576274527,-0.04039627896501834,0.0702341361184062,-0.09737916588195766,1.5024611842521663e-18,0.01943587872571055,-0.12197218378661939,0.0037512120666151256,0.030566183997968403,-0.14154934452887089,0.005669901361220186,0.0363220019694018,-0.16795831252700344,-0.012277374198658346,0.04085827307228823,-0.09599447577817542,-1.8816074623388924e-18,1.4001458655001507e-18,-0.13304538969907945,0.003936926753539718,7.351116637615295e-05,-0.15881032261675623,-0.004229586893968271,-0.002793960030420688,-0.1828870798550353,-0.01530505120494207,-0.002330470621792027,-0.09139357007327686,-0.008503823418761781,-0.014476557388710246,-0.12219648362231883,-0.010493587877031207,-0.0213920783432099,-0.14688556386451967,-0.02012984329931919,-0.026374219196898335,-0.17089093108849512,-0.03298869276840524,-0.02745691072661557,-0.07471839959106798,-0.01728539900134245,-0.027956354184967936,-0.09309402475345133,-0.02140868943491292,-0.04026320388610175,-0.11338555989498633,-0.03198013475918274,-0.05264544174099671,-0.13139186082130586,-0.04485455010159507,-0.057285816465238726
0.0,0.0,0.0,-0.025586294722368196,-0.0045383013829688275,0.022946316727327044,-0.04836377168046487,-0.01333716750932427,0.04830474333048814,-0.07216743359067072,-0.02785214462224922,0.06937753524079203,-0.09909451508008704,-0.04062168953954052,0.07467515098482391,-0.09646985817599932,-1.0365183249174451e-17,0.01871134971251455,-0.12137415329633498,0.004377712290292234,0.030394859449767376,-0.1404473402844563,0.007941011305183624,0.0362526070233691,-0.16776008123626793,-0.007035802074117027,0.04129670420944335,-0.09518029102026981,-8.519678264497162e-18,-1.9862596418499486e-19,-0.13254935805056242,0.004082806678764742,0.0007198053590454395,-0.15896761486487457,-0.003016531687379669,-0.0032224623237660207,-0.18413078166511126,-0.011895774161256745,-0.0032802958218094876,-0.09107071432885706,-0.008813667522327113,-0.013918041499042582,-0.12165879057634978,-0.010172960687906978,-0.02113392397897487,-0.14715695553754754,-0.018624343015464246,-0.02736446208505949,-0.17182766854408288,-0.029278363762331453,-0.02945414066438041,-0.0750224084607062,-0.01751456770311993,-0.02664965183590622,-0.09323784856598935,-0.02156940839556833,-0.03970109583832315,-0.11362474877171229,-0.032306360372309426,-0.053102285097045336,-0.13166114873117787,-0.04431224778498199,-0.05854061986774211
0.0,0.0,0.0,-0.025241538730583976,-0.004079348807162276,0.02230137217061029,-0.04769420166217122,-0.013499247474258222,0.04750247846414482,-0.07117256785833416,-0.028366572868844177,0.06948735725781316,-0.09883398126321905,-0.040625078910291774,0.07838398802220048,-0.09556340185565453,-7.37083805573299e-18,0.018098842942070686,-0.1207233919833864,0.0049483339131080875,0.03019387291889569,-0.13931766541156326,0.009714051375600974,0.03616921904192278,-0.16694724556852386,-0.0030896576006842038,0.04139305408513465,-0.09441010882025398,1.0784937234709872e-18,-5.188412436271242e-20,-0.13195767531724972,0.004303093599565963,0.0012470719612066804,-0.15879403302243061,-0.0021566803057019783,-0.003623495303550512,-0.18448062239193935,-0.009515421424551578,-0.004140422825746588,-0.09073055837418297,-0.00894230031701725,-0.013520020782113678,-0.1211332890507746,-0.010014822213119237,-0.02092192563939873,-0.14688975809236604,-0.017500156033921674,-0.02817801867447896,-0.17170370950748423,-0.026418594469329638,-0.030976413673793394,-0.07519855612524441,-0.0176543103477392,-0.025725082311943613,-0.09322669695707787,-0.02161579949886718,-0.039234802887530146,-0.11347845441242146,-0.032373417796860565,-0.053342688404278,-0.1311250256175876,-0.04354852203126322,-0.059392537338018477
0.0,0.0,0.0,-0.02503241856348658,-0.003844590855763007,0.021939879499544766,-0.047056623649926924,-0.013673466632236312,0.04694942768729464,-0.07036255177388352,-0.028792631793420807,0.0695786127850519,-0.09810631714496096,-0.04039899249524632,0.08131075235920297,-0.09494427581977338,-3.8479962173914674e-18,0.01775112547613763,-0.12033506231045463,0.005281112517210502,0.030072453348733163,-0.1386202068583681,0.010778120908399339,0.036157853691199136,-0.1661614713441688,-0.0007961282597858427,0.041340876347781795,-0.09395715046485106,4.341080386761698e-18,1.032448827123817e-18,-0.13163737229923542,0.004440315511687619,0.0015547801066530993,-0.1586609799480179,-0.0017447270168372583,-0.004042869539779147,-0.18441762465670694,-0.008189911292651352,-0.004847456874148682,-0.0905648375708645,-0.008978316817155097,-0.013388061733563683,-0.12088530399248547,-0.010024944243023727,-0.020930284664004532,-0.14651922738348813,-0.01678926742425743,-0.02886305845530342,-0.1711860520248609,-0.024489150779214194,-0.03205866887642243,-0.07539495928418055,-0.017733229178249366,-0.02530004413784542,-0.09327421419153152,-0.021564638500974648,-0.03910864308721289,-0.11320176667384955,-0.032130662229097724,-0.05360151306597327,-0.13029946799845502,-0.04255030609974504,-0.060137959937202536
0.0,0.0,0.0,-0.025061116231115555,-0.003805316876743103,0.021951017288307055,-0.04666385890703425,-0.013858591876801832,0.046688755744005724,-0.0699450517493373,-0.02916111442995029,0.06969321861577352,-0.09714321399441392,-0.04001525877341068,0.08348263079022242,-0.09482961335696355,-1.780670824631901e-18,0.01773637866860333,-0.12047796568608923,0.005324162175576006,0.030087053776028255,-0.1386687369443991,0.011161090545699888,0.03626584588861151,-0.1658551643317888,-6.772987661061958e-06,0.041283902895742644,-0.09401865613623966,-2.850367062579048e-18,2.2756777716912862e-18,-0.13188319706112453,0.004475964428122809,0.0015899561439965818,-0.1589054911965081,-0.0016699950799755937,-0.004558405016049675,-0.18442576255758425,-0.00763083174559192,-0.005465466220563806,-0.09073790917263282,-0.008979373873698989,-0.013559093563038319,-0.12112545391166386,-0.010122124917932558,-0.02130614284106728,-0.14642203688722055,-0.016353715500744326,-0.029540058969839036,-0.1708652768009949,-0.023266960559419042,-0.032862629593109594,-0.07576382454457167,-0.017773405960233166,-0.02541236828933704,-0.09358791303353062,-0.021385482084509574,-0.039477921480006124,-0.11305579281589552,-0.03151400003539351,-0.05409686820368648,-0.12965777591012223,-0.04123912536999046,-0.06103442873864028
0.0,0.0,0.0,-0.02531363888544265,-0.003918142955202141,0.02228824498407804,-0.04658847452882235,-0.014021551031636497,0.046712415143696645,-0.06997974520170407,-0.029432176581008843,0.06987866976799723,-0.09617701706678494,-0.03947260440478239,0.08508024017664567,-0.09523925701602416,7.631712469524676e-18,0.01802812429969652,-0.12118945608705929,0.005154931523748756,0.030228109687214216,-0.13945827203917963,0.01105874136610406,0.036477280924608245,-0.16612965827828333,-0.00027841012002181945,0.04129606368426106,-0.09458956812371361,9.996770899440384e-18,4.084588073186737e-19,-0.1327264488221307,0.00446191031668711,0.0013923343724098446,-0.15962579896664497,-0.0017804788653496496,-0.0051598577814553495,-0.1847585055353185,-0.007529312916888576,-0.006019946091884489,-0.09126392547697354,-0.00897523913944604,-0.013973090296572795,-0.12186325008695754,-0.010248060356533339,-0.02203427063543798,-0.14675064690348072,-0.016105454744575483,-0.03022548736804838,-0.17102427923160693,-0.022568547090377797,-0.03346829408175301,-0.07634585967284359,-0.01780283557525729,-0.02595649597426385,-0.09423031884586897,-0.021092353566786445,-0.04027224237301013,-0.11316720863773454,-0.03061603868863635,-0.0548135721238138,-0.12946133547839747,-0.039728546265783884,-0.0620662846882015
0.0,0.0,0.0,-0.02568268304327205,-0.004112466986533147,0.0228074681975166,-0.046749570490440796,-0.014108606465569133,0.04696808845523345,-0.07034444160361247,-0.02952977015818515,0.07016789405036705,-0.0953431155343492,-0.0387535208505101,0.08631198859053266,-0.09598158670186487,1.8010949394857734e-17,0.018513281780359755,-0.12224882227893874,0.0049164283898042475,0.030441488762903042,-0.14068471975576016,0.0107278955118901,0.03673501475693455,-0.1667769966596145,-0.0010915804431748687,0.0414065178596177,-0.09545944249258949,1.8929878996302377e-17,1.0132978887975824e-18,-0.13392178168832086,0.004445495784485032,0.0010788914459136628,-0.16064703852402593,-0.0019787220745708907,-0.0057331709526724514,-0.18538203930176753,-0.007696858411068697,-0.006437602136967522,-0.09199434766109749,-0.008981651878601728,-0.01448716314140585,-0.12288687221015106,-0.010399011180595392,-0.022917186088563267,-0.14741500467601737,-0.01605578099488939,-0.030801952767830768,-0.17161238094097636,-0.022343255513881513,-0.03382665397492765,-0.07704705114718953,-0.0178587506682472,-0.026692557784835935,-0.09508291993388275,-0.02077543746092779,-0.041215048034438165,-0.11349520093702196,-0.029696460119400393,-0.0555292149937398,-0.12972844425823354,-0.03834933001582981,-0.0629853639548252
0.0,0.0,0.0,-0.026043528640583114,-0.004307533330991796,0.02334372279577022,-0.04698134920362191,-0.014092718945349468,0.047349578392201094,-0.07080938608288709,-0.029447597931753833,0.07053035478684186,-0.09466246445312514,-0.03794112461992349,0.08727238654226767,-0.09675054128295095,1.9929338413462228e-17,0.019038733608263334,-0.1232988005282303,0.004721692460654226,0.03067171267974748,-0.1419206481782541,0.010378559272004883,0.036977196218496905,-0.16745244139149884,-0.0020167258527709906,0.04160664028242973,-0.09632481721459951,1.4200340193754138e-17,-1.3360410647634884e-18,-0.13509244511381033,0.004424141957623409,0.0007773075391676753,-0.16164685002427673,-0.002236920279452373,-0.006152865604024214,-0.18606432362612013,-0.008036943202249522,-0.006632974341026171,-0.09270143856123834,-0.0090086816145709,-0.014936680939754442,-0.12387199739566394,-0.010596900990474636,-0.02369430325134164,-0.14815923606459772,-0.016217075154096133,-0.031138558102833766,-0.17234930751034197,-0.022543008889376305,-0.03388655351840791,-0.07770627581169205,-0.01797294131056993,-0.027346431016146755,-0.09591869697935362,-0.0205467788789887,-0.04200038232442748,-0.11387067165148573,-0.029006198437416458,-0.05601579554290012,-0.1302556243425768,-0.03740740042237016,-0.06355235899524708
0.0,0.0,0.0,-0.026312742468955815,-0.004441178925087501,0.023781053845292582,-0.047111468800343836,-0.013978232533532633,0.04773992218075955,-0.07112680000433526,-0.02924526221414718,0.07090512900883626,-0.09404127522040215,-0.03716526277315339,0.08798032440372025,-0.09725923956678033,8.552678219609067e-18,0.019481050840536345,-0.12400759503604551,0.004611738569844606,0.030884445349535054,-0.1428065664196296,0.010126721625920146,0.03716231323469776,-0.16783727265942977,-0.0027777784493405403,0.04185468757648774,-0.09692166851266149,-7.621371898143895e-19,-1.5374306328789005e-18,-0.1359054037496692,0.004362282661809929,0.0005707870149378173,-0.16231522054748485,-0.0025557937344071508,-0.006361056571541691,-0.18651536727556828,-0.008462092631661802,-0.006590346095540834,-0.09317773535252041,-0.009059962643799853,-0.015200393785119221,-0.1245305406258542,-0.010860676028957683,-0.024174512038751466,-0.14869370494059075,-0.01653991964365249,-0.03118220398003908,-0.17289988843213455,-0.023042515223430735,-0.033678235252560446,-0.07817200093204013,-0.018156653608937454,-0.027720220522786717,-0.09651568708121445,-0.02048334501579535,-0.04244537286651802,-0.11408918998041752,-0.028667948570084784,-0.056170243348372076,-0.1307336093576417,-0.03701914788223557,-0.0636811273565104
0.0,0.0,0.0,-0.02646129867635252,-0.004492881319156421,0.024081732978729575,-0.04703267925533826,-0.013781021413494942,0.048075892379107844,-0.07114005317107809,-0.028988404833097836,0.07126493825267008,-0.09335798765200619,-0.03649327316367721,0.0884778373395656,-0.09735392724628111,1.409155843336301e-17,0.01979341447315564,-0.12420285922289875,0.0045798868271917535,0.03106143176022288,-0.14317619210618332,0.010011187103358988,0.03726968271892862,-0.16776377753683883,-0.0032478299339887746,0.04209302199770674,-0.0971218347679215,1.561209653392306e-17,-2.2627107576426694e-18,-0.13619934289802738,0.004242115672830712,0.0004731874288796111,-0.16248567213444082,-0.0029251890142760065,-0.0063846921892844605,-0.18654323569935813,-0.008878653614241845,-0.00637335282497174,-0.09331565874633152,-0.009131766776009931,-0.015238903387994582,-0.12472813612414287,-0.011197169198881737,-0.02429689220664571,-0.14884147063109354,-0.016946491133896558,-0.030961705912436438,-0.1730602575833426,-0.023697387195013974,-0.033291690949600064,-0.07836148710216606,-0.018403255492642125,-0.02774873600289797,-0.09675521612515285,-0.020613886654049403,-0.04252593279939005,-0.11402537281309483,-0.028689778450512068,-0.056017603855798334,-0.1309356291740926,-0.03714269756339886,-0.0634305356551035
0.0,0.0,0.0,-0.026495894474372644,-0.004483458144747676,0.024271543930374735,-0.046717211191969144,-0.013516889252853034,0.04835595547532395,-0.07081477846298491,-0.02871626572461444,0.07162101708736211,-0.09252715896960058,-0.03590416928631733,0.08884323759669636,-0.09702529505288605,7.882529940754494e-18,0.019992696645845107,-0.12388684586821457,0.004599351469924372,0.031193554022682604,-0.14305095980619698,0.010013471900994362,0.03729226640136553,-0.16722938036037777,-0.003437161904196042,0.042273060248720996,-0.09693516721798398,1.1279503298044302e-17,1.5411085107894447e-19,-0.13598939391459805,0.004074853612561547,0.00044628650006070953,-0.1621584146106116,-0.0033328960735042714,-0.006303976496866105,-0.18611228023299722,-0.00923755912953541,-0.006081268226923504,-0.09311731421379592,-0.009217310674489738,-0.015087022612225833,-0.1244904450691392,-0.01160042597633595,-0.0241127231407565,-0.14857933437262807,-0.01737845054220258,-0.030554163527124544,-0.17280687075594656,-0.024412170613430432,-0.03282439360770662,-0.07827432661110864,-0.01869943622087353,-0.027480824309099396,-0.09663895738931784,-0.020925274725343116,-0.042325570152679425,-0.11366580596147365,-0.029009650381829497,-0.05565795951493795,-0.13079469691644405,-0.03765643054784873,-0.06293624694849977
0.0,0.0,0.0,-0.02643889657069435,-0.004448326494305314,0.024400591887468893,-0.04618980541282027,-0.013199005585370481,0.04860213123618326,-0.0701906585294913,-0.02843443088844815,0.07199052913046504,-0.09150008206219071,-0.035331301303931376,0.0891523253826057,-0.09635166002620905,-6.2047201133672485e-18,0.020115594782379027,-0.12316500420975408,0.004637058361290949,0.03128313178417782,-0.14255100710238044,0.010077138038270938,0.03724078117573093,-0.16632316615649126,-0.003449563580311352,0.04238064387892501,-0.09644912334709707,-8.764368516837071e-18,-7.238296483871793e-20,-0.13538887901617708,0.003876517003984202,0.00044869015362234994,-0.1614388325197775,-0.0037830562679848218,-0.006192049516184596,-0.18530103607130688,-0.009557528204251063,-0.005785734006950326,-0.0926524928269971,-0.00931110040142175,-0.014811590710339566,-0.12392995541379519,-0.012053845034067137,-0.023724923554708587,-0.14798399446730542,-0.017811065679091485,-0.030043121566664412,-0.17222546423231389,-0.025152029437882393,-0.03234001222686395,-0.07796600537718722,-0.019030071468078415,-0.027016338679553432,-0.09624430727283749,-0.021372247627280645,-0.04195664294202433,-0.1130675161168479,-0.029531466910978174,-0.05519798947338168,-0.1303566004220777,-0.03841705027347695,-0.06233061163719238
0.0,0.0,0.0,-0.026328462926431814,-0.0044106861710872325,0.024509188713725653,-0.04552923826720293,-0.012849130609946897,0.04883203359126183,-0.0693787057023738,-0.028143159091878187,0.07237409618045638,-0.09031538777568908,-0.034737792491714686,0.08945569095335136,-0.0954787848803246,-2.9123313816962076e-17,0.020199560391644986,-0.12221450615541599,0.0046725681597291355,0.03134703208659219,-0.14184819702243995,0.010153154673321296,0.03714728191544147,-0.16520082188142107,-0.0033937221872188715,0.04244064155421373,-0.09579839447880822,-2.6632956288550056e-17,-1.0100684934443067e-18,-0.1345723659616767,0.003660911243632221,0.00046061092942778286,-0.16050137364378916,-0.004270011553099605,-0.006080993515296327,-0.18427187261076447,-0.009870993337492194,-0.005506818192981289,-0.09203860981125664,-0.00940746354069625,-0.014479547300796265,-0.12319891973059414,-0.012531978468615543,-0.023241312030498635,-0.1471985516036063,-0.018237293211707098,-0.02949328824421477,-0.17146032197019664,-0.02590214411137673,-0.03186083864344422,-0.0775335005698198,-0.01937632157129783,-0.026458914382320283,-0.09569633286645911,-0.02188716823431732,-0.041514879771050985,-0.11233238054432147,-0.030146434905750766,-0.05470741864406978,-0.12974010400835279,-0.03928432590932364,-0.06169534773350194
