x0,y0,z0,x1,y1,z1,x2,y2,z2,x3,y3,z3,x4,y4,z4,x5,y5,z5,x6,y6,z6,x7,y7,z7,x8,y8,z8,x9,y9,z9,x10,y10,z10,x11,y11,z11,x12,y12,z12,x13,y13,z13,x14,y14,z14,x15,y15,z15,x16,y16,z16,x17,y17,z17,x18,y18,z18,x19,y19,z19,x20,y20,z20
0.0,0.0,0.0,-0.026728400985477976,-0.006495564567772091,0.027602667612665534,-0.049920757821262735,-0.010902532151058948,0.051202936156432434,-0.07526314278579266,-0.009464427173949174,0.0704742944792415,-0.0972556644871132,-0.005420054887143085,0.08497913835339993,-0.09829104023024854,2.3386073284059985e-18,0.02321783392117509,-0.1278371150616053,-0.00418517675037664,0.029554753693958612,-0.148431548482416,-0.008350307856092674,0.034266800353785,-0.16439714175720463,-0.031682035284476544,0.03537737400814377,-0.09881652393172967,2.0079280361873625e-18,7.11012110496162e-20,-0.13770610708872488,-0.005849396253959875,0.0016026423115247659,-0.1625363115440402,-0.018837921483591386,-0.001256789483341072,-0.18479274159279446,-0.030602939741771834,0.002416003124088445,-0.09389727047840395,-0.009743654650297504,-0.01678892412121353,-0.12651299921289916,-0.016362497195907814,-0.02013685473507879,-0.14854285764504227,-0.02825297481401425,-0.021452890067876533,-0.16820305625482057,-0.041282874998180896,-0.017306815112823795,-0.07810062463770517,-0.019509448918863758,-0.03223174796090703,-0.10082922419932827,-0.021082454472701788,-0.03829330630981794,-0.12117722619623486,-0.025874573681920508,-0.04172123898246975,-0.14034948723740512,-0.033242220079894545,-0.041234829622031115
0.0,0.0,0.0,-0.026668016046180413,-0.0066053065330526775,0.027783263550586433,-0.04977060715541487,-0.010071051412804862,0.051527395478086886,-0.07529211474127101,-0.008096636366595788,0.0711028520426078,-0.0968943787765376,-0.0024695175635551913,0.08569109154647306,-0.0985007333548448,-3.517955252916773e-18,0.023252782469666843,-0.12830769204304343,-0.00393358229512228,0.02965077450856342,-0.14859880650442583,-0.00832568808554766,0.03451727977046747,-0.1644555554469565,-0.031527002489901146,0.0356444388284197,-0.09921895669408674,-4.065572522321306e-18,-9.111580320571354e-20,-0.13814430094498908,-0.006428526812958252,0.0015888407824838126,-0.16237164860894945,-0.019494390767464887,-0.001016706552450917,-0.18414019611017907,-0.032185359522296245,0.0021319934468804268,-0.0940827670903285,-0.009887177718691484,-0.01712806023435234,-0.1268689993935116,-0.016940084612999163,-0.020344578595263705,-0.14937885383165406,-0.029770791258166087,-0.021480735976603854,-0.16809898944460988,-0.04251330099988519,-0.0168838331866395,-0.078484671504478,-0.019718557731010562,-0.032265784631769066,-0.10127441513778597,-0.021676699763200344,-0.037833721116525935,-0.12144526276659492,-0.026557650915782202,-0.0413464957869659,-0.14099468725197978,-0.03463471575475517,-0.040289407627687505
0.0,0.0,0.0,-0.027277157207918415,-0.00664123404366083,0.027640140704248053,-0.05044850897914818,-0.010321820699287514,0.05120049813843237,-0.07610210262005616,-0.008874307516524061,0.0705941896764057,-0.09780911096012058,-0.0038237556582941027,0.08543382191493844,-0.09904872817749172,1.0161944844486916e-19,0.023128392191060967,-0.1292272787522257,-0.003730977756524813,0.029245800836586136,-0.14950719986340014,-0.007578119645937028,0.03378857632911709,-0.16561343498703487,-0.03043462679235986,0.034950810169252056,-0.09970066607924771,1.4806005637058693e-19,2.9616490974122243e-21,-0.13859199251579615,-0.005932442262112519,0.00155791613198408,-0.16324868390874506,-0.0183291648385991,-0.001606169041028562,-0.18520065050509082,-0.03090299481542918,0.0011724493377084208,-0.09450713717702143,-0.009718244782060058,-0.01712490085051721,-0.1271897322063584,-0.016362202430151313,-0.020529326861694737,-0.1505264738549787,-0.028453702375781407,-0.021831541290086215,-0.1696861113242098,-0.04062134523743689,-0.017133384617273494,-0.07894302491238302,-0.01967204777197973,-0.03216691197438799,-0.10182921539223778,-0.021180507760463974,-0.03800672511890955,-0.12203214091567313,-0.025283759689865036,-0.04183752241094096,-0.14191599555700174,-0.033822535673484186,-0.04077863098731557
0.0,0.0,0.0,-0.026834459989534414,-0.007028149766706657,0.028070748847487566,-0.049940424310932346,-0.009557883744097054,0.052151919092105814,-0.07511498977719505,-0.007104149598887689,0.07106235234499184,-0.09645613353433752,-0.0016945700846695674,0.08752561884978861,-0.09844533362080983,1.7661046404655376e-18,0.022929185650141074,-0.12861135292165723,-0.003132662424654272,0.0295718008016368,-0.15011366475101182,-0.007415245809683475,0.03429611832075428,-0.1650018622531944,-0.030060874195221594,0.03674859481317422,-0.10007929241967141,1.303977728139279e-18,3.97435767796973e-21,-0.13858183247698713,-0.0054729443308188085,0.0015191402477534829,-0.16341583100591414,-0.018752420040966614,-0.000506895892668932,-0.18519275289771,-0.031358721661220945,0.002123248376811346,-0.09419106657878644,-0.009873446942183286,-0.016986348833498848,-0.1275978125804906,-0.017560983295887542,-0.020381762686976532,-0.15025065118486983,-0.02889534489176182,-0.02002040388604846,-0.1694642598359524,-0.04158019888163696,-0.015572526614791547,-0.079299612747146,-0.020329478415046422,-0.03185311666389961,-0.1022698940514962,-0.02221796923095508,-0.037342931466763346,-0.12220729154673855,-0.0264242916931301,-0.041419393485439354,-0.14272132447530614,-0.0350380728787796,-0.03947321930453762
0.0,0.0,0.0,-0.027374801278929915,-0.006767312186264573,0.028288276219857703,-0.05004356597054074,-0.00974454394142364,0.051936543109666854,-0.07553148214263847,-0.008292779912026248,0.07104310828241282,-0.09641309001215417,-0.0027959739141880055,0.08687940482130824,-0.0982198138073491,6.951292410711209e-19,0.022906196243269627,-0.12886534987228973,-0.003336430518176071,0.02966839429694427,-0.14974817957147632,-0.007976423100113353,0.0342562821359246,-0.1647479613129031,-0.031179520720047205,0.03618860130419628,-0.09971749311095326,-2.7460754900232484e-19,6.933851986042125e-20,-0.13817937395368757,-0.005730771800260891,0.0016039396174261727,-0.16329865703671542,-0.018873607071998668,-0.0008860725350004639,-0.18491791638658275,-0.03168231598779083,0.0016835529679123168,-0.09394623904881765,-0.009994847662296222,-0.016676722156189903,-0.12749736452554883,-0.017143631945925466,-0.020436880952670784,-0.14985845179451807,-0.028896621248597598,-0.020537792385012618,-0.16948064681971828,-0.041805453147018085,-0.016096791156777406,-0.07907113298681567,-0.020562435365271605,-0.031845588543915664,-0.10194548352556092,-0.022623266918650332,-0.03735323346105797,-0.12217851842568651,-0.026621915009845742,-0.04126975218176221,-0.14289952425387545,-0.03522201237978985,-0.03964342328294266
0.0,0.0,0.0,-0.027388645230240857,-0.007017874603636451,0.028245034560099753,-0.04998089991927667,-0.009756581894499874,0.0521365194098862,-0.07528830047171937,-0.00818956758693031,0.07117709201028169,-0.09606138165182758,-0.0026736587910738733,0.0872743948590128,-0.0981225859558175,1.135805085367195e-18,0.02288587437345525,-0.1287832683258688,-0.003329633026494307,0.029592387613694794,-0.15002408964297662,-0.007993930966358892,0.034195275965852895,-0.16487402308561228,-0.031133266336806086,0.03607096146135658,-0.09980630466935843,-1.1841025845211235e-19,-1.5561641185077636e-19,-0.1383248089542655,-0.005800094894853318,0.001533004441327155,-0.16334303531101516,-0.019118306023441247,-0.0009155354906456197,-0.18510692762120506,-0.031785700145083105,0.0015920643408539885,-0.09395585759881267,-0.009902595321807343,-0.01670788232255269,-0.12769821184633953,-0.017361584395585335,-0.02048215816525644,-0.14998571539927327,-0.02885896652272615,-0.02047616434622424,-0.16954355779420696,-0.0416788781447102,-0.016109023032024022,-0.07922973138281164,-0.020605448333519148,-0.0318327126136677,-0.10233306060071,-0.02246973287907618,-0.03746841764891713,-0.12228796489890997,-0.026362389739032915,-0.04136931105374908,-0.14316674222751766,-0.03476787879107137,-0.03973984796177045
0.0,0.0,0.0,-0.027570714729855828,-0.006783214169244666,0.027944196955927637,-0.0504512084841165,-0.009884848574233737,0.05169303519821825,-0.07600288447080393,-0.008709701761916856,0.07095766228828229,-0.09726864348932873,-0.0034816855020004477,0.08615950855117632,-0.09877498049927128,5.6565606489651064e-18,0.022980294722584792,-0.12944163002920336,-0.0032164954748740994,0.029495964643416587,-0.15016258144578648,-0.0071965771764472015,0.03398119076985763,-0.16588870392837451,-0.03014703513177558,0.03562600965127801,-0.09979976329065647,6.142895001917729e-18,-7.467880920417353e-20,-0.1386234219949348,-0.005638776554412585,0.0014275808431188372,-0.16371446812918877,-0.01809231484872971,-0.0013977631839734005,-0.18551963575341662,-0.030457227570007964,0.0015264621194771024,-0.09433088787939109,-0.009936447111813611,-0.01681838154192788,-0.12759113835069646,-0.0164556593258962,-0.020522143983391174,-0.15045671115856393,-0.02829187408394651,-0.021176515897148213,-0.1701561751393851,-0.04068613165167355,-0.01649507510680994,-0.079143033309569,-0.02036689971432116,-0.03194185905521378,-0.10216606075871396,-0.021976103446373282,-0.03769677398723842,-0.12231746765638951,-0.025898031288271867,-0.041604887556752894,-0.14266751968516725,-0.03437872042411389,-0.04019417215604657
0.0,0.0,0.0,-0.027884445028840753,-0.006959957875393262,0.02806936343960256,-0.050357943559345274,-0.010069795206400169,0.051850649509684384,-0.07589515870505492,-0.009314700296072308,0.07100325520463528,-0.09686737719449645,-0.0041785803821456635,0.08666006248628282,-0.09845338729750476,-1.8436040192362433e-18,0.022889590292942994,-0.1292617604948144,-0.003001276160184492,0.029384933379455,-0.1501855864355736,-0.007220516050383091,0.033885687274855185,-0.16553790113970782,-0.030050694138256045,0.03565369286685031,-0.09971020797767775,2.6088909458525672e-19,-8.475156604561004e-20,-0.1383789586331918,-0.005222610910770255,0.0013861237389636296,-0.1633791842700478,-0.017714829065718512,-0.001398549673526934,-0.18541624230714546,-0.029628008689394286,0.0011501836969100368,-0.09410222226930672,-0.00982635589171479,-0.01653312282995229,-0.12775367719516026,-0.015960303084438483,-0.020369095831579986,-0.15047294613078765,-0.027314283181593672,-0.020788503323192393,-0.17029203418840333,-0.03931603351972783,-0.016713404835023104,-0.07919503813933286,-0.020269285551431128,-0.03166295260268314,-0.10218544845157412,-0.021765075618152923,-0.03766009583759483,-0.1222891358061893,-0.02537533641901669,-0.04151262497130414,-0.14289045511970933,-0.033247909998411845,-0.040106337491632164
0.0,0.0,0.0,-0.027231917011089672,-0.007027794222670631,0.02763745315750813,-0.05031559129113509,-0.010647057038143838,0.05167387156408834,-0.07606235018517117,-0.00930296599036858,0.07137510065442589,-0.0980122641323252,-0.004137934139536488,0.08646189686855947,-0.09883237658527567,1.5025394873517011e-18,0.02332036936088632,-0.1291437261984181,-0.00361339670017646,0.029393592965137938,-0.1497105306025587,-0.007515801383937152,0.03388358812402702,-0.16573653549733625,-0.030096559786392325,0.03554574889733287,-0.0996432824134516,1.315088547374062e-18,-1.511116807466599e-20,-0.13873822791480073,-0.005452982001263594,0.0015119763100737108,-0.16333473014385716,-0.017603810806914064,-0.0018146999851481054,-0.18571666895484043,-0.029869391606467212,0.0007780970073913489,-0.09452299000852186,-0.009635863530319333,-0.016921790484284136,-0.12744568518169377,-0.015928918384038166,-0.020248279000357295,-0.15113297250352759,-0.027528686745590177,-0.02163185500679651,-0.17033860786560734,-0.039649539937348606,-0.017303756832695073,-0.07895586945038623,-0.01959973296962714,-0.03193621386504208,-0.10217231680222712,-0.020771011848675313,-0.03795456172314809,-0.12207415106861964,-0.024472139658563978,-0.04178908745533466,-0.141966084217577,-0.03266228066032605,-0.040900515643531275
0.0,0.0,0.0,-0.02703470637259441,-0.007210811329245526,0.027765618685627793,-0.049967702273347424,-0.009900088106763736,0.052001769403001365,-0.07498505667948614,-0.007648459095710724,0.07099502340038928,-0.09621123557687117,-0.0025086856783179522,0.08742271249600192,-0.09807235502085923,8.799580727906946e-18,0.02272850326690974,-0.1282654990019305,-0.0033709355744436327,0.029439179059236355,-0.14994720760045058,-0.0076548735432460475,0.03399944843592994,-0.1647070860869833,-0.03040067314378051,0.03583122182197651,-0.09974376206152127,1.1694372758439116e-17,-4.6313224534765306e-21,-0.1381667235944014,-0.005391140934716079,0.001134480039655525,-0.1629379647582016,-0.01855679302238884,-0.0012504301076622457,-0.1849384876954618,-0.030704281065402277,0.0013837610496730043,-0.09387675047567058,-0.009738898642410971,-0.01680763649152022,-0.12744339754060482,-0.01679686501820996,-0.020454244154233952,-0.14989921128492087,-0.02770304544231744,-0.02067370666180244,-0.16952976827848787,-0.04020919249337438,-0.016502328296757192,-0.0790669324470123,-0.02028571913097208,-0.031897616596197234,-0.1021813067637066,-0.021643922299764792,-0.0376476245798624,-0.1217896813203708,-0.025686679777502705,-0.04178552342188576,-0.14223812218055976,-0.033983465943174224,-0.03997924574488905
0.0,0.0,0.0,-0.027122807338301476,-0.007231480833138027,0.02771484758023339,-0.050077760877194,-0.010070292971917546,0.05196453080251459,-0.07505114092956745,-0.007997921461124493,0.07088791600446603,-0.09663603500407092,-0.003074372549928886,0.0870885405741251,-0.09809652543223028,-1.2162383574483526e-17,0.022682772824424376,-0.12825602871570144,-0.0034182908385967563,0.029314545439518832,-0.14987353514599422,-0.007590021071638973,0.03388299001503783,-0.16471993942669413,-0.03028821428779776,0.03576823372024019,-0.09967555259364212,-9.153563895179703e-18,-6.615327471536863e-21,-0.13804382188839548,-0.005394131320981909,0.0010868767026400044,-0.1628181441930774,-0.01854650567235817,-0.001160115047859466,-0.18486371558837544,-0.030747940280827012,0.0014183589480918717,-0.09380379510118027,-0.009758926050614491,-0.016728164050943232,-0.12737515678249434,-0.016660616228848475,-0.020300483575516517,-0.14986825209362378,-0.0277530817373642,-0.02063191420783642,-0.16947974494096613,-0.0402662013171132,-0.01646723492692078,-0.07897161243643087,-0.020271665135680815,-0.03185599493554337,-0.10202498652207018,-0.021632054028537327,-0.037649288657916946,-0.12161327300884589,-0.025763357249286908,-0.041707727341461366,-0.14207420422986042,-0.034086803636156224,-0.03994195018252396
0.0,0.0,0.0,-0.026657864590940175,-0.006830268373068464,0.027757082353503805,-0.04941434326556114,-0.010111136436217848,0.05184948981358716,-0.07478395165021597,-0.0077606788737653145,0.0712716151479408,-0.09588185026012166,-0.0028684481275736157,0.08668722535314637,-0.09784994532350123,-6.184129671110162e-18,0.022936657755128084,-0.12769851675456156,-0.004648329134888226,0.02921718046733634,-0.14805082997972488,-0.009643213314233146,0.0339356044825726,-0.16321867153342884,-0.03397981635340749,0.03497160349367745,-0.09895668432820981,-6.110198154965945e-18,5.799950378973734e-20,-0.13697625363823068,-0.006836184232282014,0.001277955589584724,-0.16199663576879678,-0.020864843247907595,-0.0011689746492932762,-0.18346056708139244,-0.03427342349096392,0.0014623897192414593,-0.09330200774886083,-0.009894714625209368,-0.017297422370159535,-0.1263703929602582,-0.01729823724543736,-0.02063948595664206,-0.14812836084101802,-0.029684493669768497,-0.021410231776484778,-0.16770334971200093,-0.04330295322188739,-0.017132232620620264,-0.07822966812798428,-0.02037357193007038,-0.032273246242291026,-0.10092604404993935,-0.02267054435176486,-0.03808814976780201,-0.12064434453325089,-0.027562972991419285,-0.042010064736410536,-0.14065472534294582,-0.036099359303982115,-0.04118111401889207
0.0,0.0,0.0,-0.02665892177432422,-0.00642343842446911,0.0278128160831527,-0.04932894507194535,-0.010298937580416665,0.05158428829560054,-0.07394752019242153,-0.008592406089299575,0.07133138221375314,-0.09515270794225231,-0.003679090558991334,0.08766634285406794,-0.09769205772573303,-2.3961457274718515e-18,0.022631663922796984,-0.12788260911012966,-0.0036711504325501756,0.02939171296084459,-0.1490123837614402,-0.00861599029727853,0.03430224526737527,-0.16376718539465868,-0.031928706325735995,0.03557578102329191,-0.09922265685055331,-3.771249330213933e-18,1.929347241550366e-20,-0.137564457017425,-0.005885767389398154,0.001393520403225804,-0.1623185396558561,-0.019010642516296347,-0.0009419802965438228,-0.183996869292977,-0.03165178936143602,0.0013355052061367705,-0.09376242440222424,-0.009716402177070102,-0.016966479462632036,-0.12701382538579678,-0.01675675722004418,-0.020231403440013732,-0.14917784134584516,-0.028023990914796862,-0.020757769542795346,-0.1688929162270734,-0.04120263312842332,-0.016771272439289896,-0.0786731835182701,-0.02004528904168299,-0.032335753250992874,-0.10155582039202371,-0.022124723519786837,-0.03765097913563585,-0.12162330368562535,-0.026302659708055467,-0.04178642774054484,-0.1422886204893881,-0.0339107487573551,-0.040312833428927435
0.0,0.0,0.0,-0.027107342485766083,-0.006820430764232037,0.028158140329506576,-0.04909097350824465,-0.011164165786681146,0.05213060581728667,-0.0737381574077359,-0.010391027687323907,0.07129399145366205,-0.09445040533024532,-0.005934793274637909,0.08796956076903031,-0.09785277672582408,8.133428631819929e-19,0.02260988952790324,-0.12803137188794506,-0.0037058198711451312,0.02932014939918763,-0.14903196606630448,-0.008926387311078452,0.03446881829817824,-0.1637889008008989,-0.032683815843576054,0.035820866058134046,-0.09937083093700842,6.306467383110676e-19,-3.8606346416898234e-20,-0.13758406980496182,-0.005573643572902981,0.0015179518625749071,-0.16253899663878324,-0.018934873366734467,-0.0005400147904332954,-0.18418621982682,-0.03181111148445651,0.001726124811823187,-0.09404662069523391,-0.009651713475375037,-0.016900873242934916,-0.1272912082371135,-0.016491082265000588,-0.020065674920317127,-0.14933162769256156,-0.02779392183534339,-0.020248593341454988,-0.16905804861037804,-0.04146521002742324,-0.016288120753613994,-0.07915442316064174,-0.020000000492469687,-0.031802850244964806,-0.10201468539793254,-0.021975141990916346,-0.03729993028975698,-0.12190921042886368,-0.02638804707413375,-0.04121586770611979,-0.1429181886272406,-0.03464270422247883,-0.039970372776770444
0.0,0.0,0.0,-0.0273470692846466,-0.00695813894801926,0.02802620403696227,-0.04923623143778889,-0.010815370140681718,0.052197797093866204,-0.07364433288943194,-0.009845847035741019,0.0712404954280679,-0.09423517550062813,-0.005245341277430556,0.08838935719286795,-0.09774955613016274,5.255798608594886e-18,0.02246335435141742,-0.12790733883883665,-0.0032634677363307845,0.029101090959617406,-0.14905205670501379,-0.008310807517284153,0.03415285768186655,-0.16391333696573895,-0.031935122091399974,0.03552230270007022,-0.09921198646207974,6.433812639744433e-18,-1.2129221305959036e-19,-0.1372590118898179,-0.005272188723103651,0.0015181317693652228,-0.1623378153347052,-0.01884560599774277,-0.0006909650313815336,-0.1842215603376148,-0.03129800128294446,0.001853125926676465,-0.09390260169948808,-0.009591117295654787,-0.01683549952189631,-0.12705261341100066,-0.016373472058678736,-0.020261357606984973,-0.14877617821854822,-0.027603016073743363,-0.020191589435849183,-0.16899420754606204,-0.04125623006410236,-0.016063767189237944,-0.07916219785757321,-0.020150029650537006,-0.03177792063521537,-0.10189507354354259,-0.021882634204422182,-0.03737869359372166,-0.12150803322754533,-0.02621492730022976,-0.04141214401564844,-0.14280190068521637,-0.03453534057573863,-0.04019874065099215
0.0,0.0,0.0,-0.026505343521054298,-0.006715961482783697,0.027763507850448253,-0.04864068576466691,-0.010022729169346292,0.051933899422569915,-0.07342753391557792,-0.007753638275432838,0.07124474473041538,-0.09423441274443883,-0.0024933989303386555,0.08808708968732412,-0.09750571020059277,2.443231381178996e-18,0.022595709152750734,-0.12750160934109672,-0.003846949266230034,0.029605789916111246,-0.1487946086688381,-0.009094069834771337,0.03459119893084923,-0.16318960899424265,-0.03268638043346979,0.03617745342201628,-0.09931265522499702,1.804647302053205e-18,6.065181157186174e-20,-0.13747918777827856,-0.006303800222564413,0.0018569568835944557,-0.1621903452940714,-0.01985454422277487,-0.0004689974556771478,-0.18381933793372873,-0.032812859525278223,0.0019586929561881054,-0.09402754021133075,-0.009834667719015646,-0.01685517023872572,-0.12695724731661737,-0.017532619425913436,-0.019809929645502756,-0.14918333133326064,-0.029290199703876914,-0.01998780282815511,-0.1683638631459937,-0.04307353317518077,-0.01585374657081261,-0.07893076760629786,-0.020222427970190422,-0.032156556161567006,-0.10170990850758224,-0.02222858945008453,-0.037299323546400885,-0.1216013052520063,-0.026903859852209992,-0.041478560857429125,-0.14221840044696693,-0.035163269831829595,-0.03982136659915259
0.0,0.0,0.0,-0.026108233159165953,-0.0067792988781799545,0.02773089399059873,-0.04840656963403008,-0.010079204249967092,0.052186954875132884,-0.07278995700068203,-0.007203927988956664,0.0715900544056325,-0.09406558706067057,-0.002142000231803789,0.08853007081523345,-0.09772820283381158,-9.579591081685802e-19,0.022731364555258524,-0.1276256125536183,-0.003950550801605355,0.029618759436067923,-0.14903436494086178,-0.009152491909961764,0.034850641647562165,-0.16334018022992838,-0.032901827618778814,0.03660416928997186,-0.09945481640761743,8.706306523716365e-19,-1.470207322036889e-19,-0.1377145976439097,-0.00648441649996109,0.0017822580464554943,-0.16225632284610736,-0.02035343916193743,-0.0003588445817117111,-0.183879317284465,-0.033484023096668536,0.002465826901819138,-0.09413248065863028,-0.009956116459813891,-0.016841148022739286,-0.12696219230600006,-0.018041811803453132,-0.019801669271378313,-0.14919602765784845,-0.029866554179339314,-0.01986617675257277,-0.16835199386586738,-0.04374778395859439,-0.015513566875578163,-0.07887742513441011,-0.020439915631580197,-0.0320207976705478,-0.10171469390374539,-0.022561636345213246,-0.03715305522331174,-0.12159371924556979,-0.027442924471143392,-0.04133639384204591,-0.14217271582046054,-0.036094003662007594,-0.03942577680709238
0.0,0.0,0.0,-0.026597761534808383,-0.006610574195297109,0.028021094683799593,-0.04866340834022135,-0.01036064686631718,0.052191463360450906,-0.07318182246028371,-0.008412159553701925,0.07155214870798268,-0.09419665406302835,-0.0035067414194685613,0.08787966255516272,-0.097462605518005,-5.274573372527246e-18,0.022693350948728215,-0.1276749733547456,-0.003944554566199562,0.029647720881088982,-0.14889236308956147,-0.009091757008121124,0.03453352554788731,-0.16329855643000438,-0.033323961134147526,0.03615153506205773,-0.0991095533012881,-4.218390030436809e-18,-7.444071366590324e-21,-0.13714726809573,-0.00658637234073221,0.001694432879185106,-0.16205395774069564,-0.0205264015988386,-0.0006444833802068727,-0.18345283545865473,-0.03393516290646724,0.0018072612399939105,-0.09376282863138262,-0.009915899953536944,-0.016791478986923746,-0.12677597178456476,-0.017540008548102295,-0.01992290665933504,-0.1486000033753763,-0.029545936918584193,-0.02006987537043254,-0.16813600257466274,-0.043546325023498006,-0.015677897989937736,-0.07874963553552647,-0.020472629798479434,-0.03214761606675074,-0.1014100456101572,-0.0227065875474582,-0.03748074463384083,-0.1214697268713422,-0.02727537090033582,-0.041508915082483895,-0.14222869513011185,-0.03589636668258797,-0.03995358309064231
0.0,0.0,0.0,-0.026265608598339735,-0.007144910996538858,0.027721114386339306,-0.04857306625542803,-0.010184093664198072,0.05215304156875073,-0.07285395176653363,-0.008136735500576428,0.07115344364058936,-0.09405729582116322,-0.003446965041369523,0.08794534304757352,-0.09741770658491328,-6.81935397523231e-18,0.022523972794216213,-0.12703032710728512,-0.003911122788512072,0.02981840386758938,-0.14863922306507873,-0.00895685000035632,0.034875109884865425,-0.16263830264601276,-0.0329997476980902,0.03666434138611399,-0.09919416949543161,-3.63860074725446e-18,9.238208747656152e-20,-0.13715919702585408,-0.006048842672417095,0.001474281393318377,-0.16195088768724353,-0.019791015675862767,-0.0004399312957851722,-0.18351194106249596,-0.03286435522161247,0.0019534022584761484,-0.09374127093082814,-0.009715595517401466,-0.0168521396203919,-0.1267398986346854,-0.017527871477813886,-0.019951611340222473,-0.14873840903235555,-0.028972579790946366,-0.019790252579701753,-0.1684548053922155,-0.04283964285505808,-0.015854967110181983,-0.07879504301363761,-0.020308194622008488,-0.03195943390672478,-0.10156082215252402,-0.022353279329373688,-0.03763138435607234,-0.12135663438262907,-0.026756718670812446,-0.04187445507980259,-0.1418935547965981,-0.03510158181122291,-0.040210876757385605
0.0,0.0,0.0,-0.02682110389150419,-0.006936637079184482,0.0284275390276907,-0.04839541825065493,-0.011304306852219994,0.05261897665798925,-0.07302563483717327,-0.012304807752406454,0.07122886412720784,-0.09369355890698672,-0.00943560719048256,0.08652875429474659,-0.0969949559209059,-1.441264157696972e-18,0.022861861523924252,-0.1270746840382217,-0.005069587394824509,0.0295640388714009,-0.14825247961630797,-0.010986392268409686,0.034244769114653933,-0.16205325412481994,-0.036681968924950244,0.03545691209831891,-0.09865974358304119,-2.607212499454469e-18,2.7868987354117513e-19,-0.1367756895120488,-0.007660207922865987,0.0010342768405180124,-0.16143487167167692,-0.022389589046238438,-0.001233338332243477,-0.1821267509226009,-0.03658764724676664,0.0011229693468185514,-0.09314695358010486,-0.010148061385397299,-0.01696830851685318,-0.12591907057552815,-0.018423334026783617,-0.020174358708042392,-0.14744192947235368,-0.03091013631421573,-0.02029114926117676,-0.1666554002553743,-0.04606723716479845,-0.016241954224265404,-0.07829707827047608,-0.021015144114180293,-0.03174394464827945,-0.10100962312289818,-0.02368608478123561,-0.03800843228562301,-0.12047702684883785,-0.02869391107853058,-0.04216345752361281,-0.14083299999234278,-0.03732467489867093,-0.04121133253747936
0.0,0.0,0.0,-0.026610601100836555,-0.0072171118563859925,0.027815031893121126,-0.048526322554408335,-0.01211348913161477,0.05229120067708904,-0.07299931170745555,-0.012965986326100642,0.07070447794011993,-0.0951915225247466,-0.011256480127134856,0.08445735990496901,-0.09706593107645992,-9.826022325783945e-18,0.0232266839703786,-0.12691368734064884,-0.005200522928940259,0.029662328675999182,-0.14807981252501745,-0.011042697943615785,0.034039280125405934,-0.1619963505648101,-0.036722725007310685,0.03546059230453722,-0.09875104371273426,-8.322185030825239e-18,-3.972734053289846e-20,-0.1371481729086174,-0.00711955359765896,0.0012662103558569355,-0.16180157633248612,-0.021782437062852978,-0.001025003508742272,-0.1833801016206374,-0.03556077252813328,0.0011677378804923484,-0.09340975813427252,-0.009907882488047444,-0.017055995736689134,-0.12620978180062664,-0.018177047454422408,-0.020620527470225636,-0.14834220383438845,-0.030939240385463394,-0.02074446644737858,-0.16786932477458133,-0.045813284854246315,-0.016844617977083382,-0.07839982816467171,-0.02050885051597206,-0.03240035897626067,-0.10071051798739264,-0.023017753973930827,-0.03888662292767311,-0.1205273953764385,-0.02797836480373016,-0.043110335552817985,-0.1407424787337644,-0.03739057319429628,-0.04265218640547051
0.0,0.0,0.0,-0.02714746158219293,-0.007816028164368076,0.0282286425562981,-0.048701170456755045,-0.01391827874537854,0.052291251501179734,-0.07312312397623605,-0.01942408426515604,0.06961111753253033,-0.09684910111217802,-0.021145325902918503,0.08047906330105863,-0.09776895208381362,-2.329511004155512e-18,0.02323824915066313,-0.12774784097777556,-0.004417055082484595,0.02944942792238993,-0.14947901898071714,-0.008855773328007849,0.033505295160571866,-0.16488785848770873,-0.0339106651480665,0.034535098211164954,-0.09909449177198063,-5.9380937676460315e-18,-7.093275822202984e-20,-0.13826813212375533,-0.0046127943718561465,0.0008196765581032014,-0.16369320684609748,-0.017978702696682593,-0.0014755111239632742,-0.1860328896227819,-0.03117815950450321,0.0010057619951331187,-0.09402924154663746,-0.009684959504805205,-0.017232367252774033,-0.12778116678042997,-0.01612879600867776,-0.020702027218934813,-0.15087242520918415,-0.027716604661792293,-0.021327577263416192,-0.17132675715495405,-0.042549794826593136,-0.017566994096161363,-0.07927966999107065,-0.020702124809253073,-0.03220015220922401,-0.10210252679612833,-0.02123338248300596,-0.039555808721802845,-0.12263533731940848,-0.02511394300015684,-0.04436448728962119,-0.14335711295755774,-0.0338352492212678,-0.04378837431643595
0.0,0.0,0.0,-0.027211574478323765,-0.007794311227379674,0.028288443453543467,-0.048777430018377005,-0.013827137475541245,0.05231419433499487,-0.07326019457792615,-0.019407448962443646,0.06959945185679223,-0.09702843404110388,-0.02118604007379927,0.0804556360449986,-0.09787758569736685,7.968159186202753e-18,0.023226651278648702,-0.12780525277342444,-0.004247018999677262,0.029419788887476987,-0.1495207997267166,-0.00840326000975535,0.03342658017649474,-0.16517209216830148,-0.033234620528290494,0.03439214843302287,-0.09919173113641522,8.333080925272426e-18,6.266327207962383e-20,-0.13834785502349367,-0.004325672823737109,0.0007584495152309391,-0.16388642237842643,-0.01752797939841394,-0.0017051522487197845,-0.18635464868835122,-0.030422610973997188,0.0007462660059121436,-0.09418828483920083,-0.009686749793106774,-0.01721837884916249,-0.12789275923965174,-0.015903212199198963,-0.020752273611800983,-0.15102664662362705,-0.027358502101650875,-0.02151446315981901,-0.17168996238271708,-0.042049212613789064,-0.01785254146201778,-0.0794703769470678,-0.02070922749798942,-0.03220279335635244,-0.10220234400699447,-0.02114792748907314,-0.03968327441778404,-0.12278346590242695,-0.024831272701581017,-0.04446479575138347,-0.14364186329543324,-0.033446686926934234,-0.04392027929953992
0.0,0.0,0.0,-0.02741698573162482,-0.007465481624397387,0.028125816856954915,-0.048881787058317056,-0.014018567200991393,0.052681228722236795,-0.07293974923789709,-0.02085850759965149,0.06898136757219703,-0.09810226083044626,-0.024301850562921747,0.0791194001499259,-0.09845734804364793,8.633965650040694e-18,0.023012549740016278,-0.1277883300324628,-0.0022726473006863626,0.0290852278446772,-0.14991108512170348,-0.005769673322377436,0.033505340579013776,-0.16688379800149297,-0.030211129536128912,0.03448658671050746,-0.09948503261642963,1.0401608432855273e-17,-1.8314170541804002e-19,-0.1383623178711409,-0.0023539761982425576,-0.0004091840086155011,-0.16462894655547367,-0.015804079780262326,-0.0019932263847049344,-0.1882802825747656,-0.028543591837104795,0.00037188360959669673,-0.0947201055687783,-0.009745455363661247,-0.017539032395374292,-0.12882292821908548,-0.014565802476035354,-0.02174621666304921,-0.1517748120748554,-0.02644747768649764,-0.021043188508684377,-0.17406959921070675,-0.04206269751330232,-0.018282790257478233,-0.08033340720176227,-0.020779696295546886,-0.03274015645247145,-0.10224569842374989,-0.0210000770968682,-0.03948492842176319,-0.12379729098227754,-0.024968127527198153,-0.044307466997238726,-0.14535823801005077,-0.0336829644341741,-0.04400253259150455
0.0,0.0,0.0,-0.026412876967340626,-0.007572615324596511,0.027795586205594792,-0.04813779437558666,-0.01371849274746923,0.05309680945414454,-0.0715648552506831,-0.020870213836620462,0.0702450508851885,-0.09798755023161701,-0.024095881910362427,0.07654443508998898,-0.0978134407011733,-1.2939254364247437e-17,0.023615305567970788,-0.12699909063386466,-0.002415655595968913,0.029539624223614103,-0.14803622941218555,-0.006222420816589313,0.03470092129321455,-0.16644160027523533,-0.032124008344778375,0.036108063348255705,-0.09849912837847145,-9.475295703959324e-18,3.714293822061291e-19,-0.13779191748313865,-0.003356546763142525,-0.0010699951132505038,-0.16301227132374654,-0.017159131052289778,-0.0017260494865757488,-0.18611360727673293,-0.03201591246885929,0.0008992155133387333,-0.09440535162331587,-0.009780874383166587,-0.017600172049545806,-0.12755150484094513,-0.016368449753255403,-0.01967180544056908,-0.15164845593619547,-0.031001928558577502,-0.019480153171192408,-0.1725181156961039,-0.04595634250035639,-0.016067195525286727,-0.07950709331933867,-0.020205045291792786,-0.03209594764178783,-0.10119941982883844,-0.02311785116766773,-0.03793730793235258,-0.12316945940344053,-0.029875262891256357,-0.04180585297967341,-0.14253254369801382,-0.038734205699724064,-0.04128305845654958
0.0,0.0,0.0,-0.025262032947790725,-0.009230314036536012,0.0278384344510328,-0.045988803341078716,-0.014164712530721841,0.05456240276084545,-0.06945523849617107,-0.022133787913437224,0.07128272031994416,-0.0955383572817641,-0.028749806591063982,0.07336705326330575,-0.09642845378036881,1.6960339536412598e-17,0.023273866601928088,-0.12297828250111162,-0.0036432609014957836,0.029418028224046516,-0.14408685533431714,-0.009247646091381413,0.03522866399062328,-0.16044927099006084,-0.03688674264085543,0.03577958374009407,-0.09702195078176512,1.494329456108292e-17,-3.9597575362613854e-20,-0.13396195266620248,-0.003311538602178238,-0.0020142882812196512,-0.15860115115005216,-0.019413187542576253,-0.0005574084505513252,-0.1805902917610745,-0.03421815063000114,0.0030361227384167358,-0.09201011826454439,-0.010045775102844852,-0.01817610308751652,-0.12496351055543745,-0.017202228038707988,-0.020015224786799006,-0.1462160136606021,-0.032857049656810175,-0.018137232812483826,-0.16660108069329588,-0.050984558758991015,-0.014789364912776375,-0.07676064967203144,-0.019979896424432448,-0.03270387655214542,-0.09799405636660437,-0.023523605046129208,-0.03873411921625679,-0.11950690257354547,-0.0320696567528184,-0.042599375769987666,-0.13695737314739223,-0.04244947587246804,-0.041722436868238615
0.0,0.0,0.0,-0.026987634753848456,-0.00990346623964746,0.028467837706240128,-0.04945523072230717,-0.014529049721487481,0.05512414351011336,-0.07404946660682492,-0.023620448268543495,0.07247567984880525,-0.10233614606895376,-0.031005379696399472,0.07053443858696347,-0.10185349367217379,9.535509489469509e-18,0.023303976573764654,-0.1273910882017505,-0.0018257078051083162,0.02922961017981168,-0.14576978682711006,-0.006082131947484815,0.03384824286107826,-0.16412733674606003,-0.03463876494808712,0.03392194097718741,-0.09995731968659345,6.161590266038405e-18,-1.8437531443910501e-19,-0.1357091629525149,-0.0015849136786108809,-0.0024107638050846194,-0.15909971303692,-0.01859331545320407,-0.0012459797866039323,-0.17801040712498697,-0.036464128089942587,0.0016049006527656332,-0.09382300865868776,-0.009168703918202762,-0.01913534231795912,-0.12695336884766767,-0.014979928887431996,-0.020471183126964703,-0.14855332042503716,-0.034214722680530704,-0.01900556890864259,-0.16567597946924678,-0.05252128747643194,-0.014424393592180272,-0.07743473696666467,-0.018090839215847986,-0.03431004136590691,-0.0988334851805554,-0.022095885986195576,-0.040681623742676205,-0.12052355579838049,-0.03240162569560372,-0.0439578020701723,-0.1358074945142283,-0.04714345500788802,-0.042195438317410065
0.0,0.0,0.0,-0.027777419357512677,-0.010114423321353132,0.027009921987370594,-0.050391924033287704,-0.01552141407663432,0.05391251737118581,-0.07549445745732926,-0.027183340705418408,0.07114501933191114,-0.10327605952235994,-0.036753045832040164,0.06746679511269978,-0.10020373139355924,-9.272421800514874e-18,0.023058306420414,-0.12621518549220154,-0.0009865908724902665,0.029227328519366467,-0.14573528864057142,-0.005093885598510986,0.03350301726957349,-0.16507316419399531,-0.03267360158228678,0.03362788070956397,-0.09953176973937253,-1.740936429557693e-18,-3.5616437792457387e-19,-0.13505667006340047,0.00031480824039605503,-0.0025922373065189143,-0.15948182260454302,-0.017420369628516525,-0.0008086981879143403,-0.17815795453856662,-0.036406502541120975,0.0013901752659281313,-0.0938539499845457,-0.008438873262419698,-0.01772752727152967,-0.1280979431917973,-0.01349671304569037,-0.019789242311804393,-0.148652599963988,-0.03157718730472316,-0.01819510832016615,-0.16481882144054283,-0.051679964799066905,-0.014448220504412142,-0.07775591018758946,-0.017389746756439554,-0.033796879535642886,-0.10017672102155743,-0.020308675352448582,-0.04145119990160874,-0.12236161427576193,-0.0305014568988698,-0.043808596453216594,-0.13678378006780129,-0.04498745380807195,-0.04153123463590656
0.0,0.0,0.0,-0.027384979670840713,-0.010393862329020006,0.027019484957481417,-0.05016784599571175,-0.014449972258191094,0.05437969178419871,-0.07516450612492573,-0.024256701142859938,0.07215765686546206,-0.10237987269848613,-0.03383623663332829,0.06721254496637695,-0.10129634449886711,4.0288286683732117e-19,0.022913455718268163,-0.12674776627747483,-0.0006027371827685541,0.029103199517080704,-0.14625761091704542,-0.0045890635786691785,0.032873203908048376,-0.1659907896322649,-0.033388444793425336,0.03243477794659754,-0.09999123307349295,-1.712055263374039e-18,-9.72876379937785e-19,-0.13625959177553104,0.00043212916864098064,-0.0027893373111293075,-0.16005759752476592,-0.017761383605606224,-0.0021144582509999565,-0.17821251431812513,-0.0369285444358407,0.0008586752139199234,-0.09422002166938505,-0.008612134349000834,-0.01877578795265439,-0.1275382373488099,-0.01417945156427538,-0.02040501956351132,-0.14792855467501892,-0.03361210926225528,-0.019325689347495432,-0.16330257921706456,-0.05483217468146025,-0.0144811447607527,-0.0768129419050676,-0.017289801155141407,-0.03524748923670124,-0.09910144417752004,-0.021230334978234164,-0.041651996088551906,-0.12156619076122761,-0.03274042008369838,-0.0440998578114601,-0.13524438456521287,-0.048569454578863254,-0.042609205287025435
0.0,0.0,0.0,-0.026221572471748465,-0.010484086447112063,0.0255045212536195,-0.04927808037294695,-0.015752408825983027,0.0527670212508448,-0.07411853771655524,-0.02621358081988174,0.07012111316695481,-0.10197432932718574,-0.03857670254383922,0.062294714209923135,-0.09852513125893199,-5.773019433255841e-18,0.02274623307066615,-0.12419419072025241,-0.00021768761667500153,0.028272154277887936,-0.14396418446071427,-0.004874432644654436,0.031087880523800952,-0.15903812885968377,-0.03422170748783569,0.029188023546960182,-0.09793738268368923,-7.02342478317373e-18,-3.0570418597855696e-19,-0.13366073361655711,0.0024117913535260664,-0.0036488309995273286,-0.15627132485829226,-0.01533838530911005,-0.003185244436866333,-0.1706343630968524,-0.034653212646713887,-0.0010650959331841496,-0.09280065523214642,-0.007833652240167716,-0.01838929120402411,-0.1252259561168888,-0.012207885366064822,-0.020590769645681038,-0.14384370064468135,-0.030065401772176398,-0.020278014950840143,-0.15648572098213012,-0.05232924798718908,-0.016657213701493836,-0.07580619036486691,-0.015823789182753893,-0.035497070569795466,-0.0978234702036285,-0.018113803287477907,-0.04216119148572436,-0.11957627248415709,-0.029753280864370877,-0.04416959143775765,-0.1315310349063645,-0.04555287773403743,-0.042480075426228725
0.0,0.0,0.0,-0.02477233277147711,-0.01023575374975297,0.025370876624291865,-0.0479364902197732,-0.012437450166077136,0.052577091520526066,-0.07387240445298683,-0.023039462372888026,0.0701656816339684,-0.09643214784424534,-0.036227432738352355,0.05912953225705154,-0.09639832090444554,-3.2425110882730333e-18,0.02277308227664403,-0.12126181371874975,-8.632518968847338e-05,0.028011566767376074,-0.1408888684459023,-0.005835057307304371,0.03068883403664794,-0.15496487283325444,-0.03413090107330264,0.030164815907224352,-0.09638196079209062,-7.282378585318342e-18,8.7343709524427e-19,-0.1328417837013912,0.0024967068462645728,-0.004253536843771544,-0.15386029257659625,-0.015019293087112693,-0.0034887873592046263,-0.16567021917820515,-0.03503143484547693,-0.0008187842048517528,-0.09124906125827972,-0.007585067165313703,-0.018560020728481057,-0.1241475247485184,-0.01199446652417388,-0.02111146200605784,-0.14074214141122723,-0.02970263687185903,-0.019157162060431016,-0.14985238473165124,-0.05340153925696202,-0.013988043154948502,-0.07386794909676338,-0.015466466493605037,-0.03568788539643108,-0.09621393442702662,-0.018002075183743936,-0.04259584658637585,-0.11603945196196302,-0.0298074657998991,-0.043762707892140346,-0.1233087696904973,-0.04595255299392146,-0.03945314904677839
0.0,0.0,0.0,-0.025410866136671026,-0.00847903137661041,0.026015050421198706,-0.04925270099956138,-0.009665300289373612,0.05105229607560939,-0.0765228900754644,-0.02199603240181782,0.06698395907821834,-0.09702098581010939,-0.035788584278648124,0.05639441034946135,-0.09605353202817624,1.2131230117307795e-17,0.022762597189350676,-0.12129868564651064,0.0008890881952298907,0.028325127309888624,-0.14036380757297062,-0.006932693490721626,0.031727221662565516,-0.15197055601920925,-0.03626634768485248,0.032901042862209615,-0.09584587331626418,1.0372060507399114e-17,9.502250211399977e-20,-0.13225831269215693,0.0032840841891155115,-0.004369353109904655,-0.15351553860842537,-0.01568447521701361,-0.0029414044494524075,-0.16286603814419842,-0.04012378712307954,0.0017642449705911635,-0.09037239845525737,-0.007958120878103433,-0.01705472560551912,-0.12515047007377839,-0.010388887113369568,-0.02102806690947576,-0.1408803412598816,-0.030039304585844716,-0.015867470529338908,-0.14594684025006877,-0.055759340010492285,-0.007211152319609813,-0.07352398230961622,-0.017227089532394102,-0.03381443481160298,-0.09634369574016255,-0.018464812996577613,-0.04160638176279821,-0.11475383689776116,-0.03019000030613775,-0.04206014951536537,-0.12082287517235674,-0.047165215842491365,-0.03380422287282228
0.0,0.0,0.0,-0.024579166356296787,-0.0062696131422540725,0.025647575702908765,-0.04985798665444606,-0.007135307305425002,0.050248692752019375,-0.07883099870012095,-0.022549774321884004,0.061152632605577344,-0.08899303907193036,-0.03877766217913381,0.04418212944243347,-0.09462589386667138,-1.2149629354166753e-17,0.0238687672465402,-0.11982722124391199,0.00042298702209764874,0.028709977670535798,-0.1347594484208392,-0.007684121094100563,0.03242500912000206,-0.1371680049744437,-0.033201579520341695,0.0325857400323803,-0.09422566899213969,-1.497067413596085e-17,7.019014721436691e-19,-0.13201798337805606,0.0030727364702117675,-0.006463926490317408,-0.15143330260274002,-0.01564812520346972,-0.0031880651834622596,-0.15504870511035207,-0.040994699665918864,0.0049868822059681355,-0.09020278717412175,-0.009032890319074196,-0.016009371279348938,-0.12574825518603486,-0.011823783880434539,-0.02225794207136599,-0.13836848734916912,-0.03224312020021412,-0.014721166135750918,-0.13385762714487212,-0.054792101680691305,-0.0038640407735981157,-0.07342013588172283,-0.019172721514610785,-0.03423642997330694,-0.09643577797512037,-0.019466140163449875,-0.04170954814143664,-0.11527768615790095,-0.030730825903081228,-0.04197271659836923,-0.11838522940637472,-0.046393411548302045,-0.032001449547571593
0.0,0.0,0.0,-0.024342477915482864,-0.008093525372298996,0.02474284559789846,-0.05019849690745995,-0.007929113934678234,0.04906178058732825,-0.08120213293080081,-0.02333711163304935,0.0605487120934227,-0.09308221332818933,-0.040508687146928526,0.04006242499295538,-0.09448801873494564,3.2915705241687e-18,0.023770811943734815,-0.11913464707792137,0.0001679093051170025,0.028052466375695032,-0.13536901765095782,-0.007638668953420464,0.0310350952263368,-0.13900802156319345,-0.0336559349513145,0.032144133863990336,-0.09388720454259475,3.096904889038979e-18,3.3470546460326716e-19,-0.13094929349237713,0.0038055359864294716,-0.007305568567810778,-0.15174545623972127,-0.015014061958526559,-0.004861440270182022,-0.1567597105000577,-0.040285097900445724,0.003074500190356186,-0.08947379193741356,-0.009144879552649251,-0.015771288619058774,-0.12513080247696517,-0.01219113211108553,-0.022773781471690385,-0.13742560463448553,-0.03162835488828712,-0.01600641787045386,-0.13433103705315635,-0.05464208757180693,-0.0056532696253155275,-0.07143388074348848,-0.019993278754294505,-0.034090230409703486,-0.09555136149557816,-0.020405584831474484,-0.04153700859748448,-0.11443566424127073,-0.03337235703882869,-0.04141158385738641,-0.11536127906553856,-0.04995578342491436,-0.031412575632388806
0.0,0.0,0.0,-0.025156945809374366,-0.008253793270395647,0.024488679753651217,-0.05105850892760958,-0.00890271944573128,0.04877013987386423,-0.08203109006580549,-0.02394781710638106,0.06075793367418782,-0.09503464454642511,-0.041612813703878065,0.041667264615859526,-0.09527406193451993,1.674472074428266e-17,0.02365305503730832,-0.12052775233807493,0.0008831801320259534,0.027783688370532328,-0.13684030639709077,-0.00709232138814266,0.030561396074499945,-0.14014732789572454,-0.033985729849187074,0.0317316436640386,-0.09434960327910212,1.2223709892068201e-17,-3.6941102919975705e-19,-0.1317236677461263,0.004441322827046819,-0.007281146241116089,-0.15242173140402782,-0.014163799743856008,-0.005348188634748946,-0.15775356837370264,-0.03930401465178391,0.0020631386801239905,-0.08972248095155237,-0.008921260163084943,-0.01579788078039332,-0.12556087988399378,-0.011641159619303452,-0.023086145401849806,-0.13827067093771134,-0.030879873739786144,-0.01675160619327776,-0.1359558694701028,-0.054073577686115044,-0.006751445589855765,-0.07160113269141233,-0.019591627209790973,-0.03402558870725506,-0.0956195385327463,-0.01999978062395108,-0.04173431298319653,-0.11470126341454509,-0.03246645003326935,-0.04200766436348844,-0.11644820704648852,-0.049399711595823396,-0.032495502325747494
0.0,0.0,0.0,-0.024339803056356996,-0.007021478080904127,0.024156549007822645,-0.05147296076835275,-0.008421986011247743,0.04846021490471992,-0.08357036299224742,-0.02308549263859127,0.05927237929220386,-0.09569553812158092,-0.039216477312667294,0.039710267842967724,-0.09571258275350751,-1.3778515587755283e-17,0.024186482638198323,-0.121992065413276,-0.0007117375067699349,0.02770988533543533,-0.13743057601799455,-0.010461793039451465,0.030243684260564497,-0.13928949365658444,-0.03594105073594972,0.0314449609342173,-0.09521284441870255,-1.2472573279811797e-17,-5.088898104981423e-19,-0.13250938402874765,0.0024774132161260775,-0.007778352779360062,-0.15218379252769998,-0.015509336855803321,-0.005906356100989624,-0.15773801521907363,-0.03952133074968848,0.0011200362783481176,-0.08970150295686534,-0.009905034184659501,-0.016445776521421873,-0.12456541428397636,-0.014165653676552809,-0.024088715206137562,-0.13973399269742529,-0.03240936797821419,-0.0191918242853565,-0.14142010108435718,-0.05421738927013299,-0.010598295721197781,-0.07162072334402192,-0.020205664190528258,-0.03534793716711856,-0.09396767497875659,-0.021048551286074975,-0.042996372377574726,-0.1128286297157307,-0.03258932833023975,-0.045133297441962456,-0.11774937455974753,-0.04822689729134694,-0.03701595989651115
0.0,0.0,0.0,-0.024623874598353804,-0.006753085761406452,0.02405040828969479,-0.05233320881045604,-0.009577112112595376,0.04815667893011395,-0.08423108215621182,-0.023175901621283853,0.06034774083605297,-0.09707943892211947,-0.0408211915116558,0.041428100530877233,-0.09522361496795519,1.8182721920032356e-17,0.024083778341810566,-0.12185773301805122,3.226808452416736e-05,0.027019567507504578,-0.13685653926870972,-0.01057236049257205,0.030404762812944814,-0.138710372695471,-0.03647513049339161,0.03131098990426459,-0.09465703101304497,1.2836510518856167e-17,9.132890803440322e-20,-0.1315427241301185,0.002886744287817277,-0.007210186139847238,-0.15150540315047142,-0.015303759385366243,-0.0047587829682023165,-0.15777489377662038,-0.04076091974191571,0.0004412870599900084,-0.08901139266436402,-0.009367842892945375,-0.015860655283249196,-0.12512766555747812,-0.014490509978106835,-0.022869882801822672,-0.13997987689868188,-0.0332564780408481,-0.01764820631799827,-0.13978745627421074,-0.05563213050968561,-0.009037096822166982,-0.07126078741604436,-0.019342514082494915,-0.03428655524475535,-0.09356393061519011,-0.021246217046722374,-0.041107722103615796,-0.11130251921018176,-0.03286687198110574,-0.043388493908905715,-0.11739432469792326,-0.04737771676357832,-0.03648985981638032
0.0,0.0,0.0,-0.02542696476030839,-0.007099897832024091,0.02405983561099532,-0.05200350042819109,-0.007346006613164251,0.047573836607003886,-0.08316344230172251,-0.022660751043694995,0.058966900961480245,-0.09572402062527463,-0.03968576207736223,0.04118890040561929,-0.09555874222561071,1.601745507112476e-18,0.02327127425487438,-0.12010335913740887,0.00011171284842204866,0.028154718881797082,-0.13673405579386838,-0.007991295805626988,0.0314213438383777,-0.14200430175862774,-0.03431343507184606,0.033022523921203056,-0.09443898412534639,-3.5566036643758765e-19,-1.0237402069421593e-18,-0.13073476431189693,0.003343836938269987,-0.007130940939201237,-0.15161736520506544,-0.014753705137202065,-0.0052190286794983765,-0.15920596018640745,-0.038714189688567706,0.0028226062907202205,-0.08917978068881831,-0.009175269802663923,-0.01571879422663621,-0.12322217954104683,-0.01339400807339015,-0.022811053513860247,-0.1381691994273861,-0.03189890839628505,-0.017292214573376735,-0.14055287842540337,-0.054249428668920685,-0.007137640490786844,-0.07114238505870175,-0.01988442015962375,-0.0335793621261968,-0.0928781038481722,-0.02102673829595252,-0.04159186152020146,-0.11251072590461811,-0.03283059533344514,-0.04406063152252177,-0.1183085807872912,-0.048970193397054676,-0.035617184879868515
0.0,0.0,0.0,-0.024931337516885695,-0.007599828740972253,0.024447481312663652,-0.05120571595450817,-0.009215547571642009,0.04849987643287663,-0.0822154506781856,-0.02569029352639372,0.059047150235383775,-0.09460902143480687,-0.04302236892403835,0.039459887718411836,-0.0947757409564706,-1.5517805721098843e-17,0.023242399765130043,-0.11975901369968889,0.00030412810117014466,0.02859187588138223,-0.13675297667976768,-0.00838263158993635,0.0322319527298821,-0.14189959092590562,-0.036382364814606556,0.03332675383353562,-0.09438038343478765,-1.400747318425052e-17,-7.088937849579447e-19,-0.13032071549099475,0.004463232441662943,-0.007028423285329052,-0.15204375401113676,-0.014461193233721668,-0.0052965384121807174,-0.15991568236231746,-0.04002071669867928,0.001761866642105568,-0.08919375903707802,-0.008635796561744877,-0.015277453532123068,-0.12285106470281687,-0.013170282492779435,-0.022747505961692116,-0.13875070046162802,-0.03211164296060084,-0.018111813616064076,-0.14225568216635281,-0.05564143310019314,-0.009767088626835237,-0.07089407249231267,-0.01907071397657167,-0.03332656972939064,-0.09170406552385511,-0.021246407986383456,-0.04034493768236617,-0.11051226064174881,-0.03355477048087569,-0.04378688456147486,-0.11843554241883465,-0.05052040385439995,-0.03801883560047152
0.0,0.0,0.0,-0.024171200517165453,-0.007583659575762093,0.024311235030221374,-0.05076114258040896,-0.010550523306864625,0.04823810564235029,-0.08211962661496099,-0.02782140903891673,0.06011248462858276,-0.0970433894273692,-0.045056298513379694,0.04050364877633478,-0.09570205076021536,1.7977212567457525e-17,0.023187174256892887,-0.12071363145134589,0.0011577827773069497,0.0286488544611283,-0.13662313633517578,-0.007638454306443376,0.03237186658500564,-0.14213341253918296,-0.03624242182348978,0.03275113048634964,-0.09459784635309361,1.4456804568928167e-17,-3.556688579635634e-19,-0.1316568839599329,0.005950302099730108,-0.006825435652909211,-0.15273165470988406,-0.011875660643447897,-0.005137496323487421,-0.16054374508977803,-0.037587682754248966,0.0015057246225581398,-0.0896521064460789,-0.008087142400007746,-0.015873301259940093,-0.12316649430120766,-0.01170219235833102,-0.02299091267545799,-0.14076671504436036,-0.030267236431755166,-0.019614674625062705,-0.1447627174901435,-0.05247665901198454,-0.01204768258780447,-0.07064831062435134,-0.01784220490680485,-0.033668280006130286,-0.09126720216357537,-0.02069409701450897,-0.0399571400614077,-0.1102166998639046,-0.03215472567878079,-0.044884744696928304,-0.11913182636891248,-0.04888259592736885,-0.041224623854774614
0.0,0.0,0.0,-0.023949743883260776,-0.007713288438086069,0.024169888829435302,-0.050122849010579465,-0.010726402520289507,0.048220891862191945,-0.08166240187951956,-0.02816396960552738,0.060140355544793786,-0.09707200363864536,-0.04523984894800418,0.04098646281220036,-0.09559144233978716,-1.4904471149225474e-18,0.023024027097049336,-0.12017329452676043,0.0009076968072397643,0.028650771573903257,-0.13626845358085146,-0.008103308562738148,0.032395619519725485,-0.1430074275533468,-0.03704679848837726,0.032611580927602704,-0.09448765960440676,-6.345852760796776e-18,2.2638883557056764e-19,-0.13077812152451146,0.005529662592327333,-0.006133261688391138,-0.15197564177966186,-0.012090303307609192,-0.005031731191920539,-0.16067788681699852,-0.03715283214653692,0.0012853416732394192,-0.08941552545689081,-0.008238363967568491,-0.015898158718490683,-0.12215950682898184,-0.011697730532410716,-0.022724398997106085,-0.14001225472255044,-0.030106004481213144,-0.019693240105435127,-0.14531482368674803,-0.05256733842911944,-0.012407754830454669,-0.07055749027258447,-0.01798633384306717,-0.033310008465117294,-0.09094503344005468,-0.02057229461873424,-0.039676833105449165,-0.10978306265090765,-0.03161566824089106,-0.045188355305210245,-0.11933618283211901,-0.048715070991019904,-0.0422405276381975
0.0,0.0,0.0,-0.024002432811587,-0.007701056929544619,0.024002427352277735,-0.04992433753765275,-0.009278611426649944,0.04782339760584524,-0.08209077550876065,-0.026746127358517415,0.05979411085479062,-0.09687918649365404,-0.04387984177701983,0.041276827431035966,-0.094506245752247,5.026398147354506e-19,0.021815662430664667,-0.11854906315297949,0.00022695838019283487,0.028807538598944558,-0.13609773491857682,-0.00929619318191563,0.0322976080427601,-0.1456616565846761,-0.03609369188398774,0.03285267975011717,-0.09431042332892897,-5.953198861113074e-18,2.2356328030214026e-19,-0.12822267389273403,0.0057493650830703165,-0.006238983595692189,-0.1511230405322594,-0.01162537597715162,-0.006067787058429262,-0.16347516779033378,-0.036695622276122726,0.0004545611457274585,-0.08897355016501411,-0.008581885566374231,-0.015711105400298606,-0.12155849184614521,-0.010224570000608092,-0.023898489201801567,-0.13840258925162724,-0.028254269454109908,-0.019735109947842364,-0.14607641799027143,-0.05275681388126734,-0.010508291291192658,-0.07036338023295516,-0.019079125445343164,-0.03351907775703842,-0.09080828890461866,-0.019698485281673457,-0.040137208915894174,-0.11024715519734933,-0.032107446748225694,-0.045940244975428354,-0.11888214070521942,-0.04985233181961169,-0.039450441761916956
0.0,0.0,0.0,-0.023570557049944058,-0.0068109070204802735,0.024033633542084074,-0.048725551244108635,-0.009533121790059572,0.04816973038092547,-0.08021762634239833,-0.027034817059869105,0.060428918580391795,-0.09724696606819512,-0.04432920702783931,0.04268398197771239,-0.09435629920497082,-8.592066263677892e-18,0.022157411531412194,-0.11929778385687066,0.0010401728577538749,0.02861134201741386,-0.13710670105158376,-0.009192535306046775,0.032058456466732055,-0.14447351507779194,-0.040151453881728576,0.03294390051712989,-0.09397288953588186,-8.209658081555213e-18,1.7715910709746604e-19,-0.12825686110623158,0.004599172079931779,-0.00646944281213206,-0.15011284653512372,-0.0129376032097889,-0.006056903873109781,-0.1621641911058451,-0.037401741047168195,0.0009238391937887985,-0.08841669188975444,-0.009180568985561046,-0.015868753427212823,-0.1204127289411113,-0.011274282482888448,-0.02353878533966151,-0.13671392160724982,-0.02990179465514252,-0.019248046415866825,-0.14438788077193285,-0.055239974855774455,-0.0100605885926414,-0.06961412477928523,-0.019417614022733246,-0.033865595917204,-0.09003013300511423,-0.020857689128393614,-0.04151714209795532,-0.10873809114432219,-0.033212358047089684,-0.046555876427010964,-0.11701343283004757,-0.050315361193694494,-0.03941464047440849
0.0,0.0,0.0,-0.023516515387518866,-0.006822476583633811,0.024769505482294233,-0.048660747554613526,-0.008702858728603437,0.04898794564329923,-0.07974141205526183,-0.026302534190227086,0.061665715668990706,-0.09726141802895845,-0.045025047409197876,0.04429895663841631,-0.0939422830826146,-1.2991352680767864e-17,0.022885854313155967,-0.11906755347317088,0.001087019184070842,0.029118223817162302,-0.1376543718695378,-0.009286319919141927,0.032463438071779885,-0.14348857412617044,-0.03898776329058944,0.03361788252159633,-0.09434454745920952,-1.1789900008747835e-17,-5.8170187339258825e-19,-0.12972588181406022,0.005296895839682159,-0.007172840147254861,-0.1520011266259594,-0.012684655360694554,-0.0059363097006825795,-0.16306708543641824,-0.03857000585787978,0.0006710388968792839,-0.08883830258198706,-0.009499882662897842,-0.01615554181708117,-0.1229013831675374,-0.01182124033437353,-0.02443983429937172,-0.13847149884624474,-0.030348332817132034,-0.019065856081422788,-0.1441323510099303,-0.056384949112533916,-0.009666548110493927,-0.0707289455252655,-0.02009062168837029,-0.0344358284559539,-0.09178467803679008,-0.02088243256478244,-0.04291313084053937,-0.10979914078090859,-0.03328076248964534,-0.04719882202965035,-0.11564337235228576,-0.0500911771781608,-0.038211529407848985
0.0,0.0,0.0,-0.023531767109188355,-0.008367477039412525,0.023632494532571578,-0.04879314937103189,-0.009902449593109876,0.04913397518714767,-0.07958538059430964,-0.026676739264124096,0.06466475559363627,-0.09803722916586116,-0.04401500961016753,0.04693137685711917,-0.09543841202354539,2.447514108800489e-18,0.023006023954689484,-0.12034028916316253,0.0014557681140349589,0.028999978945051616,-0.13924813498587715,-0.0077715726250890535,0.032763989054477395,-0.14813232840643284,-0.03676694708541884,0.03181899725852474,-0.09517069011968701,5.477375776547498e-18,2.8168034390526243e-19,-0.13181553914326663,0.007344520192885013,-0.00668361526867654,-0.1549570138349281,-0.009965476025975266,-0.007026219382294233,-0.1662950535700985,-0.03423070488227058,-0.0034732804856350986,-0.08995784420751625,-0.00820718227292127,-0.01739125225310795,-0.124235037855511,-0.010149554285926189,-0.02437041533996804,-0.13972936166486485,-0.027996043484286654,-0.01991751380486668,-0.146194875301967,-0.05468496682018291,-0.013105769795331151,-0.07195079483571806,-0.017635155084958054,-0.03574029080352774,-0.09303529838636436,-0.01783187017044637,-0.044818785177114386,-0.11117674417642603,-0.028429694557813252,-0.05037963407288304,-0.11858843922298656,-0.0449589835765702,-0.04624422537042301
0.0,0.0,0.0,-0.02488746658674592,-0.00856521411178666,0.024435791024573227,-0.04862828302413768,-0.010149085003823013,0.050222278910008064,-0.07574265806945976,-0.02284666181314639,0.06826172202425748,-0.09924610040773675,-0.03645319027073067,0.05690446549760169,-0.09704082747528799,-9.601745408333021e-18,0.022414323637803595,-0.12222547251165372,0.00021434419705289225,0.028723776275698977,-0.14143470381524043,-0.006144075210956251,0.032027452867700146,-0.16031857278044023,-0.03470284759404072,0.03279372107004607,-0.09659856668276226,-1.0057593270177572e-17,-5.771276938521407e-19,-0.13352448866832886,0.0037147930879183892,-0.0035010165856899774,-0.15657252448649453,-0.01277365948258349,-0.004309383369819073,-0.17130217189211425,-0.036566350632061574,-0.0012908522891659211,-0.09132861090299162,-0.008423967883904392,-0.017360829675106725,-0.12577182379197144,-0.010065119382900172,-0.021664567597473695,-0.14377459961733957,-0.029999954123273397,-0.019393387831298625,-0.15291779009001358,-0.05840634865104478,-0.012321296043365522,-0.07418575925472912,-0.017293098369942,-0.033489481889155,-0.09568370652459827,-0.02003247572147634,-0.04326568284651468,-0.11323814446506375,-0.031008465307412334,-0.045872161014664736,-0.12102863504730763,-0.048904670436146755,-0.0420492416088203
0.0,0.0,0.0,-0.025168882957645973,-0.008540152027267824,0.024422043165818003,-0.048960716211410404,-0.01075269131486821,0.05035739252520676,-0.07588711835904231,-0.023643528449112307,0.06841065810111091,-0.10019440209013245,-0.037354363417249,0.05747107518186969,-0.09733362547353751,-1.8718314413173417e-17,0.022343192170992166,-0.12262647761189102,0.0005651503116915509,0.028832240242236833,-0.14227733823608235,-0.006086430015326819,0.03212562134064603,-0.16098584614067285,-0.035083762598971655,0.03290990151036355,-0.09703089917815058,-1.8068112065356436e-17,8.768130455062976e-19,-0.133911620527153,0.003893326027109155,-0.003369651578936883,-0.15708212203502034,-0.01285695856910996,-0.004099696702699461,-0.17202878620827,-0.03689461436048445,-0.0010069901288369707,-0.09163286801518056,-0.008264650952919398,-0.017082090781931365,-0.1263143910987666,-0.009806728310015467,-0.02150739909182235,-0.1442832927681949,-0.029804235084327068,-0.019174131590504667,-0.15369446416746613,-0.0587036709143427,-0.011934688058696987,-0.07457757265574966,-0.017236075320562382,-0.033166267761985856,-0.09611156646924766,-0.019916529594632155,-0.04294773023330755,-0.11377133096231874,-0.031096629425658242,-0.04560049565202376,-0.12190179363187366,-0.049253490465638386,-0.042024926791785315
0.0,0.0,0.0,-0.026453953510886554,-0.00978208739959921,0.02558820784652676,-0.04848905807648467,-0.015047981901915333,0.05351522638743953,-0.07409636086538031,-0.026078501089199988,0.07189681155267966,-0.1017373916911516,-0.03664652201090868,0.06721970754892401,-0.09978386201978164,-5.2829390895016955e-18,0.022033487698826147,-0.12578003721175132,-0.0006657876451320446,0.029616462407885524,-0.1462785350019061,-0.0045354569654330185,0.03336372365845444,-0.16807974873813866,-0.03390600690397933,0.03439350897863944,-0.09958903095406915,-3.507727552383467e-18,-3.2386441933927584e-19,-0.13644851904790448,0.0023687481647594977,-0.0036617838167180847,-0.1618541832011789,-0.013117566562972664,-0.0027551023123252184,-0.18275316531201122,-0.031919661511458,-0.0015037706125032302,-0.09368581299698485,-0.008671478344943105,-0.017176881625774586,-0.12780440086326486,-0.0138691675306304,-0.021367132470244955,-0.1489367735977671,-0.03146846858035824,-0.02073131290769166,-0.1667704040365228,-0.05430879585384822,-0.01898638782433919,-0.07673405786197739,-0.017736611726794683,-0.032507883185179325,-0.0983413334328614,-0.021522857792022038,-0.04200956153677483,-0.11853168715356228,-0.03335702540989653,-0.046791976346295575,-0.13316084591777902,-0.04883340539330732,-0.04810387564424619
0.0,0.0,0.0,-0.02708571769970071,-0.007571930414426548,0.02608254630237807,-0.04968368089410976,-0.015800854987741628,0.05365594763232315,-0.07439052182491447,-0.02716223467804225,0.07232792753546768,-0.1054985404317106,-0.03546018703675757,0.07580443049767263,-0.10268904764724623,1.238189365685946e-17,0.021319198527676303,-0.1284843967354989,-0.00048688940867205085,0.030547762191199708,-0.1495574181388011,-0.0020400882836508686,0.036000136764868226,-0.17323667698772466,-0.029543894938137128,0.03715999753695606,-0.10146837810160769,8.316572209703457e-18,6.478485666098702e-20,-0.13950347142975617,0.002400146079117939,-0.001960316819220928,-0.16645331786430875,-0.008087988408442371,-0.0017497995489933079,-0.19286801324503866,-0.021435479339667034,0.0012246844294290457,-0.09619680869864879,-0.009888710232132242,-0.015783340461026193,-0.12880025130239064,-0.016231206127671146,-0.019299251979264683,-0.1530809519440451,-0.032057356668533765,-0.0207072649685673,-0.17499514135553415,-0.04942051607564038,-0.0201454579598576,-0.07957075254297273,-0.019577898604856057,-0.03007160395354711,-0.10051357768764826,-0.024471063064659196,-0.03992669694379376,-0.12138448701849486,-0.03632228939118343,-0.04662892655035652,-0.1394766188391872,-0.04855369603848597,-0.04874578433701815
0.0,0.0,0.0,-0.026469153019386037,-0.006645000390647099,0.024418212137318245,-0.05164596857896582,-0.015658019852621986,0.050702366443441914,-0.07652615571790969,-0.027516147119960383,0.0702603965393745,-0.1049168862726961,-0.03412672975045158,0.084236371595505,-0.10177928861253506,2.2129405349724458e-17,0.02085961189388561,-0.12910251362618377,0.0018057269303166648,0.030929386159903427,-0.15085272332535354,0.0033780074892570885,0.03532389238883005,-0.17639350380512878,-0.018350922704904418,0.03826739011296966,-0.1015428918257236,2.009539479663374e-17,-1.1531728086152541e-18,-0.14012067232878875,0.0037586035590392495,-0.0014616768767025626,-0.16816837541858984,-0.0036762489848099116,-0.0029598729900115017,-0.19553590273987814,-0.013506388633231683,-0.0013937427230133193,-0.09683586578919771,-0.010404256129123473,-0.015356767631767052,-0.13129540377213508,-0.013800123776545626,-0.020976966212197513,-0.1554424811458667,-0.026861958172677353,-0.023464010183296444,-0.1811629558351671,-0.040907494481385746,-0.024748655783565603,-0.0807890383665881,-0.020369006102713503,-0.030464121813375905,-0.10179850476911934,-0.02397288006828761,-0.040825388680881154,-0.12304292833509306,-0.034808501234966566,-0.04982915653825468,-0.14154711270823772,-0.04371047018514385,-0.05327608593140068
0.0,0.0,0.0,-0.026793470207372216,-0.005481064591915905,0.02396739142787518,-0.05167789181521299,-0.013489532344409683,0.0495377152332086,-0.07663802925610538,-0.024475847143749962,0.07074800415034899,-0.10237771651239323,-0.029431916970958278,0.08588367075284745,-0.10029025210377837,-1.0083364237258027e-17,0.019885884255505738,-0.1279462694465812,0.003204358815363913,0.029789071899143958,-0.14878717547756945,0.005918288445765828,0.034180538633643155,-0.17467779715014167,-0.013002404670180998,0.036882171742291144,-0.09953023170469553,-8.644066352500579e-18,-1.0775495724090467e-19,-0.1385261863873087,0.0028861352806014724,-0.0017618675915544843,-0.16525573344554068,-0.003315944222401453,-0.004343006190430437,-0.1917850806080602,-0.012458627145719726,-0.003279980425421864,-0.09488628497575816,-0.009881331186746507,-0.0160473908260818,-0.12786492673754912,-0.012062459462011562,-0.022863821795263594,-0.1526359772096549,-0.023161817794413227,-0.027585591380669943,-0.1768856524472498,-0.03410290542070955,-0.027931908418148837,-0.07901293028594354,-0.01962473939346505,-0.0307034360771998,-0.09930678145742597,-0.021997676851027742,-0.0422945000082578,-0.11961920351414883,-0.03045716409560027,-0.05257827828347452,-0.13701527444938225,-0.03684414105860389,-0.05707347891441493
0.0,0.0,0.0,-0.026002259018155754,-0.005298585020950551,0.024288001709543365,-0.04864015721255969,-0.010497262298815601,0.049521287178190036,-0.07104598243786665,-0.017129194536188722,0.07280343060777848,-0.0936657622968011,-0.020293599898959576,0.08999589638897772,-0.09745778771727323,-6.437056454365954e-18,0.0201575503599823,-0.12434810402151313,0.0016508887038359107,0.029283665845210277,-0.14438549385032037,0.0037998232823891072,0.03487080953701304,-0.16790838336800631,-0.013347591965108225,0.03704031884263086,-0.09702805535171295,-6.412986325721274e-18,-2.8581817274789117e-19,-0.13587590576962746,0.0004677107198650445,0.00022628236169695452,-0.1615174276962522,-0.006956356067772561,-0.0026873863714673243,-0.1871864164999493,-0.016410327319208797,-0.0018609259498949292,-0.09301222299750128,-0.010242085771382867,-0.016606763557756046,-0.12450324348628694,-0.01414146561286075,-0.02320890924482564,-0.14887734619299622,-0.022624146832345905,-0.02801142315023922,-0.17111200226480797,-0.03161045846609362,-0.028868374487102756,-0.07766632828306802,-0.01976858591612721,-0.0306360024834855,-0.09757418413810288,-0.022496842273357718,-0.042090076287522045,-0.11665774663614749,-0.029366868857226863,-0.053796279072384344,-0.13339117654583757,-0.03559235060607405,-0.05855854887664373
0.0,0.0,0.0,-0.02607077694466508,-0.005259757191462026,0.024228755412644937,-0.0489630327839183,-0.01089971419899511,0.049553511241688615,-0.07152270281063987,-0.017854310423502447,0.07275527612101186,-0.09437912703661813,-0.021487776456894096,0.08997548142369272,-0.09794827145291364,5.090948902854853e-17,0.02020694852580997,-0.12487546301630932,0.001515978999431319,0.02933975433628625,-0.1448438172070412,0.0035443341648339725,0.03489006337132868,-0.16853705153310508,-0.013745127483293379,0.03715274503798276,-0.0974113586799232,4.7261200871872426e-17,4.557178393920153e-19,-0.13629397442588964,0.00046460845334470014,0.0003395711077909736,-0.16188088839204515,-0.006880766742820376,-0.0026512801846522655,-0.1878794263740401,-0.016593091192182354,-0.0019781635424206416,-0.09332863198934241,-0.010260489721009448,-0.016562447219727074,-0.12485840506324192,-0.014138860491550402,-0.023219304897244303,-0.14937378030566223,-0.02261849430678118,-0.028182168064413562,-0.17171421343594098,-0.03168942093714281,-0.02923612256856304,-0.07789494855066287,-0.019856927929729838,-0.030666351592889197,-0.09773730581858708,-0.022488412484075557,-0.04209324125544003,-0.11688005863145391,-0.029278282590372875,-0.053812637425276325,-0.13378589316375059,-0.03548590610517785,-0.058627473666292194
0.0,0.0,0.0,-0.025476097320635167,-0.00534455300795462,0.024899569013904065,-0.04626653381357916,-0.009582186837963464,0.049393166048596886,-0.0672660258191742,-0.015472355573499375,0.07315926990637595,-0.0878305721157279,-0.01724087442704539,0.0920309090803856,-0.09535901176905577,1.0973767168757277e-17,0.020496880355690722,-0.12213608425436864,0.0005573615533297964,0.029577597566643885,-0.14216232451422856,0.002494998029605816,0.035540863246768396,-0.16395018419411997,-0.01497499442408613,0.03831756052029276,-0.0957731810766771,3.639296470773102e-18,-4.421864441156578e-19,-0.13394999454998335,0.00010170691177279135,0.001993274089207353,-0.15927364445013054,-0.008217090653223234,-0.0011008607883211208,-0.18399703332329956,-0.016968810019830794,0.00018669145309620203,-0.09243176101289101,-0.01003484737837607,-0.016161488266075608,-0.1230708578730975,-0.013382380887265148,-0.022386331042781697,-0.14672632009445838,-0.02076843287704721,-0.026680523036969665,-0.16873490632881416,-0.030223568371282445,-0.027903355982537903,-0.07741706072987865,-0.01895326529872793,-0.03060329977193534,-0.0972920902605463,-0.021083227417252656,-0.042271149536998044,-0.11583155725332843,-0.026213709461500537,-0.05403878656172067,-0.13303555989810179,-0.03265290938795295,-0.0588369618702672
0.0,0.0,0.0,-0.024344511504022472,-0.005952516600597264,0.02525003428612238,-0.04584827741731618,-0.010376085412241718,0.05004736915876659,-0.0665716069611716,-0.014086025119810355,0.07379000341854491,-0.08619819071679878,-0.014743060487025873,0.09309868114783515,-0.09607341945594357,1.028671630279532e-17,0.021502033803620476,-0.12228093272508288,-0.001563981497295018,0.030025542697494943,-0.14188792964268107,-0.0014297463163476557,0.036095482366525225,-0.16207784930540348,-0.02079190489588065,0.03882766047385854,-0.095882156289923,7.340563917171394e-18,-3.11694133605003e-19,-0.13403490471623464,-0.002818976074611939,0.0019282503809818076,-0.15857346773569062,-0.012601081477086204,-0.0011482080765341648,-0.1817938062602006,-0.023616675086611326,0.0003434140140230579,-0.09158737993301988,-0.010418551086224411,-0.017695109540389335,-0.1223565938778659,-0.01512308158509755,-0.023666294015947168,-0.1455255447614898,-0.02438675635896101,-0.027243040573218143,-0.16657984529318604,-0.035934975701641725,-0.027766654835762676,-0.07578933773947001,-0.01891782589476944,-0.03261357419272814,-0.09601985134042591,-0.02131443252405187,-0.04403499942916251,-0.11486746009492685,-0.02666599151298236,-0.0557903081120877,-0.13167475938209972,-0.03344680700853252,-0.06051525438328722
0.0,0.0,0.0,-0.024115880631444188,-0.006161525280279742,0.02547553096830437,-0.046550303088770055,-0.010409153233226016,0.05040806812149186,-0.06738147147205588,-0.014025029014054924,0.07469454918306422,-0.08811458999525816,-0.013871643335127208,0.09342417814571108,-0.09633166404460203,-5.46702019906137e-20,0.021445892964863468,-0.12228711347167517,-0.0014980825838322295,0.029762172037282462,-0.1417213850580452,-0.0011614538105446186,0.03622591373017998,-0.16263047532802713,-0.02098593635515876,0.03881991814421981,-0.09576008446001077,-1.6406201007703245e-18,3.1387740574600284e-19,-0.13425217559125116,-0.0025401003808730805,0.0011923342772553896,-0.15865986238774732,-0.012375347683034034,-0.0013496823803016028,-0.1823282713034175,-0.02409324530221491,0.0004594924658580547,-0.09155609577604545,-0.01018180942732202,-0.018011068916994468,-0.12231980940578678,-0.015142966112842313,-0.023581762702036966,-0.1462745925493434,-0.025382430180873418,-0.027451248579314604,-0.16718404869861608,-0.03694886952991037,-0.027611024979834933,-0.07539811405267759,-0.01861313197388975,-0.03282744030908924,-0.09571881326904778,-0.02144896350018441,-0.04377083517523079,-0.1150507754496806,-0.0271097879664116,-0.05525049180594185,-0.13206041467105237,-0.03378558188757599,-0.059592585901290004
0.0,0.0,0.0,-0.02448882658010238,-0.006315421969706844,0.025696486516576834,-0.04743467323561836,-0.01070222185978923,0.05040355436165666,-0.06838446414119122,-0.014279135551556594,0.07467125862413868,-0.08948851175971632,-0.014213725180957175,0.09305646849714481,-0.09788744459734952,-4.947810198897681e-18,0.02161318677251522,-0.12390984757932005,-0.0021840360999515625,0.02959901561973811,-0.14308648416334338,-0.0023390126553821445,0.03592103605484395,-0.16417101255871225,-0.022879574680652017,0.0381547257662115,-0.09719434822160425,-7.88932975270585e-18,-1.2799372422873311e-19,-0.13576520263046762,-0.00297407841243656,0.001028320611562956,-0.16015727648803113,-0.013544869697174822,-0.0015351396705126504,-0.18389241253673463,-0.02624463124317622,0.0003841941165154888,-0.09269213771516904,-0.010051368626996038,-0.018333286814673902,-0.12347760656090674,-0.015099232153811318,-0.024140661178158506,-0.14734580998027957,-0.02576125264007209,-0.02812622609463599,-0.16837521063564206,-0.037730193575045,-0.027941961243759982,-0.07623052423800503,-0.018246537290644915,-0.03322381906215444,-0.0964309929516873,-0.02096943843082301,-0.04429985159725835,-0.11605271262020757,-0.02622393824111282,-0.055770711866469105,-0.13294556138805605,-0.033104125834671504,-0.06037599251137237
0.0,0.0,0.0,-0.024469308174438483,-0.0064549004486086125,0.0255908166381089,-0.0469961586701793,-0.010317826083797802,0.0504709541825405,-0.06774124983447061,-0.013104559282302253,0.07473874583637033,-0.08848909155730666,-0.012496400919264468,0.09368448828079944,-0.09758027126747544,-1.0852636106475325e-17,0.021467791257002412,-0.12379487193204125,-0.0018996710177360745,0.02945140410712918,-0.14376651404784593,-0.002431721386344869,0.036053139164996764,-0.16447259007077547,-0.02282281433098405,0.038635459553456715,-0.09752795517777615,-9.859342944465776e-18,-2.3610608811774605e-19,-0.13592184458762538,-0.002452743680195778,0.0009399598162928186,-0.1605936319149093,-0.013025934981057552,-0.0014386664742045132,-0.1848054273433682,-0.02542772188041973,0.00044681236196297396,-0.09283374618495455,-0.01023506492364086,-0.018283129750176333,-0.12390173856466921,-0.0154218803507235,-0.02453206850170728,-0.14725015260519028,-0.024780749387559347,-0.02815273456088893,-0.16905384921560399,-0.03735561650865709,-0.02877594334769133,-0.076401844330677,-0.018927523257703076,-0.03330456543213154,-0.0970188722623528,-0.02118993608785452,-0.04426853991043398,-0.1160036564953154,-0.026244900354112647,-0.05611759046936171,-0.13311064541994524,-0.03330370524073174,-0.06083178933237782
0.0,0.0,0.0,-0.024737026889083174,-0.00667978128730432,0.026088273799303795,-0.046731273911908476,-0.01060916367379774,0.05070762827063404,-0.06759194599110122,-0.013305004922076747,0.07507057454640727,-0.08786143961162611,-0.012581649894462059,0.09404028927706021,-0.09811006110449277,-1.6948342160506917e-18,0.021872295247221705,-0.12453934138376963,-0.0022705548721377667,0.02997539180178103,-0.14412210262421013,-0.00309049604839961,0.036518191940223856,-0.16454395252995682,-0.024250063694840424,0.03944952082352342,-0.0979281553587023,5.193854658511272e-19,-1.2700024477013998e-19,-0.1364547269977108,-0.0027728403458906438,0.0012331710848451345,-0.16121644096316132,-0.013940143306167703,-0.0009409403493568384,-0.18512706676292062,-0.026848747964150675,0.0010920982698237915,-0.09311847722260579,-0.010450408781756054,-0.01841000762728435,-0.12454666358845873,-0.01573882639839979,-0.024504193813066885,-0.1482043658484874,-0.025672679416825998,-0.027694750484439576,-0.17021148960181695,-0.03933512634303263,-0.027631376118881158,-0.07676163206464429,-0.019381529516163815,-0.033581971072601635,-0.09744897622392301,-0.02170215581995899,-0.04460371584200785,-0.1163640662021635,-0.027052372918183867,-0.05595654477176251,-0.13357396639536548,-0.03472902727251147,-0.06052200370808768
0.0,0.0,0.0,-0.024160435473749926,-0.0062470986458665724,0.02570858149741517,-0.04668556963547472,-0.010345850710894902,0.05074165496127306,-0.06728509816168353,-0.012899856101835054,0.0752027066483965,-0.08814784268450147,-0.012116821500039038,0.09415578389656329,-0.0976116727025155,3.3589895181033163e-18,0.021489208762000882,-0.12357875854115691,-0.0018658077825558887,0.029740814531671142,-0.14318494877162077,-0.0023379266137663135,0.03649366707600235,-0.16421080892450016,-0.0230626597914992,0.03904017921872106,-0.097177666787974,6.804343774891164e-20,2.495761040077127e-19,-0.1357250940347173,-0.00284439934327352,0.0013519278054350402,-0.1601570490652473,-0.013492594047146133,-0.0008875197451824766,-0.18414873057068076,-0.026173099325984415,0.0011718263196979842,-0.0927180024258817,-0.010249493902634134,-0.0181454756628701,-0.12351260057832482,-0.015759173374068444,-0.023871243356013046,-0.14726803084858736,-0.025912205503266065,-0.027570231237353342,-0.16842271963766994,-0.038234691639519355,-0.02770758243731218,-0.07627745684943325,-0.01878817355337089,-0.0330086729040324,-0.09664191341721103,-0.0213822203610939,-0.04374078424142818,-0.11612855968761993,-0.02669727601253846,-0.055325429695489696,-0.13343577015059976,-0.03385425983614549,-0.059852454697625575
0.0,0.0,0.0,-0.025437776233609946,-0.007699021790965233,0.026564499016063853,-0.04669159768038577,-0.011269733284183256,0.05034209469164661,-0.06777954345374855,-0.015063886014396415,0.0743040913589968,-0.08824123080438213,-0.014961441744234956,0.09312355900776241,-0.09795614374373722,-1.3760032753955669e-17,0.02208414602307648,-0.12417780045665017,-0.0024676874334090037,0.030648104178410615,-0.14367473029985964,-0.0031178462670500787,0.03703063908750813,-0.16361173156890668,-0.02408934257445121,0.03996637020909732,-0.09760522336473734,-1.2513437449637988e-17,-1.4622741268187512e-19,-0.136618347711828,-0.0018937710998645015,0.0009284232701892521,-0.1609512646276841,-0.012942329578309859,-0.0010342527865043552,-0.1845834995958095,-0.024870099200477367,0.0010308609083796657,-0.0930700401481866,-0.009940703084265394,-0.01864403393709728,-0.12410579125176222,-0.015123459036481029,-0.024714881749370726,-0.14801160902655794,-0.024863510845594794,-0.02723346776746816,-0.16987098802496783,-0.038067303737488206,-0.026192441174191363,-0.07679496620320929,-0.018620993107792975,-0.03334253900150662,-0.09721333512442652,-0.020842952933798585,-0.04485688258150897,-0.11638858188174594,-0.025219902573073303,-0.05590098453859315,-0.13343670268030766,-0.03338961192669123,-0.06051420934020618
0.0,0.0,0.0,-0.024663013663558126,-0.007088764772149189,0.026078836914543352,-0.04625324917229177,-0.01075678513801879,0.05056735346991736,-0.0671417844511263,-0.01361143304306883,0.07464584984827159,-0.08738487417164424,-0.01329066490156033,0.09378749443113474,-0.09704774581638977,-2.15081880051074e-17,0.021533952822315516,-0.12316164750152776,-0.0027584067225705105,0.030224635517477103,-0.14299606821944333,-0.003652190538959677,0.037065740249163905,-0.1627402562921759,-0.02470521325715686,0.03972904421579325,-0.09721506993117864,-2.2476119809536073e-17,-3.455276591965802e-19,-0.13546223839161434,-0.0025900840798414116,0.001326764597004883,-0.16030515938896456,-0.01376679290625542,-0.0008610981378756443,-0.18420392741248726,-0.026193146789105805,0.0011289202119404592,-0.09259104995560688,-0.010217221784547132,-0.018479520344173418,-0.12370330904163578,-0.015491966615774691,-0.024524029062134335,-0.147396821001654,-0.02534965574587665,-0.027562782008659248,-0.16936009250783002,-0.038634798474250456,-0.02727052416776841,-0.0763103021019147,-0.01903497543917992,-0.03347240749111064,-0.09681207171113865,-0.021462843813834488,-0.04430117009609297,-0.1157399986666865,-0.026524126828179766,-0.05564705987134142,-0.13297951055805626,-0.03432053812895729,-0.060254255357345965
0.0,0.0,0.0,-0.02507583630589543,-0.007397099204501543,0.026165303442210335,-0.04751947208143742,-0.011387317052073829,0.0508383734027918,-0.06907144301028774,-0.015089829649637863,0.07448215454856658,-0.09015413722990154,-0.015427035722375498,0.09321619635460787,-0.09809682780968873,1.8596566170756924e-17,0.021645525462742093,-0.12451633135987498,-0.002313969376246643,0.030044712544166283,-0.14426991250957058,-0.002882851421673476,0.03661894736541745,-0.16471213182104197,-0.02371582701908616,0.03942492642263974,-0.09782591010712313,1.6355451848611285e-17,-1.6137176733965197e-19,-0.13636444969406683,-0.0018331106343604602,0.0011552221587235365,-0.16122712595489216,-0.01243247758978476,-0.0011837587858288111,-0.18533305227928967,-0.024584451566211703,0.00042956648633072367,-0.09320291087754654,-0.010176637415117165,-0.018605979320814023,-0.12447895072384281,-0.01477498683973521,-0.024711957820865996,-0.14838508741425285,-0.02461891288302874,-0.027673666741509145,-0.17072216865611253,-0.03777452219789595,-0.027240893886704184,-0.07685951592129792,-0.019070683242620293,-0.03357037090598186,-0.09755923933269123,-0.021102947953795047,-0.044420791219289164,-0.11654108856503487,-0.025982874067977738,-0.05579450576346146,-0.13394311693726388,-0.033722773096229626,-0.06054163574338077
0.0,0.0,0.0,-0.024707242184710917,-0.006857053606187634,0.02591090591506672,-0.04693090118063792,-0.010920277673696301,0.050892495004682625,-0.06799373774690248,-0.014353282011015663,0.07481928755732413,-0.08868721590816774,-0.014594270036485066,0.09353538792754709,-0.0970327526999177,-3.1882091626007647e-18,0.021617939487626456,-0.12340899624792356,-0.002050545640510865,0.030035623709571444,-0.14364797185547387,-0.0024361259902275236,0.036398351728728816,-0.16436180718381535,-0.023044171698383208,0.03921664581351624,-0.09710556847322857,-3.1936028971824933e-18,5.43395494654427e-19,-0.13562821318696486,-0.0022290834839065374,0.0013582401402639692,-0.16060177702976186,-0.012904754529574384,-0.0010833547168147433,-0.185033278318288,-0.02490253668389596,0.0006934159612765694,-0.09261434756114992,-0.010302489832567117,-0.018156899910958108,-0.12375489528841495,-0.014954972887818973,-0.024249333414199728,-0.14755508639475165,-0.024552643703337252,-0.027502088157631176,-0.1697631328697786,-0.03735359621092931,-0.02757030631522458,-0.07647942636629743,-0.018988115177105507,-0.033247127126798295,-0.09694836372689125,-0.021239094825214893,-0.044314965018918316,-0.11607823094401959,-0.02629467100897938,-0.05585995129263133,-0.13329719594599357,-0.03374566227687167,-0.060506145607242594
0.0,0.0,0.0,-0.024649193401676785,-0.006442580423615257,0.025605068574392317,-0.04717177108156501,-0.010875013211327875,0.050733073792798636,-0.0688815461470374,-0.014707293017469713,0.07435424544207875,-0.08959135879657223,-0.01501917816096567,0.09283835581233381,-0.09714822888643206,-1.5566545891127458e-17,0.021550885582476642,-0.1236322435023714,-0.0014318640725082456,0.029883308953685815,-0.14369243839369983,-0.0014917864112833693,0.03622499047886915,-0.1646902130813303,-0.021682728934173615,0.03924403611154265,-0.09704677304550859,-9.136485988876419e-18,-4.8175547528479e-19,-0.1355124034363178,-0.0023786931326507804,0.0017807602327673427,-0.16041629425479784,-0.012696416864161777,-0.000728472979824704,-0.1849374752500418,-0.0250389694827242,0.0012166791449860204,-0.09274183565477083,-0.010326640778775169,-0.01775145358290335,-0.12376651781179376,-0.014994107244965771,-0.023643971492426252,-0.1475694656435593,-0.024468734315695767,-0.026937810434523094,-0.16949376494756124,-0.037159321194974664,-0.02735095279237151,-0.07673846884026597,-0.019198596196551062,-0.03272059649475975,-0.09708262077554751,-0.021279410374913543,-0.04365743889333894,-0.11611834062817292,-0.0263252176111139,-0.05541069980200341,-0.13334120169773506,-0.03363637545640999,-0.060204980391359325
0.0,0.0,0.0,-0.02480319954325595,-0.006549107423233889,0.02594256290890436,-0.04666150069133189,-0.010507891869809275,0.05085061519385301,-0.06764231657199797,-0.014378231382162333,0.074821351878408,-0.0882617206106161,-0.014685122373661017,0.09345632681585332,-0.09688563679434445,-2.228754351618445e-17,0.0215266168907598,-0.12308164233118263,-0.0015683400083782338,0.030072345091050397,-0.14318735374534913,-0.0017735831825634292,0.03643914254089224,-0.16407477506616572,-0.02211694919654453,0.039266528535225144,-0.09688131611483769,-1.6495789656975807e-17,-9.771657120794816e-20,-0.13528764163824855,-0.0022000380806223934,0.0015374401375372326,-0.16015303683511567,-0.012789298698223137,-0.0009963783934827171,-0.18441768965224392,-0.02448668747480877,0.0007938195500659507,-0.0925929791839752,-0.010162163956688702,-0.017991755477194907,-0.12358355740084374,-0.01505099538094842,-0.023961181485449297,-0.14729695739590382,-0.024261254619893678,-0.027272637505147503,-0.16940543433509853,-0.036806907053358894,-0.027512488537438384,-0.07653275478587945,-0.018923639129988085,-0.03295953848078789,-0.09683509252279321,-0.021122570283059017,-0.04418080492554919,-0.11605611307092326,-0.026046376394845392,-0.05596353059883388,-0.13322718033114095,-0.033278214407944734,-0.06116840702476468
0.0,0.0,0.0,-0.02503623877359442,-0.006347459414500699,0.026336735330130704,-0.046517471047818525,-0.010297042420877537,0.050854393806049496,-0.06811121863641519,-0.014152357796595988,0.07458182876463167,-0.08883568905685983,-0.01389826041270617,0.0928718629536473,-0.09669434841066057,-1.1426770795914959e-17,0.02165592273539148,-0.12331072636756601,-0.001246114437023219,0.030139034911624035,-0.14330185460910633,-0.0011404566924340031,0.036550867224736105,-0.1641281111099837,-0.020747540270263345,0.039365321950390615,-0.09675229911872756,-1.1507297862522762e-17,3.835513845033184e-19,-0.13548684831263522,-0.001616812237599955,0.0012270545940728692,-0.16047437311790713,-0.012146240775991976,-0.0014304959694338675,-0.18448674052450773,-0.023297497829075354,0.0007539775134381287,-0.09247183385667017,-0.01027532901516264,-0.01792897281761363,-0.12384942646197827,-0.014997083246540614,-0.023918457408073156,-0.14749351520062584,-0.024121796042689193,-0.027315441858725316,-0.16966930954199055,-0.0363733826145488,-0.027234635607271532,-0.07653886901561033,-0.01933818081419342,-0.03275282760994198,-0.09692961293575734,-0.021548439222197655,-0.04434452658597677,-0.11617130640348547,-0.026524975869950073,-0.05603011212073739,-0.13369158500605757,-0.03301305691249438,-0.06099670699561911
0.0,0.0,0.0,-0.02471975385741774,-0.006830775803670513,0.02604167249324949,-0.04677239427323829,-0.011339794035134678,0.05116557192321699,-0.06819507871083559,-0.017123472665879696,0.07419463048588322,-0.09066433393069827,-0.018089045019759154,0.09111477870378124,-0.09698900616446844,2.6859547106331872e-18,0.02148147971478142,-0.12308180852676746,-0.0013680364411261493,0.029864349108416247,-0.142561176929477,-0.0009064185330232188,0.03651153086325252,-0.16468217493028917,-0.02112204114691135,0.03880342013016753,-0.09666800314008558,-4.32655165034636e-18,-3.0777968876420334e-20,-0.13540928112089298,-0.0013974437065383788,0.0007829243650453692,-0.16039904731296473,-0.011398510704593218,-0.0019758445916621334,-0.18443101829860767,-0.022383134262944988,-0.0004216195576847909,-0.09282043239758926,-0.009987618805019822,-0.017952489717373024,-0.12399965230308649,-0.013899471175939895,-0.023740201401225625,-0.14864351895278385,-0.024010912690333445,-0.02736920172761682,-0.17042645739841392,-0.03497185973219587,-0.027655423953188398,-0.0768570975274429,-0.018515688467933483,-0.03244388743186609,-0.09714444585978722,-0.020679811342591916,-0.04389700057583788,-0.11690809221772035,-0.025113265797460954,-0.05539150189061678,-0.13440271438277537,-0.03113559770651746,-0.06024426106143632
0.0,0.0,0.0,-0.024726244458913048,-0.006007644612026271,0.02485903542557156,-0.04817522828742391,-0.011551517719123256,0.05103044079003821,-0.07057191567976857,-0.01773886142398172,0.07294058933602005,-0.09539998721209711,-0.02008282571980617,0.08811578997401992,-0.09807540396474868,-1.1060119163690496e-17,0.021037243627262135,-0.12411517858998021,-0.00016407389528496637,0.030092842944712202,-0.1439870286751523,0.0005070840335135493,0.03664489177375308,-0.16598107465883505,-0.01970184207850875,0.03817998026709536,-0.09733229301547197,-1.371884360554632e-17,1.3458986599720983e-19,-0.1363069261499859,-0.0014245312989662686,-0.00021991023055246584,-0.1606954262708536,-0.0101088047301777,-0.0024276377761741352,-0.18483960371439068,-0.021602857492122766,-0.00022409582798946277,-0.09328779778998977,-0.010046970680749579,-0.017807528992481673,-0.12496810467200863,-0.013632880389906918,-0.023440070881252408,-0.1494805826089224,-0.024016028731576235,-0.02728536845050076,-0.1706503886529188,-0.034100454036962324,-0.027571453072307083,-0.0773732358865666,-0.018871171482389287,-0.032381880752151024,-0.097199847406475,-0.020939434187697045,-0.043761661642379476,-0.11720785083826836,-0.02626961231904821,-0.055449619953447514,-0.13434020822862167,-0.03162775492161621,-0.06047669627293022
0.0,0.0,0.0,-0.02565517617272229,-0.008169009085494987,0.025749307649570993,-0.047662620043333694,-0.012789265029551418,0.052027492630505046,-0.06973839962237176,-0.01865265245581951,0.07231126269713296,-0.09454991626269987,-0.021514952147431435,0.08594668686609616,-0.0971925971006793,-7.914624599795598e-18,0.02100965636489945,-0.12287669938567333,-0.0011245307612194253,0.030346515088440263,-0.14356018514337965,-0.0008618235606851247,0.03635549655470883,-0.16451080524120584,-0.022337267557542805,0.03765091043826705,-0.09711087773063223,-5.854108491541692e-18,4.8909071585527993e-20,-0.134689595008393,-0.0023480880911825167,-0.001787842497261171,-0.1594170058206094,-0.013796744782719706,-0.0035294626436395654,-0.18283946256235215,-0.025098285901798762,-0.000538596661731815,-0.0920350909389797,-0.010152414027872394,-0.01828450029435948,-0.12467835449095041,-0.014659673972198011,-0.0243924599261276,-0.14750204678614826,-0.026295042419039613,-0.02675781204497402,-0.16931815968938083,-0.038200605100730645,-0.02614385401865689,-0.07658074515312767,-0.019338678741440955,-0.03307524374701542,-0.09631418353321138,-0.021049645639628977,-0.04476362794893889,-0.11605615941613182,-0.027327816882461067,-0.05545003800978658,-0.1326113172234987,-0.033571925792958125,-0.059352760477135766
0.0,0.0,0.0,-0.025371581603553538,-0.007963120567816229,0.02558505284644079,-0.04727498154146577,-0.013082869915183272,0.05200779559002509,-0.06937859668802772,-0.019526583631567743,0.0723648132602487,-0.09446986098159421,-0.02318308821316839,0.08576210931456879,-0.09696013581195337,-4.040663167246402e-18,0.021034824965073293,-0.12275262364912047,-0.000999393068927574,0.03048812672545755,-0.14353834077798389,-0.0011115208763342762,0.036527456826608545,-0.16443771984081906,-0.022836688358107034,0.03806600529600578,-0.09688294033227542,-2.526277419547176e-18,5.277825898394593e-21,-0.13455286925488763,-0.0024919455541783375,-0.0017622954258438223,-0.1593018985862909,-0.01386518301065769,-0.0031524266085474813,-0.1827602761805544,-0.02537690171547764,-0.00019304377516707482,-0.09177873573017417,-0.010232205929885614,-0.01834729723075563,-0.12470766795937259,-0.014618063135258761,-0.024202509635099585,-0.1476031689064698,-0.02636344045794428,-0.026477212431671553,-0.1694467520596622,-0.0386250833939846,-0.025637528006357012,-0.07640237849931883,-0.01945593237809602,-0.033233210128053026,-0.09626501826236232,-0.021135308676416744,-0.044811698839375726,-0.11612330226967546,-0.02739154332587628,-0.05557244815200004,-0.13300100935161116,-0.0335599815126619,-0.05949060724559358
0.0,0.0,0.0,-0.02582359337446404,-0.0077694026008706795,0.026849862324794988,-0.04744326932729735,-0.012369989202655389,0.05383376712349318,-0.07024013238982425,-0.020111188738790843,0.07386410868906446,-0.09717361351462278,-0.025231740905298214,0.08358371757230938,-0.09932381817267347,8.030328116488284e-18,0.02187323644728414,-0.12473856584240148,-0.0007919407595635259,0.031222456955606,-0.14540814251392653,-0.0012160537033921498,0.03742778300142848,-0.16671803272551436,-0.026657665071717424,0.039011382591930245,-0.09835387910683678,-4.716335698593598e-20,-5.139934631788062e-19,-0.13649658038165416,-0.0024051322899248297,-0.0024149533971685403,-0.16110412126115192,-0.015441524138049459,-0.001089244983039359,-0.18426252506661422,-0.027965991988123797,0.0020338011909912675,-0.09309526105731539,-0.010623450241568879,-0.018041542345303856,-0.1270065375182648,-0.015581475095682905,-0.02305814921439657,-0.1497791112186497,-0.029136880537399924,-0.023917304940480756,-0.17225878872289102,-0.04363205831645024,-0.023005894624527727,-0.0770324350566142,-0.020105903067414145,-0.03306429095550982,-0.0975394597027097,-0.0243667657553891,-0.044022180815160225,-0.11790669496074563,-0.033454085551571845,-0.052492812946074455,-0.13458688990668502,-0.04213254429048176,-0.05519840834787628
0.0,0.0,0.0,-0.02685020726995722,-0.008545121361851088,0.028784939194716676,-0.047256649832967,-0.013162794414433052,0.0555913791762623,-0.06980464220758703,-0.0219239343372876,0.07615768461809586,-0.09797673477695112,-0.02819586544181865,0.08115411727205973,-0.10096136090083989,1.1326673049604457e-17,0.023386097440261534,-0.12629399787447643,-0.0015617040407545908,0.03123940602524875,-0.14489169970764906,-0.0035038353676617624,0.03706632321779002,-0.16654303425906625,-0.03121316665789075,0.0373607581768279,-0.09900981137706336,1.4280395843893257e-17,-8.969226010663316e-20,-0.1369784001154933,-0.00236601221866665,-0.0016877585732159338,-0.16183763093372056,-0.01938554370692815,-0.0010427425807075263,-0.1824389963947542,-0.03416486441213753,0.004010132456981781,-0.09367058165919595,-0.009503341556267269,-0.019509744590045418,-0.1269740546948409,-0.014919612157325202,-0.02417176783036221,-0.14949432437992616,-0.031011605682574474,-0.02465531893961873,-0.17101047903826358,-0.04705746153656966,-0.021319544423151458,-0.07715243796355811,-0.01876673243360623,-0.03479097124585462,-0.09716966479514279,-0.023853828920216046,-0.04546808482135389,-0.11705713390601491,-0.032654665094338425,-0.0528175527410038,-0.13314032643901094,-0.04428280458796644,-0.055224501417793635
0.0,0.0,0.0,-0.02551228090184889,-0.008820911963058394,0.02801213105609518,-0.045464653114415554,-0.012180206827006946,0.05585490928387908,-0.06739179731454518,-0.019620760161876916,0.07651349415801957,-0.0940368717892463,-0.026049031648369397,0.07588765230283408,-0.09936423303769101,1.594676447446992e-17,0.023648851435184717,-0.12441193226330291,-0.001067936029657613,0.031189762557335597,-0.14278472554160013,-0.0042337807064552,0.036641866748697044,-0.16369627887242255,-0.0329192263381203,0.037083980997828996,-0.09761992350324683,1.7366982766314585e-17,-3.2678107433500915e-19,-0.13519491391897828,-0.0018083856358111186,-0.0018757873837930282,-0.1587427337828804,-0.0194857751678453,-0.0005947291620498094,-0.17759747635078377,-0.03704205725502045,0.004439850350015566,-0.09213171695198913,-0.009094981487907303,-0.01996806314513308,-0.12507198295270794,-0.015419478755100531,-0.02340172913657108,-0.146022992213894,-0.031856267351363085,-0.023486203907345522,-0.16421837358594712,-0.049741820796746085,-0.01878727995022833,-0.07503473276734171,-0.017729204110217705,-0.03584385424734407,-0.09541361463927706,-0.022029372760634505,-0.04529259839879046,-0.11575375768843864,-0.030974161267409334,-0.05203157802492544,-0.13120205160158457,-0.04354608639284012,-0.053803352857547275
0.0,0.0,0.0,-0.023818006434340795,-0.008387057653903449,0.025358773085874576,-0.0461869755093702,-0.012403325957988624,0.05350191586878326,-0.07003785125351517,-0.02227125046562713,0.0733927210067024,-0.09451679996057852,-0.032768664922112424,0.06716404702970842,-0.0980930027761759,1.194039567258269e-17,0.02351510586669167,-0.1234288596244832,-0.0003307965860436234,0.0309287597714974,-0.1415966986447241,-0.004331079136325708,0.037116158198233246,-0.16168857328642125,-0.03145531067527222,0.03794422774249841,-0.09723168085927084,9.107153905861347e-18,1.6706483144319964e-19,-0.13486907222652236,-0.0002051559062048439,-0.0027182777214548497,-0.15784760050390703,-0.016585612376896174,-0.0013947075774109142,-0.1736321833972369,-0.03539313818229532,0.0018881111165018176,-0.09203678318358532,-0.008509501501439348,-0.019630666518666736,-0.12529338157748451,-0.01442849589520618,-0.023046314493579457,-0.1446263740317812,-0.030079952468943634,-0.022888404536258854,-0.16024265496493156,-0.04855204890530576,-0.019391034553015926,-0.07516898994372444,-0.017060866690934044,-0.03650284960695225,-0.09538672339915324,-0.021459609580357725,-0.04483017596452924,-0.11490034516667973,-0.03060067762183164,-0.051017349722352466,-0.12942731825472903,-0.04239340918436865,-0.053303016736090926
0.0,0.0,0.0,-0.02161929638029719,-0.008842296215549003,0.024402578620487843,-0.04424640729642321,-0.011265425210129415,0.05230838590302424,-0.06726945719473493,-0.021685738793572124,0.07350272696044212,-0.0878383938269172,-0.031883127117049284,0.06614110100652273,-0.09539717804799995,-1.838184869530194e-17,0.022951026320274546,-0.11974895607571469,5.6425907496211345e-05,0.030671799689959565,-0.13863456525429707,-0.005873702197197707,0.03722024372037297,-0.15482639553597297,-0.03326334799782618,0.03727141949113638,-0.09540282510101096,-1.565293172291761e-17,-1.7540589698136633e-19,-0.13294011285152663,0.0003527013718693102,-0.002655830737502745,-0.15454922069838634,-0.016059017256654755,-0.0017551494204791761,-0.16655380656022475,-0.03609447294649388,0.0001638480994583727,-0.09044539556667963,-0.00807882914835133,-0.018967950244368904,-0.12406625203613172,-0.014101213700840427,-0.02179464491889455,-0.14104159226193905,-0.029100264689390518,-0.020882188272971017,-0.1526820013696603,-0.04859086003229877,-0.018657237669251658,-0.07351671070339064,-0.0158124687746101,-0.03595838342430716,-0.09500107457831145,-0.01996496651225973,-0.04353663277679403,-0.11339896485250621,-0.028924037678228525,-0.04955294800854711,-0.12484532816085817,-0.041102333328941594,-0.05138095625602205
0.0,0.0,0.0,-0.021794662838845295,-0.008840914919590208,0.024687841838817497,-0.04468797835820865,-0.01135490033732502,0.05279732883143422,-0.06796122690749377,-0.02122839335702312,0.07352832525322435,-0.08824603784193652,-0.031487157016469564,0.06699692152918438,-0.09603086821897414,2.3025977006491217e-18,0.023255958941752235,-0.12054791002782317,0.00024190997833005228,0.030978182616389967,-0.14001337892217533,-0.005363834282001123,0.03729976093793021,-0.15607376876178466,-0.03285088298218492,0.03730776349380908,-0.09607240920442844,3.659600290992464e-18,6.728993114083838e-22,-0.1339039308409835,0.00018427670941996793,-0.002841081716723281,-0.15539100671796063,-0.016426433859197467,-0.0017386516334257339,-0.16758054174949244,-0.03554528631475713,0.00020060692879764015,-0.09074141943026204,-0.008143381563225199,-0.019305213931678892,-0.12458142969113131,-0.014486983286733026,-0.022311003691008795,-0.141130267896381,-0.02924193237304816,-0.021196627964976424,-0.15322001973410096,-0.04871014195942995,-0.019202317809654795,-0.07358691700089737,-0.015868172323737297,-0.03638705608298307,-0.09513605830237912,-0.01991439110709381,-0.04416845493373112,-0.11358880881144089,-0.029036056031515923,-0.05023750218105753,-0.1254447388072802,-0.04107795510242396,-0.05224893446491261
0.0,0.0,0.0,-0.02162169343802487,-0.007975369248891822,0.023607436420889822,-0.042775213290718185,-0.009924395460810077,0.05155169070388818,-0.06609754993355502,-0.020956347618988017,0.07221086694611324,-0.08683309430604912,-0.03188471300395567,0.06140325088652139,-0.09300613059438233,6.0957914604298386e-18,0.0221073193519561,-0.11775053480371202,0.0012374784698239933,0.03017504578415894,-0.13621091577071232,-0.00531692812887572,0.036161495707807065,-0.150278743709196,-0.034762696415096356,0.03603895375700395,-0.09341011174959314,-2.9080353343108115e-18,-1.5666128717506645e-20,-0.1310628264720936,0.0019171444780117443,-0.002628078027932174,-0.15241410203141428,-0.015077961282049562,-0.0019327094139507766,-0.1619633076099248,-0.03724891529392764,-9.300169978324851e-06,-0.0889094202619475,-0.008359570179183545,-0.018010115025186773,-0.12268315027575614,-0.01402105434771301,-0.020749903394924187,-0.13957265667104835,-0.030303958802240193,-0.02021217608688948,-0.1479592736919205,-0.05078325742664292,-0.016484516232588235,-0.07201031723701912,-0.01667609878940666,-0.034738412094075674,-0.09292093483856684,-0.021009207468359277,-0.04257338990303087,-0.11131781410502956,-0.03085672607136601,-0.04879881076570583,-0.12135307709665173,-0.043363106860748436,-0.04926537816232338
0.0,0.0,0.0,-0.02153787876887921,-0.008404778676587059,0.023661656481415976,-0.04446610963996693,-0.009695629701522648,0.051245856194467844,-0.06903459922072075,-0.021504059273305086,0.06926006231159697,-0.08996594405321487,-0.03398655766946174,0.055365232283986945,-0.0935057641066822,-5.623639067380649e-18,0.022290009873017068,-0.11736113329694423,0.0011344566950102757,0.029612932780272976,-0.13690636696932212,-0.006318058440883514,0.034957864670280205,-0.14847909169242787,-0.03580305813290024,0.034269410398109795,-0.09397536787553858,-7.122848945971671e-18,9.56307642075618e-20,-0.1309979019412561,0.003455922646814836,-0.005411197434077321,-0.15262091772002515,-0.014785411339772759,-0.00424245281150228,-0.16109059333185866,-0.038754152085918266,-0.0017789736051713149,-0.08861513557533053,-0.008582669078457861,-0.018289039903154856,-0.12357042101259631,-0.012981498779542779,-0.02320553069655852,-0.13800535601192213,-0.030122663569587853,-0.020579703725479157,-0.1456278865575537,-0.05483805648913948,-0.016237459492488605,-0.07181504341085515,-0.01737590669808268,-0.03641395281062865,-0.09279307557262241,-0.02079592225790493,-0.04442122301098022,-0.11105841334044349,-0.03131039427107528,-0.05038739396320203,-0.1207426051912755,-0.04545016400406563,-0.04959418245768926
0.0,0.0,0.0,-0.022320286524368235,-0.00850667887352305,0.02239757919882105,-0.04498952775093685,-0.011656083901712197,0.04968897733864268,-0.07106075569650215,-0.026476864166481307,0.06757139365764463,-0.0930505624291685,-0.040990704788968255,0.0530432017469414,-0.0924694850797331,-2.3610920594242052e-17,0.02126595192185735,-0.1159875969195675,0.002064802270041292,0.029898499774479212,-0.13634329102769882,-0.005939065979346852,0.03506962006474447,-0.14878434156205136,-0.036059815408372733,0.03424529361509886,-0.09337439108796937,-1.462846750029492e-17,3.1901620390917744e-19,-0.12956145165163216,0.006205954499823729,-0.005482594083185928,-0.1516393202056375,-0.012017819817602011,-0.004062305917602531,-0.15948596470067294,-0.03826433831636818,-0.0007812248106116792,-0.08879094526991343,-0.0074866390771105955,-0.017791542634863614,-0.12283817628251183,-0.009506463612309755,-0.02349017673643602,-0.13638037252370697,-0.026616598947780425,-0.019909793825571353,-0.1425101573808681,-0.05290972404563071,-0.014118093026845253,-0.07210499531584103,-0.01653570313902992,-0.035664461368896457,-0.09236034462992711,-0.017584049173467068,-0.04368895386850273,-0.1109405222242685,-0.029010793920895638,-0.04972313439839337,-0.11780458777275968,-0.044087578885523684,-0.04670948800364238
0.0,0.0,0.0,-0.021703667923865275,-0.0082385627650218,0.022792816769133875,-0.04731709950045227,-0.01125048708818536,0.049135179757035075,-0.07490390915382271,-0.025406294138468705,0.06404440406839144,-0.09211486807795607,-0.04147580477006457,0.04278545104106617,-0.09488219671444449,3.2132255083180235e-18,0.022881296089170756,-0.11838104913147465,-0.00020055960316147669,0.030163188156651363,-0.13571442578939485,-0.009409319018530402,0.033780836958986614,-0.14265945200133642,-0.036743104136703425,0.03227202964281544,-0.09476563751912473,2.7839589662108934e-18,2.5156271072690376e-19,-0.13123497360013242,0.006048386828061553,-0.008177469559969812,-0.1512771651649524,-0.013295025634769463,-0.006883437269722585,-0.1547027598934642,-0.040879380330019637,-0.003514667679525738,-0.08953820629762885,-0.008376629407550464,-0.01794089879214004,-0.1244802817717308,-0.009651331332304022,-0.02644916998918755,-0.13501281972135254,-0.028434569447382357,-0.02198104624654527,-0.1335437271794687,-0.05676294532159063,-0.013870632895971388,-0.07236026584828428,-0.017006477440588405,-0.038113717269168686,-0.09355907933439007,-0.01610690371242963,-0.046184102642264135,-0.11125166083804741,-0.027864176670566423,-0.05240029083003862,-0.11286301418111529,-0.04403213529453568,-0.04902142908578347
0.0,0.0,0.0,-0.02158757427218719,-0.008889886151914288,0.022553207617630664,-0.046916737354156406,-0.009928539163474427,0.04869406260858892,-0.07587832886467263,-0.023626646312622884,0.06102526988002711,-0.08949860512421286,-0.038490882912860035,0.0418583352983891,-0.09456731368315492,4.695771833469165e-18,0.023125024584783088,-0.11739195423939697,-0.0006836506141723901,0.031013395674518704,-0.13427710155373668,-0.009000805663640163,0.034717694052558444,-0.1392950746278528,-0.03660589604439169,0.0348138740797503,-0.09423610777018208,5.137670793547869e-18,6.23666587636736e-20,-0.13269982683932655,0.005100681198751812,-0.007701222512949299,-0.15178696464565528,-0.013600928340676416,-0.004962980586478483,-0.15192173737854245,-0.040972639293492284,0.0002702792650897588,-0.08944265365896852,-0.009087000983107083,-0.017427135118955897,-0.12487226323914091,-0.010869319969431374,-0.024928934147564842,-0.13424120597422967,-0.029331839942157295,-0.019529530751871842,-0.12843603082862232,-0.05502923820669517,-0.011658283549448225,-0.07165703585968203,-0.01796206189149806,-0.03658207879514455,-0.09393545795750445,-0.01793776558467118,-0.04519628990928493,-0.11190559390368167,-0.030231576228124828,-0.04960102161030934,-0.11014628251433053,-0.04510303126938087,-0.044317973519997514
0.0,0.0,0.0,-0.021569281506175635,-0.008558078594142222,0.022701488634012834,-0.04759932114315339,-0.010046498485474096,0.04891237290762201,-0.07650566083903898,-0.023782696659622297,0.06177699922209278,-0.09064444904621792,-0.039020398054543604,0.04088350691038726,-0.0951748384827419,2.561313150700227e-17,0.023684505713873892,-0.11792864263681022,-0.00026148603963068573,0.030606785699307023,-0.13358764131650758,-0.008567144446675095,0.034310985800533,-0.13859175785585542,-0.036075889541734074,0.033651179475282206,-0.09427410151286353,2.3692740104707575e-17,-6.426116893829712e-20,-0.13296345224840328,0.005333963009706692,-0.008190997985743171,-0.1515233886209282,-0.013837685838795442,-0.005769619723204403,-0.15071670479001867,-0.04180976516279027,-0.00043129217942926355,-0.08973048956555428,-0.008669496573618376,-0.01748379485064769,-0.12452795268590074,-0.010974206984949296,-0.02511133725395847,-0.1344889199189705,-0.030561311838882416,-0.019982321546975153,-0.1271012589200208,-0.055414564968105644,-0.011433761208844788,-0.07203708638503274,-0.017408572808692634,-0.03636800218776312,-0.09377148801009949,-0.01789967762733783,-0.04512262883685375,-0.11135444916728177,-0.029816680892360604,-0.04966826128614981,-0.1101151095580654,-0.044847146574852434,-0.04513045874513768
0.0,0.0,0.0,-0.022416355851661938,-0.009035489595653682,0.02248148726639904,-0.04690717644813961,-0.010122784777420252,0.04794518061762142,-0.07569210680850721,-0.02390364027196369,0.061485208392117824,-0.08997658463031133,-0.03774490834401564,0.04401815737342201,-0.09320618508892053,6.268998298560526e-18,0.022515373369281652,-0.11677427771666167,0.0004784321431333633,0.03090344642513763,-0.13360258711344997,-0.008748563984045596,0.034610124099316845,-0.13544987505351444,-0.03804108589976026,0.03392492191547636,-0.09314600383540478,7.644733272754533e-18,-3.0642325473128416e-19,-0.13148107323451755,0.006040603568456632,-0.007994062523611189,-0.15078447362353184,-0.013665130846846946,-0.004514943259856179,-0.14921744037285511,-0.04166231176754293,0.0012294668669813658,-0.0883200745081877,-0.008735610202746049,-0.01641302724435717,-0.12375788931038925,-0.010838838049201119,-0.02448850338520647,-0.13322576268336211,-0.02938130186738176,-0.01897683631581364,-0.1278240199242535,-0.055040795554797003,-0.012058333558873879,-0.07093670656604097,-0.01746926590658483,-0.03541916016511316,-0.0931580648879992,-0.017962163445077315,-0.04417387522021205,-0.1111512085866248,-0.03038962058329859,-0.04929913363012736,-0.11084933129792274,-0.04522481444348144,-0.0434790578476177
0.0,0.0,0.0,-0.024206947403660896,-0.009316510771673444,0.022136548336015117,-0.05095411673376123,-0.012534171170238192,0.047038146594303276,-0.08224716884379163,-0.02851328802352966,0.06110725161277175,-0.09595727928324692,-0.042462726563784664,0.041847472759411905,-0.09779567265015249,2.976729168665737e-18,0.02362595048745941,-0.1228665587014606,0.0018884298741032965,0.03051615565308496,-0.13866670993394734,-0.008449426829428014,0.03497780465704425,-0.14026570676223765,-0.036872265810496775,0.03252833457908028,-0.09712105426503581,1.9475289234458743e-18,2.4799898400347804e-19,-0.1360755064726495,0.008466652057639587,-0.009277684569313972,-0.15495229535180505,-0.010779930652018425,-0.007284541190696097,-0.15504266521679166,-0.0376682495010547,-0.002702257224844376,-0.09124213933959946,-0.007551056594441294,-0.018325208175524743,-0.1277152344209176,-0.010878022571127787,-0.027911133669982425,-0.13695817893698242,-0.02910507801032336,-0.022254402152485243,-0.1330369289102527,-0.05382913205327222,-0.013525494252517017,-0.07355013577979126,-0.01703614634170407,-0.03968984783236884,-0.09630943363764474,-0.016713666021809178,-0.04736848999742735,-0.11451301087507965,-0.028512844014167007,-0.05352952882449181,-0.11650464118740318,-0.0432243816662482,-0.048136143482593916
0.0,0.0,0.0,-0.024121296913710625,-0.007808915748546498,0.022569237511613018,-0.051790901596511806,-0.01137475267533745,0.047347216844714664,-0.08306060243379693,-0.026533868178650007,0.060967785327109614,-0.09530241237834317,-0.04216895962686391,0.040333681138905474,-0.09742321530618929,6.474963686146816e-18,0.02403035066601098,-0.12242669984243043,0.0013249258620727973,0.03086469087274561,-0.13730453312369562,-0.008129738502124555,0.03474231495498603,-0.14026721088598512,-0.034892524639625326,0.03347957255281148,-0.09667853914544018,7.697093650432775e-18,2.189249813395228e-20,-0.13497895786804742,0.007068479379254101,-0.010276250087987226,-0.15422294887005214,-0.01127861308164678,-0.007360554233459026,-0.15431517404486117,-0.03780182916712446,-0.0010916840105736941,-0.0902489693681895,-0.008615624047033997,-0.018026788804069004,-0.12688101467632637,-0.011126860231008411,-0.027942923305405973,-0.13636093590430634,-0.02975506441519163,-0.021233355040657903,-0.1306739885033864,-0.053461537695878004,-0.01072163391288541,-0.07297448257655927,-0.018214799311596044,-0.03840755253706104,-0.09600320610390707,-0.016887462528428075,-0.04684220266001981,-0.11378194957786207,-0.028942663912863677,-0.05169868599737931,-0.11505064490871789,-0.04338581360241487,-0.04570485072016199
0.0,0.0,0.0,-0.023774635279207094,-0.008484844964888688,0.0229087448569543,-0.0506768320663834,-0.011374635108828331,0.04813960239030942,-0.08150591735725216,-0.026403601312417625,0.06068243524625349,-0.09395342749549448,-0.041516586496869734,0.04045069808381316,-0.09588340088589258,2.45562466640536e-17,0.02386345673099954,-0.12070260794924924,0.0013846050698445474,0.03137617858857826,-0.1364463703264656,-0.008134098036567481,0.03512707306455809,-0.13964750875182416,-0.035517319072846804,0.034575178043704566,-0.09582104410615948,2.2495888754091843e-17,-1.4469161148014849e-18,-0.13446336064069522,0.00666356454289367,-0.009736682151059965,-0.15369524268093968,-0.011977862193919673,-0.0066390914168424076,-0.15400237645251966,-0.0382885113861393,-0.0009328438386609641,-0.08992788262072958,-0.008823437508977598,-0.017878819972649854,-0.12670283095881058,-0.01163278451833256,-0.027347973667492954,-0.13660632781353937,-0.030801400721377804,-0.020544455476295607,-0.13147252491651365,-0.05512766434354023,-0.010125089341472835,-0.07310412014067104,-0.018694838387296322,-0.038120908699316176,-0.09557153603202652,-0.01797196138507866,-0.04634727409947088,-0.11311042089061228,-0.03025591414155135,-0.05103610303161155,-0.11537829105364536,-0.04443553836335873,-0.04550473059370701
0.0,0.0,0.0,-0.023995458348707616,-0.007888771107084138,0.02329291496202015,-0.051731433273392004,-0.01177144396778023,0.048029962813308257,-0.08195926144725973,-0.028016237778997644,0.05971650156483477,-0.09355330884248339,-0.04274804275213391,0.03964176146389508,-0.09698308068952692,-1.282087453053223e-18,0.02445453277332342,-0.12222431309931765,0.0013719980586879858,0.030663285596993276,-0.13680498217425902,-0.00831173185159985,0.0348834426170994,-0.13971270039370884,-0.03585494067026381,0.03435478039925466,-0.09616552221846843,-3.0106006896355292e-18,-4.1237494531212616e-19,-0.13474899473846128,0.007045961097917478,-0.009725641810244252,-0.1530069669559376,-0.011164097391766907,-0.007438871778343976,-0.15358418972925605,-0.03785642838520588,-0.0006750264372344504,-0.09019688031613499,-0.008187720728467834,-0.018349186542688193,-0.1259369549891096,-0.01190234777159852,-0.028393688576257646,-0.136049873299786,-0.03162007689793893,-0.02179503957356373,-0.13030099103109033,-0.055610886156322654,-0.00984812535043812,-0.07329121101064415,-0.01811374875414818,-0.03865047750228519,-0.09489858420574442,-0.017441610526485928,-0.04696222186847561,-0.11301231527248269,-0.0293005939756866,-0.052145996529624185,-0.11594765226815579,-0.04465071193556189,-0.04666704865465673
0.0,0.0,0.0,-0.023589396550350864,-0.00806871127831342,0.02387409208948787,-0.05128264861093717,-0.010928222289938888,0.04855410479663167,-0.08156751823272085,-0.02638831984543958,0.05990381338193536,-0.09252860619556977,-0.0407172941515362,0.04000487913871254,-0.09576562089232504,3.0163772072155956e-17,0.02464781887372982,-0.12086498241446433,0.0018674213228911344,0.030627361273949327,-0.1360888703094993,-0.007427725250313865,0.03473102375918317,-0.1388318642722994,-0.034856244139991145,0.0352045754243918,-0.09519505122272574,2.8079061447972756e-17,4.1529823390863124e-19,-0.13394703097572838,0.006985725262503771,-0.010330898931319115,-0.1522250115780283,-0.011217173734138502,-0.007358566973431611,-0.1522026352002261,-0.0376217208083793,-7.87556397191676e-05,-0.08926168397897825,-0.00848548153153386,-0.01817335758983617,-0.12522820696202575,-0.012360088513871522,-0.02840642436415954,-0.1353063739038647,-0.03180935888099837,-0.02097731305166943,-0.12937926290434867,-0.055740955709258036,-0.0091833744667428,-0.0725397937112876,-0.01849643656500103,-0.0380834480699681,-0.09413629689126975,-0.01793621846219032,-0.04645385211659669,-0.11176967620294723,-0.029645854209372036,-0.051165265176434355,-0.1146004739437355,-0.04487684971194456,-0.045165653216996164
0.0,0.0,0.0,-0.022384253629475315,-0.006980008250561347,0.02367891270054063,-0.04948493650953441,-0.010564353564698082,0.048384865733637816,-0.07895129239596742,-0.025511552208323324,0.060608518743948674,-0.09154183358407753,-0.040097040801094115,0.04120662498666199,-0.09558318483062138,-1.1665615268681736e-17,0.024041472067067568,-0.11998325797766927,0.0009467923143464539,0.030311433652422896,-0.13546058450756426,-0.00807535144487584,0.03459779712879593,-0.14190034322609316,-0.035249285857810314,0.03470848642666176,-0.09506488069543845,-1.440674235748554e-17,-7.874737265649346e-19,-0.1329035415825399,0.0062500613152808695,-0.009580712829674902,-0.1513524578493273,-0.011169206799806142,-0.008230936515562318,-0.15430916277745577,-0.03645307887710833,-0.0013584665541391038,-0.0895798919852424,-0.008317903040034746,-0.01879890003547581,-0.12438894831028062,-0.011655521578958907,-0.028316319916279784,-0.13505323463687058,-0.030977008829033734,-0.022489254417669562,-0.1309639999570473,-0.05508247000384047,-0.010424672696341878,-0.07264058831533521,-0.017296587036547087,-0.03852959774525807,-0.09360303755556983,-0.017174643543835626,-0.047380418668565676,-0.11147320990481134,-0.028894843677403314,-0.05223362693204683,-0.11371749797831078,-0.0439604051761481,-0.04705421548394075
0.0,0.0,0.0,-0.02195555821841538,-0.006705006878263486,0.023806016583990508,-0.048782436274477384,-0.010227399821019183,0.04828011802426229,-0.07720252548046773,-0.025124438708140566,0.06274778262659439,-0.09348772371048218,-0.03868579108825057,0.044037826805658764,-0.09476718169353462,1.3665286039027773e-17,0.02363753170375945,-0.11923300672916481,0.0009952123124505159,0.029995571810007195,-0.13546015299190403,-0.008835161867926355,0.03486960694818313,-0.14230729925427107,-0.03798014242539219,0.035494250856618184,-0.09484508651245298,1.4401762626800393e-17,7.3967367961422865e-19,-0.13334746056825506,0.005414396522751271,-0.009048515588445624,-0.15131078985733348,-0.012047187101723436,-0.007193455432075492,-0.15314050853782246,-0.03915140842284638,-0.0002648730962652738,-0.08956380468610645,-0.008435256202934659,-0.018039779567649007,-0.1246259778042832,-0.012452345795543626,-0.027005299465464244,-0.13412588970374814,-0.03215360520367229,-0.020864289859954036,-0.12802890374327697,-0.05657598623869461,-0.00955357387812362,-0.073041257573461,-0.017025150064826088,-0.037100020716051375,-0.09451560038961407,-0.01767166109073054,-0.04655661290091051,-0.11035608587635182,-0.029334647660250568,-0.050253817525041405,-0.11069457119284806,-0.04348840226067293,-0.04415934345555791
0.0,0.0,0.0,-0.022141854140944973,-0.006890037992186308,0.023130513190080557,-0.048837721073262896,-0.010026821444988647,0.04818060247363228,-0.07768251577582587,-0.025187174162809235,0.06297383372590254,-0.09326454192091597,-0.03948991890115375,0.0428779123231523,-0.09480497891487033,9.741279274690324e-18,0.023063026629122345,-0.11903670868450382,0.00012383690271116127,0.029864483566752486,-0.13551696606877375,-0.008483222285895946,0.03451731242847084,-0.14552944415594213,-0.03565425375515423,0.03414964296066778,-0.0944321328773782,5.976225191222289e-18,-5.900234072900997e-20,-0.1323573249242614,0.0057792904548803386,-0.008130250227873583,-0.15200071919763844,-0.011249224620745615,-0.0077075939167501216,-0.1570259364258552,-0.03777581073982982,-0.002206611330507475,-0.08987952835288653,-0.008024574592358235,-0.018119011391798848,-0.12449482343454105,-0.010784080658828311,-0.026418381284728502,-0.13543546930475395,-0.03055681363006249,-0.02171709588803984,-0.13203810236670693,-0.055837706303352955,-0.011254169523671444,-0.07309517925419998,-0.0163789781179723,-0.03691166227658952,-0.09420372690847588,-0.01603362557140511,-0.04624385903449095,-0.11095576777931537,-0.027742324911368715,-0.05069822746643969,-0.11113397965122945,-0.04261713470263718,-0.046226964222871196
0.0,0.0,0.0,-0.024297404965115288,-0.008709658296141842,0.021822167633169402,-0.04831184551252618,-0.012267006811027482,0.04765825022759874,-0.07686657723849535,-0.029270206403077065,0.06399258836833283,-0.09674914144105148,-0.04443028794078234,0.04595278467544952,-0.09565809758814374,-1.2560210170579646e-17,0.021077071558927272,-0.12081888694213391,0.002171539849117603,0.02912316556722124,-0.14073137040728173,-0.005880641530684155,0.03429288086928427,-0.15425035465738637,-0.03510886766031203,0.03270495273953328,-0.09584479039220294,-9.503100811563622e-18,4.751250556040935e-19,-0.13173848681365058,0.008139703526494967,-0.006174007279581314,-0.1548144132820774,-0.008100414059571692,-0.00704981140166678,-0.1658400564963364,-0.03329209862778312,-0.006011099290435447,-0.09120275280189122,-0.0069303544365670895,-0.01761820394282089,-0.12434611425359166,-0.008151696991532668,-0.024818826659029996,-0.13891145079674594,-0.025855293893125336,-0.023032502632452195,-0.14637912809113454,-0.05331662478953991,-0.017240385551128848,-0.07363690475514276,-0.015906976639327594,-0.036480671304290654,-0.09328193722220719,-0.016125464284894926,-0.04466724789487931,-0.11148687977810277,-0.026809087436913334,-0.05180561839918621,-0.11854897067598769,-0.04290478217218325,-0.049365151748760924
0.0,0.0,0.0,-0.022066736804525502,-0.008358017692754812,0.02307125509113907,-0.04512709615589958,-0.010623683343234944,0.050311634019559986,-0.07094659600133824,-0.023228893017579414,0.06876677415879262,-0.0915762854304099,-0.037805518410193334,0.054632320190208215,-0.0945493618360362,6.561636937350435e-18,0.020921343751024675,-0.11840605379143677,0.0013275800511126804,0.029930043729717335,-0.1375604127811148,-0.005306591433042219,0.035327451178172924,-0.15307656791103744,-0.03329707746848174,0.035353322218887,-0.09462197843317326,5.690891203476077e-18,6.095982649011263e-19,-0.130855398331384,0.003566129090158024,-0.0041954134105020935,-0.153649466313911,-0.01191251039065305,-0.004003495917201209,-0.16607100093650756,-0.03433961903731291,-0.0020480294858992378,-0.08921876062080894,-0.009096625488817931,-0.01675571852145461,-0.12251372357697282,-0.014522848782036574,-0.02177465448364758,-0.13813164935198766,-0.030826130647506937,-0.02153677479823156,-0.14868471305971345,-0.052992954616358424,-0.01749542617797087,-0.07152988387127476,-0.017765549167621356,-0.03368437416207042,-0.09207721341202521,-0.02152335531990633,-0.04175505422295145,-0.1103248236065635,-0.031527010567286455,-0.04891752001183624,-0.1214167158980215,-0.04384957046378546,-0.04907073521849798
0.0,0.0,0.0,-0.022037073696801635,-0.008132389710097082,0.023191318012220002,-0.04524822392849909,-0.010001220171301495,0.05069200981017042,-0.07118124259768652,-0.022090166607985066,0.06932620120184697,-0.0914742894246135,-0.036882054792887184,0.05552548705418314,-0.0947677693711166,2.68195901468425e-18,0.021212041559124813,-0.11882391599829337,0.001632875873038106,0.03015884302607017,-0.13774128900407398,-0.0045839149685024125,0.03597258741076565,-0.1532946469090412,-0.03285275265324479,0.036519497681151696,-0.0947115771006707,2.767777452272978e-18,8.097097502223408e-19,-0.13145620034104796,0.0032717613170352086,-0.004260500400681996,-0.15392935149431533,-0.012214596726391417,-0.00365468453463192,-0.16626552973927822,-0.03445151122593297,-0.0010986935061940953,-0.08937145782874273,-0.009136926002187752,-0.016805967111755252,-0.1224286898860833,-0.015154851775819033,-0.021457994619641665,-0.13834014524890034,-0.03158744553783343,-0.020947974064778527,-0.14895422043516668,-0.05332457288628954,-0.016477585232050014,-0.07143388895558825,-0.017956716501980528,-0.03365430408049659,-0.09216843343191675,-0.022063864633555648,-0.04155385451856002,-0.1103414645777021,-0.03253454563579078,-0.04832768137603778,-0.1213261468104954,-0.04494921784288059,-0.0480660950946172
0.0,0.0,0.0,-0.025791401106740074,-0.00806601603092897,0.026702997465374564,-0.048035719809315126,-0.013143373293105321,0.05418579429547203,-0.07365328966060905,-0.02488198123025946,0.07278202903273233,-0.09989472291484976,-0.03570217463128045,0.06700414854669615,-0.10039602055254034,-7.073832704413616e-18,0.0225880443104463,-0.1249708478614014,-0.0007087399868618927,0.031695912718569544,-0.1437952301875002,-0.0026153506123104647,0.03668012937904514,-0.1657526030063655,-0.030042947186116203,0.039103537762078096,-0.09926728219433804,-6.8769820199970485e-18,-1.1513294560072253e-18,-0.13580208954683845,0.0015125122765007773,-0.00402947422876166,-0.16055669905843561,-0.01167681828940321,-0.003412768051553532,-0.18017538165019545,-0.02840038907111369,-0.0014266726535548046,-0.09319101669944398,-0.009034274360350685,-0.017785840767361415,-0.12608703495415033,-0.0140415879483756,-0.023603247733676325,-0.14620912966456123,-0.028864360894708386,-0.024396058326198344,-0.16489549700051,-0.04651423753128985,-0.023213034367312854,-0.07604536544341446,-0.017282582538700953,-0.03263269535289882,-0.09572875860910354,-0.02143409429510963,-0.04380047464090361,-0.11426123974551146,-0.03216349207862963,-0.051069948377942175,-0.1296239349909677,-0.04608805666082583,-0.053409741635596863
0.0,0.0,0.0,-0.02556913391556105,-0.006065587086413103,0.02553364223304477,-0.04704662610961471,-0.013925691489788897,0.052118746750690954,-0.06992684742037238,-0.02630253685112911,0.07250675208116847,-0.09786342897123808,-0.036166607878924964,0.07328176906969772,-0.09813913865476107,6.484901847616334e-18,0.021538113838347073,-0.12340935391167202,0.0001707412505281663,0.0321346276417803,-0.14385620906614455,0.0007868946050650671,0.037839832223973385,-0.1672665461462633,-0.02289581599768217,0.0408648728089088,-0.0979596182935362,-3.5033461576245327e-19,-7.17498065990933e-19,-0.13521700753102922,0.0021449273103236084,-0.0033629457182271913,-0.16172197365386026,-0.006361705531611989,-0.003516327756404358,-0.18541795098424133,-0.01721391049882552,-0.002085342297983844,-0.09301320975009283,-0.009278041701980216,-0.016389928705273237,-0.12543310581215808,-0.012452506019138365,-0.022711306290906823,-0.14817448260875085,-0.024030925893506878,-0.025322636173548633,-0.1723201860433382,-0.037933904639630325,-0.02679366711972677,-0.07692353185460903,-0.018100926492427002,-0.030638956099149683,-0.09618104229252114,-0.02213400923375203,-0.043218808002472055,-0.11577739557835141,-0.032989572247571375,-0.05304903688122557,-0.13302414021787934,-0.04508842512249579,-0.057014664713553494
0.0,0.0,0.0,-0.02575478664433369,-0.005110551754942449,0.024093555647910974,-0.04978641252619898,-0.013422445878505707,0.04977730245983893,-0.07330706250229303,-0.025049573705308047,0.07211184088436835,-0.1007067417615636,-0.031822269174234724,0.08484509981587367,-0.09971023040299477,8.938819756074662e-18,0.02085536564760786,-0.1265787420152593,0.0032499285454723296,0.032066906162598385,-0.14625056857203098,0.0058623646705048315,0.038050483108638004,-0.1729882216277365,-0.01324121723230249,0.0424310732175948,-0.09904863884416468,9.47986856518067e-18,-1.604957190937078e-18,-0.13822356497479074,0.0024003395497274043,-0.00206144280723817,-0.16448044410231696,-0.004574059272109503,-0.0041951019721525595,-0.19032408941241036,-0.014269200963107702,-0.0039016797818119,-0.09474746219303161,-0.009690399098800845,-0.01613957698365118,-0.12755023856275577,-0.012773799454009263,-0.02274694827754593,-0.15240172171657895,-0.0238484101822004,-0.027516941880519605,-0.1765668421748105,-0.03509870954604534,-0.028537015090182152,-0.07906134472660141,-0.019604111840524734,-0.030320016033404677,-0.0986821367403934,-0.02318427817496963,-0.042812316614758476,-0.1184483438956786,-0.03293000833330717,-0.0543422754768854,-0.13561374997607153,-0.04168010803285736,-0.058890796784529874
0.0,0.0,0.0,-0.026059687653004763,-0.0058808788395634925,0.024050184559955154,-0.048630572906939604,-0.01241958073924213,0.04916544191732811,-0.0717651107150995,-0.022408034763376675,0.0719953295788643,-0.09583458124889371,-0.027668268944375744,0.0887051270043902,-0.09790429498713075,-2.118731084192161e-17,0.02015589803478305,-0.124207129778904,0.004202317706813492,0.030755640885887163,-0.1444017118138142,0.007877822606230366,0.03651750702597574,-0.16929403131552048,-0.007467110061466828,0.040687840351672944,-0.09743779737406225,-1.3055590958452061e-17,7.885378362618473e-20,-0.13650107174067452,0.0035343129343480112,-0.0013960849596494273,-0.16254801563183796,-0.003096541728295308,-0.005751363614996652,-0.1874553567255855,-0.0094594304180315,-0.005910282865445209,-0.09334393746001868,-0.009875320229862424,-0.016498478979804363,-0.12555577899959638,-0.012521701235967913,-0.024532812321469095,-0.14911349847900512,-0.02014961813788263,-0.029750215890202814,-0.17319327704742993,-0.028237936219163907,-0.03161754787874277,-0.07796153610926977,-0.0194437569864455,-0.02976643237572119,-0.09741975105873968,-0.022137929375432974,-0.04254845700630462,-0.11647727335676417,-0.030332940779697802,-0.05571380401390658,-0.1327585237261826,-0.03769408778998747,-0.060756273817583396
0.0,0.0,0.0,-0.025913116503121832,-0.005679818430253962,0.023800929658950806,-0.04841837841519488,-0.011856437270264473,0.04911805256565047,-0.07173838011053757,-0.02101934173545029,0.07295628379615507,-0.09384812902238573,-0.024959571662383804,0.09099922411210892,-0.09832991990135669,2.151282347356136e-17,0.02037727201042961,-0.12458972301015908,0.004461061686096096,0.030658507858990765,-0.14404175765732807,0.00860829392723945,0.03706098187017293,-0.1686165731873877,-0.005047909785150065,0.0411588013535479,-0.09782175416426944,2.750130820524472e-17,1.501162528899833e-19,-0.13740136248276294,0.0037260011447061312,-0.0011940094013829844,-0.1627043852838676,-0.0029158608473098145,-0.005798915139466747,-0.18795937021650336,-0.009128643022374249,-0.005925648885811167,-0.09402445377307994,-0.009893343634850447,-0.016910952010814405,-0.12578730796348792,-0.012378091707110569,-0.025099101026843693,-0.14987277459451923,-0.01956249794517922,-0.03069285479645214,-0.17380350443097825,-0.027510781201646222,-0.03278568421622369,-0.07826108672205145,-0.0192309504963618,-0.030605009503585027,-0.09784123507680761,-0.022161639250522443,-0.043430447032855805,-0.11687636959517962,-0.02999244375538707,-0.05706116457810519,-0.1331590779469473,-0.037517295763441955,-0.0625782461382863
0.0,0.0,0.0,-0.02554627849264446,-0.005810595624402152,0.023969112049623775,-0.04792186349918861,-0.01183011560305459,0.04919048111004913,-0.07097830678277132,-0.02063256484805696,0.0730171872803776,-0.092701822883632,-0.02449565971082696,0.091395077935569,-0.09838007692088784,1.5549034063969404e-18,0.02043492284786351,-0.12460396447191009,0.004213888344064081,0.030909310784605234,-0.1439758696558384,0.008200548889692816,0.037580349683124833,-0.16852244734663432,-0.006450463995296443,0.04183287140127742,-0.09781126642903704,1.1066376888422036e-18,-7.714491766105997e-19,-0.13760061515358818,0.003488923054081374,-0.0011021650150304534,-0.16298790260413135,-0.0036885796266495244,-0.005547829300736567,-0.188279859264029,-0.01043453338508113,-0.005282558714029725,-0.09391505597924175,-0.010215253538294868,-0.01703700707369798,-0.125924524228143,-0.013003024877579766,-0.025117734298826334,-0.1500038948588889,-0.02067421190974811,-0.030577594342045423,-0.17390042074040932,-0.029103057638146523,-0.0321354666521461,-0.07809938444561253,-0.01974962960516605,-0.030680834632939864,-0.0976639683106776,-0.02241158647759962,-0.04338243069097768,-0.11672154113589321,-0.03029649875777085,-0.0567908689704057,-0.13302023783202419,-0.037453627161498346,-0.062112631812232935
0.0,0.0,0.0,-0.026443795621617038,-0.006647360974931715,0.024599822518453027,-0.04797753389563437,-0.012440572420634535,0.04935079157605572,-0.07095026829800251,-0.02185803922629183,0.0732527522886319,-0.09132720248218813,-0.025588348005208025,0.09168777840612653,-0.10016374259480551,-1.3215742120631489e-17,0.021112186986282387,-0.12627297809275873,0.0035675901575993128,0.03071578504378192,-0.14409374069187725,0.007669840034218736,0.03802864058454661,-0.16806974028735172,-0.0063153045340452385,0.04193712046331725,-0.09879673544376442,-1.7258446795479066e-17,6.704707608287164e-19,-0.1389138518462814,0.004149036634691024,-0.0008495291997021735,-0.16405180784218062,-0.003530894693503443,-0.006202381511382511,-0.18831864067228413,-0.00939557820991096,-0.00601911039234932,-0.09457758769948153,-0.009790883008911419,-0.017998425307250647,-0.1267831390429086,-0.012426904828168463,-0.026517475015001134,-0.1511694845779027,-0.019991662873103153,-0.03191993988344447,-0.17421885505775284,-0.027355688821478177,-0.032985209592157554,-0.07848355907237108,-0.018780336603949604,-0.031897595985403746,-0.09833209947106743,-0.02130259814039427,-0.045268330109075376,-0.11725959636936586,-0.028172341147344414,-0.05828103073681992,-0.13423897329358678,-0.035880458343903236,-0.06431754608234838
0.0,0.0,0.0,-0.026116626431997157,-0.006366064208418098,0.024595207724238247,-0.04763038289771466,-0.010955942718213296,0.049739262777312214,-0.0700119486497221,-0.01888249849647551,0.0740283849273547,-0.08981788016652037,-0.02086301067835912,0.09303351682416003,-0.09875864461193563,-1.2315686327425868e-17,0.020974035517481143,-0.12471317761200502,0.004245207149296043,0.030889897349191453,-0.14336164030200205,0.008582143892872573,0.03785949342787519,-0.16741314904449303,-0.0054339634947961415,0.042012268499104694,-0.09791061958892341,-1.1565065571564051e-17,-5.997089555553626e-19,-0.13750654326405715,0.0032834844284410115,-0.0010047596366250077,-0.16250291119412785,-0.004688890618540546,-0.006019694724036787,-0.18762011793859434,-0.011172211476325595,-0.005800122294268348,-0.09374861667562126,-0.010014806138841308,-0.017645444205046774,-0.125590535151174,-0.012907523038059332,-0.025872034396351093,-0.14986517304334127,-0.020569096785961236,-0.03128914355322635,-0.1730801819256995,-0.02848650054203888,-0.03257303044066005,-0.07768322700544689,-0.01916070644126944,-0.03126245417452099,-0.09749481330749919,-0.02195849054276821,-0.04413351926155882,-0.11654857900844191,-0.029081396641923486,-0.05756800006551853,-0.1333528855510335,-0.03665071516010838,-0.06294528454921207
0.0,0.0,0.0,-0.026016339264369893,-0.0063889531159017025,0.02474411606605612,-0.047310410947065645,-0.010988248035608706,0.04977147790875634,-0.069562494385132,-0.018827970947567947,0.07395910429160998,-0.08896838935504231,-0.0202454469176469,0.09309971579087496,-0.09872780249068523,-4.55673275036514e-19,0.02102707365526396,-0.12472621780248384,0.00403190425874884,0.030918674757625938,-0.14344805331198035,0.008181852481252768,0.038021962756562784,-0.1670734738644808,-0.005984615386312899,0.04228951017191598,-0.0980160201119101,-2.112535558272806e-18,7.233350982951561e-19,-0.13776986979088973,0.003326249958844529,-0.0010569190402796645,-0.16272730804059057,-0.004814875776606745,-0.0059436840681133495,-0.1874633292108156,-0.011419341690153963,-0.005548814207989651,-0.09368781737479473,-0.010012085960826492,-0.017749059982731633,-0.1258322149477981,-0.013009646311981288,-0.02647504405217095,-0.14963669441893718,-0.02099182247407115,-0.03178899736571522,-0.17264219921834062,-0.02903661013453951,-0.03335628865954159,-0.07748144492230907,-0.018997063378522014,-0.03158852067121132,-0.09734804021714225,-0.0216881988191587,-0.044670780906118326,-0.116396585994111,-0.02851687589271187,-0.05823140468070803,-0.13329225687262378,-0.03577282013124703,-0.06335125126716314
0.0,0.0,0.0,-0.025946960373072793,-0.006462389503920799,0.024984425389215286,-0.04739690480472216,-0.011314016802073864,0.04966496431794221,-0.07020722752545049,-0.019612547689324293,0.07428338066108334,-0.08956416406803398,-0.021541051731840618,0.09331494065645492,-0.09958348763487546,-4.281755167285668e-19,0.02106257199182829,-0.12540732804507235,0.0033034595248307027,0.03103676702464978,-0.14336853044452938,0.006918140082307251,0.03863423061091704,-0.16700481499269307,-0.008058671680300975,0.04323932067896135,-0.0983341392512279,9.856047767098095e-19,4.787981494985481e-19,-0.1385314065424671,0.0037126243179076627,-0.0006640055023001581,-0.1632864342893559,-0.004395788062542628,-0.0057165771622018436,-0.18789713012209341,-0.01129402654825796,-0.00531646155135608,-0.09408587885859462,-0.010086616009311248,-0.017529375429440993,-0.12619585074213105,-0.012824748573232913,-0.026459241427855867,-0.1503333350673898,-0.02100243911564722,-0.03192478642552004,-0.1728779640598342,-0.029171783474722244,-0.033837037404029734,-0.07755550650014029,-0.01895037310315703,-0.03136914909679579,-0.09759148181274281,-0.021645317622618527,-0.04464349032966531,-0.11651396866845715,-0.028154390202500407,-0.057816915200586586,-0.1333453281761606,-0.035643858911698585,-0.06328824274472268
0.0,0.0,0.0,-0.02593684731959094,-0.0058819993288341844,0.02471947146598546,-0.04693701793664306,-0.011213106083826032,0.04965172936345081,-0.06936991911133805,-0.01963866157626534,0.07419037416675305,-0.08915379587479491,-0.021832722795358014,0.09342592040026308,-0.09852720096328892,1.785921902708838e-17,0.02119140962814673,-0.12450746302186382,0.0033687626191986177,0.031525602780194076,-0.14263354747300386,0.007062923194201762,0.039139940004979015,-0.16618895560554334,-0.008813337934450794,0.04405469475140736,-0.09733005966257358,2.0941681523577942e-17,8.263122021568177e-19,-0.13715898008142605,0.002905030942429814,-0.0002466456368151545,-0.16193775710405411,-0.005398231942661561,-0.004746779552349082,-0.18679013873973505,-0.0128099049115145,-0.004474336364485074,-0.09319846496353829,-0.01027273081855065,-0.01698274857754309,-0.12497772405483744,-0.013697524021334782,-0.025597473268079537,-0.14945792096681282,-0.022363329260462566,-0.030981670057377186,-0.1719006023279812,-0.031036685142041564,-0.033270679044713945,-0.07680656995004086,-0.018936288392625393,-0.030997445954816332,-0.09655375951120267,-0.022052860431172775,-0.043931077544673874,-0.11568906594884823,-0.02908479003222626,-0.057188277510879064,-0.1326932415479161,-0.03647398752606947,-0.06193021200956861
0.0,0.0,0.0,-0.025608244752251784,-0.006171378096282121,0.024491143890528796,-0.04686711546784779,-0.011606917293450205,0.049400475734750655,-0.06911059673755351,-0.019799641526706015,0.07376862120109601,-0.08914574139862085,-0.022517902608267103,0.09317061478111326,-0.09863792721968687,-2.962327843048794e-17,0.02099092929215299,-0.12447077628035103,0.0033230738383626178,0.0316347325179184,-0.14273170170099125,0.006948233301434275,0.03934404856623733,-0.16656463738815605,-0.008993049468624642,0.044121815242773255,-0.0977368621703664,-2.711774305593902e-17,2.379243118834943e-19,-0.1375203044363626,0.003115776884022696,-0.0002826895846376495,-0.16246699286170205,-0.005114806133916819,-0.0047224733801322725,-0.18786005074645,-0.012801209180771484,-0.004526779807988197,-0.09357767314559302,-0.010238520880037934,-0.017093062379166305,-0.12563261211776935,-0.013272187919834063,-0.025729954459447722,-0.1500855803436635,-0.021618182089833637,-0.031181323247763095,-0.1728499754365145,-0.030594106280037402,-0.033531615856637415,-0.07728594149090455,-0.018995332431153516,-0.03123511290050188,-0.09723763253693109,-0.02165452433125549,-0.04394624587982108,-0.11644691056959025,-0.028134763387091245,-0.05732490487484814,-0.13358824594604757,-0.03518744654523567,-0.06224069737527965
0.0,0.0,0.0,-0.025759634159156632,-0.006219171988004376,0.024826268206702137,-0.04697216065324678,-0.011129833213732865,0.04976451573961009,-0.06939825204949024,-0.019035890948361486,0.07414927609421872,-0.08913112693758546,-0.021526296688376474,0.0935045099763349,-0.09886703559962287,-7.339407828867774e-18,0.021201805915039045,-0.12470085837833787,0.003302563917960665,0.03144397409159943,-0.14261511264020763,0.00702028726227572,0.03932327221895012,-0.16631791653686373,-0.008314750486973268,0.04397470301936471,-0.09779030799410361,-9.27474793579495e-18,5.690874272122914e-19,-0.1375625055513749,0.0031979482942957136,-0.00046977529991301637,-0.16240527342456587,-0.005335490801620926,-0.005015113059782151,-0.18743161895561503,-0.012385447310657395,-0.004624713659010936,-0.09359064203509587,-0.010297320603777466,-0.01751938274528608,-0.1256387501050756,-0.013512429935808193,-0.02620098277688837,-0.14977917664219023,-0.021826622268242484,-0.03161373435879598,-0.17218101222860374,-0.030327307319534248,-0.033579765832654214,-0.07724342358379277,-0.018992390708393467,-0.03166352640780301,-0.09725283137517493,-0.021866327315749723,-0.04425115480835258,-0.116348651020394,-0.028436932626085452,-0.057485774894521724,-0.13341636786972835,-0.0355712997995938,-0.06239205619049643
0.0,0.0,0.0,-0.02595804337520325,-0.0063659352004876175,0.025000542331539977,-0.047446491588749154,-0.011906221431429153,0.0493584302075687,-0.07032861943456536,-0.021047283113832773,0.07334608821456602,-0.09037792089724368,-0.0235823049516827,0.09247488412653489,-0.09996424120193521,1.120336544248633e-17,0.020813787010435902,-0.12586708664073573,0.002575228060444533,0.0310514110238391,-0.14336579335589728,0.005982266175894569,0.038786245302441534,-0.16681644845208668,-0.009321953540139094,0.0435522523612811,-0.09863336691167618,1.597541945845483e-17,8.598590967414482e-19,-0.1388563509891287,0.003588864825755399,-0.0005868861966859477,-0.16396102466151566,-0.0047589821567752275,-0.006022031229750525,-0.18853787608218758,-0.01208605242050619,-0.005470865486296366,-0.09435663159456065,-0.010093343730264695,-0.01741707231068087,-0.12649236709748435,-0.012765541164721604,-0.0268452417819418,-0.1504035695224879,-0.021283194025388967,-0.03266147196382322,-0.17340651737043397,-0.02963724064139638,-0.034864243515919456,-0.07795905678177988,-0.019175414549506522,-0.031185032224327613,-0.09789446721621779,-0.0216544972259328,-0.044659024632242535,-0.1166937318353946,-0.027966107784487826,-0.058022189626268095,-0.13367719204148157,-0.035495154313424364,-0.06366190880549576
0.0,0.0,0.0,-0.025925985011681717,-0.005525830203608171,0.02444497898530785,-0.0474664372640573,-0.011386245782265558,0.04927044525448102,-0.07003317502635366,-0.01992648270394273,0.07365035914488358,-0.09023922655933822,-0.02202821145306594,0.09303928003933513,-0.09925777477196007,1.373325487542519e-17,0.020754179549221284,-0.12499358248080437,0.003288240443950277,0.030972749687963156,-0.1429637090503401,0.007185111081810037,0.038789791888399594,-0.16611103754310041,-0.007415307571751122,0.04391662624048825,-0.09805997316343074,1.2344762217095596e-17,6.168916359154543e-19,-0.13788466976665878,0.002906782618381525,-0.0003536858163571683,-0.16285016451274517,-0.00484062968873017,-0.0052793532288541,-0.18735092441162635,-0.011719259847799984,-0.005108265084329279,-0.09370230274831057,-0.010051656971743766,-0.016715323238328198,-0.12572612339260505,-0.013775046489945183,-0.025812895458655026,-0.14962705109644803,-0.022592854771257193,-0.03152317692188169,-0.172535462695169,-0.031084202160282935,-0.03459987733292011,-0.07737173856382012,-0.0189323884822396,-0.030622886046162225,-0.09718640903980588,-0.02219284598080967,-0.044251200280761314,-0.11596487556320612,-0.028987449686989776,-0.057868331352209965,-0.1331820689034105,-0.03603927491630122,-0.06345624728660303
0.0,0.0,0.0,-0.02575128795499135,-0.0052605674848046164,0.023768395360661557,-0.04741218863790604,-0.011224052846014906,0.04902647118336152,-0.06944174641610158,-0.01936140947360657,0.07352638617450837,-0.08961401026021767,-0.02134635666751854,0.09277857033560413,-0.09811810221760188,-2.2958004835521956e-17,0.020525871368778488,-0.12379122179628753,0.0035963087031444557,0.031029698679068452,-0.14196405251476749,0.007378450041907924,0.038974716089212554,-0.16548106117340455,-0.007503779261581314,0.044458075629558676,-0.0969389468175049,-2.5291569334871707e-17,-2.981719601000058e-19,-0.13661660920640242,0.0025300635989215976,-0.00026281036868385876,-0.16124099946188933,-0.0049536909242984435,-0.005135759996042632,-0.18635650455063818,-0.012285565964417346,-0.005166028121046465,-0.09258519292727967,-0.010061460059319441,-0.016208542272058646,-0.12451080423195916,-0.01439981962339444,-0.025108501090300796,-0.14884271614297775,-0.023255443293184897,-0.031247169028833503,-0.17174454341750506,-0.03184099447180986,-0.03473457377403551,-0.07646621671797717,-0.019148225490951774,-0.030020337906757413,-0.09621379246388237,-0.02237125119845276,-0.043237901976376586,-0.11500777589592487,-0.029928106317328756,-0.05692708190725045,-0.132446031492283,-0.037017772107789976,-0.06229995289441601
0.0,0.0,0.0,-0.025230926156829862,-0.005839470156648577,0.0247668191125976,-0.04647604397615516,-0.011155299907415874,0.049439468473232974,-0.0689741248711822,-0.019990457634680964,0.0734527881562768,-0.08929304307726467,-0.023131354412921887,0.0923040630992536,-0.09824192856768496,-6.177758648484096e-18,0.020937325094428232,-0.1240416812115653,0.0020996150345868,0.0318068070381363,-0.14191640889059545,0.00559578378208402,0.039845989315650504,-0.1649174466810284,-0.010677874087088167,0.045342702620201875,-0.09729413302656417,-2.9610554402263527e-18,6.306370189388701e-19,-0.1372198156080164,0.003028700511651401,0.00022668779111205612,-0.1621205686146483,-0.005220180971249759,-0.0041338897474700095,-0.1868520818714214,-0.012585708140153725,-0.0036420342770068937,-0.09336958036189379,-0.010484401221752988,-0.017083219096873176,-0.12505614275521582,-0.013402959175940178,-0.025546473319291937,-0.1494845386964691,-0.02160661232259471,-0.030672038884379565,-0.17173739106327748,-0.030353551340918335,-0.03207198193210961,-0.0773804249365067,-0.01931587583202963,-0.030957378094062075,-0.09705926894904905,-0.02207858108605424,-0.04400067680149382,-0.11564322031892321,-0.029044884154363827,-0.05683493739034491,-0.13255696324900654,-0.03682720808232403,-0.06167689714372752
0.0,0.0,0.0,-0.026354768502561413,-0.006951030908700687,0.025540599610285125,-0.04748426341254491,-0.01254902707917728,0.049812777463201424,-0.07018431060443454,-0.022044841805364226,0.07374469813337142,-0.09109734393168453,-0.025445717471359472,0.0913304992395193,-0.09952199006732328,-7.572458883720595e-18,0.021125101827964968,-0.12566704601164475,0.0021638861555706244,0.031198315027426614,-0.14349941922696557,0.005165347654949954,0.03899584464888221,-0.1670806779056574,-0.010612609517274458,0.04384125530222946,-0.09866755805141664,-1.1095043349537944e-18,-4.2926740159948535e-19,-0.13856638894232123,0.003223479760422156,-0.0004810714602555899,-0.16392222405057888,-0.006067683856924408,-0.0055769111233813255,-0.1886664398754748,-0.013530671449903078,-0.00506083897627129,-0.09444298644313474,-0.010091706022829381,-0.017843088731569128,-0.12607605075950784,-0.0130881643112767,-0.026613064174812,-0.15075412924754075,-0.02170838933595766,-0.03189473163977223,-0.17376913834996494,-0.031095595297531125,-0.032635996099692054,-0.07824847857123346,-0.018943313710288682,-0.031714531532882596,-0.09825839169796804,-0.021692275985086645,-0.044850656016507916,-0.11673698393750988,-0.028237671190960434,-0.05733509873624392,-0.1340617804478058,-0.03658029731383243,-0.06334820540033743
0.0,0.0,0.0,-0.025377956241465414,-0.006006144446224455,0.024646658689764782,-0.047366641918190636,-0.011118730292475223,0.0503254555787389,-0.0697604138016996,-0.019211086373463263,0.07400403764895515,-0.09212279305226792,-0.02218769945597417,0.09118716855041395,-0.0973296087526684,-9.642532288470727e-19,0.020786361281028187,-0.12276914474773847,0.0035490741754890536,0.03194783209944999,-0.1424537324417685,0.006307616274164163,0.03907029538225538,-0.16582849285800247,-0.009632525291677537,0.044397447776075905,-0.09693126874062671,2.7227499790262304e-18,3.361519320759839e-19,-0.13602429582970785,0.0021989180648530862,-0.0007550582367203525,-0.16119917702205022,-0.005436125111866658,-0.004469067795844847,-0.1860778256126285,-0.013362480646011421,-0.0037486525377035955,-0.0926844118295658,-0.010287321992315563,-0.01663688653215486,-0.12488958438746381,-0.013888173540064813,-0.024293224847871882,-0.14838260815081009,-0.02238939785644341,-0.02884054309790382,-0.17216234994214155,-0.03237498676768204,-0.030237157126643426,-0.07705370333849557,-0.019724900866916327,-0.029878684428272788,-0.09700982426070211,-0.022837062152518215,-0.04267300200519185,-0.11601995112308308,-0.0307004072940288,-0.05582916002040432,-0.1329785138651128,-0.037905034574645134,-0.06060168646242613
0.0,0.0,0.0,-0.024919912568300825,-0.005915933743796928,0.023979490381585228,-0.04660916152229331,-0.012254961327000406,0.04982688673647506,-0.06881268931325464,-0.022107953756370962,0.07231907268318068,-0.09354872156538227,-0.02744477009138731,0.08597073063249797,-0.09639687379808672,1.6673778245281905e-17,0.02061053126393267,-0.1221677612076391,0.0019027201223155404,0.03167325808493984,-0.14126748501883682,0.0038117309071174048,0.03833856436548483,-0.16508677247822534,-0.013972348754946379,0.04285426322645671,-0.09631179262602507,1.6749464392451106e-17,-4.042879429676676e-19,-0.13536514719441162,0.0011474363210663,-0.0014252427820505822,-0.16003117746275577,-0.006607759671588888,-0.004724122319827598,-0.18465213551237966,-0.015320019157482106,-0.004486261078738911,-0.09219985474354286,-0.009697238989820136,-0.016722565703556014,-0.12430047906417976,-0.012589148330705421,-0.023799082463859294,-0.14864048552566142,-0.021504163892944808,-0.029089496601936746,-0.17163745108772635,-0.031049483013320722,-0.030680321430317136,-0.07680842581695631,-0.018390946300765706,-0.029966385059577584,-0.09628858359062054,-0.020750647751533374,-0.043571222556649275,-0.1155807783875681,-0.02788852132905602,-0.057020953388305436,-0.13205678030681225,-0.03470462050064428,-0.06248393695307255
0.0,0.0,0.0,-0.025178744131117304,-0.006078668401167237,0.02511617543362949,-0.04707031234964827,-0.012544843069421134,0.051000105464179254,-0.06954398612617554,-0.0228109906574061,0.07285153398340928,-0.09687035849775066,-0.0286200821700678,0.08429060942558235,-0.09764125048111388,2.5957194180866404e-17,0.020988431473187914,-0.12284882201516187,0.0010066072016475518,0.03191048055035696,-0.14208104436010824,0.0023432374009293264,0.03860282833694157,-0.1654804634064517,-0.019224924008974194,0.044106897303818386,-0.09709523831900019,2.2996236658145062e-17,-2.005903304842986e-18,-0.13535543808194758,0.0007728004307904078,-0.0019601090299314564,-0.16039878116970283,-0.007610628374009331,-0.00282084262890742,-0.1834215593775232,-0.016802366213007333,-0.0007339119521855256,-0.09259552943577752,-0.009887152814717266,-0.016457087659576732,-0.12485757715961963,-0.012898702792724944,-0.022427799211515147,-0.14905822273164815,-0.022922700775937884,-0.025248463821667094,-0.17249013846437858,-0.03532437576156875,-0.025126584758223113,-0.07706317495357626,-0.01940359651372948,-0.03025700743228833,-0.09653365696762542,-0.02267016135444089,-0.0439610012356593,-0.11617423344376596,-0.03057934001711337,-0.055885134596845784,-0.13331273679883499,-0.039802048018183336,-0.06047060900275993
0.0,0.0,0.0,-0.02460086951516567,-0.006147048406681824,0.026784397627401004,-0.04583079222517122,-0.011946566070109218,0.0533655129910277,-0.0666762887221566,-0.02111797073793237,0.0740261778231764,-0.09360272365361316,-0.027981232973027553,0.07940193381590577,-0.09741901416391606,-1.0067045721531157e-17,0.02236370256639011,-0.12238524973753266,-0.0001748194957762318,0.032686146872019026,-0.14192366465496245,-0.00038050843940210573,0.03918043062106338,-0.16446254248614142,-0.02600999729995362,0.04391911428189611,-0.09660381993569998,-9.089922286135795e-18,-4.883048781174832e-19,-0.1344334688275374,-0.0019958076272376273,-0.0022382195777483093,-0.1593576997929196,-0.013576954388368609,-0.0010186389484914187,-0.18069862452627858,-0.025225289063488535,0.0025757458334739213,-0.0916331437831907,-0.009939586673637457,-0.017542172856788493,-0.12541044982490074,-0.015046454618054312,-0.02238563811659879,-0.14706473773967618,-0.027311735250246067,-0.022891531217664865,-0.17049886940547604,-0.04122945278719477,-0.02147285645471574,-0.0762446437679046,-0.019510922909386753,-0.03275372465759826,-0.09586990653294329,-0.023826537035408296,-0.04526100894144451,-0.11543210004071103,-0.03356788188382223,-0.0547948201687998,-0.1329770146317252,-0.04320049903745633,-0.05812498656912429
0.0,0.0,0.0,-0.02613950072609316,-0.007447725564496495,0.027355011758122952,-0.0456207191314015,-0.01346435279167757,0.053520306857982404,-0.06701552485888422,-0.024938653128637363,0.07403511171634926,-0.09511269134081227,-0.03324578292413598,0.07584649005675717,-0.10040382282776526,1.0480847372454178e-17,0.02214307041570236,-0.1247228478977336,-0.0010422349792729207,0.031849797698892915,-0.1432666670869536,-0.0021466515174720434,0.03839475792831944,-0.1654937736342139,-0.029486569453865515,0.03977290362143622,-0.09895257595069787,1.483483908526076e-17,7.141918767813469e-20,-0.1360702841693684,-0.001127493302474352,-0.0020981940095331935,-0.16086167516435365,-0.015939657258066522,-0.0017091087829570043,-0.1809969386049662,-0.030588112920751254,0.0012863679701185277,-0.09387606060744857,-0.009409210044276816,-0.01844791992262563,-0.1259728264956012,-0.014180767487559432,-0.02324412375712555,-0.1480062275060505,-0.028643021116690648,-0.024581127139490885,-0.1692325041107156,-0.04444024738856555,-0.022851239223847096,-0.07732484140335631,-0.018071882354534975,-0.0332401371035624,-0.09655736119685399,-0.021901928870741126,-0.04518138148759989,-0.11583386892850331,-0.030625739681292997,-0.055039955194021065,-0.13314380126542258,-0.0425660256999494,-0.05912841218662768
0.0,0.0,0.0,-0.026025016703832744,-0.007346065431805545,0.0270531338918425,-0.045656746531759204,-0.013307101561400733,0.053690703229917876,-0.06751488509544208,-0.024713502559727683,0.07405823100002393,-0.0962412714405375,-0.0330638601136614,0.07619125716262992,-0.10048494358912527,1.3666379907839692e-17,0.022105965972054033,-0.12470635154039493,-0.0008387380855151951,0.03187798643385432,-0.14293829405219485,-0.001795946530292662,0.03871535334796623,-0.1655838991184038,-0.028888095946452405,0.040381092882927454,-0.09887847851741903,2.12129474955501e-17,-3.3650551947610765e-19,-0.13611459412479915,-0.0008053318802141399,-0.0019381398018338365,-0.1606942535088067,-0.015263267626619594,-0.001315154475464029,-0.18119059418765046,-0.02992509910603052,0.0019360612720128745,-0.09408407176448957,-0.009444883097491492,-0.018277419180055012,-0.12613243266485738,-0.014202648781371332,-0.022831540141200393,-0.14858040810214104,-0.028668582759093952,-0.024040107172019983,-0.16980573075949848,-0.04420410826769546,-0.022087650563294786,-0.07753222055667237,-0.01814594831166438,-0.0330076713670514,-0.0967550550817306,-0.022219632680150325,-0.04477994959324111,-0.11641773527063996,-0.031098724213611026,-0.05445839912742567,-0.13401890528176313,-0.042847680252666845,-0.05824872255871093
0.0,0.0,0.0,-0.025152270881367997,-0.007659763114274271,0.026245467138835573,-0.04572036849420617,-0.012953910567054212,0.05415074577707127,-0.06779577603410566,-0.023113784916408645,0.075261435233947,-0.09555882240136815,-0.03194128966632488,0.07372359464625138,-0.10072791885351644,6.357944771334412e-18,0.02182417054244332,-0.12474087089048436,0.00034315784393061004,0.031821626276976794,-0.1429943632936685,-0.0009742752878576191,0.038532423538486016,-0.16632523576300073,-0.028039325669702884,0.04086491873729249,-0.09871158805042,5.89360256593016e-18,5.62958665108127e-19,-0.13549967460038753,0.00039624665344873024,-0.0017908023106327344,-0.15974251126818717,-0.014496686495185573,-0.0002903335733194997,-0.1798446876097538,-0.0313647888603691,0.003153120452301253,-0.09339473887034845,-0.00901225665911372,-0.017908533870107293,-0.12549189141423125,-0.014380423578619399,-0.021664753552923105,-0.1469742071356805,-0.02995578693813317,-0.022920244632645272,-0.1667315874124879,-0.046884098095184956,-0.020151713896296004,-0.07591762403722734,-0.017649303490183267,-0.03310269401323089,-0.09530113385691612,-0.021825159427223354,-0.04314434099355659,-0.11548718669605874,-0.031967118226088345,-0.0521133469950189,-0.13277061717865915,-0.04419332782764203,-0.05511769239937453
0.0,0.0,0.0,-0.023117258440696443,-0.008731524715283743,0.024134615154465522,-0.04450141611646332,-0.012934799986669819,0.05324609799071014,-0.06765103059657374,-0.02274102955625846,0.07435663659295537,-0.09443854262210162,-0.033139340192938155,0.06994087582099939,-0.09685795450434134,-6.600953219605993e-18,0.021297723039202215,-0.12064704776340145,0.0018214486623624499,0.031227309807723844,-0.13944930105973075,-0.0007400543663670333,0.038464233187675924,-0.1626538832376564,-0.027917341037206292,0.04190828946934752,-0.09608279386159575,-4.243152199061467e-19,2.4321384755743534e-19,-0.13272760062653374,0.0012257510914644178,-0.0021283140775317294,-0.15707663094899038,-0.01414659371266598,0.0006494029300919655,-0.175497906427188,-0.03508671074518781,0.0038021750082377574,-0.0914030606591493,-0.008865999936751844,-0.017006432034069412,-0.12421596450590579,-0.014338135407583878,-0.020123692975032793,-0.14507384856479189,-0.030540867016053328,-0.02004087046898233,-0.16262645565591127,-0.050213516812346856,-0.016677474405829257,-0.07427706112759984,-0.01791261595105686,-0.03245696961173438,-0.09421007605391668,-0.02274366038008017,-0.04174139152807418,-0.11465667574062677,-0.0336238604645698,-0.04935849601469602,-0.1303766574757198,-0.04602034650272129,-0.049971947495472714
0.0,0.0,0.0,-0.024546986623045646,-0.008943101558101702,0.02422328542243252,-0.04416095071227178,-0.012778266122082282,0.05235898094575567,-0.06719722578889346,-0.02232747454237196,0.07368032858570156,-0.09205001554434347,-0.03168355098586411,0.06489297350032823,-0.0952320048840271,1.6134257006122735e-17,0.02021980841179915,-0.11888527517107222,0.0037362920156343237,0.031114612496968477,-0.14007024068290985,-0.0005642967937363179,0.03712587391933998,-0.1577103243520318,-0.030842927681261803,0.03769227188059631,-0.09490604221600478,1.745309661077957e-17,-8.044206701439715e-19,-0.1297731257023929,0.003835373315719496,-0.002745764618344296,-0.15391345142238314,-0.01198466735586457,-0.00022683050881810787,-0.16932721164863868,-0.03627052668791474,0.002012383208778271,-0.08977937736288032,-0.00686469705589977,-0.01537725689072331,-0.12151071072974313,-0.011914648945664385,-0.01960638247491561,-0.141032474263554,-0.027269888277413615,-0.019827782839668805,-0.1578473757199726,-0.052223662815768665,-0.016534963396666602,-0.07224038328849354,-0.016536940591363833,-0.03227752011833812,-0.09114960916150062,-0.020704381607374717,-0.04119320523566261,-0.11120667436158746,-0.03209390948613308,-0.049271064925512045,-0.12451149144067623,-0.046724811730212944,-0.048670239582159054
0.0,0.0,0.0,-0.02751078757392303,-0.01251672036968868,0.0192853014897262,-0.044699746355561704,-0.015385955437380094,0.04785842674314649,-0.07159740747056773,-0.031781721093515854,0.06778277928434044,-0.09409209836915629,-0.03958241732315466,0.054685858961948566,-0.0985184768289645,4.550348854740791e-18,0.018515942965552593,-0.12281763572537827,0.0046503638168690535,0.02763252495999058,-0.1419699727089388,-0.0018452553322709955,0.03687201893841174,-0.1550724234259936,-0.031820180392964165,0.030220096222185733,-0.0968156804471322,-7.127660242004586e-19,2.367088410591815e-19,-0.13227916497564887,0.010328713124932287,8.773324624464457e-05,-0.15446271102935882,-0.005224507138912352,-0.0022123896026392674,-0.1661557814042251,-0.029854708350465733,-0.006444646635120404,-0.09410178488891612,-0.0017798453352660614,-0.016683743428724886,-0.12429741354223504,-0.007027813293178407,-0.020553307554650086,-0.14119559861680053,-0.019765118096526722,-0.024586483783927558,-0.15497396421412216,-0.04426736641602404,-0.022576864277863616,-0.07478055759549423,-0.011504638294772317,-0.03699871477261595,-0.09348292252602763,-0.015531675258997131,-0.04258863946437568,-0.11330649254698467,-0.02299191331612435,-0.053206569895245553,-0.12366409187331232,-0.038684688140540435,-0.05190613713211198
0.0,0.0,0.0,-0.026199163570381614,-0.011363632647425539,0.017263919480448107,-0.04323504163178647,-0.015513879279748642,0.046446073956525,-0.0714767400779338,-0.0341907437822301,0.0647023491242412,-0.09320214624950715,-0.041623424206015086,0.05149802776272483,-0.09608418847013236,2.0491585824014297e-17,0.017026897618123534,-0.11991080370083983,0.004385351959141835,0.02811696290714318,-0.13969484396626672,-0.0026294313732975,0.03762140266188566,-0.15123844428164288,-0.03608075343403711,0.030126784049450493,-0.0941986230225245,1.5260303465832896e-17,-1.931524616798327e-19,-0.12807067687767468,0.009965354716116998,0.0006373949802560584,-0.15059760796534818,-0.0053431645559688205,-0.002205963191026102,-0.1625075956600049,-0.0317531267789928,-0.0053806178284824474,-0.09227096976021361,-0.0010925598830175108,-0.01568052734981998,-0.12095964294661941,-0.007551947948346357,-0.019131494699584112,-0.13548912589993053,-0.021932040944091923,-0.023180342367892404,-0.14850724134249,-0.04854316472710191,-0.018309086167757813,-0.07309987863166796,-0.012525451712658724,-0.03621609726934334,-0.09025682449490477,-0.016384682595735767,-0.040255578601742614,-0.1103162245557613,-0.024536499313555487,-0.05203960169493804,-0.12158607491943531,-0.0422044121307656,-0.04926469142476796
0.0,0.0,0.0,-0.026263085480395066,-0.011536185398085774,0.016745080702820207,-0.04306041266823881,-0.015572392274453105,0.04622845785643626,-0.0713156627831591,-0.034298546032181416,0.06488830953379189,-0.09306894259502256,-0.04157577334667794,0.05119300715168373,-0.09623438610236706,-4.779792109653173e-18,0.017137733604956885,-0.12000995754920116,0.004873385722996873,0.028112615978367228,-0.13980439536109426,-0.0022593869581548744,0.03791684800412165,-0.15101796034663872,-0.03569135035574493,0.029640817469879458,-0.09443353839583662,-1.5175398649230733e-18,-8.857135929078992e-20,-0.1280270232310318,0.0104571237942605,0.0009262118058000851,-0.15064047729168997,-0.004573802297284431,-0.0018277536950668872,-0.1626449300042319,-0.03055982729522574,-0.005493411758261443,-0.09255856036449422,-0.000582702218592401,-0.015745159838914856,-0.12119944100874364,-0.007188518052458263,-0.01909974624185236,-0.1355526430461526,-0.020679092537704866,-0.023362483173522464,-0.1488087875651441,-0.04680441453309038,-0.018935845280857753,-0.07328371200249699,-0.011840963982017845,-0.03674669969774302,-0.09044718677307757,-0.015842016447858178,-0.040528112168540444,-0.11032303103224167,-0.02316361200260068,-0.05249082037607667,-0.12159519855902765,-0.04023772704552236,-0.04959712962409605
0.0,0.0,0.0,-0.026308341963600386,-0.010967799509102701,0.015867302068453486,-0.04342418356375116,-0.01595324729966661,0.045606364303491964,-0.07214034896406814,-0.03541825692413409,0.06443024741104261,-0.09267906409858921,-0.04375551813914364,0.05053251684984645,-0.09598053789238553,-1.0402326839217276e-17,0.01658305264536307,-0.11876993996719681,0.004529376223968749,0.028484995365733498,-0.13772540496113567,-0.002979552103749037,0.03895277117370141,-0.14989877334086876,-0.03598004040171485,0.030167956864023588,-0.09393313499017994,-8.545271157160907e-18,-3.8242349950429536e-19,-0.12734552771060184,0.010224547240981837,0.0020933529566718547,-0.14952249310275267,-0.004685974809185763,-0.00037301878856175374,-0.16137444308071167,-0.03018210967830401,-0.0031352039354923945,-0.09245696202199812,-1.8195560092819944e-05,-0.015545428053341203,-0.12030025958470793,-0.006683864650058086,-0.018089812747666804,-0.13368496243402755,-0.01987080963352466,-0.022299335911207845,-0.1467817543848511,-0.04479120418179097,-0.016803470871127504,-0.07297532063952558,-0.01153011892229625,-0.03600710410516328,-0.08968942852614382,-0.015716132990919576,-0.03918164619807998,-0.10992262622952839,-0.022924579402010804,-0.05105348446075557,-0.12131473821730206,-0.03956212403935381,-0.0480815730208129
0.0,0.0,0.0,-0.02545450515659145,-0.0112247172044597,0.015518165978573207,-0.042402401931847924,-0.01591030199534831,0.04528459092329794,-0.0713190764821154,-0.03558175274475184,0.06292887798554662,-0.09085852400165963,-0.0450810999055581,0.04667001264292746,-0.09386262738336454,6.360025466617107e-18,0.0168175068287445,-0.11685723629629452,0.002821261883207508,0.027976336751840372,-0.13526270103470553,-0.005643174875995327,0.0371032737149127,-0.1438447363349706,-0.038898347996216345,0.027978840605883962,-0.09206488912601131,7.235169733398715e-18,-2.7525443009073545e-20,-0.12512028172032416,0.009184308856054452,0.0006983674445665395,-0.1463563010619605,-0.0069686662544977355,-0.0014954996237730104,-0.15541108107737184,-0.03326350750929753,-0.004543590367932905,-0.09043595303870737,-0.0009530704005136131,-0.015100766856656001,-0.11709957956550379,-0.007996210235072992,-0.018469398167507558,-0.1297630785320573,-0.021053763309106296,-0.022697438545094054,-0.14003813692582295,-0.04610805019542392,-0.018884977798964427,-0.07052629172104938,-0.012114465161964376,-0.03542255877935098,-0.08708341745046609,-0.01614623235312204,-0.03895511691704262,-0.10711364361072712,-0.0242775853730742,-0.05100460056050793,-0.1168637999592928,-0.04171953013325034,-0.04860163112612352
0.0,0.0,0.0,-0.02343484972985146,-0.00841232760236713,0.01888741654539885,-0.04326462983367881,-0.01083947238471194,0.04742790873830013,-0.07146157787091743,-0.02700637136629917,0.06711134672082907,-0.09085768264260499,-0.0403717358360454,0.05065683249682406,-0.09185677797654304,-1.3128433077729546e-17,0.01842621854635982,-0.11465975292104823,0.0035467082286722716,0.028843103507652967,-0.1326184272846409,-0.003854447038356902,0.036987686781563285,-0.1426065982240073,-0.03604826118483758,0.03349115546288306,-0.09080169666256817,-1.1806672646630996e-17,3.0388447587264553e-19,-0.1246647447737218,0.0068274039209093775,-0.0019874244225699202,-0.14623456831854728,-0.00941325878550443,-0.00227985370368205,-0.15395169257472135,-0.0361892059272459,0.00021379864452904647,-0.08809099741963387,-0.004990399006613988,-0.014721336842451969,-0.11697123515276026,-0.010197785941167922,-0.019028587643343906,-0.1308220703212478,-0.025639315207143916,-0.019101110405205964,-0.1388349291850209,-0.049691213009660964,-0.012045906870594777,-0.07008796637657351,-0.016209770137184634,-0.03228061032887775,-0.08750331980021532,-0.019254227752039582,-0.0378621804091618,-0.10596287650734935,-0.02897533277327392,-0.04711234852867994,-0.11568674288684305,-0.04581683092870824,-0.043196726318227414
0.0,0.0,0.0,-0.02734237133824135,-0.010730955687971394,0.01769262307798962,-0.046027697643830516,-0.013947072308639227,0.04574334338017367,-0.07719736041992543,-0.03226630526414134,0.06300747781396088,-0.0955020206337004,-0.043211230917072734,0.045807007077000104,-0.09627352112524314,5.437699851671239e-18,0.018294858787797668,-0.12097862370892418,0.005396912823828172,0.029294194301617445,-0.1396928222655419,-0.0025356322970584025,0.03759510884013981,-0.14443611180719246,-0.03632447675414424,0.03099578260678201,-0.0949175580406354,6.124058961996555e-18,-2.404946980888204e-19,-0.12938302754754868,0.012794615019943707,-0.0018211732455308944,-0.15130803285454916,-0.0035475859821713705,-0.0032991114015045305,-0.157557571786493,-0.029943472152469185,-0.0028837969408645786,-0.09132394673115946,-0.002384807277045781,-0.0156043188429799,-0.12218701490734847,-0.005033169325894295,-0.021409671279890866,-0.13387602986252628,-0.019356635258370676,-0.021922531565996765,-0.1411203489811004,-0.043812831194203275,-0.015750198802141013,-0.07243712627420927,-0.014388272463084946,-0.03548795028349553,-0.09171304753488171,-0.01420831380681266,-0.040953433633335756,-0.11001641619198185,-0.02365360857803823,-0.05110338454270101,-0.11673745554399466,-0.04152680971441343,-0.04589125278896274
0.0,0.0,0.0,-0.02565926122355893,-0.009346622449992242,0.018769167850291365,-0.04612585722882064,-0.013342362383569511,0.04737868634645846,-0.0774035901521532,-0.03022035614898088,0.06387551729197125,-0.09563886763163237,-0.043360369855492256,0.04445045686573338,-0.09532013356370257,-3.0881674060779756e-18,0.019430862700136203,-0.12032788559310013,0.006124653637835618,0.029925854520710247,-0.13800322444778937,-0.0019794337515060176,0.03669662262853309,-0.1429454848885463,-0.03557688439759906,0.033354816363183104,-0.09374025702580892,-5.988435074997214e-18,-1.750723856747619e-19,-0.12908481518205145,0.011827571704024677,-0.004035617455465855,-0.15070519078646646,-0.005069521375589156,-0.003921332114627193,-0.15610261390975508,-0.033115646655987464,0.001059131710448576,-0.08963256099689336,-0.0043917163432535215,-0.014560578972635714,-0.1215254708376134,-0.005839294668145245,-0.021500019648628597,-0.13331141246703815,-0.021836616578750724,-0.020391676716664777,-0.13727236279496863,-0.04687559565020223,-0.011732440249392727,-0.07059591950908431,-0.016585491220704723,-0.03352041074236585,-0.0904627396403925,-0.01587235358483762,-0.040409400780331665,-0.10881190994510437,-0.027183136500099504,-0.04884714908185835,-0.114500678051936,-0.044632448701912096,-0.04319108763314045
0.0,0.0,0.0,-0.025400191959160275,-0.009176161178576035,0.018447258111822476,-0.04564071816885734,-0.013513922037003108,0.046472872973902506,-0.07620900901426589,-0.03033619288068388,0.06316969194190333,-0.0956482112756928,-0.04358951642673856,0.04474961341282088,-0.09443640126893602,-1.6740961001603455e-18,0.01924433475205261,-0.11911068777580276,0.005693907565945431,0.029572842906651447,-0.13707721540075596,-0.0024735390986996347,0.036139276051631156,-0.1422907746237538,-0.03629446989753166,0.03237396559832246,-0.0930355224391673,-7.188227647226637e-18,1.3661438408408483e-19,-0.12801284649729994,0.011403777428171143,-0.0037563168079235844,-0.14969346158791233,-0.005747083542070054,-0.0037040667615207165,-0.1551720771533056,-0.03391257803326678,0.0010626152019030334,-0.08899222416460294,-0.004640760397591229,-0.014355857810170443,-0.12070849898466637,-0.005989551467990231,-0.021273113460908915,-0.13244287631442053,-0.021963882478246686,-0.02012753291822104,-0.13671761080750036,-0.04706714069108226,-0.012440102174098485,-0.07053317846502195,-0.01651593120245988,-0.032940714184976155,-0.0900701500736158,-0.015935665085254274,-0.040226924957734445,-0.10804901464523062,-0.026932172039397306,-0.048810323994303934,-0.11379174386006423,-0.04472429159795468,-0.043812078366783094
0.0,0.0,0.0,-0.029143314527568517,-0.01194042335635826,0.012706180574781593,-0.04779828214615849,-0.018541335841530258,0.041259239082886166,-0.08252688687463094,-0.0412562364251205,0.05546337516802584,-0.09949909504561935,-0.04746826544503315,0.035402149683779145,-0.09933621934710943,-2.1165570234827637e-17,0.016907000460672617,-0.12581852888766804,0.006299875589827384,0.027388560776194577,-0.14262752933240824,-0.004667666777615378,0.036148393968442945,-0.14397375456525907,-0.037793776250168123,0.023335591898515296,-0.09751480753315311,-2.578231943642808e-17,1.19457815489486e-18,-0.13175200775364046,0.016476876689961673,0.00016137510709316323,-0.1529987542094576,0.0007808995553512801,-0.004543457745943699,-0.15970686432429468,-0.027157682301738956,-0.008413249243728564,-0.09464209821042799,0.0021370212564696634,-0.015209090356782798,-0.1246879730157603,-0.000698343299232931,-0.021594923422285004,-0.13391208480263134,-0.013915793806151685,-0.025729076092200976,-0.14166495826216957,-0.03869045390184422,-0.019763443957911353,-0.07446008895169048,-0.009083549607778208,-0.03965491154382156,-0.09331242124624904,-0.008276648802359472,-0.04282516227810414,-0.1110949944020898,-0.014953632557580832,-0.05634825187218854,-0.11792817572549073,-0.0317906005644396,-0.0522457232200361
0.0,0.0,0.0,-0.028366958807005908,-0.01152228412196346,0.012816435090689705,-0.04524254287298688,-0.018302320530613415,0.04219197346504069,-0.07897715139862468,-0.039268098186154884,0.05760685644636584,-0.09659867733716458,-0.045848293183920814,0.03842913035771853,-0.09616224885887573,-5.21350146467972e-18,0.015564917665584956,-0.12110557322418548,0.005976254366424523,0.026844272492603984,-0.13795255748969878,-0.0038011533316628775,0.036469207691005014,-0.1398147899060438,-0.03674783245554828,0.024244951016821715,-0.09478795926665835,-7.421353380979135e-18,-6.057136454144055e-19,-0.1272638844944425,0.016041184528408754,0.001987012219000109,-0.1485844890379341,0.0006213488099768931,-0.0030966489300337133,-0.1559715997645853,-0.025900936035764672,-0.006105558567916206,-0.09228052775263787,0.0022358153084904315,-0.013129648787496225,-0.12091839965084036,-0.001849598705733585,-0.01898198318537474,-0.12998852913197498,-0.014528859115150642,-0.023740487011831412,-0.13876552337464906,-0.038653144938540614,-0.017008504403887185,-0.07244248296210515,-0.010075149975019394,-0.03619997201835099,-0.08980839623619447,-0.011189892126113658,-0.039760834119945784,-0.10678352275669321,-0.018968056817776337,-0.052586794575682494,-0.1149949858272561,-0.0363899284850563,-0.0471948859021934
0.0,0.0,0.0,-0.03283516586544385,-0.013595797608970967,0.007584295616881154,-0.047384711211431244,-0.02353731442189663,0.03767009651316404,-0.08541442876730908,-0.04832433071542866,0.04919970767291201,-0.10143064118462392,-0.04915122682972653,0.030814099770833995,-0.10209771102854763,-1.887724592338903e-17,0.014666000164033844,-0.12933485098093261,0.0071766997046852484,0.026140021850038237,-0.14684683743908178,-0.005594399130108948,0.03682691835440702,-0.14596680839128479,-0.03805099881412968,0.016949056830830415,-0.10020156024750089,-9.259413454804289e-18,-1.1688333474012775e-19,-0.13262856102848394,0.019153447258527717,0.006312695889270434,-0.15313537515033002,0.005884891806235271,-0.0024030167501929807,-0.16308929232213631,-0.017129324874058525,-0.012783209511679772,-0.09794250442314087,0.008072721874016194,-0.013200395353801011,-0.12524532554718576,0.002142997320901535,-0.018559374511752755,-0.1336138772625752,-0.006151095882837909,-0.027183713968738345,-0.1476275023291939,-0.029260443481462985,-0.024557858832592323,-0.07578902483119847,-0.002864060842393863,-0.04114986651855393,-0.09340882854410011,-0.004955219068934822,-0.04194253158557856,-0.1107116338874533,-0.008477771492205419,-0.057405777108454376,-0.12044691516068007,-0.026857329460466504,-0.053235495195799405
0.0,0.0,0.0,-0.028813920068311634,-0.011510782936896688,0.01304844058720665,-0.045681572248448044,-0.01747893847088007,0.0422362833848965,-0.07982502767276034,-0.03853621849337363,0.057291879976285036,-0.09690458759959937,-0.044813635363978324,0.03735374838997782,-0.09757372234086537,2.5232433727591196e-18,0.015556974518458642,-0.1234928522485493,0.006111073429708599,0.026390710471747913,-0.13977409502925583,-0.0036964896168688714,0.03638538257253418,-0.14249651637896724,-0.036431195407261155,0.024684187032115685,-0.09590908251486238,-4.8269095322657184e-18,-4.3419375974807586e-20,-0.1281485782428193,0.015414120688549478,0.0017770260964492589,-0.14927408800285485,0.0009097309868191575,-0.0038349471519526484,-0.15883616153695573,-0.023693871412016274,-0.007462986716641091,-0.09308082551174512,0.0022630785192348977,-0.014006946655301588,-0.12122768814986416,-0.002279353834725491,-0.019263057276554932,-0.13144680010880658,-0.014970615585419704,-0.024668924390134427,-0.14184893789073133,-0.038466769233221926,-0.018139552702677218,-0.0730872592406307,-0.010160287398986887,-0.037291623599942994,-0.0902822571123494,-0.011214675060234831,-0.04048774848811242,-0.10710316089685933,-0.018672528313735087,-0.05333166041381625,-0.11608124856186529,-0.03634435978372218,-0.04762370082017522
0.0,0.0,0.0,-0.025195097151650234,-0.009703011090969292,0.01752479427938882,-0.044805879469368044,-0.01353817670511715,0.045453165406139896,-0.07468418975350728,-0.03130968584794221,0.06340127619172413,-0.09261161320250555,-0.044351066147161756,0.04473252229236233,-0.09347362316039336,1.237068525616179e-17,0.018103232204111315,-0.1182840248969969,0.005185996792914207,0.02804368435737256,-0.13546599866507666,-0.0040856906072061,0.03659814568865925,-0.1392131030545847,-0.03724767108688596,0.03027169471280183,-0.09239519721973923,1.3916675765609077e-17,5.208068981856172e-19,-0.12595421854307715,0.011021953441157039,-0.0020385612516931146,-0.14775535821251876,-0.004915736887938949,-0.003991434714152311,-0.15620024159193946,-0.03117728973390168,-0.00353355461345926,-0.08893031450003548,-0.002938563698292216,-0.015001929146981355,-0.1188596536362691,-0.0075118614829408825,-0.0210667115750884,-0.13117927600159612,-0.02189858076332723,-0.022765871294538127,-0.1403330320071952,-0.04613116708129704,-0.01595732193220326,-0.07033396373081847,-0.014529001081998397,-0.03470092687324732,-0.0881620158030579,-0.016788871310421595,-0.03961687068925306,-0.1048855989552876,-0.025674338757933908,-0.051006875531551005,-0.11499168707458693,-0.04248519447111633,-0.04620529389276142
0.0,0.0,0.0,-0.02560607539040763,-0.009754440000371012,0.017516998043065855,-0.045859575827687495,-0.013397748935928192,0.04543212033114621,-0.07646929277439807,-0.031364831013857515,0.06312397783692741,-0.09556723171169149,-0.043263248306600235,0.04565169630614362,-0.09613064407912852,-1.3217093501107853e-17,0.018537075122432512,-0.12119470455681701,0.005485983871250968,0.028496042350609863,-0.13924815702563026,-0.0033545519255424676,0.036826432602755976,-0.14352740783481505,-0.03658731700003668,0.03078924081399753,-0.09461119333096052,-1.5069541864700484e-17,-6.993831724675397e-19,-0.12917180363413133,0.01156928932478432,-0.0020360636016696658,-0.1503608460940117,-0.003649070724987155,-0.003654545260290313,-0.15880436417730628,-0.029211296745280918,-0.00269846831464361,-0.09062301887393293,-0.0028212156725734372,-0.015956275277129114,-0.12109696090992976,-0.00681483494608506,-0.021801185670053656,-0.1332429964241011,-0.02108135723566115,-0.02249693017146456,-0.14215908183190332,-0.045188904309056956,-0.015619573596762972,-0.07138704115084891,-0.014197709187506137,-0.03604923373504394,-0.09035022252169653,-0.015893385491672074,-0.041155976079555553,-0.10791748704912064,-0.024611779269934544,-0.05188042539947687,-0.11720073936582323,-0.04164153330161431,-0.046398395156899724
0.0,0.0,0.0,-0.026159253123182992,-0.010769687216399728,0.016856489537618122,-0.045454165593549714,-0.013646473559426305,0.04540031580834052,-0.07667335618259603,-0.032901965091586,0.06361223514072356,-0.095158348928354,-0.04315338059981496,0.04643437042947232,-0.09633033750944263,-3.625796753929266e-18,0.01826231956523404,-0.12104123284291822,0.00544411481426563,0.027939087301771016,-0.13895436306507092,-0.0030501592441151003,0.03819786390390763,-0.1457411866113174,-0.036325219600530645,0.03083624177897007,-0.09480295001545372,-3.6695819052935356e-18,-3.0163397915100443e-19,-0.1293371045181203,0.011991741418899502,-0.0006514198038990914,-0.15074854547222566,-0.0033380104596650332,-0.0031372011490513334,-0.16002044239779947,-0.02895593850834585,-0.0045991678562055625,-0.09194778501574757,-0.001248251674165543,-0.01612564166459061,-0.12161798274668907,-0.007560576033448391,-0.02128205933965163,-0.13383566947160785,-0.021384628952783688,-0.023837759543543915,-0.1434905319478498,-0.04498454827722223,-0.01698392186868178,-0.07256714524570511,-0.013106183156630997,-0.03688623064449243,-0.09074684366933367,-0.01605589199409088,-0.040450940816441884,-0.1089929198536388,-0.023822785513448956,-0.05199749750987347,-0.11969467893554868,-0.04013447841055242,-0.047099490581619885
0.0,0.0,0.0,-0.027079668185309845,-0.011675389366122474,0.017674052457166377,-0.046038861284203675,-0.01777562214412986,0.045820709397136415,-0.07875978422939171,-0.03729975665382683,0.06360746353363418,-0.10207677880232803,-0.046968523749969036,0.048297821261778805,-0.09946688298462765,2.2330124447673207e-17,0.018071215847278044,-0.12479501140900882,0.004967326134760919,0.02785891473682777,-0.14448623620406356,-0.002981794234368017,0.03799792078865267,-0.15673800979938485,-0.034890652946845895,0.03043843458243713,-0.09829193513379489,2.0312812913391134e-17,-1.9061918389538497e-19,-0.1320466758793802,0.011605955358003068,0.0006656915591900137,-0.15459290475113668,-0.003020168913823522,-0.002626945576072843,-0.1686658495586284,-0.025448573160594245,-0.005626510846540688,-0.09457330523940553,-0.0009354472803719735,-0.01653416165932801,-0.12365887307598618,-0.007468101949859769,-0.02069756362260136,-0.1377377496169392,-0.020205429314684283,-0.02468832293314122,-0.1530266251988115,-0.04321994642603068,-0.020936228045283813,-0.07415786848645399,-0.012478363817115225,-0.037793977650238134,-0.09260904848425415,-0.01533264086254621,-0.041258000899653556,-0.11236033663646336,-0.022361793603996535,-0.05228448538571303,-0.1248947448577327,-0.037939363327622155,-0.04899107620249999
0.0,0.0,0.0,-0.023158361369347798,-0.008741665677960826,0.02286873256265139,-0.04502928558559207,-0.013096178974975423,0.05063034123294295,-0.0698642327467412,-0.023692109533733685,0.06988775165329619,-0.09596734675536506,-0.037118561750682316,0.06111749161486661,-0.09623807750636429,-2.16132890825999e-17,0.02020852033768442,-0.11931297660000413,0.001351324541421014,0.029736238418423655,-0.13901643136229586,-0.0029582688811501676,0.03563478326810211,-0.16013364825478937,-0.030305349544044926,0.03663968554936872,-0.09517129484747404,-1.7854930431654416e-17,1.865673269064992e-19,-0.13075704135423444,0.0029374589059788987,-0.0022272528449933304,-0.1543392994987783,-0.011406304655369875,-0.001277807169930012,-0.17197906799577178,-0.032241433376774264,0.0009279883502684709,-0.09025434396219596,-0.008579033146346757,-0.01639987517890003,-0.12187852816943226,-0.013358480066911555,-0.020622375976436746,-0.14086314862559735,-0.02900737053895298,-0.021277370851259574,-0.1549760866347851,-0.05083857328536274,-0.01791127187755348,-0.07266211249604261,-0.017533566477945756,-0.032191600420740527,-0.09295157027919031,-0.020438588861926926,-0.040694407400361086,-0.11281504745259449,-0.030762093614973868,-0.04742143105422284,-0.1253770727080824,-0.04534944149912916,-0.04659847930543898
0.0,0.0,0.0,-0.0255833827212092,-0.008511808688308467,0.02639528296511612,-0.04693420146371414,-0.011853054560804906,0.054424308739592066,-0.07295963022401518,-0.022023228968197382,0.07474803673321592,-0.09743662782317138,-0.03161839901296658,0.07157536169166545,-0.10155367432432613,2.1945871135796652e-17,0.022112892505266418,-0.1257321098581974,0.00257034845095359,0.03229369254907349,-0.14530458138660968,0.0011764312685551847,0.037935695322877175,-0.16734708067044296,-0.0255421547094491,0.04222912192126725,-0.09973950627993919,1.711274673709488e-17,1.6761006689772912e-18,-0.1371517899108853,0.002271380640202005,-0.0029541028254312218,-0.1603136626820603,-0.011249091352635418,-0.0010013045499031093,-0.18021849483597657,-0.02908859634073166,0.003001952396752143,-0.0934643241119846,-0.00910225005153824,-0.0180612761907843,-0.12574122942001897,-0.014891537578863594,-0.02283828651409035,-0.14551880134681536,-0.030989933192800318,-0.022363348949870042,-0.16309172488405815,-0.05118656714311955,-0.01920019520334293,-0.07498986021190113,-0.01815031234251346,-0.03327409829696909,-0.09518429462855946,-0.02245890370318995,-0.04249001530939978,-0.11430763559156158,-0.033573777652178075,-0.05003332006694688,-0.1294942442091356,-0.04849950973399434,-0.05062471082087961
0.0,0.0,0.0,-0.027284024900630817,-0.005318332601151354,0.024889239824301905,-0.04786584604075298,-0.014415155769437997,0.05202020836511182,-0.07195754342421735,-0.02613307290712566,0.07407594128909761,-0.0998412605933546,-0.03491470049945044,0.07610433541132162,-0.10010960631828757,-1.6050742990323003e-17,0.019669753750587597,-0.12499620289859956,0.00553921565073185,0.0321984931413679,-0.14616672547695858,0.008961652877651148,0.0382466180502702,-0.17220758499712538,-0.011821025999044983,0.04187343823675125,-0.09889348563051767,-1.541084811426965e-17,1.069884199532443e-18,-0.13579006911671962,0.0021853343263943193,-0.001998667233809817,-0.16160412822457002,-0.006089096250947361,-0.0030012426258012397,-0.18672481412030076,-0.01965373430333346,-0.0015834330158995822,-0.09418653658133747,-0.009509647836206243,-0.01491461732302993,-0.12483727346840678,-0.014673540333593554,-0.020300760912594383,-0.14961845296160475,-0.028894098155321412,-0.0236647617768665,-0.17209790001298897,-0.04498155452880506,-0.024194257520906006,-0.07671567229540616,-0.019173831773602847,-0.028674607396097153,-0.09500992576925132,-0.024389152156523507,-0.04056288685059655,-0.11649174605965953,-0.036910107459064395,-0.052227217670625374,-0.13411652886413356,-0.04965563636968474,-0.05551601270384276
0.0,0.0,0.0,-0.027205545102174412,-0.005347599784226453,0.02514025799915108,-0.047967633144421616,-0.014557739579498668,0.052003521991226376,-0.07209308395055128,-0.026718669067834138,0.07400785331190939,-0.10023407461287188,-0.03529506133051076,0.07657836337054354,-0.10032879567275665,1.2754059636938718e-17,0.019692881584762675,-0.12529005680279034,0.005450005634119729,0.031983437718402064,-0.14658164528922443,0.008556956613125829,0.03791153213024525,-0.17267545500055398,-0.012340176350803056,0.04174299050545746,-0.09917207804636641,1.4523981302340882e-17,-7.531946705094439e-19,-0.1360475914665287,0.002176090757334803,-0.002328034217397862,-0.161966211501616,-0.0064109243982445425,-0.003306007844182817,-0.18723156970496932,-0.020308113401270877,-0.001986041077029557,-0.09433513428576366,-0.0096004693495804,-0.015064514083650594,-0.12523205459265807,-0.014576555715529248,-0.02072171253828035,-0.1497677029516409,-0.028967369988932422,-0.024048106756359895,-0.1726081578623267,-0.04555247320089029,-0.024746603019095936,-0.07669222491954963,-0.01918048057569076,-0.02880549447286844,-0.0949094951092598,-0.02449767105842427,-0.0407108923403553,-0.11642835972004666,-0.037291202246883114,-0.05246500680890064,-0.1338738298473344,-0.04990073775867132,-0.05562273042235911
0.0,0.0,0.0,-0.026102460786260946,-0.005330009160782487,0.02280834782183789,-0.050926793784324575,-0.014679969176019568,0.04891556842158918,-0.07476919623301255,-0.027278316639135436,0.07104458698673069,-0.10498327181138549,-0.036553919438613705,0.07866912562561705,-0.10008286184316795,1.3567892656332437e-17,0.01945767129407031,-0.12599030822460594,0.0055683063335744245,0.030220794610734757,-0.1451304885375501,0.010289025257024437,0.03638772268277324,-0.17305384261829393,-0.0041750178053037825,0.040738508970672944,-0.09829944586083572,1.084249652652665e-17,-2.8396531919504536e-18,-0.13690156470375026,0.00291569292805088,-0.002149005872870119,-0.16257450479614904,-0.00380052198812416,-0.005009778971103432,-0.18883166606401497,-0.013337126554516519,-0.0052340729286262065,-0.0940901710233097,-0.009622335850735686,-0.01533857986536851,-0.12591392087398168,-0.01305194261290139,-0.022114062895765594,-0.1517001529560438,-0.024373074670072447,-0.02787074854680638,-0.1762409465503011,-0.03547735600377809,-0.029717170230681524,-0.07726835549694461,-0.019148137789003615,-0.02892570053373751,-0.09618556285769576,-0.024083198029978572,-0.04140668418850274,-0.11745911421315133,-0.03611590812684136,-0.0543669834742373,-0.13554829691363598,-0.04627293891543507,-0.05910646481600846
0.0,0.0,0.0,-0.025545406511081243,-0.005401380421014708,0.023463207321685272,-0.04948124186852582,-0.013781779520856716,0.04852925985552436,-0.07345678473846427,-0.026653539508734583,0.07114785277805662,-0.10243981261297372,-0.03490519682206887,0.08489676349480331,-0.09841515342036582,7.95978439609096e-18,0.019381325376570675,-0.12427134416645184,0.005301103536982589,0.0308114563457123,-0.14361153287349376,0.010692297048640062,0.036334180570900744,-0.17054013785779973,-0.002269686042791274,0.041139962391782234,-0.09752000136620419,1.5644986808230402e-17,-1.0144148053607837e-18,-0.13608283113268044,0.004219967342244797,-0.0007639866972680271,-0.16280768168296378,-0.0023925576429446953,-0.004952830698653495,-0.18815175600946338,-0.00936754105077129,-0.005467167425330876,-0.09321273012472009,-0.00936620106910358,-0.014902074019733707,-0.12525823717757245,-0.01130501925019037,-0.02267476900569207,-0.14933255976045398,-0.019597444338541065,-0.029078160024042538,-0.174567286281687,-0.02912822094800165,-0.03215602351779896,-0.07718756352686926,-0.01852272860375088,-0.02841818965969494,-0.09606192334057474,-0.02205736210479654,-0.04194119208146255,-0.11643625634161528,-0.031933393042435206,-0.054948017658061496,-0.133537328320958,-0.040421124411985206,-0.061393343169348635
0.0,0.0,0.0,-0.026078108961807966,-0.0054372982435360005,0.023980624618898477,-0.049013703150570895,-0.014010239079505948,0.0486076804853601,-0.07339198515089486,-0.02658974419123165,0.0719611662144039,-0.10004820210515246,-0.034106261579902326,0.08628129264898363,-0.09927131974816449,-1.6232615450098978e-17,0.02020738283812983,-0.12591606979711953,0.004197867116050261,0.03090903479001653,-0.1442489541290495,0.008604740783740265,0.03728634174872553,-0.17046497006987502,-0.005398591281120464,0.04223434929551109,-0.09816707868539704,-1.493462405390214e-17,9.96335635700095e-19,-0.13780712072453405,0.004134893191060391,5.386068629265135e-05,-0.16417402152242636,-0.003462479544007938,-0.004810995053746383,-0.1892373825547631,-0.011546464517587408,-0.00501522280405074,-0.09391715090607738,-0.009583126193430973,-0.015934187036004292,-0.12605067358897792,-0.01145872250468459,-0.023967061747086165,-0.150887274683701,-0.019291935650259367,-0.0304675728047278,-0.17527494698547114,-0.027988486306441192,-0.03245044719312065,-0.0779901313478636,-0.01874609354820544,-0.029236209857032305,-0.09734636778446809,-0.021915489261161582,-0.04301660846762063,-0.11656546411524471,-0.030909698522065522,-0.056150785830366846,-0.13316454630776953,-0.04010542065295108,-0.06263001010421794
0.0,0.0,0.0,-0.02652055192080817,-0.005142590501460652,0.023940900541223168,-0.0493990155682027,-0.013425148167646056,0.04812770755282282,-0.0731974116441421,-0.025853525629201884,0.07175065196592464,-0.09860225142861406,-0.03218490398892123,0.08760357733439803,-0.09931717351851231,-1.0659225562828788e-17,0.019965653130651226,-0.12578545896265222,0.004235678725988976,0.030489492859978862,-0.14381490470941316,0.009332923969846958,0.03669314367507988,-0.16973028986638003,-0.0035522907901377695,0.041454360794170066,-0.09819255883616651,-5.843201779123056e-18,-1.6526047135376475e-18,-0.13752330811607189,0.004010636871798184,1.7107337016245434e-05,-0.16392218668142386,-0.0035285106402968124,-0.005575161936489492,-0.18860937272304945,-0.010932779127553258,-0.005670681936473092,-0.09370145372464303,-0.009431822092317207,-0.015738829616969766,-0.12584406670211973,-0.011235066951044648,-0.0244685710635119,-0.1505461249758607,-0.019176204971101226,-0.03144512982918689,-0.1748383334460579,-0.027028228800215763,-0.033453275509901216,-0.07796753344565528,-0.018158334666328522,-0.028824318976846747,-0.09711503560250773,-0.021493311253392242,-0.04349028243564561,-0.11618853320496011,-0.030407134321661956,-0.057108554790445853,-0.1327901226173984,-0.03951704458529172,-0.06376296116453992
0.0,0.0,0.0,-0.026109138243605813,-0.0050028992658698,0.023819850708403097,-0.04731965713380084,-0.012770570221371418,0.047972626941973066,-0.0691996601163769,-0.0248968538491939,0.0717019505144886,-0.09246115139214664,-0.03080964883299261,0.08792485219082662,-0.0968531606084944,-1.2587309434627496e-17,0.019592166435319032,-0.12333289640063289,0.0038501072122471914,0.030798617014507482,-0.14161174568375537,0.008316113566505249,0.03755954887766772,-0.16771985279734675,-0.005518580053717717,0.0417774123739896,-0.09636376850046599,-1.0945256243445923e-17,1.2332528810372002e-18,-0.1355270065285997,0.003478592135572934,0.0005247000614786206,-0.16189217304917863,-0.004516830639609125,-0.00556449724634082,-0.18645409807420577,-0.011496377779111914,-0.005528580896378606,-0.0927832201744115,-0.009045359718737328,-0.015588113343558951,-0.12373697558550076,-0.011484510084419784,-0.023432005868964764,-0.1484022814170787,-0.018759524840180362,-0.030598982921071372,-0.17260000710592505,-0.025744210743505195,-0.03247603719615641,-0.07743016695146038,-0.017859202773278304,-0.028213220607040138,-0.09611860039476047,-0.021050177371238665,-0.04249200323210933,-0.11496670873714514,-0.029484864684680787,-0.05569601906171829,-0.13113730471703544,-0.03840748136654497,-0.0624899155628554
0.0,0.0,0.0,-0.02597447640639359,-0.004935862776544178,0.02391075345999899,-0.04779267228481883,-0.012908399510258505,0.04835900095878186,-0.07070199211262061,-0.02504704304957116,0.0720421511564906,-0.09488429982531857,-0.03161119441562469,0.08769316942447263,-0.09735405093473842,-2.431833494082505e-17,0.020001819350174508,-0.12406568391869763,0.004188286570398737,0.030848895075345828,-0.1421633371799525,0.008908569736314305,0.0371288649411983,-0.16806462693103266,-0.00436369307654062,0.0414143045435398,-0.09664540635313204,-3.549143642963748e-17,1.1707879881134374e-18,-0.1362790107636855,0.003814425595729066,0.00023000707303506463,-0.1623845225416662,-0.003700087335547373,-0.005698311353632278,-0.18683684901461478,-0.010561435205780435,-0.005818729885638207,-0.09304900828975624,-0.009306303745689378,-0.01586167664505977,-0.12424105773330248,-0.011141339816268737,-0.02370752704050392,-0.14875207409412014,-0.018126608038868317,-0.030953767970594993,-0.17239634396477024,-0.024788381477756343,-0.03270780651726923,-0.07764042891375036,-0.018230158319243978,-0.02861506514460527,-0.09666146928881174,-0.0211704150329261,-0.04280486443387987,-0.11547491644082973,-0.029766176307040468,-0.05571162063775342,-0.13107538942477248,-0.03859121171578356,-0.06251068471282906
0.0,0.0,0.0,-0.026148072130045837,-0.005438956094744037,0.023948035732945752,-0.0477827188509454,-0.013153446227486564,0.04835522894466057,-0.070470664543905,-0.025185790345814682,0.07209859534447076,-0.09456016173655307,-0.03176344670851374,0.08779940170126148,-0.09773361794098197,-1.4079941753933255e-17,0.020031459987342216,-0.12447901335599597,0.004182445397998668,0.030675008306943766,-0.14259319052814787,0.009057032401413425,0.03700691115080665,-0.16853625524183474,-0.00446267246995762,0.04152401741394508,-0.0968964879789073,-8.13684468095462e-18,-3.6808945307483873e-19,-0.13653814062701322,0.0036606918266388682,0.0001445552864976716,-0.1628679657540829,-0.004180250771648394,-0.005490416809148322,-0.18758231946472484,-0.011210185712827768,-0.005535376495727198,-0.09300592583075112,-0.009345645236595363,-0.01601423611759878,-0.12459478134391469,-0.011310747653968816,-0.02389908006523877,-0.14900324338726245,-0.01842045725936569,-0.0310160950638264,-0.17295198854652416,-0.02523336550881128,-0.032876535699127483,-0.0775458642946656,-0.018221117857739128,-0.02886469888284671,-0.09681590028592613,-0.021070253433794688,-0.04307282537696818,-0.1155920724363735,-0.02927677138392566,-0.055939056469803676,-0.1312924547902334,-0.03798542795504647,-0.06270540168312362
0.0,0.0,0.0,-0.02555495547637308,-0.005472331824319289,0.0235398661946048,-0.047411231944395796,-0.012732598116683813,0.048741721018803814,-0.07090436165158598,-0.024320338376327296,0.07314729988346942,-0.0948067122023748,-0.029865387413072934,0.08987404572981723,-0.09825962537944481,1.1050597332563033e-17,0.019615231366604494,-0.12421418944342026,0.004674550489441872,0.030771482843775556,-0.14209357241038736,0.009870452097058098,0.03732509707569443,-0.16812731500669995,-0.003595302782591729,0.04311555287277071,-0.09711737194452928,4.307800137944031e-18,6.782427172197174e-19,-0.13670998369431075,0.004066000349270309,0.0006492461855979226,-0.16288856953816302,-0.003171041544488073,-0.004273551462711544,-0.1876087884207434,-0.010335529526860144,-0.004068444359308072,-0.0931112087965348,-0.009697042840212583,-0.015256067924243558,-0.12516624017336458,-0.011956778518822417,-0.023551509034383987,-0.15021123791436156,-0.020208567219626168,-0.02999476306375655,-0.1745724850664034,-0.028810185530197974,-0.03234346385050192,-0.07749779851680505,-0.018729823927613954,-0.028308765931551988,-0.09687340845928295,-0.022399675002160026,-0.04245765701258579,-0.1160993853777547,-0.03130307469086349,-0.0558238224601551,-0.1332843761250694,-0.040860103590879826,-0.061848879157285125
0.0,0.0,0.0,-0.02597139537381691,-0.005729258308118274,0.024057813409190835,-0.04785572989763089,-0.013059749335899182,0.04872445224107826,-0.07123023200880031,-0.025287848531416038,0.07285176609350597,-0.09554974272482136,-0.031089729837849585,0.08949935871143865,-0.09817270491280809,7.203916471712201e-18,0.0201240662843801,-0.1244269830017924,0.004466446582297522,0.030881691935421743,-0.14228703287465386,0.009612821367748662,0.03729435486924827,-0.16834971118353206,-0.0034464617796955838,0.04245862498037044,-0.09709257839242513,7.998768436083607e-18,7.398012980731091e-19,-0.13662224409866722,0.0040690613045068465,0.00012909586128633912,-0.16279222478399444,-0.004066493726752396,-0.004692122913573049,-0.18773628350451893,-0.011451902793052844,-0.004526561381678748,-0.09306710184968983,-0.009645885679270666,-0.015910841810478228,-0.12517851370658914,-0.011735297323795723,-0.024071805305178055,-0.15009113229508755,-0.019780235937679035,-0.03048546408464284,-0.17409318395037848,-0.02786457406347252,-0.03226116098250968,-0.07733144510872614,-0.018459414789347546,-0.028998516371279755,-0.09685303890213,-0.022037851136473195,-0.04272693487425364,-0.11645724486643441,-0.030984507072567887,-0.055560216913129484,-0.1331167799042705,-0.040755973411162244,-0.06167817403873842
0.0,0.0,0.0,-0.025956187923902512,-0.006072874452614788,0.02405448384410429,-0.04774138207356805,-0.013602735832310992,0.04855776469405903,-0.07105199598125529,-0.026014573723414782,0.07255047845658776,-0.0953463918145581,-0.03255089043232858,0.08875026968956284,-0.09819695371650441,1.5256373582441445e-17,0.020199209119695777,-0.12460101321526566,0.00429930186051924,0.030581074039586195,-0.1424592972311278,0.009413889660721446,0.03741040698145083,-0.1684763435075903,-0.0035802877493467497,0.041529108051673695,-0.09728786125666876,1.0115688852934162e-17,-2.3723300861125018e-20,-0.13669386543927106,0.0043622530766908064,-0.0005450790587694446,-0.16294179891119162,-0.0034461814332718416,-0.00629689227196347,-0.18735329062830228,-0.00972519159827279,-0.005992212487410776,-0.09327682445355803,-0.009179951950802165,-0.01677140829433222,-0.12505912054868046,-0.01118009482898091,-0.02506467731719126,-0.1494837821421345,-0.018255922083430225,-0.03172330384262183,-0.17347680049784983,-0.0249919974648511,-0.03316675987120334,-0.0774605720964049,-0.017814553882206218,-0.029942625936904648,-0.09681044912545358,-0.020760052999276992,-0.0436988544342412,-0.11573505674007721,-0.02864383863523719,-0.05670212052650076,-0.13225536016221767,-0.03711697442704296,-0.0631408630783043
0.0,0.0,0.0,-0.02592070723062514,-0.006658766431566128,0.024538504552734135,-0.04815146470978989,-0.013987686032470232,0.04925929095335788,-0.07247856023863317,-0.026484508239858182,0.07307128401320383,-0.09709808783087555,-0.032662015677483634,0.0899649833642161,-0.09886111029459209,1.386937879310482e-17,0.020581801982050677,-0.12535779523780527,0.004427736535934937,0.030483455194682697,-0.14341401318210786,0.00943521951997646,0.03746487015775759,-0.16923187721372793,-0.0038152443745770627,0.04217563159929165,-0.09796696183839954,1.760131817416476e-17,7.51061798224673e-19,-0.13753328936334694,0.004895909400017935,-0.0011422136995924647,-0.16398710238033604,-0.0034110127618484343,-0.006046768351629556,-0.18875480286665516,-0.010156830779395729,-0.005727794688948962,-0.09385916116814245,-0.009748008998344231,-0.01705402825915574,-0.12617014684743297,-0.012045712282404059,-0.02576450203420223,-0.15075153580764133,-0.019965530070907428,-0.03146094933708809,-0.17484928002108205,-0.02763825219802601,-0.03284162243693792,-0.07773147938941162,-0.018398591767800003,-0.03041286586798289,-0.09746027607759096,-0.021707995944529983,-0.043528428194149954,-0.11680197093247525,-0.029995909451084702,-0.05621426985987982,-0.13398580445989744,-0.03885232030569352,-0.0622677955605346
0.0,0.0,0.0,-0.02609870195117526,-0.006830220950336947,0.024646372348353086,-0.04839959364281024,-0.014001459223167211,0.04943770103641587,-0.07250781171605092,-0.025989172117500337,0.07337274020906237,-0.09683604706772522,-0.03170174376869259,0.0901800723563692,-0.09915624814444123,-1.3500337022500385e-17,0.02075067661823878,-0.12568318384950222,0.0047473406258651514,0.03040832013350576,-0.14359469163809524,0.009748119428687248,0.0373812564680659,-0.16952186393111682,-0.003349153189020932,0.04246302550234286,-0.09816135388994147,-1.881539969693997e-17,-1.642169901196125e-18,-0.13771448648337478,0.00515561178545811,-0.0011496570373202692,-0.1641965190452636,-0.0031593669336675246,-0.006202645142307352,-0.18924520272707818,-0.009665414553356707,-0.005588207660771007,-0.09396222326261319,-0.00957862647189396,-0.017095803591204214,-0.12637353019492467,-0.011573019966091771,-0.025759693340708458,-0.15092191583216347,-0.019470006685326138,-0.03142704631305448,-0.17532923828262356,-0.02714221037890621,-0.03246846778289453,-0.07787430428469536,-0.018501789436418337,-0.030511182288313208,-0.09758356343704971,-0.021235942209174206,-0.04359911066012555,-0.11679469339747492,-0.029333308135990326,-0.05618793833359383,-0.13411556319608675,-0.03819210359032069,-0.061921837739396336
0.0,0.0,0.0,-0.025987252537359378,-0.006318842620764665,0.02417700047987226,-0.048197372481679886,-0.013856727503691895,0.0487824271845639,-0.07245990566673985,-0.02631982449921272,0.07264418725371477,-0.09720233218523167,-0.03270523642636467,0.08926113220637825,-0.09839134006584531,3.8670958851637944e-17,0.020266413536834928,-0.12482066171072444,0.004685938742754132,0.030719587469442113,-0.14269120578008904,0.010134330522499266,0.03735919771787513,-0.1682319172658138,-0.002351087691950889,0.04216894570092687,-0.0973923613125049,3.524634695004108e-17,-5.367480644567977e-20,-0.13683485750392807,0.005057617981174547,-0.0007620029340028294,-0.1631464836120396,-0.002562139785990702,-0.005984142101449558,-0.18794349336304458,-0.008660816851538444,-0.0058932199135023206,-0.093321057892864,-0.009346617245589953,-0.01667628284957691,-0.12540269469526485,-0.010985459690256053,-0.025227444175110563,-0.14987825778282307,-0.01831021032450357,-0.031572876722061244,-0.17372542807382563,-0.02527851857460931,-0.03305317472186229,-0.07738092744424628,-0.018082594718008802,-0.029882395376873906,-0.09696787352844072,-0.02086721101299702,-0.04348571672889629,-0.11626937054003378,-0.02889404354591848,-0.0562886232807057,-0.13287828866166596,-0.03752400437060254,-0.06212561640125778
0.0,0.0,0.0,-0.026122199087967507,-0.006035099653130733,0.024281399281397942,-0.04854297892361673,-0.013562739950746949,0.048810805014383174,-0.07268499366981149,-0.025816867674437197,0.0726272332153882,-0.09740948113925879,-0.03208809457114458,0.08898408098157091,-0.0989546830615819,6.560419379187545e-18,0.02028364591594312,-0.1255637177201503,0.004546787232189017,0.03080123435034069,-0.14335930121464108,0.009597512436834469,0.03745694307140229,-0.16939691767102613,-0.003385335131816749,0.042727579175646305,-0.09797219314349763,1.1009607379584945e-17,-4.763073729648317e-19,-0.1376538589135124,0.0051433607031644785,-0.00018048928238909533,-0.16420991043598876,-0.002647489394413159,-0.005019163354609354,-0.18935608578529958,-0.009728311729982161,-0.004940017117899708,-0.09396217294384054,-0.009497440120564606,-0.016262846985025416,-0.1262966881900473,-0.011030352516093805,-0.024913348733362917,-0.1510863664837404,-0.018740306697112682,-0.031205909509693493,-0.17512515884460206,-0.02638668883692775,-0.03296185824971164,-0.07803852532311831,-0.01828971845915055,-0.029413241167642303,-0.09783968227837346,-0.02125524230462308,-0.04276143406981763,-0.11724908948920518,-0.029657538611112644,-0.05543525686225033,-0.13371369230383803,-0.039150454004835064,-0.061404104103346145
0.0,0.0,0.0,-0.025816430165816265,-0.005483091491597261,0.02361789840677287,-0.048126736266866185,-0.013091920946592735,0.04897002177313517,-0.07248268635086691,-0.02560905409081918,0.07277497955627502,-0.09771303903559254,-0.03130191706850353,0.0888335968412831,-0.09880364119543814,3.6208417869637086e-17,0.019887313112006436,-0.12477570974396837,0.00471563821551978,0.03152853975948775,-0.14263403666678773,0.009641691957264865,0.03834152017069702,-0.168204248589017,-0.00492248449795155,0.0452534529400418,-0.09776057947709592,3.522287745791869e-17,-1.6152510917687825e-20,-0.13764439421508715,0.004509089355343759,0.00032101578016442657,-0.16388272507176088,-0.0025320413434174413,-0.00352788310256719,-0.18922850317537848,-0.009772420886452568,-0.0032546696109935986,-0.09382093427769125,-0.009835836238415207,-0.014964936419843299,-0.1260527397069617,-0.012204045058185361,-0.023009033948808048,-0.1513805913333268,-0.02055343856319608,-0.028815585604489508,-0.17547693314785487,-0.02889681194935909,-0.03118248060708458,-0.07817640364167393,-0.01945784498728904,-0.027815716751846315,-0.0977402042310509,-0.022718911685890363,-0.041568482162765694,-0.11740119079620487,-0.03126870241263188,-0.05466888286471816,-0.13483057165222306,-0.03975685833429105,-0.059860618577631204
0.0,0.0,0.0,-0.02600175552011972,-0.0042007713573366185,0.022313028208515447,-0.04875832405406423,-0.013263901740074987,0.04974984224895918,-0.07212207778802579,-0.025414884586918797,0.07342085603886686,-0.09970689892185969,-0.03253529047939374,0.086637957320402,-0.09680408539064057,1.136109410284432e-18,0.01866041996774458,-0.12204198804489122,0.005148106111130613,0.031721811161571356,-0.14111544659658623,0.009262648750518054,0.03798584044501424,-0.16837413839142515,-0.00580296133479559,0.04478927396153011,-0.09621730774051004,5.612860929848477e-19,-2.7181246693841694e-19,-0.13561949819719568,0.0032975087465568513,0.0009158981767088383,-0.16230138534341662,-0.0030006984515082683,-0.0029464775536744187,-0.18892071329735458,-0.01108132505432015,-0.003214490704397146,-0.09256040539742631,-0.009632707132165675,-0.013376277959827798,-0.12426173055824914,-0.011621907579334076,-0.020988442305787117,-0.1504482983592671,-0.02005448999907979,-0.027775409918578946,-0.1761704935320567,-0.029575016070741304,-0.030181059897105657,-0.07699100070022868,-0.019363216181607627,-0.02615864653994571,-0.09612377231315178,-0.02353684612618385,-0.039899441808339965,-0.11699104757419089,-0.03412147685526106,-0.05308004207833298,-0.13513834277717973,-0.042829840594370325,-0.0583807376154801
0.0,0.0,0.0,-0.024900658161547663,-0.0053413221000179045,0.022344394181210148,-0.04749699825188727,-0.015311856213750877,0.048924463131679675,-0.06932858888092415,-0.02901503689946728,0.07090159449994869,-0.09949524701080438,-0.03896728941047589,0.07645590400897297,-0.09624419283235226,3.73042016046741e-17,0.01848780700058062,-0.1210894057652857,0.0015951893369733757,0.030675698044753348,-0.1399180253516214,0.0029822277400106383,0.03726342810762372,-0.16681578191544807,-0.015998964834737617,0.0423842277465296,-0.095677350994088,2.5478087654558087e-17,1.9015088334640632e-19,-0.13386558043009106,0.003174199267140733,-0.0005999862765848283,-0.1604403405315185,-0.0028691256573638536,-0.004272616996785424,-0.18688836007182272,-0.012142091003206328,-0.004394968400369058,-0.09184013846973105,-0.008979542807320546,-0.014336366470351677,-0.12297531176107221,-0.00995917043326805,-0.021581928967423555,-0.14941979226762925,-0.019114175215878042,-0.028912597586019276,-0.17470309938771753,-0.02858233642461874,-0.031190762182625835,-0.07590586450650691,-0.01809447614583414,-0.027499154528820513,-0.09519314308692393,-0.020921303300305925,-0.041242736237905475,-0.11569024656625528,-0.030762623175285927,-0.05449704247105249,-0.1331064237868468,-0.04014076907055895,-0.06046377437886964
0.0,0.0,0.0,-0.024766934482404624,-0.005391638123101969,0.022404086148399914,-0.04726782453486839,-0.015385713787338953,0.04871348424711222,-0.06909972289123543,-0.029103552240449988,0.07061384922384434,-0.09937385618845951,-0.039449735090512514,0.07577569102162807,-0.09628380038960001,1.715187930770627e-17,0.018483726972092246,-0.1213429724507789,0.0012125002288631687,0.030723222203376293,-0.13992399928614083,0.0024890675964687418,0.03708268677318646,-0.16700945896435535,-0.0168686233112834,0.042055007079264024,-0.09579138981287491,1.479995170895057e-17,-6.750003178525258e-20,-0.13407101227049062,0.0032251219256227803,-0.000654318195586952,-0.1607789408000173,-0.0029023635419958777,-0.004434869336457304,-0.187356330530614,-0.012298404898638435,-0.004758390717133471,-0.09197869923152889,-0.008875465038353647,-0.014341302386092632,-0.1231669063145707,-0.009533653701701825,-0.02160718811068522,-0.14968688499064386,-0.01871573251271898,-0.029094024811646035,-0.17485973289477033,-0.028161206369171993,-0.03133437457675826,-0.07617665325328735,-0.01785406545868496,-0.02763502109415466,-0.09531720398059672,-0.020529835299354628,-0.041406073878068106,-0.11588967237517177,-0.030225913194007286,-0.05472447202945063,-0.1332607362245685,-0.039791767929186705,-0.060922386463424384
0.0,0.0,0.0,-0.025860891549774084,-0.0059094415864052825,0.02503785977923865,-0.04637252113938869,-0.012943639049439794,0.051723624751807445,-0.06781192555022036,-0.024515014548679527,0.07342343996300948,-0.0954264716902157,-0.0324945020532969,0.07505539896292876,-0.09813104171949738,7.977739333563401e-18,0.019430864935086316,-0.12261201038453479,0.002174108089163036,0.031252053136439466,-0.1416810999083077,0.0033117418056424486,0.03729947266959872,-0.16583344217428872,-0.01837031633432773,0.04187207523046776,-0.0971962303472001,-1.9216459767899955e-18,2.0032965743894957e-19,-0.1336854835007057,0.0021612357139822237,-0.0021591158179613797,-0.1599748332080332,-0.0054957929873859996,-0.0030892672955205587,-0.18279955064313722,-0.015585711844947182,-0.0006608107816417562,-0.09231167498287364,-0.009434286195045289,-0.015695097905538698,-0.12445764192159614,-0.010554954099144186,-0.0228406979435278,-0.14903777481559943,-0.022031994964573955,-0.02612426160937849,-0.17410781780871804,-0.03376189220084118,-0.026344691477142013,-0.07601328384716755,-0.018763308661375207,-0.029750995560439364,-0.09466761147930246,-0.022534824665178366,-0.04269972199087896,-0.11545928085516369,-0.03234049978018529,-0.0548726081120281,-0.1339581281983193,-0.042807554415740794,-0.058563423037441185
0.0,0.0,0.0,-0.025642531317908886,-0.007151301369796422,0.025833279011599878,-0.04729048558809941,-0.0105333587818736,0.05330485643720711,-0.07065584167040866,-0.020285206240187613,0.07412380353523873,-0.09427055529266566,-0.030421683543766797,0.07073675581729913,-0.0997731242194064,7.017057508709814e-18,0.020882479357432933,-0.12370648262177136,0.0012555162256717447,0.030955904253892854,-0.1423231185445992,0.0023155304407029296,0.03702038235268423,-0.16717968649791207,-0.021496331540520684,0.04185821031208411,-0.09758261982958563,3.2740478661145003e-18,-7.685416173704302e-19,-0.13357869131625696,-0.0005265319518283526,-0.0025730183031596092,-0.15837991266410928,-0.012546158144650954,-0.0020996675222357203,-0.18072437023697133,-0.02543757739540356,0.0010643223065466092,-0.0924821081516682,-0.009312011015650429,-0.016994947797269525,-0.12363211184637352,-0.013623085931283838,-0.022889636698243624,-0.1464248164156295,-0.02760838102289806,-0.024552036484248148,-0.16905802995117034,-0.04098522357498202,-0.022921584491811732,-0.07511018034434508,-0.018676595246710503,-0.03156320205032569,-0.0931760616581379,-0.02318895066525903,-0.042039921499683136,-0.11290462635416333,-0.03337091468901182,-0.05110016104581358,-0.13079135658979457,-0.04539713345663397,-0.053858855312227186
0.0,0.0,0.0,-0.024036445626924145,-0.007985801776899932,0.024836955117942143,-0.04560892309345788,-0.010611045191440873,0.05257935925514027,-0.06871516386469763,-0.01912505637965838,0.07397852286071903,-0.09069763715903242,-0.030269423057396622,0.06714186681166986,-0.09653329526204588,4.6254484016087214e-18,0.020654166129666206,-0.11938074153458268,0.0041131818003262285,0.030964270581447326,-0.13905646973667882,0.0030879262323854346,0.03696797421865031,-0.1620099983308708,-0.022123295628358908,0.03972735137084087,-0.09531683016279166,-5.212178777030853e-19,7.583114934564233e-19,-0.13055502413903544,0.003133067914792971,-0.0020249837858728023,-0.15440846083193274,-0.009165225748657121,5.655442189236558e-05,-0.1723217013596643,-0.02726588493775238,0.0024006918868324833,-0.0900926809976235,-0.008374997245846522,-0.016261403259892424,-0.12094787180219879,-0.012083955533051347,-0.020650998567410272,-0.1415151251091287,-0.02544781919936018,-0.021769411252917113,-0.15997306738603284,-0.0426173721750565,-0.019390632154805562,-0.07211868119465847,-0.01692800222227313,-0.03187342801258406,-0.09122019917963672,-0.021202973115191474,-0.04081861415727281,-0.11117251294981693,-0.030181641528306963,-0.049368241698221925,-0.12620783809595065,-0.04223745853767977,-0.05038850890838793
0.0,0.0,0.0,-0.021805522915087267,-0.00792286386308091,0.022368164443489037,-0.042431618089307066,-0.010659162746282152,0.04975853831616273,-0.06581955058597289,-0.022037076401588255,0.07003503563237794,-0.08702788595006614,-0.03371885511205252,0.058242926904361,-0.09187627924470645,9.154336494796525e-18,0.019272602010316362,-0.11464820580038336,0.0043348854890187995,0.02947935570137701,-0.13330559935117586,0.0002934938113251492,0.03614033301988478,-0.1508550499150168,-0.029829909728758687,0.035993944951728044,-0.09104365064030141,1.0068549975324479e-17,1.3932260959873524e-18,-0.12571204346861423,0.005517517850637181,-0.00019851456976852455,-0.14885269760870024,-0.008046450878603274,-0.000378526884249428,-0.1618455292378541,-0.030831816110602876,-0.0004440502934234048,-0.08735234195635148,-0.0061714903995494005,-0.014801042037629948,-0.11773193520088962,-0.011379889634678807,-0.01862940559388347,-0.13601486846712257,-0.02458678740731896,-0.02050922738570158,-0.15091952541464496,-0.04419133358804609,-0.018144826910508376,-0.06993853361010643,-0.015170124144132286,-0.03132233156381057,-0.08808759681707756,-0.02126456462177205,-0.038886643191260374,-0.10591363046503324,-0.03097405238046228,-0.048198403325931186,-0.11699258948194607,-0.04527046483578244,-0.04899877300590021
0.0,0.0,0.0,-0.023900606577393346,-0.009570271004148988,0.02094230360916617,-0.04433403697004627,-0.01327346236167295,0.04838764036135896,-0.07143500967486936,-0.028471636981922357,0.06493338843062466,-0.09010654844572581,-0.04060317750296768,0.04710720781856978,-0.09388946720355085,9.40734829670965e-19,0.018774287534421313,-0.11697837146144005,0.0029515555765944573,0.028376116003155535,-0.13588845595212504,-0.003462103506242505,0.03567179423423427,-0.14812454222072205,-0.0321204087800875,0.030927116338540696,-0.09240212046629233,4.1928063680663097e-19,2.314472776608767e-19,-0.12640500810800145,0.007363417442487496,-0.0006887812583299071,-0.14869939001940577,-0.006411216981206055,-0.0027780177612898816,-0.16188708716368547,-0.027712855623250196,-0.0041896606923322015,-0.08883577112437226,-0.0031640010492813347,-0.014880267448050212,-0.11930515556079517,-0.008747291435723163,-0.020252895857889343,-0.1351035372814971,-0.020269715513227288,-0.02252061195825904,-0.15097456790987254,-0.04273048058799124,-0.019621498082870337,-0.0703610228451056,-0.012971387561674033,-0.035058558314374114,-0.08767992924122416,-0.016578086289946007,-0.04123657817717555,-0.10589584952211185,-0.024977515774827076,-0.051935870966569875,-0.11721762261689986,-0.04069008421725678,-0.051787824504512164
0.0,0.0,0.0,-0.02369049402368164,-0.00963171258932439,0.020811177776304444,-0.04412254733888836,-0.013254504215979443,0.04816398949894464,-0.07104356280941572,-0.028575703677850683,0.06471983760890336,-0.08965042810773105,-0.040579894099077356,0.047271346088491734,-0.0935271747428573,1.6575354169693934e-17,0.018651665076426086,-0.11652473956509894,0.0029779285750442153,0.02839313391628706,-0.13541999633373647,-0.0033153697262009495,0.035702587809891766,-0.1478254088439845,-0.03202463988439322,0.031005104904537485,-0.09202657128370413,1.62373366868427e-17,9.183829361043161e-19,-0.12604051013538536,0.007467193870571351,-0.0006244005659013251,-0.14828233875988484,-0.006299747119601061,-0.002743964327260499,-0.16148919152714328,-0.027764879820726937,-0.004104593506429662,-0.08855728622343079,-0.003080869767820253,-0.01488501065342228,-0.11896489323224946,-0.00874007727700232,-0.020052187907367607,-0.1347525386544557,-0.02037187451734758,-0.02239564257747629,-0.15059869074778226,-0.042785129855307275,-0.01931231380723208,-0.07010613587350131,-0.012899348724769069,-0.03495052652592528,-0.08734967617741658,-0.016760356766764763,-0.04106681614558414,-0.10566334134543741,-0.025176737994883965,-0.05174499171594524,-0.1169514334597376,-0.040866696317817974,-0.05143599306412763
0.0,0.0,0.0,-0.02788176951773022,-0.010878571635822475,0.017061441616095453,-0.048675815500524695,-0.015352289276329603,0.044502497637862744,-0.08315000208032933,-0.0343882724535277,0.05547471779697228,-0.09774145160866936,-0.04273125338764668,0.03526116752931713,-0.10151531645439424,3.5858644030631156e-18,0.018671869425086793,-0.1271438789564871,0.0055784149381172396,0.026921717946053476,-0.14370774395418337,-0.0015884874532746081,0.03574983357012341,-0.14966561501232845,-0.03362194897841449,0.027465334423501724,-0.09837972924397582,1.0074027151750499e-17,-2.694064004848919e-19,-0.13284200240222077,0.014115013833077708,-0.003223172741719001,-0.15306100727614344,0.0008602134559456213,-0.005310675245551569,-0.1618395236040932,-0.022558547717634967,-0.0047791618090907255,-0.09400478289748261,5.9209288682027497e-05,-0.01799796043832084,-0.12470919976011129,-0.004220515845365277,-0.02413429242988451,-0.1370736970880392,-0.016526865626375745,-0.02700801872748009,-0.15017358644096457,-0.0379041411438171,-0.021468456963029577,-0.07321025784650918,-0.012640316946989253,-0.04150698368505667,-0.08949313366575577,-0.013558568793053331,-0.04487209767763071,-0.10947752661398943,-0.02077603681376329,-0.05796079105670502,-0.11985868743390306,-0.035596202971670036,-0.055153608389337506
0.0,0.0,0.0,-0.028574007030294862,-0.01166839611220118,0.013637723221198068,-0.04740672037091761,-0.018831386820088235,0.03957118918999487,-0.08157066125682136,-0.0391971931540256,0.049673633312189734,-0.0982607517034417,-0.04471914320360351,0.033547507313953805,-0.09812073759374898,-8.939284269687398e-18,0.016467805389583534,-0.12469174045014121,0.00625709843519932,0.027021007127441897,-0.1400199732937406,-0.0033273136676119255,0.03613932303889853,-0.1446616840592067,-0.036260915962340996,0.024689681084940872,-0.09630177970311318,-7.030172534870025e-18,-5.729669220566236e-19,-0.12984954988962324,0.015695728267678514,0.0019148863382215631,-0.1502187773665339,0.0029537954023040863,-0.0019429368943111474,-0.15987374962600526,-0.022289504774524113,-0.00478371920944482,-0.09347876063633252,0.0025592389339675193,-0.015527521534979234,-0.12231188490517661,-0.0008450865251674758,-0.01933730116541964,-0.13569102625006732,-0.012635849062398615,-0.025366121426624737,-0.14845386069631775,-0.03327041310140811,-0.019902791723789063,-0.07355424778078469,-0.009438220633259713,-0.0390259287639132,-0.0907892221226809,-0.010491368522369872,-0.04179842997394291,-0.10930858873875667,-0.016709116510867143,-0.05519322893654987,-0.12059650572417582,-0.03261486264812024,-0.05201022022790447
0.0,0.0,0.0,-0.02985875472533784,-0.012581954774472241,0.011767330597978711,-0.048023498159896094,-0.01958024355842211,0.03889057058435712,-0.0851885422910638,-0.04049688878003632,0.04663093368744105,-0.10157361616623423,-0.043947272252858986,0.02684146606141794,-0.1005915099003736,-9.78217361075948e-18,0.016054493028325175,-0.12786458772927492,0.006184775198040533,0.02640390140608228,-0.14247289556416645,-0.004521226029302797,0.03506431116880764,-0.14599816882413574,-0.03734008703857532,0.021211200997909498,-0.09800541357647083,-7.898043945362732e-18,1.342851882357427e-18,-0.1317440414191963,0.01709597614235072,0.0025483643493610054,-0.15228117912353903,0.003929291049896056,-0.002612851189994238,-0.1623326922104405,-0.022234572484466548,-0.00699876105524533,-0.09525732907738782,0.003411034150546329,-0.014906784064952789,-0.1237926756484328,0.0002383050679446726,-0.01936515198721497,-0.1377672987814786,-0.011781828915105928,-0.025770753453743283,-0.14913098809969583,-0.03355797620174544,-0.01962932296540227,-0.07384555250340405,-0.008996368563806471,-0.03929604253389125,-0.09217871869517398,-0.008493835288674543,-0.04200560447935013,-0.11151900456370217,-0.014993039136850489,-0.056081780313788875,-0.1194233292173237,-0.032463757859920755,-0.051606481014762014
0.0,0.0,0.0,-0.02739142597181588,-0.010757221626572742,0.01331702106821812,-0.046805857258688986,-0.01634002877097991,0.03996294313393242,-0.08184277587351038,-0.0355347632634349,0.04896620832298836,-0.09822630722214541,-0.042243743799396674,0.030374720519035114,-0.09740655002389513,-2.2209313892029224e-17,0.01601450227091214,-0.12395370587358884,0.005612862556603868,0.026645061698811257,-0.13907105303638168,-0.003374270341686826,0.03470483068300603,-0.1450877975866452,-0.03502693887480537,0.025229747641492096,-0.0953743351709587,-2.596161153213259e-17,-1.2430564899478594e-19,-0.1286063190337428,0.014041230889665537,0.001165576770182564,-0.1497871831005848,0.0011131396264430823,-0.002032921288723069,-0.1606803711754182,-0.024339879723955606,-0.003453771741724241,-0.09246498487071345,0.0008536254885300972,-0.0144242006979741,-0.12111107880518263,-0.0017187743534681137,-0.0184968063502037,-0.13587492150872477,-0.014627539688262027,-0.022828686246535227,-0.1461151699893413,-0.035363571977045836,-0.015607183528819697,-0.07207953553748224,-0.01189496720745192,-0.03608972266174486,-0.09041489255968616,-0.011378336912234565,-0.039810389846622656,-0.1092882696807077,-0.020763478739803866,-0.052362550521970815,-0.11656221541615751,-0.03777528193660856,-0.047221481275724696
0.0,0.0,0.0,-0.02698504600873901,-0.011116641280625348,0.01274039480823951,-0.047063704567057385,-0.016862158917358185,0.0395776859536317,-0.08202232093969401,-0.036402939263800754,0.048911018369316744,-0.0992584720439975,-0.04313782918963984,0.029982025488682666,-0.09710439076036918,-1.6018374068785307e-17,0.01576171564117312,-0.1240339255124271,0.005843566046924017,0.026243503720588097,-0.1390892750563092,-0.0029240429263279613,0.0358401637680256,-0.14475119380922077,-0.036264401599907424,0.02783297658701062,-0.09526261032263415,-1.797942325934336e-17,9.869029365148092e-20,-0.12876893209755225,0.015247205706846786,0.0015499460496544608,-0.14973584368554865,0.0022658664529688153,-0.0009189046901482829,-0.16061906224644648,-0.025192585917465135,-0.0013063419510511052,-0.09259022607936965,0.0009145835414591247,-0.014089881186992665,-0.12147373823937224,-0.0020674606244493157,-0.018225914695646345,-0.13718568058593852,-0.014832787695720228,-0.023584323494951803,-0.148771582280917,-0.03529691316853663,-0.016093602446428386,-0.07203753120586445,-0.012281439988882502,-0.035840638721618204,-0.09041694595213397,-0.01277232524643884,-0.039023262883320434,-0.10887262456941578,-0.02281740843333089,-0.05141682045228901,-0.11722339097476416,-0.03972793912918136,-0.04628551063844728
0.0,0.0,0.0,-0.028257924074002076,-0.012460768971156356,0.011580457962499742,-0.046914566156345615,-0.018337170562908203,0.038615283847202614,-0.08335180724659123,-0.03819239501136912,0.04763422175965482,-0.10043204835765433,-0.04218533690495214,0.029114050963998266,-0.09938169698829219,-2.9946055756787738e-18,0.01537758162290438,-0.12582253038494456,0.00549672764836495,0.025771729311732754,-0.14140006446235975,-0.003634813892449215,0.03664863858169173,-0.1479651986105621,-0.036261033748090456,0.026802195905729385,-0.09711658124151389,-3.5772806981478645e-18,1.952450686864656e-19,-0.13012858357419513,0.016871824374618333,0.0033782813526155512,-0.1509784183025161,0.003637537295026509,-0.0009128006678639151,-0.1627572293525883,-0.02306855678008515,-0.0037307317749314894,-0.09486458560424225,0.0032633190482690014,-0.014849847016573738,-0.12311891868829135,-0.0004057179379736482,-0.018566754131506075,-0.13742351597030728,-0.012868581510782018,-0.025235726771207927,-0.15047064775903052,-0.03534553620954239,-0.01767791452459969,-0.07357059876706702,-0.010075041800280333,-0.03860956863480093,-0.09167882510459688,-0.010571418112054504,-0.04014776675241656,-0.11036132917884421,-0.019606177054450065,-0.05369233030961183,-0.11822396200476053,-0.03778678089688219,-0.04870167663398393
0.0,0.0,0.0,-0.027872796301667335,-0.011857041340126146,0.011455427922142065,-0.04850488324704026,-0.0193429777598485,0.03751417059636062,-0.08513234786749675,-0.040529704291203436,0.043611412673939684,-0.10159667887843364,-0.04613967129403438,0.021740669469469186,-0.10082448397257922,1.3816464359512532e-17,0.015531524009563128,-0.12781503064377164,0.004939916309102934,0.026954482553968467,-0.14254189059553082,-0.004170270972583334,0.035490670831997015,-0.14626334249946588,-0.03523899705478913,0.02392272651525158,-0.09884256559243804,1.2253804583909258e-17,9.26605615456279e-19,-0.13250320755142442,0.015907501301155463,0.0021114260289801937,-0.15281661759968118,0.004755179772244592,-0.0015017093114825153,-0.16229123063071663,-0.020547219295419625,-0.004242743560785172,-0.09642026956057573,0.00251395408474209,-0.014998057724135304,-0.12428814241374121,-0.0002651454009390039,-0.019245335528755063,-0.14014586116446553,-0.011079684041574585,-0.02577801615445322,-0.15050169126215807,-0.030153311422001054,-0.0181840541340088,-0.07457738588190127,-0.009966859398383847,-0.03880796255778515,-0.09404694997132682,-0.008695936191514526,-0.04071839369464133,-0.11273365451715284,-0.018157329109947724,-0.05348359099508184,-0.11840149010431683,-0.03495331707252843,-0.0485905997808176
0.0,0.0,0.0,-0.02861931070536256,-0.012009088343040522,0.010182366860582322,-0.04814919379325112,-0.02032689767129009,0.03647194047024573,-0.08559950292761517,-0.042526800152696165,0.04301399104718503,-0.10379584229074619,-0.045591661299779554,0.02263021116351662,-0.10154262524380103,-1.4941292163615083e-17,0.015131019698085908,-0.1283991092377139,0.004724364588331056,0.02654238253365309,-0.1436037798875918,-0.0049340683375761925,0.03558431536544398,-0.1482131606815211,-0.03750315894327987,0.022362164804859894,-0.09948079169113777,-1.6207805460095157e-17,-1.4168176489488827e-18,-0.13222674607295704,0.016007175512588512,0.0039224719885667305,-0.1525663522179286,0.004958396340436259,-0.00045680714704831167,-0.162820497698339,-0.021190894436026408,-0.005135340305862313,-0.09690920063523072,0.004496543582372448,-0.014719385014726926,-0.12426711915673282,0.001164163670278179,-0.018384042552326837,-0.1393284456961451,-0.0094659959501767,-0.02578465086363997,-0.15119707088703266,-0.030277640614128132,-0.018760213170142193,-0.07484315681026506,-0.007691443325482708,-0.03946234110979218,-0.09414474055551297,-0.007493038268349673,-0.04050400280437395,-0.11281447564435536,-0.016260408533723597,-0.05439019016323771,-0.11920326112237307,-0.034398313576936526,-0.04990879560721302
0.0,0.0,0.0,-0.029510409646812116,-0.012847230533596361,0.008777752382205557,-0.04857447148541535,-0.020377301312139058,0.03651818353953094,-0.0873992366402987,-0.040798329041875456,0.04486439881723553,-0.106047663889194,-0.04295211405974953,0.027085739835949803,-0.10148243403109725,-3.831839824114832e-17,0.015294784788511435,-0.12905334778733946,0.008339316021302839,0.02459105539677794,-0.14443898212010084,-0.0021846564482432963,0.035797731124433976,-0.14744004735594154,-0.036552166888640776,0.023027612926603467,-0.09896126461530308,-3.3903291891445696e-17,-2.7022008852149625e-19,-0.1322435234763452,0.018775327307459767,0.00418216109304291,-0.15171409373152164,0.006222073265319425,-0.00021188314411765624,-0.16346949594352475,-0.020720207674642534,-0.0056559316734392205,-0.09628093789275205,0.005608035167348316,-0.013863456905575217,-0.1251501895119029,-0.00013304610538739204,-0.018847035038559643,-0.1376038122106788,-0.010263383368978111,-0.02671155528532897,-0.15128383532032244,-0.03202716690215752,-0.019150284851934846,-0.07442963849223731,-0.007924212797441843,-0.04046745639343469,-0.09327324710905721,-0.009788101916584418,-0.041579836127271876,-0.11068841893077339,-0.018161519903487706,-0.056382914152179935,-0.11861027680608704,-0.03541693481089144,-0.0494033154177802
0.0,0.0,0.0,-0.030797547601492104,-0.013966442414549122,0.006921113034550509,-0.047560536178923474,-0.02112849188281893,0.03480223791954362,-0.08748472950762493,-0.042616783545750284,0.04173312284328007,-0.10557653372755871,-0.04155020722779862,0.02398979357397532,-0.10224176923250076,9.466805728947232e-18,0.014572092578373858,-0.13022509211439573,0.008948387432839496,0.024993419719143515,-0.14651209707326357,-0.0019266358891809412,0.036292657179696486,-0.14850310755122945,-0.0376624554506145,0.020164546215025968,-0.10014900001434511,8.982362285025512e-18,-2.095223233507568e-18,-0.1330209285998235,0.020353554062698037,0.005971319599534064,-0.15247439000618326,0.008504994319570146,0.00020867883526401855,-0.16336668533956156,-0.018169371824214478,-0.007183122193363951,-0.09728789858025355,0.008029775528190368,-0.013953311318955934,-0.12525391627323848,0.0025878010375981727,-0.01852584664275771,-0.13618030170225073,-0.00637490384752759,-0.02766693812634621,-0.15052544826928504,-0.028229108171854297,-0.020782345258748284,-0.07510517804584939,-0.004599276288992244,-0.04220566493875045,-0.09415712663071528,-0.005677195342590561,-0.04271280731323594,-0.11062689147644253,-0.012776685689400552,-0.05761106225908219,-0.11845698500264415,-0.031084627828301882,-0.05043009882609936
0.0,0.0,0.0,-0.02890520282745665,-0.012784364079683391,0.009964373564404522,-0.04809234622814663,-0.01926651501989692,0.03811589205478983,-0.08599827976673195,-0.038726852555940154,0.047258411716544546,-0.10515458111339088,-0.04185883224891032,0.029323440209174944,-0.10066316556865545,5.748284458193821e-18,0.015726623503031792,-0.12775391501835917,0.008264474777945131,0.024793930730495257,-0.14378790832379734,-0.0009639366032756478,0.035961171365531674,-0.14820583937999257,-0.03547193246571686,0.025426312131569286,-0.09827758402581623,2.9019592791213033e-18,4.2864933127643344e-20,-0.13184515126681154,0.01829804959020741,0.0030593594200189742,-0.1519054464274328,0.0057504288247249855,-0.0008042380385075515,-0.16407936650623423,-0.021770866054030665,-0.0050451027335738545,-0.09558095221652306,0.004660334110314191,-0.014369730957646792,-0.12489056860017901,-0.0010733045451706154,-0.019521086528913257,-0.1374555352314718,-0.012175399192821736,-0.026435412410063888,-0.1506628562053012,-0.0340561655372924,-0.017890434752735582,-0.0739989604964329,-0.009220554892421113,-0.03988689972755808,-0.09267403758483031,-0.011431577959588254,-0.041751427764699374,-0.1092751873653373,-0.02096881613623656,-0.05531453480695396,-0.11617377778401368,-0.03786321789045356,-0.04657592576687906
0.0,0.0,0.0,-0.02911937227715863,-0.012876302738156127,0.010042475815764403,-0.048103472180976506,-0.0191499752975666,0.03792423362732024,-0.08616117342589266,-0.03879396678687591,0.047247932323130334,-0.10574992064513791,-0.04219012432789574,0.02992750421777553,-0.10062316534397645,-2.2340942832712058e-17,0.015379846340662036,-0.12791822535272743,0.008602534528310625,0.024764710116533938,-0.143954521011918,-0.0009036305373829494,0.03578916317851969,-0.1474511225049855,-0.036246535730325935,0.025441736693464338,-0.09832665714958305,-2.1171564424985896e-17,5.972471658860025e-20,-0.13201425789848525,0.018448767705020002,0.0027253602375971932,-0.15188280303692164,0.006192571666590574,-0.0005081693738436664,-0.16385229485726094,-0.021304284181489455,-0.004031093410363522,-0.09537372576918751,0.00428045008135623,-0.014113498425493512,-0.1244906442472608,-0.0011591440545930171,-0.019261527282156583,-0.13752263292936648,-0.012201537738971407,-0.025932828588257503,-0.15016535282849097,-0.033742666211641355,-0.01716608672985195,-0.07379052363203842,-0.009681520682162902,-0.039158774026706505,-0.09316216485779813,-0.011142784644229865,-0.04134764118433813,-0.10957435638716401,-0.021139924651300365,-0.0543797623041989,-0.11606769220525172,-0.038213280836100684,-0.0455707171733859
0.0,0.0,0.0,-0.025494114172882443,-0.01052868291062516,0.014626917294990544,-0.04719873098800162,-0.016333518426994445,0.041786727577636844,-0.081439873111971,-0.035585838977260094,0.05253318421025871,-0.09848970810821993,-0.045140451809286386,0.032317773328774536,-0.0956052076049385,-6.2944445714011595e-18,0.01719406114385293,-0.12082981431833266,0.0055001992511222,0.027228382460957417,-0.1365072633782234,-0.0036044827759372008,0.03488964165362729,-0.14247701714570865,-0.03573164736224591,0.028197003225980392,-0.09401773397543321,-8.556136277904367e-18,1.3305698399987543e-19,-0.1274598092993821,0.012468013374390251,-0.0003030115185922965,-0.14892524975780785,-0.0005775405619871603,-0.00226762201130287,-0.15943080144520608,-0.02758338885874794,-0.0021170888899186362,-0.09054831543104264,-0.0013506516135954822,-0.014186175749266531,-0.11947883653673537,-0.005046184025824679,-0.02011109070527347,-0.13597959187031974,-0.018234856353707952,-0.023563671712867107,-0.1455375276548094,-0.03907435912449273,-0.01530863199237622,-0.07029584009980018,-0.014062402757756944,-0.034319143488066736,-0.08861476294950311,-0.015473841104013474,-0.03867061890618762,-0.10566858676280055,-0.02539451557002925,-0.050951370064520156,-0.11427254238009468,-0.040790620195122064,-0.046841255840743536
0.0,0.0,0.0,-0.024326241582728683,-0.010119779480487952,0.014184583419958999,-0.045054420895684434,-0.015384562701934485,0.04142202563011876,-0.0784484490528186,-0.032772791568314696,0.05237628589870222,-0.09610056587138545,-0.042057566819395494,0.03329075186532625,-0.09410197949190842,-1.1792095320244157e-17,0.01748339465302512,-0.11874794519652872,0.004256196066250781,0.02699660757047325,-0.13370272815488235,-0.003698422399919156,0.0359393992967639,-0.14152139261330535,-0.0343543001424077,0.02973178156149571,-0.09275006349623663,-1.509752755617226e-17,7.728445333687486e-19,-0.12648562645842334,0.012053347539340589,0.0005318843410718739,-0.14702485476703653,-0.0011066576483567674,-0.0016893539735602391,-0.1579152693187084,-0.027702858899215508,-0.0024725001526870864,-0.09008761832875138,-0.000667370479159469,-0.01441019460217384,-0.11847443019669472,-0.00597947523030524,-0.019484751530980067,-0.13438916811447907,-0.017910807461248835,-0.02392990382380088,-0.1450952527445773,-0.037669803191733735,-0.01644866428738377,-0.07058379381577784,-0.01363445018871329,-0.03424544049848463,-0.08772249212042325,-0.016369625207269613,-0.03849840536541872,-0.10457874573784379,-0.026296940095585496,-0.05058815277514842,-0.11324371325327261,-0.0422396125578782,-0.0456670345170601
0.0,0.0,0.0,-0.024879716743788843,-0.009597543250454641,0.017764435066882335,-0.04705531249947544,-0.014078787028654961,0.04370057608024145,-0.07986243989851696,-0.031015360865887704,0.0557452669082129,-0.09862579161745927,-0.04124382319099892,0.039000669007038226,-0.09627525115907183,-5.115972501912108e-18,0.01890757883051896,-0.12211939515167519,0.004953257034429889,0.028412552431642757,-0.13705295247392352,-0.0022080119180253044,0.03684220754157567,-0.14636629660736633,-0.03313509434680654,0.03428266783306502,-0.09476191760424421,-3.531749058317766e-18,-8.318225788984391e-19,-0.12930604429148498,0.012387702923711644,-0.0006595041070221325,-0.15117191974723068,-0.0006436671291192783,-0.002264515549686771,-0.16251831210614218,-0.025428226954125832,-0.0005047381257890371,-0.090822082743028,-0.0022812147182908198,-0.01563515939938976,-0.1212429226934878,-0.005548214640958309,-0.020856122696985953,-0.13766434201806704,-0.019856878340239685,-0.023209077915936186,-0.15027893095244022,-0.04019093127102258,-0.015900812382622226,-0.07155135147091603,-0.013855170643602236,-0.03543147645198454,-0.09034069952452281,-0.015604827789291115,-0.04061832624782338,-0.10811961921593666,-0.026095906500187324,-0.05059220542830565,-0.11823843496361104,-0.0430265372350907,-0.046603563941695805
0.0,0.0,0.0,-0.026543264238738935,-0.009563751085440997,0.021589957353841147,-0.04754017270599945,-0.014145503935952009,0.04761085043509657,-0.07959536719230322,-0.031754128852069484,0.05985256219222431,-0.09569857332876881,-0.044515579795841816,0.040501366336420506,-0.09896074696946526,-1.737059547763991e-17,0.019186386445698686,-0.12369843232488083,0.004149075688972458,0.028277881322610925,-0.14322517648779204,-0.0024205460668892845,0.035981989885488876,-0.15545316095617154,-0.03310720685388298,0.03266874689157435,-0.09695832988778558,-1.745781438370448e-17,7.9564163105071e-19,-0.1313326190704527,0.00854693884263249,-0.0023737207047391635,-0.15228262853904362,-0.005114848230589427,-0.004087608203760952,-0.16652676962348095,-0.026194597404301172,-0.004308422165921501,-0.09183792256725787,-0.0037576080069981806,-0.016836637707236077,-0.12122271355588922,-0.010218685621337868,-0.023180143055790785,-0.13685295986177654,-0.023492843832348405,-0.02599831693026909,-0.15337468916895602,-0.04548054360040992,-0.020742039658002975,-0.07185735993302321,-0.015657503543513807,-0.03619204664059155,-0.08840884673166527,-0.017487014855412847,-0.0418627485877762,-0.10674883843751054,-0.02546674000060604,-0.05261293814876193,-0.12038134913518318,-0.03999317698167417,-0.050395662053104126
0.0,0.0,0.0,-0.025546059437772023,-0.008365761937207427,0.02472693240188551,-0.049859180937177575,-0.013135177710148355,0.05143592948030654,-0.07608074359896105,-0.024845814763929164,0.06869064241544025,-0.09906805327902073,-0.038634170033429664,0.05842193617537755,-0.09942549720263866,2.1207349602453436e-19,0.021215491712853248,-0.12284832307262238,0.003359780289438702,0.030567030396029773,-0.14371465291457597,0.00035487622361124536,0.035661098709167026,-0.16655382600221022,-0.025376645952531116,0.03739812479225053,-0.09813975675242702,1.4955600216863142e-18,3.681050531842036e-19,-0.13414884161002288,0.005086046376626402,-0.0014407023182285122,-0.15731425225294102,-0.007421313495385428,-0.001202743628325714,-0.1769020902652358,-0.026813006215876286,-0.0007071296050793198,-0.09226990979460299,-0.006621444636956969,-0.015710739222406022,-0.12416402423923531,-0.011481528499156896,-0.02139295609784777,-0.14387217710524336,-0.02375594392949623,-0.023196021781084413,-0.16344927835040915,-0.04324051932848227,-0.021819810952033752,-0.0735682456941779,-0.01551127117262446,-0.03206647227579866,-0.09293822870488924,-0.02005053042723993,-0.0412308628577585,-0.11220356046794984,-0.02982718222294025,-0.04944602989131641,-0.12697421045927335,-0.04404198286721844,-0.05183767276535497
0.0,0.0,0.0,-0.025453801729928966,-0.008359789772395043,0.024992468185071795,-0.04993717421799568,-0.01327503549257291,0.05178134645348655,-0.07601829972882353,-0.02486427811873411,0.06892136117083625,-0.09900914610368067,-0.03878575442726211,0.05886727414529081,-0.09950064627722179,-2.0987193207675763e-17,0.021440866351369107,-0.1227717114614203,0.0030949877767814534,0.030777362769022133,-0.1438629545459358,0.0001722528645563389,0.0357090135870932,-0.1666149730457641,-0.025498112872422315,0.03754694477211094,-0.0982016165737752,-1.935204749159689e-17,8.516244458888232e-19,-0.1342415006648636,0.004767790080848979,-0.0015360670060370885,-0.15719973106369417,-0.007712783405585802,-0.0011860634383834194,-0.17663548234009283,-0.026695688491230107,-0.0005293876340240722,-0.09219478355485082,-0.006827288518306447,-0.01580001089041222,-0.12410601252095446,-0.011787364336414337,-0.021565887692677966,-0.14351755962183635,-0.023916870285313627,-0.023077610292009394,-0.16294318235461597,-0.04333727049163865,-0.021834325949720998,-0.07348176944717995,-0.015531944548356847,-0.03205337563254894,-0.09289568676529932,-0.020015750978764617,-0.041378225708795326,-0.11202842606284004,-0.029784912007734282,-0.04945971701944546,-0.12674879562171268,-0.04400123573793005,-0.051943694773475955
0.0,0.0,0.0,-0.02734122150222185,-0.005709869801747799,0.02572465556911619,-0.04830346666396778,-0.012538347433534753,0.05179178118507451,-0.07259889894622559,-0.025322995084847987,0.0707863076205542,-0.09614370097148961,-0.036132437935702054,0.0682367350379773,-0.09912889938839851,-1.929586838292201e-17,0.02096213507781191,-0.1232571059116405,0.0018028711904713784,0.03139416441163586,-0.1427713200687798,0.0013272301760506092,0.036863925459995894,-0.16838562775780108,-0.022960115848760104,0.04104873947017293,-0.09738894435331713,-1.8084705411841827e-17,2.556697981775488e-19,-0.1339427389384992,0.0016720167057580689,-0.00021387925960607434,-0.15957664058171225,-0.0082368797132801,-0.001040374212503466,-0.1824042050250967,-0.021246160080317596,0.0009565265153412324,-0.09240165098053199,-0.008524794872416336,-0.015637322436941735,-0.12260793554975433,-0.012537151043829886,-0.021388765116119056,-0.14729318352365692,-0.024569120059027325,-0.024201408014189844,-0.1714994019092284,-0.040589745139958895,-0.023737418828790498,-0.07506210511076843,-0.017604519618493207,-0.029354312179777537,-0.09282613260800662,-0.022890172387867024,-0.040703502417207195,-0.11262531282608863,-0.033686635726356835,-0.051133707359957245,-0.13172771758870708,-0.04835757532862306,-0.055146410988466434
0.0,0.0,0.0,-0.027143933118859452,-0.004406883644920923,0.022886918977974974,-0.05061937521093456,-0.01361153138203069,0.04803492691589305,-0.07553534962761543,-0.029717331258141532,0.06792411630954773,-0.10053907324849906,-0.04138718321943838,0.06988248782183536,-0.0981411532833764,1.4030427497947655e-17,0.01910222039182264,-0.12359214477924466,0.003493072592786613,0.03013933967337674,-0.143250650670485,0.005561329182532803,0.036092808713083534,-0.1692401988355964,-0.011299938942219865,0.04095407863366727,-0.09655714412215648,1.0866848723760211e-17,-1.1896006989563987e-18,-0.13406890056264875,0.004453845236001393,-0.00035190589011050745,-0.15958630319483297,-0.0016888105261376326,-0.00484228026056604,-0.18404709865573557,-0.011407657558591005,-0.0036316265807072715,-0.091921048329352,-0.008740358808302462,-0.014250295745207746,-0.12263885631846023,-0.008594248393467651,-0.022333728193087387,-0.14982590336703794,-0.017918843815907953,-0.02815291740804046,-0.17473530797361359,-0.029040050430461862,-0.029096071320469288,-0.07522681001081363,-0.01746690743698484,-0.02734812330573428,-0.09410971956591681,-0.02117545619109077,-0.041323641248581004,-0.11529499763729523,-0.03224477761250653,-0.055764493080619926,-0.13532622412078338,-0.04597756409397083,-0.06022653117294155
0.0,0.0,0.0,-0.025253441988309484,-0.004291440428453736,0.022091722537963866,-0.04925494143345564,-0.013011479934581072,0.04702659997094557,-0.07339728908248574,-0.02755815419201978,0.06840283336470522,-0.10033596808059247,-0.041082371333141667,0.07463785034938443,-0.09659000408530045,8.384030649813535e-18,0.01815187941412935,-0.12167158609507767,0.00560037862215951,0.030157963963450177,-0.14022468035244598,0.010887179334894774,0.03656158682687918,-0.16720043603891813,-0.0009254230180125056,0.04177862606030026,-0.09528723348256887,7.522769627336652e-18,2.179759712399075e-18,-0.1331953548780523,0.00558241012699021,0.0006770636630021389,-0.15996592115119698,-0.0003788821632535824,-0.0036530514066510996,-0.18604307410529733,-0.007420165175410898,-0.004489268503406478,-0.09151566276111234,-0.008596478409805208,-0.013660203632020126,-0.12223871864664076,-0.008902358904401388,-0.02153516602534409,-0.14794692704044868,-0.01609590495536315,-0.028613805533530018,-0.17326211066266,-0.025268716398981175,-0.031388095516605395,-0.07554592904521173,-0.017363635178875816,-0.02645684291159671,-0.09392955345403065,-0.020873133943872118,-0.03962798913748855,-0.11495786657994077,-0.03174647882230638,-0.05404262067275491,-0.13311534873832612,-0.042366590167264025,-0.05949097578042916
0.0,0.0,0.0,-0.02519242355717409,-0.004548835942357671,0.021744835937286756,-0.047754886023873504,-0.014283972437950845,0.04689714016035554,-0.07184954594502252,-0.029752349035793327,0.06885417728312918,-0.10131343332012917,-0.04260686149008863,0.07781435048473466,-0.09585446712541452,1.6657239983855432e-18,0.01780803002482248,-0.12133734180148724,0.005271297280799366,0.030015551612881105,-0.1394797622453636,0.010491757251701326,0.03569431767627457,-0.16768649482146278,-0.0016666933641873822,0.04077901629777938,-0.09465990208623282,-8.7608632210173e-19,-6.2353573800358775e-19,-0.13214238573992998,0.005012202739445644,0.0012569935938474544,-0.1597366722262112,-0.0014999198205772127,-0.004121333474270603,-0.185911867119254,-0.00884674665542713,-0.005318402274189355,-0.09110233814614777,-0.008862464015696167,-0.013350598692565167,-0.12156069535893554,-0.00941031267939253,-0.021196957074076216,-0.14702786142824614,-0.016495685030104998,-0.029033077663457786,-0.1721314478845819,-0.024816443027641084,-0.03211213004160073,-0.07587237646032856,-0.01788456649258903,-0.025691825662928002,-0.09373363414006232,-0.021041733210748415,-0.03939067103784805,-0.11342152446231249,-0.031074513580044174,-0.05394158999758158,-0.13039308063401375,-0.04205498139436792,-0.06014489513937567
0.0,0.0,0.0,-0.023870895455669745,-0.0034630038826015197,0.02094766079390123,-0.04516783707699377,-0.013293703040705061,0.04645939016093777,-0.06777095512946618,-0.028059582921781304,0.06948354351057234,-0.09583368162118484,-0.039688407027433086,0.08328762416994656,-0.09262011780529548,-2.0977033258404504e-17,0.016978301479309788,-0.11770540073154008,0.005979497348196846,0.029603466769936852,-0.13539991470960622,0.011619206675808827,0.03609530651741699,-0.16247578827847978,0.000850290291901269,0.041495942985076785,-0.09171947581549397,-2.0653984074026513e-17,1.3418203493594821e-18,-0.12887286266746537,0.004448437042983237,0.002595164448057645,-0.1557220915946044,-0.001902507833405509,-0.002955954626710913,-0.1812100000931048,-0.008300983793234835,-0.003853281468309278,-0.08877725516801677,-0.008774579378109885,-0.012694137848815831,-0.1185839242057919,-0.01068140377678074,-0.019416532039903844,-0.1440507316406663,-0.017559508459421325,-0.027645416338560012,-0.16772072145137606,-0.02490772685559516,-0.030904928791282565,-0.07395366589858005,-0.017670235605762374,-0.02416840273541388,-0.09161148300122784,-0.021993571899159604,-0.0372232055454015,-0.11154446284302487,-0.03358517088465146,-0.051447462843877335,-0.12803836838182017,-0.04412335544887351,-0.057748602132104775
0.0,0.0,0.0,-0.024233223986127306,-0.003642618581961346,0.02122029898302736,-0.045484783439978346,-0.013418371085670575,0.04673515410160198,-0.06844989118556319,-0.028271276901147085,0.06982993940966882,-0.09648320290083262,-0.0400603873482417,0.0830724020083267,-0.09336979734202726,5.453735368231039e-18,0.017201166569250033,-0.11854257010032354,0.005853254550388175,0.02983302752301934,-0.136636267411853,0.011297427461792119,0.036324987266875226,-0.16384086962053201,-9.776726788970471e-05,0.04171454164454902,-0.09247210983883615,7.360973151220068e-18,1.9131769010130684e-18,-0.12980306183912121,0.00449096445054386,0.002366615977000231,-0.15691265837119167,-0.0021323159532705784,-0.003150496719580847,-0.1827137479911041,-0.009135634284473105,-0.003813158324725259,-0.08949185029369502,-0.008927607390719095,-0.012863187300510882,-0.11955314759076878,-0.010621281226019018,-0.019628429697983677,-0.14510199031609974,-0.017580042763647566,-0.0276269370316052,-0.16924931861515027,-0.025517650856713942,-0.03045226769978476,-0.07457014034069952,-0.017997519797591514,-0.024381149837744337,-0.09216993914731142,-0.022160684017381218,-0.03756545372538301,-0.11212414566864884,-0.03347276632300609,-0.052059928374967895,-0.12889838996367936,-0.04393678979476797,-0.058296884766810594
0.0,0.0,0.0,-0.025750813165785615,-0.004008149745642082,0.022344475912686377,-0.04726628366879956,-0.014378724096503018,0.04632581070015172,-0.07141056635382513,-0.030822230208725078,0.0694386248394253,-0.09844658785454984,-0.04099598724954512,0.08487202856196183,-0.09536402811903998,9.753806485627739e-18,0.017787870930038897,-0.12131333258919512,0.005097571234026432,0.030159069123569363,-0.13949482802061616,0.011317771727993338,0.03599988559058593,-0.16662627743054248,4.8585019032394296e-05,0.040294632857477926,-0.09473464239181696,1.1727945499186714e-17,-1.1387733712965532e-18,-0.1326638660690463,0.004337995454256882,0.0009316958746194159,-0.1595534674933195,-0.0017536071321145451,-0.005839437763911819,-0.1844778155690415,-0.007395675494563162,-0.006601436528279261,-0.09140841213367765,-0.008838314429690729,-0.013978592121307597,-0.1215867731291755,-0.009887617954681039,-0.021952256833108908,-0.14621435275828037,-0.015351730295206426,-0.030768293309119805,-0.17014751460632682,-0.0213435861130678,-0.03419131936740137,-0.07652483466950487,-0.017665292748384968,-0.025773892942296355,-0.09394443576648207,-0.021067243542886926,-0.04030321178570324,-0.11286350143648675,-0.029947315485672615,-0.054846796864006,-0.12840902841835594,-0.038644358474115285,-0.062275367892080054
0.0,0.0,0.0,-0.025936550970735286,-0.00416556047229737,0.023246009171738826,-0.04594959229987784,-0.013974000530630512,0.046993820529616544,-0.06875620257744487,-0.029018711451757655,0.0704136338615078,-0.0923449251993492,-0.03758077693352919,0.08623380423286324,-0.09547182763506708,-1.7096306729215543e-17,0.01880638321449664,-0.12177604042270536,0.004239566068906317,0.030774180384506772,-0.14088922525759273,0.0097321594494835,0.03694714872395017,-0.16599688635997392,-0.0025098793681712726,0.04111847840009497,-0.09528363143838141,-1.9297848549910885e-17,4.57474783937775e-19,-0.13390545773968507,0.0039040172567631325,0.0009045401608687311,-0.16020733673310902,-0.0023796597700507603,-0.006237648719395882,-0.1840136555681308,-0.00753893896369966,-0.007074401841365753,-0.09163735075637794,-0.008996958130276258,-0.014695862137719912,-0.12272551736819409,-0.010481403505065412,-0.023582798142990323,-0.1463663238132619,-0.015528601635051464,-0.031580802362822,-0.17022412451907024,-0.021704997009266085,-0.03481208310237897,-0.07675717104396398,-0.017715625229471246,-0.02718067055779046,-0.09479989969455527,-0.02044103971502272,-0.0423532523429388,-0.11255126742770898,-0.028474401882943413,-0.0566864312192196,-0.12793623347892125,-0.036475093782321874,-0.06426727178722443
0.0,0.0,0.0,-0.026324871236021723,-0.004409879688221577,0.0237587666989877,-0.04775621729395913,-0.013998979053490387,0.047829375743656255,-0.07190516500051908,-0.029133280634609782,0.07096004923995272,-0.09514085635548142,-0.03716140722544225,0.08780839509331591,-0.09797032907605291,-1.6194657734451357e-17,0.019516628960625927,-0.12456983855837826,0.004649112903746333,0.030594731458523768,-0.14311302303323592,0.010290804005480552,0.037154687051343865,-0.16854106696280072,-0.0022225103826856935,0.04153566344972134,-0.09742711160895698,-1.2066462650826717e-17,1.2817531428387808e-18,-0.13625431208870106,0.004867264076695851,0.00046987373683583046,-0.16273001305326681,-0.0019158625437041088,-0.0064504369443269234,-0.18713137227188653,-0.007822218930505796,-0.006996103363598792,-0.09361525864990276,-0.00893265951529141,-0.015418400042860986,-0.12521057433846766,-0.010586687098468968,-0.024368884279125102,-0.14942522465204452,-0.01639768382228349,-0.03137023233061867,-0.17394738507942908,-0.023007102853181385,-0.03392654630270965,-0.07825040426352847,-0.017834656633222083,-0.028235984277772287,-0.09683753269047414,-0.020565143021700334,-0.04268299844930589,-0.1149342156918376,-0.029237618096334676,-0.056362249067394225,-0.1316340657488419,-0.037782818316461325,-0.06407704697428693
0.0,0.0,0.0,-0.02679776651768308,-0.005175147040069859,0.024469109743019416,-0.048222624778317257,-0.014538351142156352,0.048421215726934384,-0.07317818938097141,-0.03017083662956033,0.07105284373321706,-0.09565549055378199,-0.03745283495025378,0.08786710707064371,-0.09909711664601188,-1.4905981787819149e-18,0.020339418149115385,-0.1263859641946128,0.004456795207024561,0.030991482813600438,-0.1453513285957399,0.009683315858091363,0.03703972940468349,-0.17048990054087776,-0.004272042803695005,0.041761959990122326,-0.09864672707141775,-5.594070022969475e-18,4.501611114555225e-19,-0.13834837448615672,0.004768753686274716,-0.0004357496395890303,-0.16462805110561823,-0.0023352490208335313,-0.007394084190149653,-0.18873728853826038,-0.008778174821573434,-0.00743185731878589,-0.09454112025233073,-0.009072529045356508,-0.016142171252629133,-0.1264289384475455,-0.010687928935483152,-0.02549447246724166,-0.15067034598862733,-0.016498248853399438,-0.03196531731781878,-0.17516119603540306,-0.02300196772602699,-0.03424812408822974,-0.07929310924267068,-0.018231644500680873,-0.028907813434305377,-0.09800484036278971,-0.019878331476155527,-0.04391105936884608,-0.1154623593141296,-0.027284943139113317,-0.057506639447875124,-0.13271426593533137,-0.03530558554162781,-0.06511502071110553
0.0,0.0,0.0,-0.026030674808459126,-0.00412215762456906,0.02388388734520301,-0.04619742065130314,-0.013135688064442187,0.04772437139753293,-0.06953537953863455,-0.027554207555885838,0.07108576749637781,-0.09124752069781507,-0.03518138799314465,0.08834086667508272,-0.09631979320196486,-2.76527490004776e-17,0.01925989795556762,-0.12293603104593527,0.004433568776729836,0.031086017747941203,-0.14188329932468155,0.009531324315880564,0.037604288070918784,-0.1660524019181955,-0.003734796364692993,0.04263879677081682,-0.09628440347866825,-1.8021531095220526e-17,-2.1424878070274422e-19,-0.13492946876195724,0.0038191821572432874,0.0012094603166118397,-0.1613240839477934,-0.0036515794493488323,-0.00560312216502834,-0.1854383135673862,-0.009792167134319204,-0.005431629819852624,-0.09268145129064893,-0.00917789802372644,-0.014920840553212364,-0.12392425935488699,-0.011328967510618496,-0.023904077261017464,-0.14792893475111563,-0.017418977671033325,-0.030472005611506058,-0.17194465925817162,-0.024443905809101243,-0.03248116751700464,-0.07790099129194375,-0.018355796933894254,-0.02749479184710112,-0.09614460690690149,-0.02072122468280386,-0.04182940363658667,-0.11334718112918456,-0.02926187733773319,-0.05536950471280227,-0.13013047983161627,-0.038020162586348605,-0.06260105701058637
0.0,0.0,0.0,-0.026917117792119097,-0.004711611369963505,0.024406588415225187,-0.04767597620572769,-0.01404100214935363,0.04854848333410435,-0.07231758979843753,-0.029514401562824696,0.07158478566309477,-0.0943410344336983,-0.0370034306345746,0.08862180263342245,-0.09830178984404285,1.4057524021959726e-17,0.020250740499411588,-0.12528740556747608,0.004672413784239826,0.031325604430570385,-0.14430329484615367,0.01007089877387505,0.03731756849715506,-0.1688454417710028,-0.003691449881597004,0.042449793707600283,-0.09789506872790676,1.5365802287953062e-17,-2.1506893157256025e-18,-0.13726740263899426,0.004256568307721839,0.00034679534869548265,-0.16364069751990343,-0.0030802915539997655,-0.006226838259581775,-0.18780256685159105,-0.009367929567957043,-0.005906094245143269,-0.09393244667127339,-0.009205302820335668,-0.015285374057798973,-0.12543386891385297,-0.011343511065602241,-0.024436050750859716,-0.1498704218140442,-0.01735645010723061,-0.030626638048424717,-0.1743416205792394,-0.02455204237339589,-0.03269636757268366,-0.07891281390801079,-0.01868223737701631,-0.027682340968993985,-0.09750294260083074,-0.02053448049327375,-0.0425791722134661,-0.11456799128095757,-0.02847557919848648,-0.055667907553852335,-0.13211914219581017,-0.0371845658704617,-0.0629145257342664
0.0,0.0,0.0,-0.026481302043474014,-0.004030081968687137,0.0240012284211666,-0.046485291281704574,-0.013147133659370935,0.048363668749318724,-0.07057164797839342,-0.028376148520160623,0.07176975004831718,-0.09233163961664512,-0.03573203145974681,0.08903728414447426,-0.09650729521078058,1.1890255912957635e-17,0.020078978814255508,-0.12331424021579607,0.0049744037825361865,0.03136737816886832,-0.14246708896043608,0.010706024522488734,0.037393468430463386,-0.16643876851176528,-0.0023899541531952236,0.04249949686755955,-0.0964588623537506,8.553578170161259e-18,8.987944461690537e-19,-0.13547293127472237,0.0038810702830126805,0.000625527270708743,-0.1613276621301764,-0.0032579927565834794,-0.005864730944899721,-0.18517713787293863,-0.008655226154778326,-0.005584728590901555,-0.09277027047137577,-0.009234429785351333,-0.01460863041536356,-0.1237241272543619,-0.01209503427082906,-0.02337758121411629,-0.14795036877876686,-0.017686180536406148,-0.029766057710099117,-0.17180317558567257,-0.024558682119690037,-0.0321995555080638,-0.07811177749056078,-0.018920671810323364,-0.02675581443246364,-0.09623165509422496,-0.021404559882506346,-0.04154621594099054,-0.11301821093643265,-0.029703675087951735,-0.054677613321880134,-0.13027113380951377,-0.0385692550917677,-0.06169151828134258
0.0,0.0,0.0,-0.026313321948430855,-0.004399916168240495,0.024488213987597988,-0.045516875946216166,-0.012848542744615832,0.048817183532075495,-0.06935602329610058,-0.028144094800439116,0.07236444348764372,-0.0903297001833054,-0.03476212390165174,0.08944720859098135,-0.09544950575610524,-1.6312980337607933e-18,0.0201811784252995,-0.12217905198956724,0.004684810969966129,0.031340135123096614,-0.1418029316759468,0.010179212493201197,0.03714147359607345,-0.1651769040908603,-0.0033352451456634367,0.04244658445187765,-0.09576658640176457,3.784093997560809e-18,-1.53581687292183e-19,-0.1345337260004298,0.0036637034863495114,0.00047672441234117985,-0.1604740242573592,-0.004257359782084618,-0.006062923524086787,-0.1842646661257395,-0.009845822141194662,-0.005496730102302217,-0.09201506546036148,-0.00940923732681867,-0.014460362050085605,-0.1231672003634345,-0.012526868705992556,-0.023212658777354067,-0.14718354072284215,-0.01823081186232332,-0.029479457241358805,-0.1714530473934704,-0.025886035165480464,-0.03185807629936612,-0.07751676290371738,-0.019376779600934767,-0.026427970435801296,-0.09567520965538588,-0.021895213449848176,-0.04148174152519054,-0.11232440580493064,-0.030174450814468342,-0.05468822136936391,-0.12973679932831284,-0.039320699049436414,-0.06167483458117724
