x0,y0,z0,x1,y1,z1,x2,y2,z2,x3,y3,z3,x4,y4,z4,x5,y5,z5,x6,y6,z6,x7,y7,z7,x8,y8,z8,x9,y9,z9,x10,y10,z10,x11,y11,z11,x12,y12,z12,x13,y13,z13,x14,y14,z14,x15,y15,z15,x16,y16,z16,x17,y17,z17,x18,y18,z18,x19,y19,z19,x20,y20,z20
0.0,0.0,0.0,-0.013544000685214996,0.026475680992007256,-0.02257619798183441,-0.021378965117037296,0.049522802233695984,-0.04430516064167023,-0.028818544698879123,0.07185613736510277,-0.06694598868489265,-0.029669704381376505,0.08790434524416924,-0.08814290910959244,-0.02133775083348155,0.025287585332989693,-0.09163246117532253,-0.031238733790814877,0.03665684536099434,-0.11685124412178993,-0.038604166358709335,0.04402164742350578,-0.1343073546886444,-0.06164816953241825,0.04929933324456215,-0.14612888917326927,-0.0200744210742414,0.0028840421000495553,-0.09287259681150317,-0.03152202349156141,0.006720848381519318,-0.129483450204134,-0.04676362872123718,0.0011546183377504349,-0.15007680654525757,-0.0617957916110754,0.00279257632791996,-0.17163892835378647,-0.027535149827599525,-0.01397334411740303,-0.08716871216893196,-0.039183756336569786,-0.018415337428450584,-0.11667494475841522,-0.05265231989324093,-0.021179957315325737,-0.13758253678679466,-0.06613591872155666,-0.02116849273443222,-0.15699056535959244,-0.032265313901007175,-0.029084064066410065,-0.07111173123121262,-0.03706039022654295,-0.03592952713370323,-0.09302700217813253,-0.04285226762294769,-0.04151127487421036,-0.11179664731025696,-0.052729407325387,-0.041982345283031464,-0.1287093423306942
0.0,0.0,0.0,-0.013321718201041222,0.025958534330129623,-0.02221275120973587,-0.02070175250992179,0.049499690532684326,-0.044435106217861176,-0.02721568988636136,0.07206132262945175,-0.06726768054068089,-0.02731807273812592,0.08812493830919266,-0.08843755722045898,-0.01997458771802485,0.025519363582134247,-0.09205057378858328,-0.030002605635672808,0.036596931517124176,-0.1169564463198185,-0.03748561814427376,0.04416942596435547,-0.13394960388541222,-0.06038312986493111,0.04988739639520645,-0.14609649404883385,-0.018509539775550365,0.00313477439340204,-0.09351779287680984,-0.02983495080843568,0.006810563616454601,-0.1298138089478016,-0.04491283744573593,0.001236002892255783,-0.15044278278946877,-0.06062912940979004,0.0029309727251529694,-0.17237044870853424,-0.025975935393944383,-0.014012688770890236,-0.08773001423105597,-0.03750648442655802,-0.01813269779086113,-0.11747093871235847,-0.050848133862018585,-0.021006297320127487,-0.13863196969032288,-0.06476062163710594,-0.020673921331763268,-0.15827102959156036,-0.030768293421715498,-0.02928784117102623,-0.07167374528944492,-0.0357591575011611,-0.035844698548316956,-0.09374711941927671,-0.04162046127021313,-0.0414314866065979,-0.11268116161227226,-0.051440438255667686,-0.04161136597394943,-0.1296587660908699
0.0,0.0,0.0,-0.013505898416042328,0.026097331196069717,-0.022315844893455505,-0.02083651442080736,0.04959527961909771,-0.04457733407616615,-0.02724494761787355,0.07219607569277287,-0.06739574670791626,-0.02755814534612,0.08806641586124897,-0.0886026881635189,-0.020203538006171584,0.02566802315413952,-0.09217333048582077,-0.03020553244277835,0.03677988983690739,-0.11723847687244415,-0.03765988629311323,0.04427178017795086,-0.13425612449645996,-0.060458237305283546,0.05000430531799793,-0.14627855271100998,-0.018715690821409225,0.0032142773270606995,-0.09369724709540606,-0.029896448366343975,0.006834492087364197,-0.13004963099956512,-0.0450263824313879,0.0013157669454813004,-0.150716133415699,-0.06063203327357769,0.0030978973954916,-0.1724139153957367,-0.02611326426267624,-0.013912765309214592,-0.08786085993051529,-0.03755346033722162,-0.018023183569312096,-0.11762580648064613,-0.05088591203093529,-0.020856909453868866,-0.13881948217749596,-0.06477818824350834,-0.02047416754066944,-0.15835899114608765,-0.030874536838382483,-0.029251066967844963,-0.07175154611468315,-0.03579630982130766,-0.03588034771382809,-0.09375413693487644,-0.04150649346411228,-0.04151301644742489,-0.11265972815454006,-0.05128440074622631,-0.04162547178566456,-0.12961991131305695
0.0,0.0,0.0,-0.013138748705387115,0.02676069363951683,-0.022964879870414734,-0.021134155802428722,0.04982350766658783,-0.044590022414922714,-0.02889841515570879,0.07246951013803482,-0.06754544749855995,-0.029919256921857595,0.08841192722320557,-0.08888645842671394,-0.021368730114772916,0.026046838611364365,-0.09194213896989822,-0.03100253315642476,0.03732418641448021,-0.1179998368024826,-0.03770849667489529,0.044989727437496185,-0.13568409532308578,-0.05998261272907257,0.04957297816872597,-0.14789464697241783,-0.02038579247891903,0.003931919694878161,-0.09306133072823286,-0.031528125051409006,0.00735982321202755,-0.1304270513355732,-0.04577878303825855,0.0021560024470090866,-0.1510653868317604,-0.05986478179693222,0.0038972385227680206,-0.1724347174167633,-0.027864027535542846,-0.013378787785768509,-0.08767842641100287,-0.03910983446985483,-0.017478004097938538,-0.11762835085391998,-0.052141064777970314,-0.02063388004899025,-0.13897092640399933,-0.06426158919930458,-0.02005181461572647,-0.157604418694973,-0.03261908097192645,-0.02894040197134018,-0.07173820771276951,-0.037793030962347984,-0.03558303043246269,-0.0935796583071351,-0.04323846474289894,-0.04163311794400215,-0.11267917975783348,-0.052281579002738,-0.041808970272541046,-0.12904398143291473
0.0,0.0,0.0,-0.01356513425707817,0.02605101279914379,-0.022639714181423187,-0.02151802508160472,0.049339646473526955,-0.04446928948163986,-0.029050721554085612,0.07172590680420399,-0.0670333094894886,-0.029936611652374268,0.08770370669662952,-0.08790722116827965,-0.021958715980872512,0.02527104876935482,-0.09181774314492941,-0.03207487519830465,0.03664258308708668,-0.11704608052968979,-0.03954369854182005,0.04394323565065861,-0.13448984920978546,-0.062395306304097176,0.04944753833115101,-0.14631066098809242,-0.02096859784796834,0.003098502289503813,-0.09314595768228173,-0.0326192881911993,0.006816733628511429,-0.12945718318223953,-0.047411415725946426,0.0013618860393762589,-0.1500687077641487,-0.06196094490587711,0.0029433146119117737,-0.17154990136623383,-0.028313092654570937,-0.0138466227799654,-0.08732846099883318,-0.04010478034615517,-0.01810075156390667,-0.11666673235595226,-0.0531790629029274,-0.02089344896376133,-0.1375260055065155,-0.06630183197557926,-0.02105128951370716,-0.15688852220773697,-0.03297724109143019,-0.02885604090988636,-0.0712447538971901,-0.03804551251232624,-0.035803673788905144,-0.09292191080749035,-0.043535104021430016,-0.04168103449046612,-0.11170751787722111,-0.0531165674328804,-0.04211055673658848,-0.128534447401762
0.0,0.0,0.0,-0.012815555557608604,0.025799494236707687,-0.022742457687854767,-0.019714992260560393,0.04906809888780117,-0.044966183602809906,-0.02599007054232061,0.07100671343505383,-0.06748733296990395,-0.025489307241514325,0.08684945665299892,-0.0880633220076561,-0.018668959848582745,0.02450636401772499,-0.09227653359994292,-0.028739346656948328,0.03562293015420437,-0.11714569851756096,-0.03662801906466484,0.0430778693407774,-0.13427798449993134,-0.05969174765050411,0.04902303032577038,-0.14610935375094414,-0.01752731017768383,0.0021202489733695984,-0.09364922158420086,-0.02923567546531558,0.0059554968029260635,-0.12975285202264786,-0.04465622641146183,0.0006414316594600677,-0.15020111575722694,-0.06033659167587757,0.002084985375404358,-0.1718115508556366,-0.025264381896704435,-0.014980163425207138,-0.08775912737473845,-0.03698383457958698,-0.01935906894505024,-0.11712098494172096,-0.05026594549417496,-0.022108912467956543,-0.13800477236509323,-0.06430164910852909,-0.02200886607170105,-0.15762661397457123,-0.030640597455203533,-0.029892640188336372,-0.07155228033661842,-0.03561529703438282,-0.03677192144095898,-0.09320413786917925,-0.041162487119436264,-0.043185072019696236,-0.11196748539805412,-0.0513638686388731,-0.04362022317945957,-0.12878969311714172
0.0,0.0,0.0,-0.013452834449708462,0.026258034631609917,-0.023364856839179993,-0.020941254682838917,0.049256881698966026,-0.04539173096418381,-0.0289390804246068,0.07088775001466274,-0.06834733486175537,-0.028881394769996405,0.08683492802083492,-0.088027223944664,-0.02189035899937153,0.025079481303691864,-0.09172779507935047,-0.03156983805820346,0.036388570442795753,-0.11744612082839012,-0.038914973847568035,0.044300349429249763,-0.13541369512677193,-0.06126873195171356,0.049672020599246025,-0.14719212800264359,-0.020998752675950527,0.0033392299665138125,-0.09334481600672007,-0.032909773755818605,0.006581165827810764,-0.12946109101176262,-0.0472512673586607,0.0015569496899843216,-0.14985119551420212,-0.06134011596441269,0.002942631021142006,-0.17174244672060013,-0.028268515365198255,-0.01373283565044403,-0.08761543547734618,-0.03992440924048424,-0.018475422635674477,-0.11697785370051861,-0.05310388095676899,-0.02150562033057213,-0.1376311108469963,-0.06580588594079018,-0.021629834547638893,-0.1566169485449791,-0.03318348340690136,-0.02914179302752018,-0.07171624153852463,-0.03847506642341614,-0.03599146194756031,-0.09335452411323786,-0.043827977031469345,-0.04242655448615551,-0.11180223152041435,-0.052947673946619034,-0.04247411526739597,-0.12857534736394882
0.0,0.0,0.0,-0.01350503321737051,0.026203438639640808,-0.023289039731025696,-0.0206924295052886,0.04928484931588173,-0.04537105932831764,-0.028752769343554974,0.0707722008228302,-0.06814256682991982,-0.028451454360038042,0.08634915947914124,-0.08782758191227913,-0.02077894425019622,0.02485257014632225,-0.09188054967671633,-0.030666755512356758,0.03608124703168869,-0.11719582974910736,-0.03803646378219128,0.0441213920712471,-0.1347995400428772,-0.06086697243154049,0.049729324877262115,-0.146858312189579,-0.019513175822794437,0.0028139897622168064,-0.09353819396346807,-0.03141233092173934,0.006053890101611614,-0.12959862127900124,-0.04622255451977253,0.0009327325969934464,-0.1499951034784317,-0.06111807934939861,0.0023641902953386307,-0.17199672758579254,-0.026813442818820477,-0.014374807476997375,-0.08799858903512359,-0.038385843858122826,-0.019288690760731697,-0.11726011708378792,-0.05176443234086037,-0.022356033325195312,-0.13784009963274002,-0.06534669734537601,-0.022207535803318024,-0.15716759115457535,-0.03182345163077116,-0.02977583184838295,-0.07196563482284546,-0.036978136748075485,-0.03680066019296646,-0.09379637893289328,-0.04255793243646622,-0.04330921918153763,-0.11236931011080742,-0.05237269774079323,-0.04334547743201256,-0.12889663875102997
0.0,0.0,0.0,-0.013638066127896309,0.02627667225897312,-0.023112699389457703,-0.020753211341798306,0.04922420531511307,-0.04545284062623978,-0.028322612401098013,0.07086507976055145,-0.06822930090129375,-0.027795884758234024,0.0867755264043808,-0.08818532899022102,-0.02100505051203072,0.024826940149068832,-0.09223991632461548,-0.031156308483332396,0.03600796312093735,-0.11744469217956066,-0.03857250139117241,0.04399632662534714,-0.1348024494946003,-0.06152074970304966,0.04951980337500572,-0.14671151340007782,-0.019871726166456938,0.0028827585047110915,-0.09371996624395251,-0.03181276796385646,0.006172226741909981,-0.12976954877376556,-0.046779220923781395,0.001128803938627243,-0.15007759258151054,-0.061841459944844246,0.0024911221116781235,-0.17189602553844452,-0.0271993197966367,-0.014447156339883804,-0.08800459001213312,-0.03881874680519104,-0.01918306201696396,-0.11735658720135689,-0.05254560708999634,-0.022205393761396408,-0.1378200501203537,-0.06606238521635532,-0.022204264998435974,-0.1568721979856491,-0.03212520619854331,-0.029852643609046936,-0.07193554751574993,-0.03745702933520079,-0.03688298538327217,-0.09367195330560207,-0.04312017001211643,-0.04336397722363472,-0.11205335333943367,-0.052815234288573265,-0.043637145310640335,-0.1285320371389389
0.0,0.0,0.0,-0.013419561088085175,0.02671172469854355,-0.023011647164821625,-0.021684591891244054,0.04956282302737236,-0.04457170516252518,-0.029818402137607336,0.0711166076362133,-0.06680677086114883,-0.030683329328894615,0.08685943856835365,-0.08788663148880005,-0.02147935493849218,0.02491111122071743,-0.09160547237843275,-0.031738157384097576,0.036369774490594864,-0.11712025105953217,-0.039314255118370056,0.04403452202677727,-0.13439589366316795,-0.06280608102679253,0.049134526401758194,-0.14587128907442093,-0.020192379131913185,0.002605791320092976,-0.09297225112095475,-0.03160774614661932,0.006180701777338982,-0.129626102745533,-0.046877019107341766,0.0009093061089515686,-0.1501522958278656,-0.061614349484443665,0.002564854919910431,-0.1711830347776413,-0.027298529166728258,-0.014507520943880081,-0.08757162047550082,-0.03884638287127018,-0.019232697784900665,-0.11680422350764275,-0.05249306373298168,-0.022188104689121246,-0.13756896555423737,-0.06605469435453415,-0.021885152906179428,-0.15670251101255417,-0.032004887238144875,-0.029770277440547943,-0.07154757529497147,-0.03692611400038004,-0.036846376955509186,-0.09300502017140388,-0.04288097657263279,-0.043038804084062576,-0.11151686497032642,-0.052922241389751434,-0.043307170271873474,-0.12805141881108284
0.0,0.0,0.0,-0.014639891684055328,0.027384597808122635,-0.023159973323345184,-0.023098646430298686,0.050055429339408875,-0.04493563622236252,-0.03318487713113427,0.07091189175844193,-0.06817146018147469,-0.03382800053805113,0.08627954125404358,-0.0894818902015686,-0.022506898501887918,0.02549070119857788,-0.09289311664178967,-0.03285621339455247,0.0370548777282238,-0.11885430663824081,-0.03896062169224024,0.044804878532886505,-0.13670896366238594,-0.06287980265915394,0.0490097850561142,-0.14783970639109612,-0.020956380292773247,0.00283107440918684,-0.09407286765053868,-0.03211710415780544,0.005164768546819687,-0.1320982426404953,-0.04784216731786728,-8.6221843957901e-05,-0.15249726921319962,-0.06281890533864498,0.0014961957931518555,-0.1731029823422432,-0.02801713882945478,-0.015493284910917282,-0.08855904173105955,-0.03936435002833605,-0.020745372399687767,-0.11852222308516502,-0.05368565022945404,-0.02424422651529312,-0.13879448175430298,-0.06619044579565525,-0.02372768335044384,-0.15723684430122375,-0.03237137384712696,-0.031065601855516434,-0.07217314466834068,-0.037475842982530594,-0.03885868191719055,-0.09319158084690571,-0.043800076469779015,-0.04549580067396164,-0.11166430078446865,-0.05362340807914734,-0.046317484229803085,-0.12791835516691208
0.0,0.0,0.0,-0.014511657878756523,0.027246929705142975,-0.02325741946697235,-0.02206696174107492,0.04976000264286995,-0.04513924568891525,-0.030213415157049894,0.07108911871910095,-0.06836639903485775,-0.02999302139505744,0.08674971759319305,-0.08996000327169895,-0.02072967146523297,0.02524901181459427,-0.09312419733032584,-0.030702429357916117,0.0369759276509285,-0.11832558549940586,-0.03734423965215683,0.044851310551166534,-0.13590404018759727,-0.061307262629270554,0.04945776239037514,-0.14680615440011024,-0.018813316710293293,0.002359616686590016,-0.09442325355485082,-0.029631104785948992,0.004776167683303356,-0.13188117370009422,-0.04616767168045044,-0.000673934817314148,-0.15240127593278885,-0.06201711669564247,0.0008922591805458069,-0.1740388721227646,-0.02598553500138223,-0.015652690082788467,-0.08875432703644037,-0.03708412405103445,-0.021547207608819008,-0.11878263764083385,-0.05131339840590954,-0.024448880925774574,-0.13912322744727135,-0.0649779662489891,-0.024566607549786568,-0.1580571085214615,-0.0306589612737298,-0.03146759420633316,-0.07239571213722229,-0.035143615677952766,-0.03940427303314209,-0.09346875455230474,-0.0411305520683527,-0.04615600407123566,-0.11212904937565327,-0.051023948937654495,-0.04705002158880234,-0.12896275520324707
0.0,0.0,0.0,-0.014968163333833218,0.026742855086922646,-0.023137636482715607,-0.022522159619256854,0.0490361750125885,-0.04459664970636368,-0.031272013671696186,0.07022527977824211,-0.0668120589107275,-0.031749035231769085,0.0863897018134594,-0.08770357631146908,-0.02282832912169397,0.02429237589240074,-0.09188516438007355,-0.03298305859789252,0.03675827756524086,-0.11635248735547066,-0.03989567141979933,0.04450860247015953,-0.1338154301047325,-0.06376403197646141,0.049452077597379684,-0.14442747831344604,-0.02086617983877659,0.001958188717253506,-0.09320685919374228,-0.03190565248951316,0.005019334144890308,-0.12991823256015778,-0.048802439123392105,-0.0007192511111497879,-0.15033573657274246,-0.06464474275708199,0.0005615521222352982,-0.1722017526626587,-0.02769971056841314,-0.015239708125591278,-0.087430230807513,-0.039142703637480736,-0.021257542073726654,-0.11671259999275208,-0.05344633385539055,-0.024383030831813812,-0.13705825060606003,-0.06759019941091537,-0.02516889199614525,-0.15645236521959305,-0.03204239718616009,-0.03062320500612259,-0.07108679413795471,-0.03652177844196558,-0.03908199816942215,-0.0917259668931365,-0.042633213102817535,-0.04615597799420357,-0.11015000566840172,-0.05276878736913204,-0.04723571985960007,-0.12672723084688187
0.0,0.0,0.0,-0.014572301879525185,0.02716544084250927,-0.02322971820831299,-0.023068477399647236,0.04916479252278805,-0.045103564858436584,-0.0327307116240263,0.0705034900456667,-0.06769291311502457,-0.03323689755052328,0.08597072400152683,-0.08973054960370064,-0.02326571336016059,0.024581732228398323,-0.0923347626812756,-0.03345112036913633,0.03649653680622578,-0.11768371984362602,-0.040215374901890755,0.04440814070403576,-0.13526323437690735,-0.06441561132669449,0.049083033576607704,-0.14609592035412788,-0.021221387200057507,0.00226341572124511,-0.09353653527796268,-0.03242920897901058,0.005230284295976162,-0.13093415275216103,-0.04867177456617355,-0.0001819562166929245,-0.15152762085199356,-0.06494294852018356,0.0014443788677453995,-0.17280268669128418,-0.027903996407985687,-0.01573011837899685,-0.08784513268619776,-0.038946266286075115,-0.021422937512397766,-0.11728110909461975,-0.053676703944802284,-0.024742191657423973,-0.13799282908439636,-0.06769773736596107,-0.024596208706498146,-0.15727173537015915,-0.03212700458243489,-0.031374258920550346,-0.07156905718147755,-0.0371175417676568,-0.0397882554680109,-0.09219623543322086,-0.04289761930704117,-0.04724850319325924,-0.11036201380193233,-0.05333542823791504,-0.04857832007110119,-0.12730347365140915
0.0,0.0,0.0,-0.01393960416316986,0.027121778577566147,-0.023309290409088135,-0.022046358324587345,0.049178434535861015,-0.045221876353025436,-0.03162562055513263,0.0706986766308546,-0.06776926480233669,-0.03149436367675662,0.08634898625314236,-0.08927819319069386,-0.02236203826032579,0.024613386020064354,-0.09194396389648318,-0.03249537851661444,0.03651922009885311,-0.11745626106858253,-0.03901449125260115,0.044800201430916786,-0.13489432632923126,-0.0635971799492836,0.04926992766559124,-0.14592090994119644,-0.020351974293589592,0.0024629849940538406,-0.09300798829644918,-0.03182391403242946,0.005594268441200256,-0.13058942928910255,-0.04782123863697052,0.00011589378118515015,-0.15113186836242676,-0.06376772373914719,0.0019151177257299423,-0.172023743391037,-0.027200928889214993,-0.015491759404540062,-0.08754856744781137,-0.03828194085508585,-0.02097431942820549,-0.11696092411875725,-0.052784791216254234,-0.02458844520151615,-0.1376277580857277,-0.06645932793617249,-0.02435184456408024,-0.15691302716732025,-0.03161252662539482,-0.03116300143301487,-0.07139623910188675,-0.03669790271669626,-0.039455143734812737,-0.09216456580907106,-0.04260353185236454,-0.04702718369662762,-0.11029398441314697,-0.05287603288888931,-0.04805765859782696,-0.12688438594341278
0.0,0.0,0.0,-0.013750329613685608,0.027286885306239128,-0.023299269378185272,-0.021560137625783682,0.04919593967497349,-0.04523929953575134,-0.03128976188600063,0.07020326890051365,-0.06727178022265434,-0.03202294558286667,0.08589708991348743,-0.08851875737309456,-0.02221235097385943,0.02448546141386032,-0.09196888189762831,-0.03243444999679923,0.03668958134949207,-0.11707171611487865,-0.038910030387341976,0.04486451856791973,-0.13431591540575027,-0.06287985481321812,0.049766821786761284,-0.1454937383532524,-0.02058768831193447,0.0025773444212973118,-0.09302087547257543,-0.03209223039448261,0.0060255564749240875,-0.13014599308371544,-0.04799618385732174,0.0007140450179576874,-0.15054680407047272,-0.0633819904178381,0.0023410096764564514,-0.17141065001487732,-0.027583278017118573,-0.015319928526878357,-0.08749806554988027,-0.038533472456038,-0.02049981988966465,-0.11646410077810287,-0.05308063328266144,-0.024196071550250053,-0.13726795464754105,-0.06625918857753277,-0.0238177627325058,-0.1562146246433258,-0.031886390410363674,-0.030390726402401924,-0.07141856476664543,-0.03706622030586004,-0.03918779082596302,-0.09156320337206125,-0.04272649064660072,-0.047086773440241814,-0.10975075513124466,-0.05256188102066517,-0.048411669209599495,-0.12624114751815796
0.0,0.0,0.0,-0.013848178088665009,0.027532044798135757,-0.023376867175102234,-0.022247776156291366,0.049330005422234535,-0.04577041044831276,-0.0316527527756989,0.07000903226435184,-0.06859973445534706,-0.03205951722338796,0.08549756743013859,-0.08967446349561214,-0.021504651755094528,0.024843929335474968,-0.09251573123037815,-0.03183239325881004,0.036464495584368706,-0.1178768090903759,-0.03838340379297733,0.04498686082661152,-0.1348537839949131,-0.06294531375169754,0.04981149174273014,-0.14585960656404495,-0.019634064752608538,0.002384535502642393,-0.09345299890264869,-0.03111676685512066,0.005249485373497009,-0.13076798990368843,-0.04733961075544357,-2.4743378162384033e-05,-0.1512327715754509,-0.06280219554901123,0.0014702212065458298,-0.17173369228839874,-0.026552941650152206,-0.01598156802356243,-0.08788062632083893,-0.03728877753019333,-0.021398192271590233,-0.11740105226635933,-0.05173373967409134,-0.02495739795267582,-0.13784289360046387,-0.06550771743059158,-0.02440830133855343,-0.15671167522668839,-0.030854809563606977,-0.03169986046850681,-0.07178124971687794,-0.03598724212497473,-0.040451882407069206,-0.092351452447474,-0.04174049571156502,-0.048138124868273735,-0.11023738607764244,-0.05214011296629906,-0.04944821260869503,-0.1263931207358837
0.0,0.0,0.0,-0.013575688004493713,0.027492819353938103,-0.02340567857027054,-0.021799354813992977,0.04942745715379715,-0.04573793709278107,-0.03093047346919775,0.07062073051929474,-0.0684417299926281,-0.03166457172483206,0.0867454931139946,-0.08988076262176037,-0.022060132585465908,0.02518518641591072,-0.09242502879351377,-0.03246719157323241,0.03747046738862991,-0.11747115664184093,-0.0389293534681201,0.04588712006807327,-0.13475029543042183,-0.06236725486814976,0.05070366710424423,-0.1457669362425804,-0.020724516361951828,0.0032613237854093313,-0.0935099832713604,-0.03214091248810291,0.0064332811161875725,-0.13058141991496086,-0.04777316190302372,0.0011778324842453003,-0.1510549560189247,-0.06277447007596493,0.0024617835879325867,-0.17182457447052002,-0.027805399615317583,-0.014715602621436119,-0.08789033675566316,-0.03834913577884436,-0.02000485360622406,-0.11733246222138405,-0.05216004140675068,-0.02373170107603073,-0.13799098879098892,-0.06552166678011417,-0.023517413064837456,-0.1565837487578392,-0.03207259252667427,-0.030275318771600723,-0.07193882763385773,-0.037033758126199245,-0.03909887745976448,-0.09239644929766655,-0.04248390905559063,-0.04668928682804108,-0.11034034565091133,-0.0520294401794672,-0.04803648591041565,-0.1265820413827896
0.0,0.0,0.0,-0.014415142126381397,0.02768760919570923,-0.023164235055446625,-0.022719643777236342,0.0496221873909235,-0.04535554721951485,-0.03286418644711375,0.07056844420731068,-0.06824144348502159,-0.032996187917888165,0.086219796910882,-0.08987016789615154,-0.02331509650684893,0.025086086243391037,-0.09239814383909106,-0.033635026309639215,0.03740056790411472,-0.11762410402297974,-0.03952914755791426,0.045735711231827736,-0.13514339923858643,-0.06345821730792522,0.05042721889913082,-0.14615007117390633,-0.02130762441083789,0.0029751985566690564,-0.09335129521787167,-0.03250307682901621,0.0054153017699718475,-0.13123656809329987,-0.047857532277703285,9.915605187416077e-05,-0.15193724632263184,-0.063281225040555,0.0015948545187711716,-0.17293652892112732,-0.028217330342158675,-0.015259431675076485,-0.08771053235977888,-0.038665187545120716,-0.020878780633211136,-0.11753593944013119,-0.053045207634568214,-0.02471318282186985,-0.13815609365701675,-0.06649819202721119,-0.024839695543050766,-0.15708418190479279,-0.032343738712370396,-0.031000232324004173,-0.07159234955906868,-0.03733017947524786,-0.03978427313268185,-0.09218598902225494,-0.04302023723721504,-0.04734746553003788,-0.11045810207724571,-0.05291404016315937,-0.0487136822193861,-0.12676707655191422
0.0,0.0,0.0,-0.014058705419301987,0.027925673872232437,-0.023226581513881683,-0.022366934223100543,0.049832986667752266,-0.04537207633256912,-0.032202405389398336,0.07091550342738628,-0.0681673064827919,-0.03303453838452697,0.086732542142272,-0.08986007981002331,-0.02315745083615184,0.025461412966251373,-0.09266977990046144,-0.03348676348105073,0.037907468155026436,-0.11761580035090446,-0.039253316819667816,0.04637583903968334,-0.13491173833608627,-0.06269892305135727,0.05098744295537472,-0.14593715220689774,-0.021471973042935133,0.0034306677989661694,-0.09343717386946082,-0.03260428877547383,0.006109318695962429,-0.13112203031778336,-0.04792040400207043,0.0007830150425434113,-0.15178751200437546,-0.06291019544005394,0.0021767225116491318,-0.1728525608778,-0.02851575380191207,-0.014634702354669571,-0.08781222952529788,-0.03874406777322292,-0.020224718376994133,-0.11766611412167549,-0.05287153832614422,-0.02417062781751156,-0.13823040574789047,-0.06594224274158478,-0.024241918697953224,-0.15684762597084045,-0.03277768846601248,-0.03041030652821064,-0.07173606008291245,-0.03765611909329891,-0.03910905309021473,-0.09239251632243395,-0.042981792241334915,-0.046602921560406685,-0.11076783947646618,-0.05250068008899689,-0.047876717522740364,-0.12695042043924332
0.0,0.0,0.0,-0.014146870002150536,0.027958491817116737,-0.023129679262638092,-0.02293831412680447,0.049720292910933495,-0.04520773887634277,-0.032925978768616915,0.07073062099516392,-0.06828053668141365,-0.03404922038316727,0.08659129031002522,-0.09002308361232281,-0.023602436995133758,0.025555426254868507,-0.09248846163973212,-0.03394564054906368,0.037957796826958656,-0.1174880601465702,-0.03965802118182182,0.04638340510427952,-0.13480178639292717,-0.0628274455666542,0.05084737576544285,-0.1459294967353344,-0.02178196795284748,0.00351633015088737,-0.09330889210104942,-0.03266253136098385,0.006079183891415596,-0.13102663680911064,-0.04776112362742424,0.0007866527885198593,-0.15183175355196,-0.06263704970479012,0.0019409190863370895,-0.17288707941770554,-0.028710477985441685,-0.014584695920348167,-0.08773997751995921,-0.038672550581395626,-0.02020185999572277,-0.11774356663227081,-0.05260203406214714,-0.024236781522631645,-0.138351708650589,-0.06556402146816254,-0.02441396936774254,-0.15683209896087646,-0.03279658406972885,-0.030521055683493614,-0.07174120098352432,-0.03759139031171799,-0.03913063742220402,-0.09238469321280718,-0.04290827177464962,-0.046719783917069435,-0.11068755574524403,-0.052361857146024704,-0.04808017425239086,-0.12678968906402588
0.0,0.0,0.0,-0.01403727475553751,0.027814364060759544,-0.02313554286956787,-0.02279808302409947,0.04946986213326454,-0.045375194400548935,-0.03267986886203289,0.07039502635598183,-0.06861410290002823,-0.033991122618317604,0.08627868071198463,-0.09044627659022808,-0.023278535809367895,0.025373976677656174,-0.09259924665093422,-0.0335532664321363,0.037816524505615234,-0.11747844330966473,-0.03914463706314564,0.04626297578215599,-0.13472484052181244,-0.06186674162745476,0.05095111206173897,-0.1456916481256485,-0.021494365762919188,0.0033014605287462473,-0.0934114451520145,-0.03242003405466676,0.005745765753090382,-0.13106781616806984,-0.04733077064156532,0.0005697961896657944,-0.15180683881044388,-0.06197319179773331,0.0016143117100000381,-0.17296908050775528,-0.028493115212768316,-0.014804625883698463,-0.08775189379230142,-0.038365090265870094,-0.020576976239681244,-0.11783915758132935,-0.05184391140937805,-0.024472609162330627,-0.13830874860286713,-0.0644102580845356,-0.02485622465610504,-0.15668784081935883,-0.03254677401855588,-0.030764266848564148,-0.07179661467671394,-0.03718144726008177,-0.039277780801057816,-0.09253650344908237,-0.042210135608911514,-0.046791091561317444,-0.1108587495982647,-0.051431866362690926,-0.048126865178346634,-0.12712837383151054
0.0,0.0,0.0,-0.014916917309165001,0.027700548991560936,-0.02289929986000061,-0.023033216129988432,0.049592023715376854,-0.04488050937652588,-0.03385633463039994,0.07046265713870525,-0.06776712834835052,-0.03468386176973581,0.08591905795037746,-0.08932565711438656,-0.02377660130150616,0.025462370365858078,-0.09223466832190752,-0.03448663651943207,0.03805733285844326,-0.11692229099571705,-0.040485067293047905,0.04650464840233326,-0.13393377140164375,-0.06444244273006916,0.051140470430254936,-0.14501096308231354,-0.02175327017903328,0.0032588118920102715,-0.09316936135292053,-0.033315957989543676,0.00590780284255743,-0.13097894191741943,-0.049089908599853516,0.00028438493609428406,-0.15139298141002655,-0.06440309248864651,0.0015745386481285095,-0.17279526591300964,-0.02867194637656212,-0.014942655339837074,-0.08775908779352903,-0.039132880978286266,-0.020781613886356354,-0.11747272685170174,-0.05378882959485054,-0.024843035265803337,-0.1380753517150879,-0.06727202795445919,-0.02514217421412468,-0.15710407495498657,-0.03288136888295412,-0.030742904171347618,-0.07166922464966774,-0.03784629050642252,-0.03934037126600742,-0.09235415607690811,-0.04343942739069462,-0.046485660597682,-0.11096977815032005,-0.05385850742459297,-0.04749809391796589,-0.1271541267633438
0.0,0.0,0.0,-0.014243241399526596,0.027289776131510735,-0.02279619127511978,-0.02206032769754529,0.04920545220375061,-0.04433797672390938,-0.031287251971662045,0.07043346390128136,-0.06610812805593014,-0.032895284704864025,0.08684534206986427,-0.08747333474457264,-0.02276064222678542,0.02582920342683792,-0.09102973714470863,-0.03281831694766879,0.03865228220820427,-0.11498410068452358,-0.038858434185385704,0.04614350572228432,-0.13230128586292267,-0.06130583956837654,0.051572103053331375,-0.14339368790388107,-0.02114984393119812,0.0038692390080541372,-0.09224652918055654,-0.0323631321080029,0.007386459968984127,-0.1287405788898468,-0.04813946597278118,0.0013340134173631668,-0.14932776987552643,-0.06248161941766739,0.0029988475143909454,-0.1713622510433197,-0.02790563157759607,-0.013363480567932129,-0.08674206398427486,-0.03858601022511721,-0.019411487504839897,-0.11577730998396873,-0.05232997424900532,-0.023228224366903305,-0.1366482749581337,-0.06496212631464005,-0.024156633764505386,-0.1563694104552269,-0.03204307518899441,-0.028924476355314255,-0.07084697484970093,-0.036500560119748116,-0.03744300454854965,-0.09137447457760572,-0.04183644615113735,-0.04393748566508293,-0.1101680863648653,-0.05170561745762825,-0.04501824453473091,-0.12653783336281776
0.0,0.0,0.0,-0.014063797891139984,0.027056124061346054,-0.022753775119781494,-0.023225296288728714,0.049291616305708885,-0.044122397899627686,-0.03263937309384346,0.07038184069097042,-0.06687349081039429,-0.03543977998197079,0.08620704524219036,-0.08863510750234127,-0.023010430159047246,0.026315990835428238,-0.09072343213483691,-0.033496111165732145,0.038984132930636406,-0.11502884887158871,-0.041155340149998665,0.046679889783263206,-0.13249392434954643,-0.06334948912262917,0.051781436428427696,-0.1439896859228611,-0.02210880583152175,0.004637533565983176,-0.0923409559763968,-0.033508142456412315,0.00888496357947588,-0.12870265915989876,-0.04911206290125847,0.00400233268737793,-0.14928294718265533,-0.06425139307975769,0.005187714472413063,-0.17129797488451004,-0.02925503975711763,-0.012174686416983604,-0.08682460337877274,-0.04054857697337866,-0.016996188089251518,-0.11612501740455627,-0.05409913882613182,-0.020381459966301918,-0.13696972280740738,-0.06820729374885559,-0.02114650048315525,-0.15633194148540497,-0.03381747147068381,-0.027652690187096596,-0.07102332822978497,-0.0389229841530323,-0.03476848639547825,-0.09181531518697739,-0.045568665489554405,-0.04064785875380039,-0.11041014268994331,-0.055883074179291725,-0.04168635420501232,-0.12647757679224014
0.0,0.0,0.0,-0.011944936588406563,0.027444079518318176,-0.02498053014278412,-0.02246590395225212,0.049960941076278687,-0.04739447683095932,-0.03186427243053913,0.0685160867869854,-0.07381746545433998,-0.03428880497813225,0.08109479770064354,-0.09744918346405029,-0.01734624244272709,0.027620883658528328,-0.09391417820006609,-0.027851606253534555,0.03830704092979431,-0.1219816505908966,-0.03513318207114935,0.04473808780312538,-0.1409257911145687,-0.058373721316456795,0.04893018305301666,-0.15250276774168015,-0.01745838997885585,0.0056343673495575786,-0.09591221390292048,-0.028510289266705513,0.009893113747239113,-0.1329137682914734,-0.04298222064971924,0.007500840350985527,-0.1553805023431778,-0.05715312995016575,0.010408928617835045,-0.17660126090049744,-0.02500690962187946,-0.011533865705132484,-0.0897734803147614,-0.03675156086683273,-0.01383325457572937,-0.12050437182188034,-0.049895115196704865,-0.014434678480029106,-0.141114242374897,-0.06319050304591656,-0.012079816311597824,-0.1600802317261696,-0.031857662834227085,-0.027034834027290344,-0.07401865534484386,-0.038170116022229195,-0.03166172280907631,-0.09630052838474512,-0.044989218935370445,-0.03509840369224548,-0.11472493410110474,-0.05416258983314037,-0.03496890887618065,-0.13053171336650848
0.0,0.0,0.0,-0.01217192504554987,0.02738928608596325,-0.024878747761249542,-0.022960117690672632,0.049949994310736656,-0.047203853726387024,-0.032658498734235764,0.06857057102024555,-0.07360821403563023,-0.03553869295865297,0.0810528565198183,-0.09688010439276695,-0.0183581062592566,0.027691146358847618,-0.09351397585123777,-0.028691170271486044,0.03830193914473057,-0.12160271778702736,-0.03584408666938543,0.04479900188744068,-0.14073241502046585,-0.058668192476034164,0.04893865995109081,-0.15223649144172668,-0.018252716399729252,0.005638474831357598,-0.09561303816735744,-0.02932746149599552,0.009913448244333267,-0.13271158188581467,-0.04366435110569,0.00764109194278717,-0.15495887398719788,-0.05748418718576431,0.010467024520039558,-0.17613545805215836,-0.025671176612377167,-0.011435069143772125,-0.08951214142143726,-0.03733218926936388,-0.013755781576037407,-0.12020380795001984,-0.050370920449495316,-0.014344118535518646,-0.14087430015206337,-0.06342238187789917,-0.012085337191820145,-0.15961403399705887,-0.032214803621172905,-0.026914050802588463,-0.0738198347389698,-0.038558646105229855,-0.03158400394022465,-0.09599863085895777,-0.04529530182480812,-0.03494592197239399,-0.11429127305746078,-0.05444011837244034,-0.03486802242696285,-0.1301053911447525
0.0,0.0,0.0,-0.010189827531576157,0.02683105133473873,-0.024325482547283173,-0.024095973931252956,0.04773050174117088,-0.04943671450018883,-0.03478127997368574,0.0619666762650013,-0.07936912029981613,-0.03991234488785267,0.07139430567622185,-0.10560970194637775,-0.016821784898638725,0.026571422815322876,-0.09565778262913227,-0.02621794445440173,0.03394974768161774,-0.12488560006022453,-0.033778419718146324,0.038688383996486664,-0.14390922710299492,-0.05739789828658104,0.041087958961725235,-0.15796929597854614,-0.016307294834405184,0.003985665505751967,-0.09654264152050018,-0.026229025330394506,0.007177421823143959,-0.13392531126737595,-0.0398100558668375,0.00465804897248745,-0.15818078815937042,-0.05572476610541344,0.008309176191687584,-0.17990083247423172,-0.024452100973576307,-0.012916378676891327,-0.09058856731280684,-0.0350557304918766,-0.013917738571763039,-0.12102241814136505,-0.048973292112350464,-0.013389933854341507,-0.1430574432015419,-0.06414560973644257,-0.009146897122263908,-0.1627110093832016,-0.03102364856749773,-0.02863214910030365,-0.07448893785476685,-0.03776640258729458,-0.031322237104177475,-0.09726482070982456,-0.04706905037164688,-0.03292914107441902,-0.11640375480055809,-0.05901946872472763,-0.0309264175593853,-0.13345565646886826
0.0,0.0,0.0,-0.01233622059226036,0.025941506028175354,-0.02715257555246353,-0.02553591225296259,0.04462388530373573,-0.05350177735090256,-0.04169226437807083,0.05308283492922783,-0.08490591682493687,-0.04888388141989708,0.058274898678064346,-0.11318419501185417,-0.015073852613568306,0.02330980822443962,-0.09934191033244133,-0.02540348144248128,0.0273556150496006,-0.12892089039087296,-0.03202692326158285,0.029417362064123154,-0.1505146324634552,-0.05508345738053322,0.02985059842467308,-0.1674758344888687,-0.014972934499382973,0.0013400871539488435,-0.09992047492414713,-0.023264526156708598,0.0022207479923963547,-0.13857684656977654,-0.03780065104365349,0.0016129780560731888,-0.16374383121728897,-0.0518721267580986,0.005372336134314537,-0.18740227818489075,-0.023266984149813652,-0.016337256878614426,-0.09298081649467349,-0.03189972136169672,-0.017156746238470078,-0.12463720701634884,-0.04265263304114342,-0.01585470326244831,-0.14698012545704842,-0.05567319318652153,-0.01111437939107418,-0.16902903467416763,-0.030282212421298027,-0.03136787936091423,-0.0758473202586174,-0.0366801954805851,-0.03325452655553818,-0.09928841982036829,-0.04543299041688442,-0.03263423219323158,-0.1215240340679884,-0.055381543934345245,-0.03204181045293808,-0.1391177661716938
0.0,0.0,0.0,-0.008866587653756142,0.026245998218655586,-0.028795599937438965,-0.023313261568546295,0.04255086928606033,-0.05623619258403778,-0.041456625796854496,0.04667013883590698,-0.09015832655131817,-0.051568939350545406,0.04707254096865654,-0.12050891295075417,-0.00808424362912774,0.022963622584939003,-0.1038597235456109,-0.016792244045063853,0.022314488887786865,-0.13405994325876236,-0.021758395712822676,0.021068716421723366,-0.1571350060403347,-0.042118814773857594,0.01780034601688385,-0.17606882750988007,-0.008599664084613323,0.00035263667814433575,-0.10335225751623511,-0.014590182079700753,0.0006299968808889389,-0.14350925385951996,-0.025931374169886112,-0.0017302315682172775,-0.1701829582452774,-0.0375830652192235,0.0022271238267421722,-0.19646215438842773,-0.018359745386987925,-0.016909707337617874,-0.09562089759856462,-0.024457665160298347,-0.017634768038988113,-0.12878359481692314,-0.03507221769541502,-0.016420239582657814,-0.15298053622245789,-0.04656720440834761,-0.011012444272637367,-0.17693685740232468,-0.026519866660237312,-0.031251002103090286,-0.07752680033445358,-0.030725318007171154,-0.03339265659451485,-0.10306610073894262,-0.03773022908717394,-0.03209187462925911,-0.12671029940247536,-0.04703969042748213,-0.030811479315161705,-0.14583028480410576
0.0,0.0,0.0,-0.008141480386257172,0.02468976564705372,-0.02938712388277054,-0.023658153600990772,0.03996247053146362,-0.05667749047279358,-0.04439619276672602,0.04195477068424225,-0.08964552637189627,-0.05640029441565275,0.04172966256737709,-0.11856468394398689,-0.006859795656055212,0.01967918686568737,-0.10436098044738173,-0.015701564610935748,0.019103283062577248,-0.13482826203107834,-0.01999961817637086,0.017637023702263832,-0.15764309093356133,-0.04000540729612112,0.014915991574525833,-0.17780066281557083,-0.008192515932023525,-0.0024719996144995093,-0.10311997728422284,-0.013724813237786293,-0.001951858401298523,-0.14393096044659615,-0.022480137646198273,-0.004455721005797386,-0.17128533124923706,-0.03423545975238085,-0.0008819065988063812,-0.19859112799167633,-0.019525654148310423,-0.018903471529483795,-0.09490751894190907,-0.024191169068217278,-0.019660886377096176,-0.12856682762503624,-0.03417169023305178,-0.018877437338232994,-0.1536388285458088,-0.04477709624916315,-0.013747220858931541,-0.17823884636163712,-0.027988429181277752,-0.03259764984250069,-0.0759001076221466,-0.03213306609541178,-0.03475744277238846,-0.10275304736569524,-0.03894123341888189,-0.0334211140871048,-0.12666442804038525,-0.04697158467024565,-0.031549615785479546,-0.14609667658805847
0.0,0.0,0.0,-0.007761008571833372,0.024745764210820198,-0.02951514720916748,-0.02392476424574852,0.03972864896059036,-0.05644599720835686,-0.04553928039968014,0.041786059737205505,-0.08944370876997709,-0.05832536332309246,0.04144031181931496,-0.11824042350053787,-0.006234911270439625,0.019414596259593964,-0.10527042299509048,-0.015413431217893958,0.018650643527507782,-0.1357155740261078,-0.019673498813062906,0.017536230385303497,-0.1587211862206459,-0.03993755206465721,0.014486560598015785,-0.17906776070594788,-0.007718175183981657,-0.0026216781698167324,-0.10401354916393757,-0.01325202320003882,-0.0021815113723278046,-0.14565612748265266,-0.021506125573068857,-0.004926919937133789,-0.17267606407403946,-0.033722251653671265,-0.0013759583234786987,-0.2002151608467102,-0.019502870738506317,-0.01876872032880783,-0.09607245214283466,-0.02427230216562748,-0.019568154588341713,-0.12963372096419334,-0.033982543274760246,-0.018689144402742386,-0.15525470674037933,-0.04464850202202797,-0.01338307373225689,-0.1800435408949852,-0.028372444212436676,-0.03222605958580971,-0.07654112949967384,-0.03256523609161377,-0.03404924273490906,-0.1038380297832191,-0.03913220576941967,-0.03252169489860535,-0.12788536213338375,-0.04713806323707104,-0.030878612771630287,-0.14781416207551956
0.0,0.0,0.0,-0.007601577322930098,0.025223538279533386,-0.0299714133143425,-0.023264511488378048,0.040245383977890015,-0.0569484606385231,-0.0442253528162837,0.0420256145298481,-0.0905199907720089,-0.056417678482830524,0.04190707951784134,-0.1196313425898552,-0.0051275864243507385,0.019917089492082596,-0.10559038259088993,-0.01438156922813505,0.018927332013845444,-0.13610344752669334,-0.01830225344747305,0.01764952391386032,-0.1593855768442154,-0.037857660092413425,0.014554869383573532,-0.1797838658094406,-0.0068516903556883335,-0.0022125476971268654,-0.1042926637455821,-0.012350011966191232,-0.0019326824694871902,-0.1456560157239437,-0.020716801751405,-0.0049195121973752975,-0.1729106903076172,-0.031970336101949215,-0.0013321898877620697,-0.20052100718021393,-0.01868974044919014,-0.018381182104349136,-0.09629490226507187,-0.023316252045333385,-0.0193143580108881,-0.13012685626745224,-0.03276548441499472,-0.01859593577682972,-0.1557026393711567,-0.04298460017889738,-0.013010459020733833,-0.18066013604402542,-0.02796967141330242,-0.03185950219631195,-0.07686249539256096,-0.03163172397762537,-0.03381806239485741,-0.10437767347320914,-0.03774430509656668,-0.03238418512046337,-0.12839385494589806,-0.045461137779057026,-0.030639773234725,-0.14855961501598358
0.0,0.0,0.0,-0.008029649499803782,0.025148268789052963,-0.029825538396835327,-0.024053885601460934,0.039873529225587845,-0.056861814111471176,-0.04544325266033411,0.04180527105927467,-0.09036308620125055,-0.05742223281413317,0.04177531972527504,-0.11926952004432678,-0.005147308111190796,0.01969851180911064,-0.10535976756364107,-0.014185367967002094,0.019048022106289864,-0.1361013576388359,-0.017865184228867292,0.018325161188840866,-0.15946585685014725,-0.03756266552954912,0.015065111219882965,-0.1804610714316368,-0.006404284853488207,-0.0023961972910910845,-0.10418896656483412,-0.011144400690682232,-0.0018473751842975616,-0.14629989862442017,-0.01901990082114935,-0.0045964065939188,-0.17376914620399475,-0.03061214741319418,-0.0009847618639469147,-0.20180963724851608,-0.018236740957945585,-0.018524298444390297,-0.09649537457153201,-0.02220720425248146,-0.01931183412671089,-0.13052162900567055,-0.03144137840718031,-0.018409905955195427,-0.15627234801650047,-0.04163025785237551,-0.012946560978889465,-0.1814834624528885,-0.027318084612488747,-0.03223308175802231,-0.0772134568542242,-0.030911746434867382,-0.034145765006542206,-0.10481948079541326,-0.03662684466689825,-0.03271512687206268,-0.12910162843763828,-0.04406201932579279,-0.030971068888902664,-0.14918602630496025
0.0,0.0,0.0,-0.007740302011370659,0.025663839653134346,-0.029905639588832855,-0.023490711115300655,0.040061723440885544,-0.05708468705415726,-0.04455213341861963,0.04232132062315941,-0.09083048067986965,-0.05592415574938059,0.042545486241579056,-0.12002654373645782,-0.004727139603346586,0.020306836813688278,-0.10570780746638775,-0.013756832689978182,0.0195271298289299,-0.13657626882195473,-0.017549461219459772,0.018466226756572723,-0.15966327115893364,-0.03724071476608515,0.015049640089273453,-0.18058696389198303,-0.005869455635547638,-0.0019858182640746236,-0.10459071397781372,-0.010813534259796143,-0.0015689227730035782,-0.1465073749423027,-0.019095804542303085,-0.00466499850153923,-0.17397820204496384,-0.030429123900830746,-0.0010079257190227509,-0.20185405761003494,-0.017591906245797873,-0.01825989969074726,-0.09679515985772014,-0.021746370941400528,-0.019344553351402283,-0.13099602237343788,-0.031124520115554333,-0.018576880916953087,-0.15640126168727875,-0.0415284214541316,-0.01302575133740902,-0.18160705268383026,-0.026777475140988827,-0.032383788377046585,-0.07763291150331497,-0.030489672906696796,-0.034187428653240204,-0.10518402000889182,-0.036256843246519566,-0.032722167670726776,-0.12937775626778603,-0.04388818982988596,-0.031073886901140213,-0.14948559552431107
0.0,0.0,0.0,-0.007407051511108875,0.025587914511561394,-0.029805220663547516,-0.023213963024318218,0.03994769603013992,-0.057230301201343536,-0.0434969263151288,0.04213853180408478,-0.09089626558125019,-0.05483053345233202,0.042569175362586975,-0.1202598288655281,-0.004093053750693798,0.01999611407518387,-0.10558442445471883,-0.013145703123882413,0.019075769931077957,-0.13646190613508224,-0.017095132265239954,0.018039314076304436,-0.1594412587583065,-0.03696281183511019,0.014594005420804024,-0.1801159381866455,-0.005140814930200577,-0.0024320502998307347,-0.1044524977914989,-0.010065000504255295,-0.0020423084497451782,-0.14635039865970612,-0.018569644074887037,-0.005108024924993515,-0.17371747642755508,-0.030234665609896183,-0.001215234398841858,-0.20126979053020477,-0.01678251288831234,-0.018866848200559616,-0.0966224200092256,-0.021087163127958775,-0.019907448440790176,-0.13085782155394554,-0.030852016992866993,-0.01907571777701378,-0.15615730732679367,-0.041451058350503445,-0.013417551293969154,-0.18103862553834915,-0.025963876396417618,-0.03293530270457268,-0.0776273775845766,-0.029753110371530056,-0.03473469614982605,-0.10492517286911607,-0.03562003280967474,-0.0332036130130291,-0.12899825349450111,-0.04328239057213068,-0.031557898968458176,-0.1490468792617321
0.0,0.0,0.0,-0.00801523495465517,0.02618275210261345,-0.030428871512413025,-0.02348190452903509,0.04050413519144058,-0.057779937982559204,-0.044370352290570736,0.04258162900805473,-0.09183132648468018,-0.05559660028666258,0.04278042912483215,-0.12126357108354568,-0.004542449489235878,0.020952008664608,-0.10685702133923769,-0.013593157171271741,0.02002420462667942,-0.13750305771827698,-0.01755676558241248,0.018733056262135506,-0.16086366772651672,-0.036480401642620564,0.01567975990474224,-0.18164148181676865,-0.006046447902917862,-0.0015122367767617106,-0.10583535302430391,-0.010963802924379706,-0.0012767985463142395,-0.14745928719639778,-0.019374141469597816,-0.004427611827850342,-0.17498550564050674,-0.02990876417607069,-0.00043242424726486206,-0.20256159454584122,-0.017773933243006468,-0.017707526683807373,-0.09775904379785061,-0.022241669707000256,-0.019025254994630814,-0.1324710138142109,-0.03146080765873194,-0.01795373298227787,-0.15712545812129974,-0.041856699623167515,-0.012315236032009125,-0.18223731964826584,-0.027343031018972397,-0.03173572197556496,-0.07845708541572094,-0.03087093960493803,-0.03377509489655495,-0.10620924038812518,-0.036611792631447315,-0.03211922384798527,-0.13036051392555237,-0.04405492823570967,-0.030756093561649323,-0.1505364179611206
0.0,0.0,0.0,-0.008363219210878015,0.025954389944672585,-0.030785612761974335,-0.02331020776182413,0.04176970571279526,-0.058005329221487045,-0.043320213444530964,0.04399414360523224,-0.09299006219953299,-0.05319178942590952,0.044034216552972794,-0.12220750749111176,-0.003467127215117216,0.022248709574341774,-0.1073381039313972,-0.012982164975255728,0.021515415981411934,-0.13888747990131378,-0.01732044853270054,0.020390445366501808,-0.16190582886338234,-0.03757938649505377,0.01711481437087059,-0.18234833329916,-0.004764448385685682,-0.0003347394522279501,-0.10683284979313612,-0.010000659036450088,-0.00011103227734565735,-0.1487230621278286,-0.019552508369088173,-0.002848643809556961,-0.17606882005929947,-0.030663524754345417,0.0009637139737606049,-0.20354150980710983,-0.015933182556182146,-0.017329463735222816,-0.09895015740767121,-0.020793918520212173,-0.018145907670259476,-0.13392768055200577,-0.030402452684938908,-0.017281075939536095,-0.15845276042819023,-0.04055312555283308,-0.011394651606678963,-0.1832190454006195,-0.02546509262174368,-0.031688207760453224,-0.08001287281513214,-0.02932975348085165,-0.03311639651656151,-0.10768220201134682,-0.03569329064339399,-0.03117799386382103,-0.1316663958132267,-0.04393331054598093,-0.02963436394929886,-0.15213633328676224
0.0,0.0,0.0,-0.008620204171165824,0.026101626455783844,-0.030798040330410004,-0.023687594570219517,0.041844483464956284,-0.057862769812345505,-0.043775285594165325,0.04411494731903076,-0.09274065867066383,-0.05375869479030371,0.044281911104917526,-0.12202748842537403,-0.003963450435549021,0.022493718191981316,-0.1072964807972312,-0.013431728235445917,0.0216948464512825,-0.13888614997267723,-0.017783932387828827,0.020659567788243294,-0.16162040829658508,-0.038190542720258236,0.017351116985082626,-0.18228184431791306,-0.005117249209433794,-0.00015351665206253529,-0.10659389290958643,-0.01035451958887279,0.0002867653965950012,-0.14850926399230957,-0.02013931144028902,-0.0024555958807468414,-0.17581157386302948,-0.03158485796302557,0.0014210790395736694,-0.20337209105491638,-0.016301828436553478,-0.017063213512301445,-0.09891755785793066,-0.02093241550028324,-0.017849482595920563,-0.13368387520313263,-0.030936618335545063,-0.01685909926891327,-0.1584153100848198,-0.04135842155665159,-0.010727159678936005,-0.1830500364303589,-0.02578974887728691,-0.03143944963812828,-0.07996801286935806,-0.029487677849829197,-0.03278632462024689,-0.10746140079572797,-0.03585884626954794,-0.030969936400651932,-0.1316526848822832,-0.04439112823456526,-0.029253369197249413,-0.15202664583921432
0.0,0.0,0.0,-0.009912843350321054,0.025601331144571304,-0.02958609163761139,-0.02483128197491169,0.04107213392853737,-0.057170744985342026,-0.045808528549969196,0.04380647838115692,-0.09166758973151445,-0.055219062604010105,0.04492571949958801,-0.12063246592879295,-0.007860450074076653,0.02249886840581894,-0.1054797456599772,-0.017325691878795624,0.022645046934485435,-0.1366688348352909,-0.022043724544346333,0.02273373119533062,-0.15910953283309937,-0.04303197842091322,0.019900407642126083,-0.17855296283960342,-0.008212887682020664,0.0006464893231168389,-0.10521139530465007,-0.013629057037178427,0.0008168518543243408,-0.1465151645243168,-0.024235558696091175,-0.0010003969073295593,-0.1733553260564804,-0.035948543809354305,0.0035164691507816315,-0.19982143491506577,-0.017782864160835743,-0.016433479264378548,-0.0973941283300519,-0.023105232045054436,-0.0172579362988472,-0.13187021389603615,-0.03259182069450617,-0.016048012301325798,-0.15572768449783325,-0.04302759747952223,-0.010439770296216011,-0.18052493780851364,-0.02612121682614088,-0.030792873352766037,-0.07881629094481468,-0.030800889246165752,-0.032266099005937576,-0.10543097509071231,-0.03765681851655245,-0.03064967319369316,-0.1286341119557619,-0.04707283619791269,-0.028814855962991714,-0.1486542597413063
0.0,0.0,0.0,-0.012254235334694386,0.027444079518318176,-0.026508338749408722,-0.029590992722660303,0.04293817654252052,-0.052433669567108154,-0.05004708282649517,0.049015339463949203,-0.08358895126730204,-0.06137155555188656,0.051398735493421555,-0.11376666463911533,-0.017873821314424276,0.02602880448102951,-0.09922437323257327,-0.02952767163515091,0.031233184039592743,-0.12771513313055038,-0.03702931012958288,0.035368528217077255,-0.14755812659859657,-0.06076670624315739,0.036179687827825546,-0.16475018858909607,-0.017974577378481627,0.004327781731262803,-0.09948306158185005,-0.025399261619895697,0.004928532987833023,-0.13882438465952873,-0.04111684858798981,0.0026465915143489838,-0.16445054858922958,-0.05704477243125439,0.0063172597438097,-0.1871005818247795,-0.025670936796814203,-0.013522619381546974,-0.09339252021163702,-0.03444430325180292,-0.014217764139175415,-0.12488501891493797,-0.048025744035840034,-0.013127164915204048,-0.1466512493789196,-0.0632075872272253,-0.007838409394025803,-0.1687818020582199,-0.03145580179989338,-0.02914813533425331,-0.07622546330094337,-0.03871772810816765,-0.028900396078824997,-0.0998896649107337,-0.04841072857379913,-0.027816765010356903,-0.12086153402924538,-0.05917210690677166,-0.027696605771780014,-0.1385435238480568
0.0,0.0,0.0,-0.014678861945867538,0.027601752430200577,-0.02519230544567108,-0.031574975000694394,0.046093881130218506,-0.05095317214727402,-0.04944182001054287,0.05793815106153488,-0.08196509163826704,-0.056873613968491554,0.06352695822715759,-0.11059191264212132,-0.025183135643601418,0.027780238538980484,-0.09588798228651285,-0.03615955915302038,0.03680280223488808,-0.12368583679199219,-0.044186970219016075,0.04292295128107071,-0.1424553319811821,-0.06889985874295235,0.04636065289378166,-0.1563112437725067,-0.02347596874460578,0.005259195459075272,-0.09676879178732634,-0.033267511054873466,0.006376667879521847,-0.13458102568984032,-0.04876805655658245,0.00460430420935154,-0.15851325541734695,-0.06579796597361565,0.006915271282196045,-0.17843790352344513,-0.029213168774731457,-0.013110114261507988,-0.09043102897703648,-0.04021919425576925,-0.015448998659849167,-0.12186003848910332,-0.05452318489551544,-0.015329645946621895,-0.14196451008319855,-0.07099686190485954,-0.01231149397790432,-0.16147252172231674,-0.03343238029628992,-0.02985581010580063,-0.07427864894270897,-0.04088972322642803,-0.03343247249722481,-0.09661647956818342,-0.049530740827322006,-0.03603309020400047,-0.11550034210085869,-0.06032063066959381,-0.03637828677892685,-0.13168710470199585
0.0,0.0,0.0,-0.01044456660747528,0.025857867673039436,-0.022528186440467834,-0.023446657753083855,0.04844822734594345,-0.0455903485417366,-0.03315695933997631,0.06482763588428497,-0.07189856842160225,-0.03899241425096989,0.07675167173147202,-0.09762145206332207,-0.01790061267092824,0.024656247347593307,-0.09076279774308205,-0.029154479037970304,0.03856070712208748,-0.11398767866194248,-0.03738241735845804,0.04763758182525635,-0.1321812942624092,-0.06182338111102581,0.051573246717453,-0.1447087824344635,-0.017744576558470726,0.004289095755666494,-0.0923282178118825,-0.029732416849583387,0.008589629083871841,-0.12745003402233124,-0.04560965299606323,0.005721820518374443,-0.14919457584619522,-0.06341900862753391,0.006878474727272987,-0.17030712217092514,-0.026483330642804503,-0.013168597593903542,-0.08640979835763574,-0.03833352122455835,-0.016177069395780563,-0.11470866575837135,-0.051556022837758064,-0.019314870238304138,-0.13471488654613495,-0.06858563609421253,-0.02052164450287819,-0.15273292362689972,-0.03138265945017338,-0.02950519323348999,-0.06935864500701427,-0.03912741877138615,-0.036602988839149475,-0.08768617361783981,-0.048552943393588066,-0.046349748969078064,-0.10577386990189552,-0.05619609169661999,-0.04981027916073799,-0.11991811543703079
0.0,0.0,0.0,-0.013303018175065517,0.025940604507923126,-0.021178431808948517,-0.025836348882876337,0.04813237302005291,-0.04411991685628891,-0.03786190692335367,0.06661542318761349,-0.0686788484454155,-0.042805264703929424,0.08343302272260189,-0.09110732190310955,-0.024762923130765557,0.0241608414798975,-0.09118949994444847,-0.03586185164749622,0.038213180378079414,-0.1131199523806572,-0.04292152635753155,0.04708225838840008,-0.13083244487643242,-0.06771402433514595,0.05143867991864681,-0.14217988774180412,-0.022592221852391958,0.0030141451861709356,-0.09252875670790672,-0.035177369602024555,0.005819196812808514,-0.1287580356001854,-0.05137109197676182,0.0014323722571134567,-0.14947804808616638,-0.07034983113408089,0.0022957511246204376,-0.16999969631433487,-0.030244622845202684,-0.015258537605404854,-0.08603143878281116,-0.04195294342935085,-0.021497197449207306,-0.11571874096989632,-0.05596654862165451,-0.025458721444010735,-0.1348997950553894,-0.07286000996828079,-0.027992259711027145,-0.15188568830490112,-0.033687567338347435,-0.0313712190836668,-0.06933397427201271,-0.03991750441491604,-0.041960688307881355,-0.08715653233230114,-0.04927915148437023,-0.05388990230858326,-0.10385164618492126,-0.05954630300402641,-0.059288693591952324,-0.11832590401172638
0.0,0.0,0.0,-0.012970388866961002,0.02588164433836937,-0.021343551576137543,-0.02536502480506897,0.048114459961652756,-0.044337984174489975,-0.03712074272334576,0.06669293716549873,-0.0685914009809494,-0.0421244977042079,0.08333160355687141,-0.09085282683372498,-0.023923781467601657,0.023725559934973717,-0.09119297657161951,-0.034958227537572384,0.03782620653510094,-0.11307630687952042,-0.04196015279740095,0.046789418905973434,-0.1307131052017212,-0.06672264635562897,0.051087792962789536,-0.14210017025470734,-0.021827914752066135,0.002661780803464353,-0.09241100214421749,-0.034380610566586256,0.00565699115395546,-0.12858885899186134,-0.05062849447131157,0.0011709518730640411,-0.14926309883594513,-0.06940357759594917,0.002119164913892746,-0.16977814584970474,-0.02954054158180952,-0.015461016446352005,-0.08593099471181631,-0.04111388884484768,-0.02168850041925907,-0.11547242291271687,-0.05527510866522789,-0.025726303458213806,-0.13465290516614914,-0.0719812661409378,-0.028015950694680214,-0.15172286331653595,-0.03318729856982827,-0.03137180954217911,-0.06932181492447853,-0.03930279798805714,-0.041980043053627014,-0.08714106399565935,-0.04849523305892944,-0.05383650213479996,-0.10365874320268631,-0.058924149721860886,-0.05924287065863609,-0.11811653524637222
0.0,0.0,0.0,-0.013509554788470268,0.0254069697111845,-0.02107604593038559,-0.0274190625641495,0.047798365354537964,-0.04349155351519585,-0.03922633081674576,0.06778222322463989,-0.06564562395215034,-0.04560015071183443,0.0861501395702362,-0.0864599384367466,-0.028637462994083762,0.022277958691120148,-0.09061297448351979,-0.04002838395535946,0.03648722544312477,-0.11163567565381527,-0.04786183685064316,0.0460495725274086,-0.12883619964122772,-0.07361310161650181,0.051356010138988495,-0.13941685482859612,-0.02625465067103505,0.0017538288375362754,-0.09166132984682918,-0.04033562820404768,0.005020982585847378,-0.12643536552786827,-0.05710839666426182,-3.4552067518234253e-06,-0.1466442085802555,-0.07717727310955524,-0.0002911854535341263,-0.167108416557312,-0.03367202891968191,-0.015101786702871323,-0.08458931976929307,-0.04671149514615536,-0.022952284663915634,-0.11341745778918266,-0.06122271902859211,-0.02775806002318859,-0.13186992704868317,-0.07948498241603374,-0.031007841229438782,-0.14887458831071854,-0.036429664585739374,-0.031250741332769394,-0.06807612627744675,-0.0430779904127121,-0.042773205786943436,-0.0854649655520916,-0.05356129631400108,-0.05551515147089958,-0.1004779115319252,-0.065018305554986,-0.06102404743432999,-0.11479163356125355
0.0,0.0,0.0,-0.013473384082317352,0.02595611661672592,-0.021693669259548187,-0.02728815609589219,0.04805357940495014,-0.04403086006641388,-0.039756699465215206,0.067979970946908,-0.06521021761000156,-0.04483167640864849,0.08601142652332783,-0.08460725657641888,-0.029169983230531216,0.021835269406437874,-0.09101481549441814,-0.04042804520577192,0.03630547411739826,-0.11201286129653454,-0.048290152102708817,0.045911287888884544,-0.12882554903626442,-0.07526227831840515,0.05207310803234577,-0.13906628638505936,-0.02652874682098627,0.0013111127773299813,-0.09183952817693353,-0.04086357727646828,0.0044663529843091965,-0.12594125419855118,-0.057578425854444504,-0.0007449612021446228,-0.1463409811258316,-0.07766062766313553,-0.0013042949140071869,-0.16590826958417892,-0.0336358577478677,-0.014795382507145405,-0.08448192710056901,-0.047005852684378624,-0.02370300516486168,-0.11350268498063087,-0.06228175200521946,-0.028282472863793373,-0.1311555691063404,-0.0812196284532547,-0.03190588019788265,-0.14851892739534378,-0.03652279591187835,-0.03143909014761448,-0.06825639121234417,-0.04327006638050079,-0.04341931827366352,-0.08519016206264496,-0.05391486547887325,-0.05612867511808872,-0.0999232567846775,-0.06593882665038109,-0.061501966789364815,-0.11463119834661484
0.0,0.0,0.0,-0.014870112761855125,0.025580022484064102,-0.02077864110469818,-0.028602205216884613,0.04820342920720577,-0.04330921173095703,-0.040781873278319836,0.06771702505648136,-0.06516163796186447,-0.04579314310103655,0.08579942025244236,-0.08511505834758282,-0.029922336689196527,0.02198515273630619,-0.09159879013895988,-0.04161173291504383,0.0352518018335104,-0.11227504722774029,-0.049538763239979744,0.04507174529135227,-0.12859730049967766,-0.07657130062580109,0.05065282620489597,-0.1389058455824852,-0.02681362396106124,0.0007014491129666567,-0.09189379122108221,-0.041033634915947914,0.0034714043140411377,-0.1272401511669159,-0.05852878466248512,-0.001942519098520279,-0.14690539985895157,-0.07890747487545013,-0.00210588239133358,-0.1668069213628769,-0.03385662264190614,-0.016705982387065887,-0.08449967810884118,-0.04744397010654211,-0.025554127991199493,-0.11348282359540462,-0.06326071918010712,-0.0301759485155344,-0.13130660355091095,-0.08231313154101372,-0.03339195065200329,-0.1482585072517395,-0.036252438090741634,-0.032975656911730766,-0.06753376871347427,-0.04307044856250286,-0.044962359592318535,-0.08511527348309755,-0.053532375022768974,-0.05751361511647701,-0.0999528206884861,-0.06608741357922554,-0.06337697617709637,-0.11407784186303616
0.0,0.0,0.0,-0.015065653249621391,0.025621643289923668,-0.02128789573907852,-0.027893214486539364,0.048346539959311485,-0.042663540691137314,-0.040684761479496956,0.06832393072545528,-0.06466472148895264,-0.04621561709791422,0.08635551296174526,-0.08429663255810738,-0.02993483725003898,0.02315807156264782,-0.09138495521619916,-0.041422728449106216,0.036617206409573555,-0.11233655363321304,-0.04857473447918892,0.04599579982459545,-0.12908978760242462,-0.07519277930259705,0.05014774762094021,-0.13972079753875732,-0.02746665943413973,0.002125654136762023,-0.09186515817418694,-0.04099938366562128,0.004086175933480263,-0.12769856676459312,-0.05833743140101433,-0.0013640709221363068,-0.14785057306289673,-0.07770548388361931,-0.0011342503130435944,-0.16809414327144623,-0.03491424489766359,-0.016043048352003098,-0.084341024979949,-0.04792535677552223,-0.024786120280623436,-0.11351580545306206,-0.06355185620486736,-0.030000770464539528,-0.13179805502295494,-0.08125168085098267,-0.0333999078720808,-0.14856281131505966,-0.03722294373437762,-0.03234897740185261,-0.0671623982489109,-0.04427003301680088,-0.0444843377918005,-0.08452463243156672,-0.0544369425624609,-0.0575235839933157,-0.09982717968523502,-0.06596764922142029,-0.06356802769005299,-0.11394219100475311
0.0,0.0,0.0,-0.016142331063747406,0.02599371410906315,-0.021319381892681122,-0.027708899695426226,0.0489513985812664,-0.04250739514827728,-0.040728116407990456,0.06852168962359428,-0.06526794284582138,-0.045526147820055485,0.08545423671603203,-0.0839219968765974,-0.02974169352091849,0.022885050624608994,-0.09153244877234101,-0.041084508411586285,0.03603349253535271,-0.11302940174937248,-0.04829864762723446,0.04562612995505333,-0.1294281855225563,-0.07414751499891281,0.04990123584866524,-0.14031461626291275,-0.027336832601577044,0.0018125474452972412,-0.09220324922353029,-0.04072669334709644,0.0032073678448796272,-0.12865464016795158,-0.057728828862309456,-0.002453496679663658,-0.1483190581202507,-0.07673778384923935,-0.002788947895169258,-0.16826674342155457,-0.03458574879914522,-0.017435092478990555,-0.08474115841090679,-0.04707296285778284,-0.026264457032084465,-0.11372581869363785,-0.06294131278991699,-0.03132501244544983,-0.13256674632430077,-0.08039605990052223,-0.03429528698325157,-0.14929518103599548,-0.03717018337920308,-0.03327605128288269,-0.06735757365822792,-0.04441417194902897,-0.04480917006731033,-0.0848663067445159,-0.05376789905130863,-0.0580352358520031,-0.10030312091112137,-0.06566666066646576,-0.06383419409394264,-0.1149684228003025
0.0,0.0,0.0,-0.016034642234444618,0.02592318132519722,-0.021036416292190552,-0.027654245030134916,0.04884587414562702,-0.04241354763507843,-0.04064144194126129,0.06837171874940395,-0.06516783684492111,-0.04551319405436516,0.08535306714475155,-0.08383992314338684,-0.02967324573546648,0.02286737971007824,-0.09128348948433995,-0.04087928496301174,0.03612184710800648,-0.11282988265156746,-0.0479161087423563,0.04577205143868923,-0.12942350283265114,-0.07367757335305214,0.04998883791267872,-0.14047277346253395,-0.027256983797997236,0.0018980441382154822,-0.09210174856707454,-0.04055030830204487,0.003242109902203083,-0.12859591841697693,-0.05736074224114418,-0.0022853221744298935,-0.14832837879657745,-0.07623759657144547,-0.0026133377104997635,-0.1683656945824623,-0.034490898018702865,-0.017346516251564026,-0.08465516287833452,-0.04710622504353523,-0.025957448408007622,-0.11362974345684052,-0.0629671961069107,-0.031065503135323524,-0.13231047242879868,-0.08029231429100037,-0.034019747748970985,-0.14889627695083618,-0.03696745913475752,-0.033134667202830315,-0.06728408113121986,-0.04437343869358301,-0.044510917738080025,-0.08489974867552519,-0.053902145475149155,-0.0576361957937479,-0.10025496128946543,-0.065620556473732,-0.0632623303681612,-0.11492574773728848
0.0,0.0,0.0,-0.016099276021122932,0.025871815159916878,-0.020910829305648804,-0.02949829353019595,0.04830321483314037,-0.04226987808942795,-0.042583673261106014,0.06781279481947422,-0.06402296386659145,-0.048025612719357014,0.08618220873177052,-0.08381369709968567,-0.03149308357387781,0.022565286606550217,-0.09081835485994816,-0.0428816108033061,0.03598061762750149,-0.11209272406995296,-0.05012963525950909,0.04551532305777073,-0.12887056916952133,-0.07654868066310883,0.05016983486711979,-0.13959825411438942,-0.028665502090007067,0.001402379828505218,-0.09125494211912155,-0.04228824656456709,0.003236064687371254,-0.12720643356442451,-0.059768589213490486,-0.002239145338535309,-0.14700081199407578,-0.0790792889893055,-0.0021338649094104767,-0.1671452671289444,-0.035711933625862,-0.01674388162791729,-0.0839687087573111,-0.04875152837485075,-0.025759940966963768,-0.11280831694602966,-0.06476224027574062,-0.03122848831117153,-0.13071926683187485,-0.08239779621362686,-0.034584177657961845,-0.14745216071605682,-0.03758244402706623,-0.032951148226857185,-0.06663520634174347,-0.044789123348891735,-0.04473958723247051,-0.08388295210897923,-0.05510726384818554,-0.05738776735961437,-0.09942525066435337,-0.0670323371887207,-0.06299751810729504,-0.11349603906273842
0.0,0.0,0.0,-0.016033409163355827,0.026127589866518974,-0.021612897515296936,-0.029157274402678013,0.04858052730560303,-0.042706482112407684,-0.042323529720306396,0.06817397847771645,-0.06527579575777054,-0.04736705869436264,0.08580810204148293,-0.08504104986786842,-0.03120608883909881,0.022811364382505417,-0.09121729852631688,-0.04245446436107159,0.035955365747213364,-0.11282971687614918,-0.04982185550034046,0.04552747309207916,-0.12957660481333733,-0.07576781511306763,0.049799609929323196,-0.1404406540095806,-0.028597753029316664,0.001588333398103714,-0.09176595835015178,-0.04203470144420862,0.003498269245028496,-0.12804672867059708,-0.05920281633734703,-0.0020572468638420105,-0.14786715805530548,-0.07819730788469315,-0.001959562301635742,-0.16805383563041687,-0.03558761905878782,-0.016777455806732178,-0.08450516313314438,-0.04821329191327095,-0.025483466684818268,-0.1132795698940754,-0.06393489427864552,-0.030942466109991074,-0.13200829550623894,-0.08110247179865837,-0.033952366560697556,-0.14884210377931595,-0.03754338435828686,-0.032942164689302444,-0.06701983138918877,-0.04489666409790516,-0.044364333152770996,-0.08447485882788897,-0.054724570363759995,-0.05671478062868118,-0.10000838339328766,-0.06630956754088402,-0.062305647879838943,-0.11462276056408882
0.0,0.0,0.0,-0.01661781221628189,0.026223447173833847,-0.022013001143932343,-0.028917084680870175,0.048339108005166054,-0.043190620839595795,-0.04134347755461931,0.0679244827479124,-0.06609859131276608,-0.0449256906285882,0.08524870686233044,-0.08613586612045765,-0.03083758265711367,0.02284812368452549,-0.09194442117586732,-0.041883040219545364,0.03564757667481899,-0.11397787183523178,-0.04916075989603996,0.04540790431201458,-0.13017930462956429,-0.07514369115233421,0.04977765120565891,-0.1409858614206314,-0.027808467857539654,0.0014442598912864923,-0.09212786611169577,-0.041072018444538116,0.003442336805164814,-0.1288113333284855,-0.0584111325442791,-0.0022555142641067505,-0.14821165427565575,-0.07770463824272156,-0.002013644203543663,-0.16834301501512527,-0.034492485923692584,-0.017465172335505486,-0.08503693994134665,-0.04697874654084444,-0.025597775354981422,-0.11360643617808819,-0.06305278465151787,-0.0308306235820055,-0.13270441815257072,-0.07975611835718155,-0.0332865696400404,-0.1490878015756607,-0.03671073028817773,-0.033383430913090706,-0.06730997376143932,-0.043448854237794876,-0.04452246613800526,-0.08520460687577724,-0.05231921374797821,-0.056765103712677956,-0.10147466883063316,-0.06358114443719387,-0.061871664598584175,-0.11652625352144241
0.0,0.0,0.0,-0.01586648542433977,0.027470886707305908,-0.02258169651031494,-0.02655551233328879,0.048997415229678154,-0.04474775865674019,-0.03780294302850962,0.06880367361009121,-0.06898551061749458,-0.04062574356794357,0.08496463857591152,-0.08969521895051003,-0.027318372623994946,0.02443600632250309,-0.09348796121776104,-0.03850964456796646,0.035769326612353325,-0.11748072132468224,-0.0454338937997818,0.04459807835519314,-0.1336551383137703,-0.07077053561806679,0.04852736182510853,-0.14489708095788956,-0.02471595210954547,0.0018742582760751247,-0.09406906925141811,-0.03657810389995575,0.0035420777276158333,-0.13169458881020546,-0.05372859165072441,-0.0018706191331148148,-0.15148621797561646,-0.07355963066220284,-0.0023231692612171173,-0.1714799776673317,-0.03158416296355426,-0.01823367364704609,-0.08703138679265976,-0.04310144670307636,-0.025007059797644615,-0.11658016592264175,-0.05858622118830681,-0.02961524948477745,-0.1364746019244194,-0.07510007545351982,-0.03125203587114811,-0.1532699540257454,-0.03458532691001892,-0.03456147946417332,-0.06952701136469841,-0.04117410909384489,-0.04408611170947552,-0.08872667700052261,-0.048198578879237175,-0.05482587404549122,-0.10534843802452087,-0.059224361553788185,-0.0596079733222723,-0.12088429555296898
0.0,0.0,0.0,-0.014420785009860992,0.028033049777150154,-0.02369726449251175,-0.025697447708807886,0.04914635606110096,-0.045830752700567245,-0.03643917944282293,0.0690693873912096,-0.06991956755518913,-0.038793645799160004,0.08443138934671879,-0.09218069538474083,-0.02466643904335797,0.02586926333606243,-0.09218354197219014,-0.03488827310502529,0.03799782507121563,-0.11740280129015446,-0.04321886599063873,0.04582715220749378,-0.13521751761436462,-0.06797921657562256,0.05019008554518223,-0.14616242051124573,-0.022750811651349068,0.0033822113182395697,-0.09406500542536378,-0.03429097589105368,0.006183314137160778,-0.13053950294852257,-0.050681618973612785,0.002032807096838951,-0.15122847259044647,-0.06835509464144707,0.002467285841703415,-0.1712844893336296,-0.02943165274336934,-0.014939738437533379,-0.08782765315845609,-0.04125512670725584,-0.0197784174233675,-0.11651886813342571,-0.05601607263088226,-0.022784756496548653,-0.13727793097496033,-0.07283344864845276,-0.0226982980966568,-0.15504880249500275,-0.033572856802493334,-0.031115157529711723,-0.07166592590510845,-0.03912904392927885,-0.03963564895093441,-0.09087151661515236,-0.04600136540830135,-0.04873395897448063,-0.1080109104514122,-0.05702248401939869,-0.05139199458062649,-0.12452194094657898
0.0,0.0,0.0,-0.014038564637303352,0.028141947463154793,-0.02368241548538208,-0.02505111205391586,0.04932871833443642,-0.046050064265728,-0.03532326593995094,0.06928456574678421,-0.07048406451940536,-0.03746241610497236,0.08449292927980423,-0.09290410950779915,-0.023570526391267776,0.02606700360774994,-0.09240591851994395,-0.033781846053898335,0.038166455924510956,-0.1177089475095272,-0.042036714032292366,0.046066511422395706,-0.1353614404797554,-0.06660945154726505,0.050464194267988205,-0.14643210917711258,-0.02178414212539792,0.003483714652247727,-0.09432336734607816,-0.03323869174346328,0.006362123414874077,-0.1309504732489586,-0.0494967307895422,0.002235591411590576,-0.1516573280096054,-0.06696775369346142,0.00263250432908535,-0.1716732159256935,-0.028621869860216975,-0.014955798164010048,-0.08811464020982385,-0.04033647198230028,-0.019722798839211464,-0.11693968810141087,-0.05487816594541073,-0.022766035050153732,-0.13773325830698013,-0.07141909562051296,-0.02263893373310566,-0.1554625779390335,-0.032932554837316275,-0.031203962862491608,-0.07203712314367294,-0.03850666806101799,-0.03967875987291336,-0.09131309390068054,-0.04519468545913696,-0.04865191504359245,-0.10844999551773071,-0.055953364819288254,-0.05131351947784424,-0.12498477101325989
0.0,0.0,0.0,-0.012268193997442722,0.027327589690685272,-0.024951592087745667,-0.02253630943596363,0.04999352991580963,-0.04900496453046799,-0.030167737044394016,0.06702561303973198,-0.07672669645398855,-0.03137080743908882,0.0787445642054081,-0.10227185860276222,-0.01573431072756648,0.026854785159230232,-0.09452531300485134,-0.026708826422691345,0.03671622276306152,-0.12151171639561653,-0.03463973198086023,0.04351549595594406,-0.1411154791712761,-0.058483632281422615,0.047620732337236404,-0.15197303518652916,-0.01549169234931469,0.0037846395280212164,-0.09640299389138818,-0.02671477571129799,0.007576959207653999,-0.13313854858279228,-0.04204794578254223,0.005005205050110817,-0.15457286685705185,-0.05894962139427662,0.006635164842009544,-0.1751980260014534,-0.023264526389539242,-0.014025377109646797,-0.0899960482493043,-0.036144119687378407,-0.01550469920039177,-0.11927706003189087,-0.049496982246637344,-0.015562228858470917,-0.14046618342399597,-0.06533278338611126,-0.013607591390609741,-0.15770553052425385,-0.02976551093161106,-0.029129009693861008,-0.07381278090178967,-0.03610346466302872,-0.03676151856780052,-0.09494001138955355,-0.04230709560215473,-0.04276926442980766,-0.11245269142091274,-0.052794722840189934,-0.0448882058262825,-0.12869610264897346
0.0,0.0,0.0,-0.01266577560454607,0.02748054824769497,-0.025883980095386505,-0.027326339040882885,0.046067046001553535,-0.051647648215293884,-0.039788609370589256,0.05898383446037769,-0.08298873249441385,-0.04654370993375778,0.0670704860240221,-0.11097791790962219,-0.02191527606919408,0.025867341086268425,-0.0976107525639236,-0.032047114335000515,0.03316673822700977,-0.12591488659381866,-0.04000457003712654,0.03824893943965435,-0.14519952610135078,-0.06321630254387856,0.04060817323625088,-0.1588314101099968,-0.021583928260952234,0.0033049293560907245,-0.0980332768522203,-0.03122427174821496,0.004580618813633919,-0.1347244828939438,-0.04666394554078579,0.002009628340601921,-0.1588273122906685,-0.06267454475164413,0.003911159932613373,-0.17929718643426895,-0.0286510877776891,-0.014040626585483551,-0.09144139941781759,-0.03996099345386028,-0.015715891495347023,-0.12115106359124184,-0.05401631444692612,-0.014553666114807129,-0.14224443584680557,-0.07101985067129135,-0.010742949321866035,-0.1612698882818222,-0.03429839573800564,-0.029871394857764244,-0.07460325583815575,-0.041335703805089,-0.03363929130136967,-0.09677533525973558,-0.05022679455578327,-0.03715159185230732,-0.11545556969940662,-0.061883483082056046,-0.03732634522020817,-0.13221872970461845
0.0,0.0,0.0,-0.012151551432907581,0.027230046689510345,-0.026606790721416473,-0.029931933619081974,0.041745878756046295,-0.05388890206813812,-0.04834279790520668,0.04777272790670395,-0.08546712901443243,-0.057931359857320786,0.05099957808852196,-0.11543572694063187,-0.018229941371828318,0.02349909581243992,-0.0993232000619173,-0.02742665261030197,0.02958252839744091,-0.12873688340187073,-0.03490976896136999,0.033287692815065384,-0.14926403388381004,-0.05822746083140373,0.03551644831895828,-0.16639190912246704,-0.016402055975049734,0.001237011980265379,-0.09950522286817431,-0.02379820286296308,0.0014378661289811134,-0.13826880604028702,-0.03846815600991249,-0.0012296456843614578,-0.16363199800252914,-0.05519629642367363,0.0018659569323062897,-0.1866658702492714,-0.022818541387096047,-0.016127994284033775,-0.09347582142800093,-0.031842391937971115,-0.017293769866228104,-0.12435207888484001,-0.046086667105555534,-0.016385138034820557,-0.14610173180699348,-0.06192125752568245,-0.011279478669166565,-0.16678954660892487,-0.027463885955512524,-0.03147195652127266,-0.07672594860196114,-0.03449454624205828,-0.033017028123140335,-0.09975274465978146,-0.04409673623740673,-0.033497460186481476,-0.12128466553986073,-0.05421929806470871,-0.03243933618068695,-0.13785728812217712
0.0,0.0,0.0,-0.009516877587884665,0.0250548105686903,-0.029080010950565338,-0.025448821485042572,0.03968344256281853,-0.056962624192237854,-0.04473886452615261,0.041771065443754196,-0.08867660816758871,-0.05572058819234371,0.04306979849934578,-0.11919024772942066,-0.010837534442543983,0.02035507559776306,-0.1024288721382618,-0.020053813233971596,0.023079901933670044,-0.13235807046294212,-0.026465514674782753,0.024703707545995712,-0.154399786144495,-0.0494957622140646,0.024753442034125328,-0.17314956337213516,-0.011178269982337952,-0.001528856111690402,-0.10135350236669183,-0.017357283853925765,-0.0015697069466114044,-0.14087288081645966,-0.03062170371413231,-0.0041641052812337875,-0.16767854243516922,-0.04547437094151974,-0.000556357204914093,-0.19268985092639923,-0.020362303592264652,-0.018514666706323624,-0.0934680737555027,-0.028479955159127712,-0.019373729825019836,-0.12580809369683266,-0.04125646688044071,-0.018569162115454674,-0.14886803179979324,-0.054383886978030205,-0.013910675421357155,-0.17176653444766998,-0.026786244474351406,-0.032402414828538895,-0.07556707039475441,-0.033455608412623405,-0.03386523202061653,-0.09978468529880047,-0.04248197004199028,-0.033814676105976105,-0.12328192219138145,-0.050531184300780296,-0.03287026658654213,-0.14178533852100372
0.0,0.0,0.0,-0.008116960059851408,0.02520436979830265,-0.029516801238059998,-0.024414868094027042,0.03961731866002083,-0.057580459862947464,-0.04414947144687176,0.04091103747487068,-0.09177302103489637,-0.05565387196838856,0.03965362161397934,-0.12061896920204163,-0.007667831145226955,0.020461076870560646,-0.10433390783146024,-0.016038195113651454,0.019437720999121666,-0.13472629338502884,-0.021752362605184317,0.01736128143966198,-0.15758752077817917,-0.04149235226213932,0.013953614979982376,-0.177063450217247,-0.008190267253667116,-0.0023291963152587414,-0.10356603330001235,-0.013948503401479684,-0.0017469339072704315,-0.14407853782176971,-0.02411616872996092,-0.00534120574593544,-0.17128831893205643,-0.03650547191500664,-0.002435043454170227,-0.19752652943134308,-0.018492401111871004,-0.01885829120874405,-0.09536763932555914,-0.024571050889790058,-0.019668713212013245,-0.12862899154424667,-0.035841403529047966,-0.019295480102300644,-0.15290772169828415,-0.04840160720050335,-0.014124756678938866,-0.17685992270708084,-0.027059552259743214,-0.03235802985727787,-0.07647301815450191,-0.03157159127295017,-0.03491704910993576,-0.10300365788862109,-0.03918052278459072,-0.03453303501009941,-0.12594617530703545,-0.04845472238957882,-0.033534374088048935,-0.14524834603071213
0.0,0.0,0.0,-0.007877436466515064,0.02529042959213257,-0.02956506609916687,-0.02403975836932659,0.03970639780163765,-0.05758480727672577,-0.04368674475699663,0.04115360602736473,-0.09184728935360909,-0.05518519598990679,0.03979378193616867,-0.12072838097810745,-0.007507667876780033,0.020573340356349945,-0.10419363621622324,-0.015749507234431803,0.019506782293319702,-0.13468804582953453,-0.0211314563639462,0.01729102060198784,-0.1576766036450863,-0.040306138806045055,0.013832520693540573,-0.1773250699043274,-0.008155900985002518,-0.0021587517112493515,-0.10340843303129077,-0.013685109210200608,-0.0016696956008672714,-0.14389733597636223,-0.02339825313538313,-0.0053003039211034775,-0.17130576819181442,-0.035143437795341015,-0.00239359587430954,-0.19761570543050766,-0.01846779603511095,-0.018609177321195602,-0.09524073684588075,-0.024408736266195774,-0.019441692158579826,-0.12852271646261215,-0.0353350481018424,-0.019193578511476517,-0.15284288674592972,-0.04733298812061548,-0.01392296515405178,-0.17688171565532684,-0.026969360187649727,-0.032085951417684555,-0.07645910046994686,-0.03139495197683573,-0.03471649810671806,-0.10295923333615065,-0.03869540151208639,-0.03432779014110565,-0.12601861357688904,-0.047503248788416386,-0.033277181908488274,-0.14542042091488838
0.0,0.0,0.0,-0.0075845555402338505,0.025913061574101448,-0.030425623059272766,-0.02303790021687746,0.039842262864112854,-0.058250315487384796,-0.04315117560327053,0.041335418820381165,-0.09215050470083952,-0.05473211966454983,0.04124234989285469,-0.12159343436360359,-0.005296040792018175,0.01973487250506878,-0.10584115236997604,-0.013875774457119405,0.01796611025929451,-0.13641167804598808,-0.018848528154194355,0.01621576026082039,-0.1596290022134781,-0.038173796609044075,0.012846466153860092,-0.17933569103479385,-0.00631965696811676,-0.0030701193027198315,-0.10466026561334729,-0.011950888845603913,-0.0032523702830076218,-0.14530756324529648,-0.021791265346109867,-0.006924178451299667,-0.17256513237953186,-0.032847143709659576,-0.002989385277032852,-0.19918864965438843,-0.017332944553345442,-0.019304201006889343,-0.09658541670069098,-0.02279540989547968,-0.02089790627360344,-0.13013768941164017,-0.03277292847633362,-0.019767163321375847,-0.15484102815389633,-0.04398710839450359,-0.013994300737977028,-0.1790546104311943,-0.02663658931851387,-0.03287213668227196,-0.07773238979279995,-0.030621381476521492,-0.03547069802880287,-0.1042381995357573,-0.03733854554593563,-0.03460979834198952,-0.12748460099101067,-0.045973027125000954,-0.03312439098954201,-0.1467897854745388
0.0,0.0,0.0,-0.007862445199862123,0.02581348642706871,-0.03039216250181198,-0.02213919907808304,0.04057551920413971,-0.058533959090709686,-0.040712944231927395,0.04204371199011803,-0.09301245491951704,-0.04961440246552229,0.04306795820593834,-0.12264790199697018,-0.002553324680775404,0.01919613778591156,-0.10648661339655519,-0.011670137057080865,0.01709279976785183,-0.13730742409825325,-0.017045226879417896,0.015778392553329468,-0.16039730235934258,-0.037004933692514896,0.012308113276958466,-0.17956262826919556,-0.0030100992880761623,-0.003793770680204034,-0.10563230747357011,-0.008950692019425333,-0.004679977893829346,-0.14652477577328682,-0.020065877586603165,-0.00773526169359684,-0.17291274666786194,-0.03142188768833876,-0.0037140734493732452,-0.19949864596128464,-0.013721160590648651,-0.02061530575156212,-0.09733483055606484,-0.01998496614396572,-0.02257523313164711,-0.13154467940330505,-0.02935365866869688,-0.020929040387272835,-0.15555813908576965,-0.040041438303887844,-0.015371304005384445,-0.179713673889637,-0.023148207925260067,-0.034803206101059914,-0.07854586280882359,-0.02706372644752264,-0.036691680550575256,-0.10530513944104314,-0.03351422119885683,-0.03551275283098221,-0.128458084538579,-0.04171502869576216,-0.03401647135615349,-0.14868146926164627
0.0,0.0,0.0,-0.007812899304553866,0.02556302212178707,-0.030300192534923553,-0.021753767505288124,0.04037642106413841,-0.05866411328315735,-0.04006350878626108,0.04187801107764244,-0.09306998178362846,-0.04898869525641203,0.04293723776936531,-0.12269889935851097,-0.0025481078773736954,0.01929885894060135,-0.10663173254579306,-0.011567646637558937,0.017343074083328247,-0.13718415424227715,-0.016768864821642637,0.01613515056669712,-0.16031929105520248,-0.03637981694191694,0.012953899800777435,-0.17960526794195175,-0.003175885882228613,-0.0034907200606539845,-0.105613071937114,-0.00911181786796078,-0.004269292578101158,-0.14649416878819466,-0.020103934220969677,-0.007192065939307213,-0.17281492799520493,-0.031092711724340916,-0.0031023919582366943,-0.19908331334590912,-0.013767083641141653,-0.020229974761605263,-0.09730526013299823,-0.019817965105175972,-0.022013437002897263,-0.13133259862661362,-0.02924483362585306,-0.020467065274715424,-0.1553911194205284,-0.03932450991123915,-0.014992251992225647,-0.1794191375374794,-0.022900751791894436,-0.03404972702264786,-0.07849103771150112,-0.026832769624888897,-0.03598672151565552,-0.10506327264010906,-0.03320746775716543,-0.034824613481760025,-0.1283895242959261,-0.041315468959510326,-0.03360173664987087,-0.14825546741485596
0.0,0.0,0.0,-0.0076835936633870006,0.025941653177142143,-0.03033609688282013,-0.022594002075493336,0.04026447981595993,-0.05830106511712074,-0.04153368342667818,0.04176785424351692,-0.09222443867474794,-0.05094559956341982,0.04309406504034996,-0.12175017967820168,-0.0025074430741369724,0.019369475543498993,-0.10614449018612504,-0.011662818724289536,0.017599044367671013,-0.13685902580618858,-0.017281956039369106,0.016299143433570862,-0.1598118618130684,-0.037859643809497356,0.012939583510160446,-0.17826198786497116,-0.0028247679583728313,-0.0036992853274568915,-0.10539279645308852,-0.008853647741489112,-0.004169126972556114,-0.14602644741535187,-0.020061729475855827,-0.007257577031850815,-0.1725936010479927,-0.03215124364942312,-0.002927098423242569,-0.1989177092909813,-0.013679389841854572,-0.020143531262874603,-0.09724549110978842,-0.019757486879825592,-0.02226705104112625,-0.13126782327890396,-0.02973576169461012,-0.02026047185063362,-0.15512238442897797,-0.04119442868977785,-0.014754928648471832,-0.17874589562416077,-0.02329336479306221,-0.03448024392127991,-0.07863852009177208,-0.0270205894485116,-0.03665739297866821,-0.10533717041835189,-0.033632480539381504,-0.03561696037650108,-0.12827085331082344,-0.04223147500306368,-0.033510228618979454,-0.14791464805603027
0.0,0.0,0.0,-0.008047613315284252,0.02620515041053295,-0.030561819672584534,-0.02190762758255005,0.040823109447956085,-0.05860448628664017,-0.039811951108276844,0.04210615158081055,-0.09300107415765524,-0.04871170315891504,0.0433310866355896,-0.12277048453688622,-0.0021011270582675934,0.01988177001476288,-0.10636826371774077,-0.010705443099141121,0.018237613141536713,-0.13696077838540077,-0.015898921061307192,0.016805943101644516,-0.1606142520904541,-0.03495992813259363,0.01433313637971878,-0.17975812405347824,-0.0025101513601839542,-0.003343749325722456,-0.10579373268410563,-0.00820771639700979,-0.0037707779556512833,-0.14643799886107445,-0.01913877483457327,-0.0064009204506874084,-0.1730693280696869,-0.030166312120854855,-0.0020319074392318726,-0.19961753487586975,-0.013397230301052332,-0.020106684416532516,-0.09764980338513851,-0.019580339081585407,-0.021741481497883797,-0.1315874345600605,-0.029091342352330685,-0.019718945026397705,-0.15558819472789764,-0.04010411072522402,-0.014012966305017471,-0.1790974661707878,-0.02302227821201086,-0.03396828845143318,-0.07906920835375786,-0.026528659276664257,-0.036249175667762756,-0.10538308974355459,-0.03288721386343241,-0.03500397875905037,-0.12886874377727509,-0.04098073486238718,-0.033337581902742386,-0.14853209257125854
0.0,0.0,0.0,-0.00787906488403678,0.02610762231051922,-0.03048258274793625,-0.02188742160797119,0.04059490188956261,-0.05869147926568985,-0.03981675487011671,0.04183172434568405,-0.09309181291610003,-0.04868498723953962,0.042908430099487305,-0.12295916676521301,-0.002126751933246851,0.019799761474132538,-0.10624626511707902,-0.010616900981403887,0.018089618533849716,-0.13675905019044876,-0.015723055694252253,0.016610929742455482,-0.16042303666472435,-0.03473937790840864,0.014134228229522705,-0.17955023050308228,-0.0024855341762304306,-0.0034537811297923326,-0.10559824807569385,-0.008172725327312946,-0.0039128512144088745,-0.14626017957925797,-0.018873742781579494,-0.006507556885480881,-0.17289648950099945,-0.029661507345736027,-0.0020535849034786224,-0.19932621717453003,-0.013371735345572233,-0.020230188965797424,-0.0974567411467433,-0.01951894909143448,-0.021778205409646034,-0.13146118447184563,-0.02905305754393339,-0.01983422227203846,-0.1553780734539032,-0.03990975860506296,-0.014210546389222145,-0.17871715128421783,-0.022858635522425175,-0.03413419798016548,-0.07893306016921997,-0.02649624180048704,-0.036490313708782196,-0.1052275444380939,-0.03287945408374071,-0.035180263221263885,-0.12870951741933823,-0.04083220940083265,-0.03348480723798275,-0.14825518429279327
0.0,0.0,0.0,-0.007979950867593288,0.026286572217941284,-0.03021842986345291,-0.02223271131515503,0.040913768112659454,-0.05862283706665039,-0.039973015896975994,0.042529940605163574,-0.09324492141604424,-0.048698618076741695,0.04277072101831436,-0.12345769628882408,-0.001806049607694149,0.02032499946653843,-0.10619396669790149,-0.01044899458065629,0.018538225442171097,-0.13676930218935013,-0.015094497241079807,0.017002826556563377,-0.16036289185285568,-0.034138831309974194,0.014089159667491913,-0.18011686950922012,-0.0021769320592284203,-0.003152522607706487,-0.10547116212546825,-0.007409457117319107,-0.0035273805260658264,-0.14639681205153465,-0.017931384034454823,-0.006411414593458176,-0.1734120026230812,-0.028818941675126553,-0.002319939434528351,-0.1998319774866104,-0.012911910191178322,-0.020253807306289673,-0.09760052151978016,-0.018627552315592766,-0.021741272881627083,-0.13170037418603897,-0.028301584534347057,-0.020236052572727203,-0.15587370097637177,-0.03934911917895079,-0.014337865635752678,-0.179758220911026,-0.022479296661913395,-0.03407001495361328,-0.079123355448246,-0.026091516949236393,-0.03670535236597061,-0.10545541206374764,-0.03235940355807543,-0.035353925079107285,-0.128951882943511,-0.04079583194106817,-0.03396455943584442,-0.14810562878847122
0.0,0.0,0.0,-0.008528434671461582,0.02519126795232296,-0.029161997139453888,-0.023539701476693153,0.03971929848194122,-0.05785246565937996,-0.04246167838573456,0.04134976491332054,-0.09232091903686523,-0.05141366831958294,0.04177127033472061,-0.12189468368887901,-0.006464618723839521,0.019531579688191414,-0.10465300548821688,-0.015569356502965093,0.018311498686671257,-0.13478482142090797,-0.0202918890863657,0.016974538564682007,-0.15705768764019012,-0.039575884118676186,0.014193544164299965,-0.17665548622608185,-0.006678849458694458,-0.0025876964209601283,-0.1032386003062129,-0.012099889136152342,-0.003087129443883896,-0.14392182603478432,-0.022801583632826805,-0.005872152745723724,-0.17091963440179825,-0.03434130735695362,-0.00247080996632576,-0.1964622288942337,-0.016405531205236912,-0.020180435851216316,-0.0955646000802517,-0.02209403831511736,-0.021528152748942375,-0.12955784425139427,-0.03214471973478794,-0.020411865785717964,-0.15320435166358948,-0.04209805652499199,-0.01474599726498127,-0.17739935219287872,-0.02464730478823185,-0.03412683308124542,-0.07726713083684444,-0.028479373082518578,-0.036052871495485306,-0.10273010283708572,-0.035330524668097496,-0.035973869264125824,-0.12658809684216976,-0.04357434622943401,-0.03509422019124031,-0.14568991959095
0.0,0.0,0.0,-0.010688808746635914,0.025654030963778496,-0.02751973271369934,-0.025825333781540394,0.04191210865974426,-0.055554118007421494,-0.04314400069415569,0.047062210738658905,-0.08921947609633207,-0.05195310525596142,0.04877032712101936,-0.11898191273212433,-0.012827800121158361,0.02254212275147438,-0.10125487297773361,-0.022633120883256197,0.02342985011637211,-0.1305181123316288,-0.028443939052522182,0.024087995290756226,-0.15155116096138954,-0.05079912580549717,0.021802689880132675,-0.1692396104335785,-0.011992445681244135,0.0004309341311454773,-0.10068300645798445,-0.019149154890328646,0.00014444254338741302,-0.14033355191349983,-0.032804954797029495,-0.0016613341867923737,-0.16524214297533035,-0.04655788466334343,0.0018824189901351929,-0.18857397139072418,-0.019754968350753188,-0.017889298498630524,-0.09390555135905743,-0.027288563549518585,-0.018885355442762375,-0.12590188533067703,-0.03832273557782173,-0.018363207578659058,-0.14827174693346024,-0.05035741813480854,-0.013275329023599625,-0.1705324724316597,-0.026192027144134045,-0.03307713568210602,-0.07665783353149891,-0.03177105449140072,-0.03466740995645523,-0.10089805210009217,-0.04003916308283806,-0.03384046256542206,-0.12350549548864365,-0.049908535555005074,-0.03336850181221962,-0.14087310433387756
0.0,0.0,0.0,-0.011155004147440195,0.026804005727171898,-0.026370324194431305,-0.02415232267230749,0.04499983415007591,-0.05296434462070465,-0.038456469774246216,0.05392640456557274,-0.08476928807795048,-0.043916407972574234,0.05739304795861244,-0.11327762342989445,-0.012383744586259127,0.023602169007062912,-0.09737985488027334,-0.02270277449861169,0.02988341450691223,-0.12557845935225487,-0.03089949395507574,0.03524237871170044,-0.14506782591342926,-0.05546785332262516,0.03672344982624054,-0.15887261927127838,-0.011601483915001154,0.0011499921092763543,-0.09785394882783294,-0.020774389849975705,0.001473899930715561,-0.13605095446109772,-0.03733905591070652,0.0008952021598815918,-0.15958214551210403,-0.05450377054512501,0.0037408415228128433,-0.17956404387950897,-0.01953732455149293,-0.017163541167974472,-0.09145190846174955,-0.029977958649396896,-0.01941617950797081,-0.12274441123008728,-0.04321032948791981,-0.01821160316467285,-0.14359262585639954,-0.05778107978403568,-0.014216678217053413,-0.16265017539262772,-0.025922064669430256,-0.031685154885053635,-0.07538734003901482,-0.03308022581040859,-0.03523961454629898,-0.09770680591464043,-0.042436663061380386,-0.03720344230532646,-0.11800073646008968,-0.053412457928061485,-0.03644021600484848,-0.13425655663013458
0.0,0.0,0.0,-0.01043584942817688,0.027696726843714714,-0.02563660591840744,-0.02120924089103937,0.048305343836545944,-0.05131082981824875,-0.02996480744332075,0.06274064630270004,-0.08117044530808926,-0.03127358574420214,0.0713144950568676,-0.10830878652632236,-0.010723857674747705,0.025474878028035164,-0.09540331177413464,-0.021296939346939325,0.03503657504916191,-0.12257438153028488,-0.028868263587355614,0.04232263192534447,-0.14128035306930542,-0.0532849682494998,0.045701105147600174,-0.15356671065092087,-0.009658209048211575,0.00255032442510128,-0.09634683700278401,-0.020554233342409134,0.005475703626871109,-0.13389268517494202,-0.03569017257541418,0.0032918117940425873,-0.15577281266450882,-0.051310948096215725,0.006054682657122612,-0.17594211548566818,-0.017592105083167553,-0.015689294785261154,-0.0904659521766007,-0.029051695950329304,-0.017720917239785194,-0.12074390053749084,-0.04193628113716841,-0.018923409283161163,-0.14162446185946465,-0.0566908149048686,-0.016370126977562904,-0.15945518016815186,-0.024900685995817184,-0.03133196383714676,-0.0745435543358326,-0.03093403112143278,-0.03731311485171318,-0.09593587275594473,-0.03767866920679808,-0.04263214394450188,-0.11474988795816898,-0.04727545287460089,-0.043179161846637726,-0.1301988661289215
0.0,0.0,0.0,-0.010488296393305063,0.027604641392827034,-0.025609873235225677,-0.021220879163593054,0.04816140606999397,-0.05127701163291931,-0.03029827866703272,0.06256478279829025,-0.08095803204923868,-0.03199685737490654,0.07099927216768265,-0.10791810788214207,-0.011499292682856321,0.02531719021499157,-0.09516712557524443,-0.02210967568680644,0.03477466106414795,-0.1223328746855259,-0.029659658670425415,0.041956815868616104,-0.1410381868481636,-0.0541407223790884,0.04534026235342026,-0.15324509888887405,-0.01057935506105423,0.0023881574161350727,-0.09612599899992347,-0.021366973873227835,0.005293341353535652,-0.13368714228272438,-0.03645435348153114,0.0031226258724927902,-0.15557457506656647,-0.052178239449858665,0.005893377587199211,-0.17590627819299698,-0.018436862621456385,-0.015795908868312836,-0.09016034519299865,-0.029777242802083492,-0.017866604030132294,-0.1204531379044056,-0.04258306883275509,-0.019046396017074585,-0.14158456400036812,-0.05704835243523121,-0.01649109274148941,-0.1595781296491623,-0.025549509562551975,-0.031297311186790466,-0.07427974417805672,-0.031560393050312996,-0.037451911717653275,-0.09562881756573915,-0.038240376859903336,-0.042884793132543564,-0.11449777521193027,-0.04783776216208935,-0.04337179288268089,-0.13000842183828354
0.0,0.0,0.0,-0.008777211420238018,0.02739320695400238,-0.02420581877231598,-0.01738408161327243,0.049018923193216324,-0.049061596393585205,-0.02232352364808321,0.06555759161710739,-0.07669514045119286,-0.02315861266106367,0.07804196327924728,-0.10156957991421223,-0.010190672241151333,0.02403208799660206,-0.09278268227353692,-0.02043094066902995,0.03613732010126114,-0.11749647743999958,-0.02774840872734785,0.04456999897956848,-0.13587941229343414,-0.05070262309163809,0.048237428069114685,-0.1478833444416523,-0.009674085769802332,0.0024583246558904648,-0.09401207091286778,-0.020679193548858166,0.005575347691774368,-0.13018864393234253,-0.035428338684141636,0.001534992828965187,-0.15184683352708817,-0.05188456457108259,0.0022290460765361786,-0.1722884178161621,-0.01810539560392499,-0.015946267172694206,-0.08783866465091705,-0.02914283238351345,-0.019962312653660774,-0.1169564463198185,-0.041420415975153446,-0.022899575531482697,-0.13760674744844437,-0.05579965468496084,-0.02304607629776001,-0.15481051057577133,-0.02426373027265072,-0.03181862086057663,-0.07174907252192497,-0.03027606476098299,-0.03985193371772766,-0.09062591940164566,-0.03680168557912111,-0.04963940009474754,-0.10887125506997108,-0.04396433848887682,-0.05251038819551468,-0.12359263002872467
0.0,0.0,0.0,-0.011987807229161263,0.027175255119800568,-0.023310579359531403,-0.02178758871741593,0.048634909093379974,-0.04769381880760193,-0.03032295871526003,0.06577711924910545,-0.07486561313271523,-0.03130224905908108,0.08048107102513313,-0.09842552430927753,-0.01589888404123485,0.02323247864842415,-0.09406885970383883,-0.02586943283677101,0.03569994494318962,-0.11768115684390068,-0.03411383926868439,0.04386691749095917,-0.13567906618118286,-0.05862422287464142,0.04839019104838371,-0.14671007171273232,-0.014307740144431591,0.0008205408230423927,-0.09517855383455753,-0.025687216315418482,0.0025378596037626266,-0.13192493468523026,-0.04150247015058994,-0.0021163374185562134,-0.15256371349096298,-0.05997973307967186,-0.0017454959452152252,-0.17240333557128906,-0.02221893472597003,-0.018582835793495178,-0.0883283307775855,-0.033331078477203846,-0.023692995309829712,-0.11755285412073135,-0.047035109251737595,-0.02656368911266327,-0.13748669251799583,-0.06436983123421669,-0.02785945124924183,-0.1542389616370201,-0.027453674003481865,-0.034259598702192307,-0.07102418318390846,-0.03317746892571449,-0.04432385787367821,-0.08930862136185169,-0.040176836773753166,-0.05568831413984299,-0.10641833394765854,-0.04930238611996174,-0.06135246530175209,-0.12222855538129807
0.0,0.0,0.0,-0.012677676044404507,0.026913002133369446,-0.0230301171541214,-0.02327430425793864,0.04827463440597057,-0.04657658934593201,-0.03329442348331213,0.06639772839844227,-0.07193715125322342,-0.0361048961058259,0.0821803156286478,-0.09396759234368801,-0.019799807341769338,0.022861922159790993,-0.09360885713249445,-0.030205515678972006,0.035339800640940666,-0.116466224193573,-0.037514605559408665,0.04385667107999325,-0.13380523398518562,-0.06188298389315605,0.0476428996771574,-0.14501241594552994,-0.01787406811490655,0.000856516882777214,-0.09423624258488417,-0.029270668514072895,0.002386556938290596,-0.1312023214995861,-0.044930242002010345,-0.003209451213479042,-0.15128371119499207,-0.06305811181664467,-0.0033180154860019684,-0.17074515670537949,-0.02548940689302981,-0.018554091453552246,-0.0877927583642304,-0.03614815790206194,-0.024494560435414314,-0.11684484966099262,-0.04999752901494503,-0.02787841111421585,-0.13669085502624512,-0.06731067970395088,-0.029693568125367165,-0.15307343751192093,-0.029615899082273245,-0.03471740148961544,-0.07055636495351791,-0.03538879845291376,-0.045454492792487144,-0.08856767881661654,-0.042878689244389534,-0.05745887942612171,-0.10541150346398354,-0.05280647240579128,-0.06363644264638424,-0.12054707109928131
0.0,0.0,0.0,-0.013476093299686909,0.02660103514790535,-0.022348493337631226,-0.024891253793612123,0.04852096177637577,-0.045440368354320526,-0.036224162206053734,0.06722980551421642,-0.07005869038403034,-0.04038709495216608,0.08425228111445904,-0.09182160720229149,-0.02329489402472973,0.02310004271566868,-0.09320877818390727,-0.033852740190923214,0.035868456587195396,-0.11545085161924362,-0.04137419071048498,0.04485726170241833,-0.1327747106552124,-0.06564236618578434,0.04851829819381237,-0.14422569423913956,-0.021581050474196672,0.0015453668311238289,-0.09411789756268263,-0.033083484042435884,0.0030596014112234116,-0.1307547502219677,-0.04909474030137062,-0.0022458788007497787,-0.15093707293272018,-0.06748499907553196,-0.002652158960700035,-0.17037588357925415,-0.029146610526368022,-0.017422908917069435,-0.08769311895594001,-0.040348198264837265,-0.023792454972863197,-0.11673111096024513,-0.05435308255255222,-0.027026798576116562,-0.13619504868984222,-0.0721356887370348,-0.029279937967658043,-0.1524796485900879,-0.032555973157286644,-0.0337530542165041,-0.07040286064147949,-0.03910411335527897,-0.044306835159659386,-0.08797459583729506,-0.04727555066347122,-0.05639461986720562,-0.10467022843658924,-0.05699174851179123,-0.06278430111706257,-0.11985823139548302
0.0,0.0,0.0,-0.015036167576909065,0.027268443256616592,-0.022874772548675537,-0.025536861969158053,0.04925718531012535,-0.04540777578949928,-0.03689455334097147,0.06828625872731209,-0.06970693357288837,-0.0398337272927165,0.0849994383752346,-0.09037711657583714,-0.024091044440865517,0.024020936340093613,-0.09368399297818542,-0.034639633260667324,0.036499157547950745,-0.11642267554998398,-0.041758098639547825,0.04560212418437004,-0.1334308125078678,-0.06671844609081745,0.04936657473444939,-0.14471442252397537,-0.02183482702821493,0.0020081684924662113,-0.09450686303898692,-0.033662610687315464,0.003180977888405323,-0.1315777748823166,-0.05030907317996025,-0.0025425516068935394,-0.15121159702539444,-0.06968085281550884,-0.002970432862639427,-0.17042652517557144,-0.029201778583228588,-0.01751353032886982,-0.08804342523217201,-0.04053255543112755,-0.024341659620404243,-0.11703980155289173,-0.05573000945150852,-0.02753206342458725,-0.1366289108991623,-0.07370594702661037,-0.029197268187999725,-0.15288899838924408,-0.032532909885048866,-0.033734116703271866,-0.07075086794793606,-0.03922692872583866,-0.04472246766090393,-0.08855205681174994,-0.04729118011891842,-0.05672994256019592,-0.10502535291016102,-0.05793611332774162,-0.06309778615832329,-0.12002086639404297
0.0,0.0,0.0,-0.014939454384148121,0.027248024940490723,-0.02300482988357544,-0.024887561332434416,0.049124713987112045,-0.04574214667081833,-0.03592425025999546,0.06814206019043922,-0.07020910829305649,-0.03845152910798788,0.08480757102370262,-0.09091554209589958,-0.023569173412397504,0.024041680619120598,-0.0940859904512763,-0.034241870045661926,0.036294568330049515,-0.11687768436968327,-0.04129075352102518,0.045323628932237625,-0.13373735919594765,-0.06625356711447239,0.04916072636842728,-0.14502763748168945,-0.021446644328534603,0.0020004829857498407,-0.09489864017814398,-0.03317421767860651,0.003143051639199257,-0.1320398598909378,-0.049766359850764275,-0.0025440342724323273,-0.15171172469854355,-0.06890423037111759,-0.0029752179980278015,-0.1710209771990776,-0.028943601995706558,-0.01757175475358963,-0.08830243768170476,-0.04039591085165739,-0.024424944072961807,-0.11720342189073563,-0.0555386021733284,-0.0274796299636364,-0.13684958964586258,-0.07363002188503742,-0.02906716614961624,-0.1532077044248581,-0.032443095464259386,-0.033761393278837204,-0.0710803996771574,-0.039141747169196606,-0.044889140874147415,-0.08890340756624937,-0.046993501484394073,-0.05681135877966881,-0.10538209229707718,-0.05786817707121372,-0.06324097141623497,-0.12047768756747246
0.0,0.0,0.0,-0.015673776157200336,0.026893729344010353,-0.022447913885116577,-0.026538642938248813,0.04884877800941467,-0.044724348932504654,-0.03861677646636963,0.06795267760753632,-0.06879972666501999,-0.04157640878111124,0.08468008041381836,-0.08909684233367443,-0.02534729242324829,0.023385679349303246,-0.0934104579500854,-0.03591500222682953,0.035984333604574203,-0.11627916991710663,-0.043001728132367134,0.04509947448968887,-0.1334809511899948,-0.06863445043563843,0.04871721565723419,-0.14464199542999268,-0.022728126030415297,0.0015818739775568247,-0.09428183920681477,-0.03453429602086544,0.002517648972570896,-0.13163608312606812,-0.051247501745820045,-0.003232354298233986,-0.15122269093990326,-0.07109557837247849,-0.0035210102796554565,-0.17091630399227142,-0.02987347007729113,-0.018007926642894745,-0.0877519054338336,-0.04131560493260622,-0.025103207677602768,-0.11673440784215927,-0.05697471834719181,-0.029034586623311043,-0.13618818297982216,-0.07521683350205421,-0.031106024980545044,-0.1523841843008995,-0.03299412038177252,-0.034227099269628525,-0.07013104483485222,-0.03955209348350763,-0.04529765993356705,-0.08824032451957464,-0.047820933163166046,-0.057559430599212646,-0.10486742109060287,-0.05857536382973194,-0.0637604221701622,-0.11984838917851448
0.0,0.0,0.0,-0.015679054893553257,0.02675815112888813,-0.022100768983364105,-0.02744439389789477,0.048868780955672264,-0.04389441758394241,-0.038517145439982414,0.06809925474226475,-0.06758671812713146,-0.04137075133621693,0.08572910912334919,-0.088085001334548,-0.026142223156057298,0.022599054500460625,-0.09235488763079047,-0.036765181459486485,0.03553738631308079,-0.11451846174895763,-0.04450506344437599,0.045150863006711006,-0.1313125491142273,-0.07055051624774933,0.04930214397609234,-0.1418076828122139,-0.02300788089632988,0.0010247608879581094,-0.0931426603347063,-0.035466824658215046,0.0030615059658885,-0.12973737716674805,-0.05258629843592644,-0.002627948299050331,-0.14953279122710228,-0.0721512995660305,-0.0026833899319171906,-0.1693548709154129,-0.029831716208718717,-0.017758244648575783,-0.086742436978966,-0.041824483312666416,-0.025179652497172356,-0.11535491421818733,-0.057609787210822105,-0.0291892159730196,-0.13455234467983246,-0.0758349820971489,-0.03153860755264759,-0.1507483720779419,-0.032922184094786644,-0.034125035628676414,-0.06936253793537617,-0.03936950583010912,-0.04470127634704113,-0.08711750525981188,-0.048044148832559586,-0.056810131296515465,-0.1035754457116127,-0.05920048616826534,-0.06243487633764744,-0.11896393075585365
0.0,0.0,0.0,-0.015389550477266312,0.026535069569945335,-0.022103704512119293,-0.027301105670630932,0.04890500754117966,-0.0441305935382843,-0.037791838869452477,0.06841587275266647,-0.0670185349881649,-0.04058144148439169,0.08652328699827194,-0.08736429736018181,-0.02640759013593197,0.022247178480029106,-0.0923808254301548,-0.037136124446988106,0.03514980897307396,-0.11429181694984436,-0.0453998688608408,0.04523502290248871,-0.1307901293039322,-0.07137884572148323,0.050062552094459534,-0.14115982875227928,-0.023405343294143677,0.0008877735817804933,-0.09302047872915864,-0.03634132631123066,0.003181726671755314,-0.12881623208522797,-0.05378914438188076,-0.0020601097494363785,-0.14839507266879082,-0.07343500107526779,-0.0017797667533159256,-0.1683475449681282,-0.030148088932037354,-0.017525793984532356,-0.08646746072918177,-0.04299099463969469,-0.024682071059942245,-0.11483684740960598,-0.05885828658938408,-0.028471000492572784,-0.13371528685092926,-0.07728895545005798,-0.030637871474027634,-0.14994946122169495,-0.03363281860947609,-0.033712051808834076,-0.06915785372257233,-0.04018535278737545,-0.04393910989165306,-0.08701233193278313,-0.04906553030014038,-0.05567828193306923,-0.10323451086878777,-0.060286544263362885,-0.06077922508120537,-0.11859483644366264
0.0,0.0,0.0,-0.015789104625582695,0.026660794392228127,-0.02209050953388214,-0.02738115901593119,0.04895692691206932,-0.04347376897931099,-0.03820848371833563,0.06845410540699959,-0.06628071330487728,-0.04077669605612755,0.08647440001368523,-0.08603101968765259,-0.027104014647193253,0.02248794585466385,-0.09204379562288523,-0.0377516346052289,0.03529413416981697,-0.11429061368107796,-0.04521317593753338,0.04529460892081261,-0.13074635714292526,-0.07077367976307869,0.04964923486113548,-0.14151152223348618,-0.024079628754407167,0.0012848959304392338,-0.09261602908372879,-0.036699979566037655,0.003083467483520508,-0.1288152113556862,-0.053779639303684235,-0.0022494494915008545,-0.14853691309690475,-0.07324394211173058,-0.002169538289308548,-0.16815249621868134,-0.030718417838215828,-0.017614824697375298,-0.08632620936259627,-0.04338813107460737,-0.0247566569596529,-0.11433110944926739,-0.059527041390538216,-0.029004637151956558,-0.13331124931573868,-0.07686850428581238,-0.030747920274734497,-0.1491970643401146,-0.033699550200253725,-0.03355597332119942,-0.06877763941884041,-0.04040855821222067,-0.04359780624508858,-0.08664043713361025,-0.049023641273379326,-0.055413391441106796,-0.10325993224978447,-0.05961061827838421,-0.06014568358659744,-0.1186637282371521
0.0,0.0,0.0,-0.015231556259095669,0.028064411133527756,-0.023143984377384186,-0.026544248510617763,0.05013001710176468,-0.04544279724359512,-0.037192641757428646,0.06939712539315224,-0.06908386573195457,-0.03969907481223345,0.08578763529658318,-0.08949577063322067,-0.025084730237722397,0.02492508664727211,-0.0944418297149241,-0.03605593089014292,0.03625635802745819,-0.11823997460305691,-0.04379476606845856,0.0449691005051136,-0.13418105989694595,-0.07009759731590748,0.04964436963200569,-0.14499980583786964,-0.02255676733329892,0.0018402059795334935,-0.09480141941457987,-0.03461669711396098,0.0030034268274903297,-0.1323680356144905,-0.051623210310935974,-0.0024336054921150208,-0.15203065425157547,-0.07136818207800388,-0.0031653009355068207,-0.170819990336895,-0.029379633720964193,-0.01817704737186432,-0.08800745569169521,-0.04105355404317379,-0.024909034371376038,-0.11734219640493393,-0.05700775422155857,-0.02830212190747261,-0.13735000789165497,-0.07497172243893147,-0.028834853321313858,-0.1538999080657959,-0.032898403238505125,-0.034437526017427444,-0.0707705058157444,-0.03915982414036989,-0.04459543898701668,-0.08956926595419645,-0.04574987478554249,-0.05521837994456291,-0.10626720450818539,-0.057264119386672974,-0.06048091500997543,-0.12261012196540833
0.0,0.0,0.0,-0.01488467026501894,0.028193274512887,-0.023487791419029236,-0.02586522960336879,0.05009223148226738,-0.04577912017703056,-0.036223421804606915,0.06941445544362068,-0.06945143081247807,-0.03865162655711174,0.08549577370285988,-0.0899540577083826,-0.023894526064395905,0.025012988597154617,-0.0946271512657404,-0.0348426653072238,0.036281827837228775,-0.11867374181747437,-0.04229394532740116,0.04487946256995201,-0.1346886232495308,-0.06820226646959782,0.04955606535077095,-0.14570457115769386,-0.02143376274034381,0.0018384875729680061,-0.09507442405447364,-0.033204964362084866,0.0031037861481308937,-0.13277632743120193,-0.05006186664104462,-0.002506958320736885,-0.15272514522075653,-0.06947777234017849,-0.003154221922159195,-0.1716010943055153,-0.02843414177186787,-0.018129227682948112,-0.08841029088944197,-0.03975167218595743,-0.024731623008847237,-0.11786523088812828,-0.05532550439238548,-0.028246093541383743,-0.1380770541727543,-0.07271181978285313,-0.028459182009100914,-0.15474063903093338,-0.032200281508266926,-0.034500908106565475,-0.07125991210341454,-0.038229710422456264,-0.04468560218811035,-0.09011106099933386,-0.04452593810856342,-0.05532503500580788,-0.10693813860416412,-0.05566090904176235,-0.0605027861893177,-0.12317783012986183
0.0,0.0,0.0,-0.01596722472459078,0.02823523059487343,-0.02435387670993805,-0.025914883008226752,0.0501890704035759,-0.04598020017147064,-0.036920334212481976,0.07032768055796623,-0.06927844882011414,-0.0393682811409235,0.08623084798455238,-0.08981543220579624,-0.025031192461028695,0.025510024279356003,-0.09438946796581149,-0.036150405183434486,0.036697350442409515,-0.11899103224277496,-0.04370710626244545,0.04489115998148918,-0.13556624948978424,-0.06959887593984604,0.04971091076731682,-0.14586659520864487,-0.022906956262886524,0.0021577238803729415,-0.0951121891848743,-0.03483564965426922,0.0034791314974427223,-0.13238217681646347,-0.05278351716697216,-0.0016942936927080154,-0.15221244096755981,-0.07104649394750595,-0.0012565664947032928,-0.17139562219381332,-0.029818749986588955,-0.017316875979304314,-0.08855120558291674,-0.04145515337586403,-0.02368093840777874,-0.11821751296520233,-0.057088131085038185,-0.02632087469100952,-0.13786042854189873,-0.07418540120124817,-0.025859586894512177,-0.15494905412197113,-0.03374693309888244,-0.03372734785079956,-0.07184343039989471,-0.03968536574393511,-0.043602146208286285,-0.09097214229404926,-0.04578707180917263,-0.05300457775592804,-0.10797872766852379,-0.05737925134599209,-0.0571136400103569,-0.1237986646592617
0.0,0.0,0.0,-0.013087869621813297,0.028483260422945023,-0.024616815149784088,-0.022331632499117404,0.050946593284606934,-0.04680250585079193,-0.03034017700701952,0.07206851243972778,-0.07042614556849003,-0.030717075802385807,0.08750911056995392,-0.0911511555314064,-0.018624032381922007,0.026309840381145477,-0.0941074350848794,-0.029210373293608427,0.037067219614982605,-0.11973733827471733,-0.03676517028361559,0.04495653510093689,-0.1373276561498642,-0.062492502853274345,0.049523599445819855,-0.14758823066949844,-0.017238530330359936,0.0027658184990286827,-0.09525408130139112,-0.029256843961775303,0.0053685735911130905,-0.13240575417876244,-0.0459726769477129,0.0013248976320028305,-0.15297881513834,-0.06294323690235615,0.0020190272480249405,-0.17143693566322327,-0.024976939661428332,-0.0158950574696064,-0.08925315318629146,-0.0366591801866889,-0.01991679146885872,-0.11894116178154945,-0.050998542457818985,-0.02154550887644291,-0.1392170935869217,-0.06741339899599552,-0.02013477310538292,-0.15618237853050232,-0.03036788757890463,-0.032072197645902634,-0.07316248677670956,-0.03639351483434439,-0.04098210111260414,-0.09310507494956255,-0.04184776172041893,-0.048776935786008835,-0.11002049036324024,-0.05250210873782635,-0.052272383123636246,-0.1260446384549141
0.0,0.0,0.0,-0.011700582690536976,0.028549673035740852,-0.024198099970817566,-0.02051182059221901,0.05139383487403393,-0.04700680822134018,-0.02622858341783285,0.07259655557572842,-0.07226265966892242,-0.027274707797914743,0.08706969581544399,-0.09472253732383251,-0.015516737475991249,0.026683764532208443,-0.0953999375924468,-0.02539130672812462,0.035448091104626656,-0.12242747098207474,-0.03328679036349058,0.04248747415840626,-0.14078539609909058,-0.058019716292619705,0.04497595317661762,-0.15231377631425858,-0.014948014635592699,0.0031873321859166026,-0.09643766423687339,-0.026383955031633377,0.00692556519061327,-0.13339382782578468,-0.04296300373971462,0.003933476284146309,-0.1545632779598236,-0.05848178267478943,0.005827553570270538,-0.17341965436935425,-0.023088793037459254,-0.015551924705505371,-0.09124151710420847,-0.03482051193714142,-0.01675691269338131,-0.12063194438815117,-0.048644429072737694,-0.017556915059685707,-0.14048117399215698,-0.06423589587211609,-0.014259124174714088,-0.15717464685440063,-0.029658823274075985,-0.03151680715382099,-0.07491522654891014,-0.03585599735379219,-0.03773079253733158,-0.09627233166247606,-0.0419977642595768,-0.04338631592690945,-0.11350999213755131,-0.051722217351198196,-0.046499939635396004,-0.12941913306713104
0.0,0.0,0.0,-0.009930284228175879,0.027509193867444992,-0.025773756206035614,-0.0181496306322515,0.050034090876579285,-0.049972519278526306,-0.020917053800076246,0.06849022209644318,-0.07743000704795122,-0.021263700909912586,0.08130191266536713,-0.10202063620090485,-0.009444559924304485,0.02486259862780571,-0.09701422601938248,-0.019344692584127188,0.03116188943386078,-0.12534365057945251,-0.0277052354067564,0.03542198985815048,-0.14561332762241364,-0.05295733455568552,0.03627884387969971,-0.1576128676533699,-0.00989463971927762,0.002208969905041158,-0.09838328370824456,-0.019205591175705194,0.004540609195828438,-0.13439742103219032,-0.03542653005570173,0.0027022603899240494,-0.15822819620370865,-0.05089747253805399,0.00532061792910099,-0.17855538427829742,-0.018403636058792472,-0.014998389407992363,-0.09185920283198357,-0.028400830924510956,-0.016152579337358475,-0.12279096990823746,-0.041595968417823315,-0.014570193365216255,-0.14293117076158524,-0.057955232448875904,-0.01047457940876484,-0.1620800420641899,-0.0264652157202363,-0.03084411472082138,-0.07560768723487854,-0.03150804992765188,-0.03600415959954262,-0.09748275112360716,-0.03873883280903101,-0.03998475894331932,-0.11658420041203499,-0.0494418116286397,-0.04090459644794464,-0.1337929517030716
0.0,0.0,0.0,-0.01149082649499178,0.026152577251195908,-0.02696164697408676,-0.018190987408161163,0.04550720751285553,-0.05581191927194595,-0.025349518284201622,0.056248344480991364,-0.08862254023551941,-0.0238044336438179,0.06800932809710503,-0.11407580971717834,-0.0036569912917912006,0.021285980939865112,-0.09928876021876931,-0.012007472570985556,0.024319294840097427,-0.12876822799444199,-0.019604448229074478,0.026661712676286697,-0.15058676898479462,-0.042497798800468445,0.0256233811378479,-0.16646553575992584,-0.002332814037799835,-0.0007971270242705941,-0.10010545328259468,-0.009096446563489735,-0.0001752767711877823,-0.13823414221405983,-0.0247327983379364,-0.0013394169509410858,-0.16286208480596542,-0.03913142718374729,0.0021850354969501495,-0.1860506236553192,-0.01035780762322247,-0.019708212465047836,-0.09311538515612483,-0.01892925798892975,-0.020508088171482086,-0.1252735611051321,-0.030396992340683937,-0.017066316679120064,-0.14620263874530792,-0.04464171081781387,-0.011438561603426933,-0.16787223517894745,-0.018411624245345592,-0.03454891964793205,-0.07691282033920288,-0.024112707003951073,-0.03664270415902138,-0.10041898535564542,-0.0327376164495945,-0.03795003145933151,-0.12269800528883934,-0.04219552129507065,-0.03614546358585358,-0.14066588878631592
0.0,0.0,0.0,-0.01154112326912582,0.026148300617933273,-0.0270148366689682,-0.018289512023329735,0.04555381461977959,-0.05572091042995453,-0.025732307694852352,0.05605428293347359,-0.08870530873537064,-0.02458134014159441,0.06754864007234573,-0.11416937597095966,-0.00380747951567173,0.02122587151825428,-0.09934571385383606,-0.012145152548328042,0.024167150259017944,-0.12876616418361664,-0.0198216550052166,0.02643631398677826,-0.15062754228711128,-0.042652604170143604,0.02522066794335842,-0.16650455445051193,-0.002532871440052986,-0.0008357566548511386,-0.10017958749085665,-0.009134992258623242,-0.00022473838180303574,-0.13839620351791382,-0.024826460517942905,-0.001400243490934372,-0.1630326732993126,-0.03930538985878229,0.002118408679962158,-0.18639470636844635,-0.01063532242551446,-0.019719209522008896,-0.0932038389146328,-0.019169033505022526,-0.020600296556949615,-0.12535997852683067,-0.030651169829070568,-0.017080264165997505,-0.1463187113404274,-0.04498626012355089,-0.011525264009833336,-0.16802096366882324,-0.018692356534302235,-0.03452691435813904,-0.07688224501907825,-0.024386347271502018,-0.0365828312933445,-0.10031402390450239,-0.033018686808645725,-0.037909019738435745,-0.12276981398463249,-0.04252826515585184,-0.036186642944812775,-0.14085005968809128
0.0,0.0,0.0,-0.008834305219352245,0.02633175626397133,-0.029315762221813202,-0.0239240899682045,0.0406864769756794,-0.057885777205228806,-0.04223071318119764,0.04219352453947067,-0.09213091060519218,-0.05163512285798788,0.0414145365357399,-0.12113690376281738,-0.00663569662719965,0.021222317591309547,-0.10500233806669712,-0.014283777680248022,0.020004283636808395,-0.13441594690084457,-0.0194429075345397,0.01775692030787468,-0.1573352813720703,-0.040351937524974346,0.014108024537563324,-0.17651619017124176,-0.005760997533798218,-0.0013383259065449238,-0.10376250464469194,-0.010980046587064862,-0.0014118049293756485,-0.1435626819729805,-0.022080709226429462,-0.004052877426147461,-0.17089007049798965,-0.034361264668405056,-0.001079954206943512,-0.1950572207570076,-0.014166578650474548,-0.018627505749464035,-0.09621226275339723,-0.0198459280654788,-0.019619423896074295,-0.1288515105843544,-0.030699788592755795,-0.018641715869307518,-0.15293233841657639,-0.043442136608064175,-0.013253418728709221,-0.17645490169525146,-0.022022859193384647,-0.032191116362810135,-0.07800916954874992,-0.025495783425867558,-0.035694681107997894,-0.10365567775443196,-0.03128460329025984,-0.0360199399292469,-0.1282200887799263,-0.0408990727737546,-0.03528585284948349,-0.14735066145658493
0.0,0.0,0.0,-0.00741172581911087,0.0256235022097826,-0.029970429837703705,-0.022736904211342335,0.03946048393845558,-0.05789412558078766,-0.04335523024201393,0.0393165685236454,-0.09125331975519657,-0.054649580270051956,0.038235049694776535,-0.11884749308228493,-0.003562871366739273,0.020209748297929764,-0.10534497164189816,-0.011457724729552865,0.01843101903796196,-0.13469445332884789,-0.016643688548356295,0.016168126836419106,-0.1575886607170105,-0.036131175234913826,0.012271620333194733,-0.1779080182313919,-0.003998461179435253,-0.002484766999259591,-0.10386050026863813,-0.009236280573531985,-0.0022885706275701523,-0.14428063482046127,-0.01934397779405117,-0.005880160257220268,-0.17137396335601807,-0.030631667003035545,-0.0032182857394218445,-0.19708282500505447,-0.01472186716273427,-0.018804237246513367,-0.0961692463606596,-0.020586836151778698,-0.019587472081184387,-0.12911628931760788,-0.031638218089938164,-0.01899162493646145,-0.15354210883378983,-0.044402848929166794,-0.014284050092101097,-0.17764662951231003,-0.023861904628574848,-0.03161345236003399,-0.07735410891473293,-0.027808813378214836,-0.034760743379592896,-0.10360596142709255,-0.03418935835361481,-0.034833572804927826,-0.12809599190950394,-0.04408887401223183,-0.033670973032712936,-0.1474279873073101
0.0,0.0,0.0,-0.006495617737527937,0.02546544000506401,-0.030032142996788025,-0.02060383278876543,0.03930128365755081,-0.058852843940258026,-0.04191252309828997,0.03853851184248924,-0.09248579945415258,-0.05318230111151934,0.037074457854032516,-0.12047116085886955,8.841557428240776e-05,0.019032329320907593,-0.1069344817660749,-0.007303199949092232,0.01713286153972149,-0.13634217530488968,-0.01145820738747716,0.015096159651875496,-0.16018611565232277,-0.02978345286101103,0.01129874587059021,-0.1811574473977089,-0.0006901323795318604,-0.0037585136014968157,-0.10561001161113381,-0.005612258100882173,-0.004144802689552307,-0.1470106765627861,-0.013901595026254654,-0.007678944617509842,-0.17410501837730408,-0.023497105576097965,-0.003976862877607346,-0.20118679106235504,-0.01255375612527132,-0.02007208950817585,-0.097970190923661,-0.01833442412316799,-0.021489206701517105,-0.1314104124903679,-0.029229932464659214,-0.020750297233462334,-0.15594416856765747,-0.040660289116203785,-0.015215680003166199,-0.1799120381474495,-0.022593832574784756,-0.032520703971385956,-0.07872764952480793,-0.026747372932732105,-0.035933978855609894,-0.10560454847291112,-0.033504136838018894,-0.03483862429857254,-0.12999693676829338,-0.04345323238521814,-0.03260190784931183,-0.1486399844288826
0.0,0.0,0.0,-0.006944896187633276,0.025786802172660828,-0.030310578644275665,-0.021620907820761204,0.03931080922484398,-0.05864198878407478,-0.04337673354893923,0.038718897849321365,-0.09249287750571966,-0.05519722495228052,0.03873606026172638,-0.12053142674267292,-0.002552391029894352,0.019544949755072594,-0.10739897564053535,-0.010261648374580545,0.017488757148385048,-0.1366308107972145,-0.01406864169985056,0.015285670757293701,-0.16046609729528427,-0.03130004834383726,0.011764585971832275,-0.1814194843173027,-0.0035495166666805744,-0.003286401741206646,-0.10608375398442149,-0.00905011419672519,-0.00386761873960495,-0.1468668431043625,-0.017054584342986345,-0.007624603807926178,-0.17420288920402527,-0.02526944689452648,-0.004086658358573914,-0.20101401209831238,-0.015361776575446129,-0.019661102443933487,-0.09811035869643092,-0.021443943493068218,-0.021273724734783173,-0.1312301941215992,-0.031224156729876995,-0.020419646054506302,-0.15586892887949944,-0.04159034136682749,-0.014783428981900215,-0.1802479550242424,-0.02523310761898756,-0.03207016363739967,-0.0787291917949915,-0.029507753439247608,-0.03519020974636078,-0.10530159762129188,-0.035926160402596,-0.03434795141220093,-0.12938965111970901,-0.045486786402761936,-0.03235797584056854,-0.1489075869321823
0.0,0.0,0.0,-0.007407164026517421,0.026290714740753174,-0.030281729996204376,-0.021487738471478224,0.04054083302617073,-0.058659229427576065,-0.04143105214461684,0.040295835584402084,-0.09289570339024067,-0.05198060115799308,0.040029194205999374,-0.1220288798213005,0.0009636511094868183,0.020227037370204926,-0.10832775244489312,-0.007361871714238077,0.018061615526676178,-0.13771914690732956,-0.010735067073255777,0.0161492507904768,-0.16220688074827194,-0.028317667078226805,0.012523990124464035,-0.18334852159023285,0.00012324610725045204,-0.002643312094733119,-0.10733233485370874,-0.004288890631869435,-0.003272049129009247,-0.14864670857787132,-0.012932850979268551,-0.006160486489534378,-0.1763589158654213,-0.020604323130100965,-0.0020403824746608734,-0.20318475365638733,-0.011572245042771101,-0.019208183512091637,-0.09963220218196511,-0.01713756611570716,-0.020574528723955154,-0.13362997025251389,-0.026355433743447065,-0.019772760570049286,-0.15789008513092995,-0.03556919237598777,-0.01382024958729744,-0.18222956359386444,-0.021965089719742537,-0.03165248781442642,-0.0806861612945795,-0.02515424182638526,-0.034694965928792953,-0.10741628427058458,-0.030290634837001562,-0.03337465785443783,-0.13246141001582146,-0.03850143542513251,-0.031637292355298996,-0.15209269523620605
0.0,0.0,0.0,-0.007474609185010195,0.026249917224049568,-0.030364327132701874,-0.022046539932489395,0.04054854065179825,-0.058385856449604034,-0.04225263465195894,0.040212370455265045,-0.09266189020127058,-0.05313358549028635,0.039682161062955856,-0.12166943028569221,0.0003891056403517723,0.020124755799770355,-0.10822342010214925,-0.008048373856581748,0.018017344176769257,-0.13781515881419182,-0.01168131548911333,0.016107575967907906,-0.1622660905122757,-0.029594832099974155,0.012568172067403793,-0.18320037424564362,-0.0005290824919939041,-0.0027022273279726505,-0.10733363265171647,-0.005039683543145657,-0.003263581544160843,-0.14860490709543228,-0.013819823507219553,-0.006252216175198555,-0.17633719742298126,-0.021876918151974678,-0.002185005694627762,-0.2031719759106636,-0.012202064041048288,-0.019125325605273247,-0.09956994326785207,-0.01779801305383444,-0.020578544586896896,-0.13365386798977852,-0.02690716739743948,-0.019799981266260147,-0.15787919610738754,-0.03645051922649145,-0.013781484216451645,-0.18223438411951065,-0.022515959106385708,-0.0316908173263073,-0.08059053868055344,-0.025661001913249493,-0.03473292291164398,-0.10740620782598853,-0.031016708351671696,-0.03340863063931465,-0.13233960419893265,-0.03929808083921671,-0.031667713075876236,-0.15204930305480957
0.0,0.0,0.0,-0.006588057265616953,0.026149967685341835,-0.030526921153068542,-0.019918294623494148,0.03998193517327309,-0.059609562158584595,-0.038987199775874615,0.03975295647978783,-0.09385310858488083,-0.04897304158657789,0.04014138877391815,-0.12266590818762779,0.0019227080047130585,0.019825881347060204,-0.10808153543621302,-0.006056073063518852,0.01801580935716629,-0.1375468298792839,-0.00960391666740179,0.016138816252350807,-0.1618177928030491,-0.026305698789656162,0.01309514231979847,-0.18334417790174484,0.0004134839400649071,-0.0027422248385846615,-0.10692150657996535,-0.003899496514350176,-0.003276234492659569,-0.14806165918707848,-0.01210399204865098,-0.006330952048301697,-0.17569809406995773,-0.02030422631651163,-0.0025602690875530243,-0.20255520194768906,-0.011833596508949995,-0.019061671569943428,-0.0990835246630013,-0.016810066998004913,-0.02055199071764946,-0.13293974101543427,-0.025910881347954273,-0.019271647557616234,-0.15720225498080254,-0.034906492568552494,-0.01331302896142006,-0.18168844282627106,-0.022277343086898327,-0.03140439838171005,-0.07986454106867313,-0.02522981446236372,-0.034287698566913605,-0.10643982654437423,-0.030510268174111843,-0.03331751562654972,-0.13144700601696968,-0.03825640957802534,-0.03143420070409775,-0.15123861283063889
0.0,0.0,0.0,-0.0073912725783884525,0.026413068175315857,-0.031136982142925262,-0.021702608559280634,0.04030739143490791,-0.05933251976966858,-0.04083118261769414,0.040025681257247925,-0.0939262043684721,-0.049830608535557985,0.040300436317920685,-0.12329936772584915,0.0012251553125679493,0.019902542233467102,-0.10832747630774975,-0.007202998036518693,0.017470642924308777,-0.13822182267904282,-0.011279416270554066,0.015422135591506958,-0.1624777391552925,-0.029700004030019045,0.011361910030245781,-0.18260520696640015,0.0006656916812062263,-0.0030580353923141956,-0.10740932822227478,-0.003867329563945532,-0.0041129328310489655,-0.14858701080083847,-0.0131090572103858,-0.007584886625409126,-0.17592628300189972,-0.022146847564727068,-0.0038432106375694275,-0.20251871645450592,-0.010514339432120323,-0.019444512203335762,-0.09928908385336399,-0.015784792136400938,-0.02174246683716774,-0.13382840529084206,-0.024880407843738794,-0.021008724346756935,-0.15827828273177147,-0.03479068959131837,-0.015426268801093102,-0.18280364573001862,-0.020833146292716265,-0.032372696325182915,-0.0804151576012373,-0.023722947109490633,-0.03578455373644829,-0.10741459205746651,-0.02940660761669278,-0.03467632830142975,-0.1317756548523903,-0.038091414142400026,-0.03302384912967682,-0.15138761699199677
0.0,0.0,0.0,-0.007200999709311873,0.026248827576637268,-0.030517540872097015,-0.021359664853662252,0.04040151461958885,-0.05901911482214928,-0.040546969044953585,0.03984200581908226,-0.09358694963157177,-0.049762160051614046,0.0401601567864418,-0.12283952906727791,0.0007314556278288364,0.01989796943962574,-0.10800991021096706,-0.0074319965206086636,0.017720429226756096,-0.13759231567382812,-0.011366252787411213,0.015527062118053436,-0.16199839860200882,-0.029467810411006212,0.011750876903533936,-0.18228428065776825,0.00021572597324848175,-0.002964396495372057,-0.10703533422201872,-0.004568518255837262,-0.004047520458698273,-0.14805935323238373,-0.014003487769514322,-0.007254002615809441,-0.17542406171560287,-0.022895619738847017,-0.0034447722136974335,-0.20168744772672653,-0.011119049042463303,-0.019473200663924217,-0.09890873078256845,-0.01662982488051057,-0.021444814279675484,-0.133046954870224,-0.026204964611679316,-0.020692789927124977,-0.15729736164212227,-0.0359671120531857,-0.014992117881774902,-0.1813470721244812,-0.02119392855092883,-0.03220140561461449,-0.07991810329258442,-0.02435072371736169,-0.03533018380403519,-0.10639268439263105,-0.030298101250082254,-0.03423300012946129,-0.130971135571599,-0.0386030119843781,-0.032438360154628754,-0.15049203485250473
0.0,0.0,0.0,-0.0071091296267695725,0.025983231142163277,-0.030811525881290436,-0.020718047861009836,0.04011909291148186,-0.05956483259797096,-0.04002430150285363,0.040060389786958694,-0.09393617790192366,-0.04977946961298585,0.03978187218308449,-0.12300987914204597,0.0010189092718064785,0.019590308889746666,-0.1083611766807735,-0.0067551918618846685,0.017064271494746208,-0.13774485513567924,-0.010774818249046803,0.014864735305309296,-0.16221872717142105,-0.028116753790527582,0.011081691831350327,-0.18270617723464966,0.0005508093163371086,-0.0036396763753145933,-0.10714244423434138,-0.004547556862235069,-0.004742121323943138,-0.14831207320094109,-0.013288833666592836,-0.008071905001997948,-0.1753655970096588,-0.02185791963711381,-0.0044975727796554565,-0.2021450772881508,-0.011210216674953699,-0.020156875252723694,-0.09914432279765606,-0.016940112691372633,-0.022336136549711227,-0.13307907432317734,-0.026345085818320513,-0.02132416144013405,-0.15748703479766846,-0.03658354701474309,-0.016096238046884537,-0.1815418303012848,-0.02144595654681325,-0.033115169033408165,-0.07998090237379074,-0.02472475776448846,-0.036404263228178024,-0.10704863723367453,-0.030622825492173433,-0.03528265655040741,-0.13165899366140366,-0.0393500835634768,-0.03336150199174881,-0.15100326389074326
0.0,0.0,0.0,-0.006480240495875478,0.025775069370865822,-0.030689053237438202,-0.020203680731356144,0.03984782099723816,-0.0590897798538208,-0.0391109399497509,0.04037413001060486,-0.09340184181928635,-0.04901781491935253,0.04022503271698952,-0.12244473583996296,-0.00030872179195284843,0.019397759810090065,-0.10738732200115919,-0.008235666464315727,0.017306238412857056,-0.13685597479343414,-0.012563368771225214,0.01509014330804348,-0.16056666523218155,-0.030131790786981583,0.011368155479431152,-0.1807241067290306,-0.0013366513885557652,-0.003475335193797946,-0.1060850266367197,-0.006832583108916879,-0.0039548929780721664,-0.14678070694208145,-0.016200724057853222,-0.007722053676843643,-0.17377911508083344,-0.02534644864499569,-0.004596605896949768,-0.2001616656780243,-0.012969294097274542,-0.019725415855646133,-0.09805585350841284,-0.01883815787732601,-0.02137691341340542,-0.131257101893425,-0.028249718248844147,-0.020649844780564308,-0.15598101541399956,-0.03796678967773914,-0.01522812806069851,-0.17992211878299713,-0.023044499568641186,-0.03226418048143387,-0.07912809774279594,-0.026652757078409195,-0.03521999716758728,-0.10533246072009206,-0.032443318516016006,-0.0341557115316391,-0.12946566194295883,-0.04115361161530018,-0.03276849165558815,-0.1490442156791687
0.0,0.0,0.0,-0.006400775862857699,0.025748679414391518,-0.030697494745254517,-0.020130839198827744,0.03980762138962746,-0.05905775725841522,-0.03891587443649769,0.040402721613645554,-0.09340851288288832,-0.048831114545464516,0.040438830852508545,-0.12234533205628395,-0.0002580038271844387,0.019557705149054527,-0.10725400550290942,-0.008172055124305189,0.017563141882419586,-0.13662395626306534,-0.012787730433046818,0.015242690220475197,-0.16042300313711166,-0.030712736770510674,0.011618290096521378,-0.18046798557043076,-0.0012977076694369316,-0.0032842918299138546,-0.10586014064028859,-0.006964284693822265,-0.003650020807981491,-0.14659760519862175,-0.016473278403282166,-0.007462110370397568,-0.17362439632415771,-0.02580607496201992,-0.004365507513284683,-0.200099378824234,-0.013074686750769615,-0.019432295113801956,-0.09782491391524673,-0.019094699062407017,-0.021083101630210876,-0.13108085840940475,-0.02853681519627571,-0.020189844071865082,-0.15577725693583488,-0.03864014707505703,-0.01503714732825756,-0.17972943931818008,-0.02328363247215748,-0.03202660381793976,-0.07887657359242439,-0.026913205161690712,-0.034913383424282074,-0.10503161465749145,-0.032842010259628296,-0.033935658633708954,-0.12929284572601318,-0.041657643392682076,-0.03258685767650604,-0.14881432056427002
0.0,0.0,0.0,-0.007337954477407038,0.025629982352256775,-0.030704863369464874,-0.021004795096814632,0.04056745022535324,-0.0587899386882782,-0.04043073300272226,0.04168369621038437,-0.0933756623417139,-0.049600099213421345,0.041918352246284485,-0.12268413230776787,-0.00012190919369459152,0.019312098622322083,-0.10734640154987574,-0.008551924605853856,0.017020100727677345,-0.13696524873375893,-0.01221697311848402,0.015392042696475983,-0.16109991073608398,-0.030203000642359257,0.010910997167229652,-0.1810394749045372,-0.0006718779914081097,-0.0035752104595303535,-0.10671381978318095,-0.005755172343924642,-0.004985935986042023,-0.14761512726545334,-0.014535236172378063,-0.00789734348654747,-0.17396016418933868,-0.023104731924831867,-0.005068503320217133,-0.20136328786611557,-0.011579601559787989,-0.020184380933642387,-0.09896860271692276,-0.01672004535794258,-0.022191811352968216,-0.1330927386879921,-0.024938794784247875,-0.021577822044491768,-0.1575433351099491,-0.03345039952546358,-0.017371797934174538,-0.1816968321800232,-0.02142002433538437,-0.03353628143668175,-0.08056590333580971,-0.02425654325634241,-0.0365985631942749,-0.10700453631579876,-0.029696338810026646,-0.03518901579082012,-0.13093669712543488,-0.03807346988469362,-0.03353644534945488,-0.150755163282156
0.0,0.0,0.0,-0.00950578786432743,0.024516606703400612,-0.028251245617866516,-0.0252373144030571,0.04101112484931946,-0.0555470809340477,-0.04494337923824787,0.0445513017475605,-0.08840481843799353,-0.05427785776555538,0.045054540038108826,-0.11725335009396076,-0.014116642996668816,0.02101922407746315,-0.1018957607448101,-0.022834415780380368,0.02020328678190708,-0.13107050582766533,-0.028685206547379494,0.01884286291897297,-0.15295707806944847,-0.05091557092964649,0.015761524438858032,-0.16979605704545975,-0.013780238572508097,-0.0014516679802909493,-0.10144444135949016,-0.02135631232522428,-0.003492632880806923,-0.1407575160264969,-0.03344729170203209,-0.006546476855874062,-0.1656351312994957,-0.04760892875492573,-0.004620686173439026,-0.18942483514547348,-0.02199327084235847,-0.018458105623722076,-0.09439344238489866,-0.030387215316295624,-0.021414555609226227,-0.12622354924678802,-0.041882362216711044,-0.022019704803824425,-0.14888979122042656,-0.05373981036245823,-0.020151007920503616,-0.17158130556344986,-0.028588104993104935,-0.03313565067946911,-0.07676614262163639,-0.03431433346122503,-0.03610094636678696,-0.10058986768126488,-0.04384082742035389,-0.035698335617780685,-0.12321043759584427,-0.05461830832064152,-0.03489137813448906,-0.14167045801877975
0.0,0.0,0.0,-0.011667463462799788,0.027058234438300133,-0.02598409354686737,-0.02429699618369341,0.045287881046533585,-0.051991380751132965,-0.03909279778599739,0.05428594723343849,-0.0821928707882762,-0.044209687039256096,0.0566139817237854,-0.10873531363904476,-0.012653068406507373,0.022496283054351807,-0.09642565436661243,-0.022360906936228275,0.029171835631132126,-0.12404951825737953,-0.030823692679405212,0.032650213688611984,-0.14462028071284294,-0.05526658706367016,0.03203149512410164,-0.15743336081504822,-0.011198529973626137,-3.985152579843998e-05,-0.09764164965599775,-0.019404212944209576,-3.840029239654541e-05,-0.13488579168915749,-0.03502860106527805,-0.002804325893521309,-0.1589520275592804,-0.05016220174729824,-0.0015614740550518036,-0.17920421808958054,-0.018616378540173173,-0.017481062561273575,-0.09220763575285673,-0.027923579327762127,-0.021265316754579544,-0.12345893681049347,-0.04112885519862175,-0.022268515080213547,-0.1433313488960266,-0.055844804272055626,-0.021420832723379135,-0.16173319518566132,-0.025088438764214516,-0.032290268689394,-0.07650873810052872,-0.031502069905400276,-0.03620731458067894,-0.09767923224717379,-0.03858021833002567,-0.03885635361075401,-0.11832363717257977,-0.04769561626017094,-0.03887859731912613,-0.13422897458076477
0.0,0.0,0.0,-0.010260485112667084,0.025233004242181778,-0.024001844227313995,-0.02183998527470976,0.046364834532141685,-0.048960648477077484,-0.03147435933351517,0.06112074665725231,-0.07561667170375586,-0.036305518820881844,0.07167078368365765,-0.10054495371878147,-0.01665637199766934,0.0197638887912035,-0.09171719569712877,-0.02605490293353796,0.030704503878951073,-0.11689741536974907,-0.0336065124720335,0.03781663440167904,-0.1366065964102745,-0.05586116947233677,0.04008217714726925,-0.14914174005389214,-0.01537802629172802,-0.0006071188254281878,-0.09267487283796072,-0.026172348763793707,0.0012246649712324142,-0.12749940901994705,-0.03972164914011955,-0.003290606662631035,-0.1497451364994049,-0.05534849874675274,-0.002854578197002411,-0.17023377865552902,-0.022801032988354564,-0.017422035336494446,-0.08613580884411931,-0.033717935904860497,-0.02308223769068718,-0.1147354319691658,-0.045522939413785934,-0.027031121775507927,-0.1344280168414116,-0.05851673521101475,-0.028761859983205795,-0.1520296260714531,-0.02758253738284111,-0.03284786082804203,-0.07008279487490654,-0.033484239131212234,-0.03935580514371395,-0.08952769171446562,-0.04110679589211941,-0.0488045122474432,-0.10712013579905033,-0.048404933884739876,-0.05103870667517185,-0.12209410965442657
0.0,0.0,0.0,-0.011901354417204857,0.02534245140850544,-0.022522248327732086,-0.023751383647322655,0.04745684005320072,-0.048363372683525085,-0.03108444157987833,0.06321460194885731,-0.07475581206381321,-0.03462724108248949,0.07672581262886524,-0.1001623272895813,-0.018640408292412758,0.020359806716442108,-0.09278398333117366,-0.028424215503036976,0.031268419697880745,-0.11694358289241791,-0.03650427609682083,0.03847506828606129,-0.13615703955292702,-0.0599878765642643,0.04064793698489666,-0.14874078705906868,-0.01650476362556219,-0.0009522780310362577,-0.09355543507263064,-0.028504373040050268,-0.0006213560700416565,-0.12837900966405869,-0.04399377293884754,-0.00526362843811512,-0.14974969252943993,-0.06184405833482742,-0.006214538589119911,-0.1700248122215271,-0.023360747727565467,-0.01952374167740345,-0.08641217509284616,-0.03652993030846119,-0.026341723278164864,-0.11464672163128853,-0.050983091816306114,-0.030370131134986877,-0.1330929920077324,-0.06705515086650848,-0.03295416012406349,-0.15026379376649857,-0.02789196465164423,-0.03564061038196087,-0.06990634836256504,-0.03437673021107912,-0.043414169922471046,-0.08777081780135632,-0.04370888136327267,-0.054120151326060295,-0.104789474979043,-0.05238416977226734,-0.05753854848444462,-0.12057028710842133
0.0,0.0,0.0,-0.011704781092703342,0.02552199363708496,-0.022732555866241455,-0.023049988551065326,0.047657642513513565,-0.04859280586242676,-0.030236802995204926,0.06335600838065147,-0.07528150361031294,-0.033242978155612946,0.0768098421394825,-0.10058699734508991,-0.01723262225277722,0.02045292593538761,-0.09301127213984728,-0.02681255992501974,0.0313204862177372,-0.11726208031177521,-0.034718865528702736,0.03856940194964409,-0.13631687685847282,-0.058313172310590744,0.04056797921657562,-0.14896109327673912,-0.015023710206151009,-0.0009358010720461607,-0.09371708007529378,-0.026818367186933756,-0.0005181413143873215,-0.12887390330433846,-0.04246256500482559,-0.005475657060742378,-0.1502091959118843,-0.06019734591245651,-0.006337445229291916,-0.17060790210962296,-0.021999971359036863,-0.019649537280201912,-0.08662670571357012,-0.03493907209485769,-0.026454905048012733,-0.11492308601737022,-0.049546271562576294,-0.03063054382801056,-0.13356062769889832,-0.06564237549901009,-0.033104825764894485,-0.15075325220823288,-0.026844570878893137,-0.035622354596853256,-0.07014277577400208,-0.03307479899376631,-0.04353928938508034,-0.08797524776309729,-0.04222607798874378,-0.054162994027137756,-0.10516759194433689,-0.05107501894235611,-0.05784573033452034,-0.12111442163586617
0.0,0.0,0.0,-0.013931768015027046,0.025600582361221313,-0.02263937145471573,-0.0256875412305817,0.04743850603699684,-0.047488968819379807,-0.035555156879127026,0.06448816508054733,-0.07395007461309433,-0.03948712442070246,0.0788126215338707,-0.09791771322488785,-0.021601101849228144,0.020920196548104286,-0.09380870452150702,-0.03146587545052171,0.032122496515512466,-0.11763819493353367,-0.03923344425857067,0.0396353155374527,-0.13610512763261795,-0.063783198595047,0.04172787815332413,-0.14863834157586098,-0.018987524323165417,-0.0007931375876069069,-0.0941777778789401,-0.031086135655641556,-0.0009803343564271927,-0.13056152313947678,-0.04737606458365917,-0.006334396079182625,-0.151032917201519,-0.06639853864908218,-0.007450539618730545,-0.17052945494651794,-0.025906747905537486,-0.019859623163938522,-0.08713978808373213,-0.038732994347810745,-0.027331773191690445,-0.11571907624602318,-0.05404599383473396,-0.031892478466033936,-0.13480973988771439,-0.07140007615089417,-0.034695371985435486,-0.1513703539967537,-0.029810619074851274,-0.035871345549821854,-0.06985482387244701,-0.03608050849288702,-0.04497378319501877,-0.08772639185190201,-0.04506473243236542,-0.0564715713262558,-0.1047276109457016,-0.05534370616078377,-0.061185821890830994,-0.12005440890789032
0.0,0.0,0.0,-0.013146860525012016,0.02495492808520794,-0.022471196949481964,-0.02510512969456613,0.047092823311686516,-0.04711639881134033,-0.03459622710943222,0.0647530984133482,-0.07264491729438305,-0.03828004561364651,0.07948359660804272,-0.0961906686425209,-0.021462622797116637,0.020287280902266502,-0.09286234993487597,-0.031047513708472252,0.031169885769486427,-0.11691006273031235,-0.038878390565514565,0.03894220106303692,-0.13501755893230438,-0.06312951818108559,0.041168464347720146,-0.14798953756690025,-0.01863356912508607,-0.0011801788350567222,-0.0931967319920659,-0.031072702258825302,-0.0011438429355621338,-0.12928945943713188,-0.046810686588287354,-0.006372351199388504,-0.1495857648551464,-0.06552163511514664,-0.007410336285829544,-0.1694154217839241,-0.02545013336930424,-0.019791681319475174,-0.08637170819565654,-0.03867335431277752,-0.027058454230427742,-0.11446347460150719,-0.05453035421669483,-0.03209924139082432,-0.13354625180363655,-0.0709848664700985,-0.03448770381510258,-0.1498226560652256,-0.029211221728473902,-0.035825708881020546,-0.06950315274298191,-0.03571505285799503,-0.04473700933158398,-0.08738456480205059,-0.04495399817824364,-0.05615985207259655,-0.10425109043717384,-0.054841453209519386,-0.06049235351383686,-0.11994757130742073
0.0,0.0,0.0,-0.012541424483060837,0.0243160929530859,-0.022546716034412384,-0.02496287561370991,0.046985769644379616,-0.04713807255029678,-0.03440219908952713,0.06514892913401127,-0.0717540318146348,-0.036854580976068974,0.08080198056995869,-0.09432611241936684,-0.022444210713729262,0.01839534193277359,-0.09168409556150436,-0.03172338800504804,0.030252011492848396,-0.11623315140604973,-0.03987947292625904,0.03798528201878071,-0.13539189845323563,-0.06447980366647243,0.041797908022999763,-0.14743181318044662,-0.019781145732849836,-0.0023291136603802443,-0.09262833604589105,-0.03304722998291254,-0.002436990849673748,-0.1277092956006527,-0.047190576791763306,-0.007424479350447655,-0.14869819581508636,-0.0661871675401926,-0.00881350040435791,-0.16846617311239243,-0.026350104017183185,-0.01974610984325409,-0.08525912975892425,-0.03946423809975386,-0.0269848071038723,-0.11331577226519585,-0.054495736956596375,-0.032599156722426414,-0.13249711319804192,-0.07050624303519726,-0.03523204289376736,-0.14943084865808487,-0.029858130495995283,-0.035229453817009926,-0.06851208582520485,-0.03643662203103304,-0.044850392267107964,-0.08699971251189709,-0.04591589979827404,-0.05654936842620373,-0.10301345959305763,-0.05455817095935345,-0.06030881963670254,-0.11993966996669769
0.0,0.0,0.0,-0.012150839902460575,0.024585196748375893,-0.02244376391172409,-0.024397916451562196,0.04757009074091911,-0.046615514904260635,-0.033034306950867176,0.06570613756775856,-0.07096077501773834,-0.03555975016206503,0.08115154132246971,-0.09309511259198189,-0.021474565379321575,0.018588155508041382,-0.0915143322199583,-0.03070397349074483,0.03020476922392845,-0.11601890996098518,-0.039651425555348396,0.03810257092118263,-0.13514764234423637,-0.06457543186843395,0.04195481166243553,-0.14689265564084053,-0.019178005401045084,-0.0024179044412449002,-0.09251720318570733,-0.03216857649385929,-0.002191205509006977,-0.1274784915149212,-0.04715899005532265,-0.007211070507764816,-0.14848409593105316,-0.06660604663193226,-0.008806036785244942,-0.16834542900323868,-0.02597128681372851,-0.019876999780535698,-0.08517805952578783,-0.03934204578399658,-0.027072295546531677,-0.11368736810982227,-0.05413065664470196,-0.03199125453829765,-0.13258882611989975,-0.07138660736382008,-0.03471163287758827,-0.14952759444713593,-0.029986111912876368,-0.03554673492908478,-0.06829512491822243,-0.036321792751550674,-0.04478076100349426,-0.08697315957397223,-0.045956531539559364,-0.0563790425658226,-0.10301674529910088,-0.054949771612882614,-0.06012621149420738,-0.12017132714390755
0.0,0.0,0.0,-0.012780405580997467,0.024926461279392242,-0.022387713193893433,-0.025163131853332743,0.04752700589597225,-0.04665941745042801,-0.03447177354246378,0.06552816741168499,-0.0717533640563488,-0.03736905753612518,0.08114180527627468,-0.09408185258507729,-0.02201421558856964,0.019229279831051826,-0.09262631740421057,-0.03181445598602295,0.030526166781783104,-0.11722222901880741,-0.040741413831710815,0.0383067112416029,-0.13632331416010857,-0.06473319977521896,0.04203990660607815,-0.14778197184205055,-0.019750940147787333,-0.0019946637330576777,-0.09351188596338034,-0.03234977088868618,-0.0019996557384729385,-0.12916414439678192,-0.047555362805724144,-0.006536923348903656,-0.15006029605865479,-0.06629443541169167,-0.008192630484700203,-0.1698135957121849,-0.026497585931792855,-0.0200954582542181,-0.08603838412091136,-0.03978247009217739,-0.027061916887760162,-0.11494365893304348,-0.05429328233003616,-0.03134658373892307,-0.13374151661992073,-0.07151754572987556,-0.034021610394120216,-0.1504102647304535,-0.03056739829480648,-0.035841090604662895,-0.06888249889016151,-0.03713935241103172,-0.04487554915249348,-0.08785367012023926,-0.0462970957159996,-0.05589033104479313,-0.10414994694292545,-0.054993653669953346,-0.05997680313885212,-0.12085147947072983
0.0,0.0,0.0,-0.012398303486406803,0.025067482143640518,-0.02265319973230362,-0.024245240085292608,0.047643257305026054,-0.0468180850148201,-0.032949041575193405,0.06565008871257305,-0.07182602770626545,-0.03571010287851095,0.08123373799026012,-0.09403613582253456,-0.02064713789150119,0.019127748906612396,-0.09265667526051402,-0.030418954323977232,0.03043234907090664,-0.11714105866849422,-0.03944920748472214,0.03832894377410412,-0.13617800548672676,-0.0634059589356184,0.041921643540263176,-0.14750425517559052,-0.018564157653599977,-0.0020790547132492065,-0.09350023698061705,-0.031002508010715246,-0.0019343066960573196,-0.12906255200505257,-0.04619074426591396,-0.006502779200673103,-0.14997118711471558,-0.06466933526098728,-0.008267465978860855,-0.16979271918535233,-0.02554803667590022,-0.02006828971207142,-0.08610222628340125,-0.03857910167425871,-0.02707970142364502,-0.11495080590248108,-0.052886996418237686,-0.031295349821448326,-0.13385578989982605,-0.06995250843465328,-0.034093016758561134,-0.1505226269364357,-0.0298692281357944,-0.035797590389847755,-0.0689645130187273,-0.036297429352998734,-0.04482910968363285,-0.08788644336163998,-0.045246005058288574,-0.05584871955215931,-0.10428677685558796,-0.0538550429046154,-0.05999037064611912,-0.12107151746749878
0.0,0.0,0.0,-0.01307403389364481,0.025281734764575958,-0.02256428450345993,-0.02599573670886457,0.047747690230607986,-0.046673499047756195,-0.035559263080358505,0.06577446684241295,-0.07154981791973114,-0.039618853479623795,0.08143937215209007,-0.09386497549712658,-0.022664969554170966,0.019711462780833244,-0.09301183791831136,-0.032887122593820095,0.030697334557771683,-0.11761553958058357,-0.04167645424604416,0.03855205699801445,-0.13657492399215698,-0.06551059894263744,0.04207449033856392,-0.14784857630729675,-0.02058315835893154,-0.0016400673193857074,-0.09387851366773248,-0.032831266056746244,-0.0015618838369846344,-0.12953360006213188,-0.04831361211836338,-0.006198214367032051,-0.1503746584057808,-0.06666615419089794,-0.007674248889088631,-0.17023836821317673,-0.027164691360667348,-0.019879614934325218,-0.08635631343349814,-0.04017328470945358,-0.027187706902623177,-0.11547389812767506,-0.054435186088085175,-0.031367234885692596,-0.13414309546351433,-0.07167012803256512,-0.03414752706885338,-0.1511315181851387,-0.03122216323390603,-0.03592732176184654,-0.06914814561605453,-0.03769829589873552,-0.045022301375865936,-0.0882148016244173,-0.046784067526459694,-0.05574697628617287,-0.10457755252718925,-0.055987149477005005,-0.05981951206922531,-0.1210549809038639
0.0,0.0,0.0,-0.013474898412823677,0.026269201189279556,-0.022857658565044403,-0.02550407312810421,0.04856287129223347,-0.046685002744197845,-0.03478532936424017,0.06643645279109478,-0.07174450159072876,-0.03824120853096247,0.0824351366609335,-0.09415481798350811,-0.02178866323083639,0.0206589438021183,-0.09350527916103601,-0.03198370570316911,0.03131175972521305,-0.11841549724340439,-0.04026586562395096,0.0391723345965147,-0.13720836490392685,-0.06436942704021931,0.04220123775303364,-0.14854031801223755,-0.019599465187638998,-0.0011216475395485759,-0.09426175011321902,-0.0314859114587307,-0.0007902421057224274,-0.13068168237805367,-0.047730740159749985,-0.005968812853097916,-0.1511942446231842,-0.06591550819575787,-0.006882196292281151,-0.17123397439718246,-0.0263921155128628,-0.019732380285859108,-0.08702417556196451,-0.03875581454485655,-0.02752465195953846,-0.11634383723139763,-0.05338228680193424,-0.03152009658515453,-0.1352088898420334,-0.07025948725640774,-0.03359651006758213,-0.15199199318885803,-0.030453278217464685,-0.035688528791069984,-0.06984801031649113,-0.036552608013153076,-0.04498692788183689,-0.08880741521716118,-0.04510903358459473,-0.05539916269481182,-0.10542946122586727,-0.054688841104507446,-0.059323566034436226,-0.12150196731090546
0.0,0.0,0.0,-0.013936956413090229,0.02637433260679245,-0.02334803342819214,-0.02567885506141465,0.0486693624407053,-0.046484582126140594,-0.035508669912815094,0.06672481261193752,-0.07105543836951256,-0.038900758139789104,0.08292594365775585,-0.09302661567926407,-0.023119889898225665,0.02086694911122322,-0.09308985201641917,-0.03327546874061227,0.03166763298213482,-0.11817506700754166,-0.04166104085743427,0.03986896760761738,-0.13673950359225273,-0.06603320874273777,0.042956678196787834,-0.14803794398903847,-0.02088989084586501,-0.0008884316775947809,-0.0938142966479063,-0.032920158468186855,-0.00020236056298017502,-0.13027149811387062,-0.04947761446237564,-0.0053937118500471115,-0.15059927850961685,-0.06800719164311886,-0.006060061976313591,-0.17062071710824966,-0.027592888451181352,-0.019105391576886177,-0.08676573634147644,-0.040227003395557404,-0.026885034516453743,-0.11586029641330242,-0.0546526238322258,-0.03086412139236927,-0.13490907102823257,-0.07161572389304638,-0.03284200467169285,-0.15187332779169083,-0.031729684211313725,-0.03497000224888325,-0.0696176290512085,-0.03752657491713762,-0.044364193454384804,-0.08881250955164433,-0.045801764354109764,-0.05456575192511082,-0.10542088560760021,-0.05563206225633621,-0.05818679742515087,-0.12155235186219215
0.0,0.0,0.0,-0.013944151811301708,0.0272136852145195,-0.024037852883338928,-0.0257816386729246,0.04892298951745033,-0.04747116565704346,-0.036091092973947525,0.06717011332511902,-0.07295450195670128,-0.039673502556979656,0.08255337923765182,-0.09558270685374737,-0.022790658054873347,0.02218187041580677,-0.09508348302915692,-0.033543482422828674,0.03220883011817932,-0.12038241140544415,-0.041251336224377155,0.03986729681491852,-0.13781101256608963,-0.06623188592493534,0.042602937668561935,-0.1494642309844494,-0.02081758715212345,-0.0007260971469804645,-0.09524188516661525,-0.03242872562259436,-0.0005199434235692024,-0.13289841264486313,-0.04898347891867161,-0.005989942699670792,-0.1530664637684822,-0.06793011911213398,-0.006560062989592552,-0.17270874977111816,-0.028016735799610615,-0.019878128543496132,-0.08831733791157603,-0.039329578168690205,-0.027555501088500023,-0.1178512629121542,-0.05372972413897514,-0.03169938549399376,-0.13770009204745293,-0.07059535942971706,-0.03278705105185509,-0.1545482501387596,-0.03212181758135557,-0.03606997802853584,-0.07090281322598457,-0.037556120194494724,-0.04563530907034874,-0.09024416096508503,-0.04454898647964001,-0.05574604123830795,-0.10709942318499088,-0.05470163747668266,-0.06005670130252838,-0.12311870604753494
