x0,y0,z0,x1,y1,z1,x2,y2,z2,x3,y3,z3,x4,y4,z4,x5,y5,z5,x6,y6,z6,x7,y7,z7,x8,y8,z8,x9,y9,z9,x10,y10,z10,x11,y11,z11,x12,y12,z12,x13,y13,z13,x14,y14,z14,x15,y15,z15,x16,y16,z16,x17,y17,z17,x18,y18,z18,x19,y19,z19,x20,y20,z20
0.0,0.0,0.0,-0.025052282055329545,-0.006373186896776082,0.027054778171866623,-0.049267461409957594,-0.01216652003618128,0.051715965133374085,-0.07467865625714834,-0.014194612012041304,0.06684688447487605,-0.10089736908392523,-0.01282931915244872,0.07744385404014602,-0.09770428486717922,-4.308407579627237e-18,0.023277050247577577,-0.12727822658859397,-0.005262561440841527,0.028024268120077727,-0.14899929591164027,-0.011813543689558469,0.031466918581844916,-0.16360891631082622,-0.03770262691257396,0.03184000702276564,-0.09866786702865914,-3.223623476959455e-18,8.788107578099693e-20,-0.13704775097273866,-0.008063523452444207,0.0008132856182079624,-0.16107375609520566,-0.02378261244582178,0.0002951591520923911,-0.1824418550459588,-0.040367368869808004,0.004928081187609763,-0.09299328338777264,-0.009784610479150552,-0.017494350695388933,-0.12578360718448306,-0.01951376348108874,-0.01913353093878608,-0.14775776490136822,-0.033494455836764504,-0.017578646695121106,-0.16785841498326623,-0.04898710247022185,-0.013207700795106714,-0.07762831528979067,-0.020079824161675926,-0.03194861965686813,-0.10075911216259949,-0.02428020752752096,-0.036122957996476364,-0.12244182284261995,-0.03207247996843416,-0.03890516196806542,-0.1421632142066432,-0.041359853101989884,-0.03684326730966405
0.0,0.0,0.0,-0.02548140696862118,-0.0064037796758127565,0.026772337335831654,-0.050019403457793175,-0.012272072248091282,0.05139905065958222,-0.07530927258739005,-0.014153562620740084,0.06660275719056584,-0.10187755756867785,-0.012769713375596186,0.0768476928444095,-0.09808244807459993,5.253985693129548e-18,0.02306905694105432,-0.1277612104128595,-0.0048559936165642045,0.027736813580496587,-0.14939765133599023,-0.0110804099353111,0.03139647414862328,-0.16443669851109194,-0.036203087300209894,0.031542288367455505,-0.09884012834203204,6.3333607974021734e-18,1.6333325533678045e-19,-0.13739794412984974,-0.007647464790033204,0.0005032429997911506,-0.16100713552732143,-0.022784761230743415,-9.23929500480121e-05,-0.18270930196019003,-0.03839137024998526,0.0043789395682702174,-0.0931488350861947,-0.009501741860733149,-0.01754464466435825,-0.12563254425013218,-0.019300811936850393,-0.019161425613767637,-0.14773279510790593,-0.03313844348599838,-0.018003367850874405,-0.16794084899533424,-0.047757268706301974,-0.0137992573191655,-0.07770001034400827,-0.01976614907470749,-0.03214775156021808,-0.10069735526865913,-0.023984678394708574,-0.03614174285797126,-0.12229207316093892,-0.031772842168531296,-0.03883605945148329,-0.141728003192843,-0.040635362157135785,-0.03699373247460792
0.0,0.0,0.0,-0.025824133524059142,-0.006418451852103498,0.026541015524061996,-0.05060860287175486,-0.012359915146553638,0.05117010593490377,-0.07579566014817127,-0.01416468407842686,0.06644768651400373,-0.10262594751904378,-0.012729449457696822,0.07645684529478772,-0.09841498396637995,5.786644743799765e-18,0.022911695865145687,-0.12819991586385263,-0.004482561932912838,0.027528414272229528,-0.14985678331554292,-0.010405627139576462,0.03136252428810852,-0.16535667622944503,-0.03497601353207292,0.03132798192252857,-0.09901935034979753,3.79723477155432e-18,-1.0632692449821162e-18,-0.13775788374342118,-0.007226731322122574,0.0002618092289255608,-0.16119194702051223,-0.0218788023889577,-0.0004147871962852662,-0.18332311155430353,-0.036768347011142205,0.003930102422521175,-0.09332433385743351,-0.009283975145990112,-0.017590075339676353,-0.12562409973254687,-0.019077713038221544,-0.01918197147027081,-0.14798207860770246,-0.03278685954706138,-0.018360575645302916,-0.16843693940209264,-0.04678131174399018,-0.01430103023297653,-0.07781056712075594,-0.01952793470938846,-0.03229670722569488,-0.10072817209764634,-0.0237285709550932,-0.0361524603710326,-0.12236720481220997,-0.031483214055906365,-0.03881064720953654,-0.14171343648501286,-0.040055270325178104,-0.037149702225263787
0.0,0.0,0.0,-0.026070810964205618,-0.006415758966866969,0.026368145042989597,-0.05101634250593894,-0.012425587025381716,0.05104056027536242,-0.07611965661085604,-0.014214107235028575,0.06639544932349271,-0.10311843289633643,-0.012691531019778518,0.07629708567194367,-0.098686238806452,-7.136902485483564e-18,0.022811316034338176,-0.12857974718050763,-0.004145561881372669,0.027405828175709707,-0.15036412326913018,-0.009792217699207455,0.03136693460506837,-0.16636903099794817,-0.03404406984655997,0.03120757658382215,-0.09919008238660736,-6.4668448994477874e-18,-1.0472549781677947e-20,-0.138114427096415,-0.00680555661374829,9.402783196792699e-05,-0.1616336279282287,-0.021068618321200296,-0.0006702807614853453,-0.18429908432061204,-0.035529196505793,0.0035883711581423277,-0.09351199387533014,-0.009138061281300326,-0.01762848685577707,-0.12575171729113072,-0.018841736352072657,-0.01919478841693039,-0.1485086086843226,-0.03244171773947656,-0.018644438092849037,-0.16936216593885506,-0.04607837842819881,-0.014702663351956607,-0.07795654107364829,-0.019372225581789408,-0.03238884885807625,-0.10084640275055694,-0.02351489677041681,-0.03615401365271855,-0.12266836931945901,-0.031203038687448524,-0.03883130900187537,-0.14213425914449979,-0.039622772078011737,-0.037310197939462206
0.0,0.0,0.0,-0.026213251235801933,-0.006393895775849098,0.026259399334769618,-0.0512271500256735,-0.012460671569530552,0.05101690583656581,-0.07626451853544762,-0.014273091702211005,0.06645956104781463,-0.10333798821491952,-0.01262115953690608,0.07638926792109102,-0.09887970079298371,-3.793081642728729e-18,0.022773013914825124,-0.1288822472192984,-0.003850419222717469,0.027370662749132017,-0.15089428708256172,-0.009254129313822345,0.03140758341657443,-0.1674494176204571,-0.03343869842130521,0.03118786386856413,-0.09933340667672567,-3.732592351644445e-18,8.95340296177708e-19,-0.13845220994180757,-0.00639253888771745,-2.200962735872545e-06,-0.16231754858715775,-0.020372204407643008,-0.0008610903766815183,-0.1856066659917011,-0.03472287359485892,0.003360865311057261,-0.09370004796574634,-0.009067572275310702,-0.01765661376972252,-0.12600218693150989,-0.018594865176101552,-0.019201894908964963,-0.14929749409909487,-0.03212006401442463,-0.0188515480731239,-0.17068734809597216,-0.045682294299300485,-0.01498952785222727,-0.07812823061904907,-0.019301054109169487,-0.03241980189268462,-0.10104038558714283,-0.023343764728071936,-0.03614829683045459,-0.123186699933828,-0.03093808706504949,-0.03889916164102563,-0.14297341256150736,-0.03935002386044312,-0.0374660434765832
0.0,0.0,0.0,-0.02624971743608554,-0.006353246733524025,0.026216175190268386,-0.05123854069649982,-0.01245488132220408,0.05109627526493779,-0.07622678827150503,-0.014302543658937603,0.06664681914592333,-0.1032912579768552,-0.012475732163885422,0.07673515783611308,-0.09898031771809959,-6.684995364971589e-18,0.022796764805722357,-0.12908441719786581,-0.003605181235377726,0.02741325010919835,-0.151405064887334,-0.008820919378610004,0.03147278740963635,-0.1685339615815654,-0.033195813977418595,0.03126168200792616,-0.09942817814463763,-5.860918160611725e-18,6.885010945145676e-20,-0.1387531497741325,-0.006001619042537649,-4.3579189319293245e-05,-0.16319206434937245,-0.019825725733701442,-0.000999999029526626,-0.18713760807393492,-0.0344064898620338,0.0032480020168532075,-0.09387019569640073,-0.009068641443874386,-0.01767151061964494,-0.1263499104813311,-0.018343538963196935,-0.019213412751390296,-0.15029611013534938,-0.03185356413108249,-0.018987829860890114,-0.17230376938421763,-0.045631208917979525,-0.015149638703072949,-0.07830535084750445,-0.019306414212789592,-0.03239388646527058,-0.10128680098186278,-0.02320720507798002,-0.036144966799253796,-0.1238890695830142,-0.030699890161187147,-0.0390161565344471,-0.14415326701902087,-0.039253370736769655,-0.03760090032997787
0.0,0.0,0.0,-0.02618783741938077,-0.006298316329556761,0.026235069112893722,-0.05106865029915367,-0.012397299432657261,0.051263506234404226,-0.07602761920149699,-0.014259598363781378,0.06694815951059886,-0.10302209997171757,-0.012216490513573467,0.07730002827400782,-0.09897552177175203,8.295018996648776e-18,0.022875235414321012,-0.12915657162524505,-0.0034228132079607483,0.02750987308724477,-0.15182798920772222,-0.00854116488522389,0.03153946479501601,-0.16949594728568312,-0.03334705655428422,0.03140356831880814,-0.09945154402632064,7.4531397175723e-18,6.751956801539683e-19,-0.1389912312211655,-0.005658380838328972,-6.296007787717108e-05,-0.1641434856629365,-0.019489583869887115,-0.0011089438962810932,-0.1886671647833665,-0.03463062522786968,0.003242889059695865,-0.09399493463879505,-0.00912798649692242,-0.017672303855713757,-0.12674783626693348,-0.01810335096077011,-0.019248712412209896,-0.1513858583319565,-0.03169048253292782,-0.01906735011138776,-0.1739802043888222,-0.04595388605315686,-0.015174593312160917,-0.07845365394990637,-0.01936781569212513,-0.032328870577207604,-0.10154523160601986,-0.023090565259811572,-0.036162449402365245,-0.12469761924910745,-0.030510638615570105,-0.03918122379410666,-0.14550137555980266,-0.03934958115234529,-0.037689017724062794
0.0,0.0,0.0,-0.026042747672388556,-0.00623813553536633,0.026310576187396316,-0.0507575804954037,-0.012275737771143005,0.051490446881331337,-0.07571813267982391,-0.014103206220943222,0.06732960400122569,-0.10261553691951238,-0.011814940173283198,0.07799845207524794,-0.09885505657834893,-3.883686730286047e-18,0.022995607549311733,-0.1290599074741721,-0.003326040247328769,0.027626232216762667,-0.15205377436293455,-0.0084836482427967,0.03157783626719535,-0.17011913666740547,-0.03390957614424319,0.0315763426844075,-0.099378390356865,-4.067440786506635e-18,5.103530959379671e-20,-0.13912342295998031,-0.00541207424637638,-0.00010174734619812118,-0.16496915046405916,-0.01945431760568364,-0.0012057705962158758,-0.1898199083624618,-0.035423244828144844,0.0033420418191318405,-0.0940366889910858,-0.009225687852626271,-0.017661478036554986,-0.12711750794348045,-0.017910962100360025,-0.01932947880099474,-0.15235288525796586,-0.031701289164727794,-0.01909828247377732,-0.17532573536805973,-0.04665684736290807,-0.015049894067509314,-0.07852449293529969,-0.019456600474221215,-0.03225567291044193,-0.10175475965306187,-0.022986119310682354,-0.03622251105676982,-0.12546956607754317,-0.030416899389874692,-0.03937793871870824,-0.14672205522161788,-0.039656847641121325,-0.03768724761248885
0.0,0.0,0.0,-0.025832564300979362,-0.0061860942789744595,0.026438996889556983,-0.05036441981538415,-0.012077496759492094,0.051736902788579855,-0.07537946989851868,-0.01380214328389933,0.06772543391663141,-0.10219434868202545,-0.01125901483716846,0.07868576629872202,-0.09861200337791363,5.611316470870785e-18,0.02314392130444334,-0.12874776678066582,-0.003352923795890159,0.02772637872407272,-0.15192188185626615,-0.00873449065416405,0.03156206386768257,-0.17008290984526298,-0.0348737919614442,0.03174565554046945,-0.09918241773576739,3.850496555900252e-18,-1.0051637141997787e-19,-0.1390818869775149,-0.005347457374256148,-0.00019484021160298538,-0.16536031199302537,-0.01983851775076293,-0.001282722129453374,-0.19005997950446546,-0.03676713188909544,0.0035626828360042517,-0.09395049735891783,-0.009340897746976464,-0.0176455047074143,-0.12734237477568397,-0.017837590533322522,-0.019466151466407056,-0.1528699408209284,-0.03198056774650898,-0.019061164400592984,-0.17577800930602566,-0.04770748709720057,-0.01474011030647203,-0.07845885515137212,-0.019545277242640782,-0.032213429374127654,-0.1018345516480136,-0.02291350185163499,-0.036339487595982496,-0.12598452853915068,-0.030503985011847302,-0.039557094437004954,-0.14738640721989515,-0.0401948508551743,-0.037525018571160265
0.0,0.0,0.0,-0.02557564941270041,-0.006159566301220391,0.02662075431231165,-0.04996427736433929,-0.011795709808601892,0.05195211421499864,-0.07512070667414204,-0.013350097524473635,0.06803492817384352,-0.10191264723781535,-0.010570781033223673,0.07915444661906605,-0.0982463743864544,4.94792950770381e-19,0.023308907427094492,-0.12817338534208303,-0.003559891907802862,0.027783849533564563,-0.15122492526026196,-0.00938842878567065,0.03148386245237212,-0.16897524807205125,-0.036186822477864304,0.03189409808583597,-0.09884107812569821,1.3691700638237327e-18,3.902064298029654e-19,-0.13877206503542316,-0.00558861133280326,-0.0003520669692464139,-0.16490661546768326,-0.02077156329372606,-0.0012854471531657489,-0.18872300987442311,-0.03856615998077757,0.003954436257117644,-0.09369039858609608,-0.009456451115498934,-0.017634568875542312,-0.12726751637870234,-0.01799417271243053,-0.019642357892640468,-0.15250104945555149,-0.03263474863949966,-0.01889074291811193,-0.1746340236610132,-0.049007381964224675,-0.014181325481349288,-0.07819587018417397,-0.019615754509164685,-0.03224277492459621,-0.1016883695263536,-0.02293417992987132,-0.036507408217090954,-0.12594453859947713,-0.030895773812450084,-0.0396217976262313,-0.14695098680391297,-0.04097302392093379,-0.03710124170467212
0.0,0.0,0.0,-0.02529078624803745,-0.006178443943983282,0.02685999943817335,-0.04964520705204793,-0.011440660873147048,0.05207675033346997,-0.07507276739779091,-0.01278674372220203,0.06812478940075115,-0.10194310019849394,-0.009837546591963953,0.07914005690203373,-0.09777020989213596,4.224246679570167e-18,0.023483762703131267,-0.12730279003412534,-0.004018706776501072,0.02779263869615549,-0.14973331951698035,-0.010531485578240865,0.031365922267157745,-0.16634362070963635,-0.0377333054209173,0.032028870073240914,-0.0983439600377214,3.4992722332812306e-18,-4.2779118812479576e-19,-0.13807929413520018,-0.0062884597513922155,-0.0005398097545566735,-0.16313325789715197,-0.022358943474830046,-0.0011007763606931046,-0.185103488235901,-0.04060657635502381,0.0045958344537972914,-0.09321954606737794,-0.009561046417976924,-0.017641218685235934,-0.1267097113661038,-0.018521926838809072,-0.01980083956861243,-0.15074011994955627,-0.03375226472700339,-0.01846925509731975,-0.17113833567081732,-0.05036221242500326,-0.013289171366416223,-0.07768598694250753,-0.019664331694627318,-0.03237867285373063,-0.10121367617298467,-0.0231525438923065,-0.0366875119029115,-0.12499463873132638,-0.03173329721789347,-0.0394215188667078,-0.14481657223697128,-0.041966599220244885,-0.03629452927941207
0.0,0.0,0.0,-0.024997398233020128,-0.006262481856297511,0.027161817448575605,-0.04949915462106559,-0.011053003330916208,0.052047790402580854,-0.07537014425368793,-0.012219686099612392,0.06784232683117972,-0.1024479315219527,-0.009246816709219388,0.07834767468145033,-0.09721038640400322,-4.847691266944482e-18,0.023665621334866663,-0.12612742267893026,-0.004806839381239139,0.0277767572133846,-0.1472389247319613,-0.012217359637393854,0.03127069780601678,-0.16178196177829132,-0.039326151914645446,0.032180566134715295,-0.09770150884662177,-4.0075609800047295e-18,1.9135294710222964e-19,-0.13688390776489057,-0.00760189673761284,-0.0006665614762920957,-0.15957612185182599,-0.02463627608084066,-0.000558644101241925,-0.17859934922381626,-0.04253384927849461,0.005573190378803851,-0.09252261664574775,-0.009649868133870683,-0.01767759979792654,-0.12548054475375514,-0.019565916682955608,-0.01983348010447438,-0.14708979823662735,-0.03536054217188794,-0.01763456534526734,-0.1646314925440061,-0.05146459157812753,-0.011983259552127904,-0.07690751304280101,-0.019703353436882,-0.032641662668715016,-0.10031643208260771,-0.023701038140531826,-0.036798012158384914,-0.12277109480795316,-0.0331342256723735,-0.03875893331135484,-0.14043260659690066,-0.04309035502151539,-0.03498728469478644
0.0,0.0,0.0,-0.024714300056294505,-0.0064282966983315966,0.027526341835395138,-0.0496050077409674,-0.010713084883941562,0.051808562280696,-0.07611934337793833,-0.011835102973082516,0.06704344043701792,-0.10353392364065794,-0.009103071049714887,0.07650537680178549,-0.09660719729187595,-2.727903159329516e-18,0.023852841421983084,-0.1246728553330403,-0.005990917713982074,0.02779337438281732,-0.14361262993288681,-0.014442516759121914,0.03129635549068201,-0.15504383330890012,-0.040718629405009754,0.03238871701475907,-0.09695111615941236,-1.53163432611557e-18,2.7717556442216557e-19,-0.1350839764628931,-0.009644910410995213,-0.0005817360855350601,-0.15388887346685692,-0.02752566579576071,0.0005407333922489694,-0.16889535226833371,-0.04386873872395863,0.006938846221595051,-0.0916171046981277,-0.009723640514612776,-0.017751749499314264,-0.12342125539258676,-0.021234336458931725,-0.019583731102251766,-0.141176050877653,-0.03738312509868533,-0.016211617518630286,-0.15474233885192634,-0.0519088450248885,-0.01022980491175564,-0.07588182530973461,-0.019757655076213534,-0.033028432310746966,-0.09892957876170018,-0.024709551235714798,-0.036712270701539144,-0.11897581429022452,-0.03514342823238158,-0.037418583612485366,-0.1334382876970166,-0.04418548687765743,-0.0331055586757809
0.0,0.0,0.0,-0.024455964552403387,-0.006687013544331292,0.027941756520446087,-0.050005451107131546,-0.010537214033568228,0.051325222562812536,-0.07736078526630041,-0.01187906709091395,0.06563395975984712,-0.10520275916885091,-0.00979364404738157,0.07343851209708069,-0.09600864605099092,4.753023446554602e-18,0.024041855922901048,-0.1230013811403347,-0.007604610918274256,0.027924402979503892,-0.13886399187702214,-0.017127653590270162,0.03155436879929961,-0.14615992609727843,-0.041644182545165484,0.032677990791202406,-0.09615905498830896,3.721919648181225e-18,2.1710186182345584e-19,-0.13262326178396475,-0.012449101129306063,-9.927984029407013e-05,-0.14596246601290427,-0.03081412525759232,0.0023667638349599007,-0.15614471748412462,-0.04408160383988213,0.008658274315448506,-0.09056112564431235,-0.009786324208341194,-0.0178645519667644,-0.12044448978426045,-0.02355663609550428,-0.01887265712985561,-0.13287911288875118,-0.03962188366420261,-0.014071998870421884,-0.14158485862393003,-0.05125768041024437,-0.008092497590023279,-0.0746836280078967,-0.01985587405371032,-0.03350552594036334,-0.09703197096716447,-0.026267800148256013,-0.03627470168047848,-0.11346580522845567,-0.0376966599523826,-0.03522598607409155,-0.1238149923256777,-0.04503826952674182,-0.030670921840854112
0.0,0.0,0.0,-0.02422356462752254,-0.007043315018995914,0.02838150675339983,-0.05067963660712806,-0.010656218367502754,0.050608392239566036,-0.07903516167855186,-0.012601343679067718,0.06361517560480225,-0.10731611854131251,-0.011688120409678081,0.06914327571846184,-0.09546212335885487,-3.0908284076276703e-18,0.024227513435256476,-0.1212020600365652,-0.009629181348359233,0.028256660177735267,-0.13317750904174505,-0.020117897537015015,0.03213181044375207,-0.135518198207399,-0.0418867820035208,0.03303671665811695,-0.09541793517876948,-2.187683413349893e-18,1.3425895006521815e-18,-0.12951244173507137,-0.015931108011332278,0.0009502921181624702,-0.13601541433915132,-0.03417435189663773,0.004976983212245752,-0.14108056836284472,-0.042726000509270674,0.010575457010631544,-0.0894566302783298,-0.009843014802179077,-0.018009913163390665,-0.1165688576205761,-0.02645962168178076,-0.017552257061902582,-0.12243785616241618,-0.04178467165646794,-0.011210314949011249,-0.1258889313282983,-0.04916054393924625,-0.005765787346630848,-0.07344361459184905,-0.020020013382611793,-0.03401211342511642,-0.09465903515017765,-0.028395759960693503,-0.03534125768524457,-0.1063298884878703,-0.04061953386952553,-0.032132042089450676,-0.11200016076278244,-0.04543469555305981,-0.027848414772897647
0.0,0.0,0.0,-0.023992365662878837,-0.00749586352302268,0.02881043672346167,-0.051521467724503174,-0.011179735470077303,0.04973093174496626,-0.08096908516319612,-0.014177003877071,0.06111526289081389,-0.10959438814338962,-0.014998111777533121,0.06382910314927065,-0.09500883027021617,4.157402207449031e-18,0.024408482144956573,-0.11936181040869528,-0.011983022387015216,0.028856755230074017,-0.12689730278494182,-0.023200315574237306,0.03305420333635985,-0.12386096795230898,-0.04135493640810108,0.03341124691345539,-0.09483871459675512,3.4430242138867075e-18,1.7490026951422998e-19,-0.1258244146217723,-0.019889010488471276,0.0026514766699025595,-0.12459948090974264,-0.03722040182132038,0.008249659332083862,-0.12497648614435701,-0.039585234893077026,0.012431796273119437,-0.08844438920663622,-0.009899139492870518,-0.018179557749028605,-0.11192478057538335,-0.029766407968062236,-0.015572859107533187,-0.11047041412475006,-0.04354055578472396,-0.007804222465044996,-0.1089793997842971,-0.04547175492232155,-0.003562162901641482,-0.07233565349464924,-0.020257922207214625,-0.03447574860695839,-0.0918913718128701,-0.031027385628728643,-0.03383988448217616,-0.09791364725807201,-0.043653687829825094,-0.0282927065072645,-0.09889749286002694,-0.04521486092139458,-0.02496059845427219
0.0,0.0,0.0,-0.0237128331679296,-0.008035960953338089,0.029194558329207556,-0.05235228642971219,-0.012160711038172244,0.04881848335306463,-0.08290025056044724,-0.016645970271456555,0.058375006960960873,-0.11166468317385128,-0.01967147899916007,0.05789210774820891,-0.09468774700978531,-4.247698674541418e-20,0.024590572816414722,-0.1175433109028497,-0.01451538110368425,0.029744325960627264,-0.12047805310898445,-0.026118720845130974,0.0342643540070763,-0.11219561511587166,-0.04010329234806148,0.03371904311943624,-0.0945358986497401,-2.0148169205082045e-18,-3.572029702732759e-20,-0.12167789876426573,-0.024012105429146318,0.004942347682010411,-0.11251526907353475,-0.039558059528512775,0.011872052121155273,-0.1094195319678149,-0.03474889537463616,0.0139520609955195,-0.08768433347841306,-0.009957019556181279,-0.018367685238217253,-0.10673634772227591,-0.03320003145785217,-0.01303697665883311,-0.09788927809060342,-0.04455997034608327,-0.00421351574732758,-0.09254714022493532,-0.040294488523132034,-0.001831902353440717,-0.07153988133933502,-0.020559295452502683,-0.03483461692115399,-0.08883070987890229,-0.033993196908656084,-0.03183095383432717,-0.0887808559712546,-0.0464724294651638,-0.02409191765841569,-0.08573912944388264,-0.0442793464389227,-0.022427748069110156
0.0,0.0,0.0,-0.023346207482520618,-0.00864316729915668,0.029504049129991983,-0.05299435090151491,-0.013574203616194052,0.04799580214655528,-0.08456438314505364,-0.019894141031550763,0.05566238065552394,-0.11317775938711536,-0.02537570659822391,0.05179215012569309,-0.09455543413514979,6.330499432443713e-21,0.0247794364648693,-0.11582071156591146,-0.017019321768824227,0.030864679118818957,-0.11444522359041695,-0.028608916354521535,0.035624298665956476,-0.10162700702255156,-0.038306848268564,0.03387579086397347,-0.0946099495526002,2.344158898431062e-18,-9.329857343766059e-20,-0.11726273001579564,-0.027912601399870837,0.0075920682028514765,-0.1007019795501693,-0.04084856196220316,0.015407345694663626,-0.09595924754585217,-0.02860528021889107,0.014957900245765795,-0.08732099328587371,-0.010011609794429943,-0.01857035506929477,-0.10131390638344318,-0.03640919137428219,-0.010208933516952375,-0.08574985198682483,-0.044573574148785905,-0.0008919410054391775,-0.07825751541154582,-0.03396565356936913,-0.0008264825531890737,-0.07118948141211721,-0.020896631220303094,-0.035054175755158415,-0.08559832043553486,-0.03701941689551077,-0.02953036172209099,-0.07963188898144676,-0.048715307049000664,-0.020060076259263218,-0.07381267250940922,-0.04259134819171069,-0.020627184344540375
0.0,0.0,0.0,-0.02290936283262531,-0.009281016197604325,0.02971456533186247,-0.05336117005541718,-0.015306350620631955,0.04732481767492526,-0.085802032638426,-0.023654897690029448,0.05316712308675383,-0.11394671985364488,-0.03154818202494357,0.04590855991730674,-0.09469114042692248,-3.4518760814372138e-18,0.024970130384000627,-0.11433759983475471,-0.019283396488343818,0.032087535202573986,-0.10933875147266707,-0.030489759771548542,0.03696145169201731,-0.09310601254581011,-0.03625596481883954,0.03384932355603493,-0.09511809258803848,-5.280409704099201e-18,3.9312047741508933e-20,-0.11289663144982445,-0.031213970353618923,0.010258080508964668,-0.0901265266875553,-0.04094586020282698,0.018443969457782414,-0.08573750339863276,-0.021822813761384837,0.015453536209175918,-0.08743617870522656,-0.010055518753397552,-0.018780778080662846,-0.09606046424475946,-0.03906054573464461,-0.007447433550468829,-0.07507519075851905,-0.04351297021558343,0.0017783069376117748,-0.06733276354333027,-0.02706539645329454,-0.0005656836753617926,-0.07132327019277353,-0.021235853262104126,-0.03513162954394568,-0.08236751631540508,-0.03978888937002372,-0.027255233226907465,-0.07120652868417886,-0.05011106978522679,-0.01669097880398874,-0.06414882484400024,-0.040256694215206085,-0.019729008285519975
0.0,0.0,0.0,-0.02246967698930312,-0.009896487021985851,0.029815391632050017,-0.05347852148848886,-0.017161989992278436,0.046797237920858624,-0.08659292792093293,-0.027536339181120032,0.05097565684719162,-0.11400015372708587,-0.03751089233616225,0.04050957759264364,-0.09514598253372877,9.670830196277712e-18,0.02514909926392282,-0.11327001187354795,-0.021157966830917477,0.03326228684723022,-0.10556575576525741,-0.03174616947170269,0.03815141052830883,-0.08714561654251714,-0.03433112840919707,0.033703300241454105,-0.09603074269510435,1.3807524488850343e-17,1.7919675841527854e-18,-0.10899513650623115,-0.033678887729065445,0.012625938934061798,-0.0815895431716844,-0.04002550297361539,0.020764390405862594,-0.079183208158378,-0.01526835165093642,0.01562109655098179,-0.0880050558604965,-0.01008966774044254,-0.01898460576553481,-0.09142062358400069,-0.04096638958323964,-0.005061683110216786,-0.06663194547451648,-0.04162873926042896,0.003646088434001442,-0.06023463441805836,-0.020378208375775655,-0.000822634645675191,-0.07187007733963806,-0.021552323418021404,-0.03508889158528187,-0.07937513310566528,-0.0420535683799712,-0.02529458535151495,-0.06414864033700729,-0.05062795762196445,-0.01424859777920953,-0.05727449826685647,-0.03760007275631091,-0.019623937417532225
0.0,0.0,0.0,-0.022092289477163112,-0.010428036417916457,0.029819196396820537,-0.05343117356237516,-0.01891446890548393,0.046381943754060184,-0.0870118599406515,-0.03111237378652066,0.049131053037051946,-0.11352984864515593,-0.04266120171907536,0.035822250956786816,-0.09588391736460715,-3.371705386810025e-18,0.025307227812372,-0.11270094619233799,-0.02259387336000371,0.03429065864179716,-0.10321166392902026,-0.03251000572864083,0.03916049373977994,-0.08365993861638275,-0.032857185796215445,0.033555136067935115,-0.09721919112329735,-2.287126023700821e-18,9.154493166676027e-19,-0.10591106290587064,-0.03528792668900143,0.014534345931674547,-0.07547132438286834,-0.03852947930790816,0.022393104317002806,-0.07593563666528153,-0.009743586934723927,0.015689924424722577,-0.08889655617088656,-0.010126506184127845,-0.019161961048288108,-0.08774137137301156,-0.04214449040407838,-0.0031943456517515988,-0.06071059115661233,-0.03940556697785826,0.004808964689724499,-0.056602045851667525,-0.01466312001301653,-0.0012809817800010456,-0.07267975299031329,-0.021839009911124342,-0.03496361277054164,-0.07685708945099524,-0.04372135598041777,-0.023792891051851634,-0.058827106068276444,-0.05049405145996016,-0.012704345010558898,-0.05311709237575857,-0.03507644988053683,-0.020021623737205004
0.0,0.0,0.0,-0.021802259760033308,-0.010820653646525699,0.029762421599245244,-0.053302214619130574,-0.020376867493164946,0.04606840681209951,-0.08717060046167487,-0.034044686046807424,0.04768719700533595,-0.11279753278982384,-0.04664107860034386,0.032065770860869466,-0.09678500213945668,4.121641949431439e-18,0.02544879614162929,-0.11254966061392556,-0.02363019907277582,0.0351459911672082,-0.1019945034588706,-0.032954889308654915,0.04000805535736451,-0.08206768094688892,-0.031929218544037935,0.03348738640647039,-0.09849951609031353,8.740858435236575e-18,1.9531378883356615e-18,-0.10378865687677918,-0.03620042963323003,0.015979985989685017,-0.07164136711650143,-0.0369447160240161,0.023490310577628324,-0.07509591941018279,-0.005696326024097151,0.015795048196351805,-0.08992465989047996,-0.01018194103301302,-0.019296081681336466,-0.08515885661924938,-0.042759470686684495,-0.0018306986227980436,-0.057098696311127434,-0.03732533667078245,0.005485214066296989,-0.055516712342464185,-0.010374387806642937,-0.001713157653380755,-0.07357776726130223,-0.022098165817260457,-0.03480308314283782,-0.0749599226961752,-0.044847670188132537,-0.022740727097628675,-0.05524551536406469,-0.050056163520562046,-0.011838910575823385,-0.05112556266136166,-0.03306760909485705,-0.02062081014013959
0.0,0.0,0.0,-0.021588584506492318,-0.011040369987104164,0.029693009268807115,-0.053148387284638283,-0.021445015834528947,0.04587142955079823,-0.08718016675234304,-0.03615299526931992,0.046701715261886066,-0.11205362050083154,-0.0493716458263136,0.029396245372113543,-0.09770066031378885,-8.247767173509259e-19,0.02558815708724213,-0.11261906947802709,-0.02435055146250912,0.035838435987837,-0.10141579711252376,-0.03320637253549038,0.04070760416678332,-0.08158293518188907,-0.031381995716772616,0.03351238779963633,-0.09969718720576314,-3.286393889391966e-19,5.235971755684771e-19,-0.10255938405632338,-0.03664382692566424,0.01703356704670167,-0.06961856771294513,-0.03561425846953699,0.024223602192856557,-0.075625052490797,-0.0031503641901383383,0.015956622809982286,-0.0909108865894275,-0.01026299507082782,-0.019379312494407837,-0.08360728206621172,-0.043011915686076714,-0.0008860274577598802,-0.05527506663274076,-0.03569226406891898,0.005884132030575927,-0.05590920125307599,-0.00757313445703858,-0.002022556361588191,-0.07440969032558258,-0.022325324672840693,-0.03465572696425152,-0.07371177688800037,-0.04555696776704204,-0.02204866783891024,-0.05312568282457491,-0.04961214139507135,-0.011389750863951173,-0.050535481973721263,-0.03174888623822321,-0.021200863146603563
0.0,0.0,0.0,-0.02142856596361072,-0.011083159209142244,0.029652749566156433,-0.053006280961427996,-0.02209519434155033,0.04581020971554669,-0.08713459210287174,-0.03740209932993053,0.04619604604306271,-0.11149333882985908,-0.05095928490665615,0.027841622947609026,-0.09851023184373696,-8.966745399383237e-18,0.025738615037523612,-0.11269707904516478,-0.02484392505256684,0.03637271714081202,-0.10097750653691759,-0.033324240473277505,0.041239114340600784,-0.08149457104221056,-0.030910697135650596,0.03359158166519152,-0.10069136675362612,-6.886843929999201e-18,7.174258070956006e-19,-0.10204514435639753,-0.036821070819705724,0.017759886543961913,-0.06883360187821377,-0.03469250613429842,0.024707488408934157,-0.07664995053551059,-0.001852206780467796,0.016142931556081923,-0.09172533958481037,-0.010361297143190633,-0.0194132205601013,-0.08291613759863656,-0.043060411846312215,-0.0002820475905224608,-0.054665904671519536,-0.03461162228393581,0.0061493074278390816,-0.0568730268977274,-0.0060468043557601525,-0.0021873921764758593,-0.07506488754556272,-0.022501196006401172,-0.03456211620308205,-0.07305904231732693,-0.04596818491226122,-0.021626124763328532,-0.052086151679067855,-0.04933028714305297,-0.011146852996988185,-0.050626352498921244,-0.031094826385212482,-0.021624115752732986
0.0,0.0,0.0,-0.021308986566369675,-0.010974550527359232,0.02966349747250997,-0.05290423503883972,-0.022353753334469276,0.045888920818646206,-0.08710605654382897,-0.0378405656683674,0.04613420426456317,-0.11124434239148266,-0.05156480010082983,0.02729931108620944,-0.09914136117431005,8.250587516557941e-18,0.025901816343717327,-0.11263537188719171,-0.0251805319246634,0.03672424614266462,-0.10034418822591519,-0.0333318650929548,0.041548129330719684,-0.08133140050483427,-0.03023855029341279,0.033658624875579114,-0.10141812594022542,5.193359444988753e-18,1.397604900992208e-19,-0.10206910811224848,-0.03686982553338727,0.018176919113988218,-0.06883607213582457,-0.03420720089939503,0.024989560439405156,-0.07759749802071983,-0.001488265319597955,0.01632098078729658,-0.09229249238323363,-0.010455695229919739,-0.0194057671425519,-0.08291407000251604,-0.04300010581979006,1.3691657044555114e-05,-0.054832915869429,-0.03406976142199287,0.006346140580789126,-0.05780963503410882,-0.005509379418236438,-0.002206363800188229,-0.07547764506113759,-0.022595191429261106,-0.034549614532516745,-0.07292286181574076,-0.04615785636611825,-0.02142872198742025,-0.05180396141523075,-0.04925857723264923,-0.010994340068030208,-0.050883901569191495,-0.03096922300372486,-0.021813592538789613
0.0,0.0,0.0,-0.02123508603562822,-0.010758810799125084,0.029723171931329628,-0.052864901108045134,-0.022261206592466772,0.04609423368691181,-0.08713886740599502,-0.037541176254893546,0.046437054611313915,-0.11136061928173992,-0.05131222726552119,0.027590320019805332,-0.09955374332997921,8.666181866782184e-18,0.026062893337963654,-0.11238087655196262,-0.02539593361692304,0.0368372757288788,-0.09942178875736819,-0.03324768307955417,0.04155997385665024,-0.08092393206925891,-0.029250815067327962,0.033638342928158295,-0.10184278594750991,9.963814475792362e-18,1.277399054392083e-18,-0.10251685963370209,-0.03685543309781551,0.0182474060636106,-0.06939661015943004,-0.034141335346006406,0.025049928596115014,-0.07820732453172945,-0.001853650251107888,0.0164676606243069,-0.09257108157447985,-0.010520848904126308,-0.0193674882449041,-0.08349014468906944,-0.042873740357969,-2.1503094077857074e-05,-0.05556054764493418,-0.034027479712619324,0.006461485304615922,-0.05845232581657271,-0.0057644987136516715,-0.002082544767465816,-0.07561335317442928,-0.02257540512686785,-0.03462841875763815,-0.07323975672494665,-0.0461527142087821,-0.021471704737559192,-0.05210840003145401,-0.04937119934332534,-0.010921243675177893,-0.05106856312319565,-0.031224003821720442,-0.02174115909071003
0.0,0.0,0.0,-0.021229098864539764,-0.010483126494343135,0.029808862914741708,-0.05290041051133636,-0.021845432993744637,0.04640358238035382,-0.08724044431913068,-0.036565712607113686,0.04701572881594671,-0.11181576777441532,-0.05025297638287043,0.028528989588143247,-0.0997127769286486,1.2086771728960684e-17,0.02619151447156371,-0.11197346551583823,-0.025481524026543634,0.03663773336031878,-0.09837134111177,-0.03309980449481122,0.04120057065845572,-0.08040231956602148,-0.028063610173096755,0.033470339676059786,-0.10192886913250292,9.791312316022324e-18,2.067106057898274e-18,-0.10334931556960442,-0.03677465212546835,0.017889253939886822,-0.07052734058805991,-0.034484285949573416,0.024806280328787303,-0.07850080274894644,-0.002931746114994453,0.01656296453903732,-0.09253035306652328,-0.010537174475437748,-0.01930719198055706,-0.08460959282268932,-0.04268623358644918,-0.00045557911149212213,-0.056867254448763366,-0.034476311638717616,0.0064089109741974635,-0.05884057348577488,-0.006788714962846793,-0.001830276235336425,-0.07545317053225165,-0.022418717674671903,-0.03478737662107478,-0.07397708002457683,-0.04593424491673693,-0.021819880375768864,-0.05301023059028129,-0.049611799602538545,-0.01101488884151436,-0.05122481127568507,-0.031769698514748916,-0.02142644098124729
0.0,0.0,0.0,-0.02132386787509253,-0.010183143962752696,0.029881083127445703,-0.05300858229844585,-0.02111276407381775,0.04679229843434142,-0.08737757035078374,-0.03495448966471993,0.047801865781178926,-0.11250873339949427,-0.04837198894148731,0.029976664390786875,-0.09957958995048279,9.47371437321375e-19,0.026247653661772508,-0.1115268203939101,-0.02538361083015888,0.03605069364456959,-0.09757216859084952,-0.032922281151060315,0.040411965922297115,-0.08015335481861775,-0.02701290047197739,0.03312511597119261,-0.10162723697510201,1.6650626118296703e-18,6.277378168036225e-19,-0.10458919872404826,-0.036560647743172824,0.01699545921041405,-0.07245217152191959,-0.035241139407195685,0.02412704486726422,-0.07875206076907329,-0.00488920674488106,0.016581147523878632,-0.0921410899896943,-0.010497365143858049,-0.01922780074364148,-0.0862982283241091,-0.04240849670142886,-0.0013793815373088177,-0.05896884733089996,-0.0354446003385733,0.006043885554684901,-0.05928379413375187,-0.008737743573748775,-0.0014874972447884432,-0.07498698103216779,-0.022116780961144437,-0.03499167707277861,-0.0751256505572618,-0.0454442464245069,-0.022563252511075466,-0.0546794129989202,-0.049915991902438374,-0.011439355192300632,-0.0516519243135648,-0.032607187342793054,-0.02094120874351033
0.0,0.0,0.0,-0.02155385417550912,-0.009872758657303561,0.02988860843661921,-0.05317205625975676,-0.02005963831235571,0.047238083264047014,-0.08748078105636417,-0.0327386136389682,0.04876456713193003,-0.1132856192512566,-0.045626758442128795,0.03187013376006373,-0.09912760847489786,3.603056404055234e-18,0.026191870162087946,-0.11120122597294366,-0.025007738425475753,0.03501931356695081,-0.09754264156104096,-0.03272742814922777,0.039156215363542836,-0.0807528696628689,-0.026556599366398054,0.03259521174448808,-0.10089777866411455,8.481640198059867e-19,5.0581229997333824e-20,-0.10629547121458977,-0.03608255538583883,0.015462924129808013,-0.07554487529286101,-0.036390742278132666,0.02285144794279938,-0.07947743745384873,-0.007991393138194136,0.016475123291067272,-0.0913927179327131,-0.010406213920678933,-0.019123776346769795,-0.0886108888498158,-0.04196374963227637,-0.002875369746860532,-0.06221451697539679,-0.03694575100438353,0.005186504909442494,-0.06033220880575379,-0.011872577433170073,-0.0011369330821417848,-0.07422430485248034,-0.02167577649284161,-0.035185354399650655,-0.07668133584233555,-0.04458569338603548,-0.023782227262856746,-0.05738511617110743,-0.05020116692040728,-0.012400418014942636,-0.05284932544608614,-0.033809844476863415,-0.020419837230339282
0.0,0.0,0.0,-0.021943082267682847,-0.009543597011089729,0.029775559835776042,-0.05335760779258126,-0.01870100948294526,0.047721956482540205,-0.08745470241820973,-0.029972214337312907,0.049911357144648165,-0.11397034250778983,-0.042012625864687965,0.03422457529572164,-0.09837593475784054,-8.01083855697956e-18,0.02599685302949077,-0.11116925433979649,-0.024227858285304157,0.033525115123999256,-0.09882098132043227,-0.03245266316727487,0.037409375546705335,-0.08288035971133377,-0.027093990547898118,0.03185436796408795,-0.09975481905485988,-9.57667110477854e-18,-1.9549939114964022e-18,-0.108528062666554,-0.035143590816878456,0.013231899012377514,-0.08023484423075349,-0.0377989437291244,0.020815341725503686,-0.08142161948875158,-0.012441755867687301,0.01614396001318389,-0.09033148118959701,-0.010274313680964696,-0.01898349846778049,-0.09159429914933571,-0.04120397547430733,-0.004982181712564078,-0.06700324585422873,-0.03888050781967867,0.003646461155289696,-0.06274378095916537,-0.016401348301194694,-0.0009418763204887958,-0.07322418084681084,-0.021111347013476334,-0.035302251182326126,-0.07862715462774796,-0.04322630923084057,-0.02550797338967422,-0.061411018520066606,-0.05032637449470874,-0.014100985521388531,-0.05543964374620679,-0.03544728915664702,-0.020075048741085927
0.0,0.0,0.0,-0.022490128032668442,-0.009176280414090313,0.029493988408349922,-0.05351484070410783,-0.017106785271234683,0.0482277853805642,-0.08719340737151395,-0.026780800080589348,0.05127491695158014,-0.11439600973212187,-0.03764484107165373,0.03711269795968942,-0.09741786635452565,7.00702046348706e-18,0.02565662300714303,-0.11157320282576087,-0.022908147278572256,0.03161430387774545,-0.10181497950649412,-0.03190921194301109,0.03516826410841993,-0.0871984492542801,-0.02875060895282496,0.03081105246151093,-0.09831033303989078,1.2568137735125593e-17,1.1885753988468107e-18,-0.11130267775565202,-0.03349941581683181,0.010338610591771717,-0.08687026295619234,-0.03913173118363119,0.0178965295341656,-0.08547672097644786,-0.018171427846009457,0.015398140752046048,-0.08909673997769797,-0.01010960436554295,-0.01879801217616275,-0.09524558071068795,-0.039906522532917967,-0.007655390025512881,-0.07366741208805959,-0.040939813062312494,0.001261021871663692,-0.0673923927133235,-0.022265170082948805,-0.0011771150321145819,-0.07212678575965421,-0.020443712737586453,-0.03528569221971232,-0.08091862027372451,-0.041222694547135966,-0.027683022980958982,-0.06695048665213428,-0.05005153493859686,-0.016683182635544313,-0.060051418069368374,-0.03746495756147405,-0.02020172040226247
0.0,0.0,0.0,-0.02315655972164147,-0.008757094091923896,0.02902357830323267,-0.053580893483316704,-0.015429905378121554,0.04874496191737753,-0.0866036629404123,-0.023411063073323878,0.052888244103422646,-0.11443212046794464,-0.03283258505476993,0.040618775022157314,-0.09642114424770507,-3.851887658977914e-18,0.02519087594807091,-0.1124838160052823,-0.02094693113250327,0.029427046049788796,-0.10665360621283027,-0.030789354272369264,0.03249621409168536,-0.09416553507524009,-0.03122721993199297,0.029318975688448424,-0.09678364598168192,-6.628706208998019e-18,4.262939718987566e-19,-0.11454718704449987,-0.030923299928405798,0.006969793216743388,-0.09554618655528473,-0.03984463629831142,0.014096629106857245,-0.09246255055491893,-0.024655204307211236,0.01397790162641032,-0.08792136584392682,-0.009910358653713666,-0.01857016083378135,-0.09947020945470439,-0.037828751280168584,-0.010728822630677943,-0.08231620738039203,-0.04258302093435038,-0.0020321534082047483,-0.07504825449168899,-0.028954706997224657,-0.002197377957672639,-0.07115402760869298,-0.019695636039777174,-0.0351095971475997,-0.0834746876929464,-0.038476201050780416,-0.030134611603431567,-0.07399169844894159,-0.04904443790260986,-0.020152181638619458,-0.06713680751531265,-0.03957315092873106,-0.02112574470230024
0.0,0.0,0.0,-0.02386920329520609,-0.008292970775564113,0.02839017367311827,-0.053500635319307155,-0.01389686711452064,0.04926745281490992,-0.08564118934997131,-0.020230699871351773,0.05474584475103403,-0.11401155570002545,-0.02808260602979497,0.044764235379577196,-0.09558867814930735,-4.861751900646186e-18,0.024641595172070718,-0.11387391006478714,-0.01834405934019193,0.027203680967380482,-0.11308723899397342,-0.028775993533691934,0.02959098417076338,-0.10379269903039878,-0.0338158075990893,0.027283606157568703,-0.09545590912699906,-5.740884348087956e-18,4.6257361058169815e-19,-0.11808399417126887,-0.027323057019578656,0.0034810888631419084,-0.1059518358452182,-0.0393219990819217,0.009640201140191006,-0.10277276340579306,-0.030890199801951495,0.01167922973157264,-0.08707336426837978,-0.009666420852271086,-0.018316518080157777,-0.10405730340212781,-0.034829834189608756,-0.01390146208624795,-0.09267855836552223,-0.043164287423535265,-0.006093452251949887,-0.08603331277510522,-0.03549452883698041,-0.004287211873309013,-0.0705540292698817,-0.01889665226576924,-0.03479040382003603,-0.08617852458524315,-0.03501564485077585,-0.03258574555514912,-0.08222788425299102,-0.04698228528549543,-0.024299849147461607,-0.07674263354173518,-0.041240759730007064,-0.02306551887816375
0.0,0.0,0.0,-0.024540833001819265,-0.007815723984954932,0.027664216020964964,-0.05325725962555848,-0.012741766294694416,0.049779992190767924,-0.08434837353674747,-0.01763195702567349,0.05676431580161363,-0.11315438840564827,-0.023979682963517737,0.04942697068876503,-0.09509482993536392,-4.440532180259966e-19,0.024062241596510815,-0.11562684015200989,-0.015262010395759406,0.025236116831346755,-0.12050333232107391,-0.025732009827721735,0.0268054785241958,-0.11547064716956715,-0.035655304765956256,0.02481578159854327,-0.09457967451606203,-2.1371908087660044e-18,5.294824875780695e-19,-0.12166483655010377,-0.02286225310743037,0.00033235630797098814,-0.11734214816370497,-0.037162936493720294,0.005013909777656223,-0.11604415385475089,-0.03567321153086839,0.008559100124891037,-0.0867578643624683,-0.009373268149168537,-0.018060995251477162,-0.10870060984961535,-0.031007722992738244,-0.016788420964715983,-0.10404700517506625,-0.042209441962421636,-0.010519992681776379,-0.09990630186891727,-0.040713734186147946,-0.007430071820763206,-0.07050646114919633,-0.01809464467789419,-0.034382497365373854,-0.08889138706576731,-0.031067301372375785,-0.03472445457190889,-0.09105413010076258,-0.04373949131225757,-0.028688011907231945,-0.0883399718322597,-0.04187648874042398,-0.025957759669735587
0.0,0.0,0.0,-0.02510100187616629,-0.007372763648997114,0.026934083155299823,-0.052889297555742606,-0.012115181759208653,0.05024499191298654,-0.08286088499097242,-0.015879609714696038,0.05878207472653512,-0.11197155397215551,-0.020977140457671035,0.05431849823770877,-0.09503192543716905,2.4011061741703317e-18,0.023505275827881877,-0.11758839265090004,-0.012019899016085835,0.023768554813446606,-0.12810144976094132,-0.02185710550429148,0.024552971919858113,-0.12804918326588355,-0.036160116353840574,0.022286242549445747,-0.09429503910639825,1.495366575452172e-18,1.8089994578327285e-19,-0.12505584748801007,-0.01798469155282365,-0.002066369319271704,-0.1287105927258429,-0.03345785142065987,0.000852816130286501,-0.13110220969873373,-0.038131006011100664,0.005052447881430981,-0.08704248384654704,-0.009045739170809844,-0.017825954213390133,-0.11308018319015738,-0.02674311195388588,-0.019047303150316292,-0.11542386292021967,-0.03970142442293439,-0.014726712108569675,-0.11543045716177466,-0.04375202277436368,-0.011182485952120933,-0.07105136398700279,-0.017360715341149646,-0.03395927444513171,-0.09148422638273843,-0.02703883782927917,-0.03631655548807893,-0.09970339375685443,-0.03954766867907423,-0.03276050899402583,-0.10087228077920335,-0.041147672049982154,-0.02939582313295005
0.0,0.0,0.0,-0.025517350823176826,-0.007010913044487625,0.02627581690056566,-0.05247494123951175,-0.01202697354217203,0.05061370126354734,-0.08136502582458159,-0.015005903080809792,0.06061482960605249,-0.11063236822869714,-0.01921507286273552,0.059060907642576266,-0.09539162457487887,1.390417413148126e-18,0.023013781426571026,-0.1196204485194299,-0.008996317603744464,0.022905556094005755,-0.1351446483730057,-0.017671082226846595,0.023125823384762746,-0.14018620040972643,-0.03532710260360403,0.020170669336136995,-0.09459901275417588,7.168101664445442e-19,-4.337116338299745e-19,-0.12810932867987618,-0.01328670628450141,-0.0035138482592853627,-0.13908777063830582,-0.02882884713921123,-0.0023103443649272245,-0.14630402611411894,-0.03816127407729626,0.0018214693331170654,-0.08785012151047561,-0.008718651506155561,-0.01762776451790849,-0.11695394737420654,-0.022589414918841928,-0.02051141439001186,-0.1258213873977238,-0.03615274336191919,-0.0181718739012535,-0.1309356433821772,-0.04448385678411501,-0.014832667043910102,-0.07208614674138843,-0.016776891231963503,-0.03359113634784512,-0.09386443555873239,-0.023400248749495263,-0.03729252460171995,-0.10747087824269884,-0.034986376203586494,-0.036055174512350914,-0.11307063530696548,-0.03921639516122193,-0.03278683199306854
0.0,0.0,0.0,-0.025794016123364114,-0.0067607061068409805,0.025737825522695316,-0.052092930323486865,-0.012354247320359474,0.050855803776382005,-0.08002930660129717,-0.014819787845254818,0.06212892076073647,-0.10930403487822789,-0.01848561702811276,0.06331474847699149,-0.09607873949796372,-5.704332812684036e-19,0.022617469965234765,-0.12161173626899398,-0.006501509608506266,0.02258855666576076,-0.1411275151828851,-0.01381279153964629,0.022561473263556068,-0.15073921733179835,-0.033677729974454625,0.018791974768163883,-0.09536610507535395,-6.607249606971593e-19,-6.141225379173824e-19,-0.13076541829547808,-0.009315617719877734,-0.004071175418769627,-0.14777755361167547,-0.024183246877699488,-0.004262826157924595,-0.16006603626448196,-0.03644045381401462,-0.0005855938886864379,-0.08900232210783211,-0.008436695650821141,-0.01747839392661855,-0.12018921207257882,-0.019080129258208234,-0.021233879769033643,-0.13451943351569356,-0.03239362731423353,-0.020571849712926655,-0.14484909019523756,-0.04353189260803119,-0.017752054339741107,-0.07341314436368371,-0.016413107412274915,-0.03333110062242458,-0.09596969634459532,-0.020538592282295334,-0.0377477470751233,-0.11388268586331152,-0.03078699088338089,-0.03837103341165587,-0.12383902730067542,-0.03669106197744891,-0.035626250614404324
0.0,0.0,0.0,-0.025954231822364948,-0.0066306101848695375,0.025339548468674984,-0.051787200630277044,-0.012904797599091411,0.05097819255262895,-0.07895252814573457,-0.015014906166493829,0.06328123674386331,-0.10809968761473696,-0.01836447268869577,0.06686934106024434,-0.09694401771621919,1.147659534159806e-18,0.022330900733119902,-0.12345959945045548,-0.004697036890753568,0.02264900342060749,-0.14580737123842602,-0.010794746106014667,0.022657416759137235,-0.1589974381270858,-0.031920114451666065,0.018179699678268952,-0.09639925271169514,3.422186647959141e-19,-6.727991228629722e-19,-0.13300954572310422,-0.006410877159760524,-0.00398854037919296,-0.15443669789515094,-0.02034670143041176,-0.0051411035056553095,-0.17126201820377662,-0.034015904768721135,-0.001978063494214692,-0.09028264006542407,-0.008236919121553922,-0.017387839691379303,-0.122741775394252,-0.01656283257189783,-0.021422892794192197,-0.1411613124696392,-0.029217842450870446,-0.021954988903927188,-0.15607635572661024,-0.04187809006507014,-0.019653343837258343,-0.07480554533954055,-0.01630159409551174,-0.03320673255078987,-0.09775268803593083,-0.018655256999002223,-0.03786759682189173,-0.11873863565980906,-0.027558802608868886,-0.03977798993367598,-0.1324789323376844,-0.03431972606008151,-0.03767392773527015
0.0,0.0,0.0,-0.026024499843101987,-0.006612014872855082,0.025076857065487016,-0.051558730336088626,-0.013495874484807168,0.05101717223001574,-0.07815169045419758,-0.015301097512398835,0.06410672054015357,-0.10706656313273223,-0.01841374035721158,0.06965811584114404,-0.09782725360892365,1.0559655303031629e-17,0.02215240032915946,-0.12506233599502725,-0.003588184872935477,0.02289390575627153,-0.14915673347737096,-0.00885232560999663,0.023104962203277627,-0.1647324898817666,-0.030594579337989408,0.018128908808548203,-0.09749296160909693,1.0457340880773559e-17,-9.398470043235446e-19,-0.13483616576253224,-0.004644599994017186,-0.003571556439527621,-0.1590404760319568,-0.01778517173410842,-0.00528470507447674,-0.17938094920490597,-0.03179748327360492,-0.00250788016310302,-0.09149817017123099,-0.008132333849122219,-0.017360572582168873,-0.12462687330362053,-0.015123809233072213,-0.021325270293347045,-0.14572119794531393,-0.02709762255085748,-0.022553915074054975,-0.16413821046291996,-0.040376576217100384,-0.020600041770448087,-0.07606984365890664,-0.016419922246658808,-0.03321476565673496,-0.09918065689136563,-0.017733483431098544,-0.03783334237028392,-0.1220679332553104,-0.025588106722969774,-0.04049618924867355,-0.13872624973240466,-0.0326486989133248,-0.03894318899009085
0.0,0.0,0.0,-0.026028954072749647,-0.006685813438520698,0.02493046013158242,-0.05138606078336342,-0.014003772686419322,0.05101552135418473,-0.07758503171501194,-0.015487740014704756,0.06467619593173307,-0.1062090748087837,-0.01833345555333114,0.07172306874129156,-0.09859770000370566,-2.080293069925086e-18,0.022065290549430412,-0.12633432711072326,-0.003067505718343197,0.023171054630592634,-0.15129390062384343,-0.007938001899244942,0.023631062282288187,-0.16811698139783512,-0.02990810157037619,0.018362904153010427,-0.09848399708273746,-2.3327418393516493e-18,5.172111266895648e-19,-0.13623733306122696,-0.0038644409474897687,-0.0030712837966492147,-0.16179503836839781,-0.016539158112473817,-0.005050084918699797,-0.1844731273198909,-0.030268265603035777,-0.0024862666473312723,-0.09251708675265728,-0.008109250041831452,-0.017388533603478484,-0.1258997119665069,-0.01461887980984688,-0.02113347515625497,-0.14841371688418167,-0.026104441071156236,-0.02264921177858594,-0.16911273478316638,-0.03947291850832403,-0.02084639394765564,-0.07708318293242995,-0.01669604290523737,-0.0333238265889856,-0.10024155164112385,-0.017582534466364645,-0.03776340420653176,-0.12405361083820048,-0.024808795900487512,-0.040759528475103245,-0.14267909158473197,-0.031859491524538,-0.03958251486717078
0.0,0.0,0.0,-0.025990352090268815,-0.006825607361887273,0.024873587487916928,-0.051252152170263916,-0.014369614606656249,0.05100410155399754,-0.07718925196748787,-0.015496045540438572,0.06506116873465606,-0.10551643213803971,-0.01800301893198278,0.0731690369201641,-0.09917839755317566,-1.5512615079678236e-19,0.022043332779633346,-0.12723174830793907,-0.002971949461046881,0.023393097050659815,-0.15242499308406357,-0.00781512644582939,0.024070690361816714,-0.16958586876102621,-0.029778589607651475,0.01866607900963408,-0.09927478288020118,6.551039440286993e-19,-5.910868288163004e-19,-0.13721578608910281,-0.0037941403286580883,-0.0026401005412507506,-0.16304560842794927,-0.016339511730575466,-0.0046991842531684536,-0.18698190886047752,-0.029490220951202777,-0.0022090757666344742,-0.0932775537218004,-0.008137807587747273,-0.017451124766229478,-0.1266464209921637,-0.014770485835395713,-0.0209539071464611,-0.1496006211761969,-0.026011735146492413,-0.022469311041446432,-0.1714731910565829,-0.03920560152858244,-0.02067139265353195,-0.07780054821301911,-0.01703420135046446,-0.03348755404205001,-0.10095178868119194,-0.017926685421041484,-0.037707414323978936,-0.12496464659080087,-0.02491465244769597,-0.04074637996010036,-0.14468542692256905,-0.03181781399160006,-0.03976839821190165
0.0,0.0,0.0,-0.02593114150674539,-0.007000408088535799,0.024877615099136594,-0.051156107913992464,-0.014581196228368976,0.05099726110255911,-0.07690809590626332,-0.015327463594980752,0.06532081142485409,-0.10497635811488647,-0.017439320887578137,0.07412864313410916,-0.09955006450397845,3.8726096176166385e-18,0.022058612178641416,-0.12776941036558515,-0.003130040793458793,0.023531286733742867,-0.1528040134368968,-0.008175324407975451,0.024368510614582752,-0.16970167437202266,-0.029981282408180574,0.01893188314173417,-0.09983216970478097,4.469430922216357e-18,-1.486505771369524e-18,-0.13780493191665544,-0.004133654128673775,-0.002340325966452636,-0.16320556682388787,-0.01678703994982485,-0.004379394099684935,-0.1875641011746006,-0.029275166974798733,-0.001878021400982318,-0.0937775075076295,-0.00818593778721395,-0.01752391854316213,-0.12697854569237108,-0.015273449652737595,-0.02082327650459574,-0.14971518906171033,-0.026467305714109286,-0.02216783081470335,-0.1719094720176305,-0.03937509169605332,-0.0202949116402293,-0.07824059638368841,-0.01734676825640336,-0.03366082897238959,-0.10135939099167186,-0.018494231881481422,-0.03767099720604641,-0.12510619219593644,-0.025518041489679778,-0.04057728814947635,-0.14523210634833253,-0.03223375446978113,-0.03965938080109008
0.0,0.0,0.0,-0.025872157973031044,-0.007178877319484676,0.02491669140987771,-0.051107793901436896,-0.01465473204513933,0.0509981947745403,-0.0767024923979086,-0.015028523540232147,0.06550228788448305,-0.10457615146191694,-0.01673416300998625,0.07473807297210322,-0.09973815551597678,1.136473054143966e-18,0.022088076654651834,-0.1280157092629106,-0.0033933986723390735,0.023597921261475564,-0.15269884906010298,-0.008731932321705192,0.024546378899978342,-0.16904225284505978,-0.03028941792358062,0.01914844957374878,-0.10017133991954377,1.3702002788747043e-18,1.0189868330881527e-18,-0.13807419280249789,-0.004627196270304644,-0.002172802189716733,-0.16269952514339892,-0.017501687296092958,-0.004150457950054248,-0.18693897009645843,-0.029371011263233396,-0.0015984507147865608,-0.09405492934358635,-0.008229554360203768,-0.017587599524988298,-0.12702233143721645,-0.015871043526370487,-0.020739987818345226,-0.149197624653355,-0.027139469573352174,-0.02184071625780336,-0.17117151206037162,-0.03973136871039892,-0.019863970022131274,-0.07846084562063071,-0.01757650580217575,-0.033810699753491685,-0.1015354755035863,-0.019076927600525782,-0.03764233217284032,-0.12477958766156146,-0.026277762220343285,-0.04033639489655388,-0.14484724565751625,-0.032818532533125507,-0.039389328474423245
0.0,0.0,0.0,-0.025830053297645577,-0.007332241575980166,0.0249703666673509,-0.05111594153521199,-0.014622019082698938,0.05100483916826333,-0.07654761302414388,-0.014666012153825049,0.06564307591299172,-0.1042975333893307,-0.016003531770344283,0.07512203176311805,-0.09979232950795211,-4.563303690703802e-18,0.02211626780008789,-0.12807035928238186,-0.00365223072493594,0.02362854528089761,-0.15235797757488412,-0.009270513886483646,0.0246672979614619,-0.16811749162014542,-0.030552238223158987,0.019362759561054134,-0.1003348112370767,-4.808998566854556e-18,-4.4060453082052046e-21,-0.13811732490774156,-0.005093546606260738,-0.0021037341137899995,-0.16191528983293826,-0.01820143138537948,-0.004018322735255141,-0.1857760503534429,-0.029577702115669024,-0.001407196820119727,-0.09416693728116061,-0.0082567146796165,-0.017631616782375303,-0.12690229930558264,-0.01638847450251358,-0.02068832298856622,-0.14844193290950847,-0.02779237981497328,-0.021547963817056932,-0.16994955042578613,-0.04008872311835286,-0.019467998059979476,-0.07853281090959159,-0.017702762015172274,-0.03391953067519281,-0.1015586439236672,-0.019549473033807,-0.03760777254304556,-0.12424995283809162,-0.026959743315968863,-0.040087932408666184,-0.14402275205590775,-0.0333702592197756,-0.039069932113194455
0.0,0.0,0.0,-0.025815374924083676,-0.007436382267503548,0.025023701662055912,-0.05117912058144891,-0.014520560246592725,0.051012729137594144,-0.07642594967458505,-0.014308688308681051,0.06577252160505283,-0.10411267911526263,-0.015350663468724336,0.075388489477867,-0.0997672234809613,7.364738665165969e-19,0.022134626465236833,-0.12803785242698185,-0.0038372137979441954,0.023666557062022153,-0.1519837668785963,-0.00966019379088571,0.02480630894922165,-0.16732014337389514,-0.030710474951584018,0.019644918337697916,-0.1003740364861225,3.166551740353244e-19,2.448100692033399e-18,-0.13803419510898116,-0.005426699559202847,-0.0020855305160548615,-0.16116977394158116,-0.01871872632379069,-0.003962714725306627,-0.18462487681988812,-0.029785122587666083,-0.0013037812987957975,-0.09417330214060618,-0.008266569414729806,-0.017653328583366237,-0.1267261693225203,-0.016732267071336033,-0.020652225588814174,-0.1477616396060706,-0.028298166885735027,-0.021328982301625873,-0.16879983951216296,-0.04036016576081171,-0.01915964275049138,-0.07852385554339597,-0.017734826367107676,-0.03398274422793555,-0.1015009101623953,-0.01985898285463236,-0.037558880103823716,-0.12372618589791395,-0.027439908928243016,-0.039884443131119614,-0.14316454448418406,-0.03378867351549976,-0.038792790660400596
0.0,0.0,0.0,-0.02583184240627464,-0.007475191253011814,0.025066390744960674,-0.05128299200191965,-0.014386418687833967,0.05101789014140289,-0.07632218482871779,-0.014014543016435375,0.06591445276875134,-0.10398734876329542,-0.01484656624030084,0.07562992221135297,-0.09970916731180227,6.289052557238321e-19,0.022139462682763445,-0.1280052926917237,-0.003913203942128949,0.023751187815060703,-0.15171822098284568,-0.009842465366535403,0.0250299860403023,-0.1669077715991774,-0.030777063789795504,0.020060787612593122,-0.10033702845336541,-6.172030634827988e-19,1.738787189857311e-18,-0.1379145723247928,-0.005580446856759766,-0.0020735254775576754,-0.1606915215413154,-0.01898363636447679,-0.003956904967655131,-0.1838807592251417,-0.0299654761200323,-0.001273294185948019,-0.09412562923982912,-0.008265737908578652,-0.017655080429152405,-0.12657671769818024,-0.016872178994716314,-0.020622638461785334,-0.14737552907493418,-0.028615752702882753,-0.021211023298313602,-0.16811212084823085,-0.040545141693091064,-0.018970983887701808,-0.07848661363566707,-0.01769956812410134,-0.034004384792209214,-0.10141914608831597,-0.02000260186615418,-0.03749522483569129,-0.12335429897446439,-0.02768028199261775,-0.03976971476022873,-0.1425678589106668,-0.03405445036327067,-0.038629152641175966
0.0,0.0,0.0,-0.025876517017745612,-0.007443409562509958,0.025092726467744284,-0.051402180705035536,-0.014248380941517818,0.05102071911323346,-0.07622101457395075,-0.013820624957494443,0.06609018630991322,-0.10388742347566252,-0.014521245467624655,0.0759256814644233,-0.09964845036369065,-1.8031195945876232e-18,0.0221306808380742,-0.12802716393081648,-0.0038712575030566184,0.02390904249681549,-0.15163782954779717,-0.009813548264784738,0.025382031297378,-0.16700172327951174,-0.030807959345762314,0.02065310215724902,-0.10026035507469425,-1.6202888811011207e-18,1.4817967847904366e-18,-0.13782610482649527,-0.005550288147728815,-0.0020381916933073555,-0.16061440673466074,-0.018999063104574426,-0.0039805128073175326,-0.1837718360130609,-0.03015102650290599,-0.001299548653511759,-0.0940603896129671,-0.008264563547437796,-0.017641407547706104,-0.12650840097115265,-0.016820783547554313,-0.02060082625379439,-0.14740525723653505,-0.02876343323150508,-0.021212121338618196,-0.16810119365880685,-0.040703627656699104,-0.01892134463505135,-0.07845336218069522,-0.01763011670566545,-0.03399289787139771,-0.10135044950870453,-0.02000622919335199,-0.037425590634475724,-0.12321785849180024,-0.027701274922044997,-0.039778874849560296,-0.1424070458600785,-0.03420120942982265,-0.03862729706432766
0.0,0.0,0.0,-0.025939893586415366,-0.0073471557091781825,0.025103032122598117,-0.05150388993994927,-0.014121899880281853,0.0510296548617642,-0.07610704048960296,-0.0137319585585227,0.06632060397427658,-0.10378428158274099,-0.014354363341085414,0.07634214958669686,-0.09959512448791863,-5.723946589498555e-18,0.0221121064233357,-0.1281164672957137,-0.0037227320285549937,0.024149174477395716,-0.1517520517462299,-0.009609392765174949,0.025873073162965547,-0.1675897800628757,-0.03087654026769468,0.02142970824360182,-0.10016349949399608,-3.571713872832889e-18,2.536589407478416e-19,-0.13780577170287822,-0.00536075672807262,-0.001971701206031657,-0.16097469858761784,-0.018821658636800742,-0.004025238781507071,-0.18435282461876545,-0.030413592765043185,-0.0013688995829163714,-0.09399422201366113,-0.008273739408834024,-0.017617346215464857,-0.12654448704895424,-0.016619227847938272,-0.020598013800832052,-0.14787462146915964,-0.028799013729899438,-0.021339350295670776,-0.16880473749076255,-0.04093326436304371,-0.019015701699396922,-0.07843309835804864,-0.017558101941973787,-0.033957969578528875,-0.10130867511402494,-0.019909829020666295,-0.037367562260639295,-0.12333867416233692,-0.02756104262867907,-0.039934970033556644,-0.14272992385471503,-0.03429429257090029,-0.03880662147637765
0.0,0.0,0.0,-0.02600510181779536,-0.007201935878672902,0.025105435278691933,-0.05155223756554117,-0.014005052226069138,0.051063574857213426,-0.07596650300350773,-0.013713068796707962,0.06662672970168071,-0.10366071947346592,-0.014271341287651972,0.0769282370408278,-0.09953782962605767,-7.920601192163309e-19,0.022092702115612296,-0.1282412047364215,-0.0034975179817487998,0.024462078300259458,-0.1520023653050505,-0.009299570718717235,0.026477379365228555,-0.16852567627675105,-0.031058813870576883,0.02236153880821308,-0.10004585518950086,-2.6022254113077458e-18,9.071074443286077e-19,-0.13785328146198483,-0.005061496211415564,-0.0018880578284451543,-0.16170538614529242,-0.018554126909290414,-0.0040915059374115464,-0.18549593107631593,-0.030853688401163093,-0.0014632919720998113,-0.09392104882531385,-0.008301649853117746,-0.017586692934308125,-0.126673431033882,-0.016331532942445267,-0.020630363340166054,-0.14870453018981739,-0.028810823993781026,-0.021581346449928315,-0.170077282873286,-0.04135426632035725,-0.019233730671428688,-0.07841024895735248,-0.0175082490456748,-0.03390804477299645,-0.1012816857752508,-0.01976077467960504,-0.03734266167953209,-0.12367383913965738,-0.027347582009792502,-0.04023928613382246,-0.1434493157852647,-0.03442354499666658,-0.03914697362666457
0.0,0.0,0.0,-0.026048856595552464,-0.007028892344750365,0.025116267023249834,-0.05151513616057241,-0.013879126059609458,0.05114952494377971,-0.07579351287109204,-0.013688874451855909,0.06702459752904864,-0.10352019557384819,-0.014152582045556,0.07770145041499105,-0.09944681573837748,-2.778695151826638e-18,0.022086592506818305,-0.12832899505170595,-0.003247333996300721,0.024820559459749814,-0.15226173455101014,-0.008991346673649777,0.027135995022226467,-0.16952678889742567,-0.03143147438140576,0.023388625030010775,-0.09988726332812692,-3.294198521386494e-18,-2.0778550474691572e-19,-0.137926314993784,-0.004733002893029336,-0.0018172446008523685,-0.16262713177068555,-0.018348764476951312,-0.004178634755133306,-0.18687806105579713,-0.03159945227559985,-0.001549458006277826,-0.0938119006461153,-0.008352752836690519,-0.01754993002375551,-0.12684483583691022,-0.016046183704971097,-0.020710707581060177,-0.1497046909940015,-0.02892019913369442,-0.02189783476858873,-0.1715806393877873,-0.042102829077866326,-0.01951526730447474,-0.0783460747626807,-0.017494874524646507,-0.03384815594962893,-0.10123098688712116,-0.01961455587575032,-0.03736789595579698,-0.12410956551556776,-0.027181477081740946,-0.040659174966922784,-0.1443331179666283,-0.03470642270111973,-0.03957854740638769
0.0,0.0,0.0,-0.02604649012446748,-0.006851913556801538,0.025158505469357124,-0.0513746019587462,-0.013713027075621383,0.05131396002184514,-0.07560312723661171,-0.013559377887269084,0.06751150071494433,-0.10339899861873476,-0.013855747591032017,0.07862156913205758,-0.09928168844822215,5.778523110086724e-19,0.022111261131804096,-0.12828259744650156,-0.003050572245763267,0.025182611073318092,-0.15233863643462286,-0.008834527214441081,0.02776618687393942,-0.170180125169117,-0.03207322744113163,0.024433289955614577,-0.0996528748437045,-1.0543585618098332e-18,-1.1786716807632584e-18,-0.13794182536551108,-0.0044962762453107825,-0.0017948460214700255,-0.16344275744266598,-0.018410859109294984,-0.004273056618427899,-0.18797624045650674,-0.03279910070364127,-0.001571105234046827,-0.09361942646000211,-0.008426799596896248,-0.017504461226641104,-0.12696751209102136,-0.015879858139005013,-0.020840856953477933,-0.150570074346961,-0.02928629034526251,-0.022212946692831404,-0.17278299189477028,-0.04331990883448809,-0.019751360704693483,-0.07818426863754109,-0.01752138192413481,-0.03377970035881353,-0.10109479873252038,-0.019539917909870506,-0.03744865299161088,-0.12445670871667576,-0.027219325352829695,-0.04112087375173167,-0.14500280295798698,-0.03528681064432684,-0.03997964916205339
0.0,0.0,0.0,-0.025978113513911636,-0.0066965183559971634,0.0252594909395144,-0.05113568700018608,-0.013470758279856205,0.05157136995042315,-0.07544441682437303,-0.013228469250769946,0.06804832705736852,-0.10337278218930872,-0.013253034560701238,0.07955932077402984,-0.0990009678107999,-1.92574455704038e-18,0.022185590084009346,-0.12800089217798663,-0.0030144915715624764,0.02550134840167063,-0.15198817538314596,-0.009018427624589726,0.028283137464620366,-0.16996398173419056,-0.03306013918885635,0.025424881747944477,-0.09930197198205894,-4.8910752043864665e-19,2.2976084717940076e-18,-0.1377851103483743,-0.004519191984280639,-0.0018467697770186808,-0.16374251491943204,-0.018989910527428596,-0.004332956666018496,-0.18808675399228375,-0.03459133094989258,-0.001440028203368346,-0.09328762603588293,-0.008519422228499312,-0.01744866687674216,-0.12691214467602482,-0.015979358865587864,-0.021004494747008953,-0.15088919688244526,-0.03009994493944239,-0.02241303957632693,-0.17298025395850133,-0.04512070685056784,-0.019783040389128117,-0.07786062438617335,-0.017583577780888083,-0.03370376503362032,-0.10079443535932613,-0.019625765818533095,-0.03757452355615554,-0.12445233978006154,-0.027650831720447095,-0.04150796305692507,-0.14494888561889374,-0.036318647524568266,-0.04018208596845466
0.0,0.0,0.0,-0.025832236651499682,-0.006588051735020688,0.025448117571800315,-0.05083080501665428,-0.013123122264428487,0.05191377126305278,-0.07540418896297393,-0.012642007940547048,0.06854497169486977,-0.10355042811297246,-0.012284927105124941,0.08027530086342183,-0.09857173344297988,3.100621098188647e-19,0.022328086781599792,-0.12739759888536376,-0.003271221896971896,0.025743666351422795,-0.1509311834918052,-0.009755675597345605,0.028635519825425542,-0.16829234824145103,-0.034447372827432425,0.02633285372280466,-0.0988006923556157,-1.2728769626939543e-18,-7.300801763819957e-19,-0.13732237305126652,-0.0050127858468912885,-0.0019671622865069746,-0.16302576749551928,-0.020347940154734068,-0.004266225525558009,-0.18638242541550967,-0.03704567293380292,-0.0010240577120291215,-0.0927664717282488,-0.008623833539512049,-0.017387061301558534,-0.12651922686018782,-0.016516500687474966,-0.0211564563425911,-0.15016918483425862,-0.031554162720455255,-0.022343782342651657,-0.17135359687028476,-0.0475360314343792,-0.019406721354580467,-0.07731792484711993,-0.017674105070946727,-0.03362622478741008,-0.1002450706457429,-0.019984393326082296,-0.03771394115446854,-0.12377248187711104,-0.02868045198668768,-0.041659736822519874,-0.1435726579521301,-0.03792537651210268,-0.03998166267266826
0.0,0.0,0.0,-0.025605989533876616,-0.006549014758587631,0.02575041090593457,-0.050518501207596565,-0.012665338741566369,0.05230261282388207,-0.07559797367999405,-0.011832427263358194,0.06885493102926855,-0.10405345381098621,-0.011028158747836542,0.08042465773362859,-0.09798097876904681,1.1055244080953892e-18,0.022554645556988086,-0.12641560992437698,-0.003962971093342984,0.02591251266192476,-0.14888610555805745,-0.011242866693877133,0.028843103991898045,-0.16459654224316933,-0.03622711628124411,0.027190636724116486,-0.09813892282731654,1.093015618756926e-18,-5.825377747885529e-19,-0.13641523608512848,-0.006205869136572717,-0.0020915646575785495,-0.16074943698901054,-0.022688646269293875,-0.003908456724142265,-0.18202802707183435,-0.04006420062131273,-0.00014514025230148695,-0.0920314251328548,-0.008733003004830113,-0.01733381373164936,-0.12561378056917802,-0.017665444211835284,-0.021208774284663424,-0.14788687400942224,-0.03377798142808708,-0.021810192484003805,-0.16708252236262058,-0.05041869874646056,-0.018397072679681797,-0.07652692435134303,-0.01778630392682333,-0.033561787352727614,-0.09937088651935286,-0.020742715991526474,-0.037806383260430614,-0.12206464156808289,-0.030478880307389673,-0.04137185234361152,-0.1402682539599183,-0.04012616219177465,-0.03916031359786106
0.0,0.0,0.0,-0.025302270052011522,-0.006597222821080673,0.02618379398856466,-0.05027359074628457,-0.012139204202181366,0.052667971075088235,-0.07614470837573444,-0.010963133130897286,0.06878938970941124,-0.10497791132807771,-0.009762263308374685,0.07960308680653776,-0.09724708128994124,5.412776755484395e-18,0.022875359451658448,-0.12503709329117219,-0.005213246431411694,0.026063144330235183,-0.14561929821442332,-0.013593751207449415,0.02901606599432754,-0.1584524023695162,-0.0382689097220067,0.028088807908097074,-0.09734722636581251,4.615223134141234e-18,-4.809901540964772e-19,-0.13493684565664718,-0.008290137739460437,-0.0020776177279081993,-0.15641318613297076,-0.0260476893616289,-0.003023918278969377,-0.17436671923226738,-0.04326568794651168,0.0013845748936694212,-0.09110338327007166,-0.008842233362401088,-0.017313305946714676,-0.12402757083654796,-0.01955615091910362,-0.021022577472539283,-0.14357372271668659,-0.03673967766037901,-0.020596637680976457,-0.15952504888474275,-0.05333920133267622,-0.0165673302601205,-0.07550835688572606,-0.01791809972755048,-0.0335340802890009,-0.09811979922723461,-0.022017308848529187,-0.037756614396699514,-0.11900362480388262,-0.0331052642569156,-0.040413790754737104,-0.13455090335645678,-0.04274505172668429,-0.03753358230440832
0.0,0.0,0.0,-0.02492636363089304,-0.006745365509539687,0.026749698626732696,-0.05016973145881469,-0.011650283407138829,0.052919676585850076,-0.07712605738518329,-0.010345863096482619,0.06815885242866404,-0.10634396593144903,-0.00898872936461112,0.07744114145171217,-0.09642664052011525,1.5790214062788154e-18,0.023288859827079945,-0.12328954928545197,-0.007083956112401765,0.02629924155433966,-0.14101661634966417,-0.016758307316113503,0.029332502586728707,-0.14974475497752596,-0.040271343931203685,0.029122079253541745,-0.09650624014698139,1.2920188838680513e-18,-6.8249907745999875e-19,-0.13278789600023727,-0.01133999479559315,-0.0017161054606899678,-0.14968306279032378,-0.03017698150669003,-0.001363501858517386,-0.16316453556783325,-0.04591770104983921,0.0036632863805908713,-0.09005998180019179,-0.008950715925249274,-0.017355448054484857,-0.12162804136956566,-0.02220938150171536,-0.020422090111613486,-0.13693258871191424,-0.04015364859619516,-0.018528629807492814,-0.14845210533192912,-0.05553806063271344,-0.013878122971657521,-0.07434637135123652,-0.01807351627506779,-0.033568711619126286,-0.09647246545492354,-0.023874025799630848,-0.03743872091956785,-0.11436618169733569,-0.03642522563966392,-0.038581214891578605,-0.12621889784963924,-0.04535149180116834,-0.035035258473455295
0.0,0.0,0.0,-0.02448478381091945,-0.0070017049842584795,0.027425734942060773,-0.050259163167092794,-0.011362574722979569,0.05297133108276605,-0.07854261335793457,-0.010392144206957563,0.06683509502039901,-0.1080530256523618,-0.009340523289993094,0.07372628032632685,-0.09561250728261665,6.204712607274265e-19,0.023775518663092843,-0.1212500345143696,-0.009528793157720001,0.026740284601348703,-0.1351708718136471,-0.020468702201964773,0.029966222259661526,-0.1388330163463517,-0.041785204631812255,0.030305096322035537,-0.09574162862672812,1.4012154191264257e-18,-8.834475957001873e-19,-0.12991687560247733,-0.015235156301157439,-0.0007897933054134194,-0.14054058572340777,-0.034498441161363184,0.0012134773495171896,-0.1488562365059735,-0.047021729181355415,0.0065660767559823,-0.08903063432050758,-0.009060856108397212,-0.017486023991152407,-0.11835347975654234,-0.025481868564270104,-0.019242846951234606,-0.12797003150807987,-0.04345970132587742,-0.015573831676564181,-0.13427880416546534,-0.056034303075296436,-0.010556455765998162,-0.07318407339119501,-0.018261632660069277,-0.03368136194420782,-0.09444472279689783,-0.026287093191982646,-0.036719313327362675,-0.10811551330521295,-0.040079497006534265,-0.035785102497521884,-0.11551341571692914,-0.047307725364573706,-0.03181937620563409
0.0,0.0,0.0,-0.023985921655309137,-0.007370423098283309,0.028164206641325767,-0.05055413557770755,-0.011454924553520963,0.05277098726479725,-0.08028760693688164,-0.011480153037579998,0.06480660437611657,-0.10988174505503072,-0.01135869545869686,0.06850000253240558,-0.09491969873509466,1.1771664526571005e-18,0.024295894786769294,-0.11904806969655667,-0.012368274353757125,0.02747051095450125,-0.12845498636398886,-0.024270779706471495,0.03099746041348863,-0.12663371485247513,-0.04236752961829645,0.031518490633080334,-0.095200519826197,-3.396685389001647e-18,5.967427727817421e-19,-0.12634938978080787,-0.019637532056474005,0.0008323380452316015,-0.12940826143155668,-0.038217225021817854,0.004613987215986996,-0.13266509884889238,-0.04563252954515397,0.009686145461879476,-0.08817308259328642,-0.009176003084450546,-0.017717300023214616,-0.11424860659418679,-0.02906689673302842,-0.01740300313527871,-0.11709983446124736,-0.045946790232449804,-0.011925915761190556,-0.11817081514373985,-0.053949499570329386,-0.00712028228657837,-0.07219600392571929,-0.018495951673464267,-0.0338683403997923,-0.09208501928058364,-0.0291245602168614,-0.03550145037795241,-0.10047343060387916,-0.04356065369952738,-0.03213923910435875,-0.10320483308828612,-0.04797532393537168,-0.028304905545294832
0.0,0.0,0.0,-0.023442352863589255,-0.007850228404371834,0.028902541911461924,-0.051020173093605445,-0.012044537977899412,0.05232255112215762,-0.08216493824833407,-0.013779968873358178,0.062195461369493554,-0.11154298217562228,-0.01521343674330453,0.062071770485856576,-0.09445928396577584,3.584130941535553e-18,0.02479946927962334,-0.11686033369382012,-0.015311544613504832,0.028497164487180888,-0.12151756028228884,-0.0276613538502028,0.032368109519181794,-0.1145027111392504,-0.04182943282547319,0.03255155292433603,-0.0950117500547418,3.68221953163531e-18,-4.251851833173049e-19,-0.12221702151471603,-0.02405941126236591,0.0031146324979959795,-0.11715660412702829,-0.04059714766716953,0.008486457360226666,-0.11642158009653958,-0.041322510544113095,0.012460664509045628,-0.0876344794934654,-0.009297243466169421,-0.01804454014310151,-0.10948231749128785,-0.03257000982320715,-0.014958518590776848,-0.1051409453781387,-0.04700857758063546,-0.007989560399702066,-0.1018719994055191,-0.04894030964302864,-0.004219443940365373,-0.07153879080656841,-0.018790989848916792,-0.03410600722584091,-0.08946695139056002,-0.032172318226865934,-0.03377443543415518,-0.09193506592862431,-0.04638670534516789,-0.02797825567416913,-0.0905051187631318,-0.047011421360674883,-0.025077131569340497
0.0,0.0,0.0,-0.02287626093731575,-0.008428081531881954,0.02957820544912465,-0.051591428558066366,-0.013122399182023091,0.051681432569484986,-0.08395701608360832,-0.017145741513069416,0.05922247543983415,-0.11280379285009377,-0.020556408790978954,0.054942008452674905,-0.09430649191744593,-2.6176578551435875e-18,0.025239421725361557,-0.11489113896895076,-0.018033267249043798,0.02974106714066899,-0.1151509311135136,-0.030274099574894266,0.033915722299912215,-0.1038705345149372,-0.040405779656587086,0.03323136120989215,-0.09524238962535019,-5.590352200385624e-18,2.1722358657412935e-20,-0.11777141791264924,-0.02800530929323485,0.005840387353486345,-0.10493405124261956,-0.04125299566015975,0.012341388561332852,-0.10204011274265361,-0.034480768325005996,0.014444894952746107,-0.08750758455002755,-0.009420783919874247,-0.018447330007870022,-0.10434073435023,-0.03562330802300048,-0.012110200101385549,-0.09316437089453894,-0.04639062417373981,-0.004248627983180333,-0.08722463347398636,-0.041448718439504484,-0.0023486485187949302,-0.07129798961714948,-0.0191511901126852,-0.034358612867941715,-0.08668911052982048,-0.03518071787996905,-0.031644885994283896,-0.08319090679974873,-0.04826933595531362,-0.023769675322278045,-0.07876146794296118,-0.04455023656106773,-0.022657038454442068
0.0,0.0,0.0,-0.02232467521694244,-0.009070180345263178,0.03013876856804631,-0.05219549807810528,-0.014546272275899707,0.05092986967822991,-0.08549637819093989,-0.02114673234143279,0.05614878098062895,-0.11357758162956537,-0.02662277697541761,0.047701572246522474,-0.09447302556067269,4.991322563228662e-18,0.025583751192650897,-0.11333529409608703,-0.020273597625388974,0.031064610170638128,-0.11007084199744029,-0.03200430860418615,0.03545855584284375,-0.09579473571066319,-0.0386927947762809,0.03353447861117175,-0.0958674080831186,4.0113476327180676e-18,-1.3945764141035524e-19,-0.11336996828565468,-0.031118431146084445,0.008678469951164837,-0.09389234048739628,-0.040288265106202044,0.01574056077170271,-0.09091710273689062,-0.02621692329934766,0.015526888099127696,-0.08779813387007089,-0.009539267810475587,-0.018890599364075937,-0.09920441326954675,-0.03798283105776442,-0.009157610385776806,-0.0822509289768151,-0.04428718665575453,-0.0010962881808004444,-0.07561704043800213,-0.03258518453811054,-0.0016312906110222195,-0.07145969298637621,-0.019560633533385344,-0.03458747057900867,-0.08389234255116876,-0.03791475262477199,-0.029324828194397225,-0.07498762597865706,-0.049182260389328915,-0.019963601171039597,-0.06906969487263469,-0.041140007684160144,-0.021287821575283885
0.0,0.0,0.0,-0.021834590998389546,-0.009723619967925822,0.03055060298326844,-0.05277137786272897,-0.016089628685300745,0.05015078844261519,-0.08670017402660334,-0.025210456470979574,0.053224910419836485,-0.11392757489789698,-0.03250968104512579,0.040935825382126145,-0.09489881671317531,-1.4880597270945167e-18,0.02581843224984173,-0.11232327773963065,-0.02190377413297449,0.03232430853287352,-0.10670185675333825,-0.03299144116184448,0.036869661142531755,-0.09068267004026823,-0.0373626289953254,0.0335864337186011,-0.09676898359645918,2.378667048576163e-18,3.7861575213258576e-19,-0.10940715603310978,-0.03326757188097827,0.011301456106760435,-0.08490884698435079,-0.0382225739615164,0.01843781017080618,-0.08357831844669676,-0.01793869935726517,0.01591335701650084,-0.08841864927978792,-0.009647822229178598,-0.019328232356378847,-0.0944879095146653,-0.03958396791470171,-0.006406708748147818,-0.07324032747069974,-0.04126307834733629,0.001280557649866262,-0.06764018151375589,-0.023736289758168615,-0.0018237384414514963,-0.07192019235703283,-0.019987587671005735,-0.0347591502859061,-0.08126243828514654,-0.040208395667181346,-0.02706580362197406,-0.06797012895150197,-0.0493317486374289,-0.016857310161786168,-0.06200734116728246,-0.03751568884770766,-0.020881887747882636
0.0,0.0,0.0,-0.021443567988834185,-0.010330633488362117,0.03080701571559089,-0.05327448708279716,-0.01752245903170209,0.049413276740704004,-0.08756615764425801,-0.02881352922642122,0.0506552891594536,-0.11400190068435796,-0.03748856996324397,0.03512201068068173,-0.09547404213831366,-1.9766439440659354e-18,0.025947008965319495,-0.11186920763850598,-0.022937471529816403,0.033420222948368945,-0.10505433596362615,-0.0334899244652737,0.0380970529286922,-0.0882850785548442,-0.036833196436431494,0.03356290504916466,-0.09777732565740023,7.796050831660561e-19,-2.2254117887381678e-18,-0.10619266673551471,-0.03454832752874286,0.01349336326990093,-0.07837890979843824,-0.03575359201614218,0.020405295856658543,-0.07969789370280614,-0.010832944414100437,0.01593233669827854,-0.08921985421614333,-0.009748121274590387,-0.019714016185893777,-0.09053181160174312,-0.04053589609509767,-0.004072421954177304,-0.06653678066858339,-0.03803601790588541,0.002911175719311372,-0.06306901946215389,-0.016092895360948642,-0.0025085149626815763,-0.07253155408037293,-0.02039877446998398,-0.03485387943527425,-0.07898662066810343,-0.042004697226500846,-0.025070436468353254,-0.06252728354249448,-0.04905591534232,-0.014537007987015602,-0.057566664066963286,-0.03433601944135928,-0.021135657408377282
0.0,0.0,0.0,-0.021162501849930553,-0.010842245360536596,0.030927858040199364,-0.05367291218486348,-0.01868875133640003,0.04877172884625151,-0.08814624137266085,-0.03163456513614787,0.048580562680193416,-0.11396182733943992,-0.04119823229257408,0.030555429692202374,-0.09609095705454097,-2.467044220979625e-18,0.025989720526824498,-0.11187028822919665,-0.02349679139666705,0.03431571485210438,-0.10477102481043915,-0.03372966769852135,0.039136361240888845,-0.08791837389047102,-0.03711342952388711,0.033588262146867345,-0.09874538682799114,-3.595085300793708e-18,-1.830132108332149e-18,-0.1038635829127209,-0.03519651400901092,0.015182533200007581,-0.07420391121268692,-0.03346873156337468,0.021754057548445057,-0.07844123391494812,-0.005521215982444079,0.015839132537634765,-0.09005795328159552,-0.009843841715175695,-0.020015346461572835,-0.0875237151848787,-0.04103715462519936,-0.002240911437031553,-0.06209719849592888,-0.03520250265084696,0.003951495806605827,-0.061162911056691104,-0.010313667643696284,-0.0033144555453028077,-0.07316845334987111,-0.02076537536519314,-0.0348713689567505,-0.07720057615820597,-0.04333909275364289,-0.02344387042731375,-0.05872967339330276,-0.04867263756119679,-0.012922268021625728,-0.055303535982949195,-0.031979304584297534,-0.021706444626994642
0.0,0.0,0.0,-0.020978082751880515,-0.011226472645286065,0.03095027188371664,-0.05394996751303839,-0.019539259188477882,0.04826473637319661,-0.0885206331988822,-0.03359612068465321,0.04706439386138773,-0.11394626327672971,-0.04364114048486691,0.027320823019485824,-0.09669369344648472,-1.0230708564047931e-17,0.025977322801984497,-0.11216694316586558,-0.02375394906167487,0.035021145117480224,-0.10531063084122558,-0.033849838062231505,0.03999430200631898,-0.08875854935588622,-0.03788095574512672,0.0337002965942363,-0.09960667323591159,-1.0435286162515678e-17,-2.755207402610639e-18,-0.1023983901653979,-0.0354694684732767,0.016399177880612563,-0.0719737685196845,-0.03167866393743006,0.02263285866190246,-0.07888072461035062,-0.002037804957916827,0.01575493888342208,-0.09085195288785385,-0.00993330122838948,-0.020219955180345632,-0.08550167402897077,-0.04126873889255326,-0.0008989620801010601,-0.05959464974880729,-0.033067428683717516,0.004579871261878596,-0.06106104629005202,-0.006472827168577578,-0.004014671295184816,-0.07377088342641765,-0.021060921231609492,-0.034828898311014975,-0.07596802571506808,-0.04428265998444454,-0.02220415103255287,-0.05639913761875979,-0.04836515303972126,-0.01185640099812096,-0.054592026034759315,-0.030490936120154247,-0.022326802835648515
0.0,0.0,0.0,-0.020866742145381704,-0.01147253407099508,0.03091794712218824,-0.05410959085085764,-0.020114159672797314,0.047910225844821006,-0.08877735543861028,-0.03480944146687931,0.046088158495664625,-0.11405924854621788,-0.04506065854210489,0.02531201470884947,-0.09728591285482567,-1.21714044913355e-17,0.02594121097274764,-0.11260811714762411,-0.023878750780644727,0.0355620325466554,-0.1061364674235567,-0.033915411580983455,0.040668792059078154,-0.09004952328092611,-0.0386865810007643,0.03387042584016948,-0.10037506771446018,-1.0961778164120013e-17,-1.4389692323953916e-18,-0.10168494956755181,-0.03556924549389817,0.017214197123840872,-0.07117249757112455,-0.030438800654351433,0.02317127115528823,-0.0802295055736446,-4.015710934916021e-05,0.015710243504452975,-0.09158849256091972,-0.010007029221957274,-0.020333463771381927,-0.08440047788799439,-0.04134335468221473,1.4243659054717366e-05,-0.05859351211091406,-0.03165583428697679,0.0049426941541680204,-0.06201341382243396,-0.004242683429682805,-0.004504053173375188,-0.0743367036297056,-0.021261568804097904,-0.03475364119357096,-0.07528631410380479,-0.04490078027058784,-0.02132164798031324,-0.05522920984963423,-0.04817303886767901,-0.011177124084150657,-0.054815925024938796,-0.02968295725279299,-0.022828228928479306
0.0,0.0,0.0,-0.020805527112684907,-0.0115886639978877,0.03087180797181195,-0.05417283933507306,-0.020501604257445745,0.04770498960500574,-0.08899258143193342,-0.03548362321966503,0.0455691690162018,-0.11436040309656235,-0.045803188339781635,0.024303107731769805,-0.09790058434487899,9.227858173647534e-18,0.02590735092431649,-0.1130828770225954,-0.024002352813944094,0.03595769269122948,-0.10683571560269353,-0.033959281834310275,0.04114702698770331,-0.09120970165559793,-0.03915165524240345,0.03403916874637302,-0.1011046591446041,9.878976170059855e-18,1.9030237892414314e-18,-0.10158456240261253,-0.03562003034558155,0.017696624663786072,-0.07131697483659918,-0.029668436799680727,0.023461333095490353,-0.08189484516604262,0.0009258040552974906,0.01570172444066666,-0.09229079071002075,-0.010050906853786483,-0.02037404924014472,-0.0841038436388076,-0.041313945890401486,0.0005639343620191743,-0.058664691532519776,-0.03083414295989146,0.0051383380933823445,-0.06344082518080091,-0.0031503119963366796,-0.0047475044083137175,-0.07489046409316716,-0.021350296766023916,-0.03467752358099658,-0.07510921342096594,-0.045241919057341075,-0.02075886871213289,-0.054896447206012236,-0.04805263690354528,-0.01075827129798006,-0.055468623555085354,-0.02928860555318113,-0.023123980251950296
0.0,0.0,0.0,-0.020775637292953467,-0.01159384475302411,0.030840234101701888,-0.05416542753998228,-0.020795047041097796,0.0476280741817306,-0.08921120684917451,-0.03584120597033409,0.04539697658761265,-0.11485612674263537,-0.04620701291301103,0.024044655248445516,-0.0985602773516903,-2.175511109684152e-19,0.025894193756743147,-0.11352091243021341,-0.024194069698649023,0.03621406374678777,-0.107167765228489,-0.034004235829766895,0.041410121361802964,-0.0918802540746322,-0.039077814815237324,0.0341435509540759,-0.10184413487880319,-5.293278489644332e-19,-9.914405961364034e-19,-0.10197885062741316,-0.035675295036836356,0.017890576087705272,-0.0720418418534049,-0.029267444478861523,0.02355349754676099,-0.08346576217967146,0.0012208487948991193,0.015720324067161305,-0.09298428035022467,-0.010051515221166126,-0.02036781319840482,-0.08449331151045557,-0.04120452750751703,0.0007903541774693233,-0.05946028102548642,-0.03044396539882953,0.005214299781906855,-0.06493124575550732,-0.0027923912645210036,-0.004746116843651209,-0.0754567852672129,-0.02132070774049216,-0.03463599187327229,-0.07538088427869646,-0.045340714586558604,-0.020498379573513546,-0.05514945635640295,-0.047945189017429994,-0.010533164972479069,-0.05620564349655062,-0.029089866186316444,-0.023187718119852874
0.0,0.0,0.0,-0.02076314387092067,-0.011508801834129695,0.03083143821417192,-0.05410452041181318,-0.02106001528618302,0.04764584068548604,-0.08943271469664388,-0.036052037485528605,0.04547126415017099,-0.11549646620404234,-0.04651686203888335,0.024347475753228133,-0.09924912145872954,-2.6790436975234657e-18,0.025912088727880766,-0.11388451062201585,-0.02445087665599285,0.03632251341386215,-0.10707144648638112,-0.03406464708264854,0.04143796940584818,-0.09194000882587076,-0.03847513685964064,0.03413789390711838,-0.10260274283198337,2.634956608917005e-18,-1.4035812701998754e-18,-0.102799027290126,-0.03573391034876152,0.017805001576874,-0.0731493977087968,-0.02918963581702654,0.02345855282674225,-0.08469668631065001,0.0009983203284843123,0.015760091328669415,-0.09367131394744124,-0.010000732063774869,-0.020343941139452263,-0.0854842764161112,-0.0410341101091243,0.0006944483253750728,-0.060763431784207775,-0.030396642858559857,0.005169930689009637,-0.0662300070359427,-0.002969016225645234,-0.004519437151870919,-0.07604202114647814,-0.021176939558897,-0.03466602619687864,-0.0760645878939527,-0.045220798422575176,-0.020555812706552688,-0.05586716291096091,-0.04782215457616001,-0.010503006045115863,-0.05686966627600332,-0.028991546399853553,-0.023033884197198495
0.0,0.0,0.0,-0.02076191826174543,-0.011351243629867586,0.030833690131458244,-0.05399210912302435,-0.021312907519945988,0.04772023538523979,-0.08961231991325146,-0.03618389927100424,0.04572819698538148,-0.11618811222257906,-0.04681614488251915,0.02512860056858362,-0.09990429264194263,1.245670060228447e-17,0.025962626305270336,-0.11416491437988784,-0.024705668647526116,0.03626151897345732,-0.1066466927359315,-0.034142685845195885,0.041215001434492214,-0.09148206676924749,-0.03753321676515387,0.03401145727882628,-0.10333088594977595,1.7238446897820858e-17,1.2910037981272571e-18,-0.10403276908945384,-0.0357580615176975,0.017414512650268405,-0.07462306909915968,-0.02947160872622275,0.02315646258153317,-0.08549428391883636,0.00017085308547717742,0.015822746997734272,-0.09431367695751593,-0.009899632088569877,-0.020327673445710404,-0.08703723011770412,-0.040823769636058445,0.00024156452575616456,-0.06250813814778178,-0.030714968869535553,0.004967121346992287,-0.06723009898894146,-0.0037349936181772492,-0.004093769203145146,-0.07661767208972317,-0.020931166865642534,-0.03479892403427654,-0.07714842232949119,-0.044894871326079264,-0.020974909923527518,-0.05707384118285552,-0.04770655552072993,-0.010726409805345475,-0.05748364035727901,-0.029046393136024945,-0.022696827012580485
0.0,0.0,0.0,-0.020775199274498682,-0.011134725158810347,0.03082160664698135,-0.05381605371752085,-0.02151331105999217,0.04782070135702752,-0.08967732952935954,-0.036178583551462064,0.04615571699992245,-0.11682418900492068,-0.04699357377244643,0.02642201147130251,-0.10042626124933199,-8.317444782994498e-18,0.02603717931088765,-0.11437735778712539,-0.024852924826408905,0.036002009498016616,-0.10611361900708481,-0.034228562384390544,0.04073512614786674,-0.09075986089474074,-0.03655954557728082,0.0337942028489571,-0.10392027759648985,-9.360952618268938e-18,1.619792335376399e-18,-0.10570561318516784,-0.03568581647585784,0.016669700331922666,-0.07660489256026091,-0.030222547365772453,0.022608535516270387,-0.0859142979349941,-0.0015609267291756494,0.015919880580380356,-0.09482692846039052,-0.00976097817706444,-0.020331234450209203,-0.08914221913798127,-0.040588298483060274,-0.0006204569106925775,-0.06476667456341395,-0.03152443796567464,0.0045476678767799525,-0.06797023448183262,-0.0053817933520630265,-0.0034932098936591017,-0.07711088864232794,-0.020601493007367105,-0.035046391661412,-0.07862466349548555,-0.04436214216994403,-0.02180629651516924,-0.058909212503163305,-0.04767069220065813,-0.011294319222034612,-0.05822007430384541,-0.029444442840674587,-0.022214847439660772
0.0,0.0,0.0,-0.020813603841860165,-0.01086809068844995,0.03076517638535187,-0.05356083343610511,-0.021573864777650265,0.04793686073475738,-0.08955516785570741,-0.03586905405701036,0.04679926570610776,-0.11732545552253648,-0.0467707435298033,0.028362017259856712,-0.10070654314348183,1.9080490143936915e-17,0.02611765794910763,-0.11455970673465275,-0.024774616180997557,0.035518127834264834,-0.10577876403924527,-0.0343038596897521,0.040006995535537916,-0.09015295327229784,-0.03592637516467279,0.033550728311774,-0.10423163422652203,1.5498465514402448e-17,7.950086878068818e-19,-0.10785103301899215,-0.035429712545218206,0.015516126074279052,-0.07935627113443325,-0.03157159951636749,0.021766362545393006,-0.0861886947337491,-0.004626255934214495,0.016069252798448414,-0.09509903135267112,-0.009607709280520264,-0.020347562770171107,-0.09179337538770374,-0.04031655795226213,-0.0019353330983191493,-0.06772134873458685,-0.03299508970416902,0.0038489257335368957,-0.06865998456459872,-0.008355621943850073,-0.0027412429921180835,-0.07741879123081345,-0.020210785832328333,-0.03538706853974002,-0.08046472402267102,-0.04360208981580553,-0.023080119940189638,-0.06157428724400192,-0.047802541386437705,-0.01230272564131633,-0.05937292584206166,-0.030466940790596454,-0.021630784792303483
0.0,0.0,0.0,-0.020894174202839746,-0.010556174770916001,0.030640699050080662,-0.053225536763460105,-0.021387617329429478,0.048086163883030934,-0.0892060355233186,-0.0350370777165648,0.04774986285476892,-0.1176761888547577,-0.045785131211579365,0.031131222820236525,-0.10066795837160183,2.295939678509766e-17,0.026180705472557804,-0.1147804480955796,-0.02435620048243814,0.03480072270006935,-0.10601907502479654,-0.03433536846656863,0.0390578285726842,-0.0901709229863705,-0.03601960679406142,0.03336185969000025,-0.10414598448413415,3.29536709138571e-17,1.3072776857723077e-18,-0.11048292477941932,-0.034868697373192044,0.013919948014040702,-0.08321043832659188,-0.03357669967476478,0.020575815960896356,-0.0867787956384444,-0.009439792159492614,0.0162775973188342,-0.09503457573988201,-0.009466558881510219,-0.02035155317522799,-0.09496729251884181,-0.03995187014943443,-0.0037109013370195767,-0.07162869494978763,-0.035242709655541486,0.0028124818820654367,-0.06972532956376488,-0.013106432259155726,-0.0018833162136570505,-0.07744927561492522,-0.019786402347571976,-0.03576342921703647,-0.0826074580984931,-0.04257139769211651,-0.024781357496952792,-0.06526900584877472,-0.04814656577885217,-0.013831851429265189,-0.061337828955332165,-0.03239359913444951,-0.021014467599245513
0.0,0.0,0.0,-0.0210410666584128,-0.010201777762956717,0.030438840567427742,-0.05283508088495085,-0.0208652007799003,0.04830873298251601,-0.08863744702869569,-0.03349394439190127,0.049106863448673425,-0.11791856525525085,-0.043702598564713695,0.03487297383901001,-0.1003019848661476,-1.8230427050722313e-17,0.026201680087897285,-0.11513731585940978,-0.023498597042941216,0.03386702034122533,-0.10724197812038333,-0.034250878481463826,0.03792962412940308,-0.09144084526281879,-0.03714068702625794,0.033288446610728877,-0.10361801275130768,-1.731169442944466e-17,-1.4884050331039023e-18,-0.11356557043542957,-0.03385256142744838,0.011894655483202265,-0.0884962222632008,-0.03612290921615633,0.01898197707418733,-0.08839544963671712,-0.016200235565760453,0.016507571736101997,-0.09460295560545749,-0.00935882251301165,-0.02030834373210217,-0.09859996467355434,-0.03938780927017906,-0.005896414291859596,-0.0767571371301486,-0.03821776492047475,0.0013892964612071963,-0.07182063750345896,-0.01987993542146702,-0.0010246879968697602,-0.07716698896589348,-0.01935870446563674,-0.03609141870901841,-0.08495398701286484,-0.0412147993292239,-0.02683103332727107,-0.07011719029708516,-0.04864545842303754,-0.0159293267393011,-0.06457089522859297,-0.035369214879764486,-0.02049655881446758
0.0,0.0,0.0,-0.02128284062151334,-0.009807750266152273,0.030164809074118327,-0.05243359911819404,-0.019972428343939107,0.048648851500834346,-0.08788554376367119,-0.031161384765940447,0.05092277554635424,-0.11809062440372828,-0.040340366971598186,0.03959432551179962,-0.09967909349543559,-7.372769649451224e-18,0.02615702731070566,-0.11572485780461957,-0.022135190555832126,0.03276389774726872,-0.1097821136736224,-0.03391202402823089,0.03667175064679368,-0.0946088669499963,-0.0393562117519534,0.03333055390964673,-0.10269996385555281,-1.1316605660736865e-17,-5.0283994065962615e-19,-0.11697669365739963,-0.03223476018186875,0.00952297312960433,-0.09541175968444802,-0.03886374597222903,0.01694560331092559,-0.09189874126623984,-0.024683825061900838,0.01664375601239812,-0.09385887963722847,-0.009291221429917243,-0.02018497747905319,-0.10255635726229839,-0.038491359509228926,-0.008370714566552142,-0.08327838113210598,-0.0416332193596058,-0.0004496750072953169,-0.07573008335487108,-0.028506123356701645,-0.0003576791496178533,-0.07661519980839673,-0.01895441912937259,-0.0362805413259593,-0.0873616644877122,-0.03949279195046763,-0.029078855482854354,-0.0760805667457907,-0.04911847024563895,-0.018587248073660072,-0.06948667203740516,-0.03927515819702918,-0.02028308297214443
0.0,0.0,0.0,-0.021643570665538073,-0.009378028537665754,0.029832127229440297,-0.05206805524096379,-0.018753108385812227,0.04913117149792558,-0.08698193975094823,-0.028122282809154853,0.05315455300464795,-0.1181491496206981,-0.03577033462532753,0.045101870607471055,-0.09892036239378948,-2.9175474348144613e-18,0.026025501075451072,-0.11657717957382163,-0.020260391711174604,0.03156707196398911,-0.11374480643942957,-0.03311900590850176,0.03533935317641107,-0.10012807225945174,-0.04235701881520885,0.03340571606650458,-0.1015184492275502,-7.458202051829932e-19,1.584666377954059e-18,-0.120482435313092,-0.029932819726770483,0.006968451411759307,-0.10387002902182148,-0.04125960837215472,0.014475304525223403,-0.09803555114188386,-0.03412616419975031,0.016483140032302626,-0.09291846385665478,-0.009252254643334118,-0.0199590647864012,-0.10660544080578782,-0.03715171788465649,-0.010946349294259097,-0.09113043428787675,-0.04498378157772294,-0.0026927820693562884,-0.08212357967083622,-0.03827543124811645,-0.00015120242774334497,-0.075897276880158,-0.018588212458974733,-0.03625652047129166,-0.08964353964056554,-0.03741672632707233,-0.03131265924817351,-0.08289020419435945,-0.04930092734634067,-0.021709996325897842,-0.07628896985050825,-0.04367681606715835,-0.020620683747706734
0.0,0.0,0.0,-0.022131148177978413,-0.008916415916719515,0.02945762201265483,-0.05177608372221539,-0.017321746020506856,0.04974412889966551,-0.08593930062282,-0.02461843642049446,0.055652674061092165,-0.11795119333219672,-0.030356384808354002,0.05101556960998377,-0.09815050868730305,-7.769990161283539e-19,0.025789591313680284,-0.11763481516704057,-0.017958151161177268,0.030377867516590905,-0.1188942827700774,-0.03167055832890217,0.034006335981074026,-0.10801078175951712,-0.04545001511800569,0.03337794381215004,-0.10022664465512501,-5.916669091029556e-19,3.516702428714886e-19,-0.12377341906671058,-0.026984214013907513,0.004465860847308406,-0.11342038973876825,-0.04272029205049451,0.011663741255594452,-0.10710699032977991,-0.04329669889784304,0.015784477159164662,-0.09191575394885966,-0.009218524748702677,-0.019620965359614176,-0.11044723653800123,-0.03533025042340488,-0.013393427265133524,-0.09994266540394707,-0.04766788883582281,-0.005263823768077019,-0.09125312883131798,-0.04800215947210116,-0.000682846580146348,-0.07513943515469797,-0.018261461091132938,-0.03597737257330174,-0.09160350551870693,-0.03506940437819065,-0.03328925685772403,-0.09005944545639993,-0.04892882693705529,-0.025092234877103495,-0.08481361018502044,-0.047892258765997765,-0.021708382371977867
0.0,0.0,0.0,-0.022729637426146306,-0.008427223929357632,0.02905540669262396,-0.051578679737048876,-0.015830594926358705,0.05043495361281114,-0.08476300668093274,-0.020994055391358103,0.058196861977502755,-0.11732015801938453,-0.024686010095251936,0.05686479815136465,-0.09746017369822622,-2.492232835153534e-18,0.025438544004860827,-0.11877307592902744,-0.015397713977303802,0.029307363097780245,-0.12470055429706985,-0.029456163956966378,0.032779517028854614,-0.11771829778852841,-0.047771308632830134,0.03314187064024698,-0.09896246331344541,-6.222465361698932e-18,-4.97955954406012e-19,-0.1265686534159021,-0.02355415450137676,0.002270699171960171,-0.12333820397029331,-0.04278881791669667,0.00869962766957877,-0.11875404012715216,-0.05080148254542774,0.01438834127594451,-0.09096965708165375,-0.009165281947598535,-0.019174753623188448,-0.11380746637907263,-0.03307789505748359,-0.015491676832704481,-0.10910690572314165,-0.049158539414534415,-0.008016120492389797,-0.10276210730329045,-0.05630687870268479,-0.002118836476797001,-0.07446027143757328,-0.017966253916398604,-0.0354435872218683,-0.09311260184325065,-0.032586230518428454,-0.03479738677375287,-0.09701594301176485,-0.04781660621894461,-0.02844963320716288,-0.09450690806260274,-0.051163488810236836,-0.023595264861431195
0.0,0.0,0.0,-0.023398350814176485,-0.007920915954099087,0.028628736157729918,-0.05147601791116537,-0.014432140408255346,0.0511139467035149,-0.08347296711776035,-0.017610891110694533,0.0605501480420632,-0.11614573359462751,-0.019418572692689116,0.06220099908460341,-0.09689205708281315,1.2783182184795737e-18,0.02497198220780278,-0.11985922696225165,-0.01279209023155303,0.028446546978980126,-0.13050896746998458,-0.02652629626863672,0.03178510154182175,-0.128263221216598,-0.04861445581411476,0.03269703364558113,-0.09782625180202001,-3.8062705200721074e-18,-2.1056245822437983e-19,-0.12870699112319853,-0.019893391276374475,0.0005829629619141835,-0.13281247446419756,-0.04127832622743645,0.005837796561335926,-0.1319682803167155,-0.055490570348102855,0.012338579127483481,-0.09016560444849539,-0.009073118157528117,-0.018641698218252217,-0.11652472118588514,-0.030513439338473617,-0.01709470718515673,-0.11793386329975172,-0.04913811477267643,-0.010756916490816542,-0.11570077463221749,-0.061999436919402136,-0.004407859809792938,-0.07394860170015856,-0.017688453308112254,-0.03470394631572075,-0.09416252081076043,-0.030104972704138432,-0.03573084989584289,-0.10326447753136947,-0.04589366006108225,-0.03150192444783213,-0.10454874782457754,-0.052856842152104254,-0.026129690097630543
0.0,0.0,0.0,-0.024077133276349687,-0.007419274865563187,0.028177251758579054,-0.05145072111200625,-0.013247012383877396,0.05167846623825345,-0.08212179486645582,-0.01476290433934664,0.06250964324514276,-0.11445668760759639,-0.015109849422351116,0.06667723209466873,-0.09645142473171074,2.363106916686072e-18,0.02440527985130387,-0.12079179382146527,-0.010351369627213442,0.027846612137134023,-0.13571247086655175,-0.02310693387103577,0.031135067473512572,-0.13845773167604425,-0.04768273312090611,0.03216040509056369,-0.09688212529638755,4.51906261925824e-18,-4.992087906509843e-19,-0.13016540388969502,-0.01628809048880937,-0.0004981638502562385,-0.14110888196057572,-0.03833526020810415,0.0033502333324990797,-0.1453139760368388,-0.056808643834767164,0.009919959225741178,-0.08955377071110292,-0.008932405080220251,-0.01806170889031597,-0.11856320219196247,-0.027798311074986294,-0.01815681388917665,-0.12578611529473926,-0.0475778141706855,-0.01327541769115379,-0.12873170207900916,-0.06441752692960427,-0.007252228758694288,-0.0736542354838555,-0.017413698144043446,-0.03384971465665108,-0.09484660528833683,-0.027735312798840967,-0.036113519163454094,-0.10846902359689026,-0.04322626965384151,-0.03403641122016539,-0.11403176993361355,-0.05264539525319188,-0.028978114889429772
0.0,0.0,0.0,-0.024700690958190583,-0.006953330039752582,0.02771463643800675,-0.05147909734553347,-0.012335580249037277,0.05205132873514434,-0.08079679770481192,-0.012603156942710544,0.0639508178456671,-0.11242770368452419,-0.012056534238138378,0.07009841331294053,-0.09612527826810638,-3.3838808185624465e-18,0.02377450475551279,-0.12151545963718847,-0.008248344091209336,0.02751520889039038,-0.1398791740915401,-0.019553915453475183,0.030890085249493847,-0.14722759276308703,-0.0451734334941304,0.03171325898400285,-0.09616542221384049,-6.320096352540644e-18,5.825102746300908e-20,-0.1310265200970982,-0.013018448821269008,-0.000977475372913136,-0.14769908564691508,-0.03442352703995792,0.0014666338525523236,-0.15731605893855535,-0.05497315478219413,0.007575529085863414,-0.08915374987814201,-0.008747501393774369,-0.017487467663630754,-0.11997220612896024,-0.025125189159731397,-0.018715531078487252,-0.1321812273720975,-0.04476575760360486,-0.015369641635512337,-0.14047956134196543,-0.06362811568643038,-0.010181114666077655,-0.07358707606738478,-0.017136730153221338,-0.03299101453339559,-0.09529440431979486,-0.02556751533661465,-0.036063609405194985,-0.11246345392079837,-0.040040289681576316,-0.035926485690046736,-0.12215393216922374,-0.05063941585467357,-0.03170949880010224
0.0,0.0,0.0,-0.025217978774020072,-0.006555213713026343,0.027269972814265325,-0.051540983218332205,-0.011690505196721192,0.05220331689467239,-0.07959793526207568,-0.011123837118142126,0.06484814690223883,-0.11031087472922087,-0.010245255443670291,0.07243446795579768,-0.09589515428009059,-8.647866696871884e-19,0.023132651584665553,-0.12202165511108566,-0.006594689527868273,0.02741674789282064,-0.14282041766526787,-0.01625405074046716,0.03102724574159696,-0.15388271206264612,-0.04166483044142163,0.03150135615719541,-0.09568156986088783,-1.9472498731630126e-18,3.7462391834535124e-20,-0.13143589990525484,-0.010308499287040382,-0.0009523508687818681,-0.15235966116514,-0.03018945515083846,0.0002999040204895711,-0.16687963625621213,-0.05085609348302077,0.005723212358979869,-0.08895609274749373,-0.008535939303385944,-0.01697337226728894,-0.12084608800244548,-0.022690253992410505,-0.018868265691095735,-0.13687890767486313,-0.041228367377700435,-0.016899743561574202,-0.14990905355858897,-0.06036643934560435,-0.01272023753237075,-0.07371823002246602,-0.0168653406446919,-0.03222655166274321,-0.09561655451556775,-0.023681482289377154,-0.03574114676019827,-0.11524288150704254,-0.03668647431988254,-0.0371438144844471,-0.12839197588855478,-0.04736077590984623,-0.03394047608730197
0.0,0.0,0.0,-0.02560431304453595,-0.0062487571612739636,0.026874123237983237,-0.05162128867882805,-0.01126009450829603,0.05215082058246271,-0.07860428665480111,-0.010205437615059288,0.06526314337591631,-0.10834066007870032,-0.009438639320377092,0.07379291035769936,-0.09574255425745948,-1.0981827681631955e-18,0.022536421247887534,-0.12233938495433014,-0.0054275024854434535,0.027483026862564618,-0.14458208703994077,-0.013508333089600382,0.03144070830041564,-0.1582284845782517,-0.03786073182622034,0.0315595787097128,-0.0954063288776622,1.684022731595988e-19,-5.7103638112239344e-21,-0.13155945896730495,-0.008278130553261695,-0.0005839261828965385,-0.15518545438456854,-0.026249159359355605,-0.00019395643689129938,-0.1735316950383919,-0.04561619128999529,0.004586973048539738,-0.08892763685302235,-0.008320738056697672,-0.016564208183060203,-0.12130133632364484,-0.020644438226942785,-0.018749201717740117,-0.1399126156289882,-0.03755217098348286,-0.01783983380297167,-0.1565570014976045,-0.055715032285158735,-0.014565969177889231,-0.07399059208997104,-0.016615601420802914,-0.03162401184807737,-0.09588429001955985,-0.022134272746345256,-0.035307327993049316,-0.11694110639783668,-0.033531314884895774,-0.03776342693357068,-0.13259240887105778,-0.043532173342653246,-0.03546538007259861
0.0,0.0,0.0,-0.025861860047915016,-0.006041228359371456,0.026549132159516074,-0.05170953794857063,-0.010978432688226866,0.051942216264895466,-0.07785375489594498,-0.009685290655728115,0.06531508027096293,-0.10667642602831538,-0.009305501201227206,0.07437308357355302,-0.09565239652030906,-1.2514247366278474e-18,0.022032962895610513,-0.12252137718558724,-0.004711239275398838,0.027637142077218575,-0.14537627814907408,-0.011457591695325542,0.031984176698329175,-0.1605014288324427,-0.034346240800586555,0.03181862335137195,-0.09529543591843098,-1.0222035759675406e-18,4.542318589247182e-20,-0.13154703119886774,-0.006928630222898209,-4.829553999966454e-05,-0.1565082557166961,-0.02302175480118652,-0.00018188188421354313,-0.17740377442958585,-0.04031644527645649,0.004154093788373676,-0.08902264834019752,-0.008121862185606458,-0.01628606930136612,-0.12146007319144678,-0.01906070922655253,-0.018496228375869134,-0.14154061284821387,-0.03421527379978535,-0.018276948928528935,-0.16053354169935335,-0.05072872833211203,-0.015652029746471216,-0.07433726770962018,-0.01640419944244666,-0.031213554047918163,-0.09613192042376062,-0.020946057417311457,-0.03489437888818582,-0.11778523939456514,-0.03084886901585903,-0.03793636012401719,-0.1349431676200173,-0.03982195613429859,-0.03628783937336277
0.0,0.0,0.0,-0.02601321930957858,-0.005920883479355418,0.02630538748904133,-0.05180205187069341,-0.010785898579577884,0.051641561313822006,-0.07734599615287036,-0.009409203460687934,0.06514644985012191,-0.10539701998322401,-0.009522148453111851,0.07441701754574495,-0.09561651555706896,8.6252013180338935e-19,0.021652430518574527,-0.12263212137559432,-0.0043567799767585905,0.02781523588785172,-0.1454963025398494,-0.010081586392493467,0.03252288960970626,-0.16120728145913224,-0.03146810034124904,0.03216373748057838,-0.09529893369939331,4.614924013382168e-19,-1.2824167169248356e-19,-0.13151219849919088,-0.006165208389173982,0.0005067839421590483,-0.15677737784013837,-0.02067449758444835,0.00012093433425774136,-0.1790467584031819,-0.03569783281166297,0.004243587525942052,-0.08919426711073777,-0.007951876277034673,-0.016142729548172103,-0.12143712789975734,-0.017934201078786752,-0.01822185677478845,-0.142147984930779,-0.03150505203297911,-0.01836524922667077,-0.16235562786472907,-0.04619020478632974,-0.016102923108743603,-0.07469774759971955,-0.016242797462269705,-0.030991160816941987,-0.0963683401605902,-0.020099752722320827,-0.0345882198190916,-0.1180395747874555,-0.02877345768870266,-0.03784210710003096,-0.13585920786856232,-0.036683979404951356,-0.036564689067703944
0.0,0.0,0.0,-0.026092225054506618,-0.00586380209011811,0.026142404759194604,-0.05190229338149335,-0.010642911334739283,0.05131299632904491,-0.07705587003177022,-0.009263717506258764,0.06489049572588165,-0.10452007440592709,-0.009839287945353844,0.07416412569952313,-0.0956340145962047,2.4008901859669614e-18,0.02140517974249203,-0.12273688224980911,-0.004249945342835064,0.02797605635983935,-0.14524605205272767,-0.009252345233502142,0.032965706871722136,-0.16095029914246053,-0.029341867952882062,0.03249019881655256,-0.09537309611658576,1.975428562126998e-18,-1.317304916497356e-19,-0.1315277667446499,-0.005837437188094152,0.0009819457368881186,-0.15645450725011645,-0.019161973121693637,0.0005158411916958101,-0.1792065417939496,-0.03213192487255255,0.004606544564299631,-0.08940241362575717,-0.007816021862395921,-0.016118688348786436,-0.12133199919667885,-0.017202322476976544,-0.01800107488957385,-0.14214850965627948,-0.029518959891353325,-0.018273861901694288,-0.16273295162894547,-0.04253723092368117,-0.01614060231245257,-0.07502742582216869,-0.016135115836482975,-0.03092919306125879,-0.0965898910023073,-0.01954918615893672,-0.03442710376817922,-0.11795914321975497,-0.02730905379012017,-0.037646784701394646,-0.13585053956637957,-0.03432073232410583,-0.036519891757483526
0.0,0.0,0.0,-0.02613370305086693,-0.005845428763069626,0.026051026188738974,-0.05201650960707021,-0.010537018958526495,0.05101002923866689,-0.07694388415793475,-0.009188778091877771,0.06465068897931013,-0.10402175154566368,-0.010111774857467292,0.07382016293762073,-0.09570678145478591,7.779666453822462e-19,0.021283222330252316,-0.12289055870150867,-0.0042789451222117,0.028100950195396695,-0.14489295307987798,-0.008805014246669494,0.0332725078303069,-0.16030163459653016,-0.02793366787991879,0.03273405735028644,-0.09548681820227341,1.5147292088752665e-18,-6.462313543083343e-20,-0.13163162004239096,-0.00578115371209223,0.0013258457805815497,-0.1559439489353116,-0.01831416091282993,0.0008559940043726252,-0.1786383179895059,-0.029701076879139105,0.005008464470659194,-0.089617939888832,-0.007715171547869666,-0.01618648247494979,-0.12122490200453248,-0.016773412192041617,-0.017872821491283757,-0.1419142136255575,-0.028218675974069237,-0.01814777775380589,-0.16238711771180564,-0.03992117998473173,-0.01599542876549982,-0.0753010721686161,-0.016078512415503926,-0.030989207764286972,-0.0967907224222698,-0.019233243158128095,-0.03441034190530348,-0.11776185016510228,-0.0263747818193262,-0.037477068822586744,-0.13541660881175155,-0.03273978840434265,-0.036367969064702355
0.0,0.0,0.0,-0.02616412082234655,-0.005848967252935175,0.026017964856543948,-0.05214626077167429,-0.010479065640024461,0.050772686055627264,-0.07696294209850277,-0.009168684804942664,0.06449730432311494,-0.10385270158315683,-0.010283011788942593,0.07354568370189622,-0.09583390155856637,2.6307093113440164e-18,0.021266890102208367,-0.12313024212743309,-0.004353663667563005,0.028189832822864334,-0.14464457659037652,-0.008597336561438004,0.03344440021301211,-0.15971997808095453,-0.02716231614537098,0.032877997773619896,-0.09562335582212432,2.781473449682575e-18,8.493467124076183e-20,-0.13183927257012365,-0.005853867727703848,0.0015234222470764125,-0.15555822625347956,-0.017934827140422254,0.00105504337722063,-0.1779844355920717,-0.02833883916912192,0.00527835031226994,-0.0898243013159427,-0.007649883710593789,-0.016314994092859112,-0.12117687956948206,-0.016559104046548746,-0.017847892474029823,-0.14173750471652413,-0.027509261402395613,-0.018085958303676482,-0.161931478132214,-0.038336053574964835,-0.01584639872248654,-0.0755116262035102,-0.016071034650605408,-0.031132424632639728,-0.0969694515600864,-0.019097039727149632,-0.03451136066110021,-0.11761683864795022,-0.025868450342955783,-0.03741117756937239,-0.13497821941501345,-0.031858525839926204,-0.036266743837719245
0.0,0.0,0.0,-0.026196435516926013,-0.005866701436327248,0.02602953094451908,-0.05228210532997867,-0.010488919543716202,0.0506281620333162,-0.07706175735143032,-0.009207873707971128,0.06447298654003197,-0.10394697668092859,-0.010344663311706382,0.07345529873470819,-0.0960063150773454,-4.861117150350449e-18,0.02133178541457082,-0.12346840581022041,-0.004411924559044744,0.0282540656833586,-0.14463747042488712,-0.008534113844094986,0.03350577456418732,-0.15951295752332983,-0.026956073003222152,0.03293726717364621,-0.09577622287070492,-4.1081447883365776e-18,7.741852344229149e-20,-0.13215222654911096,-0.0059505821506628705,0.0015806642765534846,-0.15550414568891993,-0.017860775770671442,0.0010773169275112007,-0.17770514500891954,-0.027930151667363314,0.005322738418850613,-0.09001545145078163,-0.007621209770258859,-0.01647446426275992,-0.12122995524160354,-0.016490845138122205,-0.01791822995018038,-0.14181491573993174,-0.027290327022745337,-0.018136500672926957,-0.16180396677597855,-0.03771516526732138,-0.015798922259263874,-0.07566551597330468,-0.016113400799577543,-0.03132413696152783,-0.09713112591462862,-0.019100385907292412,-0.03469080769639001,-0.11764075100411303,-0.025703436971198427,-0.037482367228648825,-0.1348381884069497,-0.03157800173501034,-0.03630104245528395
0.0,0.0,0.0,-0.026230119155333135,-0.005895945296073117,0.026071941577267815,-0.05240266622768238,-0.010576314646661542,0.05059073772732691,-0.07718660303039424,-0.009303063025304837,0.06459818745284591,-0.10422498512091406,-0.010298522945137013,0.0736177420621477,-0.09620205231849129,-1.1062143947936603e-18,0.021452427849699467,-0.12388563628826249,-0.004414414520084209,0.028307048881065108,-0.14492806497596034,-0.008556553505646563,0.033486364387634235,-0.15982217583534844,-0.027243828890876835,0.03293831969122983,-0.09593974256852586,-3.255345851992088e-19,4.307616545948954e-20,-0.1325557487253099,-0.005999114676529002,0.0015120740058521764,-0.15587520093849302,-0.01796712810832884,0.0009200981472811977,-0.1780416422548345,-0.02833053965976841,0.005115662143886024,-0.09018983148814684,-0.007627031037356961,-0.016637533814500623,-0.12140335505594455,-0.016513102188555086,-0.018064765318816012,-0.14223997811838887,-0.02745802711737077,-0.018304278798977624,-0.16223425888613044,-0.03794841974862054,-0.01588895715541101,-0.0757757326508005,-0.016201114500148654,-0.03153332657416078,-0.09728519118682381,-0.019204304647281154,-0.034906912212659666,-0.11789504568382089,-0.025800502133637822,-0.03768722861337968,-0.1351593397587749,-0.03179120425473967,-0.036485576658771474
0.0,0.0,0.0,-0.026254137328732503,-0.0059353425596375235,0.026133341074566694,-0.05247930904819277,-0.010725375235755166,0.05066409231880573,-0.07728898998354285,-0.009423773658995794,0.06487649086707904,-0.10460245900245947,-0.010128212586680316,0.07405581515165595,-0.09638860370770846,-3.5490161396241894e-19,0.02160680511337529,-0.1243332330998625,-0.004339262138502441,0.028357421871274067,-0.1454920445924474,-0.008626755793256807,0.033409552323331135,-0.16062634469898465,-0.02793744768600452,0.03290486274520075,-0.09610339336343705,-6.493496846700861e-19,-2.7208313216695442e-21,-0.13301888371866857,-0.005957152447757861,0.0013330160456281749,-0.1566515208639707,-0.018166153817763757,0.0006002858271967891,-0.17900458341941958,-0.02937258111751502,0.004685370991211574,-0.09034643933136255,-0.007660241196975886,-0.016781375045669667,-0.12169143187978693,-0.016579060790588226,-0.01826428071597814,-0.14300371873856388,-0.02790604813398147,-0.018562973148772685,-0.1632349998553705,-0.038887862790695116,-0.016094776654509105,-0.0758554238835883,-0.016321028056868213,-0.031733355533190157,-0.09744266353578629,-0.019363396037382297,-0.035124833064859,-0.11838492235322229,-0.02607990467172436,-0.0379946306329997,-0.13595660795274472,-0.03238264015970539,-0.036776217555271676
0.0,0.0,0.0,-0.02625072046535177,-0.0059856115655113565,0.0262102190303335,-0.05248174148581922,-0.010892470075545578,0.05084691901125518,-0.07733638561304594,-0.00951271045131656,0.06529931373786103,-0.10500565441865534,-0.009790431109461435,0.07474723894711371,-0.09653057963336138,1.477535134539093e-18,0.021782929398060445,-0.12474332655351983,-0.00418556376373353,0.028407537251274765,-0.14623136421512964,-0.008733732822385067,0.033288737654489725,-0.16175034636829053,-0.028950459540934885,0.03285613580798085,-0.09625248946043886,1.508516294597987e-18,1.3080491892743326e-20,-0.13349917841376566,-0.005824515732088759,0.001056460599321979,-0.15770373992734088,-0.01843234537771355,0.0001516382890455059,-0.18037852665872137,-0.030910028647805794,0.0041094095662421405,-0.09048308824509418,-0.007712570506938105,-0.0168919598971063,-0.12206339802259887,-0.016666247302959018,-0.018494724528639737,-0.1439969535052015,-0.028558222588231437,-0.01886190022585478,-0.1646048260993788,-0.040391450001466774,-0.01634342075982899,-0.07591129919429251,-0.01645969376683956,-0.031905139402405004,-0.09761001560269535,-0.019541666229524222,-0.035323708718534325,-0.11905701768427705,-0.0264858275944981,-0.03835231221056966,-0.1370975690901525,-0.033261635960266475,-0.037081322898147036
0.0,0.0,0.0,-0.02619776421165374,-0.006052723674755449,0.026313135942823317,-0.05238087570697779,-0.01102002212189543,0.05113768207550526,-0.07731845220965955,-0.009505308262691163,0.06584692720994402,-0.10538512651066402,-0.009232283757001448,0.07562263576495082,-0.09659481579684022,1.9926619318809255e-19,0.02198397400849845,-0.12503721618494745,-0.003985192074438058,0.028456026724755525,-0.146979829883779,-0.008919867319481412,0.033131113062464586,-0.16286889682559977,-0.03024282155980502,0.03281573095799708,-0.09636890099751687,-1.6101593992944273e-19,1.0568255376680279e-20,-0.13394324637564264,-0.005664414730908926,0.0006948902581580839,-0.15879316818344608,-0.018840243039414912,-0.0003681627743515089,-0.18173065409199873,-0.03287936348631594,0.0035170459314176773,-0.09059178494326958,-0.007780668842523911,-0.016967293403604394,-0.12246021323923145,-0.01680354366475556,-0.018735422026920672,-0.1450074061410345,-0.029416043747345987,-0.01912317514031394,-0.1659336679662076,-0.042382718084258426,-0.016508149604663427,-0.075935059232093,-0.0166150725237807,-0.03204058900393276,-0.0977780255637139,-0.01974010443124306,-0.03549731006495068,-0.11979160528025895,-0.027028669897528473,-0.03868816939095512,-0.13830419999380944,-0.03441093306221783,-0.03726870049239036
0.0,0.0,0.0,-0.026069919977869553,-0.006148878698219247,0.026465021069476565,-0.052151523164609276,-0.011059238801407259,0.05153271182278991,-0.07724834944200666,-0.009357875570219882,0.06648192763683353,-0.10572363205221864,-0.00843150756723496,0.07655628624771718,-0.09655152142391384,-1.3247348971644179e-18,0.022227426673060525,-0.12513063539890626,-0.0038137804205774454,0.02850093688545355,-0.14750575615107922,-0.009302869930021758,0.03294664363361331,-0.16351286008782664,-0.03184420751491781,0.03282260551863614,-0.09642949042434644,-1.55170588661935e-18,4.6139081701444314e-20,-0.13428072811508748,-0.0056151306568556795,0.00026803235889719237,-0.15957147826163623,-0.019574565954688285,-0.000866271157314177,-0.18242858712523174,-0.035313943031168714,0.003089048752872735,-0.09065221665984743,-0.007867921150053029,-0.017017357834106225,-0.12279118911500685,-0.017084698527436548,-0.018961020835156144,-0.14571686495443392,-0.030574949245534236,-0.01923476916812714,-0.16661828031584183,-0.0448611478706418,-0.016406598615837067,-0.07589798273642204,-0.01679781387769226,-0.032145192446513586,-0.09791261973391713,-0.020010321407643018,-0.035648053799357926,-0.12039376283566815,-0.02780334220208008,-0.0389075130226566,-0.13915822701052719,-0.035895969310377765,-0.037172198438334275
0.0,0.0,0.0,-0.025841062179958817,-0.006290150584180049,0.026693272357600117,-0.051779728244315294,-0.010990684837832321,0.05201691387126479,-0.07716263947000232,-0.009075835591215694,0.06713662528536551,-0.10603865889539561,-0.007445020426943224,0.07735462046373442,-0.09637558773811244,3.59682595782577e-18,0.02253756431227572,-0.1249398195877269,-0.003792567084709659,0.02854256297183112,-0.147519331741671,-0.010070291959198858,0.0327583405574844,-0.16309774864568893,-0.033824786896995036,0.03293266209691909,-0.09640758815744169,2.6439680879496407e-18,1.143374621501298e-20,-0.13441675069282608,-0.00587935219777865,-0.00018517478060340432,-0.15959093632541102,-0.020888212253321065,-0.0012073710926856147,-0.18168690655735917,-0.03827439269298747,0.003041570632981064,-0.09063086606386757,-0.007980339959420709,-0.0170612248709947,-0.12293465225512322,-0.01765413717785696,-0.019133310434794125,-0.1457101451066599,-0.03218431733334188,-0.019051333622064414,-0.16590729368151436,-0.04783022661700798,-0.015818636229782947,-0.07575585284125867,-0.01702012722444967,-0.03223930944724385,-0.0979540083874531,-0.020444013729565037,-0.03577779766573618,-0.12059293221202755,-0.028961285081230602,-0.03889220128043374,-0.13912289228601896,-0.03780930632277817,-0.03660889718598341
0.0,0.0,0.0,-0.025488603882573898,-0.00649312529401695,0.027022074208713064,-0.05127471322935128,-0.010837513093640803,0.05255378853007806,-0.07712229242373378,-0.008739183875639133,0.06770395280375889,-0.10638341768968586,-0.006447521740518583,0.07775506600430594,-0.09605300244523818,-2.6290828116230395e-18,0.022936262967162467,-0.12439325034413119,-0.004077672266737403,0.028589957576694795,-0.14669687592199318,-0.011439039617442715,0.03261044691594972,-0.16099427235805916,-0.03622273929985795,0.03320553753534002,-0.09628397808449472,-2.4411491656312467e-18,2.7088485241698914e-20,-0.13423155521190694,-0.006691735805990712,-0.0005940225929162677,-0.15833901256852306,-0.02301637033345354,-0.0012182691669508586,-0.17866798394418318,-0.04172085937078466,0.0035846686227458393,-0.09049220766711837,-0.008120595954977716,-0.0171239518218597,-0.12274544281171486,-0.018672498475180654,-0.01919628171132735,-0.14450834954523673,-0.03436792966308261,-0.018413311305851335,-0.16299860773471678,-0.05117606919506514,-0.014539290620414114,-0.07546626598471151,-0.017283935824008896,-0.03235827662042604,-0.09782491339625836,-0.021150876872247756,-0.035879764475783005,-0.12005975905795488,-0.030651980830100976,-0.038508452610523686,-0.13759832824890245,-0.04017880765050017,-0.03541752877580853
0.0,0.0,0.0,-0.024999369864089686,-0.0067709691575015,0.02746538000671066,-0.05067982959445042,-0.010672437675198137,0.05308047461760155,-0.07720983506103771,-0.00852090978827873,0.06804027401366801,-0.10683907601616002,-0.0057527681388210026,0.07744798104207655,-0.09559201342579958,-8.82116235156415e-19,0.023433671228051026,-0.12344599791939236,-0.0048349127838617605,0.028670606328857342,-0.1447255644122406,-0.013581942392702355,0.03256982677584018,-0.1566475551743167,-0.0389476064087794,0.03367416086048725,-0.09606430244615215,-8.65628580152366e-19,-2.449062532091437e-20,-0.13358794972606772,-0.008265571235495579,-0.000847403789822827,-0.15530585546508635,-0.02605974957427555,-0.0007120718329459225,-0.17265110094918637,-0.04536702797994204,0.0048508923020580946,-0.09021853143556027,-0.00828339305592695,-0.017233361609862816,-0.12206844628908113,-0.020268727905661272,-0.019076402784258827,-0.14163495094719883,-0.03712445716918809,-0.017187522555465157,-0.15720202569709313,-0.05454047796430556,-0.012467531184485897,-0.07501300533122658,-0.0175750407952005,-0.0325493304058155,-0.09744368388769394,-0.022231882634962775,-0.03593189848006611,-0.11844443965129443,-0.032948569737495735,-0.03762707167190624,-0.13402190232570663,-0.042869690155124845,-0.033519523680853584
0.0,0.0,0.0,-0.024377401689645098,-0.007128737314628413,0.028018261082563865,-0.050075328220110946,-0.010617357699805178,0.05351081926062023,-0.07751651607105206,-0.008684944844071446,0.06798236251224482,-0.10748699802734622,-0.005802426512644348,0.07612714152626468,-0.09503558586028586,8.164239515411598e-19,0.02401795457064253,-0.1220915582716052,-0.0062009700124778765,0.02883444398785869,-0.1413679850790685,-0.01653915711630364,0.03271182640937866,-0.1497374780114994,-0.041699495095518055,0.03430040014484043,-0.0957938168069904,4.142492276650797e-19,3.102196682146339e-20,-0.1323461092900808,-0.010724526781429404,-0.0007982610486951446,-0.15008957309197926,-0.029869952418014826,0.0004622512511748901,-0.1632623356783639,-0.048584053231247135,0.006806486822594802,-0.08982899697979453,-0.008454640781763317,-0.017415304645043816,-0.12075820811119882,-0.02248745646236615,-0.01869021559516887,-0.1367188769661824,-0.04024078579783541,-0.01532292328241151,-0.14815888185647103,-0.05725555721313974,-0.009705824848034866,-0.07442729290393969,-0.017866025492294896,-0.03286167816698428,-0.09673663601052081,-0.02375079316124711,-0.03589071500796467,-0.11543843732790554,-0.03577849773590695,-0.036156247229088376,-0.12801425683497925,-0.04552303939513829,-0.03098878607461911
0.0,0.0,0.0,-0.023652471210061456,-0.007560543458966117,0.02864905972030634,-0.049568389418745716,-0.010828014568607235,0.05374840531987401,-0.07812067660184453,-0.009543824275133655,0.06737471135999007,-0.10836599800599571,-0.007088695077892761,0.07355618386084445,-0.09446977883078522,2.0562174258400767e-19,0.024647819537394366,-0.12037060812551867,-0.008237504538313411,0.029142365589566725,-0.13654621316055254,-0.020152243957092454,0.03308613837932054,-0.14035409092388476,-0.043971126644582914,0.03493870802679031,-0.09556202655764953,1.1563253139435949e-18,-4.487534103181123e-20,-0.13039168059461761,-0.01403864395149018,-0.000294191055652947,-0.14253625096793557,-0.03400078884731049,0.002351014971599402,-0.15072306195657975,-0.050453533877465345,0.009189003041682508,-0.0893892649986783,-0.00861582172569925,-0.017686911542338934,-0.11870741540719638,-0.025251082750641994,-0.017962091874523523,-0.12962613655562213,-0.043274939654307294,-0.012900983337065977,-0.13607333308984076,-0.05842988037505551,-0.0066130411893592835,-0.073794731303523,-0.018128935526635463,-0.03332819752634426,-0.09564688705263559,-0.02571291942731649,-0.035688665911137854,-0.11085758505885471,-0.0389000616643952,-0.034079762141472396,-0.1195492900482738,-0.04759426906642107,-0.028094755617325336
0.0,0.0,0.0,-0.022882900268688264,-0.008049877926929959,0.029299431064035066,-0.049267694634522304,-0.011454013463575824,0.05370938993013054,-0.07906138941247691,-0.011364356935926138,0.06610029516445404,-0.1094351636672557,-0.009994093655250953,0.06962791945089641,-0.0940182557553134,-2.4658134739328063e-18,0.02525463437127622,-0.11837483121800428,-0.010891854825527415,0.02964106247747991,-0.13042442911135027,-0.024064132272135042,0.033681465666919284,-0.12911688076304725,-0.045181208961244425,0.03535222698832292,-0.09549072560788796,-2.072602960142272e-18,2.228092047388058e-19,-0.1276766201439793,-0.017994835491533946,0.0007697255398312422,-0.1328754086580445,-0.037784614870828806,0.004845727017903733,-0.13600688936593872,-0.05002725524047344,0.011542826984461192,-0.08900475694691937,-0.008751922657759625,-0.018049020031351986,-0.11588047624857957,-0.028357124866863658,-0.016846104108640972,-0.1205784635526911,-0.04564990697024358,-0.010141389539062413,-0.12184897740951724,-0.0572183947728463,-0.0037370944287342914,-0.0732404756899757,-0.018350933664931554,-0.03394352942945624,-0.09413995644924023,-0.028057760410360198,-0.035239322644189136,-0.10472689173275788,-0.041955047494537503,-0.03148080070788484,-0.10908424067823802,-0.048518520715395835,-0.025268717765058513
0.0,0.0,0.0,-0.02214610347047319,-0.008570705901363529,0.02990108105698219,-0.049251283890372755,-0.012574607758435118,0.05335276048242254,-0.08032257870813725,-0.014239519741410085,0.06411388431302659,-0.11058013304468187,-0.01458869753694522,0.06440217361136888,-0.09382160274592692,-5.133931810769802e-18,0.02576115944813015,-0.11624775992447851,-0.013980735246134184,0.030342444212943853,-0.12344880532207,-0.027798347940908495,0.03442537489665034,-0.11714141986621388,-0.044904289992961366,0.03531261854823758,-0.09570753395009352,-2.8034416800057367e-18,-7.098469921719725e-19,-0.12426253827307909,-0.02222607250851098,0.0024030421425321052,-0.12177206424435413,-0.040532115313062694,0.007702301446655874,-0.12074466883223718,-0.046721950807776566,0.01338973701601998,-0.08879954699522156,-0.008857516689989168,-0.018484328117662267,-0.11234510095020526,-0.03151647797988712,-0.015342019489797054,-0.11018919433207879,-0.0468383403753091,-0.0073365556187216414,-0.106992250268412,-0.053176403059695836,-0.001612259225542274,-0.07289771640142761,-0.018539834100189338,-0.034657492708101555,-0.09221271733023022,-0.03066232777315034,-0.03445871245594112,-0.09733124818474215,-0.044580417639458005,-0.028531947151122162,-0.09755574497235554,-0.047938285430735826,-0.022971574824003086
0.0,0.0,0.0,-0.021517934414482107,-0.00909044690851333,0.030401719360906528,-0.04954250748417587,-0.014148856791827643,0.05270322942062009,-0.08183824452215072,-0.018009127002378805,0.06147222204752869,-0.1116690444588111,-0.020521315814910814,0.05811790716974382,-0.09400084239595838,4.582404070874502e-19,0.026111878255978525,-0.11417967256170691,-0.017215426993563744,0.031218662796711562,-0.116305461420568,-0.030900185661792378,0.035223912801885374,-0.10579665829430002,-0.04308928254762969,0.03472989929237539,-0.09630930992829612,-1.3313144631033313e-18,-6.386983493165611e-20,-0.12035288781138917,-0.02629784750322488,0.004499235169619238,-0.11023367673209218,-0.04176807577521112,0.010623658377057414,-0.10680580581425522,-0.04063172890931194,0.014446110471257741,-0.08888515243840363,-0.008936196266001438,-0.018963763325209583,-0.10829744473605235,-0.0344182999877985,-0.013509144335949349,-0.09937109292367302,-0.04654682397223478,-0.004753463847048211,-0.0932320933757745,-0.04649723149844472,-0.0005390748506252028,-0.07287066847253176,-0.018715570873455073,-0.03539485281268947,-0.08991924168761958,-0.03334874239936322,-0.03330938791507076,-0.08920344628363006,-0.04651160254951099,-0.02545970170391871,-0.08618013002881526,-0.04585202915329592,-0.02152459146460236
0.0,0.0,0.0,-0.021051093014958396,-0.00957703243894476,0.030778567174399706,-0.05010104971092406,-0.016019854184878793,0.051849926380733685,-0.0835060490122416,-0.022292552531030456,0.058346833559666314,-0.11260789235441472,-0.02710014794578688,0.05118563559484782,-0.09460893048737488,-1.2610996488936506e-18,0.026293527034638206,-0.11238667107874194,-0.020268850068290094,0.03220634362537325,-0.1097909489317832,-0.03308895939056143,0.03600260314807863,-0.09633057923065026,-0.04015026471316972,0.03370818200477751,-0.09732060472303633,-9.205452490918074e-19,8.313502322798368e-19,-0.11629304768588603,-0.029819722650925036,0.006846866851871941,-0.09940011647932824,-0.041392052614550416,0.013339928828346302,-0.09573988201453985,-0.03256976246036522,0.01472516953016987,-0.08932241902963575,-0.00899593760703372,-0.019452687664824424,-0.10406537721337952,-0.036802869304850834,-0.011477842827777286,-0.08915042525359117,-0.044816943680453615,-0.002573251547950298,-0.08202434855493067,-0.03800785437415303,-0.0004995939677917024,-0.07320064569879345,-0.018897845557663107,-0.03608135549905718,-0.0874048543138645,-0.03590491816338531,-0.03184371361771794,-0.08105032713903994,-0.04763482998215912,-0.022508857810395733,-0.0761359505373601,-0.04260921477343598,-0.02101143021252344
0.0,0.0,0.0,-0.020765962893935692,-0.010006176798676141,0.031037189287821714,-0.050839454698609066,-0.017960027977440694,0.05092096647066964,-0.08520806756135163,-0.026596289970871167,0.05500522347023636,-0.11336843714804819,-0.033498606745826144,0.04414425969714109,-0.09559852695807296,-3.0910396437869513e-18,0.02633313075176642,-0.11107141623877792,-0.02285975557707502,0.033220861698895654,-0.10461971738512929,-0.03434038890126357,0.03672722554711191,-0.08953393995723649,-0.03684242663271552,0.032499190372650075,-0.09866646177837012,-4.770306201049594e-18,8.509607986445475e-19,-0.11250938452092796,-0.032540579908946606,0.009180557669713072,-0.09028073626603753,-0.039702238468778114,0.015659523914247974,-0.08836115636538867,-0.02381441242562159,0.014473022503947906,-0.0900897181357045,-0.00904603347166492,-0.019915004825858017,-0.10005672780502275,-0.0385282607385272,-0.00943220421672286,-0.0804406768068587,-0.042022857309677204,-0.0008760832691269545,-0.07418289187330396,-0.028933151301163654,-0.001225825641034006,-0.07384608866543797,-0.01909812612738732,-0.03665992117796622,-0.08490261616401537,-0.038134585881064005,-0.03020315606516497,-0.07361691601203374,-0.04800700803461537,-0.019899492284978004,-0.06827433696582084,-0.03879813613298154,-0.02128708761887707
0.0,0.0,0.0,-0.020651444294531238,-0.010363395353500603,0.031202497533964018,-0.051654369547501695,-0.019738126091949807,0.05004520578495081,-0.08683276189055772,-0.030453175920657535,0.05175842798610133,-0.11398070988954769,-0.03900532569626879,0.037567009562323034,-0.09682840232008103,-1.1515078978949103e-17,0.026281841940336385,-0.11036094208073927,-0.024824764652582015,0.03418435148497631,-0.10120897125986988,-0.03485690052025989,0.03740727086695208,-0.08555878929787473,-0.033959149810564575,0.031395441028268016,-0.10018198773459067,-1.4786570687215096e-17,-1.0358132923117466e-18,-0.1093826647610927,-0.034399817742400814,0.01126578257160933,-0.0834912651801381,-0.037274218140485565,0.01750228384051854,-0.0846070106434709,-0.01567420423513391,0.014014583617923912,-0.09107817280051257,-0.009095166473107277,-0.02031907866233766,-0.09664172180967892,-0.039607022011229495,-0.00755119032084648,-0.07381114675743264,-0.03875946355262399,0.00035708147827064144,-0.06973823869587871,-0.020516534749506522,-0.0023430718238746074,-0.0746893077429095,-0.019315726114962784,-0.037099324311740844,-0.08266570795193773,-0.03991989705414719,-0.028563766278006063,-0.06749369314906875,-0.04784080112208731,-0.01776817620132557,-0.06293014628251382,-0.0350740950681444,-0.02205946824382519
0.0,0.0,0.0,-0.02067038645170503,-0.010640301286912273,0.03130580798613081,-0.052446387623376896,-0.021189274705949425,0.049320365294721086,-0.08828198113066481,-0.03355352229255116,0.048900160325980414,-0.11449367932559776,-0.04322666984241544,0.031953633494550375,-0.09811563811491152,7.100907268039755e-18,0.026198986511948866,-0.1102553700091789,-0.026137682993548482,0.03504854845063089,-0.09956256221142552,-0.0349415389511833,0.03807656221721085,-0.0839805013522646,-0.03203384530793209,0.030619175910595212,-0.10167377348395285,7.378071470838083e-18,2.6940902549386937e-18,-0.10712959096700256,-0.035502368208065765,0.01296390134617575,-0.07912893110392116,-0.03473056596168922,0.01889179855271602,-0.08372194437993907,-0.00908628842313107,0.013612589952763427,-0.09213699374197379,-0.009146456599702969,-0.0206440482572029,-0.09404174119322888,-0.04017627555187228,-0.005951364904532753,-0.06937390310964592,-0.03563432683103401,0.0012185217745826265,-0.0680755360743042,-0.013657862162411705,-0.003508384079280622,-0.0755834519548612,-0.01953471369961073,-0.0373965563323721,-0.08088370932199983,-0.041243475416966324,-0.02707273096296832,-0.06296732152154451,-0.04741638084883722,-0.016140285267206195,-0.059916736656066914,-0.03195955651299147,-0.02300289628556315
0.0,0.0,0.0,-0.020773181393245646,-0.01083198302573216,0.03137593350366366,-0.05313215328308219,-0.02225188901768684,0.048798215279984895,-0.08947527847196292,-0.03580304135542441,0.046655892289892836,-0.11494385913869436,-0.04613464756393388,0.027644349888717435,-0.09930792324126274,7.30080877098588e-18,0.026140403629856694,-0.11063863692416996,-0.0268699176055875,0.03579370276267604,-0.09934195324692256,-0.03485721557868241,0.038760520445073054,-0.08406177380851951,-0.03121474766175684,0.030264120174209895,-0.10300020620881147,-3.7934777826376628e-19,-1.5622129294014744e-18,-0.10577875242474914,-0.036029264641468745,0.014236981621708483,-0.076873975889449,-0.032525404547138,0.01990698407081809,-0.08466097394163798,-0.004441566686687361,0.01340888000117817,-0.09314482557300026,-0.009193167088250045,-0.020883090966435806,-0.0923069481663981,-0.04041521431050887,-0.004675544953008638,-0.06687415414897616,-0.03307255694096922,0.0018262079740453167,-0.06828127551508063,-0.008741417041751583,-0.004483603009450815,-0.07641624738997763,-0.019725572922834465,-0.03757203484136001,-0.07964689160001753,-0.04215564238804222,-0.025821052644170114,-0.06001512135893037,-0.046958059245499846,-0.014958070596067512,-0.058711372188623746,-0.02970814781427484,-0.023850285258316808
0.0,0.0,0.0,-0.02091332070921979,-0.010938722938200819,0.03143367359265628,-0.05365771293387398,-0.022957816394496615,0.04848180051405263,-0.09036411476391672,-0.037287687885689,0.045141099769544474,-0.11535340350995943,-0.04796464571138459,0.024768773055907748,-0.10032365822375,5.541658704392307e-18,0.02614764055227496,-0.11133301942525331,-0.027140083672865693,0.03641272182580332,-0.10003549156218651,-0.03475945289862342,0.03945324416379813,-0.08502132988388306,-0.03131730924588881,0.030301971179134628,-0.104106404327813,6.829381238419131e-18,9.996545966602276e-19,-0.1052246390296077,-0.036158925886576224,0.015113154472770483,-0.07619748437060428,-0.030869514464929252,0.020634865951266082,-0.08644072352707592,-0.00165571468741872,0.013437472955177138,-0.09404481504370697,-0.00922118948031746,-0.021042720807756033,-0.09136363175570045,-0.04047495912069414,-0.003718453368171666,-0.06587267351608182,-0.031250222253277664,0.0022828773921714065,-0.06946091766453061,-0.005692784297432081,-0.005141452395972973,-0.07713778412128491,-0.019854139431751704,-0.037661344482523666,-0.0789564438882708,-0.042728705939275746,-0.024851447215678724,-0.05840387015050169,-0.04657173953307366,-0.01412979081721071,-0.058681376477778546,-0.028304269385163557,-0.024433139015559224
0.0,0.0,0.0,-0.021054825617581447,-0.010967653468238326,0.0314868263963744,-0.05400286746463226,-0.023394235405359263,0.04833263849733827,-0.09094144496933922,-0.03818911556330233,0.04434451706380562,-0.11574067425798393,-0.049059886095103804,0.023250319697203696,-0.10114407474200834,5.94738849477965e-18,0.0262386216806909,-0.1121509853517812,-0.027083153701369215,0.03689734339966487,-0.10111122576260816,-0.03470522038848179,0.04011177318036769,-0.08619582474589024,-0.03196422890010887,0.03062310671419512,-0.10500233961931792,3.6432319426507796e-18,5.936501295505877e-19,-0.1052954262894672,-0.036037456595795554,0.01564911032315777,-0.0765368552389539,-0.0297854330202151,0.02114447620873964,-0.08830547063377107,-0.0003666870815648042,0.01366184129147878,-0.09482993738273265,-0.009216431034172166,-0.021138064947183923,-0.0910742830309986,-0.04045156433586896,-0.00305738827860066,-0.0658953802897871,-0.03014781488174431,0.0026540566032014234,-0.07090071214318971,-0.0041630406211727025,-0.0054409275906013264,-0.07774475507163868,-0.019891462071348533,-0.037705355435923085,-0.07875052986255726,-0.04302839858889197,-0.02417792786711421,-0.05780836907717294,-0.04626441993386093,-0.013568600886016946,-0.059240203228472954,-0.027562111567090944,-0.024678885974164965
0.0,0.0,0.0,-0.021171038166947043,-0.010931159917892414,0.03152794737366018,-0.05417129041125525,-0.023658314812377713,0.04828748161215972,-0.09123289487327098,-0.0386984268636175,0.04415236144935633,-0.11612303698290906,-0.049738556979834564,0.022868555486177836,-0.10178180392597963,-8.660425130362838e-19,0.02640294623112447,-0.1129286725307706,-0.026832802584699646,0.037230187539599315,-0.10212211014027872,-0.03469131387982675,0.040662589703903684,-0.08711206174713891,-0.03273693601001164,0.031084376982193015,-0.10571960878600191,1.6770957972335508e-18,-1.625451694044484e-18,-0.10580777685815683,-0.03577931812344914,0.015904252456415562,-0.07740850759786264,-0.029208071419746108,0.021476704613403723,-0.08975523708522284,-0.00014173826013935152,0.014012451666047011,-0.09551018369105096,-0.009172684349286083,-0.021184227718200884,-0.09128952224693751,-0.04039161997741936,-0.0026705307224326453,-0.06652891309313251,-0.02965208263614655,0.0029628139550540436,-0.07210977048106647,-0.0037286816036215514,-0.005394705671937357,-0.07825132184549027,-0.01982170762329852,-0.037736227437109325,-0.07893550173416046,-0.04310517695768735,-0.023800785841367644,-0.05791221302673852,-0.046001069854958394,-0.013213421511502418,-0.05992915903573178,-0.027248400356328546,-0.02458550876565581
0.0,0.0,0.0,-0.021241797753938953,-0.010843029602068859,0.03153602692267157,-0.05417723128897709,-0.023820200634890397,0.04827806043199753,-0.09127725633543188,-0.0389529664706376,0.04439775826634124,-0.11651021775300675,-0.05020731216178501,0.02334638077513945,-0.10224893518305195,-1.1571429251934701e-17,0.026605006387609795,-0.11354469413061591,-0.026504253687981733,0.03738377568229117,-0.10277314475816364,-0.03468928100679342,0.04101802706765662,-0.08751442143515624,-0.03330045849390129,0.03155455389950325,-0.10627319181174848,-6.5736880786519625e-18,4.922445543437675e-19,-0.1066064857382173,-0.035473074006374776,0.01592371662215539,-0.07847357628784049,-0.029070134020793437,0.021642992920372542,-0.0905148587540743,-0.0006381493850317743,0.014418203954026402,-0.09608307336952562,-0.009095997920353878,-0.02118936171567485,-0.09188654284536024,-0.040310107709903314,-0.0025454332629222835,-0.06747815311442318,-0.02965149158815837,0.0031943477751086493,-0.07280831344506347,-0.0040511454962525294,-0.00504106975035392,-0.07866346639760503,-0.019646078176630416,-0.03776733510180083,-0.07941608177192006,-0.04299507684954044,-0.023717552126591004,-0.05848039039787294,-0.04575687739465433,-0.013037509752843032,-0.06045337927184208,-0.02718106366786999,-0.02419190176427426
0.0,0.0,0.0,-0.021253563731330655,-0.010713476654751187,0.031482277911631516,-0.05403803982115457,-0.023902742660039514,0.048248523319131334,-0.09110837152673545,-0.03900554004231165,0.044913995259127565,-0.11689784447441429,-0.05052360530540139,0.024434319563326336,-0.10253328638023446,-1.0119600546237048e-17,0.02679586833713483,-0.11392954769120923,-0.02617310259884827,0.03732931294143874,-0.10296105484873536,-0.034669123368282054,0.04110340635476457,-0.08737242312219648,-0.03349757931590371,0.0319545847944288,-0.10663722752141822,-1.0018081665666874e-17,-1.4698991594975954e-18,-0.10758928751888915,-0.03517914787607516,0.015729325292050293,-0.0795722072771065,-0.029348969766352036,0.021631428139868427,-0.0904945920651566,-0.0017034080534243574,0.014828985865782664,-0.09651429399214778,-0.00900348475831319,-0.021153885700785042,-0.0927909928798153,-0.040206028002642,-0.0026820580341043866,-0.06859796222386476,-0.03009876807593445,0.003306380653030052,-0.07290442965338598,-0.004979083546602057,-0.004427832363240028,-0.0789618908707395,-0.019381050402395933,-0.03779391197356968,-0.08011760117933706,-0.042720254865336274,-0.023930563075297204,-0.05939868150426417,-0.04554517680132297,-0.01304926204659105,-0.06069220607640294,-0.027289640363507863,-0.023554314203434134
0.0,0.0,0.0,-0.02120182445477282,-0.010544556117015177,0.03134033632962321,-0.053771871086158704,-0.023875150154594335,0.04817073820214669,-0.09074412995426408,-0.038818938944504756,0.04558553377849597,-0.11726849429244798,-0.05059618640114051,0.0259815915658174,-0.10259099401421812,-1.2777861395215113e-17,0.02692953614471287,-0.1140727750490661,-0.025854532302103935,0.037049780385367576,-0.10279068617746889,-0.03461345338865069,0.040886459921823035,-0.08687521063282606,-0.03340896917590766,0.032282945236134,-0.10674257980170088,-3.7294761521960794e-18,1.1160776352523654e-18,-0.10871999660096915,-0.034917555718625225,0.015320711668805645,-0.08073647218095775,-0.030076160065419112,0.02142077517357318,-0.08976706303395565,-0.0034133113492242724,0.015230409781405536,-0.09673660936633514,-0.008918414998412871,-0.0210735350361118,-0.09398429343375579,-0.040070972994444364,-0.003089118390495942,-0.06990446922778665,-0.031033048515377935,0.003246097389959577,-0.07247693119333179,-0.006591102209727921,-0.0036028499523589165,-0.07910016776552269,-0.01905434594177166,-0.03779879217153204,-0.08099858298111678,-0.04228899590085359,-0.024444994415964788,-0.06068188318177555,-0.045420603368653924,-0.013283846993972042,-0.06069521959413615,-0.02764054251880651,-0.022730091858341066
0.0,0.0,0.0,-0.02109484205737675,-0.010330032415032884,0.031097048805605435,-0.053398394085290686,-0.02366056540128428,0.0480539665386525,-0.09018792313063695,-0.0382774823723168,0.04638022782417407,-0.1176002953527176,-0.05020933079395351,0.027969553205238844,-0.10235808377805508,-7.17444256643563e-18,0.026975512775911932,-0.11402682684439634,-0.02549597900854413,0.03654720052185334,-0.10255736128433654,-0.03452046506596631,0.04038973949838516,-0.08640343190599738,-0.033344203347309725,0.032610620185712945,-0.10649551761452096,-1.873534712130276e-17,8.855939258898367e-19,-0.11002636821960445,-0.03465515102945445,0.014680773231918,-0.08217840617332414,-0.031318165717524,0.02099235755728033,-0.08857092321226505,-0.006042027285036188,0.015647974556372183,-0.0966664016425174,-0.00886390216469311,-0.020942568966835794,-0.09549413781176533,-0.03988940751153557,-0.003777943343120262,-0.07156296960861151,-0.03255942224231566,0.002966729663274046,-0.07177001150750227,-0.009171004754529147,-0.002607331873999448,-0.07901638293031957,-0.01870030816138172,-0.0377591706241874,-0.08204983721206192,-0.041696618539355475,-0.025260488267147684,-0.062454221082689734,-0.045464232966225315,-0.01379095891828531,-0.060670571160117766,-0.02842462962766799,-0.02177182742955703
0.0,0.0,0.0,-0.02095845699431055,-0.010060575588355476,0.03075782054243034,-0.05294382498885462,-0.023159575999171244,0.04794286778051608,-0.08944327443850651,-0.0372167778332223,0.047344289397755895,-0.11787654148319289,-0.04906802970804106,0.030487952315805984,-0.10177856899863853,-3.423090027284081e-18,0.02692228484363172,-0.11390011160954773,-0.024990575800974767,0.035841301883282654,-0.1026885461622007,-0.034388818673507744,0.03967800723367959,-0.08648000013056069,-0.03373735383117543,0.03304390670987658,-0.10581127587182851,-6.984156835431931e-18,-2.4989553894856814e-18,-0.11157762792456413,-0.03430153875093795,0.013781578382773454,-0.08424883244537909,-0.03312761662342937,0.020331426260323106,-0.08734262257893467,-0.009959263159068456,0.01613511083059243,-0.09623035855419472,-0.008856413028263796,-0.02075501704749463,-0.09736748142369615,-0.039630730506593236,-0.004756362064285934,-0.07385253482143274,-0.03478485335712371,0.0024372497123369198,-0.07120593927803982,-0.013105724815554401,-0.0014779315157608152,-0.0786525505738157,-0.01835511354482706,-0.03765088158596373,-0.08327717789651977,-0.040927127382057574,-0.026360682037474423,-0.06490433600929073,-0.04575259571386386,-0.014624191697246897,-0.06096990851459064,-0.029901555100930774,-0.020737482605363858
0.0,0.0,0.0,-0.02084137468646005,-0.00973046933162449,0.03034613206068716,-0.052450062520345474,-0.022285122075587242,0.04790258764230153,-0.08853259903490304,-0.035474882138145765,0.048562988869744764,-0.11808678250878629,-0.04686921294681669,0.03365856170976613,-0.100844756277184,-2.2430557916007524e-17,0.026774198501608462,-0.11383995876536046,-0.024202807894096515,0.03496218412419119,-0.10366050351483741,-0.03418211789327846,0.038828057419820254,-0.08771991504094605,-0.034977783937352756,0.03366708198407224,-0.10465747636722025,-2.159732438791344e-17,1.8191534337532183e-19,-0.11344730626591959,-0.03371203022229335,0.012591742122549775,-0.08737076691944554,-0.03546551731871257,0.01941875575007015,-0.08675432898909863,-0.015465671168011718,0.0167394692962821,-0.09539800829201853,-0.008899472183590393,-0.02050606173073517,-0.09963548125203237,-0.03923543503189165,-0.006022581438797945,-0.0771099842217739,-0.0377195603929874,0.001641284398579986,-0.07140301588914695,-0.018715303294944228,-0.00026651981492818537,-0.07797948106381286,-0.01805153271465576,-0.0374505287308116,-0.0846748030942334,-0.03995325786175787,-0.027703996321953375,-0.06822251602479452,-0.04630822663329308,-0.015833132816731668,-0.06206608936402785,-0.03230209626794095,-0.019715172995119302
0.0,0.0,0.0,-0.02081504714420503,-0.00934290111173326,0.02989656210556575,-0.05197862934122141,-0.021001542889152115,0.04799475636370262,-0.08750442557659642,-0.032958577355808774,0.05010206514397549,-0.1182105789486228,-0.043399981978055634,0.03753410179371034,-0.09962977728336046,6.610374656204643e-18,0.026545030648647227,-0.1139996891956281,-0.02300084453663085,0.03394015618099059,-0.10588909167468934,-0.03378642718700448,0.03789047292814245,-0.09075756456391168,-0.03721715048376525,0.03447545538234934,-0.10308875230640936,8.993765839153359e-18,-1.0973506492280907e-18,-0.11566421343729633,-0.03270279461557522,0.011084376722541677,-0.09193954739468127,-0.03811651225053797,0.018211778553493152,-0.08769953835554183,-0.022591483483296145,0.017440210279884384,-0.09420704683724335,-0.008978996705490818,-0.020195297781161203,-0.10227616082200329,-0.038603478366913635,-0.007561772037307021,-0.08164680494426002,-0.04117391309466286,0.0005571831675815177,-0.07315142515326,-0.026045486098436703,0.0009144108841665648,-0.07701795201582717,-0.017809629110001383,-0.03713987369123278,-0.08619839256588951,-0.03873336381726117,-0.029223444032791798,-0.07252938608319008,-0.047042965291256865,-0.017463368043931907,-0.06450444205835479,-0.03569784335542267,-0.018858202435612054
0.0,0.0,0.0,-0.020960316190571142,-0.008910794599676688,0.029441846541651658,-0.051601882037735886,-0.019356330838660653,0.04825528228219458,-0.08642153341220125,-0.02970725450505571,0.051959076071696725,-0.11819260164822097,-0.03865276904434518,0.04203146492003552,-0.09828846429808355,5.2115334696361515e-18,0.026249100406750867,-0.11449200673523335,-0.02129601270481974,0.03280075842594656,-0.10959723848254244,-0.032993887015993095,0.03686112050059457,-0.09610486509969811,-0.04021302343860012,0.03531837956723543,-0.10125140608038653,6.191580158743478e-18,-1.3479232598524904e-19,-0.11816725305940742,-0.031090106940869923,0.00925252600516309,-0.09819161572507044,-0.040647046341943355,0.016625981320939905,-0.09115622989341585,-0.030915106638250117,0.01806459808476598,-0.09276855327822862,-0.009064278802680074,-0.019828710832031797,-0.1051873135820235,-0.037599963219708814,-0.00934153127177444,-0.08764207427975605,-0.044707069752186065,-0.000873728677364628,-0.07728842214796533,-0.03468826491256991,0.001827671584899325,-0.07584922165643664,-0.01762788240622723,-0.03670967227517109,-0.08775528554237257,-0.037215490113591855,-0.03083234850445972,-0.07781348963334678,-0.04772825590377835,-0.019559664715878156,-0.06880204926833575,-0.039880183281652375,-0.018418509063079326
0.0,0.0,0.0,-0.021341076927385176,-0.008450222589998621,0.029002568294363124,-0.0513836063026801,-0.0174912827066239,0.0486863575466863,-0.08533983358507094,-0.025935074691592633,0.05405907760077215,-0.11794066392733897,-0.03292519826648775,0.04694911468127523,-0.09702616743458861,5.412589701017727e-18,0.025893966713645244,-0.11535815124047659,-0.019078874284550185,0.03157728349260898,-0.11471230638631003,-0.031543844522682794,0.03569443958429844,-0.103948980421273,-0.04331410668603745,0.03590080194459088,-0.09936239294965434,9.350496635157322e-18,-7.15311754902062e-19,-0.12080833060544227,-0.02874733243434658,0.007141543612150215,-0.10609247078994034,-0.04245659067768826,0.014549536087789777,-0.09790929384986079,-0.03950383173049519,0.018244635406223227,-0.09126110561290902,-0.009117653819939068,-0.01941692352512675,-0.10820311131944307,-0.03608801460742297,-0.01129866627731578,-0.09505073933408187,-0.04768140508427233,-0.0027534682215181734,-0.08445690439846637,-0.043728441023313885,0.0020818935461267727,-0.07462251157379882,-0.01748490001500608,-0.0361611782517417,-0.08923698186805112,-0.03535860051318256,-0.03242690306141192,-0.0839081770995312,-0.0480202206058962,-0.022152124779231425,-0.07529466152371721,-0.04431050485356115,-0.01874067992704797
0.0,0.0,0.0,-0.021974869394898313,-0.007972909242353823,0.02857969242116369,-0.051355978907918196,-0.015619483991591602,0.04925429211680678,-0.08428861821577245,-0.022019441310911898,0.05628147183152105,-0.11735204107156881,-0.026830785046680815,0.052028625926679596,-0.0960381860633478,-6.656157827561575e-18,0.025476462773523733,-0.11655690497667244,-0.01643865595805632,0.030330875722853354,-0.12084301035996207,-0.029225426508465272,0.0343648116856534,-0.11396654619252984,-0.045648734749024235,0.03589005539161124,-0.09765862507295654,-9.875667378184853e-18,1.3228019463192736e-18,-0.12339816346310613,-0.02566058143716028,0.004879958180655176,-0.1152774539590005,-0.042928229484722705,0.011913220513413543,-0.10818637653131871,-0.04705007863041603,0.01751016809698445,-0.08989883197027071,-0.009107793123813024,-0.018971424877180825,-0.11114463617660499,-0.03398244996736274,-0.01332647343681245,-0.1035541013361675,-0.04942240726694145,-0.0051747105670535195,-0.09479529361279136,-0.05187944753758617,0.001220712122251245,-0.07353529472405947,-0.017347798242408518,-0.03550869439735936,-0.09056986031073942,-0.03316049494938879,-0.03389220824815322,-0.090501612918476,-0.04754058760803984,-0.02521587035625871,-0.08394990812445773,-0.04818120350886435,-0.020167438333199096
0.0,0.0,0.0,-0.022815335419748086,-0.007487323288437262,0.0281515608171116,-0.05150659833682768,-0.013969549843798279,0.04988173595563935,-0.08326641826573603,-0.018419221621955327,0.05847459570579041,-0.11635378389764178,-0.021173773530075535,0.056980289768786996,-0.09543805674556198,3.986613696322646e-18,0.02498401450238534,-0.11796404429103852,-0.013562863350341663,0.029153812030113805,-0.12734499417892187,-0.026003439695296796,0.03293409469132213,-0.12526792878656273,-0.046447263998746185,0.03509761274238786,-0.09632251757739345,4.183435294582122e-18,-2.2092259847934228e-20,-0.12574932782031462,-0.021964078546976556,0.0026773982525954243,-0.12505263225609775,-0.04163100220142523,0.008792239329681196,-0.12136475191237421,-0.052193517537215975,0.0155356865386669,-0.08886219293565333,-0.009018744593493663,-0.018503140380125335,-0.11385452319570961,-0.031299834487531646,-0.015279209050570772,-0.11255758823700429,-0.049420994451719436,-0.008123114688764177,-0.10769223878935097,-0.057791951583589136,-0.0010550910580342334,-0.07276660615522752,-0.01718151774034776,-0.03478333952790772,-0.09173255172691214,-0.030675863695473975,-0.035120562736399324,-0.09715612822128813,-0.04599504267277181,-0.0286192399529956,-0.09421809260177315,-0.050605625320897366,-0.022860324764775893
0.0,0.0,0.0,-0.023758002705726654,-0.007007338097711282,0.027692056604616634,-0.051784730593100285,-0.012717657206500569,0.05045627099610836,-0.08226523170012293,-0.015544440547138456,0.060464721184935115,-0.11495747970219986,-0.016711885129364043,0.0614903157953702,-0.09522512612783848,-6.227416329573221e-19,0.024409482749201662,-0.11940653342068946,-0.010708040231550647,0.028152611713233546,-0.13348414708422554,-0.022092051006426954,0.03157409210748207,-0.13657881635457766,-0.045346900643990856,0.03362569145847487,-0.09543538223359083,-1.5870829409989024e-18,-4.1445830879936955e-19,-0.1277196194415447,-0.01793403842177736,0.0007816057199234697,-0.13451754070443858,-0.03850467848264166,0.005475109559233115,-0.13599824745358965,-0.053973407024693394,0.012415071154903116,-0.0882437631144946,-0.008854417939223124,-0.01802678429296491,-0.11621293567309811,-0.028180456832036453,-0.016994807412792114,-0.1212863160456869,-0.04751042678903363,-0.011393308294349404,-0.12181459928520401,-0.060478638928249555,-0.004641892355703391,-0.0724139517399242,-0.016964218483827086,-0.03403657620866436,-0.0927443544311844,-0.028020068096931416,-0.03603803687498559,-0.1033770925543238,-0.04329594028938926,-0.032100373245433564,-0.10508313974656017,-0.05092144634632045,-0.026629870072686263
0.0,0.0,0.0,-0.024673943105964033,-0.006557447635704231,0.027202465298349805,-0.05212305647207825,-0.01192980457278846,0.050870898529169435,-0.08130240205771577,-0.013617197730408927,0.062089981003176496,-0.11329289829707369,-0.013882972011456279,0.06526713003422634,-0.0953135274163338,1.5224231585198147e-18,0.023772418713329187,-0.12072958440612543,-0.008137283448399393,0.027416029119639165,-0.1386568718307048,-0.017916378884256404,0.030508348519644124,-0.14663238402259443,-0.04253639918386105,0.031856469884814505,-0.09498367649037018,1.5602548315517906e-18,-6.494568021327191e-20,-0.12925211449867896,-0.013936204281502664,-0.0005971231270533938,-0.14281400523131085,-0.033946183467767704,0.0024127606526830416,-0.15025058213728185,-0.05224661623039734,0.008738066880040998,-0.08804236888179136,-0.008638370761463794,-0.017567173744384462,-0.11814938308917045,-0.02487595200366224,-0.018333922459853286,-0.12898828336148438,-0.0439615431531812,-0.01460192820293819,-0.135489081595596,-0.05971188288489929,-0.008957983698118314,-0.07247528455039041,-0.016703111063383052,-0.03333699502015595,-0.0936429824411822,-0.025359948860478192,-0.03662671366284676,-0.10873762695103847,-0.039639277354105086,-0.0353145248939512,-0.11536402779756996,-0.04898922067372116,-0.030914873794357905
0.0,0.0,0.0,-0.025455740473056827,-0.006167252976421117,0.026722521291873295,-0.05246028117062472,-0.011546097096438059,0.051068866051802324,-0.0804253060107506,-0.012602444019889532,0.06325056587748727,-0.11157005614981437,-0.01265498741315202,0.06811669782129585,-0.09558908012622457,5.0098150545357325e-19,0.023124735939066034,-0.12184753430888907,-0.006054199142323867,0.026978974695786754,-0.14254306121102248,-0.013981468871657795,0.029896615285470943,-0.15454789967612223,-0.038672445488108026,0.030261277512613042,-0.09489086732866601,-2.9677277737297146e-19,-1.4122630053654547e-19,-0.13038074706558603,-0.010347644683705925,-0.0013632090409180673,-0.1493670392774479,-0.0287282323625926,3.3053294865996275e-05,-0.16250002786125664,-0.047799795612780874,0.00533521215454226,-0.08818586849719069,-0.008407579798830217,-0.017159264889422814,-0.11964378772691041,-0.021705595036928496,-0.019226855494941936,-0.13513984227874698,-0.03943965592147346,-0.01733070217392938,-0.14723643219867055,-0.05615415735530966,-0.013161854823801911,-0.07286627453606073,-0.016436438809519033,-0.03275294088743472,-0.09445629862702251,-0.022895459029312296,-0.036927462302977054,-0.1129767203495247,-0.03549043870519201,-0.03794566024123371,-0.12407783926912128,-0.045304202916141366,-0.03498051698304348
0.0,0.0,0.0,-0.026046097493833704,-0.005862823131830468,0.026309901527468725,-0.05275169544881648,-0.011422147555361046,0.051060536760351743,-0.07968742655154633,-0.012259938536788651,0.06394257548360974,-0.10999061019900325,-0.01260324110948183,0.07000498381400723,-0.09595142415783443,-5.456170670386764e-18,0.022534217369948737,-0.12274926863799229,-0.004560975621817334,0.02680667271109638,-0.14512386173494662,-0.010717014078302273,0.029751891220275186,-0.1600023656710663,-0.034614325488687724,0.02916887501583922,-0.09504974930418213,-2.3702131370826334e-18,2.6378770724570093e-19,-0.13120314817833695,-0.007469763991863894,-0.0015683758448033617,-0.15399772374777498,-0.023753075662545215,-0.0014540517861260293,-0.17178847587310594,-0.04203283434457887,0.0028633472318135124,-0.08856290902173015,-0.00820201003399208,-0.016840471560421656,-0.12072159432096073,-0.018982994447459142,-0.019702290271881265,-0.13955487895890709,-0.03480529310065894,-0.01930967242963254,-0.15617122764015848,-0.05109848251090595,-0.01653377076069423,-0.07345546028139754,-0.016221437962267958,-0.03233069345972878,-0.09519050184546061,-0.02082735687353335,-0.0370242256219479,-0.11603276035568631,-0.03146019329717816,-0.039821753439365434,-0.130675729975213,-0.04082578736164399,-0.03822610550649274
0.0,0.0,0.0,-0.02643826030905113,-0.0056598876339385065,0.02601125014829037,-0.052968553671243986,-0.011398823649011472,0.050908916785315214,-0.0791197224167664,-0.012270722245991865,0.06425485892995615,-0.10867580889683558,-0.013139955518071192,0.07107062355273902,-0.09632842348649746,5.764838819584631e-18,0.02205932116727028,-0.12346813491409304,-0.00364946090352638,0.026816043038788838,-0.14659572019777903,-0.00836420855242356,0.02995515489596715,-0.1631704580995198,-0.031111887773460516,0.02866388463045228,-0.09534984619121212,3.948632989454708e-18,9.93049829155788e-20,-0.1318352675754159,-0.005461140849703959,-0.0013732386088510136,-0.15687471471710887,-0.019758161670883807,-0.002109969576442897,-0.1779261280331962,-0.036402202581195565,0.0015531502442509672,-0.08905476372629985,-0.008053382905271285,-0.016638905153474794,-0.12144391671588381,-0.016935867190454076,-0.0198695623194292,-0.14236178311925832,-0.030837320982925708,-0.020501849765175686,-0.162106267103181,-0.04595617639664704,-0.01873781450179653,-0.07410516663878683,-0.01611532364410024,-0.03208288224715249,-0.09583835750882416,-0.019310302377628513,-0.0370157133077145,-0.11801778517930964,-0.028109008755802984,-0.04095658145239802,-0.13508801557057767,-0.03659888302391201,-0.0403839353603788
0.0,0.0,0.0,-0.026659678349919176,-0.005557379341082547,0.02584647932791206,-0.05309502893853536,-0.011358614678781246,0.05069673165185676,-0.07871826484331,-0.012357783872300679,0.06432882555563375,-0.10765210401476101,-0.01374431759048505,0.07156673754343632,-0.09667111704653003,2.8165976344065068e-18,0.021731551245960306,-0.12404321431626494,-0.003228033945150551,0.02691787744753405,-0.14724584405818675,-0.00695165619824821,0.03033870043073909,-0.16452196914757442,-0.028604276032760202,0.028646174598455608,-0.09569467781795915,3.1161800074122058e-18,-8.29104622332238e-20,-0.13236400815612778,-0.004324460394459517,-0.000965503348292748,-0.1583595701303866,-0.017131093020964397,-0.002166839950181318,-0.18129321088099237,-0.03195878416264749,0.0012468665957355255,-0.08955733828130881,-0.007977916957113387,-0.016562196784226747,-0.12188513753357905,-0.01565769332656907,-0.019861462211948275,-0.1438781193342221,-0.02802176429397261,-0.02104829076293745,-0.16538748099097433,-0.04178884168209495,-0.01982200676507529,-0.07470195611694266,-0.01615445517995497,-0.03198799707354654,-0.09638685227261701,-0.018412746024929084,-0.03698092140719878,-0.11914330741083914,-0.02578098528411957,-0.04149550131256603,-0.1375996049076885,-0.033387186701074385,-0.041505266018572545
0.0,0.0,0.0,-0.02675195214521932,-0.005538516787327813,0.02580929596551889,-0.05312651193260734,-0.011249444136096886,0.05049512841686921,-0.07845179059676008,-0.012354197658020425,0.06430570623010083,-0.10688350670856911,-0.014093412358164541,0.07176469525274665,-0.09694796375928054,-2.9119461337891923e-18,0.02155260200496741,-0.12450062339872389,-0.0031686497122951213,0.02704841402640968,-0.14735560839904394,-0.0063531175753640135,0.03076350975498967,-0.16461283204247426,-0.027199959955821962,0.02895017294347938,-0.09601272199161616,-1.3353450198000379e-18,-1.6865693041732787e-19,-0.13282769136402586,-0.003943932978284679,-0.0004936046930562334,-0.1588561160593382,-0.015897989610540685,-0.0018847707760635353,-0.18254512820319066,-0.029176931273278906,0.0016011930137483238,-0.08999513429107826,-0.00797619245560684,-0.016595700138603762,-0.12211316527369556,-0.015109522397378308,-0.019782877295722513,-0.14447211712868138,-0.026495342923786115,-0.021153554850347412,-0.16662880398317345,-0.03910618047668121,-0.020049998381014133,-0.07517253521370973,-0.01634246798556315,-0.03200110311843501,-0.0968224079752107,-0.018106266812954835,-0.036959127530773316,-0.11964281429865642,-0.024549108922013434,-0.04162465333922708,-0.1386642295719809,-0.031509845513059125,-0.04181846751972625
0.0,0.0,0.0,-0.026754791364261152,-0.005581909339175197,0.025876535511856945,-0.05306718079450371,-0.011078951033023325,0.05035039321260476,-0.0782767560902694,-0.012211645219323039,0.06429162297260393,-0.10631294291419327,-0.014078111370378031,0.07187980182684857,-0.0971446012369435,1.3663938587615105e-18,0.021503438945864633,-0.1248566904923317,-0.003349150154870309,0.02717872825623402,-0.14715713069565273,-0.006377610381043371,0.03115148482022162,-0.16394965188625277,-0.026786441534800164,0.029431214612312136,-0.09626471210158893,9.96461840698534e-19,-3.585583312839156e-20,-0.13323037858548156,-0.004143065717288507,-4.519588622992446e-05,-0.15872536312927857,-0.01583815417688486,-0.001461917481837303,-0.18238155773070314,-0.028050034643741808,0.0022781650307225686,-0.0903284388351458,-0.00803832324983863,-0.01671102331077779,-0.12218554937829565,-0.015162361467779415,-0.019694265243530015,-0.14447393639366093,-0.02612739519725136,-0.020999302820734405,-0.16649412634739977,-0.037941114647934024,-0.01972838095752351,-0.0754869847569174,-0.016653779467547213,-0.03207263568547983,-0.09713759287083491,-0.018288800359906564,-0.03695474502242259,-0.1197256898636546,-0.024275396108499932,-0.04150634795214765,-0.13875699125589308,-0.03090547602190984,-0.04158973625156554
0.0,0.0,0.0,-0.02669884679375226,-0.0056718245401948895,0.026017845148685076,-0.05292707228360219,-0.010889948046739695,0.05028611377027617,-0.07814906962188892,-0.011966629729745779,0.06434785114765032,-0.10588665229751756,-0.013743188229163341,0.07204375989397901,-0.09726154446231318,3.5844404646221624e-18,0.021556272963499955,-0.12512420099955487,-0.003673842068516735,0.027307868620493718,-0.14682543376994092,-0.006837205301516498,0.031478822820224836,-0.1629320051973887,-0.027155558888646115,0.029995508737858955,-0.09644178492652955,3.3797539445955843e-18,-1.4809421732751015e-20,-0.13356517822563435,-0.004731647784465697,0.00034113626837300835,-0.15825710391111597,-0.01662325227555052,-0.0010135006273950594,-0.18142045226917855,-0.028288982650925512,0.0030384799218380965,-0.09054965077649936,-0.008149478104923365,-0.016875434086010256,-0.1221541291911481,-0.015648752470757074,-0.019620998087759772,-0.1441424037769691,-0.026647480850005106,-0.02071211952765519,-0.16557396661864066,-0.03804542848641923,-0.019114358989703116,-0.07565068917978095,-0.01704548509294886,-0.032163105029789744,-0.09733573523085737,-0.018822069196677192,-0.0369542494385121,-0.11956055152934598,-0.02471731378955579,-0.04125592492251551,-0.13829157810068643,-0.03130062903625042,-0.04104813337284014
0.0,0.0,0.0,-0.026606660963880632,-0.005798749077395555,0.026201680452880415,-0.05272109909088127,-0.010731292343251037,0.050308030004451824,-0.0780309065892292,-0.01169179561576147,0.06449596507395987,-0.10555910112163543,-0.013209410065087251,0.07231196278070623,-0.09731068234382037,-9.61019346589633e-19,0.02168162966369028,-0.12531662424705348,-0.004071604787021987,0.027448723333582198,-0.1464840941662774,-0.007567819476068086,0.03175427922311807,-0.16184795626162074,-0.02806912346113964,0.030592017987979298,-0.09655635692314143,-7.107548848198919e-19,-2.433697224699363e-19,-0.13383032409873158,-0.005529765474779977,0.0006559650434055568,-0.15767135326551543,-0.017908487076338773,-0.0005916344502244349,-0.18015424810440797,-0.029479329901171258,0.0037476575759934866,-0.09067427229532442,-0.008292422301982653,-0.01705844321681974,-0.12206914525687257,-0.016396046878222534,-0.0195695112495391,-0.14366922587069703,-0.027737502689754195,-0.020370850919669184,-0.1643417855561052,-0.03904806000338886,-0.018396770932178726,-0.07569355911663596,-0.0174686810061493,-0.03224869697280731,-0.0974334864075595,-0.019559405006738865,-0.03694189555433377,-0.11927722915744972,-0.025606528473944398,-0.04094779216949746,-0.13759256023675753,-0.032348261235511135,-0.040368757262905106
0.0,0.0,0.0,-0.026496421487398163,-0.005953448661777294,0.026398463961874036,-0.05246950841428741,-0.010637448839948084,0.05040641293273715,-0.07789448677369734,-0.01145631478416881,0.06472849306697714,-0.10528879513836455,-0.012612503451600754,0.07268732875184016,-0.09731178928738407,3.003115025629924e-18,0.02185024468962576,-0.12545108526070217,-0.0044862332979493475,0.027613695578273697,-0.14621469393908218,-0.008424782177315933,0.031997515005059866,-0.1608945958566146,-0.02928474260535817,0.03119015795572258,-0.09663068999805635,3.1035750463720205e-18,1.4582456746747814e-19,-0.13403587951759777,-0.006379714175046353,0.0009039582572460654,-0.15713121755376921,-0.019379051429976996,-0.00021710952320664129,-0.17895173786701185,-0.031180785282773606,0.004340804333319953,-0.09073093036747476,-0.008449107242531975,-0.017236128349709726,-0.1219783970289899,-0.017244365844037057,-0.01953988187308733,-0.14319749186193115,-0.029085468847440177,-0.020028973806716338,-0.16315469232316462,-0.04055100219205806,-0.017710695315853585,-0.07565921453206383,-0.01787864140916238,-0.03231991337117999,-0.097459950001262,-0.02036408320243091,-0.03690962280420046,-0.11897610035700897,-0.026691694431366035,-0.04063314705963678,-0.13690087953319158,-0.03370886143356741,-0.0396839722181219
0.0,0.0,0.0,-0.02638441138468673,-0.006122685528146048,0.026583987725527225,-0.05219707436307931,-0.010621534270485365,0.05056084600714181,-0.07772463683650334,-0.011304707076939749,0.06502232038608732,-0.10503663481766877,-0.012063270339294474,0.0731475843549163,-0.09728896158803797,5.411292584394725e-18,0.02203481150842886,-0.12554982113206736,-0.004871870897386641,0.02780652025136578,-0.1460693015002539,-0.009283549733482587,0.03222476031278343,-0.1602036855725619,-0.030587203795843187,0.03176342299978265,-0.09668886324207508,4.0555917459265634e-18,3.6387887398751336e-19,-0.1342044081451083,-0.007157916631999307,0.001094764261993784,-0.15675773212943842,-0.020783209467371295,9.666036920086023e-05,-0.17807747155255949,-0.03300882465530853,0.004786847060639372,-0.09075292792299719,-0.00860450562446945,-0.017393238027958578,-0.12192428066402865,-0.018064304059894922,-0.01953203157830402,-0.1428388864996177,-0.030431642664670196,-0.019730500570233338,-0.16227040160574102,-0.042207059262443516,-0.017152471124894153,-0.07559403256153265,-0.01824616896508886,-0.032376783197260964,-0.0974512351038767,-0.021129651415639255,-0.036860107688296444,-0.11873638403193584,-0.027772768324650497,-0.040354255385703815,-0.1363910190974425,-0.035108982518400805,-0.03909613681944791
0.0,0.0,0.0,-0.026284852586278107,-0.006288515375019234,0.026742247895471253,-0.051930187686208475,-0.01067706298707091,0.050748269386658114,-0.07751957285169075,-0.011250430570933287,0.06535249115198738,-0.10477121099548693,-0.011626556600250675,0.07366711248082236,-0.0972681754955528,-5.2200630110608946e-18,0.022213148692895396,-0.1256402092484168,-0.005191013300491087,0.028021839845672834,-0.14608214063683522,-0.010042552156076844,0.03244544972132173,-0.15986308440676467,-0.03181351060612572,0.03228788787325155,-0.0967538712029312,-5.279828286262482e-18,-7.297517358690966e-20,-0.13436862096863286,-0.0077799342359358556,0.0012378139303177227,-0.15664096256937352,-0.021947826651352722,0.000335121518928434,-0.17771085348246066,-0.03468501343084165,0.005071075086767572,-0.09077410050518307,-0.00874982833604476,-0.017522992014380546,-0.12194272576404488,-0.0187672916294161,-0.019546441273890495,-0.14268520153559922,-0.031597989153769254,-0.019512300006630786,-0.16186604591234044,-0.0437692039809619,-0.016783739500118335,-0.07554013317081623,-0.01856271119711094,-0.032423724595534734,-0.0974445730452342,-0.021792009396200084,-0.03680366439461873,-0.11862244750352391,-0.028721272932746397,-0.04014802238846086,-0.13618725040050167,-0.036373142845056675,-0.03868004089798684
0.0,0.0,0.0,-0.02620691201333785,-0.006430233551324519,0.026865245669992106,-0.05169132080029855,-0.010783497757520593,0.05094919793751357,-0.07728675948387248,-0.011278393152225227,0.06570182802163853,-0.10447395764978423,-0.01131725924826918,0.07423108618451052,-0.09727341210234511,1.1182392314411074e-18,0.022370479401054067,-0.12575003410400423,-0.00541213435234341,0.028249105366438876,-0.1462734570055263,-0.010622449117652054,0.032665387586592855,-0.15992662684723324,-0.03285666734869872,0.032748613007906435,-0.096845310848077,1.5939726226135365e-18,8.136885000233098e-20,-0.13456493136937717,-0.008195289781177997,0.0013390077545832216,-0.15684222409031168,-0.02277300636330654,0.0004842149004947429,-0.17795326058564656,-0.03604632637263247,0.005191694789389717,-0.0908257310997659,-0.008882463316099728,-0.01762482236366269,-0.1220620437434369,-0.01930192715420761,-0.01958220121350196,-0.14281059577907854,-0.032489613161732364,-0.019398488210394322,-0.162048694455828,-0.04509837183240361,-0.016629389845275597,-0.07553169670337621,-0.018834504618949116,-0.032465861247272486,-0.09747361069641065,-0.022323965865453568,-0.036752346366930214,-0.11868634647162164,-0.02947598454933651,-0.04004161149119338,-0.13637155141544763,-0.037420029298597016,-0.03847765557258449
0.0,0.0,0.0,-0.02615232062701189,-0.006530512780691087,0.026951103846061787,-0.05149341454793812,-0.010915568763107324,0.05114997516364151,-0.07703739582414112,-0.011354679410829498,0.06606262775391104,-0.10414231669958113,-0.011109529341085844,0.07483985563202489,-0.09731974215985051,-4.524273701269723e-18,0.02249894732611308,-0.12589743452828359,-0.005510526024955995,0.02847582538831743,-0.14664428356955536,-0.010971718219582888,0.03288754216525345,-0.16040750626465136,-0.03366558502999674,0.03314140421603854,-0.09697451366817726,-3.5301881104247106e-18,1.5463459196858427e-20,-0.1348216604257396,-0.008381776110335665,0.0013975843151535358,-0.15738460578605776,-0.02322413118583639,0.0005321162200708996,-0.17881939109404207,-0.03704055926098033,0.005157555445598123,-0.09092992059210693,-0.00900286907480406,-0.017700998758664047,-0.12229782661114846,-0.019645907975819398,-0.019636982559046064,-0.14326056303454027,-0.03308308741593139,-0.0193966039782685,-0.16284914279326948,-0.046153061447237256,-0.01667793009754077,-0.07558975229162228,-0.019071158568812068,-0.032507673262234894,-0.0975622485139159,-0.022720489578223955,-0.03671604181373366,-0.1189631072524711,-0.030025198467521108,-0.040048328283053825,-0.13697953499848772,-0.03823906502781621,-0.03849285885498893
0.0,0.0,0.0,-0.026116632968623345,-0.006583184971141513,0.027002457163952037,-0.05133847758585294,-0.011052429736456402,0.05134305046458581,-0.0767858193638343,-0.011438133613993555,0.06643173802494642,-0.10379606349481171,-0.010950971540636702,0.07550112926779431,-0.09740563629859048,-1.444024646050234e-18,0.022595490240611513,-0.12607921770070127,-0.0054731353697269865,0.028687813838797805,-0.14716456828168456,-0.011079223468898308,0.03310782472428062,-0.1612568672554437,-0.03424767502844466,0.03346671423718086,-0.09713739875758474,-1.868762178226292e-18,-6.869492230945553e-20,-0.1351436082175135,-0.008344132197001957,0.0014026201134860773,-0.15823337143532845,-0.023328744354358923,0.0004673581630594204,-0.18021518509277656,-0.03771884201449917,0.004982163659175435,-0.09108949032075125,-0.009109333756421482,-0.01775314303858553,-0.12264307526682332,-0.01980085461573009,-0.01971034201875817,-0.14402884835615748,-0.033413092715695425,-0.019499662536954794,-0.1641977638328894,-0.04697341717148989,-0.016888107264418587,-0.07571407258268825,-0.019274311579626828,-0.032552760827855465,-0.097715772202333,-0.02298382883403932,-0.036701531669599274,-0.1194573282646384,-0.030388300647988538,-0.04016597533488569,-0.13798231524913684,-0.03886277759840138,-0.03868917764732922
0.0,0.0,0.0,-0.026089592949737856,-0.006595604611909042,0.027026226719146132,-0.051218154093924634,-0.0111779543966321,0.05152749819783128,-0.07655059079269812,-0.011484458792821103,0.06680480383576823,-0.10348051711670972,-0.010771352510727096,0.07621485828841795,-0.09750954784287928,3.195741801362232e-18,0.022662424478894,-0.12626304321355614,-0.005305903303639612,0.02886984152569694,-0.1477595017069256,-0.0109862960746817,0.03331282052342244,-0.16233699529742965,-0.034670469485881115,0.03372606879939169,-0.09731053447455262,2.6733525073580058e-18,-5.2503344044003115e-20,-0.13550155003910092,-0.008118805076145767,0.0013327953399578955,-0.15927609319169558,-0.023180902958882543,0.00028129275057491693,-0.18190980649129782,-0.03822812740516196,0.004685365592840977,-0.09128180665757066,-0.009195938034567972,-0.01778117864561177,-0.12305974082810654,-0.01979453636111563,-0.0198048209880895,-0.14503266249229885,-0.033566477386137786,-0.01968559758504045,-0.1658929574663233,-0.04766943265641439,-0.017191614643913635,-0.07587758717584112,-0.019433432799497226,-0.03260345604878724,-0.09791339240968214,-0.023119722621233716,-0.036711306551601715,-0.12012500070956601,-0.030610633265958597,-0.040372427996088464,-0.1392588171553201,-0.039355647934491596,-0.03898809215453296
0.0,0.0,0.0,-0.02605302342037814,-0.00658568719421515,0.02703477618183606,-0.05111381342974433,-0.011274057955496521,0.05170819798228587,-0.0763541449206241,-0.011444808475913061,0.06717008113476243,-0.10326041006312198,-0.0104875917418115,0.07695640478523327,-0.09759191028684946,-3.994823651304759e-19,0.02271040529712484,-0.12638579584749723,-0.005042841862482938,0.0290083010511942,-0.14830004061463883,-0.010795919316175639,0.0334828508364228,-0.1633979060957889,-0.03506104413168814,0.0339257379844449,-0.09745350556783686,-7.729280576852978e-19,3.070815081317028e-20,-0.13583091447607637,-0.007784565881201788,0.0011621493392045782,-0.16030995185942354,-0.022952624495772237,-2.0943929931045904e-05,-0.18351168606133614,-0.03880349716690155,0.004307901269059357,-0.09146024452442732,-0.00925618121067688,-0.017784931513854182,-0.12347628845845407,-0.01969040765260845,-0.019921620119323007,-0.14609364054538626,-0.03368466345442834,-0.019908220478684225,-0.1675737280035393,-0.04841578050201827,-0.017485938110306153,-0.07602649894113091,-0.019531655871956047,-0.03266058564869163,-0.09810603171688691,-0.023147879754879374,-0.0367415916466777,-0.12085617663075664,-0.030774247868684858,-0.0406183212586578,-0.14056881234521135,-0.03982305659003853,-0.03926869057638267
0.0,0.0,0.0,-0.025980594931886102,-0.006578685368763643,0.027047498126539,-0.05099889979649899,-0.011317878968163388,0.05189042497225525,-0.07622458291958263,-0.011269793121368015,0.06749786965908484,-0.10320934183614026,-0.01001644661083111,0.07766067962552324,-0.09760071404709236,2.5599442964001245e-18,0.02275872553761805,-0.12635889225740696,-0.004755872389665584,0.029094219491741295,-0.14860286870595538,-0.010679206338940667,0.03359892181788924,-0.16406378382235645,-0.03560089539428575,0.034084513265716314,-0.09751668874256471,1.2486475408301362e-18,-2.1235480641139496e-20,-0.13603787446333793,-0.007474660082703395,0.0008712613251439931,-0.16103854919285507,-0.022902264412622355,-0.0004045019939191691,-0.18445990157872835,-0.03974851005320654,0.003931395510246274,-0.09156147006448372,-0.009288174267196492,-0.017766015451476627,-0.12379185936026656,-0.019597964241959257,-0.02005329211080571,-0.14692715319001085,-0.0339636887769075,-0.020084720719503693,-0.1687054599691566,-0.04943881754537764,-0.017624497349774053,-0.07608639090441477,-0.01955623294929258,-0.0327247354077241,-0.0982215779754169,-0.02311732606817663,-0.03678148154453404,-0.12146420404651993,-0.031012200175032735,-0.04082177874003074,-0.1415383213527446,-0.04041951028879947,-0.03937162242736296
0.0,0.0,0.0,-0.025840598586053802,-0.0066041110341317835,0.027092328109393198,-0.05084609986947068,-0.011288142775986523,0.05207157945065783,-0.0762011822397485,-0.01092774366381735,0.0677289841628401,-0.10340358992336796,-0.00930464453145012,0.07821023273552434,-0.09748212532575036,-4.2528881001213275e-18,0.022832401791020116,-0.12608392010886255,-0.004559902282926128,0.02912658379977928,-0.14844203890732535,-0.010869183736763391,0.03365432458465583,-0.16384388504142272,-0.03650447443379827,0.034244980043886264,-0.09745435085913574,-3.2972357572046627e-18,-5.243644795173998e-20,-0.13601315768835892,-0.007381976529993721,0.0004623990320943207,-0.16108332629914224,-0.023361108590196914,-0.0007864028179867321,-0.18404745954404125,-0.04138319332908558,0.0036971024228264647,-0.0915196582450238,-0.00929754172056212,-0.01772999490958095,-0.12388733731486881,-0.019675485369240426,-0.020175540427033532,-0.1471489960018707,-0.034640857803617975,-0.020086943852509177,-0.16859713383875605,-0.05097703870161807,-0.017411471434536707,-0.07597782211732251,-0.01950702910813607,-0.03279950806114282,-0.09817905839273253,-0.02311803176306529,-0.036812845748061054,-0.12168939610482936,-0.03151242288975951,-0.040865930138751776,-0.14167090547986802,-0.04133618045125995,-0.039107594546270566
0.0,0.0,0.0,-0.025600688237971233,-0.006691591176062447,0.027204711082008327,-0.050638690040333174,-0.011181719220855953,0.05223415421560935,-0.07634014324484081,-0.010441894807493168,0.06777105429600745,-0.10392549983487803,-0.008382495396789697,0.07843157942990907,-0.09719819887466498,4.3674403961035535e-18,0.022958082129218273,-0.12547876355912313,-0.004605547516404034,0.02911696374289549,-0.14757112775531783,-0.011626074224981983,0.033669322654308706,-0.16218445954087019,-0.03796049287997004,0.03448102682670192,-0.09724268030457743,3.273575689922717e-18,-1.6132174062565924e-19,-0.13565103501787862,-0.0077447855531131106,-2.3182925721969935e-05,-0.16001316636421942,-0.02467215870125297,-0.0010195338744354114,-0.18149476596466188,-0.043931175389946474,0.003810383276647689,-0.0912888565107329,-0.009295744662552795,-0.017689327920697974,-0.12364135308946912,-0.02011454811871845,-0.020239927802984118,-0.14630950500637666,-0.03594940614236198,-0.019744797636432304,-0.16647193994393528,-0.05318811651648644,-0.016614912393981933,-0.07564325003344702,-0.019397533212226183,-0.032896070114811916,-0.09790928061473594,-0.023279762378512276,-0.03681012973279654,-0.12122340547296886,-0.03249118340324466,-0.040600398852437186,-0.14039735481188237,-0.04274434649662812,-0.038274940450392446
0.0,0.0,0.0,-0.02523416733320364,-0.006865001992773245,0.027421208069557702,-0.05038249375105208,-0.011036017391508059,0.05234290837608135,-0.07671298909966423,-0.009936625631195935,0.06750951184255165,-0.10486490057091649,-0.0074298019066034926,0.07810937165917253,-0.09674978971348139,-1.0853136890670646e-18,0.0231589675092147,-0.12450567533493037,-0.0050569336140427,0.029096265473391045,-0.14575618232727677,-0.013169302829641417,0.033702712311900224,-0.15856771079763765,-0.04002904689133723,0.034886390803632816,-0.09690212832658501,2.0450463313493607e-19,-5.0493592303294185e-20,-0.1348671465468831,-0.008803330373924282,-0.00048820441011362194,-0.15739549745386008,-0.02706809492516172,-0.0008907986235165149,-0.1760871702679597,-0.04733894510123433,0.004509037257649537,-0.0908713376152442,-0.009294270783866448,-0.017665331689308197,-0.12294899268521012,-0.021098754742087795,-0.020168966070792625,-0.1439580599110958,-0.03802286351971717,-0.01886883012874203,-0.16160444441774602,-0.055991244222828813,-0.015017159250395214,-0.07508127270991743,-0.019248115744426038,-0.03303677188637737,-0.09737643178956662,-0.023750915879558188,-0.036738662734579076,-0.11975358276373248,-0.03412093834480038,-0.0398521647109638,-0.13716972946733025,-0.0446837546925309,-0.03669712052507487
0.0,0.0,0.0,-0.0247280808445511,-0.0071344059063753445,0.02776714178287058,-0.0501130648041266,-0.010946126170409434,0.052349685413652224,-0.07738984395844266,-0.009664948377311387,0.06683723152616385,-0.10629822084625509,-0.006817917594789483,0.07702883407288233,-0.096194216526868,6.101272107456441e-19,0.023448499644944335,-0.12318809432758346,-0.006055784246163323,0.029119138769706617,-0.14282187700811658,-0.01558871201502195,0.03384645295453806,-0.15265475291704475,-0.04252919027574596,0.035529132880462035,-0.09651406788949948,1.0148436191086052e-18,3.4113489664982414e-20,-0.13360669692377464,-0.010727958210765198,-0.0007727095996907783,-0.152875170287126,-0.03051491331542058,-0.00015709320195146385,-0.16738385047912654,-0.05109269730341295,0.005970265651072347,-0.09033949363571997,-0.009298307855474452,-0.017686039523103554,-0.12173751264595334,-0.022739988069454417,-0.01985789376334697,-0.13973602222411202,-0.040768060897375696,-0.017300357627220018,-0.15352649173278102,-0.05890394107133509,-0.012515168220114241,-0.07437324528575602,-0.01907827601012336,-0.033253258204862614,-0.09658925007776027,-0.024659877488512606,-0.03655058286128758,-0.11701952155738618,-0.03642745002968776,-0.03845592355756289,-0.13159687158250957,-0.046935171998618554,-0.03429145306198235
0.0,0.0,0.0,-0.024093731073866552,-0.007489337946736122,0.02824051623879072,-0.049891492092367616,-0.011062416427200312,0.05220745319940262,-0.07840533104025287,-0.009980811994196813,0.0656972543832848,-0.10823699035788786,-0.007075276074816788,0.07504097915466777,-0.09564250466785902,9.153830301298424e-19,0.02382333632137321,-0.12160773124189075,-0.007677305223143325,0.029256367686621113,-0.13871197314217415,-0.01876929452735267,0.03418951853977307,-0.14445309469359874,-0.0449981808224621,0.036377108211169525,-0.09621260750898247,3.390126101831649e-18,-1.0195357870665215e-19,-0.13184008118781584,-0.013537024590709369,-0.0006759489842182989,-0.14628456781182544,-0.03460017130686641,0.0013638037589514978,-0.15547501974426683,-0.054180566854636444,0.008164637492486495,-0.08983000099412919,-0.009303889371155942,-0.01777869811712038,-0.11997209180145836,-0.025013680105564023,-0.01919291056225355,-0.13349034702954973,-0.04378302799196989,-0.014991179466286938,-0.14227305146478797,-0.06101336185547299,-0.009251061346161297,-0.07367819919594666,-0.01890455471854916,-0.03357535447814187,-0.09558786135679752,-0.02607015479441914,-0.03618341704999829,-0.11287410716990919,-0.03920959073639397,-0.036312916845382404,-0.12360347767021086,-0.04897235766010056,-0.03116183157441267
0.0,0.0,0.0,-0.023375343117918813,-0.007898978336638733,0.028801979506565503,-0.049785153374456236,-0.011553084509454198,0.051890749145006444,-0.07972013028888639,-0.011231845429368408,0.06411710648679653,-0.1105660249458346,-0.008738602673821351,0.07211838642160899,-0.09523056970825153,-2.7597029402593823e-18,0.02426021565101026,-0.11988310850738874,-0.009892309925515222,0.029572664013969054,-0.13355206149055332,-0.022381945331504904,0.03476361555221573,-0.13444673295315293,-0.04680845897234076,0.03724771626862372,-0.09614413834473964,-2.1074222412390363e-18,4.800316154909884e-19,-0.12955730262688192,-0.01704574774276192,-1.4228071741049463e-05,-0.1377625830495577,-0.03857565112238651,0.0036820462024721176,-0.14118148295131397,-0.05534619873050044,0.010754337039715298,-0.08950181155626602,-0.009301442977238767,-0.017960241159567677,-0.1176529290095585,-0.027733062094174175,-0.018086567138535358,-0.12537835550596937,-0.046419057131925345,-0.012074280853526806,-0.12856749589272182,-0.06121810707121576,-0.005680451116974042,-0.07318427500519963,-0.018745730757794548,-0.03401286029719587,-0.09440661602495715,-0.027950178531408926,-0.035568777235541985,-0.10733993937801935,-0.04205778876703997,-0.033459402271817554,-0.11355911943468912,-0.05009841473917373,-0.027658187540276845
0.0,0.0,0.0,-0.022644549049127008,-0.008321550197410474,0.029386553615056897,-0.04983665913326368,-0.012531285257940056,0.05141653849906669,-0.08120661541219948,-0.013601631638021434,0.06221232688155082,-0.11302193351282103,-0.012123790434894555,0.0683631210077503,-0.09507423785354215,1.567877978479295e-18,0.024723432311086282,-0.11813620737198335,-0.01255360027388075,0.03010553015918981,-0.12767632400945483,-0.025974855873276585,0.03552023042726107,-0.12357771488385967,-0.047443127543345155,0.037862997796821875,-0.0964134627719341,3.2740568164491122e-18,3.9549177001393438e-19,-0.12677079556430865,-0.020894026828292833,0.0013106651831149337,-0.1278018012062482,-0.04160515244803649,0.006595494619345353,-0.12599926471958695,-0.05361127895756774,0.013176567015241732,-0.08947790832523918,-0.009284691161434197,-0.018230900846590632,-0.11480900458832494,-0.030597893422887608,-0.016509555045547932,-0.11589355505133023,-0.048014314745518046,-0.008851416430961387,-0.11377527579694537,-0.0587066626136234,-0.00246088768592366,-0.07303794335659296,-0.01862973674946349,-0.03454211468482405,-0.09303743696132735,-0.030177236668747692,-0.03465128951645354,-0.10063888094233173,-0.04450318582427547,-0.030092300603999617,-0.10228567279599352,-0.04975969545455944,-0.02431584795934951
0.0,0.0,0.0,-0.02197701563684175,-0.008716262726345646,0.029932794281824326,-0.050041127818322116,-0.013990098320767055,0.05084933037257573,-0.0826825025448156,-0.01700710810490757,0.06015068208902505,-0.1152545191449277,-0.017159920272494144,0.06395926961180773,-0.09523392366659822,7.803442179672467e-19,0.025180454576231234,-0.11647227805848752,-0.015410870121194383,0.030857300784473803,-0.12159702119814723,-0.029118936867590747,0.036365639791968274,-0.11304265412063466,-0.04676552390560088,0.038003041047904716,-0.0970535235149202,-1.872224011908104e-18,-2.889723931515284e-19,-0.12353694030218368,-0.024646737775218506,0.003269539910816416,-0.11716880313009245,-0.04308028967279023,0.009764244907093765,-0.11170987573134364,-0.04874510432026719,0.014905950963598872,-0.08981088576395298,-0.00925651252783345,-0.01857358678656533,-0.11150324969879516,-0.03329180493360247,-0.014503690015412804,-0.10577462973296488,-0.048159116743079204,-0.005687041802573202,-0.09956112335758747,-0.05336406092767677,-0.0001884937156774956,-0.07329872288918225,-0.018590979426048804,-0.03511042532861364,-0.09143542609254621,-0.03256599438935387,-0.03341313528076089,-0.09317997710915939,-0.04620415804316769,-0.02652257426354133,-0.09089592101005584,-0.0478299835927736,-0.021670466956030657
0.0,0.0,0.0,-0.021428824027139994,-0.009051846714151846,0.030403059296677935,-0.05034822674149475,-0.015803741916595393,0.05027947865504113,-0.08397183885978794,-0.021142041900825165,0.0580963454453128,-0.11693804131632052,-0.023419005187257168,0.059110359342535154,-0.09570987490696821,1.2678533722837887e-17,0.025614139408937465,-0.11499715014796812,-0.01815745585561112,0.03179315136491186,-0.11593190966595218,-0.03152969192876237,0.03721534789211248,-0.10400226809969665,-0.04510310065579521,0.03763376124924192,-0.09803497850132155,1.823769218493627e-17,6.248493072507549e-19,-0.12000229350035112,-0.02790727755538238,0.005701559499646108,-0.1067530853016097,-0.04279773416889853,0.012830802618891577,-0.09986633990824624,-0.04134306867904701,0.015698497078716966,-0.09049278041333159,-0.00922651465748796,-0.01896142143714787,-0.10786510905642659,-0.0355624635750352,-0.012187492258692355,-0.09585358657565936,-0.04681519183754199,-0.0028928763212717583,-0.08742308774831942,-0.04580936749357524,0.0008349954731528662,-0.07394590307177953,-0.018655821959218877,-0.03565822951004083,-0.08958316480858403,-0.03490103824555953,-0.0319005016396282,-0.08551354920398932,-0.0470375797222042,-0.023089841784143472,-0.08052332631320476,-0.04464767492421799,-0.020064712145980837
0.0,0.0,0.0,-0.021030316812241878,-0.00931019173355511,0.030786865612753973,-0.05068615096950971,-0.01777980242211814,0.049791150383095714,-0.08495031808168076,-0.025604880694629784,0.05617097523737898,-0.11786093427240475,-0.03027356257758729,0.05400638446479962,-0.09645741662511051,2.536952825692411e-18,0.02602257597578899,-0.11384293163644786,-0.020507838357452422,0.03284465238245556,-0.11128927273971768,-0.0331295663654925,0.03802761122319639,-0.09730155936214799,-0.043116283421523294,0.036923228005024275,-0.09928763224350949,5.246563661726737e-18,7.918650505599071e-19,-0.11642928043557087,-0.030407766058120633,0.008349758328279173,-0.09740241624225479,-0.04096020056852904,0.01551266804772002,-0.091413131512848,-0.03254705042086062,0.01565426858867203,-0.09147706737017355,-0.00920742450184417,-0.01936865010039665,-0.10411689520919376,-0.03726552288220588,-0.009752328980388301,-0.08689995641570716,-0.04427530456992101,-0.0006663438117658187,-0.0783291043022763,-0.03712067406263831,0.0006705232006211082,-0.07490661384978292,-0.018831085264753834,-0.03614206313119818,-0.0875558335983878,-0.03697907348743148,-0.030234553486644677,-0.07824490157046436,-0.04708192694590681,-0.020084782027042385,-0.07205040073065434,-0.0408327543499173,-0.019560148782224392
0.0,0.0,0.0,-0.020793311946676173,-0.009482418745211486,0.0310941458859976,-0.050995146968235004,-0.019706677772862315,0.04943936182420649,-0.08556397414075563,-0.029991923266942402,0.05444462257352659,-0.11796474534181357,-0.03704085127940228,0.048829280995805274,-0.09739399449488238,2.435062870218531e-19,0.026407283967771054,-0.11315190021623998,-0.022270267740509806,0.03392387816777376,-0.10812272488586029,-0.03403334370494229,0.03880883544026008,-0.09327959274446435,-0.041535697742367726,0.03616276289593983,-0.10069974801866556,-6.876046674711367e-19,-2.799283348249981e-19,-0.11314928620406933,-0.03205920272024177,0.010931018337189933,-0.08976262996318266,-0.038076528491829374,0.01765188859324616,-0.08652870444481671,-0.0236608235025015,0.01510403525059483,-0.09267207303416493,-0.009214078940878959,-0.019772942829045577,-0.10054412284840833,-0.038381240393426094,-0.007427215591808104,-0.07948248745049023,-0.04105183612181085,0.0009235037690858766,-0.07255360519914422,-0.028495002116152444,-0.0003484167097969259,-0.07606281506172727,-0.01910435488361719,-0.03654033741201027,-0.08551810799031485,-0.038658304117864334,-0.028583793609538877,-0.07191359331731338,-0.04655823689862804,-0.017693903060931784,-0.065927969155379,-0.03706331004273837,-0.0199666988387408
0.0,0.0,0.0,-0.020713596841781163,-0.009564822068610935,0.03134135398311467,-0.051244909418936946,-0.021393782628154005,0.04924008723637986,-0.08582501673269255,-0.03395431660893179,0.052946512884535564,-0.11732988714169088,-0.0431154000628611,0.04377619265055408,-0.09839871892917053,4.350848341935286e-18,0.026761031642508853,-0.11301129433994223,-0.023383439930124435,0.03494345825865147,-0.10659890374917551,-0.03446618569128027,0.03959093483592618,-0.09173758274762486,-0.04088411722455551,0.035636744778597275,-0.10211243770453471,-3.8559036962896685e-18,1.4669150621166062e-18,-0.11045165367141128,-0.032948594294791016,0.013212971988267833,-0.08414066157793874,-0.034799678944399455,0.01921894124601039,-0.08468989866921123,-0.015795324749124443,0.014416356742292698,-0.09392927933816572,-0.00926050771711314,-0.020151913334632683,-0.09741093269954094,-0.03900268246668501,-0.005413525972985098,-0.0738622106898062,-0.037735658880100414,0.0019205166269200713,-0.06971392746396453,-0.02095138639857151,-0.0017885961741356193,-0.0772536329538199,-0.019449908866018745,-0.03684595095266989,-0.08365702306221962,-0.03989129204994418,-0.02710538003400824,-0.0668744302044827,-0.04576147687059768,-0.0159728822172865,-0.06213092131850336,-0.03389968489463193,-0.020950847154624763
0.0,0.0,0.0,-0.02076517450673849,-0.009562041686742252,0.031538538274473414,-0.05142891022639163,-0.022712925225505175,0.049173335373490897,-0.08579691590271303,-0.037247897399172405,0.05168139071454767,-0.11613384008597817,-0.04809557401682674,0.03906602769948604,-0.09933153505877036,-2.004064222157473e-17,0.027066028757763243,-0.11338022840848519,-0.023913377002420893,0.03583374061126676,-0.10652690716705683,-0.034651440832104814,0.040389146277196177,-0.0920572975419521,-0.04127493913030858,0.03549581195649143,-0.1033483207862894,-1.713746983024495e-17,-2.584814116965892e-18,-0.1084719870243859,-0.03328314518248635,0.015060524484511005,-0.08044688549994594,-0.03172984005964052,0.020274487391155654,-0.08493722830467496,-0.009606832629878008,0.013840034267690962,-0.09506992719542741,-0.00935309141476984,-0.020483693013963564,-0.09486971142441028,-0.039292340597139215,-0.00382887920455898,-0.0699593583596278,-0.03483232258741773,0.0024415143636325404,-0.06898946981306062,-0.015100415295214666,-0.0032805316220799914,-0.07830655369476623,-0.019834076310725587,-0.03706052623353268,-0.08210072987247682,-0.04072349785153451,-0.025896309172146414,-0.06322078091988886,-0.04497867182521292,-0.014860385223376345,-0.06024937684239078,-0.031659367707659716,-0.02216877368827476
0.0,0.0,0.0,-0.020902297289216342,-0.009491638614609369,0.03168742319178873,-0.051555073964736645,-0.02361905549688341,0.04919582411776833,-0.08558226977057035,-0.03975338079585901,0.05064086020342215,-0.11461309122361625,-0.05182870094603158,0.03491324056726719,-0.10007614207239654,6.75015203631415e-18,0.027302764340759542,-0.11407805736668403,-0.024015132298148216,0.03655035795113961,-0.10740993320227736,-0.03472567754852662,0.041171155598213285,-0.09340650358606824,-0.04238011433049868,0.03570299419300865,-0.10426847060433486,9.142455340407022e-18,-8.339514960910541e-19,-0.10716394990777144,-0.033305529353595896,0.016433563520930297,-0.07828261742514635,-0.02926811037303981,0.020918669336020962,-0.08622849029802947,-0.005235839448300214,0.013462169545720767,-0.0959406901311766,-0.009484559465798795,-0.020750698646840652,-0.09293327548826202,-0.039420701994110886,-0.002698228617230574,-0.06744266652719366,-0.032639919655568575,0.00263067986318283,-0.0694380638871413,-0.011073043062592929,-0.004590395507743583,-0.07908453981330324,-0.02021983874378647,-0.03719324723229701,-0.08088044729902855,-0.04125808338522861,-0.02498442083407438,-0.06079910292583298,-0.04441315995074062,-0.014223254132137785,-0.059669256844902395,-0.030379504780510262,-0.02335356894825567
0.0,0.0,0.0,-0.02107539803451193,-0.009381196390052993,0.0317878985944355,-0.051643590707820146,-0.024140255246744506,0.04925347134437957,-0.08530685394323761,-0.04146239009782861,0.049804215494981284,-0.11302640355576257,-0.05436405173966775,0.03147850678854853,-0.10057941231256755,4.276063637546875e-18,0.027459571373999618,-0.11485672669581055,-0.02387850203801312,0.03707266840768706,-0.10861593033255874,-0.034726726285376576,0.041862428840602275,-0.09495664112705654,-0.043595669612866976,0.0360760410855276,-0.1048168791549267,6.688911700560161e-18,8.114998867806721e-19,-0.1063638736196367,-0.033224286565241824,0.01735645945402066,-0.0771220949265899,-0.027578655449436898,0.021257235921548746,-0.08770848397456883,-0.002436265835946925,0.013258876322953443,-0.09645912815033364,-0.009635342998952292,-0.02094210308667663,-0.09151733337028516,-0.03951710183599821,-0.001981754656172562,-0.06588571574716896,-0.031226867080218233,0.002627978430469202,-0.07025261330737598,-0.008624964563608154,-0.005603321062095147,-0.07951704762556243,-0.020573012840229967,-0.037258894084544206,-0.07995036284823838,-0.04161083392582167,-0.02434746751955247,-0.05930591252979707,-0.04415140889667202,-0.013905698130119493,-0.059756764237813814,-0.02987877915899587,-0.024337504836142648
0.0,0.0,0.0,-0.021245380775346046,-0.00925954675987524,0.03184255352760935,-0.05172253162607823,-0.024349136243175355,0.049291587347742506,-0.08509075494790429,-0.04244409475286649,0.04913640448718384,-0.1116126377255613,-0.055864646856201704,0.028835906605318335,-0.10085688973588093,-5.807518119374181e-18,0.027534863032906722,-0.1154917977011267,-0.023681883025077965,0.03739934394429007,-0.1095643687376937,-0.03464168121630344,0.04237845348875342,-0.09603629491507454,-0.04429791991448036,0.03638532441511414,-0.10502344918266199,1.0200167762781661e-18,-1.05486092645374e-18,-0.10588197620977943,-0.03318156561931428,0.017886655768074446,-0.07647976893743628,-0.026639257028165986,0.0213862233629241,-0.08881503858646851,-0.0007831614678591098,0.013167144650286821,-0.09662291086762315,-0.009780515267909717,-0.021053815080151358,-0.090504853896278,-0.039650768148518464,-0.0016086545917029084,-0.0648976153818377,-0.030492045030975617,0.0025513134802614616,-0.07087603824887748,-0.00732504993100209,-0.006277958689121198,-0.07960169818580981,-0.020867604007276924,-0.037274228689049414,-0.07923340479905316,-0.04187681631811035,-0.02393837926459781,-0.05840397965410717,-0.044178856824311157,-0.013765570620494823,-0.05998451270954834,-0.029870224868575313,-0.025035229932394168
0.0,0.0,0.0,-0.02138665196308766,-0.009150312503599151,0.03185685797460444,-0.05181622863192591,-0.024332165951300815,0.04926633607959227,-0.08501816608799997,-0.042804074675135986,0.04859805631885421,-0.11055664607712046,-0.05651985132855724,0.026988320457413707,-0.10096654605565311,2.2383525552664992e-17,0.027534964349529165,-0.11583516388009786,-0.023562286987165507,0.03754298619408256,-0.10985179288318289,-0.03446412404581689,0.04265594465700683,-0.09620928252352764,-0.04406128449357071,0.03644992743688206,-0.10497403558494312,2.912899599016399e-17,-1.5372997792159513e-18,-0.10557198761703247,-0.033248583008978004,0.01809039408095816,-0.07601686339481731,-0.02633133248132721,0.02138508415218606,-0.08926525514755719,0.00012607674822454087,0.013136421811606317,-0.09648956658517967,-0.009896171770325002,-0.021087259464800927,-0.08980202505081873,-0.03983617604370482,-0.0015040664446699587,-0.06420382851148088,-0.03025940252407624,0.0024872095523866566,-0.07100843427123324,-0.006744588451551203,-0.00660709071588348,-0.07938755800573001,-0.02108602953694733,-0.03725557070722195,-0.07866689350551186,-0.042112087504796364,-0.023708848520023983,-0.05781906486899942,-0.0444207905372053,-0.013696200699704198,-0.05999587858739146,-0.03007298391950323,-0.02541179707316369
0.0,0.0,0.0,-0.021484731006414466,-0.009068740096904008,0.03183790372138195,-0.05193519977069214,-0.024167675820977817,0.04915587631033384,-0.0851224761452471,-0.04264978964581502,0.048165953165722496,-0.10997649147571918,-0.056484972221061434,0.025914159659317156,-0.1009774015455556,9.532559935247312e-18,0.027472031937588754,-0.11583270454205598,-0.02359504914062067,0.03752261189797081,-0.10932271904691125,-0.03422291880835228,0.04266688128476203,-0.0953326183871365,-0.04278868703012063,0.03620016745529375,-0.10477415246746105,5.4720551647048154e-18,-1.680718344848777e-18,-0.10537147724565434,-0.033432683371696754,0.01802636541358887,-0.07559740766945043,-0.026521904853702604,0.021313524818637,-0.0890057447941434,0.0005259161947425225,0.013153680506088068,-0.09614964178248683,-0.009962604506288657,-0.021048816409364273,-0.08937869973913123,-0.04004608939903007,-0.0016067767917437544,-0.06369300530743693,-0.03036535233154337,0.002487248862417714,-0.07057875056917712,-0.006595736767588728,-0.006591483480004574,-0.07895653294272434,-0.021213588908327172,-0.03721807889001358,-0.07823736866519025,-0.04232556002947442,-0.023628066082209426,-0.0574089474649042,-0.04478005715628,-0.013637377889171232,-0.05963537373601038,-0.030288800951573457,-0.025454863808759703
0.0,0.0,0.0,-0.0215359912354278,-0.00901942992118443,0.03179228396586029,-0.052075064497718294,-0.02391104602755603,0.04896527012508291,-0.08538903452462801,-0.04206578514747208,0.04784932676742969,-0.1099247091243041,-0.05585010232392955,0.025610853374489154,-0.10094602380018335,4.821807364890183e-18,0.02736048099781431,-0.11552012050097432,-0.023779123646876246,0.037354967399968485,-0.10809500059443905,-0.0339715199247129,0.04241642471093013,-0.09360037501133081,-0.040734103998275324,0.03569402136326888,-0.10451681935563267,-3.36909435282034e-18,1.1073088501186348e-18,-0.10531523475358885,-0.033686382406305566,0.017734936499986063,-0.07530553778822953,-0.027114998135690363,0.021208300201338008,-0.08816927374150647,0.00041320606184112104,0.013247647246052398,-0.09570098217112623,-0.009965336062933731,-0.020948259172398308,-0.08928638417358947,-0.04022293514135262,-0.0018795889994989068,-0.0634358778439876,-0.030716237551559788,0.002565904332979743,-0.06971518675648807,-0.006801822161783455,-0.006227644436832695,-0.07840457131745478,-0.021232336387142482,-0.03717320405934374,-0.0779942231908501,-0.042477378806420114,-0.023693380904053256,-0.057198939957770416,-0.04516023372236939,-0.013579059197483723,-0.0589578463211178,-0.0304353310624137,-0.0251590234163399
0.0,0.0,0.0,-0.021552094724986537,-0.008994985799774214,0.03172233755026867,-0.052225021306158866,-0.023580941864321796,0.048720906207558375,-0.08577029454566133,-0.041090922638181135,0.04769156651955645,-0.11039406196505301,-0.05462494502344613,0.02611389396952886,-0.10090120513410693,7.682207947121419e-18,0.027210045735560434,-0.11500331443780441,-0.024033379020696407,0.037046449383886564,-0.1065247235788808,-0.033749477109688834,0.0419314684133879,-0.0915172605957241,-0.03840107580888073,0.03508421168393887,-0.10425557570092935,7.673690319072827e-18,3.800789047800709e-19,-0.10552099613184159,-0.033918413018827503,0.01722904625177502,-0.07541938490570857,-0.028072026768919033,0.021075296817493715,-0.08703558346397304,-0.0004404089552720509,0.013474709622396271,-0.09522251097976323,-0.009896707478001872,-0.020793162347009377,-0.08964606551463247,-0.040290528640393466,-0.0023154268886508857,-0.06366745665624603,-0.031311149082758845,0.0026972526045160707,-0.0687082212540229,-0.007505033461829499,-0.005509048903176338,-0.07781865452730347,-0.021121844710123357,-0.03712115614520541,-0.07803605032396327,-0.04248631807394844,-0.02392984227436078,-0.057375877631611144,-0.045481440132259056,-0.013559857622184951,-0.05821055458273908,-0.030549894933561996,-0.024521190175354028
0.0,0.0,0.0,-0.021563485766083385,-0.00897565270470026,0.03162184271164358,-0.052377573253527085,-0.02314995336455541,0.04846062421246741,-0.08620378272447952,-0.039703316715852956,0.04776172330830618,-0.11132920385386288,-0.05273869690335989,0.027492097031773056,-0.10083953148984394,-1.7150444262506514e-17,0.027019984700416746,-0.11443628331952889,-0.024209751405320015,0.03658963962594852,-0.10512521751160901,-0.03355268264098731,0.04124788041273276,-0.08978878102506131,-0.03638617846309883,0.034557257586409984,-0.10399222947063169,-1.3809987750651473e-17,-2.700207261476806e-19,-0.10615546775270313,-0.03400970669598359,0.01648889483756192,-0.07634812997551267,-0.029407073165800275,0.02087770208188791,-0.08599182988623594,-0.0024144466750305447,0.013891497720409785,-0.094756803133201,-0.009758878711204262,-0.020583125689641935,-0.09061343584359616,-0.04017001449019982,-0.0029385878047400323,-0.06473526738486492,-0.03223398454834259,0.0028110153643659446,-0.06796488245193082,-0.009026332806045407,-0.004441326644215139,-0.07725873590041361,-0.020868010379156095,-0.03704407861670861,-0.07848221432010916,-0.04224866342924496,-0.024379772872632415,-0.058245519366263154,-0.04569600101799589,-0.013662716718886764,-0.0577921442712926,-0.030779164499604862,-0.023549852206170428
0.0,0.0,0.0,-0.021616150055960178,-0.008931382178592202,0.03147394904091469,-0.05253169999494458,-0.02254918935636167,0.04822758064749432,-0.0866250246849127,-0.037828158040357836,0.04814284034274367,-0.11263860131538755,-0.050065962937077255,0.02982405455082356,-0.10073058498242739,1.681503998728007e-17,0.02677934314055156,-0.11399928237857773,-0.02412315326249054,0.03596708015587115,-0.10447027833398448,-0.03333437172006424,0.04039924726580785,-0.08917671584623683,-0.03524829765905529,0.03427013049979095,-0.10368240614386107,1.466329276639787e-17,2.2282202156060004e-18,-0.10738654787631256,-0.033832087631354514,0.015466200207074206,-0.07854403088135442,-0.03115984603455784,0.020525993892033988,-0.08549955464463989,-0.005928594047987183,0.01452014409574568,-0.09430641088638904,-0.009566581521131955,-0.02030961132525273,-0.09232909209412794,-0.03979632163916738,-0.00379890846223455,-0.06702111659185898,-0.03361644335653004,0.002789165637365424,-0.06796128293635248,-0.011785505261756524,-0.0030729051208197365,-0.07675121863529227,-0.020474697446837054,-0.0369067684643246,-0.07943773841617822,-0.04166397052399201,-0.02508739215321672,-0.060158929695829866,-0.04579891798607077,-0.014009945987579308,-0.05819217304751938,-0.03135714060742109,-0.02229279277826996
0.0,0.0,0.0,-0.02176111718789946,-0.008828415709139293,0.03125366967689752,-0.052689442253133704,-0.021690053230294597,0.04806787027910284,-0.08697323118731526,-0.03537225475465505,0.04891616290150563,-0.11419444306687306,-0.04647949580794438,0.03315627314222942,-0.10052689326339762,4.3118173612912055e-18,0.02647303615873449,-0.11386618855575296,-0.0235935557655637,0.0351612570195311,-0.10508512136163162,-0.033020278944018114,0.039406278148999475,-0.09035775161400424,-0.035397758419315944,0.03429392043101329,-0.10325279585148625,4.830247343693578e-18,-6.94796495264128e-19,-0.1093224312872656,-0.03326477988588499,0.01410209452180385,-0.0823952595523787,-0.03334146766371987,0.01987861605786081,-0.08607392088396777,-0.011298810379823427,0.015310169481205452,-0.09384032281169967,-0.009347254675386708,-0.019961963966911692,-0.09485640375975295,-0.03912554773107995,-0.004955131008149883,-0.07084453546503602,-0.03556865498321055,0.0024696192620430497,-0.06919829866714142,-0.016174099188325092,-0.0015355760833881363,-0.07629088575655198,-0.019971332789766687,-0.03666537669220693,-0.08094952658757615,-0.04065900537082217,-0.026080574049209857,-0.06341191937403357,-0.045819524815057605,-0.014752557159951527,-0.05990968269502494,-0.03255511668958474,-0.02087629174386327
0.0,0.0,0.0,-0.022039572227196783,-0.008639991908882892,0.030936484135080825,-0.05284985225058319,-0.020501086762265027,0.048026368249396226,-0.08719040538555094,-0.03227999975566939,0.05013711237775158,-0.11582173383674556,-0.04192222509171241,0.037450438100867935,-0.10018104265237401,-2.0017601888305665e-17,0.026091938316305865,-0.11415945010526306,-0.022491594196672664,0.0341708398318312,-0.1073242532388868,-0.03251381167857842,0.03827418920542614,-0.09380060282402042,-0.03697818490874569,0.03457638549657355,-0.10263039223879476,-1.5379316079613588e-17,4.777328242437011e-19,-0.11195321659351762,-0.03220445563841479,0.01236018890542517,-0.08811730745724218,-0.03585397426404408,0.018769146267635425,-0.08826833343271207,-0.0185669981379746,0.016107763596274062,-0.09331284857508344,-0.009135270968222618,-0.019537213273436032,-0.09812835663962895,-0.03812842488534688,-0.006444321080845749,-0.07637202095509826,-0.03808219110784152,0.0016723695598843521,-0.07216366662151201,-0.022380241500128552,-7.510554438045626e-05,-0.07585246462003424,-0.01940959369140786,-0.03628370904554881,-0.08296699638485242,-0.039202214666471655,-0.027349009477179734,-0.06814003870016155,-0.04578158740402371,-0.0160394944077609,-0.06336201647875553,-0.0345823488649252,-0.019532326227436562
0.0,0.0,0.0,-0.02247019616636628,-0.0083564680083667,0.030508314153118807,-0.05300565976409822,-0.01897012118311628,0.04813451188366933,-0.08721919192887853,-0.028595604305689387,0.05180008925338262,-0.11728759234720325,-0.03648630394190434,0.04253441523780243,-0.09967086042195213,-1.0758178226278731e-18,0.025640356859634315,-0.11490723000193234,-0.020778635306655018,0.03302736108430397,-0.11125530344200726,-0.03168646569498801,0.03700605641827537,-0.09966863047957077,-0.039746457100762765,0.03494267065110062,-0.1017773988558329,-1.2396485210058446e-18,-7.752346620829691e-19,-0.11512158725187649,-0.03057352821548363,0.010266077826474995,-0.09566949878125855,-0.03841470243228647,0.017062437466745208,-0.09263420816975036,-0.027335309333444968,0.01664890249344542,-0.0926898216632484,-0.008961093438434266,-0.01904905295778564,-0.10193108394254212,-0.03677724201611553,-0.008246882109429698,-0.08355548047209826,-0.04093835604482011,0.00024949923064399677,-0.07728746386878026,-0.030197798777889626,0.0009540015874872634,-0.07540897578318285,-0.018848288397383138,-0.03575156536907584,-0.08532759667050531,-0.037306719834147,-0.02882539096954002,-0.07424446284571336,-0.045644342465366125,-0.017965517215047282,-0.06879875834302622,-0.03744846551813468,-0.018588561615133708
0.0,0.0,0.0,-0.0230442939987184,-0.007988173792125958,0.029971626972108017,-0.05314420162725609,-0.017171547495143737,0.04839508429465844,-0.08700362076499757,-0.024505928277265544,0.05380969217033788,-0.11830819500969508,-0.03047264951941489,0.04808848544984338,-0.09902206624926425,6.458171805120317e-18,0.025134277162864108,-0.11602887189424058,-0.018528773397946553,0.031801034765200374,-0.11659602857447128,-0.030371079588332538,0.035631060315378486,-0.10775795562963973,-0.04300972403385846,0.03514908147794911,-0.10071630003944959,4.11305525428872e-18,-9.302085824964399e-20,-0.11854594895468508,-0.02833443198791993,0.007933703363295488,-0.10472310672294889,-0.04053732616086807,0.014718238673006983,-0.09961657787673828,-0.036670653407934115,0.016596384357035813,-0.0919722993042391,-0.008841402062446263,-0.018530393865925445,-0.10593923078535694,-0.035039467530694354,-0.010268167364767265,-0.09211266860693457,-0.043675177169655535,-0.0018608263584489202,-0.08486701844301192,-0.03889353525161785,0.0011478363162870384,-0.07495262473373233,-0.01833496502363926,-0.03509373664567756,-0.08778440385472967,-0.03502613178719982,-0.03038181783347935,-0.08138069045430657,-0.04526097371951439,-0.020517987589187724,-0.07623231631448167,-0.04084475628153582,-0.018405890004713574
0.0,0.0,0.0,-0.023726496153677546,-0.00755954574332615,0.02934947344947777,-0.05324823236363797,-0.01526229573841563,0.04877643836212981,-0.08649389021322593,-0.020336736290678788,0.05598802743280715,-0.11859831404219479,-0.024388730085040947,0.05369417539674746,-0.09831574637128149,-6.248301182321887e-18,0.02459546078305365,-0.11736977077944424,-0.015915089195484504,0.03059205775367063,-0.12276925191837194,-0.028389719721275405,0.03423422866407794,-0.11750082466703372,-0.04574483991328659,0.03498860370236825,-0.09953933759749696,-9.98115406987941e-18,3.2955110935974685e-19,-0.1219065006004809,-0.025503549566044906,0.005559795337671822,-0.11471057585003505,-0.04160965725518123,0.011836095013992859,-0.10938015017987908,-0.045181292830388554,0.015648289681588153,-0.0912177188421407,-0.00877342277614587,-0.0180273132730254,-0.1098091888785405,-0.03288372637732438,-0.012351041791254909,-0.10156776234064027,-0.045651808961037356,-0.004594071575317407,-0.0949517936601448,-0.047231345472598156,0.00017803720091957563,-0.07451947367589118,-0.017891679304930002,-0.03436335552855641,-0.09008533018483572,-0.03244615605642816,-0.0318515094873621,-0.0890302984887155,-0.04438120180020447,-0.023548247017615896,-0.08539948376987887,-0.04411720013311933,-0.019261605501069222
0.0,0.0,0.0,-0.024460790427790948,-0.007101922497926507,0.02868324703341837,-0.053302148434671515,-0.01344283290872382,0.049214314545455044,-0.08566998289430945,-0.016487323434264553,0.058115382158281347,-0.11797326448955664,-0.018854417381828283,0.05892241067269313,-0.09767585265320541,2.8158058769620905e-18,0.024046381959987245,-0.1187723927001015,-0.013162783943696209,0.02950809792130172,-0.12907250728123462,-0.02563197516077552,0.032956882071024776,-0.1280496679261479,-0.0469383246406505,0.034396054959228047,-0.09840043610782817,1.4357474859412136e-19,2.1434887944634324e-19,-0.12495574700980196,-0.0221600727194979,0.003379943393698347,-0.12493881606955551,-0.041069863865124345,0.008659137248585538,-0.12161112434833952,-0.05132508367407778,0.013699515577078117,-0.09054894105039724,-0.008734868733760767,-0.017586879182282304,-0.11329189784046505,-0.030299409669632137,-0.014317121495290446,-0.11133738912629322,-0.046216458293394234,-0.007749246788790749,-0.10720058664663928,-0.05372631626270665,-0.0020475485410759602,-0.07420457184040796,-0.017509272972373716,-0.0336242048800928,-0.09207380207986354,-0.02967344609720378,-0.03307882221278991,-0.09663665520204276,-0.042717371798950576,-0.026794404519330843,-0.09576712358060946,-0.04639795863772051,-0.021218470854461064
0.0,0.0,0.0,-0.025181046138572267,-0.006652015280082203,0.02802383756059783,-0.053304863716027766,-0.01189651395691552,0.04962182613612663,-0.08458264459134926,-0.013322505988562052,0.05998128920033941,-0.11645904420047849,-0.014440105356750933,0.06341494973971439,-0.09723638714569809,-5.171079722282721e-18,0.023508177544419997,-0.12013276831393044,-0.010503748246792493,0.028639847158604244,-0.13485412306960598,-0.02215914907962143,0.031961076693142236,-0.13840078327347513,-0.045983402478636824,0.03348720886140558,-0.09748354860659289,-3.4742206645685455e-18,-6.566237643286969e-19,-0.12757650338343804,-0.018461777791227162,0.0016120934639593377,-0.13468673827383812,-0.038632879894668425,0.005539820177047506,-0.1353788820281657,-0.05388367180735002,0.010966616702676337,-0.09013051518639731,-0.008691419807968243,-0.017245385871165,-0.11628245257659947,-0.027334227615718375,-0.016009206746287905,-0.12079393386262417,-0.044940850256122676,-0.01101058383528509,-0.12075764035770445,-0.05709467073559877,-0.005274061247731705,-0.07414318029905899,-0.017156098716526205,-0.03293501246516876,-0.09373939357594069,-0.026832058651610508,-0.03397002506861143,-0.10371737359492447,-0.040077451761092085,-0.029942912436648175,-0.10656471040153695,-0.046901605738722874,-0.024049656270991735
0.0,0.0,0.0,-0.02581894118117429,-0.006251066309287056,0.027427455316129598,-0.05326948895097912,-0.010728250892554046,0.04992289630546808,-0.08336626911800832,-0.011051015621664852,0.06143834390441544,-0.1143210455403261,-0.011477672899017742,0.06694167384743917,-0.09709458250488612,-2.4228987657440735e-18,0.023007527325342152,-0.12141119130377734,-0.008151863929509187,0.028048557513447838,-0.139631409027843,-0.01827461243499279,0.031386807397437266,-0.1475517833185392,-0.04293779575826681,0.032530535597628224,-0.09694736427308374,-1.7197296817878395e-18,2.649953037522806e-19,-0.12976117700507486,-0.014670710643673255,0.0004174558311203686,-0.14327223250560014,-0.03449168422934606,0.002882627323037538,-0.14920722439251527,-0.05246341202304132,0.00799441636885964,-0.09010553761510977,-0.008612221333244421,-0.017023198723987543,-0.11877742659164373,-0.024148769102193473,-0.017309708062942193,-0.12930122244779618,-0.04185189478257664,-0.013988923997276421,-0.13428638070830679,-0.056771968723350975,-0.008907948724354802,-0.07444956645733049,-0.016802575592796458,-0.03234279497763272,-0.09517497776566711,-0.02408005280089978,-0.03450628982268204,-0.10989435936621474,-0.03652861781960414,-0.032683546826569536,-0.11685869162590627,-0.045297592466841355,-0.02726226919186998
0.0,0.0,0.0,-0.0263129884440393,-0.005938481066874256,0.026950319511557106,-0.05320334634669818,-0.00992844007457088,0.05009192458428991,-0.08218736296042328,-0.009638068758676769,0.062442404651962886,-0.11195438232459407,-0.009909479310033418,0.06943756381382961,-0.09726490450951288,2.2465620544913807e-18,0.022581220517743004,-0.12260067294981097,-0.006279655767074498,0.027755741398050086,-0.1431618710406194,-0.014482917189728895,0.031303536179141736,-0.1547242598770551,-0.038524076335081016,0.03184809642717306,-0.09685785225029744,2.3459126154592313e-18,-2.734289525420111e-19,-0.13155319027775705,-0.011146014359139075,-0.0001359094228185735,-0.15016388740992836,-0.029371898613883493,0.0010356382523111073,-0.16148100620264386,-0.047788666521325636,0.005481862443948453,-0.0905141480980233,-0.008489690065955385,-0.016922835231830975,-0.12080028771111789,-0.021043677839279615,-0.01815651728372751,-0.13630620457756767,-0.03753583219579203,-0.01631116476281109,-0.14630238534662685,-0.05326377722144855,-0.012192926820392316,-0.07513699473884676,-0.016451491076140835,-0.0318782181987378,-0.0964759783506515,-0.02162375750490794,-0.0347273689225897,-0.11489826457050557,-0.03249187660234814,-0.03477042763114447,-0.12574149474547544,-0.041964647868670796,-0.030248566414520613
0.0,0.0,0.0,-0.026623610886671034,-0.005742658956933334,0.026630462209368263,-0.053091841111781654,-0.00939494782071758,0.05015778370790586,-0.08116167671808525,-0.008834087368331927,0.06305152939000745,-0.10969838161550376,-0.009312024677888924,0.07101095943621033,-0.09765991585169496,2.936905062412621e-19,0.022261934476730798,-0.1236762945971845,-0.004987971998851254,0.027729633790651798,-0.14544845069142417,-0.011320642643161865,0.031659925895021014,-0.15956399070719837,-0.033841117945123955,0.03164684681570673,-0.09714666912387937,8.805564320946813e-21,3.348889111371261e-19,-0.13299521588438942,-0.008256300761596924,-0.00010871754279839478,-0.15511819727396628,-0.024315172888325416,0.0001381629934625034,-0.17101472357692868,-0.04148601774150999,0.003949415841739202,-0.09124971209063074,-0.008349929885694676,-0.01692779126385721,-0.12236142001010447,-0.01839126235810196,-0.018573655057745407,-0.14148116902757982,-0.03296475430382727,-0.017766771257471614,-0.1556777288841407,-0.04800293768470236,-0.01453369342426379,-0.07607904015682114,-0.016150098586396655,-0.03155092352180771,-0.09766248398708582,-0.01968388853801583,-0.03471561756336783,-0.11859679814460779,-0.02863892806924338,-0.03610721637011899,-0.13258512939783365,-0.03788534788993467,-0.03253514506351531
0.0,0.0,0.0,-0.02674348627786802,-0.005674423945092475,0.02647183111118678,-0.05290500547446452,-0.009003061456798125,0.05017513164921752,-0.08031131392086163,-0.008315610124543318,0.06338984485260246,-0.10772012261975893,-0.009118628598116517,0.07190859749286808,-0.0981205426974598,-6.022313163041631e-19,0.02205887488359155,-0.12457052727439781,-0.00428900642578321,0.027892156734356827,-0.14666846280236293,-0.009162611325717152,0.03229220108789905,-0.16217306820834923,-0.029928091913798773,0.0319096612915718,-0.09763752371782852,-3.5166231733287654e-20,-2.5796152680387685e-20,-0.1341025771520177,-0.006254261903764313,0.0003256827305149336,-0.1582140535017397,-0.020277482195299314,5.7002837541932707e-05,-0.1773808747509091,-0.03540069072675641,0.003491615959619988,-0.09209635894236323,-0.008241297756339328,-0.01700767760161977,-0.1234587047261682,-0.016496456821236925,-0.018673717718816436,-0.14479490322274016,-0.02910181709473245,-0.018397014806247267,-0.16196363666053637,-0.04270986278711257,-0.0157492654850511,-0.07705316203045327,-0.01596805319133122,-0.03135336751838995,-0.09867197089758842,-0.01842025344247582,-0.03457718471762647,-0.12100908894590943,-0.025618262074288228,-0.03678371623941213,-0.13718539672221025,-0.03419466199678164,-0.03396009999489112
0.0,0.0,0.0,-0.026694919713650223,-0.005726744557418448,0.026449119833588747,-0.052618622486603976,-0.008668885482346397,0.05019633914689166,-0.0795900912222905,-0.007832901013650072,0.06359995666706476,-0.10603545708755259,-0.008872455432455953,0.0724345592433169,-0.0984851764575809,3.5541361538433976e-18,0.02195587715811712,-0.1252003731573458,-0.004118179448797982,0.02815371347983071,-0.14707666415448734,-0.00813430339663774,0.033006681894283144,-0.16296601528413976,-0.02744627834052083,0.03245528318496332,-0.0981305272891912,4.041295470483307e-18,-1.1505858464579935e-20,-0.1348699438258211,-0.005211415031584705,0.000956841101971677,-0.15975574168231496,-0.017822217029401902,0.0004902464125781011,-0.18083168337393782,-0.030924671251318463,0.0038322360248675496,-0.09282441929233955,-0.008209624520946675,-0.017128710428244306,-0.12409788868906141,-0.01549793339633785,-0.018608217580607676,-0.1464615026775188,-0.026566774815911597,-0.01843010133248196,-0.1653547368919114,-0.03872261988149129,-0.016043534997810204,-0.07783561884251249,-0.015960550422960143,-0.031270294851656465,-0.09940818695906259,-0.017878868218644522,-0.034413158352850394,-0.12227650483955561,-0.023817736682401253,-0.037010332010960066,-0.1397185787004928,-0.03172239808411524,-0.034643493191912594
0.0,0.0,0.0,-0.0265209113092061,-0.005879678257614209,0.02652550251234443,-0.05223478577165959,-0.008370010485407921,0.05025732759532662,-0.07894646295724363,-0.007279808547429161,0.0637990532949363,-0.10460999858263521,-0.008354813244288968,0.07285143120856949,-0.09865753348057933,2.930425273088913e-18,0.021925315842130467,-0.12552275942448296,-0.004364532571057728,0.02844548982567268,-0.14693823975678177,-0.00814863243741179,0.0336592044174505,-0.1624758604956124,-0.02660846235481791,0.03307730891622497,-0.09848792467909831,2.811197685057628e-18,-2.6813949506452922e-20,-0.13530421138752174,-0.005038803291210734,0.0016097967382990434,-0.16013984494309036,-0.01705872602455571,0.0011291857172642762,-0.18199665739855836,-0.028708114140001448,0.004568306365161348,-0.09328049225071083,-0.008278073062481994,-0.01726242085753038,-0.1243175322292573,-0.015360717609553803,-0.01850862034183286,-0.14683309278050724,-0.025540004164041903,-0.018138896037112388,-0.16643207825512485,-0.03669029843663951,-0.015781623621937944,-0.07828403964157532,-0.016145420804629645,-0.03128394541118985,-0.09980310105303712,-0.017994626024101117,-0.0342959413831091,-0.12261361984579115,-0.023301265525626804,-0.03701064068406872,-0.14058885128047577,-0.030802412186701506,-0.0348307344473858
0.0,0.0,0.0,-0.026276336915248524,-0.006104361439011819,0.02666607006415218,-0.0517893883551396,-0.00812612949207839,0.05037377000417613,-0.07836842232598151,-0.006673132910089622,0.06405439184877328,-0.10343832655113944,-0.007567792947878473,0.07331636281899616,-0.09863229708374045,-4.6112877797913545e-19,0.021940857343751338,-0.12556799817394165,-0.00489733979922965,0.02872765900697068,-0.14649458883964078,-0.0089866315104667,0.03417819713498425,-0.16121191167874,-0.027264213277674733,0.033632506022366886,-0.09866887172143157,-2.739316478543048e-19,-3.0556060445674534e-20,-0.13544850904105848,-0.005544534100046292,0.0021738363189475547,-0.15975762074422362,-0.017747004279556628,0.0017521707810405351,-0.18159325674797294,-0.02872141263107245,0.005365363688165259,-0.09342305833475002,-0.008439270419233263,-0.017388107753494822,-0.12419810303591314,-0.01592221198801121,-0.018455837212964198,-0.14630356816131643,-0.025848747061039515,-0.017741786025216883,-0.1658972173006191,-0.03661951624265068,-0.015293544950598018,-0.07836719780316886,-0.016498235212093874,-0.03137357565385654,-0.09985285812977494,-0.018622573130452267,-0.03426086657721172,-0.12226396234741795,-0.02387635332946313,-0.03695037931901027,-0.14027593393480023,-0.03132731092827975,-0.03475803465192542
0.0,0.0,0.0,-0.026017738647560254,-0.00636400992611584,0.026841297477555502,-0.05134002997503192,-0.007964596456580498,0.05054259714254181,-0.07788183585622316,-0.006087171058021706,0.06438315772170491,-0.10255044177014817,-0.006639751831465131,0.07387670105489137,-0.0984715651203479,1.3571406018645022e-19,0.021981876497599487,-0.12542785985465288,-0.005582319107560652,0.028980587303378203,-0.1459431837403101,-0.010363050980489435,0.034547298748194726,-0.1595933212394637,-0.02902581006922522,0.034055296639894525,-0.09870732935467941,-3.4962926350494185e-19,-9.42052818766458e-21,-0.13537895813487058,-0.006488356009630431,0.0025972737010128756,-0.15894572764420908,-0.019446152884635408,0.0022369754010093945,-0.1802607172209953,-0.030475085320156886,0.0060227016669846135,-0.09330244882235661,-0.008660684715689617,-0.017491341546341688,-0.12384873268722273,-0.016948507168772366,-0.01847800722740157,-0.14524634210553325,-0.02711512890110365,-0.01737508921734027,-0.16440537209901895,-0.03808659978009932,-0.014795102441213391,-0.0781453092067948,-0.016960913226995986,-0.03151363860556292,-0.09961778134248646,-0.019573207899168617,-0.034309318155376155,-0.12146934627324972,-0.025203585710361357,-0.03691914263187545,-0.139236478181546,-0.03290995510374491,-0.03459360530977081
0.0,0.0,0.0,-0.025792163956774944,-0.006617079170126084,0.027025535050958414,-0.05094153504160675,-0.007895398308127407,0.050747094563603955,-0.07751759779380031,-0.005595189674396174,0.06476748097868491,-0.10196823598231745,-0.005726572052123616,0.07450638489377796,-0.09825749590854273,-2.9326565854462922e-19,0.022033547594928444,-0.12521424518283467,-0.006294724896926366,0.02919416382317231,-0.1454269773783986,-0.01197684449041847,0.0347796694028444,-0.15793889023603583,-0.03140026906087982,0.034335255991782374,-0.09866444101273726,-7.29827554307854e-19,3.1117035223644914e-20,-0.1351846368796681,-0.007627777107217033,0.0028709795322516556,-0.15797269512661868,-0.021654188686132326,0.0025368446117163285,-0.17851066957182457,-0.03327203290426842,0.006456756217218179,-0.0930145618848101,-0.008900604339300473,-0.017562478551179466,-0.12338399763131529,-0.018190061209221536,-0.018563424030366555,-0.1439821258242731,-0.02889997597425249,-0.01710446946358328,-0.16250007405371528,-0.04048099204861215,-0.01439239474419788,-0.07772721250687827,-0.01746289867742286,-0.03167413109777244,-0.09919920611968851,-0.020652524919054432,-0.03441809877016269,-0.1204527364937484,-0.02690650120395562,-0.036943460257026745,-0.1378608106559068,-0.03506143031016067,-0.03443245531287913
0.0,0.0,0.0,-0.0256306340275557,-0.0068247276408227,0.027196631631122733,-0.05062727693393631,-0.007904203395568698,0.05096444008922849,-0.07728322819569945,-0.005235664248255438,0.06517362977132628,-0.10166706556250737,-0.004942295883874638,0.07515001580235556,-0.09805252765032191,1.5915842294303927e-19,0.02208543616819661,-0.12501884217144585,-0.006931978371356049,0.029362835226134792,-0.14503419862902797,-0.01355606901745655,0.034900524865487274,-0.15647842295582937,-0.03390968896069104,0.03449054915381561,-0.09858899681269688,-1.6160259744526638e-20,3.0958166919334183e-21,-0.13494506129698222,-0.008755131720819095,0.0030121678220450506,-0.15704041064079619,-0.0239180320505395,0.0026529403979688444,-0.17673393632233406,-0.036422058868879656,0.006659426246375769,-0.09265579170934649,-0.009124087285281602,-0.017595810168644782,-0.12290345975456397,-0.019428279746414683,-0.018679006030864385,-0.14276248570189143,-0.03080945092801163,-0.016946800580354776,-0.16060112007246005,-0.043203819191124766,-0.014116548886957934,-0.07722745218295704,-0.017943471418497097,-0.03182438690992392,-0.09870838223408414,-0.021697923759872024,-0.03455192199827554,-0.11940561003945457,-0.028656198853467683,-0.0370112130387811,-0.1364592497269935,-0.03733086187400366,-0.034314222898351045
0.0,0.0,0.0,-0.025547641002421424,-0.0069581094779913805,0.027337050352761166,-0.05040662334552834,-0.007959750167093172,0.05117247868902703,-0.07715888333350185,-0.005005310709896286,0.06556795466080424,-0.10157565937525734,-0.004332617514522263,0.07575407717842139,-0.0978853677615211,-1.2411207175437297e-18,0.022129782029257573,-0.12489431325993171,-0.007421414894773688,0.029484649412887965,-0.14480646813244455,-0.014889618182783447,0.0349384797919038,-0.15536505631089428,-0.03617091630965662,0.034549033877897053,-0.09850292072087927,-1.0184140025302977e-18,6.3043215088160026e-21,-0.1347165123039242,-0.009718603438129466,0.003050021102784051,-0.15628816124294087,-0.025894885163426987,0.002611126483001015,-0.17521536893648207,-0.03937204749179653,0.006659054626590982,-0.0922973439357914,-0.009309921698954312,-0.01758939591619192,-0.12248041230694041,-0.020500585017884685,-0.018788095316194457,-0.14176358722151947,-0.0325473724157643,-0.016892372550690458,-0.15900874956037983,-0.04577954461268991,-0.01395981438774476,-0.07673837481160284,-0.01836230540424478,-0.03193915702949139,-0.09824097978062683,-0.02259519478425002,-0.034676168460451934,-0.11847683604829047,-0.030212063536645538,-0.037096224560212845,-0.1352587819112664,-0.03937662418524182,-0.034246541457468346
0.0,0.0,0.0,-0.02554306353151508,-0.007001734939580768,0.027434450443703684,-0.05027223009945527,-0.008027668961602868,0.05135370987995192,-0.07710909933671464,-0.004875111546894606,0.06592525833682256,-0.10160349293772647,-0.003889615911288409,0.07628092663721077,-0.09775808051751099,-9.579560206093094e-19,0.022160953176590826,-0.12485594895440326,-0.007719849420165416,0.029560430462302983,-0.14475190844511965,-0.015838178700160438,0.03492012083837318,-0.15468727872568608,-0.0379244517525812,0.034536988521749704,-0.09840725156975655,-5.574031846353572e-19,2.4637220833015018e-20,-0.13453065618305654,-0.010424877366184132,0.0030136138972217353,-0.15579842999612273,-0.027365609260574908,0.0024441026914168275,-0.17414524028437178,-0.04174939501229777,0.006494212512369588,-0.0919813825278077,-0.009449737701379402,-0.017545080572080218,-0.12216001200817844,-0.02130540115427435,-0.018862062024641336,-0.14109054566160548,-0.03392427677945533,-0.01692170811835827,-0.15791367805101708,-0.0478902430992295,-0.013901689172131833,-0.07632097603751402,-0.01869897192843685,-0.03200284590839173,-0.09786425206449098,-0.02327801709836981,-0.03476525676866847,-0.11776807058167374,-0.03142658595608369,-0.03717475581264525,-0.1344069993591018,-0.040979883911789694,-0.034223460297325654
0.0,0.0,0.0,-0.025606020241439136,-0.006951786101059573,0.027482000461431292,-0.05020975653361143,-0.008081262268477276,0.05149766590102692,-0.07709841566508,-0.00481105479446667,0.06623085697844133,-0.10167179206564045,-0.0035800670182805573,0.07671152285246571,-0.09766160022374838,-1.775779280161008e-19,0.02217630711717552,-0.12489652613223909,-0.007806550880009455,0.029593178657791343,-0.14486221474812183,-0.016327089374310468,0.034866156854334245,-0.15448562600518204,-0.039024863716220715,0.034475070153101035,-0.0982966068807933,-1.3147121985248586e-19,5.767259472943845e-20,-0.13440311070351443,-0.010828892416584579,0.0029249008316890868,-0.15561007819038075,-0.02821713537305113,0.0021813263337392276,-0.17363523878319786,-0.04334839269261434,0.0062010036941493995,-0.09172990813844169,-0.009543708787918988,-0.017467367127816442,-0.12196589656520977,-0.021795222355670874,-0.018883570267379943,-0.14079332963705143,-0.0348443304012934,-0.017014064853978446,-0.15741646793024827,-0.049365223201714596,-0.013921446580967946,-0.07600964789850279,-0.018947576495213676,-0.03200925286646078,-0.09761761474365367,-0.023719097720062865,-0.034803844505478104,-0.1173393816080224,-0.03223166877950575,-0.03723035893057894,-0.1339858436029975,-0.0420284080063824,-0.03423437659653966
0.0,0.0,0.0,-0.025721390987959166,-0.006810830247750153,0.027478359259702288,-0.05020637372907012,-0.00810546256226918,0.05160159403015942,-0.07710396422422316,-0.004787623133584112,0.06647943168383295,-0.10173285275427753,-0.003368769164591606,0.07704187350305389,-0.09758988193335066,-2.8463134414983537e-18,0.02217669079904398,-0.125004871805687,-0.007674634324254447,0.029587710358603084,-0.1451277277411405,-0.01632869029547953,0.034790430445368455,-0.15477126594225116,-0.039411303465162084,0.03437891662633429,-0.09817122427712904,-2.432229473052782e-18,-4.021477738102949e-20,-0.1343441293182539,-0.010918387272021835,0.0027974870749187322,-0.15573621201128557,-0.028410724212319365,0.0018451322488426331,-0.17373989950387847,-0.044087594128792824,0.005808075718546896,-0.09155597737452534,-0.009595733134937558,-0.017361092880860383,-0.12191026413428094,-0.021961275192218663,-0.018844260308508123,-0.1408890786308783,-0.0352795887778934,-0.017151300172499138,-0.15755591406571343,-0.050144275281446236,-0.01400174526038644,-0.07582250942356221,-0.019110439518735242,-0.031957993729474964,-0.09752102998890731,-0.023917441895574074,-0.034783745223815235,-0.11722094132112947,-0.03261466169129366,-0.03725226913695372,-0.1340311494090028,-0.042486530999669904,-0.034267431521936294
0.0,0.0,0.0,-0.025876729359988793,-0.006582778157473622,0.02742524982139654,-0.05025658246252206,-0.008095500307896759,0.05166739457064345,-0.07712068495004994,-0.004793106955906578,0.06667138350176954,-0.10177292383247277,-0.0032344062893915585,0.07727490879099619,-0.09754742896025197,3.7288597491433874e-18,0.02216471089108706,-0.12517749465378408,-0.007323160092344349,0.029548250524213632,-0.14554397216898182,-0.015838083411222465,0.03469980108615727,-0.1555422551042702,-0.03906545954122018,0.034257171452274755,-0.09804084191016124,4.5784188164228354e-18,-8.994664704822026e-21,-0.13436420353786457,-0.010695651703818513,0.0026376219785200195,-0.1561784599209974,-0.027941508682499377,0.0014476962726395915,-0.17447892997460246,-0.04394694698721078,0.0053314623868203105,-0.09147188936924167,-0.009608714924975356,-0.017229998105023688,-0.12200151107386496,-0.02181002791205169,-0.0187419910163197,-0.14138251799531096,-0.035230686395272943,-0.01732252162443481,-0.1583403095741133,-0.050217591228022516,-0.014132686922627003,-0.07577126524827452,-0.01919071396033483,-0.03185110556578994,-0.09758484139264284,-0.02388038783581544,-0.03470190243416812,-0.11742597111318823,-0.032583784925277436,-0.037235324858644815,-0.1345529111988156,-0.04235143730912023,-0.034314691924999606
0.0,0.0,0.0,-0.02606580296491732,-0.006270380513001985,0.027323592683583548,-0.05036547217543789,-0.008053058559107148,0.05169669615359074,-0.07716126973070887,-0.004827821416829568,0.06680822407953818,-0.1018061493034665,-0.003173586743672171,0.07741348318305288,-0.09755118422187269,9.871826484870102e-19,0.022142209674570392,-0.12542158210749715,-0.006751133396728885,0.02947548036221363,-0.14611161940464026,-0.014851744271432104,0.034593521894924,-0.15679398471888722,-0.03797152285731564,0.0341072985239704,-0.0979241619362246,8.750332632856933e-19,7.703065956812872e-20,-0.13447562760829893,-0.010162159992460599,0.0024451694596117034,-0.1569342494904456,-0.026802989834602182,0.0009887092855114514,-0.17585503192166008,-0.042908291359079725,0.0047702617484310685,-0.0914938514513711,-0.009581049561760951,-0.017076835798713493,-0.12224853786979047,-0.021342510572787632,-0.01857964952627281,-0.14227851312834772,-0.034690241302396216,-0.01752786735300135,-0.15977086152931813,-0.04956899078936321,-0.014316760484380167,-0.07586810221066513,-0.019185990543497147,-0.0316917997039144,-0.09781755284801516,-0.023607585398141066,-0.03456022498579227,-0.11796125886238482,-0.03213691288661483,-0.0371818001724538,-0.1355511850994039,-0.04161209905480927,-0.03437807053115689
