x0,y0,z0,x1,y1,z1,x2,y2,z2,x3,y3,z3,x4,y4,z4,x5,y5,z5,x6,y6,z6,x7,y7,z7,x8,y8,z8,x9,y9,z9,x10,y10,z10,x11,y11,z11,x12,y12,z12,x13,y13,z13,x14,y14,z14,x15,y15,z15,x16,y16,z16,x17,y17,z17,x18,y18,z18,x19,y19,z19,x20,y20,z20
0.0,0.0,0.0,-0.028650439365719135,-0.005803070371992976,0.025750024360380697,-0.05211011822706468,-0.012810126032718968,0.048568656135811954,-0.07805443536278764,-0.017871002759605195,0.06463803315643012,-0.10325395603609147,-0.0198023576024238,0.07535480968178203,-0.09985323353921136,-1.1660747411461627e-17,0.021068029014600163,-0.13066473956599958,-0.0002758773205093244,0.027304954168658396,-0.15265676712652254,-0.001725871247836562,0.03107748460787513,-0.17235866914847203,-0.019494468360393927,0.03272727421618376,-0.10088815199964116,-1.027407988483534e-17,1.9210855406487123e-19,-0.13988753156667294,0.0006013403168210272,0.002415290456205845,-0.1665070217965658,-0.008265241073569046,-0.001505359207812796,-0.1925377789608497,-0.0173736709803324,0.0017106442946785059,-0.09677756187817688,-0.008862518049084197,-0.014666272912058098,-0.13010149089351233,-0.010572576505257045,-0.018180335972813714,-0.15507751059659117,-0.019203972645496916,-0.019524705325468714,-0.17917255010206495,-0.029309038620862406,-0.017077367483605537,-0.08184369822874511,-0.018937269003978484,-0.029256253833631212,-0.10489645017747913,-0.01662146312118595,-0.03431852750020849,-0.12652070353246295,-0.020084487884904377,-0.0379911402970155,-0.14814261258659067,-0.02715262942422878,-0.03707406520893025
0.0,0.0,0.0,-0.028703267445637483,-0.005958199817086626,0.025633957305995957,-0.051830856117554704,-0.013136271677916263,0.0485088554472852,-0.07752698110384625,-0.01790055008529307,0.06466836434158266,-0.10284486690682548,-0.0199686910695074,0.07552163195870025,-0.09983903734441299,-3.9498954456693814e-18,0.02092583133329617,-0.1304141299877389,-0.0005224222147513538,0.027409512587227406,-0.1524756097309713,-0.002222880497425481,0.0312536597846805,-0.1719601968501863,-0.020033270477822374,0.03271724378065382,-0.10088843618517973,-5.898277718873843e-18,-3.3414938219073138e-19,-0.13971095369911563,0.0003624194852513436,0.002686731767842548,-0.1662490944656361,-0.008729716639984265,-0.001443933826609813,-0.1922355817038183,-0.018051786748189916,0.0016337206777884904,-0.09679169627206288,-0.008955046711670987,-0.014493072803819104,-0.12998717252037792,-0.010913736482932727,-0.018023598765560325,-0.1549251819649021,-0.01971654239764774,-0.019474899684838787,-0.17889146278697576,-0.030155560915128256,-0.017214256158440685,-0.08177735377703202,-0.019034944037175094,-0.029063655735153297,-0.10469817258864937,-0.016755684503096054,-0.034020181850263044,-0.1264629593431242,-0.0202474657821887,-0.037784826188832,-0.14818668341700572,-0.027567694541702586,-0.03696443320552858
0.0,0.0,0.0,-0.0287480769716576,-0.00608517829462628,0.02555257169840145,-0.05160415688792641,-0.013409903489335176,0.04845942035468988,-0.07711063401132967,-0.017925011892837718,0.06469777354010002,-0.10254045275239916,-0.020087579705198814,0.07564651432227822,-0.09984166605087305,4.6347702359631405e-18,0.02082475500292829,-0.13025528780824835,-0.0007349979639276183,0.02748744385562469,-0.15235677215944898,-0.0026468498979879,0.031391439529423984,-0.17166091902978078,-0.02049571131255272,0.032705457483312175,-0.10089728484586123,4.664590594270184e-18,4.72157232459275e-19,-0.1395992701880476,0.00017065790215508537,0.002904422297079746,-0.16606790028400353,-0.009117164842889748,-0.001399337876972349,-0.19201972463560407,-0.0186172707690638,0.0015804117926761243,-0.09681667634767648,-0.00903053010817032,-0.014351869811621416,-0.1299103147409972,-0.011193481002713798,-0.017904184082970443,-0.15482519634251402,-0.020135934427693215,-0.01943952257746968,-0.17867821409051973,-0.03085869314959625,-0.01731532218633446,-0.0817396863366506,-0.01912039507486337,-0.0289108064979073,-0.10455460020821623,-0.01688029517807193,-0.03379470143895111,-0.12642250389312495,-0.020385882645943376,-0.03762333274613748,-0.14821003211250924,-0.02793115512850413,-0.03687624883307867
0.0,0.0,0.0,-0.02877359590876774,-0.006169419902956008,0.025530535020574223,-0.05146195199820466,-0.013592142381340655,0.04843955575728069,-0.07686409307177758,-0.017933520108821953,0.06472477142081776,-0.10238667785012272,-0.020115992981026853,0.07570404292655608,-0.09985772602557363,1.0891010163670429e-17,0.020793120712362854,-0.13022683476486518,-0.0008915497845602157,0.0275260721450134,-0.1523242063355153,-0.002951731605998803,0.03147409867281114,-0.1715075313115249,-0.020852427546184424,0.03270982201721235,-0.10090913721527979,1.4737373112255624e-17,8.241880909241517e-19,-0.139577898352735,5.075914061838397e-05,0.0030342417527189957,-0.16600224584033893,-0.009392576961810385,-0.0013662309828787163,-0.1919372451534288,-0.019026783175403454,0.0015846477746480911,-0.09684363419436516,-0.009078377252970943,-0.014263088232183365,-0.12988680036127317,-0.011379770498463495,-0.017839240955566268,-0.15480223822297426,-0.02041532512281755,-0.01940702517908197,-0.1785729301228818,-0.031341789448511605,-0.017330208193013466,-0.08173752855679058,-0.0191878688415252,-0.02881982164217112,-0.10449546212756004,-0.016990346750178284,-0.03368129987209905,-0.12640587585459398,-0.020485304006230755,-0.03752328925224952,-0.14819931683082935,-0.02820986698462724,-0.0368029010920065
0.0,0.0,0.0,-0.02877598292654664,-0.006222911921644483,0.025568803771909933,-0.05140524898827006,-0.01367502726377162,0.0484645037169223,-0.07678001111376896,-0.017908728979093076,0.06474734345314885,-0.10235960493213768,-0.020028200116847805,0.07570267970399684,-0.09987303674235062,-1.7071765376302234e-17,0.020831268328229582,-0.1303023381622112,-0.0009943039922653372,0.02753062718198278,-0.1523600990954476,-0.0031425070169192847,0.031506428602667925,-0.17148072698787895,-0.0211237642004498,0.03274395685872224,-0.10091704835313778,-2.0875689682526644e-17,-7.397127768595104e-20,-0.13962680426338628,-8.079469526257562e-06,0.003073355950525317,-0.16603783868601288,-0.009578148857123285,-0.0013322885243212841,-0.19197166304362379,-0.01931788827149167,0.0016510971876435665,-0.09685274193094931,-0.009102626583481226,-0.014228964863231336,-0.1299077039524511,-0.011488335408060803,-0.017829175563026413,-0.1548403309642767,-0.02057921909952268,-0.01936176942080377,-0.17856197623688952,-0.03162310987468653,-0.01724447573734933,-0.08175558381763848,-0.019242192690366738,-0.02878805318761098,-0.10451219610889106,-0.017089638743732406,-0.03366806653849052,-0.12640758126620333,-0.02055147645159119,-0.037473465793199344,-0.14816090608678903,-0.028408264839691423,-0.03672415791514509
0.0,0.0,0.0,-0.02876097285302599,-0.006270536930347886,0.025654192112085392,-0.05141236665756195,-0.013678819259193732,0.04853845284838364,-0.0768139525902038,-0.017844990144032676,0.0647630686573481,-0.10240197282316825,-0.01983761916313103,0.07567015758880033,-0.09988266208605474,-5.569740237296738e-18,0.020919083868374874,-0.13043191727646247,-0.0010621313502439404,0.02751678000103684,-0.15243999316251064,-0.0032566556036670883,0.03150006648626594,-0.17153752831866104,-0.021352614421866967,0.03279228867491239,-0.1009267967740786,-1.3531152729429086e-18,3.8277709812125234e-19,-0.13971271705167904,-3.96176315026902e-05,0.00303797408878816,-0.1661380601827766,-0.00972365477545214,-0.001297319313675597,-0.1920729323788414,-0.019558199193422904,0.001745477970951468,-0.09683441528109836,-0.009118642465474077,-0.014242444290341709,-0.129959912035257,-0.011563034117469806,-0.01786849184424665,-0.15490455953199345,-0.02069517013048421,-0.019305073333324294,-0.17859663646607868,-0.03178341503387817,-0.017092233606529346,-0.08177571570938223,-0.019298751662894548,-0.028802874622671854,-0.1045767510418441,-0.017193078463548415,-0.03371627130660239,-0.12642186147323398,-0.020610440824780033,-0.037455066243107085,-0.14812014472408921,-0.028560825114546395,-0.036628468957297995
0.0,0.0,0.0,-0.028732361535550567,-0.006325815558835705,0.025776320926212817,-0.05145919905505768,-0.013634985914268214,0.048656563136619486,-0.07692680598319115,-0.017772706625634842,0.06476953072562532,-0.10246866594982847,-0.01961765558647003,0.07561594915697949,-0.09989226696587915,-1.4112296847400193e-17,0.021037908084731934,-0.13058216900957545,-0.0011113503584255244,0.02749590356752241,-0.15255390039632766,-0.003325912140139547,0.0314569690797741,-0.1716513699656279,-0.021576582140612605,0.032816585369909904,-0.10094970847183497,-1.1142228207881215e-17,-6.646705153172831e-19,-0.13981559955419487,-7.472532472166911e-05,0.0029385410661229845,-0.16627854490413665,-0.009857783782896026,-0.0012761347731757818,-0.19220373226484305,-0.019778733657822845,0.0018254582639670996,-0.09679209359676448,-0.009137847100835799,-0.014304805626609931,-0.1300374455452957,-0.011630805407429189,-0.017955583754853864,-0.1549648132902034,-0.02080723198052905,-0.019254453198938787,-0.17863421117060724,-0.03188845476263455,-0.016920169813095094,-0.08178903279480078,-0.0193693193817583,-0.0288660925423953,-0.10466968295825717,-0.017312134553843457,-0.033808322218431025,-0.12644746151743302,-0.020683847405444485,-0.037464181590765415,-0.14809980034272302,-0.028689075268627514,-0.03652883890290617
0.0,0.0,0.0,-0.02868545488516834,-0.006383032944167402,0.02593024278933927,-0.05152981795030499,-0.013572606584368735,0.048809522067432005,-0.07709193504411573,-0.017749659681000313,0.06476457130041392,-0.10253114588700502,-0.019476711930336548,0.07552966610111524,-0.09990779678943953,9.419909226063248e-18,0.021180583714396514,-0.13074023560873485,-0.0011543799069309944,0.027470535490884806,-0.15269785861783824,-0.0033736278176055242,0.031372341446739775,-0.17181181410129812,-0.021836299852647904,0.03278245452200008,-0.10099217705405428,1.011778417617379e-17,-6.299035920332824e-19,-0.13993091264675625,-0.00013488688387624294,0.0027758165279395067,-0.16645612770757792,-0.009987711466546121,-0.001284895716790664,-0.19235454872950922,-0.01997355617983069,0.0018747411227745467,-0.09673360716868082,-0.009160728267371224,-0.014425286376500618,-0.13014007337496036,-0.011692094805710257,-0.01809324101890556,-0.15500305897798974,-0.020917137702918275,-0.019229090845860185,-0.1786567808539222,-0.03195968863811836,-0.016751539132206342,-0.08179621402864001,-0.019451238292280106,-0.028996345646950823,-0.10478791644433706,-0.017448618144675448,-0.03396014938312005,-0.12648467413815745,-0.020776150989894625,-0.03751256447317376,-0.14810995123197745,-0.02878317770234159,-0.03645500757742883
0.0,0.0,0.0,-0.028611626494816054,-0.006421843703201319,0.026106224054948224,-0.051609254056285296,-0.013511789700084252,0.04898076532378435,-0.07727090170339294,-0.01781874643833466,0.06474869084317907,-0.10255577021331627,-0.019496687966668844,0.07541441388936303,-0.09993606184050455,-6.1585166142614104e-18,0.021345797658338217,-0.1309021158266631,-0.0012106493237171174,0.027444241006604808,-0.1528605287491653,-0.0034365151222952605,0.03125552584159443,-0.1720047372053927,-0.022190137638303856,0.03268149045147181,-0.10105582555833578,-5.29867811406378e-18,-9.656576437239707e-19,-0.14006370301737275,-0.00024411808003261862,0.0025604645060670157,-0.16667702197175224,-0.010135532283066073,-0.0013249846307369466,-0.19252730749341282,-0.020151783476995856,0.0019091930185209719,-0.09667222435256045,-0.009186277853042542,-0.014601946577718142,-0.1302687760764726,-0.011752436344264346,-0.0182768122830989,-0.15501324178295112,-0.02102537088047962,-0.019238242566307136,-0.17865698955822518,-0.03201481145358592,-0.01658720335283011,-0.08180482234285834,-0.019536537487207403,-0.029206523487388666,-0.10493135611776884,-0.017611939499157396,-0.03418787569721115,-0.12653620651673628,-0.02089685651483889,-0.037609008803928465,-0.14815383098282356,-0.028839052997927,-0.036432634086984585
0.0,0.0,0.0,-0.02850078461195638,-0.00641193411758617,0.026280889459669235,-0.05167148436544506,-0.013457550167998577,0.04913841959641817,-0.07739595038806193,-0.017975382140817637,0.06472614461472803,-0.10249160317281045,-0.019696264960691465,0.0752889451617274,-0.09997779482495035,3.5982368411638e-18,0.021527740449801297,-0.13105015395882075,-0.0013024448698690271,0.02742860393680899,-0.15300059979802286,-0.003559299951293998,0.031144784100661814,-0.17218655518013307,-0.022681511489999976,0.03254608874119712,-0.10112742412610948,9.235797235010595e-18,-1.1009207099435471e-18,-0.1402090107841405,-0.00042385406706140004,0.002326843227731564,-0.1669296309088851,-0.010334927368312492,-0.0013729727391969618,-0.192709913530673,-0.020343249189199716,0.0019628200060048803,-0.0966231545788847,-0.009216344896942497,-0.014810981337950382,-0.13040801776638963,-0.011832081703455687,-0.01847799038044172,-0.15499103061537656,-0.021146687102572496,-0.019272972752254442,-0.178617079848421,-0.032086031656547415,-0.016417662128901934,-0.08181883812632705,-0.019618802714676878,-0.029481252856010432,-0.10508200412914831,-0.017822078640238367,-0.03447689487999686,-0.12659901855171912,-0.021072093242458022,-0.03774290837636234,-0.14821993359133184,-0.028885394147916663,-0.0364722086100368
0.0,0.0,0.0,-0.028346373392399486,-0.006325750183521865,0.026422784718100407,-0.051685401951260396,-0.01340060306630867,0.04924177831914737,-0.07739449783846612,-0.01817016273486683,0.0647056820550832,-0.10229447154215963,-0.020032642275218036,0.07516932863640445,-0.100016654522613,-1.0761202917918264e-17,0.021711364065470518,-0.13114362108359034,-0.0014401644959860336,0.027435887875154222,-0.153043261599457,-0.003764555353708757,0.03109485239502732,-0.17228329995321875,-0.023283599450190883,0.03244571904057265,-0.10117198275396762,-9.920261055051892e-18,-1.8729053460632906e-18,-0.14033895166256755,-0.0006697451039620681,0.002122578835189617,-0.16717087166499875,-0.010594266402658257,-0.0013887754858487305,-0.1928707477276345,-0.020562224189537653,0.0020660683988074804,-0.09659243079522581,-0.009250167235299353,-0.01501525558412851,-0.13051595233520386,-0.011946971521982609,-0.01864822367079121,-0.15492650097194086,-0.0212900089705975,-0.019308260693173932,-0.1785093276040464,-0.032199472973818026,-0.01622678944341809,-0.08182929401561531,-0.019689219595540937,-0.029773321899473872,-0.10520113976206054,-0.018085881813751488,-0.03478311076180167,-0.12665264917707103,-0.021323878060181968,-0.03788621181469297,-0.1482715272550064,-0.02896613227563776,-0.03656801468409698
0.0,0.0,0.0,-0.028160323152653467,-0.006165666509037987,0.026509121544340167,-0.051646107503473336,-0.01334580037958568,0.049268608212769884,-0.07725592994809372,-0.018368267697146955,0.0646910406097577,-0.10198842122595929,-0.020460819559143206,0.07506499110782755,-0.10003795658635418,-1.1822984485666048e-17,0.021877823599197415,-0.1311549758578489,-0.0016136029947161085,0.027466573735829062,-0.15294400915275305,-0.004027129443664775,0.03113577841358499,-0.1722539536188527,-0.0238853279308316,0.032438774154624074,-0.10116427591488437,-1.1435519187800796e-17,-6.781648017670928e-20,-0.14043040869290635,-0.0009416341969739015,0.0019820319901896967,-0.1673575087389003,-0.010874053416470119,-0.001348977982497945,-0.1929899264292424,-0.020782942525716004,0.002216320981386336,-0.09658183455824913,-0.009284014060174666,-0.01518254932421549,-0.1305582882388441,-0.012093735475452456,-0.0187516237563365,-0.15482594596508228,-0.02144164053300176,-0.019323150701411447,-0.17833392134691245,-0.03234645615261045,-0.016011017310180578,-0.08182660910545451,-0.019737835513160364,-0.030025431524020072,-0.10526220891961398,-0.018376618993743734,-0.035057031982331524,-0.1266794669376029,-0.0216381775220832,-0.038012887556082134,-0.14827910862963928,-0.02909950725475871,-0.03670163898186177
0.0,0.0,0.0,-0.027978014067327937,-0.005978298400638117,0.026542306209862022,-0.05159449495514829,-0.013332783085677397,0.049241120108604854,-0.07706717200075572,-0.01860328798648445,0.06466846055663,-0.10168784943588842,-0.02098689345660285,0.07497142954189602,-0.10005119525490042,-7.440311109961343e-19,0.022015585127831038,-0.13110927120225319,-0.0017929866917630378,0.027509138112821473,-0.1527568319335903,-0.004278883742107072,0.031242354021368726,-0.1721505186113224,-0.02435322057467141,0.032517239715058724,-0.10112325421739887,1.2090207792835531e-18,-3.36014892713041e-20,-0.14049268022517628,-0.0011824844560953003,0.001908031614840166,-0.16748322657297104,-0.011104172301965903,-0.0012709505903934681,-0.19308093903531182,-0.020955401877378314,0.002371433264849221,-0.09659584806290573,-0.00931441684968743,-0.015300204577884538,-0.13054839534472423,-0.012246891003876183,-0.01879242120005122,-0.15472995174420023,-0.021572760757160858,-0.019314924376097387,-0.17814965765663032,-0.03248412909973249,-0.015795191935156747,-0.08181724129878301,-0.01976092660907735,-0.030202773934560872,-0.1052807915834618,-0.01864400113366129,-0.035268757060421686,-0.12669303227827763,-0.021958767291458334,-0.03811378144429066,-0.14825917849634818,-0.0292632409724453,-0.036843713080196766
0.0,0.0,0.0,-0.027842788968527023,-0.005825037337396443,0.026551465078479452,-0.05159131657275792,-0.013397872334803322,0.04921511164411367,-0.07695417748055969,-0.018925678451862597,0.06461899145477973,-0.1015222765531987,-0.021609339922455346,0.07487259356191067,-0.10007591837112562,4.455666774081853e-18,0.022123459871435214,-0.131065136510758,-0.0019441492161478523,0.027553659919143346,-0.15260236211304135,-0.004457865509651763,0.031357671566542615,-0.17207823467253588,-0.02463093059485402,0.0326206052733068,-0.10109375431543184,3.8895817795707104e-18,-1.380214170856437e-19,-0.14054609070320365,-0.001358407565437656,0.0018818141995934812,-0.1675632355521954,-0.011248360900750886,-0.0011929710284970657,-0.19315498602159534,-0.021071905355489078,0.002486629959456751,-0.09662737229606151,-0.009338660427081813,-0.015370786936706246,-0.13052991996883745,-0.01237774996078766,-0.01880044672178941,-0.1546797510670749,-0.021680549004039394,-0.019288343154622446,-0.1780293111458542,-0.03260182557744999,-0.015612262215037163,-0.0818128474175441,-0.019763250558941917,-0.030300344667626645,-0.10529257569780603,-0.01885143619785543,-0.035409155858112544,-0.12671941403425144,-0.022228927232184455,-0.03818532572030586,-0.14824735539558195,-0.029435638429699856,-0.03695016871698183
0.0,0.0,0.0,-0.027790515071956692,-0.005737245043570576,0.026573542392356164,-0.051680700808584196,-0.013527795667193957,0.04923655111953065,-0.07700392218979366,-0.019323343464055356,0.06454016670809613,-0.10155863030487429,-0.022254175196099263,0.0747635896680545,-0.1001217523016201,-1.0036033708526471e-17,0.022204078292506785,-0.13107107290197909,-0.0020442229004311637,0.027598921962847262,-0.15258070547214247,-0.0045506846681175215,0.03143639445681221,-0.1721188179074178,-0.024769027277797506,0.03269268964527526,-0.10110720981732829,-1.2407678321481388e-17,-5.24809316972889e-20,-0.14059454114763348,-0.0014792312419735945,0.0018860027782002316,-0.16760118758646722,-0.011343561692072476,-0.0011420048909007799,-0.19318865925922507,-0.021199721022694105,0.0025429367023641026,-0.09665128193936784,-0.009355748900218862,-0.015395673791878253,-0.1305313109178832,-0.012479550603663904,-0.018799518805341888,-0.15467926581298072,-0.02180875636922767,-0.019244086185049723,-0.1779954596363636,-0.03276446685732116,-0.015480905572800591,-0.08181241642518015,-0.01975567818053809,-0.030323860535781736,-0.10531572675219374,-0.01899970655043991,-0.03547285017887443,-0.1267632997335845,-0.02243039173232292,-0.0382123078278969,-0.14825064504630447,-0.02962932887972925,-0.03697077684729098
0.0,0.0,0.0,-0.027833984623120703,-0.005704165698427379,0.026629357386725446,-0.05186851125802535,-0.013673792565715456,0.049313039461433124,-0.07723647017389305,-0.01973238186764576,0.0644425744247251,-0.10179424880606518,-0.022829710177753988,0.07465426898821784,-0.10018258034389359,-1.0807002193723495e-17,0.022261181966939405,-0.1311422325747498,-0.0020844382935594785,0.027648807380081627,-0.15271776832249526,-0.004586198922121972,0.031462764249536465,-0.1722939647193488,-0.02486820675415558,0.03271703141697822,-0.10116528978241482,-8.252637960247963e-18,-2.1542356226475207e-19,-0.1406281271186219,-0.0015785590320884196,0.0019208734665356942,-0.16758538768002704,-0.01146606676294194,-0.0011128937793787688,-0.19314560767212535,-0.0214365061874187,0.0025537866263703663,-0.09664101375854146,-0.009368566484219723,-0.01537026678625952,-0.1305469699311901,-0.012575267670069204,-0.01878982178507264,-0.1547038652585982,-0.022019187775281092,-0.019171721667101824,-0.17801805737702403,-0.03307143550290379,-0.015394674669890678,-0.08180466313931005,-0.019755346449857415,-0.030279195919156343,-0.10534488435965483,-0.01911882154856718,-0.035450757038016534,-0.12680659004814662,-0.022586458252480915,-0.03817200796689901,-0.14824576423116126,-0.02988636934482871,-0.03687155644746722
0.0,0.0,0.0,-0.0279383422771468,-0.005690182436760132,0.026711557478753912,-0.05210321031934285,-0.013799853625089521,0.04941400292888262,-0.07760283015809745,-0.020101185010403904,0.0643227358275416,-0.10217531932448067,-0.02332174666562556,0.07453622172714718,-0.10022964307060499,1.167506667039101e-17,0.022302810319502542,-0.13124556408454546,-0.002077890890441066,0.027715097414191613,-0.15294367248544655,-0.004621429057004748,0.03145646604551055,-0.17254203198342494,-0.025038566929983304,0.03273462479646888,-0.10124015015989646,7.376318275793638e-18,-4.6013455473608195e-20,-0.14063192401585894,-0.0016826579193384575,0.0020105283477641015,-0.16750381839192913,-0.011673689148379815,-0.001048849584478746,-0.1930161776146264,-0.021855873080150152,0.002587054988627396,-0.09658493672680614,-0.009384138279241215,-0.01529356269410728,-0.1305450299038783,-0.012706539678750163,-0.018739840983031497,-0.15472887839661886,-0.022355152080557147,-0.01903771510876335,-0.17805326925806014,-0.03360319857458951,-0.015306622356620022,-0.08177705941896428,-0.019783883211841966,-0.030179363431864642,-0.10536128030341504,-0.01924863955684453,-0.035337420648401376,-0.1268256296724567,-0.02276011946560983,-0.03804793284451798,-0.14820386435372762,-0.030271892512051275,-0.03664645747982902
0.0,0.0,0.0,-0.028024593627287334,-0.005663980901570138,0.02679568137559752,-0.05229688008718725,-0.013915320073330458,0.04948257603328539,-0.07802803354747843,-0.020443089873861408,0.06413376734039096,-0.10264336839609141,-0.02382753899893748,0.07433920184185237,-0.10023057232757276,-1.2348527225751395e-18,0.02234367494454619,-0.13131015795545542,-0.0020748481204522088,0.02782248922623544,-0.1531210544815747,-0.0047457084038392,0.0314672015036952,-0.17273227727926954,-0.025413293484011137,0.03283375919843969,-0.10130282394856432,-5.77151422754773e-18,-3.28843945450171e-19,-0.14060940336890632,-0.0017806792432904061,0.002185506507251764,-0.16738367539354504,-0.011952368185728274,-0.0008572674925737447,-0.19286368208942245,-0.022465598041840094,0.002761546444384003,-0.09650766082641092,-0.009408706670035655,-0.015174241662735538,-0.13051084987264003,-0.012893366216407822,-0.018599270197025466,-0.15476895381801953,-0.022805447625812637,-0.018794495324834053,-0.17810873944854697,-0.034389110419883726,-0.015142538909360313,-0.08173245311992702,-0.019857517141604983,-0.030048445090401107,-0.10536152307833677,-0.01941494446272452,-0.03513866094239886,-0.12683048672983863,-0.02303290477882541,-0.037830912487274736,-0.148135474991819,-0.030851777538703922,-0.036308307465720766
0.0,0.0,0.0,-0.028011494184728397,-0.005623851209376921,0.02686596977232548,-0.052392900083344844,-0.014078326956119554,0.04945209415980476,-0.07849520097958407,-0.02085718608107296,0.06377249954444454,-0.10321354201667206,-0.024525589096535454,0.07390578646477927,-0.10018418637781172,-1.7977586349142937e-17,0.02240856791377215,-0.13125847428645102,-0.002168143301544802,0.02800018800374442,-0.15310555055237246,-0.005092373714305025,0.03154847739396087,-0.17270777317138925,-0.02617688464256581,0.033102344169695284,-0.1013580616302332,-1.5973952553282806e-17,1.0053634579226968e-19,-0.14061021710820606,-0.0018092408720419217,0.002452520488821781,-0.16731974460879523,-0.012198391603799425,-0.0004632616642053357,-0.19284178787187278,-0.02319898482531133,0.00318831527626401,-0.09648337198478338,-0.009441007033235867,-0.015027279085039579,-0.13049460734741067,-0.013094265111291028,-0.018337992678845217,-0.15490368188813572,-0.023280064319031638,-0.018410628531273496,-0.17828375104646893,-0.03538357888372216,-0.014845166708031337,-0.08170826708486967,-0.019974874081387473,-0.029917872941985696,-0.10539182111803315,-0.0196094126781728,-0.03487179293859789,-0.12690514021430893,-0.023447732922555625,-0.03750968320133332,-0.14813070852424495,-0.03164803951041655,-0.035871156483843
0.0,0.0,0.0,-0.027836068321822647,-0.005593142000382089,0.026933683599878834,-0.05238599206804687,-0.014371029989525828,0.04926611711180323,-0.079057878465557,-0.021503546735096784,0.06309907367920645,-0.10398134612791483,-0.025617565523794683,0.07299293928500321,-0.10009537975161602,6.34568958949514e-18,0.02253969579157032,-0.13099611058553665,-0.002501216273164871,0.028266782662401218,-0.1527373520615447,-0.005872398611176889,0.03173239764521618,-0.1722471143887364,-0.027609281365930417,0.03358844274615868,-0.10141352529730123,7.376963669685269e-18,-1.0229708170318607e-18,-0.14070127731131796,-0.0016885890047032175,0.002788119915504767,-0.16742339851943064,-0.012282718723284933,0.00017050649195633243,-0.1931208189323583,-0.023985148232392648,0.003936534927486545,-0.09658779991420259,-0.009471908112137946,-0.014879358232129573,-0.1305839417190726,-0.013226872820877644,-0.017979448795319958,-0.1552243103216285,-0.02364349242953232,-0.017890341835492308,-0.17869414155699764,-0.03647227979801164,-0.014396632648841182,-0.08175198028663475,-0.020109129628114848,-0.02983606357513224,-0.10552428662861112,-0.019799668407526415,-0.03457373909310783,-0.12717777301020392,-0.023976469661856053,-0.03707585737797162,-0.14831574548638052,-0.032621290197603466,-0.03534333630879541
0.0,0.0,0.0,-0.027444378358030926,-0.005599686459890639,0.027039067550717884,-0.05227326505390346,-0.014866609460900184,0.0489015754722727,-0.07975561906447952,-0.02255583174190169,0.06199502720914243,-0.1050344281594995,-0.02727892482528291,0.07132424378061726,-0.0999197697378627,7.44357088144109e-18,0.022792836550361923,-0.13038479667523095,-0.0032677073951460902,0.028619462021422702,-0.1517949241852944,-0.007380721342322306,0.0320201334437492,-0.170987296800016,-0.030087947486102568,0.03428656434478638,-0.10141983867212631,7.280213823818526e-18,-2.2442140711688874e-19,-0.14090895730263817,-0.0013758579684186123,0.003153756055068134,-0.1677504060213331,-0.012129207667515162,0.0010575899458542403,-0.1937922840706736,-0.02480655908420926,0.0050508097854011355,-0.09682866628241375,-0.00949011318308518,-0.014780808867886758,-0.13083734280011652,-0.013216101134273508,-0.017606120570129873,-0.15575002292225992,-0.023771683094120952,-0.017281653018990678,-0.17936146252581434,-0.03748993133300494,-0.013818534642775228,-0.08187395355507333,-0.02020981668472665,-0.029879722983078828,-0.1058002023025125,-0.01995210159868231,-0.03431589909130713,-0.12775005433864206,-0.024529859589881405,-0.03654850146894458,-0.14876340828780824,-0.03367545453780227,-0.03474250772158922
0.0,0.0,0.0,-0.026811515329856178,-0.005673617737933107,0.027226144152664354,-0.05202957544685932,-0.015617843077823393,0.0483761476836583,-0.08054920952196694,-0.024165192810506626,0.060432386089815056,-0.10639009554261092,-0.02964187422589944,0.06872652545612155,-0.09958650686397774,-5.44944692883968e-18,0.02319895734849854,-0.1292888857466818,-0.004637561661509248,0.02902493333798977,-0.1500456372702216,-0.009863110064223997,0.03237916850295215,-0.16848526601428085,-0.03390604115028312,0.035123316897120456,-0.10128909355826832,-3.6104246592744635e-18,4.071415707768243e-19,-0.14121345218797315,-0.0008599608180214317,0.0035070209742419306,-0.1683022117701395,-0.011703847903615066,0.0021681295089973447,-0.19485704931810643,-0.025607330243391263,0.006537872398704816,-0.09715378991902687,-0.009490071438611058,-0.014786732065354339,-0.13126844530758155,-0.012995121148774168,-0.017332152940070917,-0.15642428507759473,-0.023546139878682055,-0.016677815387704836,-0.1802127707477093,-0.038195568445231705,-0.013181779021559025,-0.08205683942400666,-0.020223368990584134,-0.03012096535422826,-0.10622141277181142,-0.020022325312311712,-0.0341816920406497,-0.128669236354091,-0.024963582288441182,-0.035988104537447614,-0.1494676716951803,-0.03464645171316285,-0.03412460673458002
0.0,0.0,0.0,-0.025976294546558733,-0.0058477788375683295,0.027492814836782904,-0.05163190582871696,-0.01665788660476933,0.04772853413211006,-0.08132236503418608,-0.02640043757227366,0.058505357643730736,-0.10798341120339627,-0.03276235327431461,0.06528832247412066,-0.09907410583531781,-1.9648421586427076e-18,0.023713327283914076,-0.12768244209655963,-0.0066377996047652975,0.029422639643913825,-0.14739093507827622,-0.013319470096924507,0.03274792320011904,-0.16443080509691313,-0.0390131717905456,0.035943370383909184,-0.10097185399709015,-2.3721132176330497e-18,-3.147474526280601e-19,-0.14157219325433557,-0.00015013323063044304,0.003810717699141082,-0.16904837420972607,-0.010997494573712623,0.003394466476459809,-0.19624635879430788,-0.02619263234879063,0.008306563982531295,-0.09750061141185908,-0.009478299463143977,-0.01491436620824933,-0.1318509140487017,-0.012507595037181062,-0.017248799532948035,-0.15715728799335993,-0.022849381041262336,-0.01620331129531901,-0.1811450570705869,-0.03829083149046584,-0.012613381789928834,-0.08228866260554676,-0.020125040118309342,-0.03056946674592187,-0.10676017198424756,-0.01995024856574578,-0.03421689520545834,-0.12990966317414948,-0.025121211439053725,-0.03548947570139691,-0.1503496246412587,-0.03532502257111762,-0.03359876364681106
0.0,0.0,0.0,-0.025029045810701006,-0.006130887894692184,0.02775610989940928,-0.05108789922984965,-0.01797455877586996,0.04698623015679984,-0.08191128583772224,-0.029153787111698574,0.05637369436764514,-0.10965343758312038,-0.03654265840734069,0.06135645620097974,-0.09844113311071397,-3.3801549806179437e-20,0.024218781130252796,-0.1257273198470884,-0.009104787830546662,0.029750865420743112,-0.1439788244608085,-0.017454368053412946,0.03305766284718222,-0.15884295238680718,-0.04496814096468926,0.03652785318339267,-0.10050103585863415,-3.543317767145675e-18,-5.3109262525652265e-19,-0.14192682564509934,0.0006624275683390893,0.004052871308077728,-0.1698945536856077,-0.010112881473094576,0.0045815052048265095,-0.1977966143765454,-0.026370027980106455,0.010152576780590096,-0.09780633251301614,-0.009466842515273983,-0.015136987817948037,-0.13250432118723765,-0.011771373403089343,-0.017371024230975526,-0.15784676190391092,-0.021661487492103036,-0.015975726079356885,-0.1820572614491643,-0.037564358745698315,-0.012271532995010123,-0.08255091924553469,-0.0199275038791438,-0.03116509735701437,-0.1073454119497471,-0.019707832717457442,-0.03442267614051849,-0.13133923180628088,-0.024933483159715993,-0.0351637899217335,-0.15125362552902516,-0.03552723093385805,-0.03330365067090721
0.0,0.0,0.0,-0.02407790369665195,-0.006482749540491856,0.027875003311744875,-0.050473954521757784,-0.019470753212966634,0.04613114466209871,-0.08218847048022751,-0.03213861476138115,0.05412660782392473,-0.11120992489436524,-0.040726493305413114,0.057293967922990095,-0.09782319992962515,-1.7949352334664073e-17,0.024595056791857212,-0.1237743958126207,-0.011741284660739346,0.0299581764373271,-0.14018374432145778,-0.021808928034505733,0.033244115744411176,-0.15209512590622506,-0.05113908627926006,0.0366493431456404,-0.09999683448467221,-1.6282164528224162e-17,-7.4651705734590995e-19,-0.14223694157918038,0.0013779490445536594,0.004260670989188872,-0.17068484455165908,-0.009311190739832059,0.005607461867606809,-0.1992634137295631,-0.026189657393021863,0.011842999196568857,-0.09803023395680442,-0.009455718150763648,-0.015420533011936388,-0.1331318676162221,-0.01089684018805884,-0.017624886277956234,-0.15843467337789316,-0.020126773422440066,-0.01604537343197023,-0.18290947057618254,-0.0360011204974325,-0.012281164081664221,-0.08282139583390453,-0.019659847523669186,-0.03182244781583815,-0.10789158311778647,-0.019335834111371672,-0.034779079682884385,-0.13277412423411425,-0.024455401141914905,-0.03509330437261491,-0.15203766105489408,-0.035138690731863875,-0.03334008369605362
0.0,0.0,0.0,-0.023233949286698124,-0.0068280655589058135,0.0277416876717656,-0.04995693862701533,-0.02096453243042499,0.045125390768802176,-0.08218057929396476,-0.03503143007388762,0.051753209532579565,-0.11258990138766241,-0.04499423127920076,0.0532852976478771,-0.09740717541586748,-3.135302028619578e-18,0.024789541020486517,-0.1222643057001415,-0.014229304596513738,0.03000524470680917,-0.1364745520875586,-0.025941514117995848,0.03325035333050776,-0.14477190133037052,-0.05696398156222792,0.03618612377273032,-0.09963106337566789,-3.2694081603787798e-18,-4.676349890022376e-19,-0.14252091172355502,0.0017990651641045063,0.0044667578543062456,-0.17130024957643689,-0.008870995009070464,0.006409295627092751,-0.20043620390360867,-0.025930984213852024,0.013230955933074138,-0.0981960436289988,-0.009432113131098869,-0.015741632146031838,-0.13369818649490386,-0.009999803409080583,-0.017897675783342094,-0.1589679584114585,-0.01847076376740767,-0.016357511892684716,-0.18379041246596775,-0.033770817923243865,-0.012647148153700976,-0.08310787835657742,-0.01936631259422553,-0.032459455160739045,-0.10836151873000847,-0.01892919622697839,-0.035240862671318596,-0.1340838768895475,-0.023823492059819172,-0.03526243650372574,-0.15270136577825574,-0.03418773422091446,-0.03367233865977721
0.0,0.0,0.0,-0.02259466992872399,-0.007087405311803029,0.027379648890994385,-0.049716940223974694,-0.022235402964592643,0.044031355256972445,-0.08206441498711294,-0.037597985679974875,0.049339366799086355,-0.11387164040380371,-0.049005670184309506,0.04949501527107068,-0.09734356040458324,-5.9921329752840464e-18,0.024835449417267962,-0.12154594196391101,-0.01631340214963329,0.029924224150893124,-0.13329666401697976,-0.029508384708622257,0.03310273028849788,-0.1375659503005756,-0.0620777441271316,0.035312279778765644,-0.09953355425390188,-5.656059910947862e-18,-8.519991072385337e-19,-0.14282813781871587,0.0018631596977471262,0.0046559793653994696,-0.17173110424810348,-0.008894144948833635,0.0069499362716176636,-0.20122994148199505,-0.02586422254747801,0.014292436465057524,-0.0983689766892841,-0.00939701214420671,-0.016068655950448606,-0.13423276304093099,-0.009149117898842702,-0.018105447594975194,-0.15954694327427715,-0.01691630898072347,-0.016772734999633953,-0.18483485550295262,-0.031240051876622404,-0.013215334791860834,-0.08343584924130083,-0.019131552370356672,-0.03299522292831998,-0.10876839885519331,-0.018618571277649,-0.03571995155991672,-0.1351968572779191,-0.023230263562332612,-0.035534595191981766,-0.1533541385508293,-0.0329669546065361,-0.03408555262260525
0.0,0.0,0.0,-0.022215247922718034,-0.007213178019497741,0.02694084857954633,-0.049806638584399786,-0.023114519257409257,0.04305194413025639,-0.08200637346879117,-0.039715914318671774,0.04719389726513966,-0.11508322337857148,-0.05241566254838225,0.046281062754245476,-0.0976517388877531,1.4619302962838353e-18,0.024813723796236694,-0.12169985568915083,-0.01782836120879196,0.029851665760157856,-0.1309829653055577,-0.032251147923750646,0.03297396972418104,-0.13124990094289873,-0.06626406855431827,0.03450198246843206,-0.0997107088855097,-2.22034703312671e-19,-5.623773709738147e-19,-0.14318516693376865,0.0016701053919096435,0.004781241845318,-0.17204635391058354,-0.009240537483411212,0.007230809036824864,-0.2016891242089568,-0.026061822724364976,0.015080885572541348,-0.09859218763280413,-0.00938045385825131,-0.016358462873724316,-0.1347626236249712,-0.008405178683919936,-0.01821774660230943,-0.16022244867597632,-0.01567708039429912,-0.017128837029064637,-0.18605152274137446,-0.028937450293355566,-0.013759004526809492,-0.08380973162499601,-0.01905549514193507,-0.03336113609348465,-0.10913092585843186,-0.01852873973131869,-0.0361041563078184,-0.13606841222649757,-0.02287010329181689,-0.03573522451359532,-0.15407884379086056,-0.03195407575210283,-0.034323370720879966
0.0,0.0,0.0,-0.02209061909023373,-0.007226503998909949,0.026596749785438648,-0.05011803719722627,-0.023586456777535535,0.04238260266989552,-0.08205004860067053,-0.04135966879571471,0.04564824023790237,-0.11611531017189626,-0.054993257928440537,0.044005643644928115,-0.09821545981090428,-3.670947599316323e-18,0.024800288117939825,-0.12249287802967614,-0.01873526005409586,0.0299201887907715,-0.12963453509289233,-0.034039573638914404,0.033051748623111055,-0.12647128951112563,-0.06939021769169644,0.0341675144999848,-0.10005467937684114,-1.985446715798293e-18,-2.297062482052346e-19,-0.14357087129310456,0.0014248814924400788,0.004822859349504259,-0.1723139336244617,-0.009607497579727935,0.007314541650271501,-0.20194943100307974,-0.026345541606426156,0.015656469204234278,-0.09886246291151993,-0.009408929649563526,-0.01658374064068296,-0.13526142133472918,-0.007816453429752106,-0.01825230179040376,-0.16095494339309108,-0.014872946659388375,-0.017319400882793788,-0.1872931630661541,-0.027275278191724414,-0.014119284917833704,-0.08420217056173407,-0.019170631302945027,-0.03353411832559407,-0.10944616577257714,-0.018683858958608718,-0.03632152071542518,-0.136700676137235,-0.02279810028620636,-0.03578146655728069,-0.15486193910499615,-0.03146408442109527,-0.03429505651109403
0.0,0.0,0.0,-0.02215960298304535,-0.007200626469245529,0.0264313957381004,-0.05049671451953318,-0.023776498847920078,0.04207255819415872,-0.08216160018978529,-0.04256809689837169,0.04480968209076538,-0.11686320008552109,-0.05671947824686399,0.04271711535356507,-0.09886288316585108,-2.772403555133101e-18,0.024835512429377392,-0.12353872881314251,-0.019130507653952064,0.030145057046211576,-0.1290885392058103,-0.03493562540675665,0.033367158605122335,-0.12346019253572472,-0.07143235693679952,0.03436558038094062,-0.10042071605651941,-1.5441254327308658e-18,3.2382406914194816e-19,-0.14391737475934338,0.0013370462756334294,0.0047996878103188,-0.17254147263425926,-0.009684238042620743,0.007279285147602186,-0.20214972468515435,-0.026386165491862693,0.016042215445742195,-0.09914694707622082,-0.009471244833280604,-0.016739657660348416,-0.1356571412169212,-0.007360893376406477,-0.018248559297477533,-0.1616400047928227,-0.014418675242640924,-0.01733398578745947,-0.18837910320745951,-0.026275673156774034,-0.014255602187686494,-0.08456669520661707,-0.019411766388296,-0.03354661461297793,-0.10969440760025725,-0.018974190485973586,-0.0363769396188482,-0.1371484682371164,-0.02287611076798857,-0.03571281556493433,-0.15561866019099838,-0.03143266426209063,-0.03409334367749193
0.0,0.0,0.0,-0.022321752446056164,-0.007186051400416855,0.02641233780170963,-0.05083542009769197,-0.023820785215490813,0.0420396423018062,-0.082299455690811,-0.043402785943071544,0.04455797171620892,-0.1173223684970244,-0.057751418365272006,0.04216100881883873,-0.09944671807224388,1.0201370964236287e-18,0.024915346362543816,-0.1245126516578185,-0.019180423345491863,0.030446490455742384,-0.12903550714061757,-0.03515149767788435,0.03380855526672878,-0.12198597479636718,-0.07249242179128303,0.03489087727816989,-0.10069773473202837,2.541000828523142e-18,4.879700571392109e-20,-0.14414726163828154,0.0014951291447382084,0.004748281339697764,-0.17268046392984227,-0.00932371462762289,0.007179360709999882,-0.202340179088509,-0.025959210617818623,0.016241983138683403,-0.09940650768125993,-0.009536588823602405,-0.016825281399261666,-0.13587905095645628,-0.006981021259559575,-0.01822432171469823,-0.1621647895387327,-0.0141226877021159,-0.017229041322787155,-0.1891938928303903,-0.025674051270490512,-0.014210652019630277,-0.08485494314171825,-0.019670944659178183,-0.03345897222595519,-0.10985672300110733,-0.019255304807706923,-0.03631063801744099,-0.13747758506936364,-0.022927056218995306,-0.03560336875038572,-0.15625449274812278,-0.031573449296809046,-0.03384726353420855
0.0,0.0,0.0,-0.022472883173782432,-0.0071783594501228605,0.026437910915451772,-0.05108026870408614,-0.023780174009680997,0.042145963520830276,-0.08244225098381418,-0.04391579057586954,0.04465655104995666,-0.11755421724286173,-0.058315582564559335,0.041997471539879705,-0.09988430245171963,-6.891609057910875e-20,0.02499986252660789,-0.12524662595450192,-0.01905099604580875,0.030724328169450338,-0.12917942608341798,-0.03495002975353081,0.034222072287096374,-0.1215758067416166,-0.0727387146340948,0.03547397872035064,-0.10084994929488801,-2.7598368773005704e-19,-1.9363952440012276e-19,-0.14422940625180028,0.001827916661317053,0.004707414736086316,-0.17269133969336295,-0.008606171756213062,0.007048937015725915,-0.20250371513508547,-0.025081182677207603,0.01627525002788398,-0.09961812740197308,-0.009586220117979879,-0.016834743062770104,-0.13591067621044395,-0.006654850616310686,-0.018162257540473917,-0.16247052689756203,-0.013843311665825597,-0.01707590359986787,-0.18971742420054652,-0.025176746846567476,-0.014061869732155462,-0.08503770751394453,-0.019867036004295895,-0.03332580860242448,-0.10993515158018743,-0.01944172332038658,-0.03615485956939223,-0.13772435777901232,-0.02287514287597893,-0.03548483071975358,-0.1567160705215865,-0.031621891361188204,-0.03362231488103327
0.0,0.0,0.0,-0.0225566834000317,-0.007168396530480664,0.026421268109866412,-0.051230457993119066,-0.023659559419494373,0.042260383149506225,-0.08261764070954804,-0.04414024406896658,0.04484182882917923,-0.1176779128222937,-0.05860253672636859,0.04198458391108706,-0.10017626869188294,8.161435651975299e-18,0.025036411436937925,-0.12573718639923542,-0.018869910546718043,0.030910436685519727,-0.12935908826140355,-0.03458227589023219,0.034497566312709414,-0.1217742444193539,-0.0723932221775084,0.03592008644672267,-0.10093421649753603,4.514011874683473e-18,5.3643545266396005e-19,-0.14420316155608026,0.0022110521224617996,0.00469564283008208,-0.1726078203728036,-0.007735957260339364,0.006905631959647043,-0.20265938904542474,-0.023890161275886623,0.016180955424227466,-0.09979501996112866,-0.00961677997231933,-0.016761254472809534,-0.1358180485754008,-0.006360454961751302,-0.018041327278239736,-0.162593196744628,-0.013472993376046658,-0.016929199441440296,-0.19003672776617286,-0.024542300412412003,-0.013886865028324376,-0.08513060504212507,-0.019983724727816635,-0.033172707286024145,-0.10996855975882715,-0.01950352288100451,-0.03593978390384058,-0.13789072482030545,-0.022714636963437604,-0.03534407703298032,-0.15702058374293823,-0.031420312345969474,-0.03341849519700459
0.0,0.0,0.0,-0.022580662524051307,-0.007176279217126915,0.02635115149353919,-0.05132351285748352,-0.02346492609036898,0.042319951538355924,-0.08287066599210949,-0.044124949972108314,0.04493940129422491,-0.11783264495557001,-0.05873407247712803,0.042049256570106816,-0.10037635088738348,-1.2462829474151304e-17,0.02499461435520122,-0.12607424126297206,-0.018709465803876852,0.031009051175978672,-0.12953848018281638,-0.03425154127234515,0.03464366452764917,-0.12223447537932847,-0.0717636318802852,0.03622764719365094,-0.10104200420195585,-9.788057285156317e-18,-5.721879968955567e-19,-0.14413878350829115,0.0025625753234030007,0.004699006838830909,-0.17251142546692214,-0.00692819588541101,0.006762856469750873,-0.20286437072157731,-0.02257087013945727,0.01601968123911263,-0.099967294457936,-0.009630068027670368,-0.016610479918329608,-0.1357002955551688,-0.006063760688537009,-0.017867368821969095,-0.1626202840381035,-0.012957312753230114,-0.01680590959397112,-0.1902739012263182,-0.023674357736978756,-0.013726420620547184,-0.08518266777510115,-0.02005768914897192,-0.03299390390098947,-0.11000125625967709,-0.019457102858067662,-0.035694236056565756,-0.13795838110439557,-0.022480004308115586,-0.0351531462024009,-0.15722114529347705,-0.030965896042371783,-0.03319683497214319
0.0,0.0,0.0,-0.022584214545202187,-0.00721935695113353,0.02628326962346657,-0.05139104874658511,-0.023239560952541614,0.04235433007881939,-0.08317954252824401,-0.0439847170020933,0.04494800595818785,-0.11807400979357435,-0.058811860267578044,0.04220316212351529,-0.10051818611580336,-3.2969475586164314e-18,0.02489477704419026,-0.1263182146104298,-0.018587816629044882,0.031093359986149205,-0.1297003420221258,-0.03407213789725962,0.03477807120725695,-0.12268094207064936,-0.07119221120512506,0.03655574181570237,-0.10119351244357569,-4.075563974301897e-18,-1.222931854241775e-19,-0.14407950266769057,0.002845113241143295,0.004689210972776452,-0.17245504238192913,-0.006344453195879478,0.006646842729994571,-0.2031232747746825,-0.02139049231890117,0.015867260977574956,-0.1001316748197308,-0.0096270609017329,-0.016416641994401238,-0.13560645460428383,-0.005788588237353612,-0.01767475618289304,-0.16260045451162652,-0.012403648121664041,-0.016679917575158274,-0.1904608517717831,-0.022757545857758354,-0.013564459818783505,-0.0852285135560151,-0.020129339137700295,-0.03278258547426289,-0.11003537342039442,-0.019376744390827583,-0.03543357633554962,-0.13791929026698838,-0.02227152908634934,-0.034907295638845974,-0.15734056243685307,-0.030446163609581026,-0.032925181786109224
0.0,0.0,0.0,-0.022604912326578512,-0.00728625177602888,0.026285518471857967,-0.05144387134185712,-0.02305454316765102,0.042439438725761,-0.0834620827092007,-0.04387872765320439,0.04498491822545802,-0.11835961467703762,-0.05893276239813525,0.0424362870461558,-0.10058918318011403,1.3335862991691747e-17,0.024793499873028712,-0.12645768015480885,-0.01848674459211066,0.03124081670922297,-0.1298054562975724,-0.03405448526037039,0.03501982021163203,-0.12293373176350758,-0.07093386241103819,0.03704207723026844,-0.1013179108413971,1.1717861682997929e-17,8.563336404654097e-19,-0.1440279687513527,0.003059729745635854,0.0046467481997725085,-0.17244153116256478,-0.006023910617632328,0.006585286298162702,-0.2033821341296638,-0.020601618267843864,0.015777018059237844,-0.10024442726310745,-0.00960388834631864,-0.0162366417464557,-0.13552389074117838,-0.005599860268596044,-0.01751418650193644,-0.16252713066760954,-0.012004748730773911,-0.01651665725571024,-0.19054189917804953,-0.02211628033861388,-0.01336323699714754,-0.08526877163515485,-0.020204794667288157,-0.03256027756321656,-0.11004190502468511,-0.019345187346795398,-0.03517472680437795,-0.13780178744125315,-0.02218794874219405,-0.034651696157552044,-0.15737206797669162,-0.030104067788480002,-0.03262661588847497
0.0,0.0,0.0,-0.022662377995652,-0.007354319371994514,0.026400065146011134,-0.05148564265518119,-0.02295949164240639,0.0426404894235803,-0.08366898409846983,-0.043901650288551086,0.04518037948264711,-0.11863644753560888,-0.05911336296692402,0.042746318555961386,-0.10056999663425398,-1.0563016546626863e-17,0.0247393291362833,-0.12646161446357657,-0.01838299744867272,0.03146715485508661,-0.12983935548895595,-0.034137867836453915,0.035394810769225,-0.12299389284602534,-0.07105321551933381,0.03768369467310564,-0.10133822342504889,-8.25073471529016e-18,3.9370815484895875e-19,-0.1439737899207591,0.0032456884363787474,0.004563849531043645,-0.1724603596628574,-0.005880499153107617,0.006574378927242102,-0.20360404687698233,-0.020267787870631784,0.01574507700088495,-0.10027259217006071,-0.009555137214140495,-0.01612002878720798,-0.13542909830477326,-0.005519094927649578,-0.017436754962412388,-0.16238812388852686,-0.011846606264243926,-0.01632015738234433,-0.19048184300520254,-0.02192006884664634,-0.013114144448489932,-0.08529342659628818,-0.02026505933467815,-0.03236549498913574,-0.11000813469914994,-0.019385044749877643,-0.03495389398565756,-0.1376565907723111,-0.022235269735830312,-0.034459967222300304,-0.15732046930010152,-0.030058100479611674,-0.03237166510820086
0.0,0.0,0.0,-0.022753415127862435,-0.007408283865135496,0.026641020360444904,-0.05151509817154514,-0.02294112664590846,0.04299200009248014,-0.08382160458325967,-0.04399666446290507,0.04562594291988908,-0.11887488334282642,-0.05921134394137802,0.04321058334595918,-0.10045940373371857,-2.0049528252090008e-17,0.024748361556650642,-0.1263100757960474,-0.018265296783147405,0.03170526550374701,-0.12984931957720044,-0.03422091448103621,0.03580619297574643,-0.12308097782197189,-0.07137393379327879,0.03832586749574864,-0.101234624442905,-1.799839312047165e-17,1.2277607160525766e-18,-0.14391062729840864,0.0034512421366739623,0.004429402964786648,-0.17251498947319638,-0.00579170732104082,0.006553144766781106,-0.2037919773713095,-0.020255638913783246,0.015687103670970353,-0.10022467501284221,-0.009481480897063877,-0.016090043782882566,-0.1353200662591579,-0.005519305980582877,-0.01748573150403692,-0.16218579506284622,-0.0118869766658223,-0.016147655362674894,-0.19030026208726755,-0.022140673174337544,-0.012858919727218112,-0.08529788768046044,-0.02028551475606573,-0.03223151561671368,-0.10995169129775309,-0.01945509151423993,-0.034819721684947166,-0.1375215780711882,-0.022347236851071813,-0.03439607172155175,-0.15720281702134134,-0.030287419619758185,-0.03223916478200126
0.0,0.0,0.0,-0.02285198064182005,-0.00744187570804682,0.027006537016417264,-0.05150892381971095,-0.02291595586544833,0.04350606143311581,-0.08394399839826075,-0.04395667723427761,0.04637941069285897,-0.11898761718174238,-0.05892181730387345,0.04400215651597509,-0.10024079738115456,-1.0023743222843131e-18,0.024802935025288877,-0.12595598439943043,-0.018113022959281008,0.03183489360413508,-0.12992191275722179,-0.034158440549890416,0.03606667554372232,-0.12357632768879011,-0.07149819071872088,0.03872104033528872,-0.10101739010985714,6.055207633488283e-19,5.898786253899559e-19,-0.14380588592308138,0.003693276519255969,0.004218534647645456,-0.17259228314605973,-0.005687113613611555,0.006420357058164576,-0.20392814858787048,-0.020381209868428497,0.015447772659166458,-0.10011451625801804,-0.009388124472778576,-0.016146796512434582,-0.13518949668246702,-0.005587979844874477,-0.017690540213198793,-0.16189639256214566,-0.012084432171895492,-0.016069732148098106,-0.18999128680357594,-0.022735424750277813,-0.012658755023827213,-0.0852638062801148,-0.020234620914633124,-0.03217815916869067,-0.10987819971041211,-0.0194901064562966,-0.03480658991011033,-0.13737943841796835,-0.022458075360384577,-0.034495953585026114,-0.15700015501208886,-0.03071709524529025,-0.032285593914455554
0.0,0.0,0.0,-0.022929758050774733,-0.007458379703377152,0.027483525092884216,-0.051415034733812814,-0.02274188038653398,0.04418862457003975,-0.08399776398385445,-0.043482790667140246,0.04750232342448204,-0.11876649402605137,-0.057849754354636206,0.0453871309452929,-0.09986509378068205,-2.8625393785293327e-18,0.024855292421536564,-0.1253249790386786,-0.017856347639691728,0.03174527125135552,-0.13016418069650074,-0.03374131730117992,0.03599044306792515,-0.12492248127565814,-0.0708955231198718,0.03865401329624507,-0.10069285671635975,-1.9815982505464664e-18,7.16490849196666e-19,-0.14358479346377312,0.003944045301042762,0.003907947720647025,-0.17262853918619758,-0.00556121598865367,0.006094062097875156,-0.20393863729188993,-0.02048032436079011,0.014877157522174453,-0.0999294153425565,-0.009286599600336893,-0.01626470644532867,-0.1349920835616832,-0.005765536522766297,-0.01804209719068024,-0.16144972598466995,-0.012459783348576252,-0.01610584515058514,-0.18947465655261633,-0.023724713300559815,-0.01253431867653768,-0.08515170019914226,-0.02010122591834993,-0.03218889161342134,-0.10974889779361932,-0.019453205959084476,-0.03490087409262274,-0.13713554097531536,-0.022545952533210147,-0.03474572544770321,-0.156647459633662,-0.03128187262014781,-0.03250720036252893
0.0,0.0,0.0,-0.022989256366525008,-0.00746846761078979,0.02802329662686687,-0.05117624895780448,-0.02225922560993855,0.045022046052395466,-0.08388589827558174,-0.042283686975376565,0.049047688916218024,-0.11793493951084158,-0.055652207227322364,0.04764970467235687,-0.09930359219413516,-1.1320178927208105e-18,0.024842553972042956,-0.1244132406409394,-0.017363097936280297,0.03137688568317438,-0.13072501643192763,-0.03269766243984105,0.03546882754716131,-0.12752462175631712,-0.06902923192867481,0.038017304270894864,-0.10029044630250317,-1.8210293514747464e-18,-9.583206410754575e-20,-0.1431867897619637,0.004146054433932445,0.0035105968272827596,-0.17253528601044008,-0.005425217458374558,0.0055573530934654985,-0.20373345129078657,-0.020363680267890347,0.013917981995568218,-0.09965650789756766,-0.009206603506116127,-0.016387034845264086,-0.13467384519008826,-0.0061267361327594,-0.01846486536502728,-0.16079097414664334,-0.013040473921518072,-0.016204535268606705,-0.1886661250249842,-0.02508648593573107,-0.012456584010618664,-0.08493684569047191,-0.019939885744475302,-0.032197296189065236,-0.10951824387433529,-0.01937431701878962,-0.03503885926813541,-0.13666219277208516,-0.022632130908584715,-0.03506910623519743,-0.15610687789875996,-0.03193047564212985,-0.03282820558402251
0.0,0.0,0.0,-0.02306375459170817,-0.007469082781391782,0.02850824888896493,-0.050761857066317306,-0.021370885508510944,0.04592301721422581,-0.08345024518772434,-0.04020151406675644,0.05097971443883409,-0.1162284707181418,-0.05221202468323895,0.05090714162438362,-0.09860146791896747,-1.3322196954481411e-17,0.0247166446068155,-0.12337502664259266,-0.01648396281745794,0.030729707780233817,-0.13176888964903438,-0.03077664914533787,0.03449459079555368,-0.13157584715323847,-0.06555631450521385,0.03681007884032626,-0.09987996761296744,-1.3880661770320418e-17,-4.628359535973304e-19,-0.14262486108641564,0.004195072116734581,0.003102343742818098,-0.17223398377248633,-0.005335553291545929,0.004864928540455317,-0.20321672274154845,-0.019927130934590045,0.012638965722575248,-0.09929875613352648,-0.009192387104229939,-0.016448542260418305,-0.13421581447244302,-0.006746920848562058,-0.01882463817037356,-0.15993966078600508,-0.013854554898365987,-0.016293450140766094,-0.1875396100929873,-0.02670986422943597,-0.012403119397028704,-0.08462542924381306,-0.01984881789881581,-0.03213241990294824,-0.10916963893465018,-0.019341775908487607,-0.03515113708900002,-0.13586919431713074,-0.022769440361195582,-0.03536417954906275,-0.15539899754269013,-0.0326010979383249,-0.03315356674389502
0.0,0.0,0.0,-0.023205614059571993,-0.0074231469468318805,0.02877880868457831,-0.05020970412002406,-0.02009818404293119,0.04676847275957568,-0.08250798559784644,-0.037264727438051766,0.053175723101106895,-0.11349843831858877,-0.04767826553494802,0.05502321292620498,-0.09788303545876664,-1.41563206317595e-17,0.024466622584879406,-0.12252648455830242,-0.015122097280874332,0.029868323435902164,-0.1334262984087543,-0.027891976367898533,0.033191592597840554,-0.1369177902159403,-0.06055729223201293,0.035178598070935374,-0.09953841784381262,-1.244328563444694e-17,9.077496010925596e-19,-0.14197687029171357,0.003914584049475575,0.0027909980012436877,-0.17166363995317496,-0.0055015993284075115,0.004104661106624444,-0.20225616198818389,-0.019392083091162866,0.011185878350277014,-0.09884432016966509,-0.009268763365176305,-0.01641504658734889,-0.13362343209310865,-0.007673151961281426,-0.018997586288378974,-0.15896062506926115,-0.014986743665735908,-0.016359634487787978,-0.1860987702525025,-0.02848014305967899,-0.012415742096897907,-0.08422000415001567,-0.019885840774079205,-0.031978717045602977,-0.10868905958490381,-0.01944197534417798,-0.03521565892157873,-0.13472254743782994,-0.023029209013926615,-0.035577855656556995,-0.15453079051714988,-0.033225181436055504,-0.03343882413815254
0.0,0.0,0.0,-0.023497607587949786,-0.007284765549076705,0.028729229053787112,-0.049671282398532496,-0.018553600318612168,0.047493389643895816,-0.08104233202230125,-0.033606320264956975,0.05555188702790503,-0.10990323700870885,-0.04227894765876817,0.059756121195272786,-0.09733297523668773,8.69503518265705e-18,0.024115123374851232,-0.1222801703712304,-0.013261545466044978,0.028922781316666354,-0.13582821050693783,-0.02417291492405689,0.03182072942953304,-0.14320752906429643,-0.054504745009091284,0.03344412539406288,-0.09933907445304961,7.635119259626769e-18,-1.317862561515338e-19,-0.14134090549952008,0.0031648337807245242,0.002619734026004816,-0.170817483161696,-0.006173621771793734,0.0033127533592412837,-0.2007530292127762,-0.019170675748258717,0.00965894749189923,-0.0982750099658297,-0.009404716575104253,-0.016299129021656526,-0.13291374797081412,-0.008864864353461689,-0.018965385702032284,-0.15791754199992877,-0.01649019084823955,-0.016485547298896026,-0.18438121878209748,-0.030270501836840855,-0.012596035373971852,-0.08371165545938666,-0.020012879069013112,-0.03177717982351027,-0.10805939598830229,-0.019670695533049606,-0.03526768262269554,-0.13323717847433592,-0.023416086063943454,-0.03575598739477471,-0.1534759070138321,-0.03370210461372722,-0.03371911193462011
0.0,0.0,0.0,-0.02402080269761118,-0.0070464029261247995,0.028380497856552576,-0.0493565307297515,-0.016878962119221574,0.04811758214438573,-0.07932866142554063,-0.029393721176010173,0.058099300052200306,-0.10597869503224243,-0.03617718132836614,0.06487078071083331,-0.09713096322111131,1.845573512730988e-17,0.02370259373453796,-0.12295399470725786,-0.010980873429729403,0.028067108668293532,-0.1390319859619471,-0.019905127363685292,0.030695801655369403,-0.1500633389289705,-0.04796584452019626,0.032000936682365914,-0.09935025618415934,1.532319736910265e-17,2.7766853413738862e-19,-0.1408009280734352,0.0020273482966421084,0.0025214916180078518,-0.1697913802676398,-0.007321282251728709,0.002450112352741961,-0.1987732578193657,-0.01939881743290973,0.008067037201381407,-0.09762671052073621,-0.009522753435704929,-0.016139650060351375,-0.13214346618177,-0.010143354114101777,-0.018829949574416284,-0.1568862510542403,-0.018199429343940317,-0.016785841037116406,-0.18252751322674393,-0.03182270682629599,-0.013018630240063592,-0.08312202897547206,-0.020121285388257113,-0.03157019503235079,-0.10731117293608933,-0.019902859537964977,-0.03534228111460541,-0.13150958339178445,-0.02377777313718174,-0.035998154625193575,-0.15226033410177522,-0.03384119337318981,-0.034066791430106005
0.0,0.0,0.0,-0.024760062421347314,-0.006750742738302399,0.027854895413429934,-0.049355636900173305,-0.015208568910421816,0.04864995484882857,-0.07771565725041751,-0.02487258905061548,0.06072887493800017,-0.10233768729328478,-0.02959435637793642,0.0700199192306569,-0.09731531153847524,-1.1098253092368015e-17,0.023269402316129582,-0.12447565808403167,-0.008492578217689391,0.027448368296260815,-0.14273085912027803,-0.015503718631721147,0.03003042962535849,-0.15682599180918183,-0.04147181066704315,0.031117454406002262,-0.09956405479943872,-1.0237562499945713e-17,1.8593927496734559e-19,-0.14038829909136705,0.0007777035509875699,0.00240926027572538,-0.16873135697358468,-0.008625972648308777,0.001509756664918656,-0.19654343370988067,-0.019873502405590115,0.006443649670617128,-0.09698219716934936,-0.00956156463209094,-0.015968991324031723,-0.1313865903080936,-0.011271586897476708,-0.01870874187082518,-0.15594297671472854,-0.019772449824870253,-0.017289732626317576,-0.1807355092297926,-0.03282806764145816,-0.013640289692604751,-0.08250377888218488,-0.020117316640884998,-0.03135549462291752,-0.10652022256488222,-0.019997634066233387,-0.0354145011669099,-0.1297159723249997,-0.023912479829684627,-0.03634681011464022,-0.15096988755273666,-0.03346994806768516,-0.034500874664102885
0.0,0.0,0.0,-0.025577267848561035,-0.006471870855520468,0.027285415279728047,-0.049551701690043325,-0.013669531418446129,0.04903153617919688,-0.07634590536955135,-0.020411295794108258,0.06318091212999033,-0.09930154134719371,-0.02298837313363299,0.07469444413407422,-0.09772262769647545,-7.105353595199943e-18,0.02284085736321778,-0.12633118013634007,-0.006125194086012859,0.02710466984386805,-0.14623434075766523,-0.011484591667060028,0.02982855562965828,-0.16255345003463134,-0.035596887390871725,0.030783604743285647,-0.09985577378891936,-9.619369940436448e-18,-1.4932049068456147e-19,-0.14005416373217916,-0.00033780813586148595,0.0022726645369950723,-0.16772032065615272,-0.009806208607223683,0.0005815317387363683,-0.19432743207541744,-0.020401302250962067,0.004914980459204305,-0.09639847806390824,-0.009520702852275947,-0.01580517035329384,-0.1306659594414119,-0.012107966819545169,-0.01864655093383085,-0.15510138445121152,-0.020951431443800756,-0.01791811924683951,-0.179119540847161,-0.03319238480211757,-0.014340498868222001,-0.08189566802589598,-0.019981925932817262,-0.031117137582829624,-0.10574515429902785,-0.019907819571215426,-0.03543453180958355,-0.1280265159290148,-0.023753474640554207,-0.03676220389800762,-0.14966716217462253,-0.03262888915138163,-0.034974821549963286
0.0,0.0,0.0,-0.026302457090413577,-0.0062841693070578375,0.026750384664971018,-0.04974384064935441,-0.012393894349586772,0.049205162071125116,-0.07518975401846192,-0.016447905134734785,0.06518122346168335,-0.09690566197735997,-0.0170165808246479,0.07845542701372006,-0.09811575704803568,-3.2355657892605577e-18,0.02242748783265788,-0.12792153267933684,-0.004195410314632569,0.026977312938874558,-0.1489105273232909,-0.008311694097802204,0.02994460052123066,-0.1665641221326956,-0.030881063758206404,0.030788757611588304,-0.10007563724949328,-4.534159496020795e-18,-3.8069748349570896e-19,-0.1397125556296588,-0.0012094071960534719,0.002160210432552109,-0.16676322100556773,-0.010751072980623378,-0.00022211363365417752,-0.1923344849008426,-0.020917373568646126,0.003618296131862972,-0.09589021636172759,-0.00943550669388835,-0.015663260713883853,-0.1299663940776865,-0.01264398208245981,-0.018632517441258652,-0.15432621203602656,-0.02168920133709428,-0.01857262924746709,-0.1777002375301576,-0.033092521568086335,-0.015036645777968982,-0.08131889319615171,-0.019747531852631294,-0.03087963736612864,-0.10501572647907453,-0.019653237336421055,-0.03539045301933084,-0.12655899718770197,-0.023363988909922192,-0.037187590103433144,-0.14839744243177763,-0.031540765927572184,-0.03543941097281238
0.0,0.0,0.0,-0.02683281446280317,-0.0062316058213797414,0.02626983751658184,-0.04979802453742765,-0.011478309422238757,0.0491786102633419,-0.07419368958415316,-0.013321971433887018,0.06661932511546963,-0.09508260656584368,-0.012235234825722571,0.0811558647414145,-0.09834225262274275,2.879241076827351e-18,0.022030324233642644,-0.1289126991303262,-0.0028719048656277793,0.026984868417096745,-0.15052611553848025,-0.006207112862816656,0.0302237063404961,-0.16879015948442955,-0.027587723097792245,0.030932009237140266,-0.10014428734322632,2.596337862100039e-18,4.470978935650939e-19,-0.13930835297869726,-0.0018224179077946045,0.0021259675540105426,-0.1658408311948362,-0.011439484957304819,-0.000833264482892515,-0.1906687865911152,-0.021388337422204293,0.002627038348783219,-0.09545807363075844,-0.009334743942690599,-0.015551320027853355,-0.12928228588614807,-0.012941948554437244,-0.018634278031224406,-0.15359540036696756,-0.022082059125931235,-0.019187472268634334,-0.17647536218286747,-0.0327946992001522,-0.01570810091437206,-0.08078966815974878,-0.019447885325205836,-0.03067924111762127,-0.10434564162133679,-0.01926540541606344,-0.035289942152375256,-0.12538145538975262,-0.022839777543976782,-0.03757326747472007,-0.14722516063426855,-0.030438621852491344,-0.035859506323047914
0.0,0.0,0.0,-0.027155624313743257,-0.006319734335473898,0.025835590768133715,-0.049672970112697674,-0.010934150136093878,0.049010007348976446,-0.0732957197866665,-0.011130975094238745,0.0675602888104855,-0.09369937601864896,-0.008825677854805805,0.08293440306828763,-0.09836940154848452,-1.5781496621455502e-18,0.021647343347172665,-0.12927083638282078,-0.002148432210125838,0.027067053710710033,-0.15119241156204075,-0.005109787489544045,0.03056494923919019,-0.1696054951440083,-0.02563115199149983,0.031114242043268583,-0.10005415986502099,-4.7982084903754526e-18,-9.456131289555719e-20,-0.1388304495245531,-0.0022215578370039317,0.002204844744399498,-0.16493262139817222,-0.01191255018288437,-0.0012302596394058246,-0.18931687548004494,-0.02180939533411137,0.001945154832252012,-0.0950956574258019,-0.009230756177806212,-0.015463913846290589,-0.12861171487983486,-0.013087745216078191,-0.018610983398907884,-0.152899701701046,-0.022285891938840313,-0.019722656184575266,-0.1754243265837567,-0.032516488890032044,-0.016354635241871966,-0.08030689965526328,-0.019101875669021037,-0.030515168431725373,-0.10372124276019948,-0.018790791565386742,-0.03513483632298074,-0.12449573093839918,-0.022281086372438034,-0.037873788634376515,-0.14619596248617137,-0.02948864384149551,-0.03620927664471216
0.0,0.0,0.0,-0.027310615578112946,-0.006519775306052889,0.025444585904462025,-0.0493880948965774,-0.010703732298443803,0.04877658932157285,-0.07242491106081965,-0.009771464574241684,0.06815538747007448,-0.09256949676795684,-0.006640407798404766,0.08407386024046716,-0.09825339188715451,-1.8854816281297436e-20,0.02129267910243368,-0.1291449516081854,-0.0019058326954064855,0.027192764806545158,-0.1511830104063682,-0.004778037519236274,0.030911380570846962,-0.169532180455751,-0.02472651569835769,0.03130684384162345,-0.09985120500839509,5.785369043938879e-19,3.7296322695203514e-19,-0.13831431132297717,-0.0024827842269434016,0.0023888798097606977,-0.16405663932200784,-0.012264399796233097,-0.0014326914839017982,-0.18823330806786126,-0.02222434058687963,0.001526922515037522,-0.09480210278755485,-0.009131417341019115,-0.015396694465756292,-0.12796985021808382,-0.013163577209506918,-0.018542830710882082,-0.15224201005155874,-0.022454225981867474,-0.020157497314137428,-0.17452696978322968,-0.03240140223968237,-0.01696477962657121,-0.07986538026513301,-0.0187316573272176,-0.030371997800221918,-0.1031284036088805,-0.018304216616849372,-0.034951005799395383,-0.12386152136511216,-0.021797512252411087,-0.038069268592353496,-0.14533131178747544,-0.028794541536219385,-0.03648287302658602
0.0,0.0,0.0,-0.02735288325366685,-0.006778184540213931,0.025110001192895914,-0.049012387237676855,-0.010696152550455754,0.04855048271683193,-0.07156540346101914,-0.009045148374560913,0.06855050626505173,-0.0915507948410076,-0.005380799231021358,0.08485290149482909,-0.09809908669734789,2.7402363524933046e-18,0.02100072401997824,-0.12875985731639,-0.0019764713162673192,0.02734533809077372,-0.15081234149329545,-0.004905096986517816,0.03122117538894945,-0.16906233814265154,-0.024525248456803348,0.03149769093279657,-0.09962119937920397,3.43156134404256e-18,1.0217314605936042e-18,-0.1378426595459536,-0.002665542729466299,0.002615505990382634,-0.1632985334076877,-0.012573370004716875,-0.0015024193062200004,-0.1874249921655921,-0.022657872815061045,0.0012928524718009227,-0.09459266342508468,-0.009046073590584324,-0.015358071496384393,-0.12741583148010846,-0.01322080190790499,-0.018455525794374778,-0.15165505715796,-0.022665084314371385,-0.020488170457988557,-0.17380212800303235,-0.032488398507359725,-0.017512864741269472,-0.07948074699072907,-0.018375846088399202,-0.030258175716652538,-0.10259149141446147,-0.017884838677601888,-0.034802176696616074,-0.12344173022905983,-0.021470238624264094,-0.03817754914322915,-0.14465994196330262,-0.028378590365703383,-0.03669759756333514
0.0,0.0,0.0,-0.02734077773936626,-0.007043984660661113,0.02484266616048817,-0.048635941633507,-0.010802686638037835,0.048377357036854175,-0.07076421173278157,-0.008696180512028558,0.06885915844145035,-0.09059410431296931,-0.00467200938268563,0.08548560544557644,-0.09798809412992976,-9.079407933718286e-18,0.020793039171301143,-0.12830741797741843,-0.0021966840928465815,0.027505775391975015,-0.15033994625400635,-0.005217559139417183,0.03146119424205411,-0.16853660261902137,-0.02468276206895292,0.03166337320790377,-0.09943669592132759,-8.463725150112382e-18,-7.851478059106776e-19,-0.137483694368901,-0.002795545279888243,0.0028092495360248102,-0.162732636775299,-0.012860297112014411,-0.0015219084158139236,-0.18689163334325606,-0.02307149915597644,0.001145123015026572,-0.09446581118427097,-0.00897717512798371,-0.015352270895738837,-0.12700353397122122,-0.013275275266606794,-0.01839416217577774,-0.15116483150987486,-0.02289717044501265,-0.020729197333724563,-0.17326538178694195,-0.03269739092957045,-0.017989711544647995,-0.0791659946306057,-0.01806644665235608,-0.030192485460790522,-0.10214127367772134,-0.017567352593173078,-0.03474251498381098,-0.12318513968315066,-0.021295587890480132,-0.03823501681539613,-0.14418631146472025,-0.028159913932348197,-0.036884359791440696
0.0,0.0,0.0,-0.02732478228224986,-0.0072902490077796445,0.024642550390984633,-0.04831672135705341,-0.010921146770789227,0.04827743083629024,-0.07007149307354646,-0.008472510065702805,0.06917092282857344,-0.08971337804947385,-0.004154184712038817,0.08611618154331456,-0.09792639415162242,-6.220495690065791e-19,0.020655898540549323,-0.12788291454133302,-0.0024560890715407237,0.027653242022703143,-0.1499127813473714,-0.005559001544977944,0.03162543171662369,-0.16809580269680863,-0.024955166932992427,0.03178147828309314,-0.09931106758431202,-6.716777784697371e-19,7.677457519907234e-19,-0.13723301578437605,-0.0028942203094915746,0.002940763297941857,-0.1623407914586969,-0.013128892119338422,-0.0015480472100979162,-0.18654526409998975,-0.0234333561960006,0.0010110686586430441,-0.09438086836409915,-0.008920366603477007,-0.015361337296869903,-0.1267221687041518,-0.01333959680661882,-0.018373604775569877,-0.15075602302300156,-0.023111436467857873,-0.020907173480097106,-0.1728739837841028,-0.032930184007344085,-0.018406624571875776,-0.07890482196475758,-0.017812755408103835,-0.03016794643561954,-0.10177182057980097,-0.01734387953990426,-0.03476352028933306,-0.12301129630065366,-0.02121372992829234,-0.03826575251257854,-0.14385997470347162,-0.0280302163933676,-0.037058751789519166
0.0,0.0,0.0,-0.027330015169383347,-0.0075003683481188015,0.024515177985055155,-0.04806931743199956,-0.010988132508243069,0.04825948952307763,-0.06952558952474443,-0.008238654680735036,0.06951497638000131,-0.08897409806395691,-0.003646212920732106,0.08676864077189385,-0.0978721198965665,-2.0953288571430024e-18,0.020561942855729768,-0.12752569218054985,-0.002702586123906294,0.027772182485482796,-0.14959663570082063,-0.005884056571776962,0.03173664727977505,-0.16775915041147718,-0.025248076342064045,0.03185617582822602,-0.09921892480371254,-2.222863947960727e-18,-1.1629507221697265e-19,-0.13704734029926663,-0.002994709865862382,0.003030650448672996,-0.1620576670114811,-0.013399982640327645,-0.001582211545097169,-0.18626764001702964,-0.023775691555513415,0.0008892237984251931,-0.09429479428339768,-0.008877420634800166,-0.015358114899766698,-0.12652520776214782,-0.01344366431689988,-0.018368005939870237,-0.1504096642201087,-0.023327433855711618,-0.021031603278228672,-0.17255791281624702,-0.033175673221631015,-0.018739967235696015,-0.07868166193413989,-0.01762335287713464,-0.030151754424008387,-0.10146872952596146,-0.01721420723201707,-0.034801316225760784,-0.12285963468007277,-0.02119276083916756,-0.03826785743707648,-0.14362019772746423,-0.02795825679423258,-0.03719113027201136
0.0,0.0,0.0,-0.027354786133169596,-0.007642636394229601,0.02447507942103273,-0.04790659720812196,-0.010992376766683614,0.04831404331054153,-0.06918864429760709,-0.008019892216327908,0.06981161848740071,-0.08850389587404267,-0.0032165653645697552,0.08729464957208144,-0.09780250667450795,-4.768934251710242e-18,0.020500081037054387,-0.12729049076698065,-0.002897763436571348,0.027854970934563773,-0.14943960920960864,-0.006159830190118162,0.03182121234916018,-0.16754608635215293,-0.0255267690793458,0.03192410395904183,-0.09914928872762166,-4.60557711869475e-18,-4.093087996524016e-19,-0.1369126122611573,-0.0031125672719995385,0.0031099360328397984,-0.16186254192668684,-0.013672743338308483,-0.0015835460783856,-0.18602258753986445,-0.024126524622643617,0.0008357894275790914,-0.09420994328071079,-0.00885630773612745,-0.015327494445604084,-0.12639629834347843,-0.013602449493751537,-0.018340252250406437,-0.15015398718669332,-0.023579061542655922,-0.021074805373084423,-0.1722958645316243,-0.03346484186655542,-0.01890926535500301,-0.07852407207006917,-0.01752032095978437,-0.03011490118035121,-0.10125700642048474,-0.017196669704768727,-0.034790750292389545,-0.12273555802416639,-0.0212442127896754,-0.03822482793587021,-0.14344988948555934,-0.027984683427856833,-0.03722371731545284
0.0,0.0,0.0,-0.02738984083310121,-0.0076703499649421435,0.024532509452455956,-0.04787122013450795,-0.010967291607328835,0.04840222604831079,-0.06915624319923527,-0.00795117291450411,0.06989305503358961,-0.08846607291804896,-0.0031055613727376807,0.08742580630194868,-0.0977428789765552,5.837137323321065e-19,0.02047900573535084,-0.12725162120850464,-0.0029932523963351275,0.02790334864704019,-0.14948694624461306,-0.006311085216544925,0.03188969331035551,-0.1675212870661404,-0.02573008916756456,0.032038050095057106,-0.09912889335452571,1.596610700180881e-19,9.144851264035917e-19,-0.1368601419026208,-0.003217136362716359,0.003195993346570324,-0.16180346556703876,-0.013885906934279832,-0.0015014095216383991,-0.18588755305286328,-0.024434521740780823,0.0009152476205091719,-0.09417635163938509,-0.00886194588535031,-0.015264240861685733,-0.12636819548828135,-0.013783833157658552,-0.018265596003405795,-0.1500612847792616,-0.02383869347889409,-0.0209826894105581,-0.17215240010779834,-0.033779289175745686,-0.018826203738463082,-0.07849699900822311,-0.017532937282762694,-0.030045082657172994,-0.10119726332403381,-0.017305116135821776,-0.03469967393671522,-0.12269894906467577,-0.021390991262699013,-0.03811631701740236,-0.143382158527396,-0.0281634167144526,-0.037111602747679974
0.0,0.0,0.0,-0.02743710369441963,-0.007543726699726206,0.024685761947272372,-0.048030783673470426,-0.010975114562434262,0.04847000059516097,-0.06954013489365089,-0.008214536424843221,0.06958393643967489,-0.08901888978737789,-0.0036204985591036967,0.08690752536448314,-0.09775111439961215,4.69699310976475e-18,0.02051134682465122,-0.127462073413571,-0.0029542379308176393,0.02792641394326805,-0.1497632226523817,-0.006268799930913669,0.03193459501152609,-0.16776251866465772,-0.025800625907478253,0.03223426206986937,-0.09921141759731346,5.615264405180928e-18,-2.6845296827465887e-19,-0.13694741685488293,-0.0032387768662741874,0.0032935580722477935,-0.1619691049084189,-0.013934175713323551,-0.0013031511587756452,-0.18601144766263666,-0.02459170124557534,0.0011625831708301807,-0.09426322626468832,-0.008895002235833843,-0.015159467178972435,-0.12650441448814198,-0.013922235253705366,-0.0181351563121231,-0.15021675602035223,-0.02401757802694722,-0.02070678730427494,-0.1722588497208805,-0.034050649658199345,-0.018453184371189854,-0.07866766958571685,-0.01769049994600776,-0.029937996544767673,-0.10135417417724751,-0.017541447052585674,-0.034522049531599805,-0.12282785979021575,-0.021655095927115425,-0.037919204744242346,-0.1434841422900616,-0.028537272936499405,-0.03683781583541935
0.0,0.0,0.0,-0.027505770605889636,-0.007252774153010668,0.02491497424820015,-0.048453933193630165,-0.011093009092646017,0.04846980674415674,-0.0704474708450952,-0.008997777634817176,0.06878706146927627,-0.09029876929987736,-0.005067703137208223,0.08561692392369817,-0.09789916956606601,4.586164094787958e-18,0.02060321729421814,-0.12793137090924123,-0.002790096069737224,0.027934556595993768,-0.1502541933209885,-0.006039943750759008,0.03193564673658511,-0.16831058021912837,-0.02575263898216001,0.03250109102666673,-0.09946028538060672,5.084032198432065e-18,1.491454999430899e-19,-0.13724594762140915,-0.0030967417589063124,0.003398331548629484,-0.1624567138482726,-0.013703568480996103,-0.0009959679314889005,-0.18655686121950055,-0.024487972865509102,0.0015537962380829684,-0.0945375807760787,-0.008947824319867195,-0.015005960762080694,-0.12687870761129094,-0.013944938308495422,-0.01795878600979473,-0.1506987725131485,-0.024007954225094576,-0.020250518700267166,-0.17276564363863517,-0.03420095777987298,-0.01784586090508182,-0.0790798529335052,-0.01799644841304397,-0.02979909719829129,-0.1017777357926661,-0.01788190783021023,-0.034273043214673324,-0.12319519898257034,-0.022038387188649144,-0.03762345339106725,-0.14384032573749175,-0.029109779942600198,-0.036424903415587344
0.0,0.0,0.0,-0.02757966765347069,-0.006835654995694047,0.025182092157710834,-0.04915502671008147,-0.011391621841855467,0.04837276588665631,-0.07191621996976058,-0.010423949244404422,0.06753230913500473,-0.09236553690382646,-0.007637355579492779,0.08360899508588666,-0.09823373464614674,7.376903880410906e-18,0.020759287205836943,-0.12859209337038893,-0.002584144266537706,0.02794574855079268,-0.1508581153135699,-0.00576738281129302,0.031883908189317356,-0.16908730622805426,-0.0257551737951667,0.032793820991671795,-0.09990754798538212,3.709922662835925e-18,-1.0107417512553512e-19,-0.13780620429904977,-0.0027432418174663823,0.0035007209084560315,-0.1633151688433123,-0.013144256546723876,-0.0006203334230122587,-0.18761871453703294,-0.024099113869930695,0.0020237345803401064,-0.09503236683735364,-0.008999760065736304,-0.014821764455349367,-0.12753283569591484,-0.013801717302126077,-0.017767580772070822,-0.15153802653057316,-0.02374923160699922,-0.019687507530102406,-0.1737608408700787,-0.03420678258047761,-0.01714287765521641,-0.07972347214289445,-0.01839667202762176,-0.029662078475457234,-0.10247465574695389,-0.018261746553955363,-0.03400255528766585,-0.12384457260205305,-0.022504290454686562,-0.03725302938340103,-0.1445132312691548,-0.029827672910803144,-0.0359423809142022
0.0,0.0,0.0,-0.02758916982089075,-0.006378412659289903,0.025454913336572425,-0.050035619975205795,-0.01190333907584534,0.04816788673301751,-0.0738454572908641,-0.012486673464382194,0.06592754626052676,-0.09512753641275086,-0.011279897344214857,0.0810307292652436,-0.09870886381378906,-4.090687306718967e-18,0.02099398522769482,-0.12924944350989978,-0.002511593598190343,0.02800130434601561,-0.151326518977998,-0.0057535355808507795,0.031816978617902975,-0.16980660645602152,-0.026188497846597998,0.03310023406549163,-0.10049490613572444,-3.2908233223511e-18,7.30918754308156e-19,-0.13860204608593904,-0.0021948074981168885,0.003595811825143551,-0.16448607774682386,-0.012342944346721143,-0.0001978090620843925,-0.18915850938231984,-0.023568819729234605,0.0025581423879712196,-0.09570833646643831,-0.009030701542736113,-0.014657025997175046,-0.12842751219149687,-0.013492712479603701,-0.017600324686714765,-0.15267421474794912,-0.02329047244318172,-0.0191112579458092,-0.1751984229511133,-0.03415998678267399,-0.01647122970080819,-0.08051313756784875,-0.018795716023070577,-0.029590731906399544,-0.10337840914851591,-0.018603211618650566,-0.03378865288594912,-0.12477444867374725,-0.022996772162440195,-0.03685523335647644,-0.14549912563427914,-0.030620888656387173,-0.03546686401808878
0.0,0.0,0.0,-0.02743480026315637,-0.005987603216418592,0.02573492245367258,-0.050908947742557546,-0.012622300739736619,0.04784960332177121,-0.07603161705258328,-0.015100217638530679,0.06404759531191287,-0.0983740031510435,-0.015751546344789733,0.07796263989582805,-0.0991746539996857,-5.477316154423216e-18,0.021334062543629677,-0.12961110621673128,-0.002804057326110363,0.028155531101993543,-0.15129469789272365,-0.006377698644658143,0.031811185436672114,-0.1699874853825179,-0.027553179749255682,0.03347231915262957,-0.10106895855404992,-4.9212455936622254e-18,8.440878075179018e-19,-0.13952910313377434,-0.0015088957031790078,0.003683287002019567,-0.16582847787918453,-0.011468344723234651,0.0003083578740647938,-0.19104261716393295,-0.02313102594374636,0.0032522867361013076,-0.09646558550506937,-0.009035290350421025,-0.014572523447207893,-0.12945231076004565,-0.013054946658573279,-0.017491981228363526,-0.15398211916163232,-0.02275029276282759,-0.01857344731190574,-0.1769193893976829,-0.034196345282498666,-0.015864900210044778,-0.08132346689099801,-0.019108694431586734,-0.029650242464847796,-0.1043739384658459,-0.018858711753762185,-0.03370172563701438,-0.12595805879662503,-0.023455267688163216,-0.0364697235321082,-0.14673142338528594,-0.031429770219281124,-0.035030626304916886
0.0,0.0,0.0,-0.027049366671798813,-0.00576335765945772,0.026056400279571942,-0.051589509565679446,-0.01354169170909869,0.04741803863987094,-0.078253929446003,-0.01818814782760948,0.061919515764429646,-0.1018617912586849,-0.020742796452309097,0.07440323404356862,-0.0994530147030377,-7.459411515548493e-18,0.021802653014797065,-0.1294070554036819,-0.0036739975770603453,0.028437920499339187,-0.15041064040958196,-0.007958471488027277,0.03192781783635438,-0.16906835025198888,-0.030286693586767433,0.03397514495017668,-0.10144525104130456,-5.424198205851682e-18,-3.955521208710821e-19,-0.14045764286988818,-0.0007552196037708138,0.0037496780310038113,-0.16719646916172434,-0.01066157310226467,0.0009587271463483383,-0.19312198536968067,-0.02295331537963288,0.004245875576979442,-0.09719259655482587,-0.009018882518210336,-0.014620569043329952,-0.13047764597323083,-0.012532073576441483,-0.017487639522028267,-0.15532120069077554,-0.022219039890599687,-0.01809087826245459,-0.17871283615299893,-0.034361993691854435,-0.015298422322438611,-0.0820479139441756,-0.019288336667598296,-0.029880268331977315,-0.10535176911400579,-0.01901697096676325,-0.03378042733698735,-0.12735908765301573,-0.023808763560096712,-0.03612376267251229,-0.14810387286363477,-0.03218791957826373,-0.03463668445284836
0.0,0.0,0.0,-0.026433335797053287,-0.005776954303383802,0.02645476137227228,-0.05194815184059615,-0.01467403578678175,0.04689326930642408,-0.08028281583688411,-0.021678356070068225,0.05960533695434668,-0.10531994719922547,-0.025938981868748285,0.07039024435683688,-0.09941941660914932,-7.457581174126846e-18,0.022390144084586918,-0.12849619857059186,-0.0052376750659448145,0.028832172081833172,-0.14845791661599,-0.010640058896851462,0.03218076620524717,-0.16653433424562827,-0.03458594978019259,0.03461606982164759,-0.10148154965189675,-1.0638148654043514e-17,-2.436874206670501e-18,-0.1412699370482194,-1.978923391138636e-05,0.003768025455784158,-0.16847328508855736,-0.010003290850440303,0.0017723263545297335,-0.1952383668010449,-0.023062598098403702,0.0056006177288589875,-0.0977952850071093,-0.008990803602150037,-0.014836757538357948,-0.1313843817935078,-0.011963803995449055,-0.017647374091773218,-0.15654330141599687,-0.021715513872523434,-0.017695610681474773,-0.180345944609042,-0.034572752001339614,-0.014775143749813025,-0.08262210018649244,-0.01931449783063593,-0.0302883616151878,-0.10622523391674699,-0.01907725374330283,-0.034035139127222815,-0.1289016999446353,-0.023986229253888554,-0.03586389845514277,-0.14946034776084302,-0.03282045138487032,-0.03433042240441282
0.0,0.0,0.0,-0.025640035824017686,-0.006028839356007054,0.026915418174590776,-0.05192628844385344,-0.01602532994787558,0.046311579888333884,-0.08187397062903863,-0.025423746201561487,0.05723166582583812,-0.10844827463528686,-0.031060437980967356,0.06607109069645757,-0.09904134413653982,-3.6720855119610434e-18,0.023030745694538744,-0.12692703225546603,-0.007439333662011651,0.029289343508783334,-0.14543244531957492,-0.01430229446798109,0.03254627897060745,-0.16206578252059867,-0.040256516150853044,0.03531038132649335,-0.101129570851463,-1.0713973085231552e-18,3.6610745564224857e-19,-0.14186193394210905,0.0006012706225389071,0.0037375572608543996,-0.16955282412515169,-0.009536152882628102,0.0027068990450452132,-0.19718402887921724,-0.023375856893413687,0.007235474596514051,-0.09819880848503267,-0.008961272281942167,-0.015217193998688832,-0.1320712830682464,-0.011374531219320166,-0.017997201400184876,-0.1574928868201354,-0.021183571203430628,-0.017443535633957084,-0.18161353988300147,-0.034639915821132336,-0.01434967868578311,-0.08301437813941893,-0.019183798241724975,-0.03084297909149692,-0.1069149281900758,-0.019027204933428916,-0.034444969879273986,-0.13043113881809962,-0.02394344455964162,-0.03576332379254382,-0.15059561565520266,-0.033251166626147056,-0.03420976306944699
0.0,0.0,0.0,-0.02475737026131153,-0.006412734312461651,0.027349464528437003,-0.051565337255841386,-0.017537288548695705,0.04570971246211408,-0.08285853218272984,-0.02913559809832352,0.05495195964278275,-0.1110161555948448,-0.0358708352057277,0.06171508995414846,-0.09840012071725553,5.93831635485851e-18,0.023618537359679805,-0.12497936899223071,-0.010017858447307059,0.02975267315085119,-0.14160117905585407,-0.01855729966802066,0.032983354984977516,-0.1557337277358741,-0.04672480119668346,0.03591123197137705,-0.10046234885536379,3.5412352611738944e-18,4.963178775833671e-19,-0.14215196924778625,0.001022200987426639,0.003714041556212949,-0.17032418219060513,-0.009315723602432775,0.0036954846354762022,-0.1987126241860193,-0.023846018365412988,0.00898491998673914,-0.09835281661091078,-0.008935851420860234,-0.015694183175980973,-0.13247216088099836,-0.010767189508496606,-0.018467623705274834,-0.158050600319507,-0.02053659065767476,-0.01735992929426998,-0.18242577532358803,-0.03436684015150019,-0.014060720170817406,-0.08320989712481536,-0.018930079663209674,-0.03146439740768785,-0.10734604077395045,-0.018863716775528453,-0.034938779689140595,-0.13174058987716508,-0.02370252592796436,-0.035859808220810786,-0.15133633088921555,-0.03342071530939877,-0.03431437681629134
0.0,0.0,0.0,-0.023905808870472466,-0.006753767316010965,0.027647644614556762,-0.051033844359772665,-0.019069776028523194,0.0451250270400704,-0.08326684313222742,-0.03247109110777672,0.0529150150675937,-0.11299938803767078,-0.040193416934707314,0.05768538318326757,-0.09769308708269923,6.731519579029491e-18,0.02406949794078271,-0.12312404201265258,-0.012602791672412059,0.030180546436076268,-0.13747422642021365,-0.022911377939487935,0.03345867301307428,-0.14807469981569912,-0.05331086910500858,0.03632527189322706,-0.09966089073936332,2.7622431058444317e-18,-6.816941354232888e-19,-0.1421317278107254,0.0011878206270909265,0.003772016294526736,-0.17071020267351078,-0.009424668310178847,0.004687690372971671,-0.19964425839606043,-0.024545947348449677,0.010728107449158017,-0.09826712205921613,-0.008913725528360117,-0.016158625605315804,-0.13259174564580994,-0.01014304529166423,-0.01890886308657082,-0.15821093225415345,-0.019756259150862283,-0.017393683814012555,-0.18285616669736207,-0.03370316803121268,-0.01387210522243837,-0.08322306985599676,-0.018644018842986776,-0.032045640012402093,-0.10748508829142314,-0.01863902206768799,-0.035409736288670474,-0.13268633646505368,-0.02338979262127232,-0.0360997264942158,-0.15165160942936004,-0.03336022231891012,-0.0345387829682821
0.0,0.0,0.0,-0.023211656714076122,-0.0069264912934425,0.027765175455756394,-0.050568128591681645,-0.020470665352044202,0.04459513482991326,-0.08332023677119284,-0.035223827400530906,0.05122392700420941,-0.11458980170420478,-0.0439623402374117,0.054310576987187546,-0.09715878186055803,-9.856519607785345e-18,0.0243677711748067,-0.12182705150384385,-0.014885913995118802,0.030555658665230127,-0.13364262152241485,-0.02696006458050686,0.03395503084127774,-0.13995024430709022,-0.059499863261949955,0.03660122142638909,-0.09895133298877157,-9.417765599460708e-18,-4.423877741137363e-19,-0.141912284286505,0.0011130979621389704,0.003935584716343719,-0.17074612385900473,-0.009880710727785357,0.005643432768940106,-0.19999809698854132,-0.02551642929570523,0.012430206980809445,-0.09804300986527827,-0.008890390708636208,-0.016517971869027138,-0.1325349617943994,-0.009524005159423237,-0.01918680887262836,-0.158115781017345,-0.018924842365997216,-0.017453600385605953,-0.18309552756724407,-0.03277968646089038,-0.0137184830045484,-0.08313041447146072,-0.018432631297791942,-0.032504548751098594,-0.10738745620450506,-0.01844061402383351,-0.03577803621706754,-0.13328870351164002,-0.023176288891590263,-0.03637400515537515,-0.15167624123588277,-0.03320509012947925,-0.03470913164022874
0.0,0.0,0.0,-0.0227571804192964,-0.006947456143480996,0.02774390169832317,-0.05033751549882947,-0.021648143617765216,0.04414424002002544,-0.08327968840105952,-0.037351785116765984,0.04989827659991991,-0.11601285836226201,-0.04715061197303405,0.05176019362775922,-0.09695423755398076,-1.6123843691695796e-18,0.024552257202068793,-0.12132111330565251,-0.016692063621538984,0.030863883416626645,-0.13062007933112024,-0.030414283611149825,0.03443275436743127,-0.13241207045378903,-0.06490480545426827,0.036846900602061874,-0.09852571014236197,-1.8099977154938627e-18,2.655969412103553e-18,-0.14169926654104043,0.0009124251072440228,0.004160722583529118,-0.17061466543108914,-0.010546338155097451,0.006493198651741235,-0.20002309385877132,-0.026595858595013275,0.014044044552018893,-0.09784165914471335,-0.008856120473783504,-0.01673211094068944,-0.1324854277205921,-0.008955024579769844,-0.019269519778287666,-0.157995289210884,-0.018150273491235522,-0.01749317245620342,-0.1833466062568899,-0.03179553520062426,-0.01359882629857522,-0.08305872247136688,-0.018341093823954248,-0.03282160581395536,-0.10720253506582678,-0.01830170014631386,-0.03603653245295021,-0.13371138693442058,-0.023116735947182165,-0.03660302959218139,-0.15163588867725183,-0.033053358980759756,-0.03473538036210618
0.0,0.0,0.0,-0.022547498897859827,-0.006937474069700745,0.02766123642363405,-0.05035387503047839,-0.022569150262129876,0.0437823319312788,-0.08330197371004781,-0.03886783879674673,0.04890705689174481,-0.11732501105361964,-0.04965900414578711,0.05003914217138808,-0.09708784265774856,-4.181393509251144e-18,0.024673317339080705,-0.12152123693007115,-0.017946982722753056,0.031079860178463776,-0.12871829824148362,-0.03304250610034493,0.034811721709588,-0.12649715727056576,-0.0691219178903189,0.037082028004601635,-0.09847453930565597,-3.94535750312921e-18,-1.2473435120111043e-18,-0.14169267695091536,0.0007500867393727825,0.004384967002604293,-0.17055894669333635,-0.01116845615829821,0.007150918511876947,-0.20005651217002376,-0.02746829947875327,0.01544562883729597,-0.09779966530310293,-0.008802189254108868,-0.01681082452898714,-0.1326128049518764,-0.008488758740549843,-0.019218049199478653,-0.15804793715711168,-0.017488347786501234,-0.017526682653994898,-0.18372891937976135,-0.030896373377546884,-0.013563267723408054,-0.08311360380848312,-0.018334141852619997,-0.0330264866530013,-0.10711245268930171,-0.01817652284173074,-0.03622497975861625,-0.13414451084268508,-0.023097987110097376,-0.036769813560712794,-0.1517319134713645,-0.03286738499942256,-0.034658296725019196
0.0,0.0,0.0,-0.022511965242110486,-0.006995709954464647,0.027571304825519966,-0.05049662032423743,-0.02322832941490592,0.04351673266400434,-0.08339758220532728,-0.039807469101178515,0.04822480183035018,-0.11839820524405932,-0.05138833671476946,0.049038060117960434,-0.09743788657998619,-8.427708531850322e-18,0.02476203866229961,-0.12211296227234147,-0.01866878088016206,0.0311986723720471,-0.12790331440628133,-0.03472672508142945,0.03503908802179466,-0.12274863349514414,-0.07185129224993017,0.037250260296715264,-0.09874433923925387,-6.634774626194417e-18,-3.5125570210575405e-19,-0.14196101053887958,0.0007351224479663553,0.004581082685184486,-0.17071537293309685,-0.011522670243983967,0.007592114271269444,-0.20029971486981676,-0.02787253829583571,0.016529958911248598,-0.09795227942611502,-0.0087365766470582,-0.01679129984542006,-0.1329638265125686,-0.00816156661278463,-0.019101993615958317,-0.1583335738259962,-0.01693613738514237,-0.017560109939007296,-0.1842399324055621,-0.03012901715281234,-0.013602660592439452,-0.08331213872759244,-0.018358325363681375,-0.03315226240056322,-0.1072275151099478,-0.018021225271566334,-0.036368207002035774,-0.13468765925040244,-0.022990743990616215,-0.03688229560393992,-0.15203699060982798,-0.032573737291554064,-0.0345562735077085
0.0,0.0,0.0,-0.022547839325538225,-0.007127334612016182,0.02749267259113208,-0.05062694441236692,-0.023639766263224414,0.043349102465241714,-0.08349613132080734,-0.04026942282266275,0.047821268615139134,-0.11909066029768439,-0.05238536866793879,0.04857169789657507,-0.09783580263098962,-1.365525337611408e-17,0.024825803686322832,-0.12275061361596434,-0.018970012135090076,0.03126067943287379,-0.12782355549640975,-0.03555267310562057,0.03515495715699793,-0.12095561584119692,-0.07314554350732738,0.037356824160688626,-0.09916944178374411,-9.581988802098703e-18,4.440346034031951e-19,-0.14240347440521156,0.0008716477731490738,0.004753828769948599,-0.17104094074411427,-0.011531353493981282,0.007874429690738854,-0.200728885902397,-0.027763460621443806,0.01730563285210468,-0.09822947799460659,-0.008681805436245332,-0.016713557663027775,-0.1334424587177938,-0.00797477227622845,-0.01894942735194799,-0.15876447919048503,-0.01647721142530908,-0.01755599250425663,-0.18478892494503826,-0.029482589637587268,-0.013628034823737938,-0.08358778373911677,-0.018395542416363635,-0.03320997929655467,-0.1075241150859991,-0.01785627067960802,-0.03645124898074523,-0.13531049212327637,-0.022789686352330946,-0.03693078287177304,-0.1524815306175428,-0.032195331857508176,-0.034447965073734044
0.0,0.0,0.0,-0.022586099873543274,-0.0072766902277796065,0.02742896303244082,-0.050692829776622345,-0.02384888904083573,0.04325846271352163,-0.08354982555035957,-0.040431002026594644,0.047613383188132706,-0.11941080899401943,-0.0528677024345308,0.04839857019279629,-0.0981760366589835,-9.612782748503873e-18,0.024864150091812053,-0.12324265136823269,-0.019012313243385513,0.03131728687052613,-0.12806216308676813,-0.03577430565085728,0.035247152764427955,-0.12044865148154685,-0.07342197282827785,0.03748423288889587,-0.09958239196444052,-1.0762965205466635e-17,1.11309421862679e-18,-0.1428556348756611,0.0011077022934990956,0.004908270652480172,-0.17140803763925527,-0.011245485829260382,0.00806571821203206,-0.2012155526107092,-0.02727895394023216,0.017843232524395455,-0.09853088238580855,-0.008655746958682509,-0.016609650212356438,-0.13390342538911063,-0.007883728231383943,-0.018771628650150706,-0.15920399893023587,-0.01609587364097129,-0.017480713950331205,-0.18528331084140393,-0.028929929341889878,-0.013572374134540066,-0.08386036698261108,-0.018454576713110918,-0.03320296926151425,-0.10789487745573101,-0.01773245206701488,-0.036449203709075624,-0.13591640114103679,-0.02256392349411879,-0.036897006538646734,-0.1529547989003029,-0.03182921962969988,-0.03430656484484667
0.0,0.0,0.0,-0.022630654531044042,-0.007397392975195366,0.027380672762998493,-0.05074780307889928,-0.023939414188819022,0.04319559673437608,-0.08358787733479175,-0.04051114192380587,0.047468476115191054,-0.11954133740763571,-0.05313159549781342,0.04826350249630878,-0.09847650412751238,-3.229274265261453e-18,0.0248878888442747,-0.12361321743455161,-0.018945215482031312,0.031389815262115706,-0.1283582372199188,-0.03569632020402654,0.03536058612926157,-0.12052920654531002,-0.0732492269944726,0.03767828851698051,-0.09991296471738359,-5.653855295304976e-18,3.8942959479515843e-19,-0.14322681265074722,0.0014159836780212208,0.005041614015738927,-0.17173738065880115,-0.010724827204736722,0.008186180063634573,-0.20168784025440994,-0.026575649508930578,0.01818772489808691,-0.09880686037982113,-0.008659646799229979,-0.01650689879393234,-0.13426510955928422,-0.007794959164362015,-0.018601692413867832,-0.15957789027749178,-0.01573661864566293,-0.017354065093744556,-0.1857098173579266,-0.028413501259120403,-0.013458013907607928,-0.08410051514859428,-0.018538462674746653,-0.03315312380819251,-0.10826179844245036,-0.017659139163386923,-0.03637288343691686,-0.1364563562074001,-0.02232460790372682,-0.03679812923967437,-0.15342724653588885,-0.03153039336037321,-0.03413782747550238
0.0,0.0,0.0,-0.022734286910026803,-0.00748719646903645,0.027347443512135722,-0.05089186851648714,-0.02400871982530853,0.043110600565729074,-0.08369929723717734,-0.04069370651516748,0.04727361216882954,-0.11974505681931018,-0.05342334618768227,0.04799261403353798,-0.09882910325806868,-5.033663058354022e-20,0.02491994205371434,-0.12401634723016261,-0.018866803253289665,0.03147565219175489,-0.12864721632765222,-0.03557539637835892,0.03548862119985172,-0.12071019322921421,-0.07313035523652077,0.03791941127753962,-0.10019059289996043,2.164361518958907e-19,-1.0382037611752876e-18,-0.14352892979115223,0.0018229909411932009,0.0051466966155440785,-0.17203464845503239,-0.009971482035875114,0.008217991624667268,-0.20217198487992663,-0.025720918417485403,0.01834596779772743,-0.0990719350028943,-0.008677199009673665,-0.016429193590875718,-0.13453815702047986,-0.007589020859114251,-0.01849512285339445,-0.15989676839414624,-0.01528830615608226,-0.017235920688864967,-0.1861417792756137,-0.02783839428535366,-0.013359466480335279,-0.08433289225539504,-0.018629473044225332,-0.033105085487992465,-0.10862675192672698,-0.017580048146224547,-0.036279756106056354,-0.136967702029534,-0.021990936037031027,-0.036700696019622385,-0.15396917813832492,-0.03125598601182122,-0.034006677324227526
0.0,0.0,0.0,-0.022925756481609324,-0.007571612141403575,0.027338038616314342,-0.05117942817625728,-0.02411791924581294,0.043002482761131396,-0.08395541983717905,-0.04104951252783683,0.047011923039813414,-0.12020499411626709,-0.0538418505497296,0.047579205522249646,-0.09927605863450463,-2.7119467267312812e-18,0.024978453077181613,-0.12455796798323611,-0.018817812733540978,0.03157693817701228,-0.1289556208992708,-0.035570876407362034,0.03563019088406708,-0.12077290413649544,-0.07337260677661114,0.03819455498360452,-0.10045983686321605,-5.269284901553641e-18,-3.4225087429568665e-19,-0.1437937529670864,0.002356858130152449,0.005210504074918782,-0.172326719600096,-0.009006533288133424,0.00814856693187941,-0.20270922643550904,-0.02475143598777508,0.01832060962910781,-0.09935039097247261,-0.008681831010039217,-0.016392111355971555,-0.13476234128245632,-0.007182299799132757,-0.018494773965096942,-0.16018729310540644,-0.014654151840292326,-0.017169491890427133,-0.18665413222836902,-0.02713112581043062,-0.013320784426846397,-0.0845866878469977,-0.018696456568707383,-0.03310149347777767,-0.10901498314822815,-0.017421659156299674,-0.03623279231485679,-0.13749062808712637,-0.02148520191706175,-0.03667245735332435,-0.15464303856336395,-0.030924435103701287,-0.03397920554567746
0.0,0.0,0.0,-0.02315910579883591,-0.007664199278369723,0.027379282193076615,-0.051555248036981804,-0.02425359638654072,0.04294405368828144,-0.08432550027387666,-0.04149771579930737,0.04679333487807516,-0.12087964728260671,-0.05430428100258339,0.047196381906145245,-0.0997281138602663,-1.273532859216411e-17,0.025064352836602757,-0.12515415772410277,-0.018800981210828405,0.031703541032613976,-0.12926423690653963,-0.035723020904417827,0.03580767175315749,-0.12071621695718202,-0.07399634508993232,0.03851604238897775,-0.1006996111868863,-9.43971291432638e-18,-1.4032231515442389e-18,-0.14399559923506391,0.0029595312925682353,0.005210372524244504,-0.17259128692290224,-0.007999277712087112,0.007988970581142433,-0.20324912275783127,-0.02381897461999011,0.018123012050177446,-0.09961712469351093,-0.008654278912109481,-0.016403600485443932,-0.13493152929147234,-0.006618640105058602,-0.018598925999751766,-0.16042138761034644,-0.013895562558432824,-0.017145360260548886,-0.18720642755587744,-0.026372341663319657,-0.013307202991280532,-0.08484346092015031,-0.018714587322452125,-0.03315327862094782,-0.10938992855556906,-0.017183716450477518,-0.0362490606093,-0.13796415709402307,-0.020875824904206485,-0.036720999601797054,-0.15536997645042414,-0.030554578400443143,-0.034050705384839355
0.0,0.0,0.0,-0.023330351821017416,-0.007737996683811652,0.027502363034082076,-0.05185872206614876,-0.024316950916584416,0.04304974974520093,-0.08464417616729769,-0.04180680000921125,0.04682457141760547,-0.12145052677379883,-0.0545516898351142,0.047150519934471564,-0.09998596260979567,-8.764349633846561e-18,0.025158738104916603,-0.12553482875773453,-0.018791779366553595,0.03184468171453556,-0.12945422364004147,-0.03592732933262752,0.036020455733334816,-0.12066431186788604,-0.07466480585089379,0.0388541970887488,-0.10080580137308409,-8.247823899958946e-18,-2.7249833218297307e-19,-0.14404173920259047,0.0034544504928984703,0.005115905249605072,-0.17273434005284957,-0.007273097028345421,0.007752102172095861,-0.2036045310611062,-0.023216949025607968,0.017749250823152582,-0.09977484415927113,-0.008602367001377747,-0.016466924838484318,-0.13496395546220713,-0.006110153578971744,-0.01876087185925018,-0.1604988278434992,-0.013305142047322265,-0.017114172995213024,-0.18758890636313186,-0.025870622185019794,-0.013226231161272951,-0.08501216059270772,-0.018686501304146483,-0.03322926714123205,-0.10961968228825927,-0.016984844070899313,-0.036285418270452265,-0.13819678514193262,-0.02042267246461966,-0.03678264131193789,-0.15589156932318377,-0.03034253928092571,-0.03413456414968278
0.0,0.0,0.0,-0.023339932945064895,-0.007731432767487743,0.027707939519225688,-0.051886935233635224,-0.02413489248501709,0.04341195903238502,-0.08463883572349608,-0.041623974905132935,0.047342326521990365,-0.12137208215944527,-0.05416218437683131,0.04782267143398424,-0.09983530807261323,-3.904539239540992e-18,0.02522082745711722,-0.12539453821598848,-0.018714775832736712,0.03194444892761995,-0.12939351459832324,-0.035925388721881175,0.036197338328507224,-0.120821906255308,-0.07475695546663087,0.03908675500079131,-0.10063987251382799,-1.685873752352081e-18,-8.596502450770058e-19,-0.14380489845619093,0.003625865063620678,0.004914915787419403,-0.17260074164327024,-0.0071244903361041565,0.007443059147186951,-0.20349625249767525,-0.023200939318445128,0.017168080615060366,-0.09968306431628818,-0.008565806611591002,-0.016570084567624127,-0.13472916966610457,-0.005932722462387663,-0.01890621547604641,-0.16027817634803812,-0.01324482531548094,-0.017012545142563958,-0.1875044893741401,-0.025997099313423252,-0.01298659118344916,-0.08495660422740386,-0.01865333918755329,-0.03326783056899354,-0.10953318106008454,-0.016992611989551085,-0.03626059827861119,-0.1379406424524957,-0.02042321284054601,-0.036758651864933725,-0.15589934093410526,-0.030536128451136367,-0.034108952941320526
0.0,0.0,0.0,-0.023162911046060566,-0.007595451836505904,0.027944836227439807,-0.05148453612777935,-0.02349915025809901,0.04405972275253491,-0.08401349287729329,-0.040530139226087496,0.048546712584922644,-0.12001826171388193,-0.0525743518612484,0.04959580417637841,-0.09916413331662081,-8.019578106430594e-18,0.025194018033067707,-0.12458542091436565,-0.018419785240328,0.03189715080385288,-0.12911960779706114,-0.035356606306895876,0.03617726350853987,-0.12155609763651677,-0.07360627736010066,0.0389904526133943,-0.1001259380838413,-5.616759410680893e-18,9.894224634441287e-20,-0.14319090157664333,0.0033364638078325123,0.004643655903119832,-0.1720279891425711,-0.007637672572889578,0.007070229113166137,-0.20267634072872823,-0.023801675945065784,0.016331398615496248,-0.09923795101425466,-0.00859709834950508,-0.016677099661227924,-0.13412437266584873,-0.006270594449475974,-0.018955703743984916,-0.15964063215241647,-0.013907334428904355,-0.016789673103028566,-0.18672243142563683,-0.026932676893705307,-0.012561859961997853,-0.08457723023953634,-0.018678550913556042,-0.03320839673517066,-0.1090345889462424,-0.01730515537911416,-0.036102990043481754,-0.1370255421189494,-0.020995184435187657,-0.03657620476303539,-0.15523134397194713,-0.031223430332546685,-0.03389838806950453
0.0,0.0,0.0,-0.02288688480902983,-0.0073421158607461755,0.02812787457197962,-0.05062204860146458,-0.022240695414424663,0.04495522502871187,-0.08256860482364271,-0.03813801430518323,0.050547973815556424,-0.11691240406904514,-0.04919767742966269,0.05274053191254193,-0.0980469633037326,9.207143034956317e-18,0.025025838236742592,-0.12323039562366725,-0.01772310878292801,0.0315700682385467,-0.12894701906921116,-0.03388506820224212,0.03574274908821813,-0.12343814150815269,-0.07075468134334283,0.03829074286592173,-0.09933431231924864,1.2982565538078128e-17,-2.11105437394848e-19,-0.14221586361794344,0.002548360037434204,0.004378354534413783,-0.1709375510580982,-0.008725756482169608,0.006634127753381603,-0.20104570321462353,-0.024874950846355097,0.015188756475620973,-0.09843978721073089,-0.008734283490287764,-0.016743459040440372,-0.13314945347464996,-0.007189385854814977,-0.01885732626583275,-0.15855410400925335,-0.015305346432368262,-0.016452080140768613,-0.18516433065474683,-0.02865575690112275,-0.012040206508621747,-0.08387172879224998,-0.01881411693379189,-0.03302909739296582,-0.10816034532547888,-0.01791831024714939,-0.03580703882261826,-0.13543592677996807,-0.022034840602189243,-0.03625198948700203,-0.1539322047188126,-0.03229557932344364,-0.03355126835645261
0.0,0.0,0.0,-0.02269499164253347,-0.007042215543594854,0.02817367383753794,-0.04946354572453913,-0.020338252842615204,0.04601565564599864,-0.08035871258943392,-0.03428749782444307,0.05333400014657416,-0.112072557543878,-0.04370984672056194,0.057298223687189585,-0.09676493870129421,6.2204387762228886e-18,0.024688339474949302,-0.12176314377559788,-0.01649547326184843,0.030888356248303408,-0.1294268576990998,-0.031370720037297274,0.03478050052625664,-0.12708681483089684,-0.06618754782462899,0.03689537813983787,-0.09849028714687134,6.838030293392679e-18,7.241340597132351e-19,-0.14102964622957004,0.001284773358351011,0.004185720624724144,-0.16940584798384248,-0.010286051548942741,0.00609898756936565,-0.19871044978928626,-0.0262696348740192,0.01372045398198979,-0.09740283680167115,-0.00897688851944106,-0.016739287729589013,-0.1319185371114323,-0.008669498643618377,-0.018618231685565857,-0.15710215461560278,-0.017384656251703493,-0.016102144579063563,-0.18293520818921166,-0.031060903980050732,-0.011620667917358708,-0.08292799825732873,-0.01907146226396791,-0.032762846388179064,-0.10703363261645119,-0.018758075113200448,-0.03545064621263036,-0.1332999522104141,-0.023325330397809103,-0.03590845169742093,-0.1521928490915164,-0.03355561446020515,-0.03323157878217782
0.0,0.0,0.0,-0.022790871301066065,-0.006776654030019891,0.028019139068782988,-0.04836855801549003,-0.018004269904923747,0.04713915363063732,-0.07780232667672154,-0.029247061575500975,0.05674593990133289,-0.10629284560848105,-0.03639581071909495,0.06300230205947577,-0.09571323137760748,-2.7355206646162275e-18,0.024191646722523448,-0.12084925207622917,-0.014722876842485242,0.029949885349038568,-0.13114625959764625,-0.027974553926836034,0.0334786728089866,-0.1328317192375392,-0.06044522369714006,0.03514632311656214,-0.09787434364252219,-1.0406089262518656e-18,1.0357754175066861e-18,-0.13985281459075344,-0.00030683327001399853,0.004070458638813219,-0.1676608260333469,-0.012136317298748244,0.005396758065102334,-0.19598563770443844,-0.027769773500981018,0.011969552371074887,-0.09631506237326629,-0.00925807735004479,-0.01665946449456478,-0.13060046274098247,-0.010517080772358356,-0.018316663866516696,-0.15547415969150882,-0.019915789934097684,-0.01592968260057116,-0.18035708473798678,-0.0338236885329696,-0.011545768175993367,-0.08188162188505269,-0.019383740545903506,-0.03247656243887626,-0.10579852318189015,-0.01964597212940887,-0.035147773462366305,-0.13086576848949977,-0.02456307239731379,-0.035714723257838546,-0.15030279194596466,-0.03469822398511192,-0.033118585016926515
0.0,0.0,0.0,-0.023261155426278435,-0.006572822106863689,0.02763636304086406,-0.04766402045580792,-0.015616699224281255,0.04818791044493297,-0.07544570895625435,-0.023677547178756624,0.06042462826313036,-0.10076307045653768,-0.028177236669170894,0.0692293578646121,-0.09516096422018826,-4.8990798084496726e-18,0.023586853108843946,-0.12097520248515908,-0.012538285102917775,0.02901684329733765,-0.13424591006268288,-0.02407518400359805,0.03226099603639735,-0.14021729352001958,-0.05430984545338013,0.033622758358922124,-0.09763420987919083,-3.819356160019387e-18,-4.3166732283815356e-19,-0.13885335698373166,-0.001899503683510085,0.003986985336941699,-0.16597595905508267,-0.013874047213832381,0.004507431277714422,-0.19327809065480708,-0.028968892703284527,0.01006238961298135,-0.09535267212943542,-0.00946495476280596,-0.016516499615291412,-0.12934850545705248,-0.012316109443864796,-0.018051899391410716,-0.15391462342220083,-0.022354161154446543,-0.016102261592207658,-0.17789530122218625,-0.0362597199638226,-0.011958757478496479,-0.08087456239685507,-0.01961075925808978,-0.03221651776622552,-0.10459975879268205,-0.020303269122550857,-0.03495902342518014,-0.1284579347791586,-0.025386295487361512,-0.03576541293422637,-0.1485607553092319,-0.035287516711069965,-0.03328455072066537
0.0,0.0,0.0,-0.02399409766180888,-0.0063853550264819595,0.027064708177319912,-0.04738427028714869,-0.01350353668151415,0.04897647536266026,-0.07354742807142867,-0.018316759411371876,0.06384615756504232,-0.09623579665335917,-0.0201858302154143,0.07512087525804394,-0.09509786967833854,1.1559191496317406e-18,0.022947548299232703,-0.12203960042671826,-0.010200970988934058,0.028321540801799924,-0.1381221584170266,-0.02005900042067191,0.03144867969771695,-0.14795936655179612,-0.04830854233454294,0.03263446338455599,-0.09770369054498278,1.9961033826577927e-20,-1.0034733748718839e-18,-0.13808160544866907,-0.0031656196144454617,0.003901958184438138,-0.1645458529141812,-0.015081906603297661,0.0035252059095419296,-0.19089868046613248,-0.029491030122628333,0.008190624592901125,-0.09461264202468178,-0.009530929942420994,-0.01633295754746744,-0.12827022612611536,-0.013661469498478695,-0.01786954438317218,-0.15262251454438927,-0.02410749251580767,-0.016628182856077606,-0.17591291491268965,-0.037675587872662876,-0.01278461766027681,-0.08002283090943493,-0.01963764170092073,-0.03198025958822086,-0.1035678137919859,-0.02053913592762609,-0.03485925922581525,-0.12636136571793033,-0.0255943478062801,-0.03602172414105538,-0.14711003409006776,-0.03502698820966382,-0.033668538692145505
0.0,0.0,0.0,-0.024782429408035093,-0.006164640103692778,0.026416462342900186,-0.047350056513583476,-0.011811644894561511,0.04938132527019713,-0.07205328743105281,-0.013680966372815845,0.0665978792831414,-0.09279795433007922,-0.01324562043672585,0.08000649868562659,-0.09536927221561944,1.8861979336303674e-18,0.02234825691117004,-0.12355633451146356,-0.007984279993425186,0.027915942233928612,-0.14189767794016384,-0.016206472035350833,0.0310779565629759,-0.15476035075492667,-0.04266053626910095,0.03209857448328277,-0.09793842046996766,2.769427218475185e-18,4.454077213806687e-19,-0.1375294424066279,-0.0039885265467758954,0.0037985092268045728,-0.16346171140395035,-0.01563041282854011,0.0025814002377747324,-0.18899311525651005,-0.029267173105143974,0.006517577358662742,-0.09412484588527581,-0.009479018536864905,-0.016150214294441616,-0.1274275297871753,-0.01441475803089862,-0.017778197755920447,-0.1516711263173898,-0.024931587280301135,-0.01738300395539819,-0.17448776270260233,-0.03783572537404167,-0.013811938630051798,-0.07939422184888541,-0.019451040640649717,-0.03176002990747779,-0.10278364583920381,-0.02038621484845207,-0.0348143170015518,-0.12472689007301016,-0.02528221660727119,-0.036403263308344015,-0.14590843622663066,-0.03400221173869139,-0.03418121538722008
0.0,0.0,0.0,-0.025475471868192684,-0.005919608375985593,0.02582929746567926,-0.047397673183621286,-0.01055330976473607,0.049455959561082535,-0.07085252162247123,-0.010028358186552015,0.06860640428473452,-0.09024845815818645,-0.007734019337673083,0.08370623647652387,-0.09585449317404252,3.0063776284308027e-18,0.021859834335984627,-0.12511994941012292,-0.006073525764610559,0.027728428169357052,-0.14503207087796996,-0.012732077597434865,0.031020403791591118,-0.15999561254463562,-0.037557964315728,0.03182687755801369,-0.09825839150656752,4.5009790345820216e-18,-4.505063241776393e-19,-0.13721056677576945,-0.004436006230137326,0.0036452736204374762,-0.16276793798179168,-0.015659283680745907,0.001752782908716876,-0.1875999801594485,-0.02848827245127018,0.005133068778273467,-0.09389127397647304,-0.00936997319722683,-0.01602312191152473,-0.12686074079924703,-0.014687481650763778,-0.01780306256730597,-0.15104760148790217,-0.024983703677957898,-0.018220740604870646,-0.1735113779020169,-0.037011557870306445,-0.01484215845494678,-0.07901360802984705,-0.019122689663370607,-0.03157730228765951,-0.10227954560313991,-0.0200251428573685,-0.03483354791548805,-0.12359900634522862,-0.024710710615618362,-0.036858872597761425,-0.14490404107930224,-0.03258196497492042,-0.034758628424431816
0.0,0.0,0.0,-0.026017029265961077,-0.005700521799605167,0.02540000363499794,-0.04745991012006303,-0.009688640762797062,0.049367887378666056,-0.06991598816958942,-0.007435782425252904,0.07001883061035759,-0.08840510273288014,-0.003706530680645288,0.08636240005972463,-0.09647454502952381,2.1423915996071987e-18,0.021533370843453192,-0.12652701374526013,-0.004566642713763038,0.02766814686034381,-0.14737650215108475,-0.009843641655242095,0.031126519682114828,-0.16362609170989864,-0.033291968658026576,0.031702370697018215,-0.0986382899013261,2.9074707462988747e-18,3.0859822052324635e-20,-0.1371479991157415,-0.004623321586844171,0.0034166719679823493,-0.1624765486709581,-0.015394240834111741,0.0010676168952357414,-0.18670163567842818,-0.027436287154292485,0.004078946461884719,-0.09388626595506033,-0.00924852611158474,-0.015988696018182483,-0.12658757016017846,-0.014674849662538817,-0.01796775286895571,-0.15071508197402775,-0.02461009142428241,-0.019023278941278237,-0.1728684344169154,-0.03571604389078918,-0.01574846482600904,-0.07886753237748002,-0.01875161217050913,-0.03146298020863452,-0.10204952331130988,-0.019642850867552214,-0.03493667903572076,-0.12295880799401544,-0.024121563876003546,-0.03734124531873076,-0.14413332686901384,-0.031165243161609773,-0.03533628858160909
0.0,0.0,0.0,-0.026403810860076933,-0.005552640264565967,0.025141078347095006,-0.04751988937768409,-0.009162756117108902,0.04925022688579201,-0.06925293014596381,-0.0058182401950179225,0.07099316242770083,-0.08714464406256676,-0.0010074164757768388,0.08817929752678959,-0.09712498381916584,-1.2350574363107309e-18,0.021368776615168974,-0.12765864734053115,-0.0035130103941487132,0.027664256844271345,-0.14895126889469082,-0.007719235341939569,0.03128265200866394,-0.1658637006577178,-0.03012251012020139,0.031657840912195805,-0.09903115471804444,-1.806339392504545e-18,-1.7274068915531276e-18,-0.13729680163980806,-0.004653681481535006,0.0031374473428204034,-0.1625037843989605,-0.01503841912206035,0.0005355049646720635,-0.18620737872129275,-0.02638922116336359,0.0033465790340883213,-0.09403662515330607,-0.00913423419538326,-0.016040764032957455,-0.1265514933060472,-0.014547489417277584,-0.018240636829448428,-0.15059326691943625,-0.024137612923615458,-0.01971321276973139,-0.17245734545944535,-0.03442584227647314,-0.016484940659471935,-0.07888690838437347,-0.01840771539347208,-0.031426810624328026,-0.1020255868528648,-0.019339505239099306,-0.03510486915851218,-0.12270488396889773,-0.02364377756628995,-0.03778866286990327,-0.14362142076871684,-0.03000074770493088,-0.035848648286876304
0.0,0.0,0.0,-0.02665081286365628,-0.005484901618306014,0.02500077631613022,-0.04756068724982576,-0.008914777417995531,0.04915024472267984,-0.0688309606641245,-0.004983206156870777,0.07164005949721837,-0.08634304441224501,0.0006046207655823143,0.08933876687784537,-0.09768391830411673,-1.9373767988908818e-18,0.021319313932544035,-0.12844208000901428,-0.002901492640737866,0.02768044457438304,-0.149851287562013,-0.006410250295520223,0.03144349541438915,-0.1670240998865574,-0.028100746278467828,0.031673873462948816,-0.09936476955390346,2.398667127496832e-19,-1.0309953024565059e-18,-0.13754716847970086,-0.004616147607501182,0.0028754233924385563,-0.16268678393606067,-0.014731036761115203,0.000164829117181347,-0.18598094739522342,-0.02555433441698676,0.00288972659229662,-0.09424645684554155,-0.009038490603206299,-0.016137583388916122,-0.12663376221809175,-0.01443184543142785,-0.018536574154983942,-0.15057562724450457,-0.023778135629653852,-0.020246038689307612,-0.1721781293874883,-0.033440777538908506,-0.017049077538216217,-0.07897360338231259,-0.018128994933298153,-0.03144598246627204,-0.10210135267957013,-0.019136947586215026,-0.03527385800985924,-0.12268138947998433,-0.02331304805363603,-0.03813937400323815,-0.14332197789989207,-0.029171160700013066,-0.03623989891545835
0.0,0.0,0.0,-0.026777721942475387,-0.00546005981696576,0.024924330940194195,-0.04755815462475318,-0.008872035065467729,0.04907347260088828,-0.06856541890714211,-0.004734228574937206,0.07203462007623468,-0.08584597855867611,0.0013344874289993119,0.08998058584139303,-0.09807644398662732,-8.099381590636119e-18,0.021330650150549735,-0.12888896709575962,-0.002635364478213199,0.027711736522349255,-0.15023698011000272,-0.005783144915914817,0.031622021700335505,-0.1674667013630724,-0.02704821812720226,0.031785322574021495,-0.09959210269704587,-8.358932338017083e-18,-2.357457526126053e-18,-0.13780737551834707,-0.00457319709837691,0.002682858700045585,-0.16290083278758347,-0.014528160591238114,-3.544338782836522e-05,-0.18592333239299616,-0.025015005466317068,0.0026681029066554377,-0.09444255843181003,-0.008977440484298979,-0.016236014412349835,-0.12673872969343844,-0.0144012473147781,-0.018779805229334368,-0.15060347607765465,-0.023609729329419096,-0.02059560754035512,-0.17198121601988955,-0.03285699049252005,-0.017426334704677665,-0.07906201346476663,-0.0179538073725756,-0.03148117713029921,-0.10220263359166536,-0.01904254374210024,-0.035383572478177,-0.12275863617175872,-0.023136751463167265,-0.03835992392181691,-0.14318052218705374,-0.028675129093757384,-0.03647597728734088
0.0,0.0,0.0,-0.026803607746835524,-0.005426612758158965,0.024879953084027906,-0.04749075477282256,-0.008955292539122774,0.049022237687404074,-0.06835242502812869,-0.004900885186230933,0.0722367209036588,-0.08548540684709109,0.0013650076337059385,0.09023035183055558,-0.09829029430948766,6.6505113766370965e-18,0.021361755900441804,-0.12907148252727435,-0.0025749964472995307,0.02775941167169539,-0.15028005433472288,-0.0056047029922879806,0.031838709497243996,-0.16749442213466834,-0.026685381687326204,0.03202276205109442,-0.09970085368021232,6.326598331523161e-18,1.0701551409858322e-18,-0.13802998625121196,-0.004553134588248743,0.0025681055638667578,-0.16309095505527413,-0.014429113920151043,-7.863338678845194e-05,-0.18597085245335973,-0.0247631968144014,0.0026421811486346787,-0.0945801748848387,-0.008963874344701927,-0.016313050754553127,-0.12681999469755678,-0.014469936196900221,-0.0189425601223513,-0.15066239676472942,-0.023618929932548088,-0.02076094878756438,-0.17185357172934254,-0.03263178875109647,-0.017598121255223774,-0.07912606554307543,-0.017909595845934254,-0.03149824967074754,-0.10229259262038506,-0.019059707429063523,-0.035414485914221056,-0.12285049705774842,-0.023109896345576,-0.0384608942641,-0.1431555335864226,-0.02848208964022955,-0.036560922268113666
0.0,0.0,0.0,-0.026747998470142993,-0.0053664415121754605,0.024841321655112675,-0.047351017777692614,-0.009100051648425651,0.04899248616691063,-0.06811387927736813,-0.005305746578321574,0.07230662872415468,-0.08513907956550361,0.0009382033598720246,0.09023790511589612,-0.09834216836065897,4.986949435114525e-18,0.021380873533087007,-0.12905251063567869,-0.0026094227743257586,0.027811325412395574,-0.15010628372046309,-0.005674413426835246,0.032081275849272645,-0.1672885137529726,-0.026740092595595906,0.03235335889829321,-0.09968923874449032,4.3468384089228996e-18,-7.822923768642499e-19,-0.1381785817664921,-0.004560866158810149,0.002523502861049958,-0.16320781237230417,-0.014412942861574437,-1.57112389957677e-05,-0.18603828131075928,-0.024753163998800648,0.0027393940880480892,-0.0946322996300228,-0.008993794531560441,-0.016357003684785428,-0.12684203900153743,-0.01461666005843987,-0.019023771319176024,-0.15072171184373373,-0.023764542825848983,-0.02077531433501825,-0.17174861708393707,-0.03267659256678538,-0.017589552635726535,-0.07914657272124441,-0.017977312975981083,-0.03146977430849273,-0.10233223655127623,-0.0191539536119423,-0.0353628580042882,-0.1228868503661544,-0.023191751245777888,-0.0384709949967994,-0.14317585774125438,-0.028531147579650532,-0.03652816007142326
0.0,0.0,0.0,-0.026632922139383234,-0.005289584919527279,0.02478496148027026,-0.04715755487622931,-0.009261225484710393,0.04896510667855735,-0.06783124275147982,-0.005773790669911678,0.07229970574593148,-0.08476915369785679,0.00033144587078633126,0.09014516421966458,-0.09826464040058988,4.593967791181042e-18,0.02136647044830105,-0.12887842715799575,-0.002668333278080519,0.027849479600919526,-0.1498008939271556,-0.005843210153507729,0.03231127444591537,-0.16695684738632113,-0.02696417897464444,0.03269935538050641,-0.09956381334953404,7.315892875269463e-18,2.8695969521689586e-21,-0.13822508456248156,-0.004584683467505335,0.002544172798435946,-0.16320757693288473,-0.014434809929450098,8.565374823143172e-05,-0.18604298381701528,-0.024893908821820517,0.002868539277595356,-0.0945948142096212,-0.009046790758023088,-0.01636199240829458,-0.1267799487889021,-0.014797432975111184,-0.01903047386372086,-0.15073575534786268,-0.02398282959486169,-0.02070127872235827,-0.17160486371929787,-0.032876055232265854,-0.017476741954657163,-0.07910993011839351,-0.018099978866416983,-0.03138629238669445,-0.10229151617924938,-0.0192555342715841,-0.03523101488527881,-0.12282969220935398,-0.023303535243643387,-0.03841486833339646,-0.1431654641014136,-0.02871012523175621,-0.03642833563583846
0.0,0.0,0.0,-0.02648043940570046,-0.005198317522109867,0.024714399739769407,-0.046957053077598065,-0.00940675113234435,0.04892093149317278,-0.06754273423639366,-0.006195979566007462,0.07225759926356744,-0.08440468837819386,-0.00025795869363981694,0.09003663880980795,-0.09812358147466109,2.130356806689599e-18,0.021319236600948595,-0.12863037030931712,-0.0027038954717404987,0.027871375070046188,-0.14945030504903312,-0.005984590172303149,0.032505985874521484,-0.16661994027051139,-0.02716772695431325,0.033008828505568584,-0.09936091183747309,2.8340888215555666e-18,7.0108088975090965e-19,-0.13818313436429558,-0.004605237602964542,0.0026112189015029064,-0.16311947493977355,-0.014446498572100478,0.00017846214632437682,-0.1859823747962077,-0.025085049913252173,0.002974882537431702,-0.09449526643152184,-0.009097953145001461,-0.016343763413542232,-0.12666286529211376,-0.014946432741603635,-0.0189934858621668,-0.1506914801394549,-0.024186225945014024,-0.020615500948794167,-0.17142707533361157,-0.03310360926948281,-0.017344523280388824,-0.07903060408238084,-0.018223149589347495,-0.031285784228295796,-0.10218973558916425,-0.019309568775503154,-0.03506529497579427,-0.12271444938724095,-0.023370003542917846,-0.038334411852598296,-0.14312576410247155,-0.028878852204585314,-0.03633597717269948
0.0,0.0,0.0,-0.02631066840667895,-0.0050909109718072585,0.024661056593445807,-0.04680869526704363,-0.00952612184987979,0.04885818860341266,-0.0673191692118822,-0.006566820836057212,0.07219721453718422,-0.0841186714345285,-0.0007819861848315241,0.08993414936849896,-0.09801338823644457,-1.6055326079058704e-18,0.021262582115908684,-0.12842847526887766,-0.0026988838318588006,0.027893615378709675,-0.1491574724954043,-0.006024438356896508,0.03267734898489706,-0.16641944202161896,-0.0272748347238495,0.03328653459120387,-0.09915271745102283,-4.567401533612546e-18,-1.2403711955570621e-18,-0.13811702957076102,-0.0046126988251258905,0.0026845389232215697,-0.1630455285570173,-0.014443217238902972,0.00025110021600949364,-0.18593896652218675,-0.025287821034978505,0.003059575073527974,-0.09438908820352736,-0.00912921702586668,-0.01634345345468987,-0.1265732667491538,-0.015007756103286989,-0.018970225818818104,-0.15061995651351237,-0.024310747870936043,-0.020582082192651268,-0.1712833019615022,-0.03327689906733768,-0.017246983494624415,-0.0789521837687493,-0.01831364670288365,-0.031240494246009044,-0.10209248691047872,-0.019308163733081012,-0.03495456646129327,-0.12263396431060246,-0.023362610331074448,-0.03829868424487584,-0.14313313404184075,-0.028936184028811023,-0.03633307204466862
0.0,0.0,0.0,-0.02614982179248546,-0.0049897023402949645,0.024652614474808612,-0.046766725450970964,-0.009640915681809956,0.04878536986917016,-0.06725234798920374,-0.006955401402563662,0.07209392732910368,-0.0840323446447396,-0.0013215566227827028,0.08980715182361533,-0.09801181185999373,1.0424336184089703e-17,0.02122489897608833,-0.12837132760363146,-0.002666152860392624,0.02793668030061358,-0.14901879303728804,-0.005956283755512722,0.03284645375455873,-0.16646395558729432,-0.02727361815898982,0.03356227693696679,-0.09901936699968122,1.0542166635175408e-17,1.337676538676042e-18,-0.13810186125135313,-0.004600042841787302,0.0027258069643435008,-0.16307672802944984,-0.014437379391499054,0.00030915315975803314,-0.18600594070828175,-0.025483134502965177,0.0031355594274372393,-0.09433664300829027,-0.009131740634750007,-0.016399161816940275,-0.12658583331467513,-0.014963294429643968,-0.01901296808907713,-0.15057287894491148,-0.024334426011179768,-0.020631862126389493,-0.17123484221701343,-0.0333574898717179,-0.01720975906181586,-0.07892265314473261,-0.01835276958045335,-0.03129531914891945,-0.10206526993424934,-0.019266243434658995,-0.0349665887571242,-0.12266301387759047,-0.02329143311878807,-0.0383680972455948,-0.1432437657270765,-0.02885787926277438,-0.03646619600909357
0.0,0.0,0.0,-0.02604180903156633,-0.004934478236319135,0.02469649832498926,-0.04687873747359637,-0.009788356806586553,0.04870307658803485,-0.06745761161977601,-0.007446262984712495,0.07187814342513466,-0.08432081921895045,-0.002025458157467748,0.08956695673718654,-0.09813735380545618,-2.281140325014296e-18,0.021223617850542942,-0.12848977844358042,-0.002613417450035483,0.028016206643177645,-0.14909387106713917,-0.005786244982061167,0.03302134388142311,-0.16679515401482176,-0.02710291967596896,0.03387099195263444,-0.0990107947049803,-5.881597081998527e-19,5.385107434807414e-19,-0.13817368113130052,-0.004536281057446808,0.002726011479111249,-0.16323326090078946,-0.014389652872611734,0.00035749288075879294,-0.18622812793093724,-0.025577062925202072,0.003197190075172287,-0.09437410106484465,-0.009106582048746299,-0.016507374030003286,-0.12672092795707324,-0.014817694746632993,-0.019131809573173075,-0.15060346978846537,-0.024238972383799032,-0.02075433204933603,-0.17131447842946068,-0.033303857775627214,-0.017241978085560536,-0.07897324412716396,-0.018341226291046092,-0.03142361859714691,-0.1021350961985941,-0.019192071846894566,-0.03509603102584992,-0.12280678794814677,-0.02317338160236651,-0.038547371281201934,-0.1434378242218694,-0.028683930183373202,-0.03671783780051678
0.0,0.0,0.0,-0.026050204312917002,-0.004946516356529365,0.024786758473639512,-0.0471930497078361,-0.009987520436631599,0.04859452918748797,-0.06806621996205871,-0.00810084626987629,0.07144912165942266,-0.08518693401888164,-0.0030470565524907535,0.08906172838750155,-0.09834965047020046,1.3474895794929686e-17,0.02125938655587153,-0.12875146444397648,-0.0025164446190896832,0.028144028750307536,-0.14939367885523405,-0.005483871181620511,0.03319978923311024,-0.16739808464246855,-0.026627312077122513,0.03426525759044516,-0.0991342185911216,1.3292812680308091e-17,1.5393241126228586e-18,-0.13831830660294403,-0.004366995781852581,0.002715005486994468,-0.16347781136166153,-0.01420464830125994,0.00040501558693673586,-0.18660436096223912,-0.025403606752418022,0.0032477594698675167,-0.09450873121205666,-0.009070884636051482,-0.01660317993023168,-0.1269492822540635,-0.014583165262355702,-0.019274204949889275,-0.15075869053317664,-0.023988915863088125,-0.02088620881632319,-0.17155565683074628,-0.03306562726744541,-0.017322956085720608,-0.07911897687607912,-0.018320073418339505,-0.03152686744370989,-0.10229074585295875,-0.019097839798845533,-0.035255882336225994,-0.12302023253516439,-0.02303152529108494,-0.03875715234479378,-0.14365235215508204,-0.028493172265549736,-0.03700076842606029
0.0,0.0,0.0,-0.026243145599436902,-0.005012991367416738,0.02490642056822126,-0.04776367207188745,-0.010234221071835744,0.048426654004032926,-0.06919811838142881,-0.008968432417856538,0.07070503819221458,-0.08680745692576892,-0.0045063689785689864,0.0881208121728292,-0.09859718974928577,-9.400360386173306e-18,0.021316577473945213,-0.12910498917691937,-0.002336927659098927,0.028320365902372722,-0.1498967828230969,-0.005012363165877914,0.0333645930663476,-0.1682322779550028,-0.025735639185358917,0.034790460576640696,-0.09937819386513988,-9.884705078394837e-18,-1.5908880658684396e-18,-0.13851154279452702,-0.004046765463829349,0.0027414788581535073,-0.16377413251946968,-0.013789382273684246,0.0004683950686229579,-0.18713265802742318,-0.024823682512712084,0.003312584475244759,-0.09474172743167095,-0.009051911200838461,-0.01658778929125593,-0.12723057370265248,-0.014283153657194602,-0.01934445817971058,-0.15108019011665444,-0.023558791321370363,-0.02092060213865749,-0.1720143168654465,-0.03262408821120779,-0.01739884090620457,-0.07937103659946813,-0.018357877362337127,-0.03148120870704771,-0.10251766019723502,-0.01900691075697254,-0.0353154337900565,-0.12327140988879287,-0.02290032884693397,-0.03886250886036858,-0.14385539784097265,-0.02837785972881936,-0.03719246269720363
0.0,0.0,0.0,-0.026641041917241887,-0.005100519019794466,0.02503830609973565,-0.04862612670421133,-0.010529610738826429,0.04817278893195681,-0.07090742507718711,-0.010111376625847403,0.06959961904428619,-0.08925938866396045,-0.006479368397187732,0.08665233383540866,-0.09886300906226601,-1.3022223999929862e-18,0.02138080957791051,-0.1295166973708921,-0.0020794029403014454,0.02852476330207979,-0.15055264472164617,-0.004432705178580954,0.033477575106266005,-0.16922104314457367,-0.024524475204904094,0.03542551625047392,-0.09973476721088514,-2.111979263938336e-19,-7.928844026560377e-19,-0.13876643004675743,-0.00357281404518562,0.002830888602871985,-0.1641390518439273,-0.01312546586428524,0.0005647481888064159,-0.18784604786482464,-0.023857898494488904,0.0034150547301842913,-0.09508112946381425,-0.00906384850382335,-0.01640172715097214,-0.1275597122333511,-0.013945958183745586,-0.01927095494167837,-0.15160289910831587,-0.02297783432740938,-0.020763345184858263,-0.17275224523428587,-0.032049477497461426,-0.01740748059431359,-0.07974008317530651,-0.018494259864301178,-0.03122694457971009,-0.10283113642985295,-0.018936223252196176,-0.03518758198875797,-0.12359162113464409,-0.02281264826855758,-0.03876279831151234,-0.14409854347194193,-0.02841672479151726,-0.037205159933572846
0.0,0.0,0.0,-0.027147300206779156,-0.005179390244205481,0.025198208731894677,-0.04972762612800085,-0.010899945726984366,0.04785315664413906,-0.07310460315660372,-0.01158586141058516,0.06818824671468449,-0.09243799314138207,-0.008981349905670124,0.08469667075289301,-0.09914092279570073,6.230220813405729e-18,0.02147158923975373,-0.12993193810771272,-0.0018584514996268652,0.028735322787020193,-0.15121746232382924,-0.004010732835281914,0.033517227260030154,-0.17014381744389476,-0.023484434900369746,0.03609387281008703,-0.10017529945896332,5.234549330811166e-18,-2.646927776064831e-19,-0.13912512254873333,-0.0030044743046814685,0.0029671159359408728,-0.1646317750858536,-0.012330586426102953,0.0007254677921095582,-0.18878659926479002,-0.022776803619482453,0.0036029856956388768,-0.09552290513073558,-0.009100162114656552,-0.01607771649707349,-0.127973151192465,-0.01360154649213883,-0.01906045052686499,-0.1523317409174055,-0.02236811938855846,-0.020386582193513022,-0.1737787805460007,-0.03155784777346231,-0.017288289686956785,-0.08021926379686965,-0.01871297752643904,-0.03082769116368023,-0.10326343914991178,-0.01890943112025276,-0.03489829159033735,-0.12406319091899351,-0.02282104919996001,-0.03844781637902281,-0.14448617168601322,-0.028689325551090886,-0.03701092494245428
0.0,0.0,0.0,-0.0275541545233711,-0.005250736466155507,0.02544134234429654,-0.05088758749237892,-0.011398158655630812,0.04753719809385072,-0.07553509191350047,-0.013422559913963905,0.06658730872225506,-0.09605158466840026,-0.011976700644384984,0.0823479859870489,-0.09936767543126518,-2.262749381183899e-18,0.02164733433974327,-0.13019951627724838,-0.0019167782747381136,0.02896698470728184,-0.15157742658412518,-0.004220134819370018,0.03354230802265423,-0.17050622850702876,-0.02349329855442728,0.03676865315603595,-0.100606510873749,-3.672772665846116e-18,-1.222124096520681e-18,-0.13960617917245308,-0.002444462476487371,0.0031244933508272088,-0.16529024380015514,-0.011633510064098353,0.0010254432395121501,-0.18994808923046083,-0.02201629467828281,0.004014239311701077,-0.09602376977768086,-0.009147259474946783,-0.01571986129696279,-0.12849619908933568,-0.013282344311044905,-0.0187834648444576,-0.15321567896821234,-0.02191756496671486,-0.019820290458021427,-0.17500891159555895,-0.031465248366218744,-0.01696778352636733,-0.08076284625260588,-0.01896952840204997,-0.030430402341518007,-0.10381966241453017,-0.018973228322395723,-0.03456114937789909,-0.12475777110333214,-0.023009096975402665,-0.03796521268730773,-0.14508523079475685,-0.02929053603723159,-0.03659983522650951
0.0,0.0,0.0,-0.027649683223777255,-0.0053577367265332946,0.025815437068086845,-0.05187176374142508,-0.01210634224610252,0.047280249185301625,-0.07789021269111601,-0.015664935020562234,0.06486020010655588,-0.09978095410296443,-0.015462444700057481,0.07961407185976672,-0.09941991217092591,4.39616716777312e-19,0.021964111219840772,-0.13008362940810267,-0.0025434979465188134,0.029281921466414992,-0.15117691424346946,-0.005579312295776386,0.03369508396848023,-0.16954420637088094,-0.025480290206913957,0.037539938720044595,-0.10088145839457474,2.211691785464873e-18,1.0329898280802882e-18,-0.14017576424864317,-0.0019610578980883914,0.0033001564953254263,-0.16609652282042273,-0.0112146393481257,0.0015639034273194359,-0.19127363611648748,-0.021908634728160622,0.00483945742410603,-0.09650852659521728,-0.009187455747817638,-0.015444411369242426,-0.12910795729977137,-0.012973034410324824,-0.01852942286939182,-0.15416763877197065,-0.021726345608077242,-0.019118222669621272,-0.1763139734211422,-0.03195120943489212,-0.01638866083158593,-0.08129749109153353,-0.019204675608620502,-0.030180889323141495,-0.10446219616580364,-0.019127869266619593,-0.03430349698014123,-0.125702192451271,-0.02338480007835647,-0.03738338959811102,-0.14588967305652115,-0.030222660707451516,-0.03597963752330922
0.0,0.0,0.0,-0.027330922217186724,-0.005563530683877916,0.026313394977019514,-0.05251218883883928,-0.013117214139136217,0.04706828558027055,-0.07995084888756511,-0.018374471451719332,0.06296384973484971,-0.10346300106510738,-0.019495888471230186,0.07639061351723446,-0.09919297652070964,-1.2284822596589368e-17,0.02242798261029464,-0.12937742964743296,-0.003923545760363302,0.029751544872560442,-0.1495748395002255,-0.008381050992166503,0.034110006791278506,-0.16643085312005915,-0.029923522956184428,0.038527743573032965,-0.1008665705804186,-1.1658145745118299e-17,-3.660968158042144e-18,-0.14075151704517055,-0.0015136447887914586,0.0034924687281433974,-0.16698992317325137,-0.011049913455001961,0.0023777953298452156,-0.19269616362249908,-0.022448765701224116,0.006160535434026283,-0.09690372017794432,-0.009192001331205145,-0.015340441728276132,-0.1297615784426428,-0.012544861078081357,-0.01839406862882248,-0.15510018018566,-0.021640649462922573,-0.018372533145471496,-0.17760749639700327,-0.032808998636944656,-0.015606272973436834,-0.08175467019917111,-0.019331875683702027,-0.03017942469067776,-0.1051209700829613,-0.019244463929653448,-0.03423511963330582,-0.12687836634535113,-0.023766893946661698,-0.03681154994900107,-0.1468473463704511,-0.031258233036274306,-0.03525572254268514
0.0,0.0,0.0,-0.02664664616630008,-0.0059041832951108346,0.02686612061781407,-0.05276604132989721,-0.014470336465676335,0.046841840562953777,-0.0816339943751708,-0.02153591021944211,0.06083375317020769,-0.10708816636638875,-0.02406170736271157,0.07258718457224399,-0.09866343374479168,2.0374639755864518e-17,0.022980584868309298,-0.1280357732824339,-0.00600614369427664,0.03039556496272026,-0.14658300940912358,-0.012467951399818846,0.034802831054115836,-0.1606759983827965,-0.036513256351014364,0.039709585549705516,-0.10049133898842108,1.9189005770192935e-17,-8.175028126056457e-20,-0.14120968654080077,-0.0009764790343947115,0.0036591538298286915,-0.16787007222028685,-0.01091966050965851,0.0033589837754686535,-0.194138593872564,-0.023284716204691983,0.007813961573686742,-0.09714345218281102,-0.00912928095339417,-0.015451379168837553,-0.13038376794571852,-0.011803443440732055,-0.018476045299387702,-0.15591585941317357,-0.021282147774259023,-0.01774882875862953,-0.1788492571762123,-0.03346586066937572,-0.014839790705260524,-0.08207382789004931,-0.019267118259249157,-0.03045699574273122,-0.10569282623100563,-0.019118498672882872,-0.034433504987195385,-0.12818559075407532,-0.0238490406342309,-0.036401868322516656,-0.14785638738953868,-0.031997504990910086,-0.034649129535650296
0.0,0.0,0.0,-0.02576837476947299,-0.0063478608289985914,0.027372553956123542,-0.05271252039817925,-0.016099451347502267,0.04656573562394867,-0.08296618414858448,-0.024995545803236666,0.05852558110811096,-0.11065775320420246,-0.02896860122002978,0.06828942226174148,-0.09791170707691481,-7.204435828254312e-18,0.023532359843176313,-0.12627244247073988,-0.00849265434126546,0.031155740675629578,-0.14248429015344713,-0.017240536701073887,0.03566195496539376,-0.15259585610486376,-0.04425357346302698,0.040893352056471335,-0.0997818592031054,-4.8512076977024814e-18,-6.388702228785638e-19,-0.14143268886088306,-0.00025400405889828897,0.003737044308334325,-0.1686115335357842,-0.010573574675960729,0.004283859460936089,-0.19550310168674306,-0.023956670162469672,0.009440586854738595,-0.09717745419774565,-0.008988462691268075,-0.015761497829164747,-0.13086582301628671,-0.01064842977062146,-0.018826724332494355,-0.15652020420398854,-0.02030796662488486,-0.017437748199730055,-0.1800145433134566,-0.03333059561085039,-0.014359798937327797,-0.08220385259013831,-0.018996978056223624,-0.030949773439693802,-0.10606945229784327,-0.018631887944173826,-0.034896917854426765,-0.12942860916513702,-0.02339584201028907,-0.03628427598879704,-0.14878269923828252,-0.03211496086026454,-0.03437169798778645
0.0,0.0,0.0,-0.02491543808563975,-0.0068043545256313495,0.027748008246758823,-0.052498708737241585,-0.017849703281704817,0.04624548720170821,-0.08401088802808072,-0.028525687680892812,0.056248972815290406,-0.11403358634174225,-0.03392151506151641,0.0638484359278909,-0.09713141183089988,-1.0182181286867892e-17,0.024006854012668232,-0.12452243592602182,-0.010980295196092409,0.03192513605895818,-0.1380050766145323,-0.02193992543346234,0.0365491215426312,-0.14344053077870042,-0.05194141956884513,0.04190853121027242,-0.09890479057348175,-8.442944802113651e-18,9.154226581008798e-21,-0.14140416947887752,0.0006156759067688416,0.003724180708531467,-0.16913543558399452,-0.009930268119551269,0.004972704878685385,-0.1967075206114676,-0.02422689386920505,0.010738966318799519,-0.09703547004184035,-0.008799067142800189,-0.01619247134055714,-0.13113738370784842,-0.009188094346647463,-0.01938326429822497,-0.1568999975255008,-0.018699987257237177,-0.017514561129614078,-0.18110873529403926,-0.03221739483571728,-0.014274665349354057,-0.08215740060699395,-0.018605058145230165,-0.0315153731644532,-0.10622515777056264,-0.017858107298468807,-0.035513778946185445,-0.1304404264262281,-0.022409754050813992,-0.03649346597941966,-0.14957154836272094,-0.03158447959860909,-0.03447977891425752
0.0,0.0,0.0,-0.024269123080527963,-0.007181615239261292,0.02795223707186576,-0.05224922809206051,-0.019533921489585652,0.04585843649950892,-0.08479178999864098,-0.03190468648490192,0.05420756638399579,-0.11691505507665388,-0.038624670776746715,0.059754564399222,-0.09656141603076648,7.032082812266666e-18,0.02434411584966145,-0.12320646289452622,-0.013153816142706408,0.03257707258335417,-0.13395279219761788,-0.02597511806610144,0.03734626176161987,-0.13484152392291676,-0.05860122068153347,0.04270759802772579,-0.098131660096628,4.538099638950821e-18,-1.9330852013009185e-18,-0.14123489850231383,0.001467742352204747,0.0037144640602065683,-0.16946066022385978,-0.009148049845169128,0.00541597016390308,-0.1977157263049672,-0.024181417392290572,0.011668789104818993,-0.09685594132400296,-0.008621271940230735,-0.016616901232813345,-0.13124827472469033,-0.007688664382439542,-0.0199704626119118,-0.1571443742777827,-0.01679048242092629,-0.017857280090071,-0.18217350400668922,-0.030439759267757573,-0.014440899134125303,-0.08204700749072051,-0.018226439526486775,-0.0319898469978844,-0.1062666743091485,-0.017014393677560805,-0.036099154727044835,-0.13120467364790972,-0.02114669183853053,-0.03693659055416796,-0.15029888677689315,-0.03068228368415135,-0.034839936820445894
0.0,0.0,0.0,-0.02390992579778466,-0.00743172680732068,0.027997953973970972,-0.0520252286684594,-0.020991650573853826,0.045347043654887405,-0.08531850758172764,-0.03494111942998753,0.052456010513658564,-0.1190466869351851,-0.04281297486069121,0.05635631393956413,-0.09634364627087026,-1.0337865509671002e-17,0.024509952740842826,-0.12250157013329951,-0.014871599002277367,0.03300994614547523,-0.13083425589809028,-0.029061380631579283,0.03794431459788922,-0.12799882985493835,-0.06367082060758991,0.043281468955543,-0.09768657267235192,-1.2291828801580672e-17,1.5737150818120264e-18,-0.14107693437878138,0.002137886861387208,0.0038117473696861353,-0.16967748899348523,-0.00846540665796117,0.005716424706945547,-0.19853667747173032,-0.024014101956846157,0.012373058283847108,-0.09679567720991597,-0.008505388632910263,-0.01691264700395671,-0.1313294341289781,-0.006407465019424072,-0.020406235922656196,-0.15736909408082603,-0.014998897119595154,-0.0182491160342888,-0.18324417853448982,-0.028509306354490917,-0.01460723477661425,-0.08201547502383255,-0.017970855995435856,-0.03226298503587078,-0.10635605631928731,-0.01631967851663058,-0.03649659887483613,-0.1318155774533729,-0.019948225578553583,-0.03743925689570944,-0.15106452698856818,-0.02976783055136685,-0.03522893125457786
0.0,0.0,0.0,-0.02380783512998508,-0.007562089969774025,0.027954556694457247,-0.05186432889136914,-0.0221369682416311,0.04473806137325721,-0.08567186064690087,-0.0374769624222324,0.05098993730708816,-0.12043986174513754,-0.04625950314085063,0.053758984383855964,-0.09645652971637138,-5.074532503327143e-19,0.024541244883644658,-0.12233991521980456,-0.016111194563883,0.03322329672905845,-0.12878912061681844,-0.031157788419563882,0.038296081236493015,-0.12335507124526196,-0.06701885805321973,0.04364180389499005,-0.09762713935985544,-2.2224176504517935e-18,-1.7150691942906639e-18,-0.14104089547381962,0.002587295638341517,0.004014136429946946,-0.16989422893551623,-0.007967583718082538,0.005937949394782843,-0.19921994527652848,-0.023784848437278964,0.012962154250111886,-0.09692171813220916,-0.00846142033014985,-0.017039508911467514,-0.13149042521577872,-0.005478228515674489,-0.020628376171258928,-0.15765257234942334,-0.013593378527767656,-0.01855922599863923,-0.18429821742564645,-0.0268196732221539,-0.014634703023838968,-0.08213368293117523,-0.0178745728060974,-0.03234541281929336,-0.10658731053531262,-0.01588519607252347,-0.036678618666371635,-0.1323639766907744,-0.019044985307858656,-0.03786261019783549,-0.15188002260481479,-0.02906684239234628,-0.035488970174542736
0.0,0.0,0.0,-0.023871682899804007,-0.0076199239594155,0.027903507117366978,-0.05180189032730387,-0.022971306390295557,0.04416328090614501,-0.08598534381360184,-0.039400368595192505,0.049847000514080836,-0.1213149689796637,-0.04881507685069868,0.051914725077004335,-0.09677726668499266,1.3739347419633954e-17,0.0245335325633063,-0.12254602679422992,-0.016899463653948777,0.03330399256078653,-0.12772428860584445,-0.03235908689207087,0.038437499096624646,-0.12076670989203768,-0.06883682328598922,0.043817829659865165,-0.09786486681605956,1.4436992533895205e-17,1.3549622698379147e-18,-0.14117502583300648,0.0028904799781562882,0.004227407693497201,-0.17019250145407316,-0.007553837141153717,0.00606658278570534,-0.1998293947202924,-0.023404515700182604,0.013430280271908691,-0.09720006669366911,-0.008464475911685372,-0.01704783556543542,-0.13177252090480895,-0.004906718361783243,-0.02070150344529987,-0.15802856025131556,-0.012636522602876427,-0.018786746010117438,-0.18525788078336144,-0.0255309198626515,-0.014560641892395145,-0.08238048422609273,-0.017905740106321334,-0.032348177750154236,-0.10695071500314944,-0.015693258372563405,-0.036734145329537504,-0.13289098116371237,-0.01848184079380632,-0.038169578865831465,-0.15267904412657393,-0.028598674184426416,-0.03560226941534275
0.0,0.0,0.0,-0.024008685852977267,-0.007659053007528298,0.027873715454038734,-0.05182861249606347,-0.02356015373877117,0.04371953018006129,-0.08632839127863512,-0.040682631977179605,0.04903001564490786,-0.12186863796410094,-0.05048257903237651,0.05066582034394326,-0.09717060080687623,1.1053827613451017e-17,0.02456426360804346,-0.12293298488963926,-0.01731252863331996,0.03332753395892448,-0.12740595330123017,-0.03285988552936227,0.038421232869075096,-0.11973507619475043,-0.06950641003358782,0.04378664142184097,-0.09825702551867728,1.1484080134193374e-17,2.579656435384605e-18,-0.1414737614461026,0.0031284296308909023,0.004387673855339124,-0.1706050915077894,-0.007102085466661014,0.006098063569130747,-0.2004018930490361,-0.0228045451977317,0.01373904305336311,-0.09755534929724764,-0.008481989982875826,-0.017014777907801676,-0.13216972237328567,-0.0046136534420228425,-0.020709993715081962,-0.1584986663286911,-0.012035512673527662,-0.018962709758950695,-0.1860518818438796,-0.024613649010960317,-0.014477459782914323,-0.08269413488544308,-0.018001655250197923,-0.03239187301338425,-0.10739466038398975,-0.015644806470194582,-0.03676940177202151,-0.13341770624445767,-0.01815451843620627,-0.03839004722037642,-0.15340012597112396,-0.028229711806998885,-0.035644268888033515
0.0,0.0,0.0,-0.024147629921975878,-0.007712787217823853,0.027845876280679315,-0.05187287328452258,-0.023988412561679686,0.043400000888939166,-0.08664930589404897,-0.04139337513489869,0.04845740499033674,-0.12216279937636783,-0.05141816949558364,0.04979174626961913,-0.09753181435951298,-2.2765223020355328e-17,0.02465789549443236,-0.12334410284469591,-0.0174643956541724,0.03332175185067678,-0.12753780422468344,-0.032915575157910514,0.03828896037779572,-0.11963403656943192,-0.0694901706125774,0.04351040693896029,-0.09867614543667155,-2.0885066735643773e-17,-3.8206688508603775e-18,-0.1418961577882306,0.0033377147613977013,0.004521477368861831,-0.17112165740254706,-0.006585543377924535,0.006098000463931256,-0.20093868418080932,-0.022064199805593307,0.013921898413671627,-0.09792171282811572,-0.008495236926273964,-0.016992867783052226,-0.13266300061529307,-0.00448756161900585,-0.020684638952408352,-0.15904385018242695,-0.011644532724283365,-0.01907918778281203,-0.18666343234234606,-0.023986999798118455,-0.014410728949802463,-0.08302080468220005,-0.018101707252091603,-0.03254757340625698,-0.1078871416608093,-0.015629864797528592,-0.03684261263437549,-0.13397685652044652,-0.01790552029105155,-0.03855759284036195,-0.15403264067451355,-0.027798643922906444,-0.03568753606097154
0.0,0.0,0.0,-0.024247544172978943,-0.0077823953120861175,0.027802598862284072,-0.05186411449786577,-0.024318001266132094,0.04315952399808372,-0.08684295253255332,-0.04167182685808944,0.04803921314196667,-0.12220363131473608,-0.05184338109344168,0.049126935983486664,-0.09781055554067629,8.148840669418107e-18,0.024806110172164206,-0.12370092286804396,-0.017448791481651054,0.03330183240540372,-0.12787977363425204,-0.032758140999874924,0.03810368792061251,-0.11995688818079918,-0.06922488786572849,0.04305196675125276,-0.0990444086339034,9.2852363028492e-18,9.975468139203485e-19,-0.14238437202199594,0.0035430390799330463,0.00468754548298029,-0.17169786404988785,-0.006045714821417602,0.006154088132770907,-0.20142490743005417,-0.021364442716704048,0.01407380312675799,-0.09826086803934474,-0.008499635160038543,-0.01699957417607623,-0.1332247051496871,-0.004422223038595239,-0.020628097677599454,-0.15962898324687264,-0.011357543099495455,-0.01911615889642391,-0.1871222863686857,-0.023606238388341805,-0.014332241462040972,-0.08333446218947883,-0.018163435356936364,-0.032824485302473116,-0.1084087723090386,-0.015574561285829947,-0.036956596755905714,-0.13459167371702788,-0.01761896562092141,-0.03868164696835866,-0.15459758096337167,-0.027225114438801032,-0.03574472587592204
0.0,0.0,0.0,-0.02430774300336569,-0.007839548831685183,0.027748881362310962,-0.05180025249907438,-0.024582781605896057,0.04297085327914441,-0.08684955936576601,-0.04169643622142399,0.04772716046907107,-0.12204582164234773,-0.05199343889687974,0.04861597681664291,-0.09802062967345021,2.419945521938988e-17,0.024988234469369982,-0.1240190716520127,-0.017315516258543787,0.03329754751606242,-0.12829754599560422,-0.03255230257835524,0.03795931581298592,-0.12040964917144568,-0.0690454273599016,0.04257826499910548,-0.09933967362127026,2.0866593932966914e-17,4.965325874113751e-18,-0.1428768099671516,0.0037870745408215153,0.004910966331419675,-0.1722618801686015,-0.005521762802392679,0.006300621304903578,-0.20184284438488376,-0.020852957159801885,0.014259375206708277,-0.0985623261114431,-0.008494688995964597,-0.017025052523186267,-0.13380517084122012,-0.004332617376803661,-0.020556205207092598,-0.16020555234131,-0.011123641697737198,-0.01908479269400833,-0.18746647347651257,-0.02343701654075192,-0.01422815414114181,-0.08363773079217714,-0.01816836531032064,-0.033174957710537294,-0.10892120615519431,-0.015450586214570626,-0.03707851873257669,-0.13524107099485783,-0.01725462974328706,-0.03876467632848436,-0.15511071343559582,-0.026538210238800344,-0.03579012237879559
0.0,0.0,0.0,-0.02435500565003693,-0.007852896086291292,0.02769644874735634,-0.051734639102820904,-0.024816078414768107,0.04281382277596348,-0.08668808242808965,-0.041652161059511764,0.04748179872659461,-0.12180204621746384,-0.05210245220940077,0.0482509889432409,-0.09820404505587882,5.155512794971849e-18,0.02518083773483215,-0.12434445930886501,-0.017100893816047895,0.03334425098555458,-0.1287184335362583,-0.032399896372013584,0.037937250418872796,-0.1208443830093102,-0.06914096200411403,0.042246263314188966,-0.09957217446570835,2.1792270685461465e-18,1.3168231472664082e-18,-0.14332359148053936,0.004120993743171656,0.005184322244694893,-0.17274127203743958,-0.005002952104481149,0.006512021148245062,-0.2021869351253584,-0.02053991384494749,0.01447706370460433,-0.09883378189184447,-0.008476899549869143,-0.017046006706418253,-0.1343431877629559,-0.004160679939006701,-0.02049218784596689,-0.1607299650717017,-0.010895326469714297,-0.019021148537278352,-0.1877262602316605,-0.02339565188862202,-0.014111709666723121,-0.08394849049293669,-0.018114087459631747,-0.03352280820480869,-0.10938487593106909,-0.015248795827072874,-0.037175796301966144,-0.13588058631816385,-0.01680701149971992,-0.0388260328723834,-0.15557526536066232,-0.025816161265761767,-0.035812993318841774
0.0,0.0,0.0,-0.024415831059386085,-0.007820214772107805,0.02764898709406641,-0.05172510440444824,-0.025057229788472656,0.042657936746281884,-0.08643907027552736,-0.04167601708742505,0.04724750972902336,-0.12160444943518173,-0.05234218732512167,0.047995746332518706,-0.09838492058728097,1.4416597923161224e-17,0.02536301219943792,-0.12469044027408165,-0.016850582799185103,0.03345170640894653,-0.1290992056752687,-0.0323491512433865,0.03805450610957852,-0.12119469253593344,-0.06954732063194452,0.04211257044331062,-0.09976064562750012,1.0037535952090366e-17,-1.7284847260965595e-18,-0.14370137549026762,0.004579958103493155,0.0054839992987833165,-0.17310310007050628,-0.0044268293686690295,0.006734370070064918,-0.2024863963720488,-0.020296306924003603,0.01468259830154637,-0.09908686946501241,-0.008437963350942561,-0.017042026965514115,-0.1347976587818381,-0.0038670603064965008,-0.020454214588389454,-0.16118353221789838,-0.010581542433992442,-0.018965983932602418,-0.18794142493317562,-0.023324376329013668,-0.014010801454825262,-0.08427902789998312,-0.01799735701043754,-0.03380713900015026,-0.1097949122739158,-0.014947841188257252,-0.03724698190360896,-0.1364837262867959,-0.01625227440649068,-0.038901354751186557,-0.15599934037173405,-0.025096979029264926,-0.035837180455477714
0.0,0.0,0.0,-0.02449806360285778,-0.007770326924450247,0.027607718604714906,-0.05180658207314536,-0.025321069485171176,0.04248843946366156,-0.08621742376090316,-0.0418092683856176,0.04699473545832702,-0.12157141314007867,-0.052743269344129366,0.04780325187199811,-0.09855923873595515,1.3755925020169635e-17,0.02551803859897975,-0.12503553542302137,-0.016609377822497058,0.033595515074879546,-0.12942779676134888,-0.03240449859401762,0.03826821507020921,-0.12146001892337156,-0.07018057320821068,0.04215932336736048,-0.09992218032677531,8.141871497148917e-18,1.3748136331244456e-18,-0.1440102824706134,0.005152167528147185,0.005764385020295122,-0.17336508470254453,-0.0037473088375833,0.006905412491406243,-0.20279417737400382,-0.01996547001701923,0.014813324778298373,-0.09932581452308896,-0.008370901020363093,-0.01700721809097453,-0.13515657626095137,-0.0034411314144460717,-0.020456681091271106,-0.1615659429302238,-0.010092997214122611,-0.018954200185084053,-0.18815642597928234,-0.023056958486421326,-0.013959957046726779,-0.08461764884324655,-0.01781781741926526,-0.03400249392711246,-0.1101624936495725,-0.014538212777438038,-0.03731397484023694,-0.13702907193389047,-0.015578250223274607,-0.03901676363597378,-0.15638842633743907,-0.02437291516980625,-0.03589242287307889
0.0,0.0,0.0,-0.024585814971888463,-0.007739061325670199,0.027584030561739088,-0.0519724159577875,-0.0255647858972567,0.04234399884741795,-0.08612529288594076,-0.041983714583195,0.04677614960369451,-0.12174863247337615,-0.053166890316570965,0.0476891390277431,-0.09869922790055626,-1.628294666001882e-17,0.02563463805443794,-0.1253307728071032,-0.016405085210553748,0.033741955193048616,-0.12970848536057242,-0.03252963600730717,0.03852222504249778,-0.12168628828672144,-0.07086913976850401,0.042374049836791494,-0.10005578064883384,-1.6359541584017838e-17,-8.672132924081072e-19,-0.14424814225049395,0.00574134082568138,0.005959085915770788,-0.17355967739115344,-0.0030333973797554083,0.006971270579619708,-0.20312471680708855,-0.01950848356303038,0.014811662345165408,-0.09953208791576065,-0.008283773083290927,-0.016953293362196396,-0.13540887212102165,-0.002953332908644948,-0.02050280607099653,-0.1618641982383155,-0.009466169721903664,-0.01899525988476262,-0.18837259326803601,-0.0225693542087779,-0.013977207126271873,-0.08491443478781015,-0.01760803440208874,-0.03410679901660682,-0.1104628388937909,-0.014089379356512801,-0.037387974807164305,-0.13745271199041895,-0.014879236061113632,-0.03915872450087907,-0.15670657304585323,-0.02368782856451406,-0.03597670432733287
0.0,0.0,0.0,-0.024644819684781806,-0.007743169042843072,0.027596675892059785,-0.05215186779576931,-0.025679371602684974,0.042310132353185585,-0.08616784942507594,-0.042023598903332356,0.04672793390470953,-0.12200117828687708,-0.05332684941038919,0.04777451191519251,-0.09874446748424377,1.530359933000028e-17,0.025702657351683016,-0.12548212422088117,-0.01624219206632559,0.03386071883188756,-0.1299280475490301,-0.03263314151939523,0.03876326873980719,-0.12193878822056246,-0.07135020254998253,0.0427489981619323,-0.10011893843614315,1.4177610299808216e-17,3.0745229008974626e-19,-0.14437899918486652,0.006163516220243964,0.00600635185101738,-0.1736748661255102,-0.002496665102676705,0.006900426228653408,-0.20338580047134797,-0.01906828229114136,0.01463272427128993,-0.09964301113428603,-0.008207758688384277,-0.016901786367256807,-0.13550990641867497,-0.002579353866330031,-0.02057374296935431,-0.16201739173480598,-0.00892059856745715,-0.01905874195154706,-0.18849854640730856,-0.022072135342302294,-0.01404703344702479,-0.08507853623179118,-0.017442161797845603,-0.03412263074133654,-0.11061499960767565,-0.013760502694245608,-0.037452637755565545,-0.13762909583681102,-0.014376837457683648,-0.03927043927569719,-0.15685057224069232,-0.023206158647236737,-0.03605474089659221
0.0,0.0,0.0,-0.02462785255518856,-0.007763029034335232,0.027658367103544763,-0.05220635203652449,-0.025505794094526305,0.04248494302044369,-0.08617726032657322,-0.0416573210996831,0.047041293732756416,-0.12193509779878285,-0.05284322889696912,0.04830816151670252,-0.09859696627797807,-4.733718486433787e-18,0.025700068471122717,-0.12534137213425742,-0.016096860403487175,0.03390852615080606,-0.13004401150774272,-0.0325531953055811,0.03892051257993388,-0.12232275224504596,-0.07126161716078781,0.043202039807484716,-0.10002337987579903,-6.73260743740768e-18,-1.7468648780060973e-18,-0.14431522856600176,0.0061936723347334405,0.005880123365996946,-0.17361010983200437,-0.00243064572428517,0.006690089548951878,-0.20336064824176386,-0.018923514627645716,0.01424308257492607,-0.09955192547364189,-0.0081921816481426,-0.016866040467690434,-0.13537002927876945,-0.0025568345499725285,-0.020622745532019794,-0.1619014816629493,-0.008797388099297391,-0.01907567412126959,-0.1883355865954866,-0.021955708011361593,-0.014114938170399613,-0.08500240723902286,-0.017405624304013805,-0.03403958626006081,-0.11050182421360022,-0.013739311499185008,-0.037463171987448876,-0.1373923793915,-0.014345096312241798,-0.03926668307209024,-0.15665508450929044,-0.02318623139652556,-0.03607345560343665
0.0,0.0,0.0,-0.024486359093802538,-0.007742764069989242,0.027760407267499822,-0.05197409618884811,-0.024862358171140846,0.042947357806810374,-0.08583913662492462,-0.040552015803696655,0.04793262259986243,-0.12096658375006802,-0.051289529466600904,0.04965546293616923,-0.09815722992387896,4.3570717216444865e-18,0.025585004138150826,-0.12475612172541822,-0.015908853304782953,0.03380979424501954,-0.1300355329262076,-0.03206621557433816,0.038883092391037204,-0.12306877685977646,-0.07017795261288282,0.04350785239851829,-0.09967394988225713,2.226174860001237e-18,-1.837903272693883e-18,-0.14393456982979713,0.005630003998357373,0.005602528249753252,-0.17318702356846988,-0.0031181929678232253,0.0063616776686722274,-0.2027631796395837,-0.01938250089488309,0.013625235197815083,-0.09914865297618522,-0.008288292616579018,-0.016840242671611015,-0.134875430329598,-0.0031189379996772086,-0.020577028150072944,-0.16135235384193533,-0.009452808933629857,-0.018956277513150866,-0.1876209190249977,-0.022645120855798683,-0.014095951688550297,-0.08460335695233724,-0.017561421538395672,-0.033829016534917655,-0.11000767374539641,-0.014180662666058877,-0.03735137821065687,-0.13657714651111313,-0.015027898505357054,-0.039056176179837275,-0.15592955468599048,-0.023901793726974176,-0.03597508151894397
0.0,0.0,0.0,-0.024215176204481416,-0.007612340790282846,0.027846368613391938,-0.05137292871917579,-0.023588273221617058,0.04370542834013716,-0.0848499755910476,-0.03836816008745157,0.049569793261863046,-0.11856243652545094,-0.0482263475165628,0.05217945020943928,-0.09741896441923086,1.1389979991217321e-17,0.02530850395985395,-0.12370718546770754,-0.015571835515956813,0.03344913523310156,-0.1300326761185597,-0.030922368291149565,0.03848544995242886,-0.12463317964898378,-0.06770097643873049,0.04328489182247744,-0.09905793134167264,1.4542934296490862e-17,-1.0696570581053195e-18,-0.1431537905254623,0.004363772093885898,0.0052397250610243876,-0.17223122750232878,-0.0047132510765301025,0.005942153336087871,-0.20135458451797075,-0.020635881347913596,0.01276747427852782,-0.09839010153870349,-0.008521942501376951,-0.016808187252456898,-0.13394706727774056,-0.0044195324131329605,-0.020359847743085444,-0.16023661097650127,-0.01112594060633176,-0.018641381732027843,-0.18612506967414777,-0.02440751449063265,-0.01394170391679313,-0.08386466158987202,-0.017923417333137705,-0.033471661845783575,-0.1090712868281824,-0.015146546908724837,-0.037055320984406066,-0.13508021630115366,-0.016532928760932923,-0.03859101467240613,-0.15453691870280137,-0.025497610028684805,-0.03573876605554543
0.0,0.0,0.0,-0.023912300846957092,-0.007327984927780963,0.027809429343944744,-0.05050189496515733,-0.021637794884565992,0.0446636518555554,-0.08312739623248364,-0.03490003898832039,0.05198444788808808,-0.11457891300301762,-0.043364504302844345,0.05606516287486598,-0.0965601308135545,2.505038413037606e-18,0.024839687253729963,-0.12246609021616786,-0.014933239113409744,0.03270766794387379,-0.13044756912824682,-0.028913039498757846,0.0375694297805598,-0.1277146791296923,-0.06361749614075686,0.04216597231048646,-0.09832842029944015,5.86823449497719e-18,3.0782223370399477e-18,-0.14201426729662592,0.002450424623139293,0.0048715766645252906,-0.17068565018992668,-0.007126380784536179,0.005432525313361105,-0.1990862979354377,-0.022595629902134137,0.011652847287040526,-0.09736383834048219,-0.00886852717084706,-0.01675206965969511,-0.13260944726236243,-0.006444836800615274,-0.0199406411717436,-0.15854389235442734,-0.013793582197843601,-0.018178641961424293,-0.1837756051824758,-0.027156663188920384,-0.013734356686912915,-0.08286699116017107,-0.01843909418456354,-0.03298742837275301,-0.10773870708445854,-0.01654314202679258,-0.0365682066268403,-0.1329342141205963,-0.018713800835044817,-0.037929984033974636,-0.15249193066813543,-0.02781774260479509,-0.035426837305001374
0.0,0.0,0.0,-0.0237742679915383,-0.006915277496739709,0.027552740944943165,-0.04963577726233901,-0.019197180824106718,0.04566938193648612,-0.08092999351681415,-0.030300800643862022,0.05504469820014542,-0.1095111997862589,-0.03686935398067405,0.06119091351290328,-0.09589822577274802,-1.1105753955489074e-17,0.024191871411590186,-0.12159417427591969,-0.013827605451273421,0.03158677331599492,-0.13189035414876346,-0.025978757709180466,0.036175212692354464,-0.13297215352316893,-0.05808611668572332,0.04016469034413866,-0.0977604264156652,-1.085644456466138e-17,-1.0138309623477478e-18,-0.14069891156329414,0.0001942890063781389,0.00452896058898648,-0.1687033257266141,-0.009914813571343769,0.004772345697694863,-0.1962213583071281,-0.02476351401910088,0.010254065525584293,-0.096281818427447,-0.009238227004778237,-0.016660131055405782,-0.1310150533658533,-0.008904591461315297,-0.01940209478164129,-0.1564550358213109,-0.0170256007846455,-0.01778159927860852,-0.18080219517383747,-0.030304956051804718,-0.013708952907530148,-0.08177864698698277,-0.018977132309266558,-0.03244515098188208,-0.10618902678591051,-0.018073040614399696,-0.03598094958831122,-0.13036404276097854,-0.021103012640639685,-0.037275271767098425,-0.1500395444455361,-0.030287347228463803,-0.03519085083765421
0.0,0.0,0.0,-0.023968908300784172,-0.006458695661668173,0.027053608195268954,-0.049033725862263476,-0.016638253612228936,0.0465770553429973,-0.07866497396616547,-0.025089193957875296,0.058475684675964236,-0.10425547851349364,-0.02941370902540953,0.06709952307161021,-0.09566586236291634,2.4082275037651134e-18,0.023430779943587762,-0.12162457512522383,-0.012137888349508198,0.030303319241621007,-0.13470889942987066,-0.022227989177438165,0.034644307808998756,-0.14036284219583592,-0.05154025022058876,0.03780948655192114,-0.09754119768006544,4.2585824193015045e-18,3.6466479492718234e-19,-0.13944636211634293,-0.0018465572187801517,0.004179482685829906,-0.1666257573847341,-0.012274490618726479,0.00387012342357494,-0.1932709084808066,-0.026266169637249176,0.008555303822715622,-0.09536883071910054,-0.009491278373437398,-0.016536548265128258,-0.12939868255217676,-0.011215109352178067,-0.018926835289899392,-0.15433268679438358,-0.01997709832201137,-0.017754318534084153,-0.17776260411828604,-0.032813640657293204,-0.01412649836778274,-0.0807877167696667,-0.019329225919604946,-0.03193600463663649,-0.10469965793722052,-0.019263057836602315,-0.035443117734939605,-0.1277713027691338,-0.022983587107257453,-0.0368833781116593,-0.14762381386452858,-0.03198254446457353,-0.03518408774490845
0.0,0.0,0.0,-0.024490308045342347,-0.006031949169970641,0.02636281168800683,-0.04870344645046989,-0.014287518059021169,0.04726953449588194,-0.07647967146365553,-0.01986614306492322,0.061916666595366245,-0.09939608286753186,-0.0218526142059118,0.07313056968963202,-0.09582646448282374,-1.7873237674700443e-18,0.022635118309511922,-0.12260908454188715,-0.009875232489797263,0.029167203156931658,-0.13851311087144258,-0.017827724086547356,0.033400209480225276,-0.14873745641541877,-0.04429783279731242,0.03574808904832145,-0.09761658541372255,-2.5936945110266106e-18,-3.1522897070066074e-19,-0.1384156054779915,-0.003139225652847694,0.003804580760790933,-0.1647847629895027,-0.013433621387505543,0.002721145501741436,-0.19066985649852528,-0.026298297020762865,0.006625222082421517,-0.09473221351493398,-0.009519480310452414,-0.016387199872570642,-0.12798328068873055,-0.012789747358751127,-0.0186481852854773,-0.15256061400558948,-0.02180226046466784,-0.01825351234622549,-0.17523875765462546,-0.033703909269068084,-0.01505881235819947,-0.08002500204492544,-0.019302429552135313,-0.03150020488615778,-0.10352134350655816,-0.01969367593710733,-0.0350292406080786,-0.12557215509616057,-0.023740195620825008,-0.03685146443419991,-0.14565125797495582,-0.0321018918539139,-0.0354030714029702
0.0,0.0,0.0,-0.0251814139186818,-0.005681153632356556,0.025581785273919126,-0.04845504449598546,-0.012335668745657488,0.04769057878381328,-0.07425666516714623,-0.015190776010344966,0.06502505516334436,-0.09496597988838798,-0.015019458568620947,0.07864955709759985,-0.09617619958303876,5.662543170383436e-19,0.021860498447083522,-0.12405802153715226,-0.007277176226097442,0.02836785720054055,-0.14232639888477752,-0.013081873862562564,0.03265773933015814,-0.1563708580820209,-0.036665710492771245,0.03430647286483327,-0.09781128139419903,-3.114333653035675e-18,2.215388438611697e-19,-0.1376368262549653,-0.003527495655490119,0.0034357803439777727,-0.16332173236359696,-0.013183917137328399,0.0014433320229389056,-0.1885465400930848,-0.024680023277382585,0.0046329404235133445,-0.09435272850123909,-0.009318790076547274,-0.016214642849063345,-0.1269006606605653,-0.013410219156784742,-0.018568128432526487,-0.15131529093919083,-0.022184734616428968,-0.01917677171117097,-0.17344662438700123,-0.032682163342220315,-0.016343495170039635,-0.07952972396516926,-0.01884969183967705,-0.031122505157727055,-0.10274007246282402,-0.019265603844926236,-0.03471497132579528,-0.12398099032921198,-0.023219863379648573,-0.0370666645882662,-0.14423189547611082,-0.030505496032591808,-0.03570135703911519
0.0,0.0,0.0,-0.025864323117545593,-0.00545883977473491,0.02484686383831662,-0.0481536395804986,-0.010906594628247243,0.04788393973311041,-0.07201336041561286,-0.011574648606217238,0.06755983317180035,-0.0909647769982078,-0.009658489544170501,0.08319559731612598,-0.09651414151621739,4.803622542473499e-18,0.021157782090910432,-0.12533586857299545,-0.004798943760245751,0.027922047519821948,-0.14522495002020616,-0.008597123211053688,0.03237707238876243,-0.161916649000918,-0.0294002934815271,0.03345521078332102,-0.0979855049730196,3.058903816873756e-18,-2.6497480628991825e-19,-0.13704383569172204,-0.0032236328318687333,0.0031170593620176443,-0.16219013650064815,-0.01189763561440109,0.0002060190324081845,-0.186806285452948,-0.021888182058217607,0.0028039965102632145,-0.09414163357532551,-0.008965490547605192,-0.01603264138273104,-0.1261550911321748,-0.013234767215094399,-0.018615594705097303,-0.15050196165629715,-0.021371152211020074,-0.020268187403764522,-0.17221420787511765,-0.030196882510141562,-0.01769449280216611,-0.07925157612108266,-0.018083809369116813,-0.030796173982475823,-0.10226025053147907,-0.01819951538316263,-0.03447204401625181,-0.1229481553431195,-0.021703800481169336,-0.03735003219986457,-0.14320516450465823,-0.027716485125839522,-0.0359362253583389
0.0,0.0,0.0,-0.026419937596654692,-0.0054042061185344695,0.024276244371102238,-0.047812876479811285,-0.010028262644511508,0.047955798769998934,-0.07002137560463248,-0.009230870480481783,0.06940260009386219,-0.08767614346647479,-0.006088299506204156,0.0865218518543699,-0.0966994189632807,-1.1416696798346881e-17,0.020585110367966113,-0.1260747526602255,-0.0028713467192854484,0.027736877830732882,-0.14684029614086072,-0.005042130388655189,0.03236654016388396,-0.16499163344327933,-0.02348846262153836,0.03298270826766869,-0.0980580977634362,-1.1402754895851893e-17,-1.1308752882830461e-18,-0.13653891001349755,-0.002563991690789437,0.002884781405945531,-0.16128041078341526,-0.010173844766971932,-0.0008321395436824458,-0.1853360312963702,-0.018704875131202642,0.001354689210581361,-0.09399393884724776,-0.008561383807938057,-0.015857690989308438,-0.1256561895064879,-0.012588244514820532,-0.018696218754036275,-0.1499172161429991,-0.019898571090735874,-0.021249353899195453,-0.1712833954126743,-0.02709229017274136,-0.01881282189656123,-0.07909307750922832,-0.0172047570694666,-0.030528065110048432,-0.10192310857401228,-0.01686833456651657,-0.03428842708241897,-0.12228691579071367,-0.019702629435907493,-0.03755576380740521,-0.1423840120319531,-0.024553396221296337,-0.03602161938565469
0.0,0.0,0.0,-0.02679970731881018,-0.005503092741978933,0.023910520515513643,-0.04750506786140038,-0.009597352433994592,0.04799502864108829,-0.06854112290795808,-0.007936335731854906,0.07057131091438595,-0.0853871220535987,-0.004016177797390725,0.08862861763067412,-0.09671363562774069,1.6851337869793928e-17,0.02018554236422484,-0.1263013851967904,-0.00167156578625537,0.027689487678071358,-0.14740440125330906,-0.002775591955377154,0.032419420178763106,-0.16611565072159584,-0.019584883355731657,0.03266964268415736,-0.09803425152255252,1.6401230777102027e-17,-1.4309729184638045e-18,-0.1361009250308164,-0.001875942386601436,0.0027550309340704546,-0.16056586498170522,-0.008624432077439664,-0.0015718395231496443,-0.1841566645478569,-0.015990174127785903,0.00038655886659613216,-0.09386462000010502,-0.008208582686647658,-0.015702487979202352,-0.12532509072599834,-0.011854263747105829,-0.018732378919524277,-0.14945743818049284,-0.01843004174055384,-0.02193543753459337,-0.17055907358243708,-0.02434719248564618,-0.019532735808579546,-0.07898042157167648,-0.016431119648065897,-0.030324024222000513,-0.10164068976589027,-0.015679266020316593,-0.03414883135520581,-0.12185439788438876,-0.017848827160900114,-0.03762033291869401,-0.1417240239279222,-0.021866473015032768,-0.03595246273020105
0.0,0.0,0.0,-0.026998380950801804,-0.005693359636375328,0.02371964704115564,-0.047260825755312284,-0.009448081401296946,0.0480450654088361,-0.06760729371974024,-0.007258085511882858,0.07121510233415726,-0.0840781218238248,-0.0028480648422355335,0.0897456738507788,-0.09665639281343108,1.477590969868538e-17,0.019971884859401687,-0.12626497445645415,-0.0011449907023923349,0.027703542714470612,-0.14741134777494735,-0.0017984904244714908,0.0324368094681988,-0.166159829402471,-0.01784624286054892,0.03242361752109162,-0.09799718880564083,1.4970375851414906e-17,-1.613912796718924e-18,-0.13580473766790757,-0.0014329340272906028,0.0027133027305799597,-0.16012078177239164,-0.00775235756801303,-0.0019827158900416857,-0.1833921454415266,-0.014465733984047824,-0.0001256607128481574,-0.09378066182768134,-0.007984195981537219,-0.015582321017815417,-0.12514337392902053,-0.011389248708076795,-0.018696777904980533,-0.1491503259985888,-0.017568627053774682,-0.022283459857526604,-0.17009030272939168,-0.022790029300920247,-0.019874416814752716,-0.07888710994809883,-0.01592889369219715,-0.03019608229955759,-0.10141788944097538,-0.014966545265153829,-0.034045689403774324,-0.12161200347213558,-0.016726274359385267,-0.037573933361941335,-0.14128121933531204,-0.020322803546396043,-0.03580361635991346
0.0,0.0,0.0,-0.027031926386833424,-0.005907085393245824,0.02366071812073805,-0.04706502813158807,-0.009440295192910094,0.048129981240396295,-0.06708840067293084,-0.006829917591529896,0.07154886637349438,-0.08349145984532756,-0.002079684898358416,0.09020819780184477,-0.0966597857491175,-4.4487311112516625e-18,0.01993908674022198,-0.12622911163178913,-0.0011288324904957388,0.02776535378043532,-0.147294483241478,-0.0018801240847322268,0.032430219181943075,-0.16584562486125334,-0.01801791423431704,0.032278022651355376,-0.0980474047397518,-3.442697082851733e-18,-5.3840408245594124e-20,-0.13574593697315077,-0.0013911017185592612,0.002718450972317418,-0.1600274447495834,-0.007800378830529248,-0.0020845311855826444,-0.18312394198452503,-0.014441742411682602,-0.0002552151240978059,-0.09378577364512071,-0.007916057976162688,-0.015516195731483868,-0.12512738009211966,-0.011392088907848683,-0.018612872069208856,-0.1490570967824092,-0.017619057638609086,-0.02234685505827176,-0.16992678499976133,-0.022784815379882736,-0.019941574003308846,-0.07881688060262516,-0.015762495930091817,-0.03016380063585363,-0.10130032466829833,-0.01488013432754142,-0.033998855128842875,-0.12156373776375438,-0.01663257793696208,-0.03749046048795251,-0.14108917075669275,-0.02019188546621742,-0.03566206307979434
0.0,0.0,0.0,-0.02693630169046394,-0.006110395890715186,0.023720877425354246,-0.04690733227750391,-0.009509546801908136,0.04828128854847834,-0.0668673885823996,-0.00647149479817566,0.07177111586477736,-0.08338266405412478,-0.001452060862131072,0.09032311680917489,-0.09683870219808116,5.176970587738847e-18,0.020088129949583373,-0.1264004961656779,-0.001444790417134706,0.027883990367666468,-0.1473487337124587,-0.00270187899663818,0.03243267867046396,-0.16560669796410835,-0.01962597774213594,0.03227680422870679,-0.09827482185826927,2.9558142123059107e-18,1.1832440634530732e-18,-0.13600493996387317,-0.0017803827276667364,0.0027056302060309125,-0.16032650640285853,-0.008749908594651919,-0.0019495217153957759,-0.18334431974723073,-0.01582245114606357,-0.00010124630400617249,-0.09391427510617635,-0.007996590136295483,-0.015531791671852079,-0.12531508192106172,-0.011880473583981631,-0.01855351884958529,-0.149221274283765,-0.018570022489957566,-0.02223245865862488,-0.1700684673656457,-0.02424748427847808,-0.019850081579884524,-0.07879339606088066,-0.01592413620521972,-0.030255682891824145,-0.10134008178460456,-0.015395240196773022,-0.034069272982919035,-0.12170561175632737,-0.01754549063514282,-0.03744877303339601,-0.14113154542326847,-0.021374404787699582,-0.035593756397940324
0.0,0.0,0.0,-0.026762171938271184,-0.006302703398120252,0.02390604447531524,-0.046794926858392184,-0.009648221533862461,0.04853043040578106,-0.06690234395385228,-0.006150785202008532,0.0720172117245195,-0.08361494456763173,-0.0008888528388995588,0.09031518011522632,-0.097259140564718,-3.127868794558472e-18,0.020418488812514637,-0.1268946371986981,-0.0019515830994088627,0.028053805269321448,-0.14773841001048826,-0.0039721518972668434,0.03244336108135603,-0.16563200685763574,-0.022171175127835948,0.03239101129573571,-0.09873479814897124,-4.425473584952204e-18,-1.1353178589199394e-18,-0.1366171392987859,-0.002552104152133055,0.0026100100218979633,-0.1609905342250946,-0.010434604339921938,-0.0016926290509917928,-0.18397110545300593,-0.018299184096880625,0.00020846061928353287,-0.09418160977925458,-0.008207999173051485,-0.015655376169787457,-0.12573046130004084,-0.012771697860259328,-0.018610684179939666,-0.14964100625711704,-0.020239528289344017,-0.02207156313590623,-0.17046272904268334,-0.026865610527783045,-0.019723199855536704,-0.07883729567813412,-0.016379371878219716,-0.03049251121696579,-0.10155758010024707,-0.016396900139444375,-0.034323591904068175,-0.12200182746425749,-0.019251669314194718,-0.037511956912957035,-0.1413590185893506,-0.02357760594667702,-0.03564737889895726
0.0,0.0,0.0,-0.026558632857718843,-0.006488072605662354,0.02419973623092826,-0.046728871496567334,-0.009845650887772658,0.04887833509922182,-0.06715498485119605,-0.005874113496153538,0.07234761296494449,-0.08408546575928273,-0.0003618527340106879,0.09032349038503773,-0.09790892382218895,7.251953988559622e-19,0.020895468884812057,-0.12770004800948823,-0.0025515633025389277,0.028250000035410353,-0.14847716986709372,-0.005463048862814342,0.03244327526708148,-0.1659227595535072,-0.02520327284390835,0.032546196954234274,-0.09941666320857921,1.0783077205750583e-18,-1.7908349443374742e-19,-0.1375272601137253,-0.003607303279262696,0.00241087809987924,-0.16190376606557422,-0.012608153050598755,-0.0014186956804024486,-0.18484997673646947,-0.02146448789568257,0.0005612533714964402,-0.094571651303658,-0.0085207444611582,-0.0158816884054048,-0.12633381069242036,-0.013941299513653176,-0.01882428976047376,-0.15024202568752645,-0.02237208502937676,-0.02196281355893387,-0.17099631946699392,-0.03022266824765197,-0.019655343236567795,-0.07894164644394422,-0.01706090739700782,-0.030854872457115667,-0.1019115722078567,-0.01772480938575195,-0.0347649271944156,-0.12237860953710757,-0.02145281513812935,-0.037694300426057405,-0.14168675366590658,-0.02642058459010798,-0.03583151460587605
0.0,0.0,0.0,-0.026356875306472228,-0.006663159267370257,0.02455042328527751,-0.04669128562522001,-0.010067097537699667,0.049287453273844206,-0.06753237145659995,-0.0056198852473717375,0.07275914790532811,-0.08466918856203295,0.00016686517991351284,0.09040552609949774,-0.09871394642766974,-1.8885860771412427e-18,0.021447816629714407,-0.12870807488734212,-0.003175515648771525,0.028453133665643775,-0.14944774846603529,-0.007009112541067834,0.03243484299433367,-0.16637543710257643,-0.02836376782937242,0.03270613473625185,-0.10025265418063227,2.141387621282037e-18,9.540007140939964e-19,-0.1386054486633574,-0.004810906625173579,0.002146666540457053,-0.1629154404441811,-0.014998412253415817,-0.0011663215661231064,-0.18580473013237966,-0.02490880414401483,0.0009090357956187011,-0.09504696183325137,-0.008883399838994591,-0.016167157452249992,-0.12703901522799274,-0.0152448566055975,-0.019143802851313646,-0.1509170054293118,-0.02470161148979869,-0.021918460330264615,-0.17154486580359443,-0.03388725879842964,-0.01965344178195133,-0.07908385014073574,-0.01785429031065167,-0.031283864412670066,-0.10233014834005215,-0.019197910232352906,-0.035315198086698835,-0.12276309499915075,-0.02385125113072074,-0.03794849232896036,-0.14202351070407018,-0.029517873934975642,-0.0360923348196506
