x0,y0,z0,x1,y1,z1,x2,y2,z2,x3,y3,z3,x4,y4,z4,x5,y5,z5,x6,y6,z6,x7,y7,z7,x8,y8,z8,x9,y9,z9,x10,y10,z10,x11,y11,z11,x12,y12,z12,x13,y13,z13,x14,y14,z14,x15,y15,z15,x16,y16,z16,x17,y17,z17,x18,y18,z18,x19,y19,z19,x20,y20,z20
0.0,0.0,0.0,-0.028651837751582258,-0.005805459107129495,0.025750737999876327,-0.052112897962653566,-0.012812585425206743,0.0485703920014906,-0.07806079490441736,-0.017876040775656774,0.0646362538601162,-0.10326082163667971,-0.01980738566595261,0.07535276010285717,-0.09985530154178708,1.3024050871888144e-17,0.021068292217610765,-0.13066838409873957,-0.00027416576492592006,0.027304147346413496,-0.15266285007742814,-0.0017225263021499373,0.031073498383296372,-0.17236474669298002,-0.019492737656448704,0.03272186334954816,-0.10089113761312718,1.0651678005028337e-17,-2.6771879532333176e-19,-0.13988988602147254,0.0006031015364750215,0.0024134672592407785,-0.16650971573133708,-0.00826121583627134,-0.0015081792410510644,-0.19254060558763467,-0.017368448578522943,0.0017080063033102653,-0.09677868069282872,-0.008862456145472082,-0.014667374276347187,-0.13010467394804645,-0.010569697858742443,-0.018182731375584658,-0.15508029279865096,-0.019199673592451127,-0.019526610537989212,-0.17917696912226358,-0.029301875081445876,-0.01708048650203288,-0.08184530441350456,-0.018937349503323386,-0.02925801779044365,-0.10489907236523055,-0.016619152465734054,-0.034319907739403445,-0.12652308597408807,-0.020080035462428016,-0.03799244780048846,-0.14814571373177637,-0.027147276572734177,-0.03707442426368429
0.0,0.0,0.0,-0.028634311827416457,-0.005843429310598077,0.025776037393789565,-0.05202648569796284,-0.012879784900316046,0.04864602159289568,-0.0779325906892354,-0.017858221107216,0.06472075481866554,-0.10317675100554181,-0.019808396315460344,0.07540641120615636,-0.09984599625952728,-7.031463347547355e-18,0.021098637900882535,-0.13063671091600138,-0.00033036370738498714,0.027351882284327538,-0.1526342093519812,-0.0018674041228015788,0.031120094357941084,-0.17224586796108274,-0.01978857490858957,0.03278389549234466,-0.10086010123922959,-8.16142643908043e-18,9.710609463266512e-19,-0.1398377682064342,0.000519266983734788,0.002458839632204054,-0.16644354223897084,-0.00844880871317482,-0.001448056924628317,-0.19246158206680228,-0.017748344835006556,0.001771762450859522,-0.09673949309692746,-0.008909234299776239,-0.014657184507890542,-0.13006616102436805,-0.010691230365802657,-0.018145343705623672,-0.15505539135055907,-0.01943256524099363,-0.01947140450006563,-0.1790873855048539,-0.029702533089461195,-0.017016859042153297,-0.08179266803491479,-0.01902880375004251,-0.029242095188832085,-0.10485725264258085,-0.016698165808902998,-0.03427337670332105,-0.12650466247438888,-0.020183000814201706,-0.03793448624667317,-0.14808149523346748,-0.027352987500613643,-0.037005386985182166
0.0,0.0,0.0,-0.0286910090072104,-0.00603216421887678,0.025534830297823975,-0.05178662084735429,-0.0131770757997933,0.04848834280977814,-0.07734500002357755,-0.01787674130975869,0.06463225597151094,-0.1025888057475938,-0.020009788034626847,0.07558222657740078,-0.0997112988928088,7.168989745851842e-18,0.020836992603090337,-0.1300979049810298,-0.0005532791623940159,0.02744455808242059,-0.15222873304119733,-0.0022964207943351298,0.031326764141666304,-0.17169918681567442,-0.02008772998798611,0.03280753293774182,-0.10080143661601747,4.022413799105237e-18,-9.810885664574694e-19,-0.13948799689032776,0.000280759882309794,0.0027540473379826977,-0.16602500682198426,-0.008833265168703537,-0.001375022853184082,-0.19202430809126458,-0.01820442210779612,0.0016071821006776162,-0.09666877796199326,-0.008961204930516461,-0.014450453001989083,-0.12983775469317427,-0.010990463115815132,-0.017963006179322335,-0.15473748184939543,-0.01979683042811944,-0.019397565750501902,-0.1787489820234121,-0.03022628780753945,-0.017252595213214327,-0.08165285014716304,-0.018989892103455527,-0.02899136018889863,-0.10456959934651873,-0.016690044239233544,-0.03388051516940455,-0.12638816156630803,-0.020196414667609006,-0.037685925251985,-0.14822640165820283,-0.02750394748865389,-0.03690800808313973
0.0,0.0,0.0,-0.028768157622452484,-0.0060896842099463725,0.02558800442531109,-0.051664263629464996,-0.013303365746554824,0.04853002347498108,-0.07725505323646369,-0.017834723345843788,0.06470040002421334,-0.1026257656531868,-0.01995285624308187,0.07568995510637241,-0.09988231255971546,6.1140726862767046e-18,0.02084100868173613,-0.13029930327006037,-0.0006716318450126201,0.027493995835067175,-0.1524381079110984,-0.0025305107334971395,0.0313321126656092,-0.17175991035204263,-0.02037929701964374,0.03262941296667009,-0.10096111112594343,4.55145623956555e-18,-3.8400429899891885e-19,-0.13962496739348507,0.00020268466936789508,0.0028398036764983106,-0.16612128014296473,-0.009057219570677889,-0.0014377046767817306,-0.19202681128500107,-0.01852442428984068,0.0015031462471817177,-0.09682404146530403,-0.00905294498522067,-0.014404054226448927,-0.12996923583302739,-0.011181141098985041,-0.017968665456308597,-0.1548478135781857,-0.02015407587114298,-0.019487116526007563,-0.1786801184402366,-0.030770012613858685,-0.01735710487899504,-0.081747818439762,-0.01916255820215579,-0.028953915938181408,-0.10456722952619035,-0.016893116621429085,-0.033805540599146214,-0.12644533257749868,-0.02043761277003455,-0.03767222719857022,-0.1482658223415308,-0.027923099509667492,-0.03688097892640696
0.0,0.0,0.0,-0.02875350208917664,-0.006080997646378267,0.02556284569639714,-0.051576824696894195,-0.013452878322421596,0.048434537719759155,-0.0770771121647003,-0.017959516177923244,0.06471528869957109,-0.10251611894391101,-0.020159907685342048,0.07566747631763064,-0.09988687413976653,-1.8586941725944613e-18,0.02082073234352956,-0.13029602949848976,-0.0007587454796665742,0.027493658164016093,-0.15241310394394583,-0.0026843580642638607,0.031396387950873884,-0.17170213591122205,-0.02054184736097715,0.032647874769400356,-0.10092227544925496,7.651458871590117e-19,-6.795303542679388e-19,-0.13964594939025063,0.0001241205913846862,0.0029055158129545314,-0.16608498209921,-0.009170254405310654,-0.0014386341689408943,-0.19203199046532288,-0.01869666100535972,0.001529002649181075,-0.09685273424493787,-0.009052269488051237,-0.014347661517399942,-0.1299351289344593,-0.011245529617219693,-0.017900601736426276,-0.154827699716709,-0.020215416407132886,-0.01947825688325014,-0.17863478353543963,-0.031017732994617776,-0.017384657412975898,-0.08175465543845713,-0.019159352058961156,-0.028917206781907578,-0.1045709729814196,-0.016938155127351612,-0.0337865960318223,-0.12645338006201393,-0.0204512063065942,-0.03761980147881675,-0.14822194681184278,-0.028014683178490426,-0.03689402153665889
0.0,0.0,0.0,-0.028699771260478887,-0.006087153227994238,0.025628528351645793,-0.05157604697106348,-0.01351010322706073,0.04849345158831936,-0.07711814316194131,-0.018104824123454828,0.06468990345878346,-0.10260979541085584,-0.02030303521453436,0.07544007172581696,-0.09983555858314391,1.3215195385309878e-17,0.020911767264501273,-0.1303752738182455,-0.0007825369538173345,0.027452085985741746,-0.15240779287599857,-0.0027272718262219406,0.031349327831267614,-0.1716924369500315,-0.02070131041909353,0.03270365048892553,-0.10087515267193553,1.1482803846599923e-17,7.119981067104071e-19,-0.13966311586244898,0.00018167034888467778,0.0028627438280556102,-0.1661607414838336,-0.009106315740214692,-0.0013897474302629104,-0.1921370192200016,-0.01861825142490777,0.001690893127299651,-0.0968176108356368,-0.00899745328134144,-0.01441092917797029,-0.1299325612958554,-0.01112149747389083,-0.01793221261773253,-0.1548787837250095,-0.020047233878748204,-0.01940399164410239,-0.1787677645069925,-0.03085080922747661,-0.01715617952405449,-0.08177187622483724,-0.01911299235743342,-0.02898815076207664,-0.10462842076306123,-0.01689506211995135,-0.03395652590477944,-0.12641664883048048,-0.020334780179091027,-0.03766348525758937,-0.14812394114577268,-0.027936325038084506,-0.03689737286424506
0.0,0.0,0.0,-0.028735923082083593,-0.006164948335065907,0.02567268032249041,-0.05154619241353724,-0.013519272299006428,0.04854573181101516,-0.07700384238662267,-0.017864203415550447,0.06476324771273333,-0.10249385457389734,-0.019839269674053896,0.0756835407023471,-0.09986345895663536,-4.906426058734226e-18,0.02095052140904615,-0.1304644842659207,-0.000961997894432574,0.027478617581062983,-0.1524574557962957,-0.0030596782041177484,0.031435651384443986,-0.17166796477555604,-0.02115915852630218,0.032780434306584054,-0.1009186607267921,-3.5221675543131605e-18,2.101245376265101e-18,-0.13975021920816624,4.103518280942867e-05,0.002926410540434175,-0.1662269643885854,-0.0095342093868585,-0.0013391619321979483,-0.19217091191599897,-0.01923525507802897,0.0018000845864521494,-0.09681558813284658,-0.00906823260563313,-0.014309668227078123,-0.12999889100170378,-0.011411994512352747,-0.017940836965399713,-0.15492142873734632,-0.020455013802486054,-0.01936987707576551,-0.17869148582905997,-0.031384180082687584,-0.017051176405604853,-0.08179522926150996,-0.019211292639261274,-0.02891164817960122,-0.10464705516499487,-0.017097644905381196,-0.033857896900956426,-0.12642856756187593,-0.020520365332933634,-0.03757264599607043,-0.14812200367135597,-0.0282689918382593,-0.036722284390359336
0.0,0.0,0.0,-0.02872412679066261,-0.006189377770030414,0.025689710775660412,-0.051496382993556085,-0.013538156947959989,0.04856628525071907,-0.07691426884962856,-0.017761737130182878,0.06474313272689287,-0.10243497621393356,-0.019676713048175042,0.07571446065025968,-0.09992991493015761,3.979309472888086e-18,0.021001238108217263,-0.13053878031253224,-0.0010296327433762548,0.02751573477837311,-0.15251383119710668,-0.0031759472540163697,0.03149582776972935,-0.1716800142326645,-0.021332704633995496,0.032858125609111916,-0.10094814439305809,4.780335724830109e-18,-1.4503642155136426e-18,-0.1398140533862695,-7.036843692798093e-05,0.0029678549521787805,-0.1662621023661066,-0.009756447956127099,-0.0012635397060932105,-0.19217544810173404,-0.019565355656729864,0.0018340934089967067,-0.09684496356175712,-0.009136865140126625,-0.014279772026648084,-0.1300218451450168,-0.011583078454818414,-0.01791523427272437,-0.15497214034805062,-0.020689003508808323,-0.019270783552819058,-0.17865484637619755,-0.0316537552715699,-0.01701595882447563,-0.08180317343291632,-0.019323002619280383,-0.028861504006840608,-0.1046425604459175,-0.01727894188967014,-0.03378053521432341,-0.12648630015881185,-0.020699112405233283,-0.03749654058633934,-0.14815778104600413,-0.02857233323156666,-0.03662116628347936
0.0,0.0,0.0,-0.028642945587186535,-0.006255810402585734,0.025794993903214495,-0.05149977765723861,-0.01348610610658609,0.048648656745254815,-0.07701979473112015,-0.017751291143322776,0.0647384930483536,-0.10249468641750736,-0.01961919415839919,0.0754391982732115,-0.09980487519143548,8.019319652132578e-18,0.021090227112189924,-0.13052263666645614,-0.001026170995711319,0.02748838431452955,-0.15243022536072426,-0.003161351640366208,0.03144783368110968,-0.17163965508567394,-0.021397703713808548,0.03287929391625164,-0.10084957724514229,1.0617531063236621e-17,1.111311969807632e-18,-0.13975696578158547,1.6852940542724227e-05,0.002848747737680671,-0.16627597526396964,-0.00963052314617474,-0.0012369364005518114,-0.19223343217206812,-0.019456189227959744,0.0018590779114795305,-0.09672548299224336,-0.009100559207361738,-0.014386664856787926,-0.12997967652059456,-0.01148857296057317,-0.017972149533397277,-0.1549272672114341,-0.020576273234258164,-0.019240208769148528,-0.17863180664073297,-0.03149104160834973,-0.01683123839446981,-0.0817478585320286,-0.019332178880138422,-0.02893440087815979,-0.10466114935058472,-0.01728281580196116,-0.03389081970265397,-0.12641218889506886,-0.020646126175462378,-0.03751523605375137,-0.1480113598679123,-0.028541217587199838,-0.03657915155112221
0.0,0.0,0.0,-0.028662001230546744,-0.006329777826549643,0.02596156526249624,-0.05154233731239413,-0.013390738078328667,0.04882808417939803,-0.07710180809492154,-0.017530677388364446,0.06482862346028347,-0.10244465667173527,-0.019180941294009324,0.07557467586006365,-0.0998248815995864,2.2008035895027305e-20,0.021182876704474968,-0.13064640271882297,-0.001103397477711519,0.027458985862207096,-0.15257508811594708,-0.0032747834433870457,0.03140690338763658,-0.17173118762091624,-0.02164391770942536,0.032914569918578836,-0.10091097124243996,1.1061019712892098e-18,-4.062004387138234e-19,-0.13985562069487367,-0.00010638335542431167,0.002721958049715571,-0.16639110692085235,-0.009975305269905128,-0.0012487096154663118,-0.19228936474534727,-0.01997485530199886,0.0018837951445739862,-0.09664763398374647,-0.009144635803021158,-0.014464519650120435,-0.13005913652875745,-0.011698501043118899,-0.018086324630508754,-0.15490423384991747,-0.020970774670528124,-0.019192920104862187,-0.17855119667475972,-0.03202546572037413,-0.016659252443174392,-0.08172370969594035,-0.019443311426698407,-0.028984790857476673,-0.10474245039913437,-0.01744842820043004,-0.03396967269911163,-0.12639343313184437,-0.020861370816369885,-0.037519754380248814,-0.14802017001514378,-0.02883686607173372,-0.03643932273008896
0.0,0.0,0.0,-0.02863076775983958,-0.006484441924393401,0.026110940091510212,-0.05179563313245486,-0.013685389020750928,0.04902571690732861,-0.07765678898254867,-0.018313866892998982,0.06461901930465201,-0.10293916014666009,-0.02019131136109236,0.07531893075584047,-0.1000497704966357,1.3104044964897086e-17,0.02137343979427937,-0.1310326467862721,-0.0011343786324314645,0.027380707681681167,-0.1530906626337532,-0.0031828317164317196,0.031056867902705468,-0.17233482434075256,-0.021890358476556956,0.032440123989221366,-0.10118613695873775,9.062182994554549e-18,2.013776822875471e-18,-0.1402114387644004,-0.00014092290387575924,0.0024004366987944044,-0.1668434448925462,-0.009799634337395871,-0.0014937907949380453,-0.19273738479763436,-0.01966792039848709,0.0017070148085806412,-0.09674281958214384,-0.00917220960524886,-0.014734206945860263,-0.13040884606773914,-0.011592766454099668,-0.01844328253041858,-0.15512569874133506,-0.020698770551008376,-0.019388716422393384,-0.17884520377127788,-0.031462032056579846,-0.01673873186261035,-0.08186589002079434,-0.019490347863814803,-0.029350134896708378,-0.10508570770741789,-0.017451318596077743,-0.03434228633068297,-0.12666707550019907,-0.020685342761520478,-0.03776126999979499,-0.14833370787544026,-0.0284436435170308,-0.03656803214291679
0.0,0.0,0.0,-0.028550571756230884,-0.00645300756606152,0.026371633582677512,-0.05182417372622639,-0.013501641226055133,0.04929572686503987,-0.07761561699273392,-0.018204541651539608,0.06468627691705699,-0.10259643823152516,-0.019928052571052842,0.07521027291958352,-0.10006852732460424,2.708320659597041e-18,0.021565527963251674,-0.13119388295958218,-0.0012308328815158795,0.02743313184940377,-0.1533010664704244,-0.003453118006773159,0.031001916367684606,-0.1724563588894011,-0.022777559766144515,0.032289608505951264,-0.10129023841619532,-1.5222037150081813e-18,4.397297901802042e-19,-0.14029081004146124,-0.0004566922923549463,0.002227091372885329,-0.16707241647485507,-0.010318537451220357,-0.0014961940113547372,-0.19279645837013348,-0.02032146602997691,0.0018987512154803067,-0.09664781330893801,-0.009220142819845517,-0.01488280788933014,-0.13058410801939874,-0.011773345118167475,-0.018585941773907492,-0.15506879500908272,-0.021171097623419642,-0.019322242454833504,-0.17879851209742467,-0.03208504298617626,-0.016487648749032347,-0.08188873664116514,-0.01965409713622585,-0.02961874290660014,-0.10520986698370063,-0.017858556109124814,-0.0345910108116238,-0.1267188599101738,-0.021078436695961073,-0.037829829093936077,-0.14842749132559357,-0.028840790146115076,-0.03649499305741513
0.0,0.0,0.0,-0.028260645637262837,-0.006162904643797321,0.026384987209928625,-0.05156213875424178,-0.013286014553426428,0.04916035514000441,-0.07712261345832197,-0.01810336414967841,0.06472978543146718,-0.10197430921888075,-0.020053378180740725,0.07519290460776636,-0.09990941553205702,-4.490130129582925e-19,0.021690938394166234,-0.13094306124422372,-0.0015070459124943392,0.027501653318545642,-0.1527973708205092,-0.003932614666443081,0.031211009531076965,-0.17204052098145453,-0.023610688103510618,0.0325234778336735,-0.10102915607328612,-7.147568385078164e-19,-2.981905255899391e-19,-0.1401643808738902,-0.000857565910848403,0.0021949862789749338,-0.1669808937105349,-0.010829768353865572,-0.0012876654261955386,-0.19258727350908197,-0.020767418099364,0.002235122890099062,-0.09649250120075427,-0.00925122110440769,-0.014991260809989011,-0.13033454183850207,-0.012015824486554806,-0.01856259187599623,-0.15468199290730714,-0.02143000528605761,-0.019269821370292844,-0.17820385138489744,-0.03243221481276367,-0.016159392122020277,-0.0817238314908981,-0.01964058804111855,-0.029781798420873806,-0.10502630551416443,-0.018185458727388686,-0.03478784956662423,-0.12650012909657798,-0.021500865532464088,-0.03785545842135079,-0.14806937018918145,-0.029090360248620332,-0.03659273002859911
0.0,0.0,0.0,-0.028216147955461117,-0.006001177552066811,0.026419969841662307,-0.05163851433254661,-0.013223751069752928,0.04907433591135728,-0.07713612882308987,-0.018215940760894455,0.06471893135184216,-0.10186543098029986,-0.020412302339034356,0.075139580154252,-0.10004918763160305,-5.731905256421376e-18,0.021806318831719955,-0.13106488336171326,-0.001599117855303576,0.027488761670472706,-0.1527853388397284,-0.004102263552732844,0.031236194342737927,-0.1721602350419919,-0.023876060370551996,0.032534293570213514,-0.10110990696296164,-2.7225616740855087e-18,-9.192730753241477e-19,-0.14035319370674382,-0.0009827807400603383,0.0020710833204701873,-0.1672538700526638,-0.0109095568674282,-0.0013455576655483892,-0.19288220425521413,-0.020754325056826287,0.0021669482646874687,-0.09660366093287656,-0.00928046213072492,-0.015074266877538482,-0.13045753265860158,-0.01211062323117976,-0.018658588157784088,-0.15474565215161037,-0.021446049345836632,-0.019357366867041512,-0.1782199849398234,-0.03244203143958505,-0.01610986345752433,-0.08179273379157533,-0.019712949974769474,-0.029926418337187743,-0.10516656829790579,-0.018409762594295245,-0.03494619601313336,-0.12663118050815278,-0.021685388065746762,-0.03794411665966187,-0.14820338522583018,-0.029099165853818283,-0.036753140680541654
0.0,0.0,0.0,-0.027944428355703408,-0.005900829695895801,0.02640208869054788,-0.05149840313483774,-0.013416281626136506,0.04910161476308436,-0.07689791804044954,-0.01866543505767963,0.06466050002369825,-0.10166001180836488,-0.021263101469629394,0.07502130183764352,-0.09998744279283424,3.3376886484825348e-18,0.021948136116149753,-0.13092916725408768,-0.0017738935711131348,0.027524518944371395,-0.15248891535754616,-0.004250911452084265,0.031376746549603686,-0.17195064867651155,-0.024107373593639056,0.03269235913192767,-0.10100281861593413,3.356377096366144e-18,1.9254883604349718e-19,-0.14040190908971098,-0.0011291488017164222,0.0021078808616707273,-0.16729154835970486,-0.011055629922064825,-0.0011237521602454124,-0.19296285016860892,-0.020916676660268325,0.002435724782816018,-0.09663124852938577,-0.009316496711635727,-0.015181132914002289,-0.1303589554351108,-0.012322482401236763,-0.01861105640875697,-0.15470073376127955,-0.02158549686812811,-0.019214625332613502,-0.17806505954374022,-0.032534364605859664,-0.01574785812644207,-0.08179205343886432,-0.01974189031057318,-0.030041575818635455,-0.10516058828460537,-0.01861505184278399,-0.03511482960795673,-0.1266270195463949,-0.022007700726863016,-0.03804635639581314,-0.14816271204473963,-0.029409889687427103,-0.036882586551031084
0.0,0.0,0.0,-0.027736127127039097,-0.005799316180707447,0.02636596722732932,-0.05138434720981035,-0.013553671131779925,0.04903880695214308,-0.07680060096871233,-0.019021563266338873,0.06446887793383684,-0.10154259517723575,-0.021917070482989503,0.07477086109507465,-0.09988928894699704,1.3280725265491027e-17,0.022035382002210672,-0.13078926526545823,-0.0019383190408703672,0.0276183784625311,-0.15224182086506194,-0.004424100962417232,0.03150787080763546,-0.17170440218659683,-0.024346707235416452,0.03289847169817494,-0.10092203698303669,1.0985735736766568e-17,6.6259620363826225e-19,-0.14034627802477528,-0.0012429412595295964,0.0020960924642669265,-0.16731778099196476,-0.01106376146508622,-0.0009675320506566034,-0.1930377735831865,-0.020934917626693087,0.0026477779409179816,-0.09659417931418762,-0.009345007985317733,-0.015285744485997954,-0.13031985352607398,-0.012405218631898824,-0.018572142446538785,-0.15464343522670893,-0.021593257722933815,-0.019140607927981605,-0.17799506041556198,-0.032536978722000884,-0.01556300673735529,-0.08173680648070161,-0.01973330002986571,-0.03018682497197248,-0.10511575273037006,-0.01875785553785709,-0.03523588731550784,-0.12660288674240813,-0.022294198152126337,-0.03811173391380201,-0.1481206832584483,-0.029554008807191202,-0.0369407949366592
0.0,0.0,0.0,-0.02785772249230319,-0.005886425102672916,0.026565386621357233,-0.05177676730371996,-0.013749518205487952,0.04919807053907562,-0.07728230442401031,-0.01960682942258001,0.06434875718508133,-0.10197204060005927,-0.022531352708197425,0.07451078799808868,-0.10023294002274886,3.391300732091679e-18,0.02213217532395612,-0.13107954243497527,-0.0021042192111682153,0.02765646632673619,-0.152669258860582,-0.004574436815679344,0.03144922052272146,-0.17219169700145928,-0.02475571511949283,0.03274145403227154,-0.10125864806820135,2.68324189432933e-18,7.15889286614036e-19,-0.14070459901673038,-0.0012098440348003688,0.0019755752479315362,-0.16774332085639757,-0.010971127069912085,-0.0011053395253155006,-0.19344838393672384,-0.02100381621464908,0.002602912296400919,-0.09682280892089129,-0.009328342721036045,-0.01528213987147737,-0.1306998213338967,-0.01228416553964238,-0.01869599555551236,-0.15499621419356668,-0.021688007319270758,-0.01920528652755292,-0.17849206563223785,-0.0328303524931758,-0.01558115051189878,-0.08189365512460796,-0.0197165411752812,-0.03015177028682834,-0.10543120696106711,-0.01881827159330743,-0.03531059233504284,-0.1269940457328057,-0.022367634239238984,-0.03809268582327041,-0.1484943166594951,-0.029705391501922987,-0.03683536782733481
0.0,0.0,0.0,-0.028033949556348657,-0.005902149366005368,0.026645142131585017,-0.05217023318783475,-0.013841508416168886,0.04925111019314601,-0.07780946369730442,-0.019912885262657443,0.06414921376926706,-0.10253785485563593,-0.022832380704261857,0.0743427230624985,-0.10031754130182471,-1.5049375195657954e-17,0.02222248768517195,-0.1311813338825209,-0.0020682296682432142,0.0276506404837435,-0.1529100711083881,-0.004628080010378168,0.031387902727839014,-0.17236194320300385,-0.024892825593985174,0.03265064512180403,-0.10136021837924364,-1.4559008619355756e-17,-4.0693605319746866e-19,-0.14075732141987085,-0.001256232723706444,0.001960078333429223,-0.16767174603716442,-0.011144774207594611,-0.0011762104888884768,-0.19330991268860878,-0.021311549103413964,0.002409304586643871,-0.09682288398305386,-0.009324199954061741,-0.015224515293537596,-0.13078614480766382,-0.01232772322934116,-0.018784843213204467,-0.15500558645925624,-0.02176611631898258,-0.019113830557384855,-0.1784519900833236,-0.032971034980994754,-0.01555691204212087,-0.08197732486650884,-0.019709201604457348,-0.030124748346302875,-0.10554721276673898,-0.018886002182168408,-0.03522639350550317,-0.1270978497025933,-0.022268115865975203,-0.03797605219145371,-0.14856685123799976,-0.029798979624013868,-0.036661664655630144
0.0,0.0,0.0,-0.027942620312011363,-0.005740760900471033,0.02677696361265383,-0.052128960417455836,-0.013831244140897703,0.049350262741187194,-0.0778975050678128,-0.02016906609626464,0.06400771806498375,-0.10260300766106488,-0.023324607108460203,0.07394550181711176,-0.10003639196673039,-2.7335975821206385e-18,0.02233100905164571,-0.13098487027161274,-0.002315607584812611,0.027719239506474723,-0.1526138398641956,-0.005148878637534429,0.03136833382607919,-0.17199116150067592,-0.02578387586869356,0.032712145105548394,-0.10108306672788096,-1.4453076448174269e-18,5.367722992185859e-19,-0.1405042638664044,-0.0016285674786617962,0.002157782125655978,-0.16730162736485238,-0.01173671527582806,-0.0008493117900905453,-0.1928642789613108,-0.022262328193706743,0.0027479061721496422,-0.0964333377195491,-0.00937851950501276,-0.01523679405827509,-0.13046955525580523,-0.012693190395987965,-0.01870421791230887,-0.15468385594775005,-0.022456277018793044,-0.018932997207713936,-0.17799129786940063,-0.03382306942324595,-0.015321051326042308,-0.08167183626562587,-0.01975348494746349,-0.030144557851979958,-0.1052856166738478,-0.019204653287635962,-0.03518933009920911,-0.12684386100135225,-0.022682657778309568,-0.037865973510051235,-0.14813155408893536,-0.03042427388127714,-0.03639011652315174
0.0,0.0,0.0,-0.027900698689231663,-0.005700694264748002,0.02692453765796963,-0.052084416296218544,-0.01385999626977705,0.04949485672362684,-0.07798566682178298,-0.02032437258841136,0.06395261131829537,-0.10273521740433157,-0.0235073088228477,0.07376643624029197,-0.09986820981942218,2.946502836294148e-18,0.022420362306714906,-0.13090358807764793,-0.002469870728224835,0.0278013074896094,-0.1525794864748896,-0.005507882915868717,0.031361468014787064,-0.17175461048811905,-0.026510239548745134,0.03278569802648534,-0.10099702980106173,-7.486165267831709e-19,-1.042999457969435e-18,-0.14041531898544088,-0.0017969828719173425,0.002277567286967795,-0.16720049930259753,-0.012141203974723796,-0.0006170991646862915,-0.192729831118033,-0.022967819564778412,0.0030681180178429575,-0.09622495194706153,-0.009396814141205002,-0.015233486401884912,-0.13038966183148473,-0.012958811334620388,-0.01865036988046981,-0.1545717541125574,-0.022930419184987005,-0.018755842355725215,-0.1779423621130021,-0.034559964500695955,-0.015133874118293344,-0.08152113517229084,-0.019812447361463804,-0.030130929393369952,-0.10521485102264598,-0.019456139005012783,-0.03517237926528049,-0.12677650296731086,-0.0230179717611427,-0.0377806435247854,-0.14798222083050713,-0.031003865195693127,-0.036150188685553516
0.0,0.0,0.0,-0.0280147005238583,-0.005730756604030927,0.02680699552110397,-0.05228056691289695,-0.014162198640563652,0.04926487694289048,-0.07855282955736194,-0.021003539888641173,0.06351241019143196,-0.10362044868093666,-0.024799131666877867,0.07349799625318108,-0.10014703634164045,4.914681074919712e-18,0.022311714635943298,-0.1310575026057139,-0.0022989889042382733,0.027909932071736834,-0.15268986061505346,-0.005319894072452369,0.03143959595378904,-0.1719757466647907,-0.026516997123557273,0.03303502093451589,-0.10128028488728924,4.209437830732391e-18,-3.5497565836975133e-19,-0.14056549088583192,-0.0014203327905980242,0.002583734376829238,-0.16737336438487962,-0.011747847139934462,-0.0003211468406352565,-0.19308650135883773,-0.022629442343664808,0.0034322130498718175,-0.09656946689684366,-0.009437047554740454,-0.01492623829063242,-0.1305019160137575,-0.012762881771344808,-0.018211929637298035,-0.155008295157801,-0.022795840217024646,-0.018306466325663136,-0.17845924843885705,-0.03485230494494298,-0.01485159029654789,-0.0817886354554335,-0.02000209604148351,-0.029796975651395823,-0.10543972911414681,-0.019334195386788287,-0.034670354076189625,-0.1270968310471169,-0.02312348284313408,-0.037370786547897356,-0.14824521974480498,-0.031404339478586056,-0.03585294011586524
0.0,0.0,0.0,-0.02782015992851885,-0.005742829155188026,0.02676948058270334,-0.05223629968074165,-0.014627373886404563,0.04899171696573944,-0.0790329449979793,-0.02166120490843981,0.06286072760818538,-0.10409917777721056,-0.025877790296198928,0.07284829234456167,-0.10016163155090167,2.7720215013525335e-18,0.02234406395391146,-0.13096891025740148,-0.0025600063070223295,0.02821028632213577,-0.1524919022031015,-0.006042951111402924,0.0316824845039577,-0.17165499230780545,-0.02792951511673348,0.03348156334220687,-0.10151525756685081,1.4269504363613244e-18,-8.220001214498419e-19,-0.1407495933868413,-0.0013535418579954362,0.0028278971703797136,-0.16764986680476696,-0.011903960813543599,0.0001845205630819591,-0.1934265716806471,-0.023303807399323747,0.004040626846286267,-0.09673949378078565,-0.009468530778473603,-0.014781276501507875,-0.13061205280920704,-0.012924392214851291,-0.017872055144703428,-0.15530431647768603,-0.02315177314580915,-0.01788895904072837,-0.17887659123723684,-0.03603136824085027,-0.014401985459259813,-0.08186749765805297,-0.02013792463179842,-0.029752839064449768,-0.10555616910022196,-0.019585153819620855,-0.03443214374929547,-0.1272291112457795,-0.023896409391527967,-0.037067196159662745,-0.1483443520372151,-0.03254876224000559,-0.03542804651742013
0.0,0.0,0.0,-0.027070802243666113,-0.005533310262118732,0.02678966883137608,-0.05197742400354097,-0.015173750971803101,0.048614475460259404,-0.07945510985126335,-0.02277830514600462,0.06154174402838561,-0.10490908103172393,-0.02798802350556655,0.07082302443746136,-0.09978509357447256,6.343183747353966e-18,0.022791228647639394,-0.1301473234749264,-0.003645219912916991,0.02885877474248907,-0.1512733977865009,-0.007976736923325872,0.0322769531478582,-0.16995137257700055,-0.030939379670513873,0.034429910685726636,-0.10138503213891283,5.892396735767124e-18,-1.5683265934499032e-19,-0.14088017507819006,-0.0016538125716984923,0.003264754392872033,-0.167643429616139,-0.012402511594293182,0.001277187849854312,-0.19382364944021768,-0.025138261949078148,0.005277299591727665,-0.09682357079796926,-0.009504470748193784,-0.014840739393967116,-0.1307752490645251,-0.013420408718705796,-0.017451837389493113,-0.1558105595917835,-0.023823408083761464,-0.01733055632783096,-0.17947157763894506,-0.03758580292433333,-0.013916427810054356,-0.0818150994114027,-0.020208218615950634,-0.030050476731849574,-0.10574092062369018,-0.02004759704189529,-0.03448410428193363,-0.12771618749974134,-0.024806690181683785,-0.036645706945161276,-0.1486100791792358,-0.033669077334921166,-0.03488423299563954
0.0,0.0,0.0,-0.02662542392071971,-0.005682313173333357,0.02718950958035108,-0.05211981389467212,-0.015721392273834872,0.04797026499058982,-0.08066878922562626,-0.024692973929543276,0.059488141371012174,-0.10669522721908105,-0.03071864612808842,0.06705231734310085,-0.09975288509116235,-3.037473344860801e-18,0.023422917000120176,-0.12933842105214485,-0.0050410614044047505,0.02918684524215529,-0.14941246223522062,-0.010779292066547841,0.03279223746626209,-0.16738399287738845,-0.03517555016438037,0.035577035504867974,-0.10147763614351815,-2.085247520304036e-18,1.8785528924711804e-18,-0.14164058805197374,-0.0008245201133130716,0.003440084860849824,-0.16862038030586582,-0.011704917796559836,0.0023382111787249803,-0.1952964832658639,-0.02631054203845468,0.0067509785754395445,-0.09750333531266,-0.00940164110829023,-0.015050630915113336,-0.1317442617336373,-0.012766975924953057,-0.017454710813559437,-0.15705246970604592,-0.023230564352248913,-0.016820502681982756,-0.18095975161019984,-0.03761635283465189,-0.013438945225811409,-0.08234769077950219,-0.020070068518559244,-0.030490392810398562,-0.10660936707976301,-0.019924181992988385,-0.03449113279986316,-0.1293957369535426,-0.024716298311602953,-0.03611991201313684,-0.1503299656049008,-0.03407179201461831,-0.03427766533678387
0.0,0.0,0.0,-0.02571485831164566,-0.005904911440623325,0.027663733284501328,-0.05161146098709365,-0.016781385136119917,0.04749557509429268,-0.08157560358000507,-0.02725785290087028,0.05769892402387913,-0.10879143657932594,-0.0338091599405606,0.06330031304776254,-0.09899017136969963,-1.1265690977824186e-17,0.023875960847963448,-0.1271596616712341,-0.007540789261436533,0.029299981448924144,-0.1460332043890466,-0.014754989927631773,0.03261008061751103,-0.16179096269099463,-0.04115454755709362,0.036043361668450964,-0.10076862983932272,-1.412986140363679e-17,-7.230586674191902e-19,-0.14169494807641098,0.0002468530365885503,0.0036432237487168417,-0.1694831292888481,-0.01044073469173456,0.0034382866368258356,-0.19695538345134672,-0.02585302626734686,0.00869073083516464,-0.09763389073843162,-0.00950609765628917,-0.01505220000207019,-0.13215462041258821,-0.01194950937029324,-0.01755441604716525,-0.1574391107019036,-0.02200124378252416,-0.01638583116411775,-0.1816844450571852,-0.037314253404541343,-0.01271144324462065,-0.08240356242943146,-0.020132187526031867,-0.03075446199698135,-0.10694662686116913,-0.019899874732134972,-0.03434963888698997,-0.13040929875740023,-0.02493196089584137,-0.03540066935486615,-0.150884771368562,-0.03528016126468482,-0.033536694215090396
0.0,0.0,0.0,-0.02510162513575402,-0.006132250159873737,0.028021108088288112,-0.05111341887173588,-0.01759896315668397,0.04729518827349956,-0.0820036954612492,-0.029084414530204467,0.05664814654400721,-0.1099318075890518,-0.03594500400899416,0.060888781984719746,-0.09837986068068531,-3.9604447846706296e-18,0.024275829037310823,-0.12557150454115923,-0.009320769583738077,0.02959982709415435,-0.14361355506755874,-0.01770106946431294,0.0328562214925118,-0.1577270149333668,-0.045578890483199026,0.03675182991203589,-0.100260112668739,-3.756339849951386e-18,2.721491967819682e-19,-0.14184542356445135,0.0010484810800931064,0.0037990649696529955,-0.17014021920853817,-0.009667736046056263,0.00442113520336714,-0.1980951251817048,-0.025818424352079147,0.01030891328704693,-0.09771152568764158,-0.009549342454492755,-0.015066094027317801,-0.13261345443422756,-0.011362020464038943,-0.01755831106275989,-0.15769151242111867,-0.021100875361494718,-0.01593631848524672,-0.1820672740436861,-0.03720531286778871,-0.012034984982999526,-0.08247459243385968,-0.020036113355260628,-0.031025506486510746,-0.10734237045910482,-0.019769432377536214,-0.034303739382837144,-0.13132345012002725,-0.02492907994123663,-0.034880090631144355,-0.15141675802521296,-0.035914946260131905,-0.0329252536314199
0.0,0.0,0.0,-0.024140004871851677,-0.006544743020003281,0.027867567125521575,-0.04993858618270793,-0.019487949824352924,0.0461459214793282,-0.08128471795054922,-0.03184246020551498,0.05431029396854426,-0.11016549242453835,-0.04002902845056411,0.057299238838637745,-0.09756827350527991,1.0023587081161453e-17,0.024434571019449687,-0.1233701915151634,-0.011857891810165942,0.02977257399098699,-0.1397955330937865,-0.021632264792576024,0.033065026376812426,-0.1514267954855066,-0.05088989417936399,0.035846360189499334,-0.09955787355262705,6.977363192426837e-18,3.075626273298392e-19,-0.14191872323116064,0.0016619215706188786,0.004193405208773908,-0.17041966196060984,-0.008579341495197982,0.0054210225635072905,-0.19919705429776083,-0.02496803321521803,0.011512285440350909,-0.09768065109690616,-0.009493128360606735,-0.01559302564170307,-0.13279616584798368,-0.010694853445248493,-0.017856483002614592,-0.1579587985622679,-0.019563076354854332,-0.016282688818663196,-0.1820962758524405,-0.03479467467678397,-0.012467271130659709,-0.0826167017404758,-0.019427125655129353,-0.03193274248186325,-0.10756571628856486,-0.018961985129436813,-0.03492444469796863,-0.13265958148544915,-0.02370415532324217,-0.03553749896523444,-0.15160173615673744,-0.034102080550780324,-0.033925537019875746
0.0,0.0,0.0,-0.02347813312943609,-0.0070884325795984,0.027358845219155704,-0.05007599786127164,-0.021181347608293356,0.04477577840609113,-0.08167310197530656,-0.034535628105125234,0.05107926382559347,-0.11235473930733476,-0.04483720155784555,0.05205110626478132,-0.09751561965088393,-6.800102294025075e-18,0.02446040730085205,-0.12254454088321624,-0.014205047867532145,0.029355085186215598,-0.13643300821782647,-0.02586849003719697,0.03234278143401733,-0.1435858078278447,-0.05648953257616114,0.03400551843100568,-0.09967996918011818,-9.016679983111001e-18,-9.304765082380244e-20,-0.14218454946328915,0.001630343328779961,0.0043274122353548885,-0.17081357509325817,-0.00910994706017147,0.0056749967502835105,-0.2000721720792203,-0.024867025728500136,0.012034925836900722,-0.09793751747422196,-0.009234342733596154,-0.015888381332975595,-0.13316441712321447,-0.0098190516811619,-0.01815868085177785,-0.15822668041913668,-0.0176985336269693,-0.017095191431361737,-0.18314877259923695,-0.031765765939645654,-0.013510798705437664,-0.08290445208789578,-0.019032521107178076,-0.032523599795329976,-0.10797385282313988,-0.01842923284607175,-0.035706050369532505,-0.13370449565800058,-0.022883259219725605,-0.036165376564104436,-0.15192162022139227,-0.032414644875127956,-0.03486752629569997
0.0,0.0,0.0,-0.02302556535810091,-0.007023981913082084,0.026914309877289426,-0.05029497465755649,-0.02174778426664581,0.04386305806919316,-0.08179450067781434,-0.03684952378142098,0.04913417653366815,-0.1137956886959269,-0.04851978244185991,0.04927252464449761,-0.09793841062255884,6.8744504307275464e-18,0.024489659428913593,-0.12314688516768817,-0.015389569652084135,0.029616838073311478,-0.13424543221982882,-0.02839948074219396,0.03285735808270408,-0.13688084220083277,-0.06109951724365233,0.03466033164219523,-0.0998955131827787,9.912710594300419e-18,7.24029199332686e-19,-0.14263500053755024,0.0015768862499129241,0.004501645452297146,-0.1712249571139434,-0.009039025539027405,0.006184901154274632,-0.20047953007271407,-0.025123161512262012,0.013272020357826087,-0.09825773502121647,-0.009335031939785321,-0.01606119561032735,-0.13399293654750644,-0.008663987411309283,-0.018135592090313,-0.1593558010341725,-0.016114325630235106,-0.01726150040219936,-0.1849560566470309,-0.02924028242446373,-0.01391150332708684,-0.08340218072096202,-0.01916103709168462,-0.03287068852579253,-0.10857011552686024,-0.01846867801021557,-0.03589490933496435,-0.13483030818095307,-0.02263459176338486,-0.03600844403482914,-0.1531845005672417,-0.03150124054576592,-0.03450214105337276
0.0,0.0,0.0,-0.02259293291758806,-0.006784643433146199,0.026579347143693696,-0.05021698103939122,-0.022136281809483727,0.04323630178144562,-0.08169574511296754,-0.038560496488879714,0.047600055141582706,-0.11443107147758337,-0.051301614726946346,0.046690053985464136,-0.09815510345419817,-1.0251103831700811e-17,0.024484989775853273,-0.12319622042576714,-0.01666137137196599,0.029678186163875398,-0.13237953654034784,-0.03063173348994198,0.03287641238308171,-0.1317122478296388,-0.06435658509970893,0.03452046130382366,-0.10007513742848774,-9.992367256977212e-18,-4.074269148611147e-19,-0.14306890300623376,0.0005618698929087963,0.004686153339343063,-0.1715011212004211,-0.01060948710181538,0.006611953451560993,-0.20057178313011254,-0.02718997154558368,0.014252281254826473,-0.09842534430006822,-0.009445323321043413,-0.01626500953715631,-0.134368828386032,-0.009119719178521104,-0.018027103666550925,-0.15983348893636318,-0.01681004061214163,-0.017300021447143214,-0.1857210485042169,-0.02951713242929967,-0.014124199239830515,-0.08360503311338215,-0.01918353656875635,-0.033040798805199244,-0.10871661011342984,-0.01903174032582034,-0.03586740151434529,-0.13520628574120694,-0.023610790800862754,-0.035701721376905055,-0.1536619324047201,-0.03222221600520445,-0.0341944920210099
0.0,0.0,0.0,-0.022735022633640422,-0.00698183298158781,0.026623209548226334,-0.05057488534766673,-0.02261563449058543,0.04286741307598406,-0.08209887325057676,-0.04018942879827113,0.04653392893673252,-0.11550936453523838,-0.053513266745397345,0.04546101109959368,-0.09880251800976315,-7.194485002128033e-18,0.02463835964645418,-0.12410099716908984,-0.01730031204307251,0.029962058473793938,-0.1318250621234244,-0.03188650824531454,0.033211697741263646,-0.12875642979867039,-0.06693975053933231,0.03469951736961732,-0.10053409145253227,-7.049294634513294e-18,-1.0364432418564697e-20,-0.143601605309482,0.001091070989295916,0.004612890317188592,-0.17214528581005087,-0.009870687421017398,0.0066448301452278445,-0.2014338655041063,-0.02622811101549893,0.014801018210363984,-0.09888977811728238,-0.009487503178150912,-0.016439824031033824,-0.13516672929515283,-0.008126109449832821,-0.01814122010664241,-0.16095586759994399,-0.015492294442353527,-0.017254165472655823,-0.18729271819592455,-0.027892920002110244,-0.014123487952787306,-0.08419282873913639,-0.01953978478401839,-0.03314367892029074,-0.10932355125517883,-0.019061749296029582,-0.036088913721344006,-0.13599488662729423,-0.02316327691474507,-0.03567498151263096,-0.15485526469043312,-0.03189938647683139,-0.034035901089334415
0.0,0.0,0.0,-0.02282044019869779,-0.007186920853406085,0.026736953865875986,-0.050877318665138664,-0.022933989647535718,0.0426786116855207,-0.08234588159315291,-0.04116338732632865,0.04581016307727017,-0.11631232661364754,-0.054689617733366426,0.044662892120604605,-0.09931697171515988,-1.3122397467783331e-17,0.02471777625919189,-0.12468590851916918,-0.017839274085287564,0.03026118236198796,-0.13132193888453572,-0.03291116000569247,0.03370223235755879,-0.126517273789568,-0.06909919722892638,0.03531816804252838,-0.10083604625335274,-9.673863587012825e-18,-5.261557133105629e-19,-0.1438812445073662,0.0014666399224011804,0.004519484783885313,-0.17249037422246583,-0.009570487646690612,0.006707678888763334,-0.20199771173239087,-0.025890035906030583,0.015209766492027781,-0.09915924357278626,-0.00952034020531993,-0.016552016074316663,-0.13557710209749746,-0.007474485855234345,-0.018235342634034746,-0.16166115969552808,-0.014846486503819973,-0.01717066601563689,-0.18830755225416074,-0.027077645612596204,-0.014158180638361882,-0.08452498834163968,-0.019757814903457235,-0.033099489205845156,-0.10951812952422295,-0.019121557322278014,-0.036198154608363155,-0.13635905450770913,-0.022978928629528786,-0.035579884793826816,-0.15550513135473853,-0.031978760352610394,-0.03382677573656493
0.0,0.0,0.0,-0.022685359637262946,-0.00716320951542545,0.026862356614786993,-0.050789239009141146,-0.023281369858307813,0.042961391797543325,-0.08204206988964091,-0.042381369485098255,0.04628617701680942,-0.11627443482841608,-0.0560513443166007,0.044208262042314775,-0.09932000262098396,-1.2513318286053363e-17,0.02496637718858691,-0.12467786911936315,-0.018063188692110443,0.030769482948393833,-0.13041888580298763,-0.03331463086060611,0.0344212031001954,-0.1247654764542997,-0.07046899301529326,0.03624802405808344,-0.10048735877482498,-9.936008402444502e-18,-3.806713912308645e-21,-0.143702075057055,0.0017329231442117902,0.004570658769878791,-0.17217715796393804,-0.00906358213650166,0.006896833658701977,-0.20179341739038148,-0.0257513319627316,0.015725307875708257,-0.09919234582906802,-0.009523899438157131,-0.01669028814580864,-0.13525047615385138,-0.007471638213604017,-0.018162103756685366,-0.16153254030237482,-0.015164038527056412,-0.01687156125412884,-0.18828416782467589,-0.027392712144703874,-0.013689068943489625,-0.08458268624901444,-0.019811979672921202,-0.03307483091278364,-0.1093767218714163,-0.019495638967183534,-0.035930469679116867,-0.13674596161197267,-0.023293537251263492,-0.035470185780732466,-0.1556466405973163,-0.032471336885585275,-0.033615300060112034
0.0,0.0,0.0,-0.022713449207844624,-0.00696986772910848,0.026637620595938053,-0.05094618333468549,-0.023426562189859817,0.04270798438714713,-0.08210642323467934,-0.04314139374890458,0.04588209288991776,-0.11646263681254183,-0.05701519854115062,0.04273309803142261,-0.09956921811432139,-3.8483318511813497e-19,0.02512091925485053,-0.12492771283020726,-0.018145208037501113,0.030748795029271723,-0.13010539931398382,-0.03319770478214721,0.03430646166943804,-0.12408146253084289,-0.0704094577461456,0.03575867973427967,-0.10041880556684121,1.3424926151121111e-18,1.4843866078973222e-19,-0.14389230522261695,0.0019385847422520475,0.004668780522759989,-0.17227807151754881,-0.008111314715388908,0.006888879220858138,-0.20188067471254614,-0.025022213899616893,0.015691567641060895,-0.09928891754727708,-0.009593965980112059,-0.016765126539899346,-0.13536547081946793,-0.007375569234260451,-0.01813863259803683,-0.16183598232188975,-0.015011816110863848,-0.016877468880045862,-0.18859038109760773,-0.026965162952158152,-0.013795003824071924,-0.08468124339745947,-0.019813024842116063,-0.03321933077088565,-0.1095725120987948,-0.01965535681122347,-0.03593087689355315,-0.13737482290345965,-0.02322250123156467,-0.03560118061200579,-0.15610629643581544,-0.032427386425980295,-0.03373666535796529
0.0,0.0,0.0,-0.022598753418596722,-0.00711928535409241,0.026475500404999266,-0.05108584637931138,-0.023361334961027762,0.042601607130884026,-0.08257628611591966,-0.04327189314444976,0.045596904012005446,-0.11713631578821244,-0.05759633148985897,0.04293742925192186,-0.09988666245445112,7.580179191958398e-18,0.024931313387016207,-0.1254461029256699,-0.01837936514315356,0.03074014211938429,-0.1301012717247414,-0.03362226308043097,0.034278512186215894,-0.12393404330272774,-0.07061965572827789,0.03578789021678049,-0.10075310974927754,6.899043005641288e-18,-2.308397306116546e-20,-0.14391011366137402,0.0024455401402882085,0.0046833456944555645,-0.1723533817353562,-0.0071870403096748105,0.006725170443873235,-0.20253004347667147,-0.02320016654043004,0.015627109815913188,-0.09966458770491385,-0.009540683280701298,-0.016603770689305557,-0.13545464424750775,-0.0064127949082746815,-0.018005815802800754,-0.16206196447203333,-0.013419016621174463,-0.01691979759420334,-0.1894167560327918,-0.024645403318521542,-0.01378070751183099,-0.0849097612222414,-0.01979486801713517,-0.033099849595262604,-0.10979438931840124,-0.0191709516763589,-0.035850327812126895,-0.13756913307053012,-0.022361808317830134,-0.03545145621910734,-0.15657977219045913,-0.03096194004860274,-0.03362687525946
0.0,0.0,0.0,-0.02256779668133,-0.007111409500395764,0.026392159781767916,-0.05117011591584904,-0.02295589240621315,0.04251875386244078,-0.08307056409564201,-0.04301080552272517,0.04541710289543872,-0.11755915490615652,-0.05755653106317404,0.043033665020962446,-0.10014843841905706,3.4149267476845336e-19,0.024855358209756574,-0.12576109673233654,-0.018515612633566925,0.03081086833503721,-0.13004733344077016,-0.03364486690735242,0.03443962952220988,-0.12389259036575122,-0.07014933458384173,0.03620325900249319,-0.1010496642132706,1.0664579279886514e-18,-9.035937287026749e-20,-0.14398718609008862,0.002512152577167268,0.004716080407725975,-0.17243719768522223,-0.006927914326113923,0.006671732980953238,-0.20286624053103333,-0.022027165226441894,0.01573004570983521,-0.09990559658203592,-0.009680311861200505,-0.016383295066139544,-0.1355101449660971,-0.00627220762996122,-0.017744336938805838,-0.16231350894928503,-0.012933266678614818,-0.016855640825027118,-0.18991193703857148,-0.023609711824883733,-0.013648465698864078,-0.08497731586714878,-0.020141691612330086,-0.03279145125947957,-0.10991331881818299,-0.019376475383766436,-0.03556502547618691,-0.13752970581569587,-0.022515262910274572,-0.03499507249650189,-0.15683302086630868,-0.030857261225359797,-0.033086528009340636
0.0,0.0,0.0,-0.022573664520266302,-0.00722111911001051,0.026328409945957563,-0.05131376888313133,-0.02298128902652023,0.04243601801980427,-0.08337923099907156,-0.043136073857916096,0.04508301285176901,-0.11804046457821281,-0.05789718752362529,0.04294393341991151,-0.1003275875649994,-2.4627126280756737e-18,0.024770293317435643,-0.12604786609344915,-0.018497744360530984,0.030729304433022343,-0.1302029524184651,-0.03380625733918839,0.03427326225786359,-0.12413030193078009,-0.07002256264839127,0.03594558235813124,-0.10128431317512661,-5.101781168421857e-18,5.567019292408779e-19,-0.14401383974704682,0.002857712050602314,0.004571596969044496,-0.17252423045021303,-0.006520352537486503,0.006362139710744422,-0.2031924885799609,-0.021257264055242767,0.015311143675739316,-0.10011476613520723,-0.009565036308930864,-0.016321818388891324,-0.13561763500521995,-0.005787091044814291,-0.01777309052465111,-0.1623614989359755,-0.012265510887620502,-0.01690519123090317,-0.1902014154641728,-0.022797421680360242,-0.013796519932833892,-0.08514484853924396,-0.019921466905922235,-0.0327923685778836,-0.11005064123216671,-0.019019103582257967,-0.03553320906631457,-0.1376368889537143,-0.02207241225972803,-0.03497841434462956,-0.157048078787189,-0.0301387795288049,-0.03311210974525458
0.0,0.0,0.0,-0.02248880473852553,-0.007260491174718862,0.026467646534469574,-0.05115847984883795,-0.02274226834085593,0.042682921605961,-0.0830627474602071,-0.043129921793199,0.04540450348107816,-0.11756224795397963,-0.057997027113810884,0.043325165968393704,-0.10000349845172271,1.7893036651099268e-17,0.02469710403401818,-0.12564349742800723,-0.018323618710725183,0.03119343209152723,-0.12979456557131172,-0.03383030711076745,0.03492718485361731,-0.12360542989190672,-0.07024416073757941,0.037191624329054075,-0.10098733207346829,1.8426181923818612e-17,1.6194969156270632e-18,-0.14362094224669997,0.0027156667689861723,0.004525444254145468,-0.172168256761094,-0.006770847128916039,0.0066088013104761995,-0.20292025707882488,-0.02162739398631542,0.015606659597981862,-0.09984648275205346,-0.00956683432067579,-0.01622514026010783,-0.1351951041568832,-0.006175917020889913,-0.01753774829414244,-0.16191929054279186,-0.012942099864368749,-0.016353595195252132,-0.1896103491847638,-0.023575335795584795,-0.013119621665447001,-0.08494185744605902,-0.02008994887731298,-0.03252718684514766,-0.10966380514224852,-0.019432005333100813,-0.03506496242142008,-0.13719331785609157,-0.02261960795487311,-0.03460750879819528,-0.1566658572925712,-0.030592057000853795,-0.032531083661979994
0.0,0.0,0.0,-0.022752230180393577,-0.007327539292733121,0.026584834839332407,-0.05131031588884234,-0.02275725177500977,0.04293246964998614,-0.08334562716859605,-0.04338651648326879,0.04577279831130108,-0.11800171044709115,-0.05840084701079267,0.04362751406911975,-0.10024736235832084,4.153217957335426e-18,0.024682995952911343,-0.12607527141583952,-0.018150183207972893,0.03146421217723271,-0.13003815744151276,-0.03377190815849236,0.03542979750287539,-0.12355744953629072,-0.07059886842104067,0.03778351979405152,-0.10111613125615117,3.729486976212659e-18,-3.696059354837854e-19,-0.14378896272359967,0.003123489352910108,0.004522834738202545,-0.17231135673741838,-0.006219862239539776,0.006674079437701613,-0.20335119713613897,-0.020760314424348295,0.015732053660463236,-0.10002002770689453,-0.0095236889585483,-0.01610066614617367,-0.1352383465932286,-0.005798336947253587,-0.0174984003919843,-0.16206130520841308,-0.012213609373440553,-0.016229269570323758,-0.18993612816139432,-0.022606344857152808,-0.012988620122385983,-0.08514582734124783,-0.02027251828421293,-0.03226324317234742,-0.10978092521051028,-0.01941304531872532,-0.03493591386128299,-0.13727512802924186,-0.022359449033750315,-0.03448022306975802,-0.1569671626820551,-0.03043656222366005,-0.032369370676783936
0.0,0.0,0.0,-0.02290365832137858,-0.007403650252746657,0.026710550860185634,-0.051346128506980664,-0.02275173770375146,0.04319042264301301,-0.08348326081206103,-0.04358270480241574,0.04619359647560512,-0.11825591512076017,-0.05861027561412555,0.04410309632888675,-0.10025334984723389,-1.5054643362923215e-17,0.024737959447874366,-0.12613171086058508,-0.017957634162445116,0.03166997889429998,-0.13022514167773003,-0.03367116745267386,0.03585262855833486,-0.12375642395638367,-0.07077544344531414,0.03840263618549969,-0.1011675714409618,-9.122282705465443e-18,-6.302146757804159e-19,-0.14390126235578976,0.003342848380401732,0.004401703811587004,-0.17249074591494942,-0.005975529018040008,0.006608318265279243,-0.20365819201325228,-0.020473018476444824,0.01575789043023814,-0.10010489882642448,-0.009567686672816123,-0.01606756559886094,-0.13528109328045174,-0.005940626925873481,-0.017460711799781294,-0.16205941419597542,-0.012279799991016863,-0.0159629489719099,-0.19003415426301876,-0.022853949241661384,-0.012693393441680682,-0.08528766790756355,-0.020539696552384835,-0.03212859944204238,-0.10993261423036227,-0.019785139210402536,-0.034825122144160704,-0.13726432303355207,-0.022710065405497287,-0.03437895435322266,-0.15716626831607555,-0.030930004102136577,-0.03218087041622029
0.0,0.0,0.0,-0.022823920791104877,-0.007223981149657341,0.026850277783924154,-0.05131449309368588,-0.02299186486723542,0.04334529197313645,-0.08316169672279106,-0.04376692073156215,0.04634529111130935,-0.11797276885973484,-0.05855043083709701,0.04382524966271574,-0.10018910778785044,-9.57016520741495e-18,0.024896075717249163,-0.12594619003226332,-0.01792273761289382,0.03160660689468921,-0.13006038066521247,-0.03362031916269494,0.035655506262363974,-0.1239002999066132,-0.07096070736402572,0.03798522127512441,-0.10089943058097511,-7.74269834991985e-18,-7.3849393815485425e-19,-0.14393597880282175,0.0032950729893335895,0.004404261560274131,-0.17253533912630256,-0.006105143057907562,0.006444457134793794,-0.20342002142575985,-0.021328957767837133,0.015386946156638994,-0.09996058317326784,-0.009443451116487839,-0.016309294118153142,-0.13526931183474702,-0.00592437540412313,-0.017707269620423564,-0.1619245057973951,-0.012758016585259241,-0.016276643762071778,-0.18963999296619474,-0.023455518269479565,-0.012901126789576533,-0.08519560607815299,-0.020121768451371213,-0.032432692795784354,-0.10986368651588391,-0.019567136687566166,-0.03506851170358219,-0.1373938726374024,-0.02258364761983127,-0.0347702561345552,-0.1567849657990722,-0.030854679733060827,-0.03269922810008583
0.0,0.0,0.0,-0.023031272696117443,-0.007228739653466215,0.027512605037397112,-0.051490682891944625,-0.02265472057671894,0.04436090223734927,-0.08354317820726669,-0.04285087147318318,0.04787864406198153,-0.11828045066520398,-0.056717756014396485,0.04574785328937519,-0.09973339171502392,1.5962529867633804e-18,0.024912416502780102,-0.12532762699825667,-0.017796325043556372,0.03154826524089429,-0.13032484970160632,-0.033737110610535546,0.035790202066061184,-0.12492743994637301,-0.07127849673433645,0.03821524371769429,-0.10042780589341985,-2.391845625234456e-18,-1.0356069011324735e-18,-0.14344609285999102,0.0032897301618182327,0.0038389494641022795,-0.17236999129248956,-0.006964223524694465,0.005901157295774861,-0.203164468714113,-0.022648901612628045,0.014534092124962983,-0.09952110137546762,-0.009209198757275145,-0.016410330281972106,-0.13474159896830343,-0.006135535920326122,-0.018242765002548192,-0.161106489452035,-0.013426857187281717,-0.016417918642993544,-0.18889134969887603,-0.024953052877977975,-0.012751660626826488,-0.08482915363941676,-0.01987445408110762,-0.03239810994185761,-0.10941747157922362,-0.019457848479245022,-0.03520861782207768,-0.13682999663199055,-0.02295380552230972,-0.03509077930427725,-0.1559930686196026,-0.03190352562339052,-0.03278280107523199
0.0,0.0,0.0,-0.02315424708608453,-0.007486795868992875,0.028150931606636294,-0.05123728271816108,-0.021747360649100766,0.04534116535741208,-0.08399290529259006,-0.040724430655859276,0.049914329995126634,-0.11740669536877019,-0.05302601123336111,0.04925447524942188,-0.09925890281687107,-2.980940066351052e-18,0.024738253596387365,-0.12443498782550354,-0.0168065210912252,0.030874752104972848,-0.13180505682566265,-0.03155884391879291,0.03474217142082302,-0.13018329167674683,-0.06689822574661043,0.037041231389741865,-0.10032110110921214,5.834846365867813e-20,-1.4675375694262174e-19,-0.1430229639519579,0.004215331316890049,0.0032852870054331327,-0.17251127634976526,-0.005329147075803267,0.005117772131398998,-0.20348184604748396,-0.020030540713320735,0.013090937985596053,-0.09955830084646998,-0.009115139553902427,-0.01644356388655858,-0.13456655604170506,-0.006220343225324339,-0.01873762227069666,-0.16049607731357116,-0.01319978117086043,-0.016430473965359304,-0.1882582295951379,-0.025533720412806948,-0.012669867885048388,-0.08480096649060888,-0.01967842235022568,-0.0322106362030275,-0.109415426494896,-0.01904476276678287,-0.035168133713701484,-0.13629585352433976,-0.0222945920314918,-0.035379597736318893,-0.15578634680692752,-0.03180901797205417,-0.033217158392535806
0.0,0.0,0.0,-0.023113508612836998,-0.007643181532141286,0.028575690018730275,-0.05090798110183276,-0.021099229605424825,0.045994302699761756,-0.08413807671912982,-0.03922279706387492,0.05138071718059304,-0.11657142445464067,-0.050322665140491406,0.0518199628770018,-0.09874495938007344,-4.047774309315335e-18,0.024614975398955827,-0.12359786996351374,-0.0161174401172442,0.030493958895570702,-0.13272876415631418,-0.02996496408650493,0.034125234256081674,-0.13382182363337886,-0.06372139209059288,0.03646686004943644,-0.10015748210726787,-5.038938187385317e-18,-8.307337984501014e-19,-0.14264668900292743,0.004779877224907044,0.002884833914785538,-0.1725253328425045,-0.004170114559526292,0.004612945420213705,-0.20350660157613656,-0.0183147259702943,0.012267263604449699,-0.09952308630207278,-0.009133510879587622,-0.0164547943508726,-0.13442435260666993,-0.006478224375900226,-0.019072564062227543,-0.16007773531998085,-0.013206809439949884,-0.016445699704549403,-0.18775809538429175,-0.02607922254202373,-0.012531847767965777,-0.08470454160816149,-0.019719772163299724,-0.03213108576179085,-0.10932532503331482,-0.018903381483000452,-0.035136661434806676,-0.1359240993995074,-0.022030216539124695,-0.03555289146801273,-0.15562439635032083,-0.03176197263874694,-0.03347014748284617
0.0,0.0,0.0,-0.023037321773701762,-0.007420353264552817,0.0286553432667145,-0.04960753913835167,-0.019529606063917772,0.046379820749388644,-0.08140358348560929,-0.03618588319860126,0.05303803878328739,-0.11169235115565945,-0.046298023700113336,0.05567231696415563,-0.09741342311586378,-1.5176145079143088e-17,0.02430270156815743,-0.12164531468765301,-0.015016316940771789,0.02963975101040355,-0.132768519655336,-0.02721594644909797,0.03288567126982852,-0.1370340713569167,-0.058980411082479624,0.034849741489658956,-0.09919421449476115,-1.579910546729109e-17,-8.554493120632715e-19,-0.14157487495779858,0.0033644676806081257,0.00303129817226285,-0.17097105359877265,-0.005977164028533711,0.004198155033716248,-0.2015539590885456,-0.0193494344686203,0.01119935106248369,-0.0985872047022572,-0.009521577528779353,-0.016321307269265103,-0.13309364204312257,-0.008278435860662537,-0.018699424861371425,-0.15847305910727838,-0.015434083817701236,-0.016282179921762726,-0.18533504521586497,-0.02883779973882583,-0.012525954867205268,-0.08385249294966568,-0.0201642249453347,-0.03176036468940165,-0.10826369609141914,-0.019893568504401184,-0.035065491715852465,-0.13417290861260955,-0.023526213363286124,-0.03536083029611982,-0.15402477319336355,-0.033657893081531776,-0.03325601274333905
0.0,0.0,0.0,-0.02337743191972058,-0.0072390232342671515,0.02812843676017561,-0.049140701722620084,-0.01841167983771522,0.047087245606800845,-0.07954377601239074,-0.03293995495010244,0.05537283374491541,-0.10769477752388627,-0.04159432108328947,0.060501919929748314,-0.09706570904725961,5.2393072234507686e-18,0.02394113962030156,-0.12210261681931377,-0.01286898041871171,0.028601617128118133,-0.13588618286233098,-0.02315985278211472,0.031242275592122788,-0.14418310952106742,-0.05284011429483004,0.032352667989325005,-0.0992659552412782,5.985779646948815e-18,2.752272989285366e-19,-0.14104555421657397,0.002285730160375609,0.0029837634008827506,-0.17008227547678403,-0.007176499964209257,0.0034356669768309377,-0.19985739734687727,-0.01982876472750839,0.0097598849603006,-0.09795576554961424,-0.009588917509442636,-0.01620126396239029,-0.13264690895401118,-0.00934511316830438,-0.018568826858729504,-0.15768119099392572,-0.017172988408120034,-0.016577924572169788,-0.18390171325443044,-0.03071342293087021,-0.012888288507855096,-0.0835311460259489,-0.020194491219555234,-0.03196372341408836,-0.10780211191833412,-0.01980621268150077,-0.03547422946641432,-0.13273534294217437,-0.023690534188361374,-0.03575616094800242,-0.1531881604210626,-0.033745098468587115,-0.033785502061458965
0.0,0.0,0.0,-0.024219793309901833,-0.006809688304304188,0.027759543265515458,-0.04954361699827395,-0.016711347848554135,0.047821884332746575,-0.07874754644829512,-0.0285663064024686,0.058341204789534744,-0.10515439909690956,-0.0349582877906831,0.06605187695093354,-0.09780871216943102,-5.003281692466524e-18,0.023598389376229614,-0.12439608934684573,-0.010241768613662905,0.028055927221511213,-0.1403622035947456,-0.018644023471021582,0.030840425155846094,-0.152139743019488,-0.04615990729423979,0.03208601994295207,-0.09988602948752673,-4.978502369996363e-18,-5.568177318695518e-19,-0.141211790100215,0.001422187738087592,0.002768392710582564,-0.1697365565054756,-0.00798596308150674,0.002492955741041422,-0.19821452797510702,-0.01998290865528978,0.008205281289025625,-0.0977374264883643,-0.009564258263572968,-0.016036772233797923,-0.13244849649289236,-0.010334699735816721,-0.018473043182315664,-0.15738905181712567,-0.018638868303094608,-0.01688202536175985,-0.18282823046891727,-0.03169249050817578,-0.013212541803452712,-0.08324415869580652,-0.020178236216012,-0.03161507301487028,-0.10743097356070451,-0.019943992163722533,-0.03528560559312982,-0.13160507575418504,-0.023898494426413997,-0.03588949817038522,-0.1525232269057459,-0.03347142006092546,-0.033863528407188793
0.0,0.0,0.0,-0.025063048848426986,-0.006631831068303575,0.027397692441286307,-0.0497194749526321,-0.014997670223465976,0.0482163708506384,-0.07735006321916389,-0.023581273489425493,0.0606710036998376,-0.10204675308774298,-0.02712000966620005,0.07050426272584252,-0.09802113527230491,-3.3460599628823246e-18,0.023187743873799994,-0.12586749162319225,-0.00798847863607667,0.027637905349686038,-0.14353123541680976,-0.014659611362602628,0.03042733472283233,-0.15756737591897005,-0.04013135329373424,0.03161743243809148,-0.09992145874035474,-4.446557257883651e-18,9.735414341668373e-20,-0.14071321625252708,0.0005200282509760304,0.002636637676209176,-0.1686892393889548,-0.008972986269231542,0.001687816312940743,-0.19604793426031908,-0.020393804347626908,0.006709366101509679,-0.097033343678307,-0.009470969764644004,-0.015843359953454757,-0.13149614236568039,-0.011029375067893924,-0.01838590204294296,-0.15629297722615113,-0.01955888194451164,-0.01730580363374911,-0.18098939570533068,-0.031729756333363605,-0.013697926879803991,-0.0824814395462363,-0.01996130843404278,-0.03112942047289147,-0.10644644665594225,-0.019882066222598648,-0.0351908281971682,-0.12968784730844246,-0.023695586377506645,-0.03620435465507286,-0.15099610223702595,-0.03268024449983393,-0.03437365294773598
0.0,0.0,0.0,-0.025681597937904643,-0.006457837425706565,0.027031925625199967,-0.049722121941545856,-0.013637952113205364,0.04840354981387421,-0.07609932133909418,-0.019285968721146032,0.062483642329581715,-0.09932575129619983,-0.02044469581107018,0.07401424219048273,-0.09821545910176532,-2.432256229908912e-18,0.022830217680092944,-0.12702250043822608,-0.006221914504083834,0.027395707376456826,-0.14594457558224974,-0.011728202696014692,0.0303050400345833,-0.16140355444095594,-0.03583306633924646,0.03131467106106774,-0.10004692846908193,-3.77219309906556e-18,9.14178603304688e-19,-0.14027873668956575,-0.00029914786111967366,0.0024767841212941072,-0.16777984078363317,-0.010004418633523403,0.0009245197914427612,-0.19423233008262275,-0.021061085923194972,0.005380895769853662,-0.09653286576114474,-0.009407010209567187,-0.015751815563189973,-0.1307743505760746,-0.011635789778837315,-0.01842843891590934,-0.15537885029508403,-0.020467130763411848,-0.017836101751894786,-0.17946106353135263,-0.03211290163570946,-0.014265886697117721,-0.08192474777279277,-0.019778319981396997,-0.03098469959032787,-0.10577171027549924,-0.019739819892609173,-0.03526267881978504,-0.12822949898254457,-0.02349521094361375,-0.03668915874869049,-0.14966819533514408,-0.03196450678235277,-0.03486272326761306
0.0,0.0,0.0,-0.026085620239046592,-0.006320569013217275,0.02679282552797239,-0.04983293365223603,-0.012779551561455788,0.048584380295531616,-0.075480940872679,-0.016661707280902747,0.06389109060187266,-0.09785193110753343,-0.016521673501745725,0.07662936337783917,-0.09847489691433951,-4.232651922463525e-18,0.02261777997774202,-0.12794065908946342,-0.004962134540087001,0.02729171393573522,-0.14772442529874538,-0.009614542029891222,0.03031906446279281,-0.16420941920463022,-0.0327429200522449,0.031242602459863496,-0.10022420423705845,-4.8219677371602736e-18,-7.587774798044967e-19,-0.14009367309181783,-0.000822208876490054,0.0022647101149729444,-0.16731862236907338,-0.01052878887454523,0.00025166190703982387,-0.19318694536699946,-0.021291923544369384,0.004415622644910682,-0.09626256858635136,-0.009402351749613971,-0.01572534638808817,-0.1303700742736046,-0.01205255039517372,-0.018578847564988583,-0.15486017920163933,-0.020969440953283038,-0.018368178585800463,-0.17854902914203188,-0.03223810012628511,-0.014723573514000273,-0.08156257664889355,-0.01970740652143923,-0.03090666140878643,-0.10535540044828601,-0.0196563617536427,-0.03535425313430949,-0.1272991783424168,-0.023336840412264876,-0.03710445518485716,-0.14888969762463022,-0.03133656825331389,-0.03528869316083472
0.0,0.0,0.0,-0.026508674498082436,-0.0063916685704002545,0.02635051418865185,-0.04990094577982572,-0.0119894203154054,0.04852342593874818,-0.07489534365804398,-0.013961724767754325,0.06494718832572628,-0.09652493051199879,-0.012458115236516654,0.07870721234580312,-0.0983729200369562,-3.3060272942663205e-18,0.02217413227105711,-0.12830046195143546,-0.0039075288232187245,0.027132983872542506,-0.14883694614501244,-0.007970511046670627,0.03031295768016836,-0.16574032801878583,-0.02972403491308085,0.03102971416336631,-0.10010851018785073,-3.618017904909347e-18,5.132418418723849e-19,-0.13958029715468454,-0.0011332233853906207,0.0021617676902372053,-0.16637615319969112,-0.0107403205942971,-0.00039085335976903453,-0.19175552813947933,-0.021125801439455295,0.003371035493431808,-0.09577291330150375,-0.009292168316253102,-0.015661477886829388,-0.129711858343229,-0.012218695116536211,-0.018707577024760676,-0.15406716030543255,-0.02093492560844049,-0.018899584921291387,-0.1773315439862745,-0.03163445226434409,-0.01542706388133658,-0.08111239719620164,-0.019432527980353758,-0.030843982961035913,-0.10478189733162051,-0.019041997522377768,-0.03524855128598335,-0.12622645907009358,-0.022458551723328585,-0.03747680709401111,-0.14777892010746144,-0.030059854849983737,-0.03571892150357267
0.0,0.0,0.0,-0.026751033282830485,-0.006608507590120918,0.025864205391285765,-0.04935573409493313,-0.011430037030939866,0.04836672732284141,-0.0734613544876829,-0.011732735604472296,0.0661353200565151,-0.09463884191679521,-0.009168209677028022,0.08065376926783997,-0.09797189324521326,-6.659238846708303e-18,0.02161975121362774,-0.12792418647830262,-0.0034315861835176793,0.027171203382456953,-0.14886759460260404,-0.00730474554063364,0.03071117387054235,-0.16599117742358846,-0.028254294299393044,0.03114784384564685,-0.09966776425338196,-6.926338881624874e-18,2.1474930283671854e-19,-0.1386272825186777,-0.0016919825967372979,0.002606877218240725,-0.1648474014358591,-0.011417520392544749,-0.0006014897602745381,-0.18975564436920328,-0.021821223009907943,0.0027621257634575904,-0.09516361629421909,-0.009155666172244333,-0.015405536394796365,-0.12857263538388305,-0.012584044084323152,-0.018374743803293028,-0.15298635897655113,-0.021588106600181903,-0.01946794663034432,-0.17583076837012884,-0.03206666475222275,-0.01631178488614316,-0.08032632080424655,-0.018908022021858394,-0.030466242510965007,-0.10375724073501527,-0.01852091476649555,-0.03485490011635023,-0.12506794561550796,-0.02206144947260947,-0.03764530039322439,-0.14643004037680424,-0.029549311182520913,-0.03607438598254229
0.0,0.0,0.0,-0.02688152850559361,-0.00676772607992781,0.025670472515998584,-0.04909775768763171,-0.01136308205247614,0.04841536741374571,-0.07269538047424205,-0.011137413791785712,0.06678493126373786,-0.09358168018854061,-0.008152395666172046,0.08188533397805885,-0.09796159822763098,-3.127922445479323e-18,0.021417668589015202,-0.12805791903801741,-0.003162970962670813,0.027267594931300793,-0.14930364588547332,-0.006824104449253186,0.030950693446002986,-0.16676008045968702,-0.02741726187449302,0.03137116356690006,-0.09961626834374894,-1.6254407166300747e-18,-5.304019757163739e-19,-0.13832514908272264,-0.002004624629929641,0.0027401531241012696,-0.16430530086564074,-0.011903100467979072,-0.0007156856234405453,-0.18904946301353862,-0.022392548709471424,0.002566351523746492,-0.09505852310630614,-0.009164814563880512,-0.015390656993655513,-0.1281729686488317,-0.01285907772677777,-0.01831400395245846,-0.15260602473386622,-0.022218045195639868,-0.01971952702126819,-0.17519409244414194,-0.03254860096849411,-0.01657923806652297,-0.08009994478679251,-0.018780502965115454,-0.030328590537122467,-0.10338714610354867,-0.018382752038501045,-0.03470603327674848,-0.12471136733236396,-0.02205859798318517,-0.037709201065970754,-0.14594335289348861,-0.02952711604899973,-0.03610518984957673
0.0,0.0,0.0,-0.0269022701933495,-0.0068360170959264254,0.025383804828295685,-0.04875104753498754,-0.011219959273843,0.04836934010373123,-0.07180941313995155,-0.010458997161310723,0.06727454546813968,-0.09230148623767101,-0.007176563808053602,0.0828318574394126,-0.09790880462474334,-2.3861311244096462e-18,0.021200695050287974,-0.12800375863973096,-0.0029816188911788305,0.02739450774393872,-0.14942893643773453,-0.006532487574554424,0.031210913878109904,-0.1670770796348868,-0.026954654988689007,0.03158834564524722,-0.09947767399234507,-3.419797631265694e-18,-4.178429516519121e-19,-0.13802676047667842,-0.002355026863314734,0.002844180760193575,-0.16374031187476631,-0.012399217489716398,-0.0008269853431441291,-0.18832932371288022,-0.02294856481908424,0.0023050383777120076,-0.09488673781397809,-0.009124660567213358,-0.015429654609038454,-0.12774460699023957,-0.013088425338638122,-0.01825171464272744,-0.15205498794373326,-0.02274381697919682,-0.019924457630966664,-0.17437703546957262,-0.03304644339259256,-0.016825121630731594,-0.07978675120442408,-0.018525979914367625,-0.03029675552974789,-0.10295865958594287,-0.018187584110340074,-0.03469168041279329,-0.12426975595155385,-0.02199455837685005,-0.037841816478834,-0.1453088858136163,-0.029274908500573703,-0.036242837498461
0.0,0.0,0.0,-0.027070100613458752,-0.006994641341360615,0.02508413314231881,-0.04882714450840796,-0.011291443788152795,0.04819099036579784,-0.0714357314727863,-0.009995591434971042,0.06771943878335773,-0.09166608680560115,-0.00642176525666131,0.08371931139635129,-0.09820771737775355,-1.1228012093782606e-18,0.021114289737720855,-0.12811763396845513,-0.0026842740305694046,0.027500406173739077,-0.14964832851207185,-0.005832024722132496,0.03120849045311698,-0.16773521229890465,-0.025780705631607333,0.03167666418416931,-0.09964542256661862,-1.5893176965799787e-18,-1.9374574825348024e-19,-0.1379711352602446,-0.0022589944933457066,0.0027813029380726376,-0.16355271127223084,-0.012256639866275607,-0.0011226994602605124,-0.18819269740939013,-0.02251649594796943,0.001737104414828101,-0.09494803413216504,-0.00900631388828988,-0.015444404037291705,-0.12762059184440747,-0.012882942576706982,-0.01841948080081755,-0.1518121161843755,-0.022411326808298007,-0.020254564978711698,-0.17427948279568847,-0.03246262152697095,-0.01754371128679581,-0.07965620356723117,-0.018233759957333267,-0.03033742750283975,-0.10269323474191025,-0.017744789522953986,-0.03492660950924552,-0.12405392667859086,-0.021599270437910854,-0.03802447824338842,-0.14501218720915382,-0.0287029298067341,-0.03671918038382858
0.0,0.0,0.0,-0.027154413452688465,-0.007226114656778874,0.024889383020946832,-0.04845951760966506,-0.011155160201652125,0.048235530808889024,-0.0705785787960952,-0.009121346378395258,0.06840182991755911,-0.09039424086939989,-0.004925143436223195,0.084981586729467,-0.09798866215089728,-6.517305306241403e-20,0.020878923637766122,-0.12763569862305385,-0.0028609633431552865,0.02762831335922983,-0.14937875265240289,-0.0061449337525980455,0.03143063510270359,-0.1674337815785785,-0.02596087668973576,0.03173951416052478,-0.09941103408878632,-8.810988058755527e-19,-1.8466978423299627e-19,-0.13753994733423922,-0.002573476835843197,0.0029240170721009924,-0.16292756639186534,-0.012817743547121115,-0.0012326546001238524,-0.18741343351031095,-0.02320397709687064,0.0014980117318232056,-0.09461851091207278,-0.008965255031669589,-0.015369681051580627,-0.1271517271925293,-0.013183558167579608,-0.018348086260046626,-0.15114258732261598,-0.022870360542909116,-0.020463683163887997,-0.17357780710020798,-0.03296318457284419,-0.017978728634229318,-0.07918452633301729,-0.018032607705824096,-0.030237809432371907,-0.10212455703696241,-0.017642453874486572,-0.03485799929678677,-0.1235471149324134,-0.021586941545619007,-0.03802941353471509,-0.14447518210840352,-0.028583585649208747,-0.03685329919441611
0.0,0.0,0.0,-0.02729907984779433,-0.007425644490706334,0.02479720317580924,-0.048352850134465865,-0.011120896251066584,0.04828344103172457,-0.07021530338303802,-0.008751403208272671,0.06889839138898324,-0.08980517391043544,-0.0042904692754507385,0.08587790517456441,-0.09797374977780704,-9.678543963354678e-18,0.020738778852298953,-0.12747041934632028,-0.002932872157085609,0.027734009416336174,-0.1494491072111756,-0.006285959095774402,0.03153469923510009,-0.16752589127010262,-0.02597299862508693,0.03175332318122579,-0.09940509983201291,-9.201263276779631e-18,-1.0254380309461436e-18,-0.1374217859696053,-0.002688981207582535,0.0029693958254476023,-0.1626982086817693,-0.013127222539676991,-0.001375350267103781,-0.18712070961449564,-0.023608324153034516,0.0012758533404203082,-0.09452582844064764,-0.008962244646091393,-0.01529452027930914,-0.1270174748414226,-0.013337319068944194,-0.01834836470070994,-0.15086928145155945,-0.023102888841080076,-0.020639024457180296,-0.17331868038471623,-0.03324009468421436,-0.0183382282342714,-0.0789887215881017,-0.01793694749241126,-0.03016547188964328,-0.10187942584308697,-0.017565677121929756,-0.03480256574210154,-0.12334608122507126,-0.021587323897060216,-0.03800514520149029,-0.14425961639090837,-0.028524262354993727,-0.03692091268446506
0.0,0.0,0.0,-0.02730205771107418,-0.007491557581447628,0.024670880969797117,-0.0482261339111155,-0.01103459671285651,0.04828535712720397,-0.06999171559159093,-0.008445257062238285,0.06923996026323588,-0.08956934128281117,-0.0038927641362123564,0.08632807756010344,-0.0979869635459717,4.756150817531783e-18,0.02063850193354616,-0.12751494342439085,-0.002970238617858507,0.027713396732504128,-0.14947042061414323,-0.0062815638170387374,0.031615096502564055,-0.16750884573566255,-0.025760958677151072,0.031713833000918734,-0.09939628236579377,5.0360006430206e-18,3.761688494501927e-19,-0.13737990097718783,-0.0028193268909476794,0.0030900910689547066,-0.16251940479956073,-0.013148002045084936,-0.0014471829370683977,-0.18674745285459815,-0.023594467692176848,0.0009737735886134947,-0.09451594089878863,-0.008862475560898102,-0.015301147912173473,-0.12691428768855223,-0.013438434288782932,-0.01829304616069426,-0.15079504960452456,-0.023299980274189298,-0.020897652925312517,-0.17300000569739926,-0.033231784167250776,-0.018687008620412133,-0.07890943587849013,-0.01764421468466363,-0.030147460100312592,-0.10176677111600782,-0.01736981623603434,-0.0347868798195822,-0.12322490282385058,-0.021332726114890767,-0.038133171557090784,-0.14408378295498683,-0.028131857714945575,-0.03712748300456946
0.0,0.0,0.0,-0.027182856198335506,-0.007627029620283008,0.024742048423780305,-0.047857027148257326,-0.01106082211854843,0.0484293265796241,-0.06942620854563905,-0.008218385721073914,0.06949580483643825,-0.08894810192310122,-0.003533392287793254,0.08660663526466322,-0.09763141959249295,-2.93110881246922e-18,0.020664291466185543,-0.12714117415385062,-0.0032268369055178047,0.02790663823396167,-0.149233298558078,-0.0068412407770737,0.03184501781801572,-0.16707047014524043,-0.02672974854623595,0.03202112916676347,-0.09910146989348685,-1.821509153657026e-18,-2.597945716731662e-19,-0.13701093629011668,-0.00321255942967536,0.003205971444919203,-0.16209365327168337,-0.01403389405839819,-0.0012490807069208188,-0.18620793443602127,-0.02479224158206848,0.0013656609212185282,-0.09420196983492916,-0.008874690343667961,-0.015351874498157909,-0.12659862862655683,-0.01383091592318544,-0.018230545260862874,-0.15029532527530914,-0.023932752124268663,-0.020701034996299533,-0.17243376048370276,-0.03416434607333996,-0.01838614011067245,-0.07861758582876643,-0.017619996449889916,-0.030192514642291005,-0.1014524157611815,-0.017462563275604262,-0.034766308442172704,-0.1229433923087474,-0.021619542870295164,-0.03802765912727554,-0.1436872975842078,-0.0285105717629472,-0.036950601338070085
0.0,0.0,0.0,-0.0272066128773763,-0.007321352533526079,0.02496857353339117,-0.048074120183987636,-0.010849410802697383,0.04846057844486204,-0.07011694847896556,-0.008595382715299738,0.06879427913233103,-0.08993649272029913,-0.004200329863472918,0.08555479284951703,-0.09755787673253523,-5.765389816293472e-18,0.020754701459617095,-0.12734138570695547,-0.0030941963662082877,0.02791715515837074,-0.1494034848400498,-0.006519876395556445,0.03193020066269939,-0.16729458237582293,-0.026382340321654645,0.03242814341531372,-0.09911047098197387,-6.818239499066532e-18,-1.7944480064944533e-18,-0.13709926532613723,-0.003120984963860079,0.0033242644685044084,-0.16224851769893228,-0.01389672062906385,-0.0009189236166052951,-0.18638882235543458,-0.02469950166562066,0.0018309609813904415,-0.09433788989594762,-0.009006319762213524,-0.015169910077178939,-0.1267037532608341,-0.013901589705228399,-0.018039038176508027,-0.15062045926589093,-0.024113630593433907,-0.020308664412906546,-0.17260024398884213,-0.03427403691718422,-0.017713838815023992,-0.07889966440300289,-0.017931414533264748,-0.029961222721322192,-0.10165799899722673,-0.017844903731160728,-0.03445409863949071,-0.12323601818926604,-0.02191058376078946,-0.03776342702262941,-0.1438625123716494,-0.02901544851989165,-0.03642460028088332
0.0,0.0,0.0,-0.027424910593845442,-0.007025590847530682,0.025174459525941686,-0.04890406566763472,-0.011300358715823541,0.048287266930685344,-0.07165246927903574,-0.010098770995879216,0.06750018854940272,-0.0920966550868018,-0.0067328471575811765,0.08351008534037356,-0.09798545042972864,9.899924607076413e-18,0.02082787791494616,-0.12810184150929854,-0.002913663284045178,0.027826094699406157,-0.1501307919138513,-0.0062466889607853855,0.031724732975426086,-0.1680170729134767,-0.026380306981124667,0.0325124153013453,-0.09960032268270008,1.1903451539681866e-17,-1.0617615387189275e-18,-0.13762297665823736,-0.0027705845427332615,0.003369205413698193,-0.16310439015924497,-0.01320700976875268,-0.0006330933244319595,-0.18748001329112243,-0.02410469037001922,0.0021161005454981003,-0.09484699808986745,-0.008997954790229627,-0.014971454175758006,-0.12733418106952146,-0.013718808102913871,-0.01792220681821331,-0.15134075082310358,-0.023638540840785458,-0.019807921147921834,-0.17353483215236037,-0.03394194131227042,-0.017220640793929952,-0.07953834304877568,-0.018292231084111585,-0.02977618533225324,-0.10232736263591273,-0.018153740954800515,-0.03417161688825814,-0.1238060125204471,-0.022246168863220117,-0.03738126099923538,-0.14442781585560732,-0.02951863885683692,-0.03605516370457215
0.0,0.0,0.0,-0.027601685646589623,-0.006753602420053727,0.02532435978634146,-0.04952914608879062,-0.011620656379822722,0.048194579677787334,-0.0727781738740304,-0.01125105952133066,0.06665682857441023,-0.0936431550072665,-0.008703642607237395,0.0822216864779776,-0.09840232502980567,-3.3135856089259257e-18,0.020867196669700185,-0.12877801754225782,-0.0026871985995603636,0.027759635334835997,-0.15079450605108602,-0.005909952517270784,0.03158921766305057,-0.16873970840241725,-0.026204103895951358,0.03259863039883267,-0.10003067329222443,-2.729704788599403e-18,3.1480280285696e-19,-0.13815199286797547,-0.0024773790225947755,0.0033954091316212294,-0.16388084714728424,-0.012635404600177605,-0.0004370522400060064,-0.18843873611058945,-0.023583432223548934,0.0023673660444044784,-0.09529959618697664,-0.009016636057512887,-0.014823379266110118,-0.12789889510423957,-0.013563318562182899,-0.017838693565886004,-0.15200906714335474,-0.02327135046669705,-0.019454417275787873,-0.17435619644413236,-0.033653649203683085,-0.01683023518944355,-0.08007773689420226,-0.018609048458338575,-0.02963830443424754,-0.10291135522871149,-0.018402007997591337,-0.03392945208397123,-0.12434010324297097,-0.02252811784163234,-0.037067133244436494,-0.14500413895295544,-0.02990872291465251,-0.03571068748089106
0.0,0.0,0.0,-0.02758277190086609,-0.006342967854239879,0.02553148088903954,-0.050348726793504425,-0.012258203532521739,0.04803799654608507,-0.07446714806762268,-0.013335045308719158,0.06546230603151158,-0.09620210967820005,-0.012626075538114645,0.0800775826389305,-0.09893843203564157,5.574795433831692e-18,0.021105175292092146,-0.129380186905565,-0.002786709559005801,0.02786923054953327,-0.15111895677276346,-0.006274257682199568,0.03155379248314352,-0.16919098217422357,-0.02699198437095203,0.03272250232641088,-0.10065061178374837,4.4596446894914364e-18,-1.02962977554258e-18,-0.1388795484288736,-0.0020087968141605838,0.0034891262675125815,-0.16494701706263584,-0.01201838963637852,-0.0002467143245158386,-0.18977010645160497,-0.023190174908697642,0.0024478935727011908,-0.09590318500685288,-0.008997541012929608,-0.014763938159314467,-0.1286731346477901,-0.013196300317789109,-0.017803587711019933,-0.15296537220384498,-0.022925324688417903,-0.019248814412117492,-0.17560309639914662,-0.03399711420490995,-0.01667168834776562,-0.08069604551634973,-0.018755976832911022,-0.02972317872479611,-0.10362748534402054,-0.018518218390679218,-0.033945295407615705,-0.12501698320115215,-0.02300514967030721,-0.037025346682595744,-0.14567453837156658,-0.03081657204095987,-0.03584390598166581
0.0,0.0,0.0,-0.027196656046702093,-0.005998251487628817,0.025509236472832174,-0.05081816310620264,-0.013117422663322833,0.04761329794768193,-0.07601766197650527,-0.016085530925939402,0.06363461475112357,-0.0987029079908843,-0.01792166367069226,0.07723869085713529,-0.09910615654818054,1.2097586151861305e-17,0.021246906459709003,-0.12940489253088527,-0.0030343968197872532,0.028304000660958402,-0.1507324273434921,-0.006776987293245647,0.031995850349852174,-0.16905687306558592,-0.028117207954024805,0.03343214609983134,-0.1010408447096042,1.1493448506174247e-17,-6.874287614635504e-20,-0.13948185309470595,-0.0011977886940905097,0.0037781465303719586,-0.1658422295354381,-0.010990960676882199,0.0003613632717411778,-0.19115494721537218,-0.02242162080714756,0.003292673966811856,-0.09643595855676367,-0.008949761348218656,-0.014616337063497525,-0.12946148448906206,-0.01262181793377947,-0.01744327757524157,-0.15394666871469667,-0.022000108768300233,-0.01867611170304526,-0.17722118396401862,-0.03333211940533708,-0.01599537321206204,-0.0813082420623271,-0.01891316398134479,-0.029781728670636578,-0.10432104098958717,-0.01849679033904521,-0.033874949432447364,-0.12590208867865277,-0.023085667137614223,-0.036693077613208856,-0.14670067091803354,-0.03094395176786011,-0.03533442702957913
0.0,0.0,0.0,-0.026795184921810104,-0.005620720926226836,0.0259547457209951,-0.051387822829569774,-0.013673080084988359,0.04725319842221951,-0.07815454565763193,-0.018410920953368604,0.06178593256936652,-0.10194255550248993,-0.021930548196838495,0.07410613804201792,-0.09934355492495103,-7.389431665937214e-18,0.02190857069757918,-0.1291719935658561,-0.003980381529200835,0.028720095300951,-0.14970591923559723,-0.008921685169566653,0.032195368376871585,-0.1680014404017593,-0.03186873807429729,0.034044807969504445,-0.10132684763070117,-3.80654225607325e-18,3.117694287856342e-19,-0.14029214618018734,-0.0009335270763729162,0.003930136647262487,-0.166951713309987,-0.011326916994990558,0.001168020248085227,-0.1928911396810304,-0.024378931641300713,0.004520761004725703,-0.09699094166495156,-0.00901463056871088,-0.014650061097929063,-0.13040706833870197,-0.012443990878612218,-0.017391323596549102,-0.1552436297302869,-0.02231334321972431,-0.018082524507717048,-0.17884063849155887,-0.03478750970289747,-0.015272006678021198,-0.08174305672989483,-0.01921060774141571,-0.03008732096647926,-0.10517458097680979,-0.018931038358864335,-0.03389486873661129,-0.12734888783813694,-0.023757104518439653,-0.03611985989452681,-0.14829197179730244,-0.03197772130616041,-0.034432962075925264
0.0,0.0,0.0,-0.026252114466963194,-0.005959218195165364,0.02652960817375216,-0.051795902853730404,-0.014581935188514425,0.04673277925239671,-0.08023890788180121,-0.02247943485393789,0.059276461648686295,-0.10568146908239878,-0.027042704551232748,0.06970983624751576,-0.09945054174097548,1.307140823225381e-18,0.02253828286491603,-0.1280344923509545,-0.005911427717794908,0.028879107494572,-0.1473967897597124,-0.011863850427977624,0.03229827000917429,-0.16483855783000076,-0.0367481651461892,0.03494278050047831,-0.10132600528813954,1.456489556206766e-18,5.648343040554479e-19,-0.14145791219735576,-0.0001672516894747374,0.0036923311839038523,-0.1684561278060873,-0.010468160223067957,0.0021053769645160156,-0.19549341666657072,-0.023710566688549286,0.006399927644630979,-0.09790787769566175,-0.00909531033499496,-0.014964341860185687,-0.13144253326291722,-0.012108340818723164,-0.017575539589416125,-0.15676507828839634,-0.02230386133490453,-0.017537717228884152,-0.1804905740555096,-0.03515664614023674,-0.01468250328731374,-0.08263924240750961,-0.019404947047361853,-0.03034803016410868,-0.1062449091509976,-0.019362991490948875,-0.03415124572105307,-0.12946147965900848,-0.024480088879401337,-0.035752273217457026,-0.14982226557216466,-0.03335521315016458,-0.03415093929771644
0.0,0.0,0.0,-0.025355048669545386,-0.006561681145649659,0.02700908964952493,-0.051247450179734255,-0.016166644658454927,0.04605488074597299,-0.0811521432913723,-0.025754800746637888,0.056666694898601495,-0.10804904598073577,-0.030990950114026215,0.06474908800295576,-0.09849289311214184,-8.445350045655366e-18,0.023118396374824397,-0.12570442576227156,-0.008502872323283882,0.0291582144995694,-0.1436277981180685,-0.01590838530018907,0.03237348944441624,-0.1589038126184368,-0.04261605220362388,0.03506202467787884,-0.10055715616576012,-4.6145850808532166e-18,1.8684735389559964e-18,-0.1416239450680492,0.00046578345186529713,0.0036578970787420903,-0.16932172121246575,-0.009921647706670776,0.0029287660036957995,-0.1970962164660853,-0.023747770460663998,0.007732521925244367,-0.09793772799904331,-0.008957599188202502,-0.015459859236310831,-0.13185350141296107,-0.01143566938515098,-0.018236032553870393,-0.15718456753596047,-0.021329058275795558,-0.017628941214043264,-0.18109085731729924,-0.034634915952048415,-0.014605552893897311,-0.08276138674293662,-0.018844802773347942,-0.031038243442829582,-0.10667423438915533,-0.018790327144568676,-0.03469887496563978,-0.1305800710101249,-0.023595094635007988,-0.035959565955176145,-0.15036141788542787,-0.032950192316818054,-0.03451417145910944
0.0,0.0,0.0,-0.024774981722349664,-0.006996772323404928,0.027349869089820192,-0.050911913173076764,-0.0173664856132961,0.04556738826928098,-0.08179661853867924,-0.028206147583581708,0.054925451941673774,-0.10980641631141219,-0.03405179506797123,0.06148686812578433,-0.0979611906607077,7.96914330998141e-18,0.02348552420661651,-0.12423821823928173,-0.010266044971770623,0.029344839585193162,-0.14108568500608373,-0.01865353576075212,0.03247010696389425,-0.15486573386390926,-0.04661860274708066,0.03524162654328876,-0.100118038903282,4.780475003119919e-18,-1.4872862024484437e-18,-0.1418613231636244,0.0010192830926816117,0.003601119737492267,-0.17007063036130243,-0.009383330088311772,0.003451401498623844,-0.19840001790786518,-0.02352081904092718,0.008700801312155365,-0.098092050801237,-0.008871411311585056,-0.015779140580775945,-0.1322229617225063,-0.010881534552445843,-0.018728867273370236,-0.15762016449965777,-0.02053554786427604,-0.01774219238558459,-0.18166833754194836,-0.03413946124881672,-0.01455551244006181,-0.08295641421929086,-0.01850783638140579,-0.03147849808656451,-0.10708949533682859,-0.01837612518057903,-0.03508059937427348,-0.13155965137745182,-0.02285844056597919,-0.03614792989098474,-0.15094029914183846,-0.03255505422424749,-0.0348200860738524
0.0,0.0,0.0,-0.023851227904509425,-0.006850745382597519,0.027304845034124132,-0.05032742551781616,-0.01874257448632962,0.04517800779413393,-0.08195955598992384,-0.031134739031053703,0.053401579493872114,-0.11120796686675838,-0.03820306422911384,0.057782386517848755,-0.09719918128088627,-5.322321334856167e-18,0.023744186288924222,-0.12257769480014599,-0.012510022962764789,0.02988945446830464,-0.1367143421932144,-0.022750951934236433,0.03313469134954491,-0.14619157409458824,-0.05277954559618792,0.03504994759742539,-0.09910342965097012,-4.709976862921738e-18,3.8201828239383883e-19,-0.1413379299341197,0.0008355826818614893,0.003985815570258069,-0.1697447063043289,-0.009685698565663254,0.004634535815762974,-0.19834425932399607,-0.02445485995697376,0.010278296461926132,-0.09757314983377206,-0.008891427841118649,-0.016184458282630505,-0.1316933252738889,-0.010084514178106258,-0.01887102218337047,-0.1570223167911186,-0.019277942060779832,-0.017620444689485246,-0.18159897860503513,-0.03263041896565257,-0.014017321982067364,-0.08254802622813455,-0.018353513552177535,-0.03190990718346448,-0.10681111227119074,-0.018307625793683918,-0.03528738075984114,-0.13170843913367028,-0.02272222690822285,-0.03638575638521947,-0.15053027965386995,-0.03234681813930349,-0.03497258421993172
0.0,0.0,0.0,-0.023468298234539713,-0.006586811111726599,0.027350660550506996,-0.05046706610710389,-0.0199094833668196,0.044710116714311236,-0.08227158398963567,-0.03371303753984325,0.05198507406051094,-0.11338576476568926,-0.042312281372175034,0.05513585266417734,-0.09716475082468408,-3.7059254976688655e-18,0.02397189099870069,-0.1225841349830396,-0.014403625376675602,0.0303967568417448,-0.13350489276826558,-0.026727040154724817,0.03401071005139679,-0.13720996347167186,-0.0597760196894662,0.03646143155233661,-0.09870916446376705,-2.461329124717175e-18,-1.7894411477795158e-18,-0.14100989207564485,0.00045796221297440966,0.004177157601373819,-0.16955662374809372,-0.01065179351893223,0.005703971505653817,-0.19829967704967225,-0.02613595215283109,0.012450129254864347,-0.09742405983308058,-0.008919373857396553,-0.016331427459246716,-0.13165360389169267,-0.009526341756945968,-0.018752799025173596,-0.1570731428416396,-0.018859283629837974,-0.017346213645352902,-0.1821321463071061,-0.032177483555926256,-0.013491456348711144,-0.08256914189653942,-0.018547067320373943,-0.03213489284108463,-0.106579022124983,-0.018544642219659093,-0.03546569533413509,-0.13233778703921267,-0.023431121539647132,-0.0364036044201477,-0.15067782034364408,-0.03306996719592668,-0.03452190951917705
0.0,0.0,0.0,-0.023224128881110313,-0.006603829674031825,0.027409456844909755,-0.0507252688478834,-0.0209569206306059,0.04426764581439556,-0.08279500078109167,-0.03586254248556367,0.05050423117295576,-0.11541365568505323,-0.04575559545032154,0.05288543226861414,-0.09733452441858076,1.913519958496611e-18,0.02414951868709352,-0.1226732940128931,-0.015759875292388245,0.030595218489433078,-0.1317976523925829,-0.029498866226372256,0.03441215285553652,-0.13197691758046567,-0.06437833502313506,0.03692796164705561,-0.09871518798447883,3.9394942423738457e-19,8.438278433801663e-19,-0.141165842340689,0.0004806960761341727,0.0041708667224101565,-0.16976793629296277,-0.011240621381130255,0.006104335529318824,-0.1987664188677575,-0.027032775249804318,0.013569210702462645,-0.09751499195126165,-0.008812549109066425,-0.016429707057871615,-0.13192009398625065,-0.009060518797739503,-0.01886045184600664,-0.15728368545202298,-0.018379351322275143,-0.01745323982547015,-0.18272388085024666,-0.03163945347931671,-0.013736216718504253,-0.0827564821278907,-0.018500933806938256,-0.032415953225709525,-0.10650081046439266,-0.018471286171950773,-0.035670738660140165,-0.13268771657703035,-0.023491993584694275,-0.03646840099768457,-0.15088521468730834,-0.03311555358814094,-0.034434764526870124
0.0,0.0,0.0,-0.02321374083565561,-0.00679746249463376,0.027464900180683757,-0.05089185091376079,-0.021907957882535797,0.04393465096688897,-0.08310597449428998,-0.03737182700934381,0.049545388528154016,-0.11685673562466163,-0.048094742206372325,0.05136588503940237,-0.09783154212111804,3.85724264627087e-18,0.024434164093550752,-0.12324148191966068,-0.01673787866791258,0.03067136851290234,-0.13090480040415708,-0.031480717965860966,0.03440572915670989,-0.12809281909061496,-0.06747225722741437,0.036808861425998075,-0.09910728047688747,4.4371734509848645e-18,-1.7281014215540674e-18,-0.1417839352853081,0.0006209149399949996,0.00440273925929534,-0.17031445303778056,-0.011339990863511526,0.006569891566048149,-0.19953338922909944,-0.02731177935152023,0.01465325266739091,-0.0978857358426412,-0.008760306772151049,-0.01652555153390904,-0.13259724607324228,-0.00861901483387974,-0.018951954430524408,-0.15797651930390083,-0.017680451809389746,-0.017640718132361965,-0.18354336961600218,-0.03087851231050454,-0.01392080493934398,-0.08316338670743735,-0.018441845259283145,-0.03272264892334172,-0.1069541342877299,-0.018117834143422874,-0.036010439278935345,-0.1337250965539855,-0.022975833752368502,-0.0367123883258818,-0.1516514332854028,-0.03262694822037295,-0.03454470730237665
0.0,0.0,0.0,-0.023197027506061743,-0.007100770704075328,0.02740040277540492,-0.050997945599428864,-0.022552262316654442,0.04364175088230992,-0.08346899970059568,-0.038293986107981695,0.04891925945367265,-0.11793223867834879,-0.04954518590584222,0.05056012907299568,-0.09817576666210001,2.5188146898728937e-18,0.02457393718072246,-0.12359412877973783,-0.017301921018139158,0.030799443935414016,-0.13059027434520543,-0.03268931597054136,0.034482029347106466,-0.12628385693752475,-0.06915939857974224,0.03675949306135693,-0.09957080310968949,1.1048871606752932e-18,-5.863801929270583e-19,-0.14246427134863734,0.0010311841693473678,0.004526626457324055,-0.17096805842448023,-0.010920885427104841,0.006870098442941555,-0.2004435250078476,-0.026819951367134078,0.015452533793779706,-0.0983088950091497,-0.008681252438420066,-0.016544059470906695,-0.133297683033145,-0.00828035697320022,-0.018976835923019093,-0.15864005150986726,-0.016957854729493578,-0.017714761736750552,-0.18443103036259018,-0.030121636226548367,-0.013962999997317491,-0.0835591033619575,-0.018390932422637753,-0.03291954902090334,-0.10756237000102754,-0.017833397293880487,-0.03628675999169414,-0.13476552182419127,-0.022576390933844403,-0.03692508045477773,-0.15244489234753453,-0.032125779656672813,-0.034700755328457775
0.0,0.0,0.0,-0.022947121870441758,-0.007224903634842163,0.027433630785017194,-0.05078772582961928,-0.022897211891489383,0.04364814070741441,-0.08348618477127939,-0.0387289343517143,0.04871865430528018,-0.11826010190434261,-0.05032363197597086,0.050188403280108214,-0.09810165468680838,1.5320237972634775e-17,0.024683909064369673,-0.1234450767790627,-0.017662599915463758,0.03101006040000761,-0.13004559965945467,-0.033361944856246446,0.03482113918327036,-0.12496976305680156,-0.06996178292036412,0.0371440154832341,-0.09962933377249505,1.2647085071774227e-17,-3.1675643677794624e-19,-0.14268653815468552,0.0011444508796654722,0.0046616611319793555,-0.17119612861403646,-0.010870113503035406,0.007299885986045647,-0.2007929306833773,-0.02665379717137859,0.016315168521794383,-0.0984306132756762,-0.008653267061934177,-0.016532795929283403,-0.13359796255327439,-0.008224695659941475,-0.018852588768608947,-0.15890631233570873,-0.01663599115388474,-0.017559067157042932,-0.18474888304208237,-0.029675259835053612,-0.013719155094399646,-0.08367701845282091,-0.018390842292721137,-0.03302657052344706,-0.10779032177528404,-0.017705957926824265,-0.036347029474838935,-0.13524510104972484,-0.022494832994344873,-0.03694249716851871,-0.15265974823018302,-0.03182719302881842,-0.03456330521864895
0.0,0.0,0.0,-0.022647680027192744,-0.007274298314723299,0.027440066639457354,-0.050555343191445896,-0.023035269828639432,0.0436526829394054,-0.0832349388489709,-0.03898261839936319,0.048501007264885175,-0.11817117739876327,-0.05094692565697346,0.04986478102512201,-0.09792617707923236,6.064633855861067e-18,0.024650695440278588,-0.12314146241435049,-0.01798869258636302,0.03122231692939899,-0.12940000201070181,-0.03393060246456676,0.035184695737165705,-0.12384703005392983,-0.07064086812494792,0.03764000673321823,-0.09958148183146805,6.1865559384979716e-18,-4.1116773298465057e-19,-0.14264915834754419,0.0011767002105225325,0.00481286067814629,-0.1712599292611067,-0.010990829070611467,0.007715737132151563,-0.20098371718063068,-0.026639861311865014,0.01702423627838762,-0.09844860667689519,-0.008659480661660295,-0.01642405164929972,-0.13371026139053294,-0.008118201916023825,-0.018592988683443133,-0.15898919029066733,-0.016266499877439004,-0.01725386417175874,-0.18498973209496603,-0.029079336411903557,-0.01335754517564408,-0.08373811040885402,-0.01848717084312811,-0.03290057209798402,-0.10781350804690035,-0.017758202680171763,-0.036143950099137255,-0.13544713729075913,-0.022537596611744332,-0.03662803822004176,-0.15273209264295162,-0.03170629140099995,-0.03411288100222259
0.0,0.0,0.0,-0.022621055462900205,-0.007263480602762993,0.027467866689425274,-0.05051401974960762,-0.023248110648347618,0.04359561390559207,-0.08321344633832727,-0.03941647864192393,0.0482944924677182,-0.11824514116837281,-0.05153904116244138,0.04932932961512144,-0.09812422432691914,-4.002621784081346e-19,0.02478738983127152,-0.12306134243564006,-0.018203162057638316,0.03128210682050287,-0.1289857872668626,-0.03411102306719972,0.035253801992441595,-0.1233180059615188,-0.0706275567052385,0.037671060956510155,-0.09966986027496288,-3.140967119899685e-18,-1.0960894154676372e-18,-0.1429537374613082,0.0012254211103292529,0.004884226500745092,-0.17144687267860004,-0.010822935293633085,0.007812973838092471,-0.20116608479319134,-0.02665685575465837,0.01738469147450025,-0.09861849841527642,-0.008741045926388087,-0.016481651729840095,-0.13390604043329274,-0.008423667274481147,-0.01850433051470304,-0.15925402378782944,-0.016659865977270406,-0.01719779021104669,-0.18500299436788117,-0.029438276231357762,-0.013228511760964309,-0.08388428988210297,-0.018604814914079653,-0.03293432678930627,-0.10803735558494482,-0.01810234109830614,-0.036070568161203395,-0.13586915989629733,-0.022935993345715916,-0.03651310075207694,-0.15287280895637212,-0.032219886491710134,-0.03392718078137198
0.0,0.0,0.0,-0.022801576048430777,-0.0072998174657143795,0.027377915194749712,-0.05079842304906777,-0.02342941887464952,0.04326285468297676,-0.08348682190318768,-0.039826652776637175,0.04771333234745593,-0.11884218876669925,-0.05218915955385023,0.04863796385496544,-0.09862799671532713,-4.079281948800789e-18,0.02479374555481712,-0.12370131512232897,-0.018411310272127317,0.031233826591135185,-0.12899995746375034,-0.03444763699667302,0.03511700018391451,-0.12243870566308264,-0.07113486734316857,0.0373627322258158,-0.09997122560263275,1.776722671811807e-18,4.726280297724744e-19,-0.14319487402455258,0.0014478870220732483,0.0049615766987516855,-0.17170489313332832,-0.010291648109870552,0.007751712814529137,-0.20160025272393256,-0.02595842803804779,0.017390447678793688,-0.09882770508015618,-0.008758061846594643,-0.016445772411028566,-0.13407523091642126,-0.008136740385798398,-0.018497894564470447,-0.15946055896519604,-0.016222298906175086,-0.017202398042505767,-0.185363989634512,-0.028843156506530365,-0.013322916974970825,-0.0840466434086669,-0.018652578906728973,-0.032941549220351724,-0.10820075014351606,-0.01788412883912384,-0.036086357973029906,-0.13615698176891886,-0.022412621927478647,-0.0365471880082737,-0.1532747346250659,-0.03182674604182964,-0.03395034878963841
0.0,0.0,0.0,-0.02311281082888959,-0.007387957718995121,0.027236097293390715,-0.05121248282934493,-0.023582992643621393,0.04305902861083569,-0.08372145185721909,-0.04038572123922714,0.04748038275077035,-0.11932238207203057,-0.05273346840402172,0.048389086367024346,-0.09925960262334561,-8.063341787092087e-18,0.02486109305736639,-0.12467775812032723,-0.01827976442452616,0.0314298516906755,-0.12955908289525309,-0.03462992372254659,0.0354292953527137,-0.12210464707350982,-0.07235126961555569,0.038123179509885155,-0.10029473024404494,-9.868360605533185e-18,-2.3446431507852866e-18,-0.14346836546289202,0.0024904453473200226,0.005204007734681587,-0.1719225212453631,-0.008336481503328611,0.007882985259712092,-0.20230262112968944,-0.02416189281491037,0.01765277769044386,-0.09916872049365758,-0.008789167671181836,-0.016343268935994887,-0.13438606224820496,-0.007051494869422761,-0.01853765588025011,-0.1598714780911764,-0.014488710407478516,-0.017137231661258034,-0.1864381893881897,-0.027063733858524577,-0.013360161087798797,-0.0844058711095962,-0.018825316618337844,-0.032988550510563465,-0.10892466119726772,-0.017415307580566735,-0.036084242097425154,-0.13715002095428974,-0.021249022516710177,-0.03660144837892341,-0.15476428124836228,-0.03085924416526472,-0.03398540917454488
0.0,0.0,0.0,-0.0233959062471976,-0.007662622953488948,0.027388746580112172,-0.05158122353451032,-0.023739892349580256,0.04316104189987315,-0.08402620979304405,-0.04064884079414831,0.0473714787753276,-0.11997822568272364,-0.05295527681436492,0.048144204463544546,-0.09966418285180306,-3.878699201073409e-18,0.024978123666440654,-0.1252847395713073,-0.018330026209110884,0.031481954747937003,-0.1300600920508235,-0.03500464897503045,0.03547447485570266,-0.12220803862540623,-0.07330954593751932,0.03820734116824994,-0.10063104218510817,-6.464832255756193e-18,7.882312158931172e-19,-0.14373933887697865,0.0030865010548972996,0.005137347147924537,-0.1723190585265999,-0.00765077679366077,0.007710012806769035,-0.20300517753566955,-0.02350735202794824,0.017397138364810626,-0.0994907090135901,-0.008639640124837379,-0.016382271547761496,-0.13467304401521482,-0.006421129201308697,-0.018704351648155634,-0.16011547532009662,-0.013660483611987522,-0.017151746555230447,-0.1870262508759753,-0.026238662771324837,-0.01342890209975207,-0.08476511672976571,-0.01869345354481284,-0.033142449499424534,-0.10935404948902282,-0.017017103808773006,-0.03628442057795502,-0.13765605852624466,-0.020514383834539643,-0.03681947190623249,-0.1554592649183674,-0.030294369462389576,-0.03426974501890394
0.0,0.0,0.0,-0.02348334173232251,-0.007789193233682941,0.027462266455373387,-0.051707027789859396,-0.02384393514650832,0.0431833134698309,-0.0841810918398216,-0.04067857795061421,0.04730466157462814,-0.12037162377801461,-0.052912489632844395,0.04787731313058184,-0.09990618954674309,-1.068715573046696e-17,0.025106489695881626,-0.12547292815116542,-0.018468723302991163,0.031564641249389465,-0.1300087255998404,-0.035313957373892105,0.03552265060318183,-0.12183283887455129,-0.0737693300208173,0.038105984005057734,-0.10079387407803073,-1.0741804399826095e-17,-9.610902489093767e-19,-0.14394571489244304,0.0031797456744133332,0.005098985244445121,-0.17250677778612558,-0.00766080546923853,0.007555511584603816,-0.20318566954387668,-0.023674214583199734,0.01722355861226167,-0.09964856265671547,-0.008619047748328503,-0.016547743228925983,-0.13484495633467272,-0.0064019366592840635,-0.018850447145503473,-0.16030805678900464,-0.013752883519646588,-0.017266187084908513,-0.18713733242385938,-0.02639837799439452,-0.013445864925223637,-0.08490093399996115,-0.01861331551283223,-0.03331220679401479,-0.10950690565710812,-0.017006096822819998,-0.036442309139357816,-0.13782438777361655,-0.02041670557899827,-0.03699617315337139,-0.15557028684589963,-0.03033205369564081,-0.034535063229548676
0.0,0.0,0.0,-0.02330308764612779,-0.007479041975088458,0.027843303144738648,-0.05165346969101898,-0.023654488133382084,0.043613513308876334,-0.08406271586068685,-0.04077591260314451,0.047829561743721556,-0.12038385254067574,-0.05306920147135843,0.048518543464448255,-0.09956921062878878,-7.158865512253731e-18,0.02511253714905724,-0.1250831087793963,-0.018592593443062334,0.03189092041619997,-0.12945492510471882,-0.03556662943339333,0.036239092390800164,-0.12133496322158567,-0.07397019551363743,0.03930576437560897,-0.10051310378501643,-1.0582198678864704e-17,4.47390561370743e-19,-0.1434711214589722,0.002729108041710948,0.004802285839407988,-0.17226471688117959,-0.008884846474302668,0.007250173653392852,-0.2026659626528743,-0.025112754406596542,0.016991975235043803,-0.0993915306222592,-0.008650770799130418,-0.01651960138595549,-0.13446958923162947,-0.006813485306380913,-0.01877555837624823,-0.15989220133946155,-0.014892004638454276,-0.01682969685475503,-0.18696348476848276,-0.02796883076827563,-0.012621238475784186,-0.08470479520738178,-0.018795960282376106,-0.03311937030190654,-0.10902554554552783,-0.017635107712422698,-0.0360999062252092,-0.13708536472139796,-0.021619308676443905,-0.036541095705208394,-0.15511529544777541,-0.03180976237353632,-0.033806485349292606
0.0,0.0,0.0,-0.023117025870365453,-0.007439663391885835,0.027724925152225497,-0.05170376292067904,-0.023403296570679678,0.04423398994931314,-0.08442242178997957,-0.03986039916421398,0.04891893701937214,-0.12093324907311653,-0.05167081051695857,0.05011479618700039,-0.09885761335886573,1.3886584208454522e-17,0.025037742221270073,-0.12496626110207736,-0.017963916609800443,0.031932031404389785,-0.12991216554370671,-0.03495933421145513,0.03644420849909096,-0.12287060897984199,-0.07321811275325225,0.03940833338536996,-0.09983147684790313,1.1010562196293679e-17,-3.365965309646779e-19,-0.14290989060683662,0.003355484198883871,0.004456678541157005,-0.1718355691290822,-0.0078064940302378346,0.006930520998606536,-0.20235869557024802,-0.023850559839104935,0.015995005142938484,-0.09899390048466528,-0.008394644349593302,-0.0166758843345444,-0.13365598955058913,-0.006044117427181105,-0.018887387066532917,-0.15937990809362018,-0.013733057577357783,-0.016888909992514453,-0.18639282053208553,-0.026478017553575636,-0.01252306006290799,-0.0842061570502942,-0.018326988077251263,-0.03308624631152007,-0.10844684122816087,-0.016933309817003975,-0.03595251759486177,-0.13644978575425984,-0.0209086276372234,-0.036561743330634396,-0.15468664021705344,-0.03069050110162466,-0.033795618003361616
0.0,0.0,0.0,-0.02260670109205349,-0.0071132804306585674,0.028152084758891825,-0.05022701797965335,-0.021748681460471916,0.04510113909517204,-0.08244942140416164,-0.0371346992686387,0.05099810383110316,-0.11599374812902731,-0.04748099198377944,0.05353151472978773,-0.09733431455355353,-1.1837655039493001e-18,0.02492618410888807,-0.1222020485907569,-0.01746980715025152,0.031579944111039204,-0.12845462347983252,-0.03324615916814397,0.03569908405832771,-0.12384569894829145,-0.06919117819360729,0.037862007948491344,-0.09884402692867453,3.094175789100221e-19,3.146939837592685e-20,-0.1416790257036654,0.0023394731424288343,0.004197021240077237,-0.17047997140625917,-0.008771620964937929,0.00659577974967667,-0.20032229212997038,-0.024807365221469053,0.014702312299510613,-0.09800234978488583,-0.008653623831215219,-0.016792437263182663,-0.13260729434082066,-0.007428305057985628,-0.018874736056146715,-0.15803991049485366,-0.01548536108299365,-0.016507288970414334,-0.18438039738773185,-0.02873264443340349,-0.012152286586937362,-0.08347405271877399,-0.018692108978483835,-0.03283142029183206,-0.10770113881794444,-0.01806702045573724,-0.0355879141468603,-0.13456088607757308,-0.0223322943490565,-0.03602961568753558,-0.1528891621676783,-0.032319632793522984,-0.033414114731823076
0.0,0.0,0.0,-0.022381904297536483,-0.007026054170900458,0.028209382634361374,-0.048494651815203606,-0.01937912552160811,0.04613697987485882,-0.07876255696385173,-0.03222830437122745,0.05429008785363101,-0.10863665891163439,-0.04073066879045819,0.0593007863228919,-0.09603402521204696,-4.564777382639131e-18,0.024478030096431846,-0.12025953922893147,-0.016192899057028007,0.030090523790413933,-0.12878960639719508,-0.029954813749019968,0.03354126457176742,-0.12842164665547345,-0.0632286902955726,0.03493404077377044,-0.09795537532721488,-2.9122194729243654e-18,8.478961014467387e-19,-0.1403791621597867,0.0001951752431920373,0.004185102020559247,-0.16841739360549832,-0.01146497687572261,0.0059126212082580305,-0.19734465692745104,-0.02709843501144108,0.013101794234437069,-0.09682452699587696,-0.009327313367946127,-0.016790092868766513,-0.1312736889280721,-0.00983693665595824,-0.01857959591964739,-0.1560595988353574,-0.01869660095711036,-0.016190838731527504,-0.181101673874049,-0.032458165776251886,-0.01186650492149875,-0.0823601617696184,-0.01927917325764734,-0.03281207900982223,-0.10641928924942087,-0.01944370752568918,-0.03559236619225167,-0.13221921228671332,-0.02431816289101297,-0.03608283209237015,-0.15073145475091854,-0.034608926477766117,-0.03359028613716722
0.0,0.0,0.0,-0.023157116277543716,-0.006851678718322302,0.027729979392475936,-0.04811808108317418,-0.017011297699016742,0.047339339653526935,-0.07662372001925424,-0.026337107830155148,0.058250269529840575,-0.10358533819709669,-0.03153607044233551,0.06587654968663814,-0.09594053936214562,3.248974119655213e-18,0.023956637022797687,-0.12141264974855098,-0.013563441628960988,0.029356137938253087,-0.13304701375913056,-0.02583468369226303,0.0326052932472372,-0.13704328266291185,-0.05711316263588467,0.034059626568838874,-0.09816293610786722,3.559133622307608e-18,-1.2553369805474464e-18,-0.13986835041392584,-0.0011826618250198521,0.004179883291395074,-0.16724682751593806,-0.013066495129839178,0.0051511206054842395,-0.19507812068292577,-0.0283314660384939,0.011517039349026903,-0.09615248010935377,-0.009425401381182356,-0.016574043112683026,-0.13047567741475583,-0.011508085878539935,-0.018216325385369016,-0.15517200760101543,-0.02116364586561242,-0.016149560998124167,-0.179556777121806,-0.03500646840893754,-0.01202107482111191,-0.08165971572551572,-0.019550526216964494,-0.03248459820365968,-0.10557483325769274,-0.01995280784443861,-0.03525381138572818,-0.13030199405776294,-0.02488961375591151,-0.03593668273601961,-0.14993576162274663,-0.034905233609031014,-0.03341229541514288
0.0,0.0,0.0,-0.02372601618054368,-0.006717891002074631,0.02741008823211243,-0.0479252953703243,-0.015358666582476482,0.048269559274313825,-0.07521795706255051,-0.02240106370920783,0.06116854358299602,-0.10013876995158932,-0.025482029785328746,0.07066685006204909,-0.09590239018336642,-5.906008464946522e-18,0.023585029818365667,-0.12224944361509033,-0.011739535603518463,0.028913319275852667,-0.13610000791828264,-0.022995822191286843,0.03206207297421931,-0.1430918893150428,-0.05298256122308319,0.03361018563410095,-0.09831801055022822,-5.383668102674087e-18,-1.6801736482201829e-18,-0.13946606381520404,-0.002091643701766308,0.004085036769412588,-0.1664192673077972,-0.014089081572129559,0.004520741124586985,-0.19349118793575162,-0.02900088318959504,0.010328731398526643,-0.0956651281533354,-0.00948087544269864,-0.016429174054558057,-0.12989338571175368,-0.012621263517817824,-0.018065927932043653,-0.15447145776488835,-0.022823094913344874,-0.016255790027385163,-0.1784541329250155,-0.03671478878253445,-0.01231050443077803,-0.08114718228283019,-0.01975083634354315,-0.03227334054300809,-0.10491222073846809,-0.020329534098982402,-0.03507104279147135,-0.12889620962648562,-0.025292807235353175,-0.03586297741512945,-0.1493556471539413,-0.03516567597007703,-0.03333613962422425
0.0,0.0,0.0,-0.0242552606513553,-0.006368842530256112,0.026615162709063386,-0.04776683666765272,-0.01354456013533975,0.04815006000823619,-0.07375081173206681,-0.017226064107520842,0.06287239094699841,-0.09679926729455215,-0.017803874491258084,0.07430511583456742,-0.09569225931438405,-4.725398640650382e-18,0.02284176859105538,-0.12304708540362094,-0.009859118407666576,0.028412709678889477,-0.13883968506227698,-0.019453025678604925,0.03154326751364852,-0.14882730508979305,-0.04742709971452366,0.032713791362570376,-0.09814717293222332,-3.9614622963302605e-18,-9.481943383101973e-19,-0.13858521080176828,-0.0026535282697380744,0.0042082831047068016,-0.16506140776351771,-0.014377507483524737,0.003748788781407694,-0.19150421910198717,-0.028700716849645844,0.008685492116178384,-0.09501266679094937,-0.00932906674290221,-0.016174508233721418,-0.12876204971834415,-0.012897083985129398,-0.01767861020730189,-0.15327510845271985,-0.02295504169345539,-0.01683066329385406,-0.17697427422068285,-0.0360408838328635,-0.013058774175262909,-0.08038348045237018,-0.019351638232884175,-0.03194745008358561,-0.10403369573154957,-0.019796714260052323,-0.034880865447967306,-0.1270052897694492,-0.024527537432381428,-0.0360965263440385,-0.1478189674351418,-0.03350347346018047,-0.033767168384339734
0.0,0.0,0.0,-0.024815904469183876,-0.006152762970301553,0.026025852674113833,-0.04755523753517877,-0.012100047601953774,0.04807999076084169,-0.07227134017572658,-0.012800623659965982,0.06466567002322728,-0.0939140914387071,-0.011292358410105393,0.07774744465860224,-0.09584752964318058,-2.8031404837693556e-18,0.02226166222042388,-0.12402642945820826,-0.008079020954137105,0.028059488834398096,-0.1415299860674333,-0.016214007432453895,0.031318584346956994,-0.15374517212794203,-0.042305617457742715,0.032041564416197155,-0.09819153539223115,-4.295323128986887e-18,-2.1803283176973835e-19,-0.13782049788277315,-0.003345795710426864,0.00424161196021382,-0.16380175653032145,-0.014853555686071001,0.003047707309302447,-0.18964048454939206,-0.02873613439319144,0.007194285302613714,-0.0945733113248867,-0.009290619074805365,-0.01595802691185483,-0.1277684610959504,-0.013519874065550838,-0.017394709463291302,-0.15217786081950113,-0.02363334677612726,-0.017361461232509055,-0.17531337033841293,-0.03614097375816761,-0.013913610840495397,-0.07972820764002013,-0.019055626848957605,-0.0316314037286534,-0.1031188232154681,-0.019630206804533975,-0.03459261885316451,-0.12549620775958167,-0.024445647990513773,-0.036360439836666446,-0.1462532194591703,-0.03284606548117877,-0.034202195164143336
0.0,0.0,0.0,-0.02535826451135136,-0.005877541601250408,0.025817184885907403,-0.04770541537623953,-0.011130336437003039,0.048334045450906096,-0.07156072078941264,-0.010579409704135352,0.06633591727850699,-0.09215258337146916,-0.007949569824929422,0.08058009564825924,-0.09648720523798866,6.467669025741215e-19,0.02205503371594582,-0.1256139014159511,-0.006477120383078939,0.027891840551344582,-0.14441791366080103,-0.013086443171125534,0.031195305888002026,-0.1583618396947079,-0.037925454399433456,0.0319729813760706,-0.0986423228350914,1.8346309973237783e-18,-8.660925373301751e-19,-0.13792606769844926,-0.003589988571182457,0.0038396035162683614,-0.1637778050121858,-0.014551149135874786,0.002355936549912019,-0.18901318017173946,-0.027446085845797986,0.006210129509954424,-0.09460793503539068,-0.009300310994603298,-0.015973262052692,-0.12761826532386553,-0.013773056817686069,-0.017690180233874482,-0.15203095527921068,-0.0234704853774067,-0.017994620177722433,-0.17476757888380146,-0.03506192910586879,-0.014472232609836768,-0.07968760471401168,-0.019014362331010656,-0.031450251782079046,-0.1031044385950209,-0.019665522895738828,-0.034691832298491744,-0.12490959628010888,-0.024231569398908023,-0.03673702376390248,-0.14567351475045634,-0.03183370422042361,-0.034641538345244874
0.0,0.0,0.0,-0.02574427404747224,-0.005538255326511972,0.025653805221301226,-0.047673211697847474,-0.010033928785098992,0.04857883296467046,-0.07068123456706955,-0.008236923319232555,0.06784280411365898,-0.0900717916213061,-0.004215048586568407,0.08315557492993107,-0.09693346056118396,-4.84201347337828e-18,0.02185181533215289,-0.126619402386524,-0.005182768174704365,0.027738944297260777,-0.14612458421421318,-0.010643213087825362,0.031120308358827734,-0.16106307314271473,-0.03471118586348751,0.03168016987338785,-0.09882506583988604,-4.590662765867752e-18,1.0339366626308565e-18,-0.1378146596484693,-0.0038495926982778945,0.00335914144620603,-0.16361356531188892,-0.01447344079797349,0.0016630903785141858,-0.18811309773662307,-0.026607215740813286,0.005190720875314432,-0.0943744758081578,-0.009231288960026998,-0.016105208054617418,-0.12735784160778318,-0.01379266645108055,-0.01810758075709008,-0.1516189360236681,-0.023323568289040787,-0.018702392701633104,-0.17408503576127413,-0.034117117547067234,-0.015213369650297136,-0.0794710179708183,-0.018818249839723564,-0.03148729324206693,-0.10275208193421248,-0.019691469310431847,-0.0350847754115701,-0.12413906239438635,-0.024095932012190503,-0.037315838492692564,-0.1449724298672709,-0.031079414205816967,-0.035272804783544096
0.0,0.0,0.0,-0.026064066993119646,-0.0057911139382616095,0.025395650654721123,-0.04766131538597511,-0.009866597818012218,0.04865521134282656,-0.07005736910916899,-0.006923079370438572,0.06915361472513734,-0.08895500237077404,-0.0018261219867821044,0.08548950886220977,-0.09731625579801632,6.874658037417461e-18,0.021694961764817344,-0.12721065152838867,-0.004660041795320053,0.02762016257592007,-0.1472684339157435,-0.009537257895609419,0.031085598356563184,-0.1627995573184028,-0.0324789196642717,0.03140131803761206,-0.09907330704677081,7.742514221256554e-18,3.532362262854039e-21,-0.13778680264643212,-0.004059483631642903,0.0031997248923663476,-0.16327186986473005,-0.01469987839081609,0.0010092150003403139,-0.18727160307981747,-0.02649558588606409,0.0042543736848567795,-0.09446171666789605,-0.009112966023965573,-0.016146305914503906,-0.12714569121413777,-0.014025798370831411,-0.018321377371009535,-0.15116240214831764,-0.023687070439246925,-0.019371535196635106,-0.1732191964953662,-0.03414088477617714,-0.016083590597153617,-0.07930612478379444,-0.01837410064323246,-0.03151219451252135,-0.10250250588579299,-0.019324312812215055,-0.03511985460584669,-0.123744272285017,-0.023719055743044407,-0.037669705288201134,-0.14430505440758934,-0.030417523506631936,-0.035733014029130476
0.0,0.0,0.0,-0.026299647437111922,-0.005733739827599497,0.02519529241968168,-0.04768122691527617,-0.009471582400760884,0.04871748152973406,-0.06973606481394833,-0.005906846644962629,0.0700315088549455,-0.08808132510821576,-0.0001031899753626224,0.0869215077510806,-0.09754178039650295,7.959934374496183e-18,0.021583646448985645,-0.12760178354996932,-0.0040825313064362075,0.02761735259246563,-0.14809439813446507,-0.00839776712045903,0.031184322542081432,-0.16411189295905787,-0.030548396498112668,0.03140392635527102,-0.09920390061287966,5.917855412100259e-18,9.81537224337168e-19,-0.13781165891254424,-0.0042045698230613925,0.0030825131708656904,-0.16305660689396043,-0.014494729422838309,0.0006634846387479938,-0.18676839569228393,-0.025688831637749484,0.003671797585221186,-0.09449657208195669,-0.00903322055650032,-0.01614310113028347,-0.1269287589813804,-0.014192335672985806,-0.018400947977500047,-0.15088290960974815,-0.023612237534753423,-0.01976743986208644,-0.17258058035309135,-0.03350190357577112,-0.01663862312652461,-0.07920738377749001,-0.018132906186406894,-0.03140483030581751,-0.10238223392432054,-0.019154070790186783,-0.0350784829178704,-0.12338828435865501,-0.02344261937527338,-0.037750153322431,-0.14372404464279173,-0.029665565649329286,-0.03589646960337814
0.0,0.0,0.0,-0.02643159345105196,-0.005517438451593476,0.02513941671344353,-0.04761754517400043,-0.009407507911415324,0.04873666544819338,-0.06930672744794242,-0.005948135529188679,0.07072664723650936,-0.08723206440083094,-0.00018185082736196418,0.08776991776060995,-0.09787152964320729,3.739916443062678e-18,0.021559246818041597,-0.12819386411604744,-0.0035880912862582422,0.02771155759528568,-0.14873984794647493,-0.0073922347799785,0.031472268813846696,-0.16529341544318568,-0.029298998263751444,0.03174833920860093,-0.09941763199698347,1.5425391329771838e-18,-1.8898359304868627e-18,-0.13799568757945782,-0.004248876063534137,0.0028675988530924143,-0.16336057071283772,-0.014282381224984366,0.0004843314718763543,-0.18679868385879533,-0.02513727489454046,0.0034544310207960723,-0.09461257637192542,-0.009027217664272776,-0.016261330421543894,-0.12706925070794642,-0.014199877208973298,-0.01868142051861782,-0.1510038102355711,-0.02344714742190332,-0.020172660476787858,-0.17266680144588517,-0.033047105871516824,-0.01699964674902747,-0.07929038259712981,-0.018170623277831012,-0.03160616669859708,-0.10253491503472806,-0.019201425766031784,-0.035306521931371404,-0.12347330562328973,-0.023345721489346997,-0.038036243141424744,-0.1438882567203933,-0.029168754013544133,-0.036213935918341045
0.0,0.0,0.0,-0.02650303455420907,-0.005421452918150296,0.02520481982346633,-0.047576711825554216,-0.009354377344806007,0.048947530018696554,-0.06896533642635122,-0.006123652872152614,0.07123326192438469,-0.08657461330949306,-0.00023613952928753672,0.0884493642874827,-0.0981464680433593,4.328909237187997e-18,0.02161192396878992,-0.1286609542149988,-0.003385124769077688,0.0278319312518499,-0.14924664455063158,-0.007048457042333751,0.031895843588944636,-0.16603857202938957,-0.029017724002961476,0.0323036165019816,-0.09960054810124433,6.288540099893571e-18,-2.754224291046266e-19,-0.13828867736779205,-0.004410247557989192,0.0026680567918776653,-0.16364270587415028,-0.014654196850766755,0.0005163203524190508,-0.18690624472450731,-0.02558494138853735,0.0035380384935694044,-0.09467294255494775,-0.009043276306510736,-0.016409135678826823,-0.12723636147093928,-0.014371006000637697,-0.01889834649380804,-0.15104765909843393,-0.02377480641366802,-0.02027788675644007,-0.17260407162365823,-0.033311791531554655,-0.01697333275603192,-0.07931625645856002,-0.018194572520155376,-0.031705708611053096,-0.1026184279087116,-0.019403212177225283,-0.03552941193315587,-0.12350334154203042,-0.02351759958075443,-0.03831738085312174,-0.14399627978540797,-0.029202701408531883,-0.036370493419798415
0.0,0.0,0.0,-0.026437636765306433,-0.005426279464168413,0.024953639471250823,-0.04725653005836871,-0.009431075250639171,0.04892455185553198,-0.06844122489818012,-0.006225101109617105,0.0714247906543401,-0.0858598135096577,-0.00045521649477396565,0.08888846426145708,-0.09803424736757106,5.814963193646966e-18,0.021475479065924587,-0.12843341039083436,-0.003320412549494658,0.027817204659367482,-0.14914930897081968,-0.007027265152149967,0.03207393431492459,-0.16593529023998094,-0.02872284970720984,0.032503288694225606,-0.09950343145575541,6.089812154374212e-18,-5.492823653877004e-19,-0.1381942228961149,-0.0045644453407574104,0.0026976252799402415,-0.16328178910157157,-0.0146923121291901,0.0004299662991630256,-0.1864649234861753,-0.025497629397264007,0.00338319596356889,-0.09463813560911603,-0.009112336178550963,-0.016349238800340584,-0.12692066328561352,-0.014783221165091098,-0.018855896802257695,-0.1508795709199954,-0.02409004951615504,-0.020250094372032065,-0.17198186030567056,-0.03336639847173112,-0.016981983742245306,-0.07922108678073332,-0.018239683491188947,-0.03142684814954407,-0.10241769301285539,-0.019453242608956804,-0.03520943001116606,-0.12312419870933916,-0.02361761067325525,-0.03821456650112698,-0.14351497448442185,-0.029298101049137347,-0.036159568752877055
0.0,0.0,0.0,-0.026531689040498296,-0.005474511076395719,0.02481438215577482,-0.047213922210614385,-0.009601004233358653,0.04888286665920358,-0.06828489992598279,-0.006432202995613998,0.07157343153606825,-0.08562985300196689,-0.0007613904717489909,0.08911376977931156,-0.09794290251905895,3.4171117602250072e-18,0.02141103610352877,-0.1283665948529902,-0.003090282733558153,0.027805824076672297,-0.14923000206744605,-0.0066619570131818745,0.0321316716006631,-0.16608680698692435,-0.027903127586141222,0.032624142992444434,-0.09937472020396743,1.957946189888998e-18,6.38977356019322e-19,-0.13814848026934837,-0.0044223265072666,0.0027248737545131287,-0.16308873727182904,-0.014327036187868755,0.0002976921847225139,-0.1862573579053336,-0.025032952558928182,0.003042073113558053,-0.09451793582025547,-0.009075723491042164,-0.01628799564086435,-0.12671655040498334,-0.014815574948051708,-0.018852099560103638,-0.1508875817602665,-0.02407739465442103,-0.020367737752550946,-0.17178010822486312,-0.03319809059449685,-0.01720346527278371,-0.07909135964070894,-0.018206367918303025,-0.03122731012503707,-0.10226302041922018,-0.01923633513739044,-0.035012508424434104,-0.12281912827551364,-0.023408322297676684,-0.038196975712100026,-0.14320218915199615,-0.029263480830827637,-0.03618183477709516
0.0,0.0,0.0,-0.02637162606558147,-0.005174802135022961,0.02477192086301301,-0.04699979835478756,-0.009472154813661255,0.04881598609846194,-0.06790188063908692,-0.006446785591006764,0.07168542737073628,-0.08503402277878581,-0.0009035827429947475,0.08920890860440456,-0.09777587967839087,4.795361754753404e-18,0.021312872876014556,-0.1281834463380194,-0.0028698389297786005,0.027872114287964767,-0.14890251356660222,-0.006370635051164766,0.032416638383399615,-0.1659374939134685,-0.027666070225696986,0.03306032965468675,-0.09910511756364788,1.5006898506841354e-18,2.5822891785031064e-19,-0.13791118123273624,-0.004452177778444772,0.0028394596085482104,-0.16291466980030753,-0.014289077087581566,0.0003584482395967172,-0.18599399342437428,-0.025101693725677603,0.003216600171628137,-0.09432583138316003,-0.00915148481326981,-0.016183716778321235,-0.12654723273945478,-0.014821659238898511,-0.018759664263619743,-0.15068919491655913,-0.024093247655861513,-0.020326360016338293,-0.17157275353542042,-0.033249277540188915,-0.017040833164367573,-0.07898675238042603,-0.018375010788687862,-0.031141573938564045,-0.10205933895513794,-0.019319670453985006,-0.03486541779172507,-0.12260156881120246,-0.02341620746198833,-0.03807674393484202,-0.14312335155977435,-0.029228814000157984,-0.036105352494759387
0.0,0.0,0.0,-0.026360152412022442,-0.005070360324159613,0.024751778876775456,-0.047016751667320646,-0.009529914275187429,0.048755257550849355,-0.06782484547410382,-0.006738124700650068,0.07169618303367896,-0.08488455176170366,-0.0012234374568002395,0.08911660330144532,-0.09783716628441667,5.690658608433049e-18,0.021273088304240944,-0.12820720977243835,-0.0027371754012806408,0.02791200686894749,-0.14897954321164017,-0.0060685221823039035,0.032577056194083714,-0.1662450688446048,-0.02736226005172544,0.03336645261186583,-0.09904375738749986,1.801218063882171e-18,4.734043958555642e-19,-0.13800157589261433,-0.004477847388133387,0.0028506087926321783,-0.16300704933059867,-0.014285167387517587,0.0003602942150854313,-0.18606835295609875,-0.025161134017850178,0.0032746235396003054,-0.09438334773957108,-0.009187307726874564,-0.016131244570279823,-0.12658232024085936,-0.014913879600533003,-0.018722443865057663,-0.15071242053464062,-0.02412621748279249,-0.02031768481862488,-0.17159138319083936,-0.03326443044558876,-0.017060903329979612,-0.07900741445805186,-0.018502912973913162,-0.031063074105018112,-0.10210278644055311,-0.019345946372129916,-0.03474041137882966,-0.12273879153559843,-0.02339402719956395,-0.03796221172551486,-0.14325603674455492,-0.02902309903046128,-0.03611691358771563
0.0,0.0,0.0,-0.02622024398078003,-0.004986948272665175,0.02467020498954379,-0.04707343282830492,-0.009649302905133019,0.04863640796722046,-0.06775631493129401,-0.007193709293194909,0.07160976563933596,-0.08470451619185994,-0.0016161499624563513,0.08921477830965092,-0.098130265288981,-2.1810788786390924e-18,0.021206569849114926,-0.1284835637414757,-0.002741575298928798,0.027914365522302954,-0.14907085141264517,-0.006079589507898973,0.03269527914147064,-0.16661836876013408,-0.027577334511813312,0.033501563150606255,-0.09914837805146001,-1.1036730488870887e-18,1.3154289447271634e-18,-0.13818119697882877,-0.004549021434738255,0.0028090134718544517,-0.16330318449750045,-0.014446952122757345,0.00043259566658737593,-0.18638078319183363,-0.025600385706721778,0.003311406181782291,-0.09446327464668615,-0.00911641984271213,-0.01634639943502744,-0.12675204577780497,-0.014807493873862727,-0.018871620466854058,-0.15069845682504734,-0.024232103682042462,-0.020431391957591475,-0.1716328405488766,-0.033426427714680115,-0.017052817369464065,-0.07904436610730765,-0.018363438168631008,-0.03131973875557663,-0.10223610138712835,-0.01924928041999135,-0.034965537777089384,-0.12296141847953744,-0.02332118702753049,-0.038289332793919204,-0.14360405496495435,-0.028974017616935334,-0.0364857474164083
0.0,0.0,0.0,-0.025979571085634433,-0.005034029390533806,0.024783003999892663,-0.04716730494688139,-0.009974267817127146,0.04863103439511488,-0.06795205575284508,-0.007817591389718282,0.0715852988303357,-0.08502103099405203,-0.002492922974911544,0.08918424873692903,-0.09834825327552787,-7.502105661846069e-18,0.02127461341102116,-0.1287326507219773,-0.002802309489374808,0.02794277131704339,-0.14927875790708098,-0.006153710220763684,0.032827641488185524,-0.16696717951584028,-0.027646909068737686,0.033598705154473274,-0.09918611520028327,-5.583981536146492e-18,-6.676173139765284e-19,-0.1384285799520272,-0.0044952592230399725,0.0025992854348366565,-0.1635936748001564,-0.014362242505664166,0.00033717676396114365,-0.18667290963616423,-0.0257608337593991,0.003125166294171261,-0.09449267712069412,-0.009009082160467426,-0.01669969032442675,-0.12705116396762395,-0.014586998185812728,-0.019316845538370517,-0.15081696930197314,-0.024119704504480557,-0.020799406004676883,-0.17168356829849202,-0.03325112533033192,-0.017260260943137828,-0.07911797547037307,-0.018142985883016424,-0.03174036888409484,-0.10244308085516882,-0.018991137590410666,-0.03537951334710739,-0.12323140388932854,-0.022916877708082168,-0.03880664387234203,-0.14388286421154992,-0.02838837997723125,-0.036996771998352856
0.0,0.0,0.0,-0.025789222494142457,-0.00502319052848469,0.02510692395708824,-0.04721880442411867,-0.010050381651865762,0.048730755995814404,-0.06844195912759171,-0.008133091204987704,0.0711468460436987,-0.08593853318363089,-0.00325082246040247,0.08855928857001606,-0.09840433598689569,-1.4419596582237833e-18,0.0215195114487341,-0.12870727006812055,-0.00293999608388415,0.028244123169164154,-0.14919614526727193,-0.006154833472121127,0.033166179272041525,-0.16698392119032854,-0.027925086520795,0.0341903717222974,-0.09926558838665443,2.3235862424853417e-18,9.26570638869667e-19,-0.13845368630975663,-0.004416160653496563,0.0026780005197284983,-0.16374632276800863,-0.01460933254819435,0.0006574259633518156,-0.18690659328954806,-0.02602755764819088,0.003630724549406985,-0.09466667716717288,-0.00909137757680389,-0.0167483745860655,-0.1272782644770813,-0.014515831985559518,-0.01937654371676361,-0.15090276572804553,-0.02420599776107422,-0.020907972399729517,-0.17174145009912295,-0.033633958552754986,-0.017214215728934765,-0.07926594213988608,-0.0182792590649932,-0.03178205634163715,-0.10245293146939816,-0.019384389458662242,-0.03555859674480762,-0.12332915495375969,-0.02351125112835095,-0.038804848158615006,-0.14384573266306672,-0.029011738678467784,-0.036970156406480936
0.0,0.0,0.0,-0.02630430032632741,-0.005178017420000217,0.02499958957416648,-0.04783399233628728,-0.010227743418268896,0.04841086184359063,-0.06968156290760827,-0.00897691146111875,0.07018537937241319,-0.08767371936068723,-0.0046021480187159024,0.08719932693029317,-0.09837577295229276,-1.4300889167375277e-19,0.021435824451372102,-0.12880796475374287,-0.002707519945405873,0.02841573026413371,-0.14946090246816918,-0.005634784106292509,0.03340085385106517,-0.1671820161390639,-0.02664233096969465,0.03486166267135676,-0.09931981173678268,-4.332729153278913e-18,4.2336246758371034e-19,-0.13853589702156133,-0.004020804243259052,0.0028872052874824236,-0.1637048844535708,-0.013879887038337785,0.0006966302528145329,-0.18711039932384144,-0.02476579984045742,0.0037273676483648463,-0.09476416697347219,-0.009100181103821893,-0.016490005438152266,-0.12715853468523997,-0.014365371944350148,-0.019235421236450088,-0.1511343419248639,-0.0236568275082162,-0.0207500440674931,-0.17203700730626403,-0.032831657882666884,-0.017216513485939323,-0.07940507063868948,-0.018490435404159372,-0.03129749070150941,-0.10254331344175142,-0.0191802651991072,-0.035213414726358,-0.12326021110733626,-0.023171413566092418,-0.03862840976978308,-0.14367482442249266,-0.028854384587741495,-0.03680779289969224
0.0,0.0,0.0,-0.026915019341524238,-0.005227955264279713,0.02502107344097359,-0.04909542152000237,-0.010702146585232874,0.047864656967458126,-0.0720126613300839,-0.01070634895972196,0.06855845019078084,-0.09115547258702608,-0.007631708516281997,0.08508756299485747,-0.0987828522194493,2.9455172659592746e-18,0.021413755844273567,-0.12937470451238944,-0.0022726914522348705,0.028559422182493747,-0.15019784655665236,-0.00483721026646572,0.03329228454937264,-0.16821624261371723,-0.02483190898802493,0.03542442726416783,-0.09979730493214896,4.216509842565079e-18,9.800587814476761e-19,-0.1388032282381239,-0.003143178032165463,0.00299278539311611,-0.1642546723256967,-0.01255497434840388,0.0007285854218214634,-0.18823800524004203,-0.02309484263431071,0.003592555815763972,-0.09521686673183544,-0.009034552448612758,-0.01617426825998247,-0.12764523234403213,-0.013571489037317558,-0.01904432488129407,-0.15196040812850725,-0.02234282462443549,-0.02041830075646449,-0.17334540286111277,-0.031399516957901615,-0.017331004791454375,-0.07989731076493632,-0.018484994170856285,-0.030944736281944142,-0.10296035712253752,-0.01869366769023109,-0.034944184898816316,-0.12382064105397372,-0.02254228552764459,-0.03846347812064766,-0.1442354995150407,-0.02832212522590415,-0.03697623903283591
0.0,0.0,0.0,-0.027412515379725968,-0.005293267953421547,0.025115308921018993,-0.050030864916943425,-0.011064303344087879,0.04756392224485397,-0.07374316577714339,-0.012039762422535514,0.06746665415095102,-0.09368944375185818,-0.00988259329833684,0.08368331517887405,-0.09911274421083699,1.6175645635605403e-17,0.02142689319860735,-0.12979944509631186,-0.001971398357799552,0.028672411169048995,-0.1507821185896506,-0.004268945031583758,0.033164845996939404,-0.169022616324216,-0.023581476140266712,0.03575312647504818,-0.10018337690720712,1.5755241669852456e-17,2.3727375147708137e-19,-0.13903372724496899,-0.0025114712266031463,0.0029981772103830746,-0.16470119969280048,-0.011674553113633069,0.0006766820227258833,-0.18911121659907715,-0.022007460340448898,0.003428158712651513,-0.09558612682468766,-0.009008967605682884,-0.01592184919066303,-0.1280357006077861,-0.013008361169958935,-0.01893459584486251,-0.15256260445464048,-0.021465057174569875,-0.0202101611219631,-0.17434114196978368,-0.030519213568571315,-0.017434073765422685,-0.08028127537280888,-0.018527344518015593,-0.030674974271903074,-0.10326285259281301,-0.01839430049855196,-0.03479028354663666,-0.12425856508228036,-0.02218253044663305,-0.0383519184886999,-0.14466822800724818,-0.02809436561508917,-0.03708351623151463
0.0,0.0,0.0,-0.02761324452056297,-0.005226130658660719,0.025396181005324092,-0.050902209463997435,-0.011575689693195338,0.047513160745232506,-0.07564058785326946,-0.014056640203081594,0.06639769917787605,-0.09642001693481234,-0.013092955468188826,0.08182165142181025,-0.09921188854688832,1.116379099245455e-17,0.02158810266412926,-0.13008090009596213,-0.0018850887480055584,0.028899107911779933,-0.15133442598004865,-0.0043005435717065775,0.03332380436873183,-0.16955659186559965,-0.02363068989334305,0.03644064565675075,-0.10051136936747383,1.1541179310566934e-17,-6.819401278718274e-19,-0.13949305652716884,-0.002252896095251567,0.0030297481639688754,-0.1652639004400465,-0.011267200340922956,0.0009122204458813473,-0.19004617634174104,-0.02145995248092971,0.003933322011873863,-0.09593074659134952,-0.00911128836610925,-0.015628409120065252,-0.12841264493051696,-0.01311057932042949,-0.018709872937642036,-0.15311999513250577,-0.021440573994591334,-0.019659159350246803,-0.17507697280609222,-0.030892060994223324,-0.016838872704672374,-0.08073879198102753,-0.019021116492994098,-0.030309647660846876,-0.10378893429104688,-0.018914090551858765,-0.0344016328441643,-0.12467007585486047,-0.022966753495843414,-0.03771283972656706,-0.14498262781445628,-0.029233936347983783,-0.036388520966901386
0.0,0.0,0.0,-0.027342212439214805,-0.005127350473572464,0.025828303118313887,-0.051664144805618685,-0.012259005490899316,0.0474759878814119,-0.07774576911190732,-0.01630267265589173,0.06509513535438824,-0.0996524943263109,-0.016662554052333484,0.07932854010671862,-0.09930106144314138,2.1781127652736956e-18,0.022110690209062145,-0.1300297425611769,-0.0028377440824807324,0.02929082008176443,-0.15082671003990222,-0.006165279108340554,0.033784655232771875,-0.1688409054044046,-0.026817747020831013,0.03740128400309889,-0.10079696411103206,1.5616089816777499e-18,-6.062547615733504e-19,-0.1402622562072653,-0.0023536059252032794,0.0034088759375636053,-0.1660802248671311,-0.011705537116036576,0.0017330153548239847,-0.19115152208644046,-0.022862132348673504,0.005051002050947872,-0.0964457832940897,-0.009291019071688717,-0.01542489659561163,-0.12903414711467004,-0.013348946384153333,-0.018359321354508528,-0.15426090082545227,-0.022251625503819032,-0.018927290836594137,-0.17637366482420216,-0.0327512785308141,-0.01599473891287911,-0.08124627654594785,-0.019409908665878856,-0.030139677444377917,-0.10456247037269649,-0.019591316678613285,-0.03416071695763969,-0.1256834093991195,-0.02374561945388275,-0.037120533824983384,-0.14601941216576064,-0.03080282372284145,-0.03553768924115754
0.0,0.0,0.0,-0.02680233253215801,-0.005570676853531675,0.02647706595187674,-0.05187397563299548,-0.01331208908519064,0.047177605687065007,-0.07907296549991753,-0.01912348702230384,0.06320449659962207,-0.10243026693731871,-0.020720982908833344,0.07665030172281441,-0.09922195226360199,-8.664460046151099e-18,0.022620574996367684,-0.12899935236681728,-0.004802963667069248,0.029869930819715264,-0.1486062414590745,-0.010222564999305626,0.034556344561805466,-0.16533234662912533,-0.033207563752992456,0.03919093907928593,-0.10093870611576305,-8.550004326428531e-18,3.0090839327143823e-18,-0.14113217660341046,-0.0020512433621404404,0.0038672478187628976,-0.16726870400646665,-0.012070145503264197,0.003214191899043705,-0.19281268391532846,-0.0244071395743553,0.007578139053041234,-0.09713097884070325,-0.00936745407291344,-0.015444809152616104,-0.13015384403586283,-0.01310571137112444,-0.018139718538002277,-0.15548564699792713,-0.02304264155749047,-0.017765205795378484,-0.1777714629469277,-0.03478198409961939,-0.014560381029363646,-0.08196051457997713,-0.019467455392428026,-0.030387802021162924,-0.10552227228711615,-0.019739282451688052,-0.034174002373831426,-0.12767536253518463,-0.024565585682590613,-0.03661324674141207,-0.14769819635413162,-0.03235589012607088,-0.03471385404407219
0.0,0.0,0.0,-0.026169898334651626,-0.006150524892327796,0.026816013976566647,-0.05202506081079823,-0.014636852612214441,0.046338576643748075,-0.08072675756709546,-0.02181955875105442,0.059929740300302056,-0.10627801002758344,-0.0247358490863288,0.07164978869682975,-0.09821815248116406,-2.3819326341744043e-18,0.022811796104713605,-0.12690650861367472,-0.007247454787198231,0.030204951854732952,-0.14468393836496155,-0.014671472569175297,0.034750639162139996,-0.15730262078997312,-0.04004053896328141,0.03966579135526388,-0.10010018134423368,-2.116077740092749e-18,2.63746416666522e-19,-0.14097463229662985,-0.0012972083948420423,0.003769586970610142,-0.16773392650515911,-0.01175631196256521,0.003727796475363717,-0.19381687034824646,-0.02419487892401672,0.008441950947313233,-0.09695464362268807,-0.009087947365740525,-0.0155506965024982,-0.1303186080253869,-0.011651378780168375,-0.018599633597713158,-0.15547259818703513,-0.02149468621105052,-0.01774852743313135,-0.17850217972008428,-0.033840201123767885,-0.014840402681257244,-0.08188327854501593,-0.019030088916005654,-0.030734864999082328,-0.10560761392103538,-0.01897714919694394,-0.03467502983426279,-0.1282947021844539,-0.02388375544310321,-0.03647057680427723,-0.14775419368354514,-0.031937146007319256,-0.03469825255240996
0.0,0.0,0.0,-0.025288219368460676,-0.006510113844268208,0.027240747848467008,-0.05214925687455501,-0.016434148545063077,0.0464556520978642,-0.08244396274576485,-0.02540407649554826,0.05797126595716575,-0.11094065062928421,-0.02977393582444315,0.06670146246475417,-0.09740644687985837,-1.538051025112657e-17,0.023548257381355697,-0.1254339555687164,-0.009409851967368456,0.03108604602377226,-0.14026655077917674,-0.019077937079065455,0.03548385637896837,-0.1472950520709537,-0.04782043283868458,0.04036363757879613,-0.09911804946789067,-1.647743512176715e-17,-4.645715935565906e-19,-0.14104104435654147,5.863477229587991e-05,0.003584139679924344,-0.1684148058667047,-0.010256967561232521,0.004273215631669418,-0.19533321556206895,-0.023763082368376934,0.009502954868387484,-0.09674415284511567,-0.008863193122574957,-0.016085319622567856,-0.13059552843306407,-0.010009920783705608,-0.0191286944145651,-0.15607645969244033,-0.019482737035870907,-0.017843293611883995,-0.17970150750102937,-0.03221313400087125,-0.01471114239266984,-0.08180163527366077,-0.018623124302241875,-0.03129972241408804,-0.10570396150292546,-0.01809218262312206,-0.03526397718429288,-0.12931816893329692,-0.02265018345099373,-0.036586586348101566,-0.14856041675323062,-0.03115387580405513,-0.03473401700372166
0.0,0.0,0.0,-0.024692788695308325,-0.006844509402462546,0.027615552998295007,-0.0522472842653247,-0.01779190299903179,0.046586827435432,-0.08356788194496914,-0.027921933131601455,0.05661364674943759,-0.11395346990629393,-0.03315906011987601,0.06338393038797177,-0.09671801486363253,1.5705791214067928e-17,0.02406827416641239,-0.12419837179422456,-0.010899013767213845,0.03185431459251474,-0.1371648496247153,-0.022106774969928022,0.03617772530765314,-0.14038005144002566,-0.05316767813202595,0.04100543825558951,-0.098313079607848,1.3495210844476681e-17,2.7016969933375596e-19,-0.1408977465945028,0.0009936167136691367,0.0033651988592354703,-0.16866061202802293,-0.009287243312955782,0.004505128224516123,-0.19618166861379605,-0.02348001372881809,0.009988816706330257,-0.09646065343529152,-0.008647466683793587,-0.016496952780035677,-0.1306020466980862,-0.008870995280285216,-0.019648644071329994,-0.15623969422384107,-0.018081074494783602,-0.018023086240382395,-0.18031813966865037,-0.031095116118227663,-0.014882794272983894,-0.08160523414068277,-0.018288208162856735,-0.031745750686767125,-0.10555973393554705,-0.017388473099208615,-0.03577052075508999,-0.12975845007781964,-0.02172439306970015,-0.03676492906293105,-0.1488530545463594,-0.03059721862309715,-0.03492212285030439
0.0,0.0,0.0,-0.024540281054258352,-0.007086309907014874,0.027353667509602574,-0.05195301328387906,-0.01943384192584202,0.04557722319284022,-0.08397729108060238,-0.03159529270589613,0.05439106158921833,-0.11578060736626088,-0.038749693092100426,0.05969651166537868,-0.0968745159391714,-5.2104412049150014e-18,0.0240372069165826,-0.12385851410999044,-0.012832438040444384,0.031952682989967,-0.13400733322284197,-0.025383851320900194,0.03674033261792609,-0.13322956636290978,-0.058223852446541165,0.04158279482951293,-0.09815380898269718,-1.2909750313114557e-18,1.6885723326662878e-18,-0.1408716964649157,0.0012537697879292712,0.0037904295688701317,-0.1689254313861584,-0.008936583564053432,0.005045607613174473,-0.1970795664113101,-0.02363541921640034,0.010894587518227946,-0.09664783520292636,-0.008600259674396031,-0.01668697278542026,-0.13082942515678495,-0.007545117620477939,-0.01995371417110579,-0.15680248060090257,-0.016090648200110132,-0.01822439689249852,-0.1818467607543429,-0.028849347797512987,-0.014943647524624388,-0.08179258400095886,-0.01813033496778747,-0.03189154376416163,-0.10589318379416492,-0.016638136158614276,-0.03600384715662279,-0.13070217546712962,-0.02031366593345623,-0.03735172313096795,-0.15009240801092474,-0.029422284341287276,-0.035432774984597064
0.0,0.0,0.0,-0.02437344833386656,-0.007119408737927509,0.027516610040608413,-0.05172934102171995,-0.02043123359470979,0.044948942664334066,-0.08423868111300248,-0.03423908337560238,0.0528624423841956,-0.11697897564076067,-0.04228948741394332,0.05727053212532009,-0.096796052509957,2.3478712360167997e-17,0.024024154259473966,-0.12329907367341972,-0.014174752075071555,0.032380372549223047,-0.13174367608260074,-0.02782464529332066,0.03734845262124484,-0.1286861144347017,-0.061906347671080816,0.04244314254330446,-0.098092531988971,2.2409832843487084e-17,2.67615170021376e-18,-0.1408915321395753,0.001598966267745538,0.004197155704382587,-0.1692479297603768,-0.009057638290855508,0.0055821261076036115,-0.19774389909076742,-0.02426921033199308,0.011857752188429901,-0.09681591264489256,-0.008637422003388259,-0.016666073096070506,-0.1311279719102676,-0.006834435054288008,-0.019938904939950982,-0.15697670583833584,-0.015215380079916756,-0.0181811239486168,-0.1828995601408773,-0.028314280832517115,-0.014487111576153233,-0.08198487684196124,-0.01813362356513641,-0.03185953726272109,-0.10629632805935996,-0.016561345810370096,-0.0360850434419065,-0.1313272202536917,-0.01997439291104802,-0.037523599425637794,-0.15091173705039698,-0.029580071549877466,-0.0353814729790762
0.0,0.0,0.0,-0.02423859713015748,-0.007314916738344377,0.027599704311589705,-0.05168720053742265,-0.021469536351717514,0.04450426816178765,-0.08479511293772536,-0.03651394521458276,0.05158932853008224,-0.11849390596973688,-0.04530713518675425,0.05515271517351176,-0.09698902231240314,2.3339177634973313e-17,0.02421305912759646,-0.12335917798664682,-0.015134084267531026,0.032599666029724396,-0.1304960188686995,-0.02924607862514669,0.03765759671321624,-0.12595011743171514,-0.06419871533918187,0.043118046855219666,-0.09820979743144882,2.486291375905341e-17,3.663702291670617e-18,-0.14106120249156626,0.0020425148531081597,0.004370045442587141,-0.16960970539924428,-0.008398334792582791,0.005921965367863772,-0.1985789489164971,-0.023863446289085703,0.01285183988146038,-0.09711607338657595,-0.008599121726817226,-0.01674431414326092,-0.1314711118416241,-0.006180368539143899,-0.020054389711719404,-0.15758571862155307,-0.014282946427152006,-0.018340125172274294,-0.18404167768558552,-0.027165698587144602,-0.014269620959262406,-0.08225029804378958,-0.018075243568620718,-0.03196757669968239,-0.1067582482733757,-0.01623189861441804,-0.036192026419536276,-0.13214661405702138,-0.019345550467941158,-0.037660275874282334,-0.15178357615630358,-0.02906069593623267,-0.035249560979347436
0.0,0.0,0.0,-0.02436127873213741,-0.00726930936351723,0.027825801959303367,-0.05205003468190041,-0.021981054117700988,0.044358702465846375,-0.08551381393259554,-0.038161268202546554,0.0509119463540844,-0.11981450555364495,-0.04727082211957373,0.05394235594193432,-0.09736446147127012,4.4846390489897315e-18,0.02429636130470285,-0.12366181654878022,-0.01566540618395513,0.03288360307524356,-0.129922262836387,-0.030328775086383805,0.03800874829985102,-0.12436588113175846,-0.0659542311310439,0.043686613548673474,-0.09853036368805579,8.425796978972811e-18,3.8352345733708145e-19,-0.1412928567605801,0.0025745771757314582,0.004134747320429349,-0.16996801758701877,-0.007940512645105651,0.0056279576637407866,-0.19924665057092883,-0.02345847941823374,0.012844998049899067,-0.09738619427270151,-0.008594350378730409,-0.016735387173876286,-0.1317834690164296,-0.005694417107780359,-0.020451106641693115,-0.15787729911523932,-0.013775087558691588,-0.018749378888996648,-0.18484437374953083,-0.026439732274749397,-0.01451873357749901,-0.08256070204116976,-0.018215461438974317,-0.03197196653893438,-0.10692540551978853,-0.016290296192571753,-0.03628213044624362,-0.13241253828029267,-0.019313097892042743,-0.03790302469403899,-0.15240580247318022,-0.02923919737327694,-0.03526823223286564
0.0,0.0,0.0,-0.024379297166411486,-0.007418812163354491,0.027753394313686824,-0.05212623716338896,-0.022838529823742144,0.04394988531316201,-0.08617294096145671,-0.03937040409662569,0.04992438998438756,-0.1207649196887481,-0.048978476295434004,0.05240243118044019,-0.09753067879788979,5.408109324986088e-18,0.024441608556197692,-0.12369448224234267,-0.016302024795098093,0.033058675973956377,-0.12918285526339426,-0.030997206948275836,0.03806194796201867,-0.12298373129066706,-0.06654514053670772,0.04344745830394485,-0.09867851523247055,5.7069180660276444e-18,-1.4673393275225329e-18,-0.14158678290573581,0.002852449835992694,0.004318037436414576,-0.17045154578834182,-0.007184286544523324,0.0057579826611242856,-0.19989863869947094,-0.02232564577708881,0.013144506181287905,-0.09767892180820846,-0.008534128385726404,-0.016796003204294974,-0.1320657356298484,-0.005385195336638927,-0.020423850027319352,-0.15842397349496282,-0.012955343630169262,-0.018851788204243183,-0.18538850778847185,-0.025266203464694853,-0.014431279934370317,-0.08278062286109432,-0.018192066767552337,-0.03214546759766588,-0.10727737834362823,-0.016076596221612595,-0.03647457468524975,-0.13298417194988144,-0.01879776627803248,-0.03821415491793263,-0.1529367807855681,-0.028597283335539413,-0.035479944989429364
0.0,0.0,0.0,-0.024320341290019334,-0.007643430898104574,0.027757590258386765,-0.051914812802045025,-0.023398824172990978,0.04361509835114346,-0.08637892020881115,-0.04001578067331952,0.0492367864188878,-0.12107480619909299,-0.049854027182701745,0.05117912500906859,-0.09760988745676917,-8.838819522854806e-18,0.024656971503235543,-0.12363317826902956,-0.01661222237363517,0.033102035649041274,-0.12904654575454733,-0.03134928953632358,0.03790205581199369,-0.12237664380992783,-0.06710107041980758,0.04296431256519189,-0.09890247410430701,-1.2568151713160263e-17,2.6220024198628195e-18,-0.1421359570000039,0.0030695034195576403,0.00455132626310763,-0.17116415099690496,-0.006607476926132731,0.005957946713023774,-0.20064176686706822,-0.02166190107229407,0.013529081026156577,-0.09798050838310493,-0.008537623692919192,-0.01688496468349611,-0.13278755144211923,-0.005184060769008502,-0.02043004942049205,-0.15912079812548227,-0.012373351586740224,-0.018865296338952793,-0.1861734446115612,-0.024787901561416147,-0.014354066877028773,-0.08308900144611855,-0.018197498660024153,-0.032543049389716375,-0.10805478979867131,-0.01584409587593742,-0.0367534478968641,-0.13393001092668913,-0.018267815358505184,-0.03838617504682571,-0.1537725827840616,-0.027949811580089415,-0.03566371534258496
0.0,0.0,0.0,-0.02432730908299622,-0.007791745324766241,0.02770335599844374,-0.05189179991292176,-0.023755330826573242,0.04335394681146536,-0.08662543847355385,-0.04024740083851483,0.04863093523585579,-0.12136453890433252,-0.05009579658137523,0.049967344442447464,-0.09767736595322074,-1.0188883820380653e-17,0.024753702406318308,-0.12379770233372565,-0.016789615981956257,0.0330042948022821,-0.12896055805848436,-0.03158211696581474,0.03766909921706782,-0.12193036221595996,-0.06740710445517023,0.04244676945826013,-0.09907097939435396,-6.4933278033028775e-18,2.9263790026313036e-19,-0.14244247222853756,0.0033714248084283226,0.004587955627722216,-0.17171148583249943,-0.0060310450143183,0.005962391846380541,-0.2011570897974012,-0.021112913291854704,0.013554817391031395,-0.09814660777020025,-0.008479471451213064,-0.016949055903732052,-0.13322207290084825,-0.0047187937583813904,-0.020518065877472617,-0.1595301618115519,-0.011631112027390313,-0.019041131412582644,-0.18665857289805815,-0.02392545687958944,-0.014464055600642192,-0.08321482276134348,-0.018096248770038972,-0.032906343213872744,-0.108401477323977,-0.015559694410005874,-0.03699619707676825,-0.13441052282309385,-0.01768843220078708,-0.03857918785246367,-0.1542611859401067,-0.02699775216235917,-0.03577308570866873
0.0,0.0,0.0,-0.024271917137707783,-0.007786755370116442,0.02772424277230475,-0.051750824595301004,-0.02408513175053784,0.04330736398835282,-0.08649076377493915,-0.04052201934327182,0.04849452215483139,-0.12129440490536786,-0.05063550826285318,0.0497507675106794,-0.09795226721152638,1.8958187562714686e-17,0.0250051016009136,-0.12411069468844989,-0.016729888075364848,0.03318632464966181,-0.1291251653476636,-0.031811112298954405,0.03788567533754611,-0.12189957536264359,-0.06809759845985597,0.04251680572832429,-0.09931844891486316,1.4644727808100953e-17,2.687230059207533e-18,-0.14295146562846509,0.003568280115909692,0.004892572917726177,-0.17224674005417298,-0.005827128042473859,0.006319139785125598,-0.20156482735455955,-0.021228797939781576,0.0140603386093982,-0.09850727255887963,-0.00851127793254344,-0.01702702496488818,-0.1338377876703337,-0.004674234954100431,-0.020447086952021055,-0.16015836381435392,-0.011691211147196963,-0.018909778947776314,-0.18699537122565135,-0.024208465879662324,-0.014219121822566743,-0.08357158238768676,-0.018142576493661147,-0.033244283439230825,-0.10881044572185948,-0.015562642096636862,-0.03698282942421728,-0.13509137647026773,-0.01747355615716762,-0.03855064562200614,-0.15479231573264132,-0.02649917035404022,-0.03570404161772266
0.0,0.0,0.0,-0.02431302578517462,-0.007767088129209194,0.027764562988890802,-0.05165644551667296,-0.02423986358154856,0.04324021467771533,-0.08639061533536847,-0.040751705392388156,0.048216021864956535,-0.12120241890963149,-0.050860953916436843,0.04918286205660113,-0.09799825985441422,-1.0329929610113542e-18,0.02512803658696546,-0.12422910827777757,-0.016672718655247373,0.033361477847472794,-0.12909982032901926,-0.0318564660177392,0.03804581005390007,-0.12168611642982204,-0.06848956293344356,0.04261438448999708,-0.09933993923737573,3.824449091792261e-18,1.0912677340493223e-18,-0.14305270627265082,0.0037438961304675816,0.005042225921650588,-0.17242444338218674,-0.005677538591311526,0.006453550601985742,-0.20163236595845596,-0.021299793306520667,0.01427478534510552,-0.09856779245964592,-0.00853237375766299,-0.01703934747451075,-0.1340109358516573,-0.004645514159572557,-0.020406281970695977,-0.16035521099197558,-0.011765772639439433,-0.018828966947836725,-0.18713966082821998,-0.024447634323050117,-0.014048247380310417,-0.08368165895513804,-0.018247575450723866,-0.033405244271973285,-0.10896011233797662,-0.015657862901119753,-0.03699576928169207,-0.13534043406844817,-0.01750493855379559,-0.038545472021058576,-0.15499869585273238,-0.026439984743708834,-0.03559270313995118
0.0,0.0,0.0,-0.02439228543424286,-0.007668203721923586,0.02760837799420986,-0.05160514769633357,-0.024625204004226024,0.04283252666929056,-0.08581015463409772,-0.04090904416431603,0.04772403612035673,-0.12065611336389162,-0.05148135285235416,0.04891746203218835,-0.0981601621201668,-5.251252056197501e-18,0.02528752127301529,-0.12445336793858278,-0.016545249298064755,0.033405599453493834,-0.1292155156949988,-0.03194178676911932,0.038066575840286054,-0.12170768071153203,-0.06904828926212661,0.04214899308880259,-0.09948703381783185,-4.487128383968803e-18,8.702296984407584e-19,-0.1433859836945837,0.004374534344780815,0.005501555184973391,-0.17258180999014755,-0.004857527223925896,0.006714672963427818,-0.20183142408496352,-0.020981733657528468,0.014406232108854646,-0.09877822258598179,-0.008471470682190922,-0.017014970762789045,-0.13441096696729496,-0.004124242756489224,-0.020403267843600803,-0.1607298892564011,-0.011115149073741408,-0.018847918881352368,-0.187287026036425,-0.024191054749825015,-0.01403544414382599,-0.08404835166502307,-0.017966349970076467,-0.033685428465674974,-0.10943487370432138,-0.014993896276571217,-0.037138015797439076,-0.13603317615889718,-0.016411843036492037,-0.038792905646813154,-0.155489945339933,-0.025483804467714772,-0.035860848358193524
0.0,0.0,0.0,-0.024432081237225633,-0.0076327372597142255,0.027630601547843817,-0.05170763498339227,-0.02487280638029509,0.04275458266392444,-0.08565809943747038,-0.04115619538232171,0.04760256292816307,-0.12074697153854975,-0.051989551050143114,0.04894675964174322,-0.09829775514239564,-2.413145913350662e-19,0.02533600362919198,-0.12471835278779468,-0.016385363244471214,0.03348063360170852,-0.12949062550728438,-0.0320220015244831,0.03825662674421871,-0.12211439850302211,-0.06962530583893912,0.04223241756955877,-0.09964718102657577,-3.0540224796734417e-18,2.179815304200832e-18,-0.14357404900991252,0.004915356330286684,0.005657598735136512,-0.1727485697808376,-0.004204639554307967,0.006755151693949849,-0.20217479158627727,-0.02043513580233136,0.014498773858058122,-0.09903453029809862,-0.008405363694686904,-0.016916137324658156,-0.13465352837359112,-0.003705997372915684,-0.020413205927936506,-0.16099400001659278,-0.01055375832004788,-0.018859694261753292,-0.18747704358570574,-0.023597937106572958,-0.013931344864804865,-0.08440881443312727,-0.017788471465255543,-0.0337104576258219,-0.1097424560619372,-0.014649714376462931,-0.03715957456306416,-0.13644149462267446,-0.015931060828147492,-0.038881366991928984,-0.15577050065836073,-0.024995367534520627,-0.03582442453205693
0.0,0.0,0.0,-0.024498829591059087,-0.007592011346167033,0.027612950754214962,-0.05185173487171735,-0.025040430363026722,0.04267654066772108,-0.0856225377269931,-0.04129802566514714,0.04751508589250815,-0.12091165752357257,-0.052290156666526366,0.04897735138006547,-0.09842793302846325,2.4065341253249555e-17,0.02539054526184891,-0.12495479301377442,-0.0162495177220703,0.03355566270411134,-0.12971173490840124,-0.032087440237739684,0.03843291915137485,-0.1224379928774073,-0.07008129814831646,0.04234406338358751,-0.09976794308103122,2.2528908535864837e-17,8.294015287806938e-19,-0.14372679407047367,0.005379779648664836,0.00578787414378033,-0.17287602883544076,-0.003642613443536693,0.006784969826223656,-0.20247639602397804,-0.019978488043600383,0.014549135740715625,-0.09922655086485488,-0.008354631652870969,-0.016840361923293603,-0.13483313802049063,-0.003326052714404403,-0.020418185854907348,-0.16121853004835385,-0.010027352379731787,-0.018883693722742425,-0.1877248937913809,-0.023059987938030286,-0.013867031979956158,-0.08467866413988015,-0.01769090554618669,-0.03371853914983218,-0.1100070755515196,-0.014372154489442256,-0.03716827764926879,-0.13677178267677342,-0.015492076667778753,-0.038967396933029495,-0.15604359203372511,-0.024556881732971683,-0.0358236125902754
0.0,0.0,0.0,-0.02473161871225568,-0.007730470262141364,0.02736816400767329,-0.05226572958482911,-0.025157730158600185,0.042239395132782034,-0.08601142123040327,-0.041010269195484325,0.0470780658823936,-0.12131450752356042,-0.051820646044369534,0.04849776498751388,-0.09877683338154605,4.492754496331941e-18,0.025566147757120974,-0.12550739357104757,-0.016045380177277517,0.03353148780979529,-0.13034881305470336,-0.03210753831906661,0.03824199247256043,-0.12299162816989202,-0.07011700460274194,0.04194758128974778,-0.10015399323084989,2.290809125316399e-18,9.350587580750478e-19,-0.14430043664126307,0.0059277487390489774,0.005883845037852381,-0.1734728722476645,-0.0025965388411832878,0.0065949989278715595,-0.2030944969834581,-0.019054476895437034,0.013996182913242602,-0.09949565948678277,-0.008147088509718379,-0.016974336504036767,-0.13524417473216616,-0.0028103437644361254,-0.02057172472228415,-0.1617135617206863,-0.009038460505186393,-0.019225115019795395,-0.1882111655215023,-0.021996917355290375,-0.014442500683875231,-0.0848228683704946,-0.01736143199659851,-0.034105645778062375,-0.11037678473520479,-0.013788088315157746,-0.037480641764722364,-0.1371807158998989,-0.014463091441091962,-0.039388872333879645,-0.1565578077196843,-0.023272023192025378,-0.036346967409175236
0.0,0.0,0.0,-0.024729074792685306,-0.007657787857837486,0.027601028700897156,-0.05215056615577897,-0.02482382624354919,0.04265628236276391,-0.08595636200860567,-0.04064667954906782,0.04753300462387424,-0.1214022298147168,-0.05155209330508046,0.049116081079973596,-0.09863860787862658,-9.273081049115713e-18,0.025461272035708898,-0.1254134412958555,-0.015774812916481532,0.03351364879503187,-0.13053806116858224,-0.031593027496352316,0.03852411935797519,-0.1233667999887054,-0.06947012514702658,0.043149112582173355,-0.10004607895924728,-7.144856906600483e-18,-1.0132370890340632e-18,-0.14397235116001927,0.005486254067834106,0.005699038883899514,-0.17307101328187333,-0.0033397004771195853,0.0065556689431736205,-0.2026894341469114,-0.01920872806066123,0.014167207921024664,-0.09938071733716196,-0.008295334083144177,-0.016701470069620132,-0.13498667139199474,-0.0031556252643846552,-0.020427788428576676,-0.16150850410698894,-0.009486296509515695,-0.01893874121721553,-0.18770598282993206,-0.02218587974762263,-0.014175979255394645,-0.0847989422850427,-0.017605395072749882,-0.03356358410845024,-0.11007291483483893,-0.014170380423668177,-0.037132209322567944,-0.13674112914418374,-0.015031886926606241,-0.03888000642982011,-0.15608979353622682,-0.023863554717271987,-0.03570182265968988
0.0,0.0,0.0,-0.024554191655064738,-0.007918824798123336,0.02769963758688311,-0.05187926822773561,-0.02487101005966797,0.0429394930069978,-0.0860264178993074,-0.04044757973160017,0.04808799318255184,-0.12101752265500619,-0.05069804999112204,0.049793338081278594,-0.09802061539221302,2.765606761524433e-18,0.025435781057379682,-0.12485159435948281,-0.015730604414932448,0.033877302563960786,-0.1305011293327452,-0.03182328629851581,0.03883159602557899,-0.1238745205989532,-0.06949769397057974,0.04355802566897501,-0.09970309588497794,2.609936948227675e-18,-2.634504390920727e-19,-0.14380391890617392,0.005362385748914167,0.005363741108260782,-0.17323236520947705,-0.003457193511378138,0.006137254298654514,-0.20277198646800665,-0.019489667069628007,0.013247888571948802,-0.09904046954166033,-0.008299701359202853,-0.01681933238660105,-0.13473059725884998,-0.0032621053703775662,-0.020546551801604574,-0.16120188346616376,-0.009586800746006903,-0.019057671538316123,-0.18780194545445453,-0.022714343518611544,-0.014112644006634348,-0.08435880085658436,-0.017625464436925593,-0.03375588796036319,-0.1099126807988748,-0.014309283315056643,-0.03736545211349452,-0.13623851585355598,-0.015242588493814022,-0.03909007500851202,-0.15589115085945746,-0.023805437282554034,-0.035923873516451044
0.0,0.0,0.0,-0.024142229353344542,-0.007540296269605372,0.027973472083867346,-0.05163591140164312,-0.022840636516212917,0.044177489499989286,-0.08555993449708352,-0.03700967368062343,0.0502110433468507,-0.11946173029863806,-0.04581379805788157,0.052803458865384366,-0.09719322982130146,8.712111943885591e-18,0.02517190502750115,-0.12372424397275897,-0.01514843382339186,0.03352440859620228,-0.1301751851517296,-0.030341523914098383,0.038712815919391366,-0.12474652367675974,-0.06701189736555822,0.043943970032431105,-0.09864035300942482,3.773042510971003e-18,-2.2838884338977664e-18,-0.14278001382465194,0.0045327525216980885,0.004745409084671967,-0.17199770271223563,-0.004219164125303018,0.005434231448936926,-0.20106269078149652,-0.019739286989970965,0.012108139645523243,-0.09814720657635533,-0.008361061965168247,-0.01691219159855931,-0.13336249974633405,-0.004167772763320275,-0.02055526229885035,-0.1598189573322824,-0.010754358614574515,-0.01888162497610619,-0.18590708993481997,-0.023573347965765386,-0.014232233920283577,-0.08346938932900456,-0.017722191206328994,-0.033238203277298414,-0.10858784663150572,-0.014920426775917862,-0.036959574908336776,-0.13439441931178223,-0.01640715362517614,-0.038481031286317705,-0.15383839339984043,-0.025058610144176797,-0.035807846352434974
0.0,0.0,0.0,-0.023804501736868267,-0.007195286109225367,0.027656424773353713,-0.049943114484637965,-0.02032011702428566,0.045010519084345016,-0.0818115730780147,-0.032271289608600144,0.053309538502665496,-0.11161741894890875,-0.03922465743071867,0.05835676302953867,-0.09614257851482416,6.2046998136715755e-18,0.02443030442129486,-0.12160325326853863,-0.014524231033251128,0.03190761633969624,-0.13049191892461404,-0.027235721431920223,0.036474170856879956,-0.1300015621284398,-0.06019728934227714,0.040308636606589475,-0.09786603592275434,5.490243657782379e-18,-9.492062895893057e-19,-0.14115514988938094,0.0011715259931744022,0.00470457172574091,-0.16942682509942963,-0.008635179911610296,0.005069823725580996,-0.19726356335526446,-0.02354531901656468,0.010915872076713348,-0.09667376757179613,-0.009085418704122586,-0.016740226983115714,-0.13165042359396922,-0.007818401567954754,-0.019670402795427352,-0.15721636498305513,-0.01565848012335642,-0.018022592589032875,-0.18193203408624467,-0.028798088462914043,-0.013880352312159366,-0.08221596392760776,-0.018713831401470638,-0.0327237108793994,-0.10676658588910541,-0.017383305088620855,-0.03626174782097689,-0.13152617149916718,-0.019977879976680685,-0.03757839461839824,-0.15100574992038265,-0.029227651415567896,-0.03538540947133025
0.0,0.0,0.0,-0.023656453218473074,-0.007047930946497932,0.02744350876611803,-0.049061540700285615,-0.01871955591612535,0.04572444257490119,-0.07967171654183107,-0.029153260721994905,0.05566962716153172,-0.10672232861252993,-0.03471159168807791,0.06252899873206816,-0.0956653559668158,1.1370924046800997e-17,0.023949006774431552,-0.12043141350265334,-0.014150097972201467,0.030844208950992002,-0.1312654704410673,-0.025424829020433755,0.035061617518459355,-0.13432652414712445,-0.05624031775746779,0.03807145007011325,-0.09754668175607394,1.1285142748933647e-17,-1.3013326613274128e-18,-0.14011618477460355,-0.001293307330509679,0.004545337540001513,-0.1676790207696296,-0.011942574568121807,0.0046496132409887475,-0.1947024845205523,-0.02648537124718818,0.009895347847845374,-0.09573136214485665,-0.009540924150993956,-0.01671037777201828,-0.13043870481797543,-0.010438581786659084,-0.019266013218821657,-0.15527932431071728,-0.019151417012992226,-0.017692002503683035,-0.17905599442125425,-0.03257633214553282,-0.013984961289146834,-0.08128461097622951,-0.01935708751800958,-0.03252635251428928,-0.10540205874927154,-0.019078865223267755,-0.03598463882239292,-0.12940218664469386,-0.022487762282071184,-0.037217721386124135,-0.1488455338459445,-0.03221381270312231,-0.035452676555175984
0.0,0.0,0.0,-0.024126328309333377,-0.006405035860089428,0.026893977894703863,-0.04886144368377,-0.01642280073781339,0.04656910131215533,-0.0779449286883573,-0.024020338063325514,0.058958325351310445,-0.10310131395920502,-0.027561640910896537,0.06837845210074175,-0.09579781538782216,-9.869954371899616e-18,0.02342653800082912,-0.12209623268295512,-0.011407638931134301,0.030160444202503606,-0.1358762932574736,-0.020795149056142603,0.034296762538541005,-0.14352636698557292,-0.049096449493837124,0.036758649060767465,-0.0978001571226535,-9.419368965787034e-18,-1.2533835005912183e-18,-0.13944929264918926,-0.001982146818840271,0.00439768982590205,-0.16642168093972612,-0.012436600447868115,0.004002357835773492,-0.19295292347752688,-0.026248716083506447,0.008831567971237976,-0.09546678735533587,-0.009512662045666965,-0.016525354032646766,-0.12948412914107651,-0.011422930476454391,-0.018764582199463666,-0.15440993955796448,-0.020124099795062664,-0.017770224473260942,-0.17772819589282515,-0.03295799769306837,-0.014006896988352145,-0.08089375390850137,-0.019431474044504335,-0.03206963776973812,-0.10481085080867257,-0.019278131025958697,-0.03551429788735605,-0.12778953568005547,-0.022922106889149935,-0.03708835479076527,-0.14783927478606423,-0.031836094323417864,-0.03524443974626548
0.0,0.0,0.0,-0.024910698414911187,-0.006013664709743366,0.025991239991841452,-0.04893391613938742,-0.014274773793706785,0.04661364181191181,-0.07610565536631167,-0.018467435291990887,0.06162826791868527,-0.0993128519511458,-0.01914458430978831,0.0733730845050827,-0.09660456053919848,-6.418943183487461e-18,0.022625838144963124,-0.12428240783534068,-0.008579674623617056,0.029227105346816107,-0.1404759898758894,-0.015838925885671956,0.033370912782381176,-0.15216399973401554,-0.04106644313222297,0.03525833837773484,-0.098320670685413,-5.983438358335427e-18,1.3646435189226191e-18,-0.13908816031649507,-0.002086979258487678,0.004078726697237725,-0.1654646381064512,-0.011900945047559097,0.0026808451939301656,-0.19145968551941736,-0.024690174772052792,0.006545788869892498,-0.0954464742215057,-0.00926186232877136,-0.016284601997200263,-0.12870996216017083,-0.011837479630551644,-0.018671575370325457,-0.15360237578233968,-0.020482041969501045,-0.01869112374201012,-0.17650938811493708,-0.031841157149475406,-0.015399511637225248,-0.08064880974736655,-0.0188504794818151,-0.0315642770221747,-0.104395485678688,-0.018735904370503282,-0.03502395998718861,-0.12654051216027293,-0.022464548442613926,-0.037112332708276935,-0.14674284695502285,-0.030212185156715397,-0.03539039758886892
0.0,0.0,0.0,-0.025370534160746312,-0.005693848136763472,0.025247785865187243,-0.048325712559064704,-0.012650844133293612,0.0467988192690168,-0.07370369872169799,-0.01440804322304099,0.06403530532940843,-0.09482126688735604,-0.012963755289478556,0.07767505158955522,-0.09701531114612605,-5.504464524341049e-18,0.021972264607613576,-0.12532223605996698,-0.006666699753304607,0.028771964075883446,-0.14313835387402657,-0.012431841018604577,0.03314063940287956,-0.15725731797987338,-0.0359127979930075,0.03453918084687867,-0.09856637288397781,-3.0986005714725864e-18,1.2223315636187043e-18,-0.1387227077691753,-0.0025443284952721694,0.003819393154761061,-0.1645514938417977,-0.01206489000468863,0.0019330929324150653,-0.18997420301963505,-0.024159915199951587,0.005195734511000316,-0.09534701521826446,-0.009185798270895683,-0.016156361492964604,-0.12799064056903028,-0.012616604645500238,-0.01845689741763465,-0.15283630801650078,-0.021227849174886067,-0.01920872507265578,-0.17516579690192663,-0.031664269939708826,-0.01630264488876068,-0.08032222906802086,-0.018582791908556787,-0.03117107441921321,-0.10386337928454857,-0.018655048317353238,-0.03453485883927836,-0.1254807976900271,-0.022605395376403777,-0.03701818387475533,-0.14570091822371006,-0.029433136003414996,-0.03541370024281006
0.0,0.0,0.0,-0.025935106798412447,-0.005561966429830933,0.0247486392634196,-0.04826002683186409,-0.01119200849009989,0.04684199298089759,-0.07214636567264879,-0.011274818978466076,0.0657497636003725,-0.0918172584173012,-0.008430439829736602,0.08076396575324549,-0.0966810404133987,-1.1573405608455352e-18,0.021213114018391804,-0.12543386182761374,-0.004858402789417114,0.028182092146908807,-0.14413229626684415,-0.00857671807700933,0.032460111036926004,-0.1597606554130189,-0.028966985541042555,0.03326117209123709,-0.09808007942655528,-3.7163955996696784e-18,5.124685315492587e-19,-0.13744167470540827,-0.0017719446126975992,0.0034210913561234487,-0.16285460771528812,-0.009732861790974637,0.0005542582972932635,-0.1875452584943138,-0.01939771197597666,0.0033513542196078887,-0.09454227169600674,-0.008626746969535465,-0.015889779969489575,-0.12676079454295092,-0.011602916468678295,-0.018507586487630023,-0.1512467823966084,-0.018954017446726663,-0.020247244079713848,-0.1731906341118679,-0.027064799262604734,-0.017579007709111555,-0.07971953575085147,-0.017438490234939076,-0.030779219660088983,-0.10291239531493263,-0.016905518273247117,-0.03442723630415398,-0.12400458211040297,-0.01973809187294277,-0.037272299867392986,-0.14386958514639006,-0.025226424014046067,-0.035665979388364445
0.0,0.0,0.0,-0.026288622412904868,-0.005748186180269325,0.024534817900844823,-0.04805449666215276,-0.010805518002276642,0.04723479134837344,-0.07107295592480999,-0.010126457374148403,0.06726026241312677,-0.08988982428203109,-0.006663851440469796,0.08329949825419414,-0.09658802745043293,7.219674049415694e-18,0.020894979851753325,-0.1256425859032157,-0.003759580820782329,0.02790276974981798,-0.14510550091482335,-0.006552123854609717,0.03214608096026659,-0.161636185333258,-0.025441632140569843,0.03252293601623018,-0.09799065321749105,2.2026908904873813e-18,-9.573312926803392e-19,-0.1369432306130657,-0.0014536071710460647,0.003084663590058859,-0.1620035958177004,-0.008816045420347971,-0.0004788968103735334,-0.18631470839378853,-0.017492940075665323,0.0019162263902064724,-0.09426192436837227,-0.008415940500235742,-0.015831922603415996,-0.12633654063854668,-0.011338135627261414,-0.018700747763127003,-0.1506536352785567,-0.018235741632272415,-0.02099298512296941,-0.17234697013494704,-0.025341262358996003,-0.018429278440840344,-0.07948837676171312,-0.016970385556781528,-0.030644077827869348,-0.10246783085577296,-0.01618654448422412,-0.034457522007050725,-0.12328631705741737,-0.018485797306119107,-0.037429836239438144,-0.14318152521992047,-0.023383215578144854,-0.03580886700758796
0.0,0.0,0.0,-0.02657732114454557,-0.005926297056676911,0.024404147675524016,-0.047945068370160375,-0.010502818799307204,0.047490239198924165,-0.07037463944091264,-0.009236573508450996,0.06837203471989016,-0.08850243731049935,-0.005204755323798085,0.08513803953304262,-0.096710076906788,2.2088581818586817e-18,0.020692610948066965,-0.12595614160878127,-0.0031178566098678195,0.027743143780345765,-0.14591688483161808,-0.005317082022214243,0.031941995736950175,-0.1629404891984015,-0.02347925675035282,0.03200458320603341,-0.09807381640721563,1.6312922035492509e-18,4.511484639162396e-19,-0.13675567627761478,-0.0014639594336738203,0.0027768655319318405,-0.16156331896658607,-0.00862038579227452,-0.001243412097826152,-0.18553452026155837,-0.016719393835060357,0.0009022548370192558,-0.09414300254108102,-0.008320469092720271,-0.015855113455663667,-0.12612509651792236,-0.011316837753298834,-0.018929391839141815,-0.1502742439022691,-0.018072861377926717,-0.021638868809147862,-0.17175474675678112,-0.024660099476585935,-0.019165389535795913,-0.07932317141255271,-0.016710037670783443,-0.030641653781602787,-0.10220024609220829,-0.01579479478064728,-0.034594543636813795,-0.12284994237171877,-0.017828040442453834,-0.03768762589767628,-0.14266946107865158,-0.022404259283076707,-0.03604583845776143
0.0,0.0,0.0,-0.026640114261781183,-0.005917729504481101,0.0240584535987144,-0.047473274200277533,-0.009989532119331138,0.04765660380890566,-0.06898927475217291,-0.008080576309723256,0.06929959234311084,-0.08662226666676086,-0.0036035608107024995,0.08676298048080668,-0.09626579151338428,1.0510305451731143e-17,0.02030559058952646,-0.1253747554855756,-0.0026011273042270354,0.02771806671022291,-0.14566445369025663,-0.004453683952327811,0.03210142424552116,-0.1630250081905076,-0.021879232393386683,0.03198095458633799,-0.09774208305077212,1.1561633231134385e-17,2.03449577407388e-18,-0.1359571227630711,-0.0013331360425572051,0.003020323241179895,-0.16054079288838327,-0.00822589555539274,-0.0013689305069165187,-0.18429111033233936,-0.01583551510807401,0.0007381595635897007,-0.0938360208917426,-0.0081750525709467,-0.015566781455965698,-0.12537578714781647,-0.011383663047984306,-0.01850604575552544,-0.1494252274551608,-0.017920465525000342,-0.0216545378138896,-0.17073241098762446,-0.024002126047345834,-0.019256683229776417,-0.07895518635224827,-0.016333509458009703,-0.030264117213231058,-0.10149189737377103,-0.015474125111844372,-0.034018134743580675,-0.12211439522162414,-0.017399853829413937,-0.03729533652254539,-0.14187184613692944,-0.021688800969527675,-0.03563541637460958
0.0,0.0,0.0,-0.026657790985973047,-0.006005731441575808,0.023930493083678988,-0.04727658766650146,-0.009832396190210308,0.04776972468588334,-0.0683310586981552,-0.007367466713589783,0.06995431569491997,-0.08566439950634111,-0.0025882315430158904,0.08757021139232486,-0.09666832828920893,8.680106196681592e-18,0.020282958448238405,-0.1259352367931313,-0.0024788478260609043,0.027834700472715256,-0.14625634610015803,-0.004460141689639773,0.032295072072017324,-0.16389719191352778,-0.022278709256834152,0.03234920090525629,-0.09812014857999667,6.963087005045118e-18,7.914308571450373e-19,-0.1362525620955975,-0.001721308650566014,0.0029764779907366736,-0.16085956685014646,-0.008990194676899326,-0.0012879627491426781,-0.18434594704602453,-0.01677267983251126,0.000764229433536298,-0.0940771541689722,-0.008154793430674824,-0.015545085418876052,-0.12561663248454677,-0.011795012244309176,-0.018364771992548413,-0.14962205627451627,-0.018677563040196497,-0.02155228741718966,-0.17079119470528728,-0.024993030342871942,-0.019121026139395876,-0.07902927511758351,-0.016283736283489034,-0.03031466644204961,-0.10167915788373869,-0.01579013574538438,-0.03400667979545018,-0.12228562799406276,-0.018108176806329247,-0.03726080332820752,-0.14181711830749882,-0.022354005141134958,-0.035514942796492
0.0,0.0,0.0,-0.026540041878412406,-0.0061646543090736975,0.024021378013591447,-0.0470310683421639,-0.009885190438934904,0.048152238389925175,-0.06776173212684415,-0.006877283500561425,0.07067912631288978,-0.08511189043187121,-0.002019871069473723,0.08838546242114326,-0.09695625160880862,-7.337959709701378e-19,0.020476585771587938,-0.1263377845321318,-0.0024970097822860646,0.028088828093266485,-0.14673609085155237,-0.004836703206121786,0.03248487400552106,-0.1644231881199667,-0.02340396002772495,0.032669531999209814,-0.09844325367104159,-5.100258739532519e-19,-5.3701188004667225e-19,-0.13654893747005822,-0.0022302687906153107,0.0029195917537980912,-0.16123138994879385,-0.010135766401362751,-0.001072519898134992,-0.18453601996833574,-0.01843088197829954,0.0009381531724160334,-0.09418997045355704,-0.008185040862911691,-0.015613545443076393,-0.1258372537768832,-0.012398022552383155,-0.01832762696046688,-0.14988066941995717,-0.01988432476882718,-0.021420643635410814,-0.17094170775978987,-0.02674249085398664,-0.018966759067647495,-0.0790070133280272,-0.01639185195949021,-0.030444866229455476,-0.10175699936795385,-0.01634828493033764,-0.034115260781832094,-0.12235073589862791,-0.019224412150856296,-0.03724775984541541,-0.1418217282712832,-0.0237660456123374,-0.035405984210979395
0.0,0.0,0.0,-0.026479518734874412,-0.006327114068153264,0.024180404768438198,-0.046917078800847785,-0.009953760624413815,0.04849367914065622,-0.06765877320594613,-0.006470059390428588,0.0713152619720611,-0.084923660308486,-0.001275719423861367,0.08901358384226046,-0.09745829089515741,-3.912320398100067e-18,0.020770661399504568,-0.12702715862931457,-0.0026799552957761604,0.028197357842614592,-0.14756531557172073,-0.005460411276196529,0.032467491185286454,-0.16508202783559084,-0.024883646767168408,0.032672425393242034,-0.09895906903517762,-2.709018330960496e-18,-1.7720199549304235e-19,-0.13714984649518044,-0.003016913792165597,0.002683613791586433,-0.1617428011695503,-0.01161107405911321,-0.0011032126389500744,-0.1849390282171979,-0.02039673348705436,0.0009241727150921894,-0.09442703013456598,-0.008399340188160883,-0.015782574984644155,-0.12619259846733322,-0.013249911891915043,-0.01857530789581041,-0.15020030464476766,-0.02133219790958595,-0.021573245996442097,-0.17115191423347534,-0.02890447229599382,-0.019179574080888644,-0.07902411980011456,-0.016830923154234224,-0.030700427850269142,-0.10193057674647414,-0.01719971487502492,-0.03447876874325701,-0.12249056383564874,-0.020613264526379765,-0.037462987801741836,-0.14190763597576167,-0.02550421929229089,-0.035620116633040357
