x0,y0,z0,x1,y1,z1,x2,y2,z2,x3,y3,z3,x4,y4,z4,x5,y5,z5,x6,y6,z6,x7,y7,z7,x8,y8,z8,x9,y9,z9,x10,y10,z10,x11,y11,z11,x12,y12,z12,x13,y13,z13,x14,y14,z14,x15,y15,z15,x16,y16,z16,x17,y17,z17,x18,y18,z18,x19,y19,z19,x20,y20,z20
0.0,0.0,0.0,-0.028651837751582258,-0.005805459107129495,0.025750737999876327,-0.052112897962653566,-0.012812585425206743,0.0485703920014906,-0.07806079490441736,-0.017876040775656774,0.0646362538601162,-0.10326082163667971,-0.01980738566595261,0.07535276010285717,-0.09985530154178708,1.3024050871888144e-17,0.021068292217610765,-0.13066838409873957,-0.00027416576492592006,0.027304147346413496,-0.15266285007742814,-0.0017225263021499373,0.031073498383296372,-0.17236474669298002,-0.019492737656448704,0.03272186334954816,-0.10089113761312718,1.0651678005028337e-17,-2.6771879532333176e-19,-0.13988988602147254,0.0006031015364750215,0.0024134672592407785,-0.16650971573133708,-0.00826121583627134,-0.0015081792410510644,-0.19254060558763467,-0.017368448578522943,0.0017080063033102653,-0.09677868069282872,-0.008862456145472082,-0.014667374276347187,-0.13010467394804645,-0.010569697858742443,-0.018182731375584658,-0.15508029279865096,-0.019199673592451127,-0.019526610537989212,-0.17917696912226358,-0.029301875081445876,-0.01708048650203288,-0.08184530441350456,-0.018937349503323386,-0.02925801779044365,-0.10489907236523055,-0.016619152465734054,-0.034319907739403445,-0.12652308597408807,-0.020080035462428016,-0.03799244780048846,-0.14814571373177637,-0.027147276572734177,-0.03707442426368429
0.0,0.0,0.0,-0.028591776792248492,-0.00593362245589709,0.02583698317225893,-0.05181883645664784,-0.01303791784875488,0.0488272933057992,-0.07762777715721167,-0.017812966630892164,0.06492230224163507,-0.10297752448318515,-0.019809594877290844,0.0755348565874381,-0.09982676353849625,3.615312032870003e-18,0.02117130989893909,-0.13056370868531156,-0.0004638901375025987,0.027466618826078634,-0.1525669595250022,-0.0022122745587050477,0.031233089243134716,-0.17196043156302745,-0.020491397645073673,0.032934966569685135,-0.10079000826901857,3.0675629057059508e-18,-8.500554652125691e-19,-0.13971660820743126,0.0003201243623032083,0.0025679459956881793,-0.16628743915025748,-0.008894944070721512,-0.001302719648187641,-0.19227094449099633,-0.018652218825754255,0.0019277797418396107,-0.09664911705029802,-0.009020417194127104,-0.014632521096688727,-0.12997687639246497,-0.010980565732923145,-0.018054978808887984,-0.15499674553233347,-0.01998752587643398,-0.01933725379404556,-0.1788712706506611,-0.030655909722036752,-0.016861085269268675,-0.08166904288910722,-0.019246074186401046,-0.029203459472353064,-0.104760685743255,-0.016886031679332076,-0.03416178282272955,-0.12646421625626042,-0.020428771590367333,-0.037795221240349924,-0.14793014320265804,-0.027842543511515397,-0.03683880644657587
0.0,0.0,0.0,-0.028825396715851055,-0.006488615090111253,0.024948129831304577,-0.05121883641170765,-0.013918285379380751,0.048098010805395115,-0.0759628968220545,-0.0179828095999753,0.06443372778366147,-0.1012087094162601,-0.020581080632800165,0.07599773226830904,-0.09939313152836327,1.5880525557076688e-17,0.020221837365120777,-0.12882253238213884,-0.0011111567778818226,0.027662811761393482,-0.15126903582250734,-0.003357807982142077,0.031796938800451396,-0.1704072284926532,-0.020833289084711708,0.032837612176631635,-0.10066423507440514,1.6656766474653533e-17,-1.4442399787247227e-18,-0.13865945776259103,-0.00030757452678671816,0.003440576461306302,-0.16502953911482363,-0.009750079760683433,-0.0012364893163116207,-0.1909823749000151,-0.019279260945206253,0.001167884832610424,-0.09650308228669931,-0.009090355821212062,-0.013977201703317418,-0.12929345497485087,-0.011702559153694378,-0.017568447885684235,-0.15397947511108587,-0.02065610824145216,-0.019274044685354746,-0.1779384396377973,-0.0314462707691477,-0.017885336396791338,-0.08132305602304656,-0.018895927228983377,-0.028421139169941552,-0.10388866267025972,-0.01667291275212821,-0.03297530225319845,-0.12611283124176476,-0.02022016398923694,-0.03713166004131546,-0.14857217342791793,-0.027850878811217967,-0.036733703642689484
0.0,0.0,0.0,-0.028953813953361298,-0.006225502001336924,0.025714916185875597,-0.05137522987412088,-0.013594917254339745,0.04863182190261822,-0.07705257266166142,-0.017731472212864897,0.06486717354248175,-0.10272873448330466,-0.019817777658493643,0.07594814704143174,-0.10029703329171584,-8.467096023528534e-18,0.020851509324604986,-0.13078597164189174,-0.0009522096014857632,0.02760971267342051,-0.1529413572606095,-0.0030832885359662527,0.031341323863758874,-0.1719077366846906,-0.021063763364467983,0.032205321378648157,-0.10134780994624908,-9.426113871182393e-18,-9.546814049913388e-19,-0.13995950013884578,1.86103931855265e-05,0.003041257935524982,-0.16635472993335498,-0.009583650067762992,-0.0015883693110535888,-0.1920356936654454,-0.019274916897434515,0.0012554027225577834,-0.09719786549617838,-0.009271888770088811,-0.014295829238114004,-0.13028575811687151,-0.011632123336454268,-0.017984825597030452,-0.15511062988266283,-0.020999044125133755,-0.019703528021356595,-0.17851201926684598,-0.032053293119269,-0.017607636075842217,-0.08197561529260433,-0.01957504067944157,-0.028867444895228,-0.10456343285718796,-0.017374548866312862,-0.03363017780542629,-0.12658303912931043,-0.02100982903955144,-0.037642890402995365,-0.14835777526093644,-0.028918152698920504,-0.036821477677402105
0.0,0.0,0.0,-0.028722991874253707,-0.0060553927745288436,0.02550539701021057,-0.051372410156931995,-0.013797950782654153,0.048207192056618414,-0.07666295499027999,-0.018251307038711737,0.06475302591823898,-0.10226511534826338,-0.020647208534955507,0.07561434016351318,-0.09990601379290182,1.746737757386257e-18,0.02077360737743755,-0.13029727804415447,-0.0009655860164133469,0.02749172654117026,-0.15236182288238137,-0.0030496053301709938,0.03154624605778794,-0.171575077303834,-0.020929022137277677,0.03269107830105279,-0.10083551555032633,1.7891347187369034e-18,1.3636081832965523e-18,-0.13970229868274986,-6.5757429514604e-05,0.003058932603007424,-0.16600514136654915,-0.009439351320030771,-0.0014432974920573654,-0.1920513709892847,-0.019108186615125027,0.0015875699123878233,-0.09692451518657744,-0.009054338865245674,-0.014213655943105096,-0.12985713272576715,-0.011400832843307717,-0.01774078944331486,-0.1547844898014749,-0.0203624692763451,-0.019457978653163687,-0.17852782044286497,-0.031605360111152205,-0.017454557367696893,-0.08177246745785519,-0.01915638473870105,-0.028829583299085908,-0.10458104643669232,-0.017049547331795832,-0.0337433824722945,-0.12647480444385112,-0.02048958354134974,-0.037496179019261666,-0.14811840022047634,-0.028234565533148678,-0.036926954088746994
0.0,0.0,0.0,-0.028571556602027405,-0.006100099983584917,0.0257850828588717,-0.051573756359751755,-0.013646087191438755,0.04863521684831735,-0.0772151368735807,-0.01845129526597461,0.06463241888764167,-0.10283516402051433,-0.02064780806311175,0.0749020308836423,-0.09971695308277262,-4.6545201812247804e-18,0.021129116966198496,-0.13056998328320243,-0.0008432001482035269,0.02735542747410876,-0.15240193661790208,-0.0028317832355902106,0.03123944194501267,-0.17167376095666614,-0.021081477250086588,0.032839727324164195,-0.10076828095359797,-6.938256095956162e-18,-3.699632239574245e-19,-0.13971394075410426,0.00031439729718597576,0.002762473203316545,-0.1663519567036249,-0.0089593214281932,-0.0012713027925900363,-0.19239821481263852,-0.018437792208680817,0.0020792089769348264,-0.09674165487523906,-0.008866809150177594,-0.014561612267783052,-0.12993784658990534,-0.010827958864064484,-0.018007297320415453,-0.15501298782544923,-0.019650272540870713,-0.01922632785672387,-0.17909617814147524,-0.030455240621558077,-0.01661030369795966,-0.08182017848196435,-0.019001875153678786,-0.029156619694323448,-0.10477527866847298,-0.01679378773308683,-0.034359972854013654,-0.1263411002044282,-0.020058196332363727,-0.03776737999910458,-0.1479019527986799,-0.027747147864600648,-0.03690552548404376
0.0,0.0,0.0,-0.028820506120789034,-0.00635027175246235,0.02577958601299387,-0.05147996544139217,-0.013538592081846476,0.04867012033480254,-0.07675615166348006,-0.017294141925620406,0.06493241506845072,-0.102260424389471,-0.018746910166868545,0.07625274860049493,-0.09994789123974555,8.86094261425796e-18,0.021043574026179675,-0.13068979954795812,-0.0013885858862466992,0.027546264028449643,-0.15258436046884685,-0.0038430905841144347,0.03164847164850666,-0.17161788748279844,-0.022238395277749252,0.032971386766590095,-0.10104347674674928,1.2137718005044778e-17,-1.4107364755793343e-18,-0.13997902094993556,-0.00029410321898146695,0.0030806648807070896,-0.16639617805823922,-0.010545140873649739,-0.0012108381169762131,-0.19225797857635318,-0.020690583075376023,0.0020707943681320183,-0.09682975847003641,-0.009228659229937595,-0.01406897259860382,-0.13017046560042053,-0.012096983748012264,-0.017957239943708465,-0.15503580116834828,-0.021416654435992985,-0.019283004410764696,-0.1785225479548864,-0.03263459040200674,-0.016794266945420088,-0.08186749414902883,-0.019437174756577927,-0.028730898145823358,-0.10470817375788088,-0.017568736007452176,-0.03362224612882296,-0.12647985872330378,-0.02095470194449865,-0.037356318233772244,-0.1481362670906784,-0.0290469998710676,-0.03630348591309815
0.0,0.0,0.0,-0.028696539474096883,-0.006245336792572253,0.025730412441345798,-0.051379460269164255,-0.013579182090194705,0.04861541549465711,-0.07670756545889693,-0.01751744119529665,0.06469525039603911,-0.10230423085520284,-0.019294011040736796,0.07578825545317078,-0.10009113750974218,4.897467159637091e-18,0.021122219776085645,-0.13071809538799245,-0.0011892181093333103,0.02760433646694806,-0.15265033105396802,-0.0034496003564966466,0.03163925923158771,-0.1717112954292739,-0.021741013966282453,0.0330436804611553,-0.10102175196788162,3.45828869908058e-18,-4.573539250954627e-19,-0.1399679617886654,-0.0003340269728037135,0.0030666525218940167,-0.16634631799416036,-0.010280632248763596,-0.0010830573918351122,-0.19218561007103963,-0.0203435403485132,0.0019157693609981295,-0.09691663496227781,-0.009298296232009068,-0.014208376824553167,-0.1300771225106688,-0.011986370952696982,-0.0178538759095714,-0.15509265505746667,-0.021241233454392463,-0.019034236152260225,-0.17856864901688277,-0.03228848948383872,-0.01693131915880163,-0.08182281543411088,-0.019586120396816925,-0.028741691652144997,-0.10463184961136869,-0.017706263075402403,-0.0335959790678549,-0.1266239455939354,-0.021121715492540036,-0.03731486373534073,-0.1482414029456104,-0.029288673971233706,-0.03637980366013124
0.0,0.0,0.0,-0.02844735577438554,-0.006413905339779452,0.02604599201603523,-0.05150762775946746,-0.013364624516625538,0.04884509837641009,-0.07727082281854472,-0.01773131932169097,0.06472921899955211,-0.10263969479551036,-0.019492175517437853,0.074784475895343,-0.09950794140257634,-2.423641004237961e-18,0.021302461180285618,-0.13048643931276288,-0.0010205374010126736,0.02742479535685582,-0.1522347018705352,-0.0031296847223716007,0.03133391668562851,-0.17154564966936303,-0.02155362749590048,0.03293064864946256,-0.10061764208124525,1.3650244069781226e-18,3.0596899040332477e-19,-0.13962770012150344,0.00021930741899151772,0.0025645817975923487,-0.16631489701026983,-0.009335496460962395,-0.001173009070886805,-0.19237694243993358,-0.019201355110505452,0.00191937593778603,-0.09644633551032075,-0.009014327822709941,-0.014643633635514615,-0.12988577510004937,-0.011265295537681266,-0.01810880236707809,-0.15482702962862757,-0.020309805161504494,-0.01916856625910359,-0.17858312890428604,-0.031105591990809943,-0.016392241056376298,-0.08162051943191603,-0.019351577525779044,-0.029109932351277214,-0.10471079573451234,-0.01729065568274036,-0.034154413376507826,-0.1262424606095435,-0.0205193742635918,-0.037561455272993934,-0.1476692893822853,-0.028464408981547885,-0.036481405684984224
0.0,0.0,0.0,-0.028703397851305986,-0.006507246294133399,0.026360474247820703,-0.051647779370874676,-0.013171562492959822,0.04925283141452861,-0.07730877144326713,-0.017025920856630385,0.06503761552875738,-0.10235061168451422,-0.018166976634346917,0.07588448054733103,-0.09988364771107298,-1.0926576127070215e-18,0.0214038406082512,-0.1309523167566861,-0.001294569920011478,0.027393646955349682,-0.1529328617985914,-0.003553852646731347,0.03131513606091834,-0.1719598213513511,-0.022233341579184673,0.03300257532733188,-0.10107350710832198,8.674819893699534e-19,4.342195962175211e-19,-0.14010848967413428,-0.0004050572592126611,0.002424888365176969,-0.1666758184339464,-0.010791363472148928,-0.0012691918322925426,-0.19242931306333821,-0.021198000432343142,0.0019519582935046387,-0.09648201042915688,-0.009242043773041643,-0.01465418765303041,-0.1302652668751882,-0.012193302755910457,-0.018355252424684703,-0.1548614386633545,-0.02189277540448332,-0.019078240372561,-0.17836849548036782,-0.03327274654794504,-0.01624836440690264,-0.0816827563904749,-0.019695089584215984,-0.029110224714456453,-0.10495369432192099,-0.017832506346128128,-0.03415910989903126,-0.12636926573193263,-0.021359605119663564,-0.037534272244783805,-0.14805927000758096,-0.029521216922990784,-0.03611008506954544
0.0,0.0,0.0,-0.028555568689483776,-0.0068509271196355295,0.026464237042888188,-0.05239670952169909,-0.01438170758380534,0.049497470768580215,-0.0789775424711116,-0.020162660981436514,0.06411736981594225,-0.10411607081256559,-0.022570142402403296,0.07470304703414019,-0.1005825474099446,5.174745959180685e-18,0.021827097416441357,-0.13194936981141278,-0.001201897446553825,0.02719728106644666,-0.15431555554309215,-0.002954575564072419,0.03023645849303736,-0.17376903205229088,-0.022460804028829783,0.03132520332621158,-0.10184038835746977,5.475788416952009e-18,-8.505773127815135e-19,-0.14106102784958074,-0.00021560341691615587,0.0016407728893596068,-0.16791785887254784,-0.009381862272036934,-0.0020663382823520498,-0.1937994130142587,-0.018942758326573318,0.0013007702844069007,-0.09697411113626862,-0.00923553135574899,-0.015375270880945072,-0.1312438557492424,-0.011339811505576022,-0.019282232883067456,-0.1556547858470175,-0.02005827513509338,-0.019846068608685652,-0.179544299238674,-0.03013906015626585,-0.016912241743954594,-0.08220907671412664,-0.019601539061977966,-0.030216008151394847,-0.10590551472336251,-0.01745837872647312,-0.03522136049460655,-0.12731966150351376,-0.02027265167889007,-0.03832868426742786,-0.14907864415006675,-0.027521623662939754,-0.03686270181950095
0.0,0.0,0.0,-0.028375730785329168,-0.006370401029722102,0.02698943369881579,-0.05193234509332642,-0.013073578274966012,0.04994051828261277,-0.07756788001255076,-0.017950806792051303,0.06484651911025323,-0.10187401320201527,-0.019302671589528652,0.07494783252864705,-0.10016489221392283,4.755755766166637e-19,0.022019519741852293,-0.1316341738970482,-0.0014735373444274382,0.02756091967062994,-0.15385439966112172,-0.00411254657982215,0.030879749640392428,-0.17275824940233214,-0.02486729757619255,0.03193845736065003,-0.10159268621132374,-3.8642948189651425e-19,-4.697233642557305e-19,-0.14053312190767708,-0.001198514873936106,0.0018205229726773022,-0.16765549742612407,-0.01155297338225276,-0.0014978820219079267,-0.19297853126818584,-0.021868209568039556,0.0023500838091375644,-0.09647987739746591,-0.00931248652087843,-0.01523915971178457,-0.13105746707618632,-0.012201542337082713,-0.018918504350793848,-0.15498110587712635,-0.02227106319198254,-0.019172047197010152,-0.1787308093110982,-0.03355047089917296,-0.015902243372371155,-0.08198383259764393,-0.020020353582122553,-0.03025713626291488,-0.10553249054057044,-0.018801564378717245,-0.03517968725623989,-0.12688097792492545,-0.02199025806349125,-0.03799680846872752,-0.14869639112552488,-0.02977433576606374,-0.0363269939934583
0.0,0.0,0.0,-0.02761271583890508,-0.005438177001401789,0.026430337021303374,-0.05099558524687398,-0.012729918900881416,0.04886267006185651,-0.07600933583005216,-0.01781048945797737,0.06485601474923121,-0.100560370363714,-0.020293442133834428,0.07517023260523993,-0.09958112491469938,9.06911197288761e-18,0.02199274352184985,-0.13039514663510826,-0.0021504730156580764,0.02766621359657904,-0.15164486939849356,-0.0050468336608729585,0.031698331317648015,-0.17106801556271953,-0.025550385678010844,0.03308202488977944,-0.10045973241320669,6.631207531455879e-18,-1.6483041950706358e-18,-0.1399039124004809,-0.001807556178725547,0.0021256812956096933,-0.16679165734973042,-0.01206121137507432,-0.0007849186384259947,-0.1921323521092077,-0.02186225372062281,0.0030501894243565855,-0.09616746098464757,-0.00933165497840549,-0.015235592492967907,-0.1297801892708429,-0.012601476905248024,-0.018498749377358143,-0.15381239819162545,-0.022061214333605226,-0.019133927833562124,-0.17683704543708445,-0.0332825819014377,-0.015374036574172968,-0.08136697632735772,-0.019616142091658045,-0.030149267101963608,-0.10461130215131731,-0.018961030269391378,-0.03524524396905944,-0.12599707564184812,-0.022515119776874672,-0.037912597886643966,-0.1472645762666395,-0.029702490138242263,-0.03680888822951508
0.0,0.0,0.0,-0.028115748481625114,-0.005612587938769108,0.02650683358193253,-0.05182464208466703,-0.013067590519608268,0.04887520708692641,-0.0771704309094245,-0.018470500592450687,0.06469598039490639,-0.10161070815743442,-0.021241532565096467,0.07501108323442271,-0.1003828125577154,4.51914566333073e-19,0.02208017239379437,-0.13135708755169595,-0.0018121393426313687,0.027460417461450583,-0.15276176583042458,-0.004496267211246787,0.03129608515996303,-0.17244415368263846,-0.024494467381890823,0.03256640773067412,-0.10130610752028842,4.833822745933919e-19,8.26517730689643e-19,-0.1408060330018381,-0.0012740093743334074,0.0017860745476164766,-0.16790206021733267,-0.011098220823661395,-0.0014732779032410614,-0.19358349391000315,-0.02072859522279599,0.0020191089301953356,-0.09687227370482224,-0.009349155644910399,-0.015267284521356173,-0.13075359427496117,-0.012333555786761952,-0.0188802696248139,-0.15490429518784526,-0.021485706018070413,-0.019558267683686823,-0.17826466567832144,-0.0324711399626758,-0.01598943081312842,-0.08195966183752773,-0.019884349646958094,-0.03026525791561068,-0.10550151592946493,-0.018940615504068826,-0.03531678636901829,-0.12694365897651058,-0.022122395418587723,-0.03815148813982469,-0.14852801254598128,-0.029122778340152557,-0.03712435978673161
0.0,0.0,0.0,-0.02730820889835195,-0.005647835366744277,0.026358852723844525,-0.05116946353667952,-0.013852290444344655,0.04916673293401547,-0.07633699874717338,-0.019697616041730048,0.06451631030264209,-0.10117241062588583,-0.0232355242166317,0.07473103370339304,-0.09985081420824435,-1.3178649765151568e-17,0.022284038289447923,-0.1306203105790152,-0.0021781754671216826,0.02761054709452873,-0.1518014790948492,-0.004596744102447183,0.03171008065153161,-0.1714632106382881,-0.02464474546783781,0.03307693721219529,-0.10076170939295434,-1.239483155004631e-17,-9.879908696595982e-19,-0.14052852011421338,-0.0014758065872126332,0.002206080934693834,-0.16738625776228222,-0.011411196324296982,-0.0005895517129483157,-0.19315786069158683,-0.02131697895047898,0.003087012063737871,-0.09670856128982404,-0.009402971173300901,-0.015425544965904592,-0.13013050818651783,-0.012826445745436855,-0.018496914845716892,-0.15460065177958798,-0.021926704068463306,-0.018869036157391605,-0.17770136343062817,-0.0327745533158221,-0.01488481785530864,-0.08179756925256461,-0.01981533937510129,-0.030305812740794906,-0.10515323553241905,-0.01910378307087146,-0.035506189073205234,-0.12662030323503287,-0.02277541272917856,-0.03828524534054723,-0.14807319627632942,-0.030148112241295585,-0.03718053410723437
0.0,0.0,0.0,-0.027253440306594025,-0.005545186447572436,0.02628374704489207,-0.05112343298096856,-0.01385869497320295,0.048892742177148056,-0.07658008726681209,-0.019833462260375422,0.064016022441432,-0.10127288604684914,-0.023424557520628088,0.07417460959217972,-0.09967031059959157,-8.705196162990984e-18,0.022240961011469138,-0.13047054838111416,-0.0023228084901776207,0.027838804033623557,-0.15167249595226553,-0.00483186294975603,0.03181667452341477,-0.17113061545986324,-0.024909610421567915,0.033388056253752026,-0.10074303728681887,-7.972360669178457e-18,-1.9382322276166938e-19,-0.14022856153304203,-0.0015097973313722957,0.002074729942376097,-0.1673914804160427,-0.011097829439321855,-0.0005877082030135082,-0.19322513116390885,-0.02100318357897237,0.0031646288440168027,-0.09651616141701153,-0.009410914252381029,-0.015529052567690382,-0.1302340761648269,-0.012606355414069306,-0.018477174319173388,-0.15451850203283124,-0.021624773598575005,-0.018957468178231008,-0.17783997659790088,-0.03256651062731037,-0.015117243197314683,-0.08161146114587738,-0.01971404281656872,-0.0305253836133383,-0.10501182598860202,-0.0190976713243676,-0.035520463104505136,-0.12654380653134928,-0.02297732606065891,-0.03827067278975116,-0.14802580705347881,-0.029902053465675746,-0.03707274245119663
0.0,0.0,0.0,-0.028146140991176197,-0.006091600697645051,0.027041188691368307,-0.05270207343225842,-0.014216535242462709,0.049580230963633246,-0.07841788099661225,-0.021004954310435718,0.06407125709466872,-0.10298691357682971,-0.023999139726104745,0.07390664295063544,-0.10104521630799282,4.426809352707814e-18,0.0223615086709833,-0.1317642304041186,-0.0024944525922555184,0.027747328014506106,-0.153678983347549,-0.004928531830577659,0.031313399319047044,-0.17333924178685656,-0.02572426778465446,0.032377564413290524,-0.10205710124507067,3.1262922897575153e-18,-1.2641019357475118e-18,-0.14155299190926315,-0.001133549935260047,0.0016940516247685765,-0.1687468823869029,-0.01075731225256209,-0.0014290127996688723,-0.19441306937850383,-0.0211682172293589,0.0024981661407555123,-0.09736656186307029,-0.009288099149346474,-0.015274307732870689,-0.13160244507675495,-0.012000199409177221,-0.018987556213995126,-0.1558325320098658,-0.02191086050153544,-0.01935713889978918,-0.1796656647892224,-0.03351936305364493,-0.015623148431263816,-0.08226727265523126,-0.019674636155949072,-0.030070466990900806,-0.10618095994357044,-0.018960049796414847,-0.03548540810571311,-0.127922395195484,-0.022539558131887478,-0.038047356924087464,-0.14937851718787581,-0.030060406140030513,-0.03658646314554854
0.0,0.0,0.0,-0.028452697212252853,-0.005947722284670686,0.026837349587053156,-0.05310015699290555,-0.01408591753663689,0.04938306070231378,-0.07904527954546652,-0.02068956043818799,0.06369215395191219,-0.10386635514302701,-0.023598159012230724,0.07396046826142226,-0.10052536546095978,1.655515317836447e-17,0.022449230366195,-0.13142805195669188,-0.0019916825297672442,0.027641834960186858,-0.1534831633748523,-0.004768584085922288,0.031247106018409215,-0.17276372393227418,-0.02523938338446552,0.03243845911292252,-0.10160758112323973,1.4109553811736282e-17,9.713242853782543e-19,-0.14088936524377607,-0.0013672706872145156,0.0019226222779984438,-0.16750733424871908,-0.011559174073831443,-0.0013355729170863844,-0.19298198445674933,-0.022051082524895144,0.001966706526713459,-0.0968310099880753,-0.009308049203594836,-0.015095416002330112,-0.13099441432110856,-0.012434057970832075,-0.01900578099768345,-0.15503705656717362,-0.021944934045067494,-0.018904698043103463,-0.17836250874007578,-0.03330434050903992,-0.015501874860008475,-0.08218122769782511,-0.019684478295669775,-0.030079568427521065,-0.10582925349917158,-0.01903224453507479,-0.03504506412446576,-0.12735449126516007,-0.022018534752222936,-0.037727417597943576,-0.14874872524483804,-0.030005591926958026,-0.03626699433335582
0.0,0.0,0.0,-0.027737814487722626,-0.005365825961817195,0.027081158130450915,-0.05202327693367135,-0.01384523703988352,0.049584804206594585,-0.07806933411636514,-0.02086159609917077,0.06368532732202149,-0.10270057729337555,-0.024601121292326025,0.07303851663746803,-0.09941865559632042,-4.865350269692283e-18,0.022596923991653483,-0.1305579261465617,-0.0029159799224484596,0.02790524784507749,-0.15193256630220206,-0.006396882267425615,0.03136105549841205,-0.171105363437005,-0.02789546260315406,0.032898132311751024,-0.10049461181434254,-6.202140417424556e-18,4.7761409861281525e-19,-0.13996345531964788,-0.002499412270236707,0.0026498941800815624,-0.16648550092222109,-0.013121238986550644,-4.280160446657508e-05,-0.19184598706043154,-0.024493408169398125,0.0035957778273480734,-0.09558274587452079,-0.009492104880302206,-0.01527866383354342,-0.129787599904229,-0.013547395518042139,-0.018511319312116088,-0.1539748595166493,-0.024076955559327203,-0.018488917720459706,-0.17695042102072098,-0.03582705689195913,-0.014743480313613033,-0.08102199204559574,-0.019839878829836767,-0.030223925119101772,-0.10473055972519744,-0.019927891053124435,-0.03511792762673881,-0.12631550539464903,-0.023642119050031375,-0.03761867596385427,-0.14717083531944655,-0.031868093708124066,-0.03574913698316556
0.0,0.0,0.0,-0.027801142646340506,-0.005614583896648521,0.027273091513525173,-0.05197275495565041,-0.013955861442298349,0.04983724833154683,-0.0781782114203872,-0.020751121219388418,0.06382264114580966,-0.10303033191404048,-0.024012942557896308,0.0733443639901924,-0.09948806235150214,-2.658748740286318e-18,0.02263665831225147,-0.13072644878625575,-0.00283962248828553,0.028008558761806013,-0.15250366195038512,-0.006367479011751786,0.03136503464257441,-0.17118319845666008,-0.028218378779026804,0.03298036786877427,-0.100823218861449,-3.883579888711963e-18,9.33090750232786e-21,-0.1402358472092964,-0.0021883023821420134,0.002571551993087912,-0.1669879143199169,-0.013082184919609316,-5.5891036965233796e-05,-0.19242542020307665,-0.02460791096963528,0.0038452547431161066,-0.0957672728193547,-0.009427920602173392,-0.015238127378908816,-0.13023143160970466,-0.013573606271888047,-0.018526727820410312,-0.15433320559838068,-0.024027494606575644,-0.018335684151948833,-0.1778401654318555,-0.03627961745437225,-0.014688469860293957,-0.08119968904208065,-0.019930410515951204,-0.0301240820698165,-0.10507684560615488,-0.020022101939746066,-0.035148920547390106,-0.12664967162775517,-0.023783014225691256,-0.03759313689174832,-0.1476548992901041,-0.032331429830441946,-0.035586848133970464
0.0,0.0,0.0,-0.0283156518143497,-0.005802570412607465,0.026547002355192837,-0.052813821857638894,-0.014861759178152238,0.0487772660993155,-0.07999763283757916,-0.02252994604578335,0.06257953292841212,-0.10585680321745947,-0.027650951839085027,0.07302824193816812,-0.10085903365383782,3.440980875341097e-18,0.022064133607576048,-0.13147559976394294,-0.0018949151232197593,0.02817123788538037,-0.15301287417444626,-0.004895263088040756,0.031632474173438146,-0.17257396326668067,-0.026549982578818448,0.03367015438541418,-0.10198426870004543,4.2150488928463426e-18,-2.8715889034917184e-19,-0.1409417334683227,-0.0005196212166409319,0.003283526208859728,-0.16780483237378027,-0.01082394015906018,0.0003599108052826251,-0.19396857379933372,-0.021839184733668696,0.004291393266378175,-0.09740650917492505,-0.009518851256511569,-0.014190301913869274,-0.13077848692987695,-0.012304814180890173,-0.017180198261972847,-0.15606326121560415,-0.022474967127336494,-0.0172381763082354,-0.17974585107534094,-0.03558171237886175,-0.014131387743035871,-0.08243422530467892,-0.020462270074880322,-0.028983264349322246,-0.10596781501297066,-0.01905743654873317,-0.03348430907240372,-0.12787049935408643,-0.023394172469396176,-0.03638277235425157,-0.14890962488108334,-0.032403791712787955,-0.03509979131435415
0.0,0.0,0.0,-0.027355610610403695,-0.005782201522563003,0.02667839832576414,-0.05211745755146947,-0.015760340531447526,0.04837070556318614,-0.08014727373052274,-0.02326480017565969,0.06138587897061382,-0.1051898160424111,-0.0284367087586857,0.07140951394297271,-0.10019942013377504,8.91583581897184e-18,0.022421743621275976,-0.1307507906185785,-0.0031605607814244414,0.028937715898803514,-0.15200171430465623,-0.0077448678396467565,0.03229502461945395,-0.17085024076164518,-0.031238734127054996,0.034601743885627076,-0.10208029336946142,9.045350072418682e-18,-5.1372879123218337e-20,-0.14119609277857567,-0.0011829706632334308,0.003403909897021165,-0.16830712954889998,-0.012244759653604187,0.0013883714059257585,-0.19421915256444588,-0.02486533109707722,0.005511959145021599,-0.09715314896683505,-0.009530192206947148,-0.014443412220505766,-0.1308806316536247,-0.013278683129854722,-0.017067381793924166,-0.15600650463823745,-0.023963615296247357,-0.016892735429371416,-0.17984605451326308,-0.03880257402112053,-0.013289944535510733,-0.08206693484944595,-0.020445097639299366,-0.029658278871152192,-0.10583999579141345,-0.02015002019663643,-0.03387126992282539,-0.12753577435358537,-0.025686988377915835,-0.0363264188051477,-0.1485638951587831,-0.03521498896951481,-0.0343838519804086
0.0,0.0,0.0,-0.025320802532468854,-0.005043697721726454,0.02677713603958278,-0.05132844385601102,-0.016651187868188293,0.04773679702803736,-0.08038079292478703,-0.02578154286727623,0.058600595113956745,-0.10665319849273361,-0.03339098278513363,0.06641099523167332,-0.0989633063514787,1.4623471174298733e-18,0.02384752544303178,-0.1281465834225012,-0.006132375143515441,0.030433584034628067,-0.14825734753524858,-0.012424766075350159,0.033751605825647096,-0.16568632626005134,-0.03787452334105124,0.03672317529972041,-0.10120410475489496,-7.590003539609209e-19,6.841059220355096e-19,-0.14129880293540992,-0.002385392921127938,0.004332712648402307,-0.1677239171299584,-0.013545404465550534,0.003876653943430442,-0.19469223550138348,-0.029418965645580157,0.008287004047444802,-0.09716982659119766,-0.00958063370294503,-0.015005582106264369,-0.13127169870199853,-0.014547210089348157,-0.016458227441839807,-0.15710273785748297,-0.02540300757377581,-0.01601129214284778,-0.18088075120094022,-0.041230165775524276,-0.01274343687697622,-0.08185877976355938,-0.02031785391323111,-0.030819302896993115,-0.10631126803433136,-0.021066221687887923,-0.03463820848107825,-0.12894064618367376,-0.02685613361008917,-0.035651777094399005,-0.14931403712957697,-0.036180936013727,-0.03362515048920946
0.0,0.0,0.0,-0.025527378702081382,-0.00608377656039755,0.028133784001337887,-0.05242403754708845,-0.017329039697237324,0.046528206614497934,-0.08336563351465077,-0.029708829643048138,0.055139511832750086,-0.11067908660283109,-0.03776474310246259,0.059186081685547384,-0.09969247264505411,1.4124075355130563e-19,0.024934311757764196,-0.12733349330517527,-0.008298284861072196,0.030073361177718482,-0.14485002576452832,-0.017248194847533354,0.03421295532954234,-0.16107655517484123,-0.044804700272328406,0.038492407860383465,-0.10177932839123247,-1.4278181558941635e-18,8.750663502453153e-19,-0.14360220370277013,0.0009784682927496213,0.00380079757032628,-0.17105550197170438,-0.010139583137631964,0.004771922597727642,-0.19866942749729447,-0.029016085173023926,0.010314219819378856,-0.09922821255205388,-0.009197137432121437,-0.015581706213493885,-0.13421472506816062,-0.011336435704118757,-0.017559551332790652,-0.16011580738986564,-0.021928357771066494,-0.01574093742779619,-0.184518040228052,-0.03774266033836683,-0.01241603510439692,-0.08377001663191282,-0.019747637113233154,-0.031623706767025424,-0.10880746215892478,-0.01960578545338636,-0.03460191997512375,-0.13343216630078022,-0.024475353576700797,-0.03495812735991997,-0.15443091009678372,-0.03496824479818013,-0.03291237697629885
0.0,0.0,0.0,-0.02348933311892542,-0.006484180037769121,0.028934689193012328,-0.05022131304724084,-0.019710327860624925,0.046866170487466115,-0.08337312910326004,-0.03389161077987641,0.05472787039329049,-0.11324881670491153,-0.04202734518339869,0.056567427483019704,-0.0971352694433827,1.231422989501171e-17,0.025067686973628645,-0.12189927769532752,-0.013472003888976814,0.030333636865635446,-0.13806063991671402,-0.024020039076810596,0.03329909945179641,-0.1489219547703855,-0.05449504043089885,0.038521735455324835,-0.09912683019622923,9.838673045126572e-18,6.908913362990703e-19,-0.14195030908653575,0.002601226871892982,0.0038955840763228193,-0.17161012355751332,-0.007538166246616273,0.0056873104261360025,-0.200775438501025,-0.024620464805525703,0.013041518419948175,-0.09801798418050714,-0.009776650566003223,-0.015155453437753942,-0.1332813898659352,-0.010276808394755293,-0.018133377598871042,-0.15852476695920636,-0.01936576808598825,-0.015877538427494217,-0.1834345244865569,-0.03672522284777909,-0.01136337645945307,-0.08267068893515427,-0.02036721627475865,-0.0316201858105698,-0.10788028443697609,-0.01985763918690799,-0.03430998661300456,-0.13284957679622128,-0.025335020613719034,-0.03397184196549107,-0.1522132586213712,-0.03795845282321438,-0.031869596117872157
0.0,0.0,0.0,-0.023602148768368636,-0.006720506282140155,0.028917008035394636,-0.04982087986362807,-0.019721697132600725,0.04701205604108907,-0.08281429180580747,-0.03358701585488286,0.05477486750474667,-0.11235052265113413,-0.04130515993741369,0.056418526460131575,-0.09691718584396701,-2.239797838351366e-18,0.025261292210565504,-0.12178002670764496,-0.013471216360858776,0.0305921183959865,-0.13796319840641974,-0.024429703453455198,0.033868743084584485,-0.14852147072913618,-0.05530867738606555,0.038892291317958703,-0.09909756203142167,1.7579765828208325e-18,1.2300696509332003e-18,-0.14231597464551757,0.002763567292039764,0.0040948477274073735,-0.1717515642398667,-0.007952284619797946,0.006638123878217299,-0.20068691473344702,-0.025675817085575113,0.014071816674098684,-0.09796969012997804,-0.009662995069887785,-0.015146232205787036,-0.1338237822839718,-0.010165931231373894,-0.01769106751292844,-0.15844203040592675,-0.019200212061675215,-0.01508853016013525,-0.18302496272442903,-0.037019301399768764,-0.010605477082856519,-0.08277204225368844,-0.019864979840654832,-0.031790816837638,-0.10839609600530196,-0.019507821266718742,-0.03433265315891791,-0.1335186771650566,-0.02491594420866089,-0.033784022434490545,-0.15270780714981227,-0.037315463692856106,-0.03157756575972746
0.0,0.0,0.0,-0.02195544133154461,-0.007344128424971292,0.027427371961402214,-0.04721536585211896,-0.02361755882619809,0.04325403274624684,-0.07967040564838747,-0.037903553193225366,0.04890010449300113,-0.11061305527550092,-0.049036288831299325,0.049441117570808525,-0.095935222637453,2.3582825818326995e-18,0.024831903840995664,-0.11821554209945259,-0.017443281315495232,0.02970340109237998,-0.1309792284158607,-0.0302483158340518,0.032762760510465935,-0.13736536680387695,-0.06211257517494378,0.032617049159789,-0.09812846944931526,2.8156394279097003e-18,4.522872370484223e-20,-0.1424932345671477,0.002605059994572671,0.005334816067827832,-0.17150077097365063,-0.006884778462712973,0.008138977875723385,-0.20198871181881187,-0.023865651880498454,0.014770794238608565,-0.0978276452117452,-0.009373263010952365,-0.016771992359263438,-0.1335818250860058,-0.009473740522044386,-0.018344486049295068,-0.15911009919784241,-0.01666334219397277,-0.016684006200930006,-0.18283404228661354,-0.03000595214174965,-0.01287550580262642,-0.08319554543226215,-0.018012234939287546,-0.03390263373918614,-0.10837767759005074,-0.01722758276348151,-0.036192771713283514,-0.1360504329717057,-0.02127320154897239,-0.036716124086829095,-0.1525554479013536,-0.03020795569432563,-0.03584705109175084
0.0,0.0,0.0,-0.02195041599230734,-0.008241810225563306,0.02609019393185775,-0.050476477217861054,-0.02487176841707955,0.04147549123771508,-0.08270949119458053,-0.0401394572043825,0.043751367718305456,-0.11744075905358461,-0.054638957115904774,0.04066559447228242,-0.09742572083735478,9.118707912958699e-18,0.024553710224111777,-0.12068204414176163,-0.01960196379279461,0.028018080212780985,-0.12911451818876477,-0.03534897528762896,0.029879270066538705,-0.12754565984797397,-0.06845362569904874,0.028567390793258176,-0.09999312535138091,9.794041351953537e-18,3.6385056602581074e-19,-0.1428283872839871,0.001526650540689539,0.004640043452726782,-0.17171997329808647,-0.010370524546647069,0.0061742907988397025,-0.20201178265378697,-0.024798293507370228,0.013361655109032852,-0.09856274719653217,-0.008608882875682206,-0.01654038322141769,-0.1340571177183103,-0.007818088276473262,-0.0187117491322818,-0.15892743516420263,-0.013507661126340012,-0.01864434785808317,-0.18562452440868812,-0.025048762127901393,-0.015300972662245829,-0.08359914146545107,-0.018061533916024636,-0.03385363828441043,-0.10896376368838,-0.017106951036000722,-0.03745782538301992,-0.13611987869118272,-0.02095010838503461,-0.037487555978698864,-0.15271537596627482,-0.02850967090128621,-0.03677036355576201
0.0,0.0,0.0,-0.02202908881009591,-0.006942728062411009,0.025821581804477977,-0.050990599532253836,-0.023066778653614207,0.0418437781936819,-0.0824365642685085,-0.041949416311357166,0.04516454419715626,-0.1175234095642595,-0.056127113567528114,0.04412403259823484,-0.09903576110307573,1.875995445256479e-17,0.024563003332511754,-0.1247107819763758,-0.018080335097028288,0.03029953813133633,-0.1297707119438875,-0.03407884262607236,0.0339274401443061,-0.12407871941342806,-0.07109633301891655,0.03570404761762252,-0.10048135194160193,1.9521194708226927e-17,-2.5709163117764795e-19,-0.1437786043721145,0.0015157079624707364,0.0049129709178247485,-0.17225778443708964,-0.008813534912344595,0.007311340613147816,-0.20151072175246862,-0.02571310077539683,0.01607152453721356,-0.09909390534634276,-0.009561671683805112,-0.01644924754526841,-0.1359233692687132,-0.005934932825465997,-0.01806067686781675,-0.16196989518995206,-0.012398046906022234,-0.017601876469050634,-0.1890462808259591,-0.02339225906233599,-0.014719949152099936,-0.08464679577068769,-0.019431488899766626,-0.03364477085033141,-0.11004294723133351,-0.018512874252114196,-0.03630506218617965,-0.13748534084877465,-0.021969050430612824,-0.03561100345446647,-0.1561144290961234,-0.029282333871610697,-0.033616761749084574
0.0,0.0,0.0,-0.021639367108070223,-0.006168546106895633,0.02576924024478217,-0.05010843382044091,-0.023022833443534143,0.04182638878073345,-0.0814896023589106,-0.04241620816422054,0.044368828364004034,-0.11580380793272078,-0.05745466722446574,0.041617769804638216,-0.09874632603020028,-3.7652808343534506e-18,0.02447006855714036,-0.12330000342770714,-0.019608160142777335,0.029819077292921905,-0.12816248742693515,-0.03560094744659907,0.03282253283857982,-0.12102571284111852,-0.07118640204379686,0.03392826017450266,-0.10056951101776851,-2.0065198775167646e-18,6.876081013514825e-21,-0.1440811830564022,-0.0018146007016936782,0.0051110522853368085,-0.17210012779148204,-0.014263978831813068,0.0075613628914986296,-0.20068133806865704,-0.03199740011668727,0.016468083627771298,-0.09888074421695102,-0.009694676234152618,-0.016728891827260343,-0.13527953230668827,-0.01022871037701143,-0.01775885702948636,-0.16097563687742217,-0.018509315543379624,-0.017349790996139838,-0.18753313865489882,-0.030361232567090904,-0.014507787642171656,-0.08413394688070719,-0.01923659994649545,-0.03341784706452572,-0.10907202684966871,-0.020334619638839962,-0.03580258207833331,-0.13604847898326583,-0.025891134871858013,-0.034993487412887936,-0.15477338036909025,-0.0339402229416792,-0.03345997637932828
0.0,0.0,0.0,-0.023156983914645657,-0.007472020317967388,0.026732450118838624,-0.05158600381336572,-0.023702367359713702,0.04206146384519652,-0.08336442902368472,-0.04364071062849009,0.044386365494992225,-0.11839817818003548,-0.057739413037991835,0.04321996720696426,-0.10048870588138897,-4.238466582782872e-18,0.025000675314061152,-0.1264443506349408,-0.018523506681938032,0.030633142956166252,-0.13102431593461208,-0.034462468403016325,0.03396014872419812,-0.12383256694065954,-0.07232429227875936,0.035044519470596815,-0.10175127162223072,-3.918217029962158e-18,5.504320147794473e-19,-0.14497043549041766,0.0023421203539469313,0.004418317227728841,-0.17378369610517294,-0.008154867606320941,0.006662999752262845,-0.20359094680419246,-0.024022452278706422,0.015988783688274222,-0.10010260604650041,-0.009594293959570073,-0.016839537583762592,-0.13703786322758044,-0.005699797499567552,-0.01845366078645327,-0.16354481266955673,-0.012232265400024112,-0.017207256786837422,-0.19088043291867504,-0.023845786545502828,-0.014170871904938369,-0.08569209183938632,-0.020357468129975506,-0.03336389886976136,-0.11085652805410114,-0.01911905552944629,-0.03659750323525233,-0.1379165448712378,-0.022084730315703217,-0.0356462262960475,-0.15775097005074806,-0.031043348649947344,-0.03368429691251847
0.0,0.0,0.0,-0.023073350603261315,-0.007704426314349978,0.027012774625220153,-0.05166889433274594,-0.02367506972422752,0.04226307775920776,-0.08303860696653748,-0.043239157851686603,0.04433879852917871,-0.11830129626753029,-0.056901631304026846,0.043176661922973196,-0.10059934837854041,-1.0832616009206069e-17,0.024907235530695813,-0.12614469240795656,-0.01888036017546657,0.03095018533574562,-0.13041520123419298,-0.034970400196321895,0.03481223303289881,-0.12258065249986878,-0.07346941652839223,0.03669628770874926,-0.1016015659457447,-7.115979727972301e-18,7.82993916700152e-20,-0.14458409186419044,0.0023405138231607143,0.004281110220282146,-0.17337061100759604,-0.008875267734955686,0.006816693200288468,-0.20339433706516594,-0.02502501227570581,0.01608324958979988,-0.09983537870047234,-0.009585612221342342,-0.01682057539835514,-0.13652966246616405,-0.005874178210472047,-0.018513314252484675,-0.16330349782315853,-0.013209217711094208,-0.01704260556115588,-0.19065282938919764,-0.02501724738879237,-0.014308046241553195,-0.0853394484779571,-0.020221780350892622,-0.0330102742346196,-0.11000537021737561,-0.019226050402713753,-0.0364733639421978,-0.13724125503907608,-0.022488817254623483,-0.035409952821144224,-0.15709031858763073,-0.03209425631873683,-0.03337455187113101
0.0,0.0,0.0,-0.022361514166962866,-0.007123697072308076,0.027174412158292766,-0.05055609606200208,-0.024070473198653592,0.0436993006596059,-0.08124785763558512,-0.04500895001515552,0.04760110546606785,-0.11611964477829444,-0.05898619996533128,0.04365457557917029,-0.09932220635267919,9.035930320548687e-18,0.025577800168149034,-0.12464009225533593,-0.018531152501491465,0.0320009565927619,-0.12839641681251354,-0.03412967274183398,0.03614572109518564,-0.12117210077188639,-0.07327235919931036,0.038546746072241636,-0.09965694963792726,6.544972582579336e-18,-1.0542437263386225e-18,-0.14328170345428545,0.002361671522342844,0.0046648255309825895,-0.17144213333852762,-0.007856267297938577,0.007278272661556433,-0.2013132724873106,-0.02541337063880281,0.016919028504340322,-0.09927543539457725,-0.009542067907671741,-0.01702546043501949,-0.13449001380337008,-0.0074672207330001815,-0.01800733358435879,-0.16123320016949685,-0.015891742948254104,-0.01615105877289591,-0.18822736973552845,-0.028111886618249024,-0.01256917167121895,-0.08472619766809729,-0.01992741497144314,-0.03304542894923871,-0.10904375355179437,-0.020335320271865687,-0.03530100693746627,-0.1376472263110865,-0.02402380851240976,-0.035209555242189994,-0.1559775119593767,-0.03361594535176815,-0.03309329940137655
0.0,0.0,0.0,-0.02279532734674577,-0.006492830103627418,0.026116226318373983,-0.05133106295810642,-0.02375335311433343,0.042144981489608026,-0.08225101977018848,-0.04485708810579006,0.04501813740825397,-0.11689712700119206,-0.05914223656281491,0.03966904871194819,-0.10016315223362567,1.3144006639766629e-17,0.025490565906692318,-0.1255378647858301,-0.018361373874766804,0.030727081818212574,-0.12938888539879578,-0.03297496910720908,0.0340760570179039,-0.12256462718765167,-0.07032932684978659,0.03469774455524344,-0.10026389328443541,1.1489697229771132e-17,-4.69270860917747e-19,-0.14435299405588284,0.00240955248908335,0.004911808378237183,-0.1725485360615379,-0.00589221208557435,0.006901804353479509,-0.20209806849819287,-0.02328143348221011,0.015637322545008884,-0.09952216593381143,-0.009772701432858041,-0.01692692754788309,-0.135646744531702,-0.007185367610294988,-0.01806605014456409,-0.1625550188879553,-0.014704300462125596,-0.016857904131669016,-0.18931128014101611,-0.026036563525208747,-0.013981633318058084,-0.08491830811157419,-0.01983668135531746,-0.033538388967441275,-0.11003383925325691,-0.020063085309843454,-0.035913727047499476,-0.13884324645087484,-0.02309781128432471,-0.03586891092504301,-0.15718452317302098,-0.032361334951275335,-0.03397698901160074
0.0,0.0,0.0,-0.022407176295372214,-0.007567383541600114,0.02608961616549299,-0.05147821904008824,-0.02328208971196348,0.04233264168462046,-0.08377758257656812,-0.043458698119213074,0.04491722794013019,-0.11889254701390006,-0.058495106492909274,0.04333036088052874,-0.10084925034564984,-2.0682134167645035e-17,0.024477327095294793,-0.12689369509776938,-0.018691614843376083,0.030662125239415736,-0.13050106593054475,-0.03436118465699945,0.034132969729952105,-0.12435936399218783,-0.07081578860009544,0.03573256391140228,-0.10175834122677059,-1.6612210701151094e-17,8.490853309880607e-19,-0.14417789063331066,0.003536812887037669,0.0047206265487512115,-0.17273584036014344,-0.005172063977586048,0.006333805041948306,-0.20414017901029874,-0.018960214637979343,0.015419550032839029,-0.10074370783773297,-0.009421744309711365,-0.016232949279905477,-0.13579658233550773,-0.004311492653480231,-0.017694301211708903,-0.1626647796330552,-0.009834511740018044,-0.01703281735328058,-0.19134332153965125,-0.019263635678935572,-0.013788460796809173,-0.08559828417947597,-0.019808170265935055,-0.03283130499779956,-0.11043257012244487,-0.01809667353352586,-0.03567824033172101,-0.13815458540471284,-0.020430623654515267,-0.03512581686738655,-0.15774008345385865,-0.02760432473514666,-0.0334098197292036
0.0,0.0,0.0,-0.022529110612150103,-0.007151132029509218,0.02620188378860993,-0.05137242684829247,-0.022070615657967724,0.04230558582486197,-0.08423492705042224,-0.042349002633125986,0.045018171303014526,-0.11853360376711636,-0.05725797278861315,0.04329765732253171,-0.10084151225663061,2.2844295780533106e-17,0.02468039956922926,-0.12656045869489874,-0.018694466798792393,0.030957693806404857,-0.13005961724086884,-0.033558289508348056,0.034782091806614464,-0.12407109458303375,-0.06893515937596263,0.037096450344876776,-0.1018105844604469,1.9326300357657836e-17,8.140579802085906e-19,-0.1442482563625971,0.002644366833922908,0.0047927405022570365,-0.17270344400081608,-0.006379789086145208,0.0065294847013377625,-0.20365620010581614,-0.019326013611977406,0.015870762786845793,-0.10052493415383831,-0.010004009217288695,-0.015866101936481986,-0.13569678005207925,-0.00600769633315777,-0.01714003576231534,-0.16294776637629377,-0.011885567470090622,-0.016740075120338205,-0.19108521135463552,-0.021288100288730426,-0.01341649097839895,-0.08517554337267155,-0.020974970154366942,-0.03206110465909353,-0.11023066367197441,-0.01987612329752149,-0.03490068906889198,-0.1374841627716176,-0.022903289609778596,-0.03393520058008944,-0.1574602507576301,-0.030626075086033946,-0.03185584477620838
0.0,0.0,0.0,-0.022598173746304087,-0.007505514386504115,0.026179828275238355,-0.05164782066721142,-0.02306403822916134,0.04224222430755499,-0.08408808705413123,-0.04338394586009185,0.044312156135914604,-0.11913076832714452,-0.058508533170768845,0.042709002993451324,-0.1007782872664434,1.2813495872673104e-17,0.024569107827951474,-0.12672577521651915,-0.018375815023508116,0.030521024177553348,-0.13062782165923137,-0.03406595366925523,0.0338601895051743,-0.12482541273219053,-0.06962962584022521,0.03532282938171006,-0.10187529972919211,1.0207167635755802e-17,-7.916233491936408e-20,-0.1440969940055361,0.0036355937587409003,0.0042386792216282795,-0.1727427826196261,-0.005601387354720421,0.005641770672647753,-0.20394613247179497,-0.01947827234930982,0.014327751953937958,-0.10063269098316197,-0.00930932576719855,-0.016175907121840395,-0.13588790225818903,-0.004712466491972407,-0.017829557826737518,-0.16248469895718154,-0.010790403018803683,-0.01700725759546861,-0.19089517165062025,-0.0209912928301278,-0.014129766914596262,-0.08554768945821584,-0.01943705947425776,-0.03279129703896949,-0.11038084445828315,-0.018219774662834823,-0.03545372373019273,-0.13789308184366877,-0.02107970985945627,-0.03493336925183965,-0.15753894721813017,-0.028509574860215877,-0.0331661200223677
0.0,0.0,0.0,-0.022292325549052524,-0.007349699727360759,0.026818242212225223,-0.050791217608739274,-0.0221678100273801,0.04326573692294931,-0.08231096097751413,-0.04306139016750367,0.04620412226455607,-0.11641379459473049,-0.058140117798111186,0.04429991136856238,-0.09922814380773652,1.9795636950353712e-17,0.02454064625126144,-0.12468841051265403,-0.017850288423795973,0.03227841763979705,-0.12887633826911266,-0.033768313407652316,0.0364688874503721,-0.12250638041496784,-0.0705614940708593,0.04012773570732884,-0.1002805368739577,1.6954671384662655e-17,-1.3749749761568292e-18,-0.14268477446284594,0.0023871821738090672,0.004434670557045355,-0.17132003491745015,-0.0073172913726749856,0.007215393357034934,-0.20226126388057727,-0.022439847629528293,0.016340022612990304,-0.09920689399666992,-0.009568979213194396,-0.01601128004402799,-0.13418972486592667,-0.007066399625094538,-0.01695529577332697,-0.16086402596915625,-0.014474599595429731,-0.014997536477411422,-0.18821431711893413,-0.02534137608330741,-0.011459963224431435,-0.08445821034342757,-0.020467015301165264,-0.031914273799666534,-0.10874727434815619,-0.020361290323719833,-0.03394822966220009,-0.13613613532860186,-0.023876189946263126,-0.03370633075031785,-0.15575457206567436,-0.03161011383315048,-0.03114632215830798
0.0,0.0,0.0,-0.02339987781598627,-0.007515861126932827,0.026854052965750743,-0.051694019480946166,-0.02286330079328107,0.04348910591835344,-0.08405019335734804,-0.043967435173893184,0.04656525808645674,-0.11905548603022716,-0.05918183520819975,0.04423714608958598,-0.10087984673137053,-3.0864886947235875e-18,0.024644793623754123,-0.1271181793174669,-0.017664917317563797,0.032051029985790694,-0.13068986755266637,-0.03353199549688222,0.03653253443848941,-0.12374346426023301,-0.07129818187939481,0.03903851182964509,-0.10147901036909256,-5.113517843444357e-19,3.8492222957347193e-19,-0.1442282117641398,0.004082256884394414,0.004511046764427115,-0.17268260824103515,-0.0049286728356711385,0.006803684110222265,-0.20436469789159228,-0.018702294650297754,0.015968004676846767,-0.1004752106758693,-0.009415028369552998,-0.015819581957977127,-0.13538006566322527,-0.004944275827634849,-0.017414766415169494,-0.16240943025012988,-0.010541570279915554,-0.01596159815210278,-0.19070217264465747,-0.02037709310189542,-0.01272509756493769,-0.08568013392082924,-0.020679691784149152,-0.03166248767327505,-0.1101035695286784,-0.019355209903988157,-0.03465692009509841,-0.13749655975695832,-0.021743640588516366,-0.03421526735701677,-0.1577187507913661,-0.03003807337784694,-0.032037147696750645
0.0,0.0,0.0,-0.023268873826940175,-0.007591070672895759,0.027008838843209707,-0.05143144779936564,-0.02275320485775808,0.043788342197360934,-0.08380315997365427,-0.0439968471014,0.04715765507392454,-0.11883144155625529,-0.058990871892303016,0.04517979562357113,-0.10027089924037791,-5.338812115500538e-18,0.024866792205289145,-0.1262556041369713,-0.017484975066050526,0.032135021435555425,-0.13066366591630296,-0.033372717977648965,0.03681754898936878,-0.12427471004476527,-0.0710823456098034,0.0398083261201651,-0.10129429540189579,-4.885615134874672e-18,6.923648939368482e-19,-0.1441674001628994,0.0038553433616066515,0.0041121517896444745,-0.1729106664713341,-0.005393455336455834,0.0064420196277364975,-0.20436997187958952,-0.01976979979440701,0.015794417672840858,-0.10030853395266977,-0.009668896663471057,-0.015993127361863674,-0.13539206428040187,-0.006272242410763874,-0.017370972703430056,-0.16205876577091188,-0.01242757725108021,-0.01533932330555348,-0.19026768050163786,-0.023412505129974427,-0.012003861910039897,-0.08562987023331964,-0.021154106743430257,-0.0318144934704443,-0.11030213104034918,-0.02063456336104994,-0.034565923736773016,-0.13724709746196154,-0.02351267230600035,-0.03414567797851099,-0.15764358086369964,-0.0320362045871892,-0.03174539115682266
0.0,0.0,0.0,-0.022685014961820037,-0.006760927879513453,0.02721540097384103,-0.051283423550701666,-0.02352677445611816,0.04374717223239116,-0.08247470713564094,-0.04421085566225893,0.046764494802563734,-0.1174390143927487,-0.0584960317551765,0.0432683102436676,-0.10011929647011024,-1.0755243964550908e-17,0.025281459257106623,-0.1256187849304292,-0.017872386290143823,0.03150879086006727,-0.12976328629707148,-0.033566258126887454,0.03527347492965128,-0.1242025012301536,-0.07151440310657134,0.03712643436977014,-0.10032049545344797,-8.378381781711622e-18,-2.789105425488257e-19,-0.14410406250762434,0.0031541416512323823,0.004401766938658767,-0.1727408407257485,-0.006446795830369489,0.006059520103060151,-0.20291655832349725,-0.023367384554278836,0.014496528573525855,-0.09967441784197546,-0.009170180853211696,-0.016864762756061358,-0.13530532822358432,-0.005915594785442039,-0.018289178013554796,-0.16164002741102942,-0.01391379702342054,-0.017036598275594377,-0.18874812530991641,-0.02489597783388207,-0.013399621898847277,-0.08503877776125678,-0.019179970081712457,-0.03310493421146509,-0.10975504233828341,-0.019120346448952878,-0.035610203217200764,-0.1377709620373387,-0.022372181347348006,-0.0356630407503589,-0.15595517942593543,-0.030727696972454692,-0.03387980064219637
0.0,0.0,0.0,-0.02357813491670335,-0.00719551551514224,0.029077842775800763,-0.05199657677516685,-0.02179026314308558,0.04673621574164204,-0.08458357219303506,-0.040602834472112506,0.05142174850708282,-0.11920732113342368,-0.05233530149497278,0.05010709916010553,-0.09869453541208952,5.768425866669787e-18,0.02496583963943832,-0.12391087503577285,-0.017514460386661657,0.03141522458882799,-0.13098146782715467,-0.0340140663721345,0.03606416492011646,-0.12729433444225213,-0.07203215055469572,0.03865654724084757,-0.09934575186491329,4.303693056955734e-18,-1.234569649174808e-19,-0.1422952844327742,0.003225794506327193,0.002490719117605657,-0.1719700140045673,-0.009036890665886213,0.004633082890546853,-0.20250943927733167,-0.025814177225607006,0.012550703266366151,-0.0984979780873654,-0.008663130446897023,-0.01668358986337482,-0.13348344528997183,-0.006681715285756105,-0.019520496796816514,-0.1591863524390034,-0.01501932961099257,-0.016716954493101312,-0.18713180458890263,-0.028460304549287378,-0.012319967108243842,-0.08397300997882365,-0.019282839535908296,-0.03236844438274188,-0.10836556543060552,-0.019214758842894072,-0.03558691560445739,-0.13548214999950314,-0.023865634715532127,-0.0358614465715568,-0.15410829892170938,-0.03438763125404,-0.032927559488543603
0.0,0.0,0.0,-0.023502948472072887,-0.008096170394357555,0.02965508845624522,-0.05069613890452198,-0.019622937399488748,0.0476915157712351,-0.08515989651003295,-0.035749460704209014,0.05465732355705355,-0.11549029477778176,-0.04443106772895599,0.057377859445079615,-0.09816421885341049,3.873605822433981e-18,0.024359684926925546,-0.12232405982324987,-0.014481298309374587,0.02937865529336152,-0.13522155904419159,-0.026360800712334605,0.03224296655784945,-0.14241276986571205,-0.0563868377027421,0.034075429430898585,-0.10010204095538536,3.7960074792578014e-18,-4.48479873322857e-19,-0.1420028183717133,0.0063977803369760534,0.0020183855863306547,-0.17280646245241055,-0.001451063279222263,0.0032891402732326057,-0.20413741017952466,-0.013814275953686627,0.009728381415204143,-0.09967786757923704,-0.008898952025060441,-0.01652453754918858,-0.13416739079340725,-0.0064205600380744165,-0.019903734745481513,-0.15910620653015914,-0.012686780102993823,-0.016437777224662865,-0.18684893684468257,-0.02686948177811665,-0.012485332531560383,-0.08477624061628314,-0.019238673896411176,-0.03176131684646636,-0.1094443482328017,-0.018086968582656408,-0.035069402169272096,-0.1350410594824762,-0.020768348538855293,-0.03601370974761014,-0.15531935707106478,-0.03157974715884139,-0.03422905247791264
0.0,0.0,0.0,-0.023033802504959427,-0.008012427240808542,0.02957879770165804,-0.05015648787427176,-0.01956251829119334,0.047520061192975686,-0.08453098292281348,-0.035677309508739784,0.05469755649799556,-0.11469140177032133,-0.04402720526550825,0.05751536217539611,-0.09754320844768757,1.1550624445634947e-17,0.024338884091501978,-0.1216392923987558,-0.014478285893732214,0.029616523130709633,-0.1349131739906109,-0.026176168276642257,0.03262513871503198,-0.14208259092021125,-0.056255750851206134,0.034994052470275004,-0.09977773388537926,1.0029031447409152e-17,1.213707675912429e-18,-0.1417495894539586,0.006121872372716558,0.0019438110291918069,-0.17255135573529395,-0.0014114939845559931,0.003405199727461708,-0.2035464067440993,-0.014232261978235107,0.010305667858000838,-0.09944636184165456,-0.009176575085142497,-0.016485229167964244,-0.13408455947997142,-0.007085216539538361,-0.019864763581216822,-0.15910300847499143,-0.013224288575180713,-0.01648733884728394,-0.186598730795173,-0.027339131460686516,-0.012223777247854345,-0.08448462640345011,-0.019818348722041218,-0.031946174729234444,-0.10912084577217294,-0.018569259809435596,-0.03506982486991976,-0.13504556206074553,-0.021406110882617353,-0.03595898490548463,-0.1552422771466524,-0.03164984142825839,-0.03407229690213022
0.0,0.0,0.0,-0.023134168702658386,-0.0070806386001011174,0.02890946315670802,-0.047318217206476984,-0.016221625439098126,0.047562717598036895,-0.0762167458601879,-0.029956835154419496,0.05716090144359374,-0.10188135766675663,-0.0385356608121172,0.06439880456921172,-0.09477479427365156,6.562762885260485e-18,0.023624141276996847,-0.11794148859436607,-0.012666731744874756,0.027883414199586426,-0.13412723208504168,-0.021816613425094715,0.030534320278681963,-0.14511899430878056,-0.0503318074264102,0.03194702882238134,-0.09727554245089196,4.6987049771471866e-18,-3.7729322356325205e-19,-0.1392432665314707,-9.11881018979548e-05,0.003128951986459016,-0.16750992404120116,-0.010309659261239673,0.002869213383698226,-0.19751594412502932,-0.02212018616640137,0.008471876276881358,-0.09651756666932695,-0.010410428953442291,-0.016157531745370636,-0.12986649334444866,-0.01244937333906414,-0.018244643556489932,-0.15459956134768302,-0.02060661648744138,-0.01643758929909675,-0.17951276664900487,-0.03514851969009093,-0.01321185004560591,-0.08180122940660978,-0.021196998975592088,-0.03113374295817579,-0.10566066657540825,-0.022129035944811786,-0.0352498448021829,-0.1299136547938307,-0.02688303479888675,-0.035374665856212295,-0.15007350081689272,-0.038062867625279585,-0.033339862351394245
0.0,0.0,0.0,-0.02435860572637584,-0.0068131362445580665,0.027081126367935304,-0.04843843227098892,-0.01645390835227418,0.049161539860830786,-0.07590175611626157,-0.027150170618089102,0.0613322723565652,-0.09937706212204633,-0.03388317720935121,0.0715054768209542,-0.09646129581950978,-3.2568528491310543e-18,0.023209664671300857,-0.12382256279884797,-0.00833489128393265,0.02693709159750706,-0.14360653239560797,-0.014959014375089775,0.028779910981396407,-0.1594244436626003,-0.0410857458381375,0.028563891167470646,-0.09953451732058335,-2.017936533858342e-18,2.030591789769641e-19,-0.13982222734404853,-0.000139800614316975,0.002562581232146769,-0.16804479107678397,-0.009729563922325228,0.0012722715605793054,-0.19610360001747518,-0.020768258726810377,0.006230755405510844,-0.09646643939993628,-0.009684574929761693,-0.016054314265295362,-0.13150439557110066,-0.011765278016669331,-0.018696541995870838,-0.1556991306510139,-0.02104239919067816,-0.017910462725854892,-0.18044854927705506,-0.034871777992434655,-0.014440387290159298,-0.08270413870863877,-0.02016683440519668,-0.03266545793684123,-0.10666942117004664,-0.01940160743094292,-0.03664057891605401,-0.1293156965896419,-0.023778421834299034,-0.03698878535892682,-0.15119676796005527,-0.033730343316043604,-0.03531598554496492
0.0,0.0,0.0,-0.02617302036092276,-0.005803050328303662,0.026924113099736278,-0.050531635656088765,-0.013106093079918816,0.04965606114842226,-0.0770770986662922,-0.019800214764077274,0.06508222639161315,-0.09975383286982699,-0.02239452701190943,0.07774357406427912,-0.09955752707377159,-3.128073028670583e-18,0.022809610072747486,-0.129752741069893,-0.0043455779503754,0.02704205685098572,-0.15011095931748547,-0.008857252973324556,0.03033425763555421,-0.16790542158079602,-0.03225979734804056,0.03201977943945514,-0.1013759458690017,-4.232621104189113e-18,4.435154907154832e-19,-0.14162940085382814,-0.0006109357310546555,0.002204268037512694,-0.16891658163364773,-0.00981426561078045,0.00022815842577914624,-0.1943353968267119,-0.020256612486042637,0.004620441725367299,-0.09725460446888741,-0.009535800934558684,-0.015647355709085434,-0.13204387891418667,-0.01269482902247081,-0.01834902765551823,-0.15677236957936605,-0.022076163089278455,-0.01776021907783061,-0.1804247102736186,-0.034014452351120536,-0.014082905645142084,-0.08261768319820383,-0.020183709992429397,-0.030836971534737658,-0.10661087255896969,-0.020301911746082254,-0.0348855064705699,-0.1290313308440449,-0.02439599402752441,-0.036221748533566266,-0.1510083548466332,-0.03285023468086839,-0.034057244450297716
0.0,0.0,0.0,-0.027019791485974214,-0.006234362974260877,0.026559294035197703,-0.050193079179907577,-0.011500153356694484,0.04935941355182505,-0.07440013757890909,-0.014052640182969226,0.06624076533299915,-0.0956434474832569,-0.013050585318466867,0.08019512310937538,-0.09851306047503122,-2.7835402577245767e-18,0.02226305265892851,-0.12928805044588826,-0.0030048495838209707,0.026977207585895807,-0.15037900088946676,-0.006151113413020766,0.029959921724139787,-0.1682519965859343,-0.027777698707414436,0.031128596832996,-0.1000294659255392,1.8088135006059048e-18,-8.948273784241289e-20,-0.139597300666866,-0.0016275303128777683,0.002228124106739364,-0.16627814272228425,-0.01121319277611345,-0.0003044948388062064,-0.19105761364844856,-0.021169979239139117,0.003218480140970051,-0.09543000447758858,-0.009278185616117342,-0.0154036007208034,-0.12934900297628152,-0.012636314186644048,-0.01831480874966902,-0.15382412268110215,-0.021606625930225994,-0.01848552075018218,-0.17686826526024169,-0.03175872913897975,-0.01490755781304606,-0.08076558183860227,-0.019496646107207218,-0.03006872616708905,-0.10420610301356005,-0.019708810234113923,-0.03504438351107035,-0.12533737222527513,-0.023133465225242806,-0.036949398171196655,-0.14748391214260873,-0.030719250334957957,-0.03554577227536767
0.0,0.0,0.0,-0.02710709284811668,-0.006072001171050013,0.026216761306583458,-0.049770109521813294,-0.010955743594614235,0.04907932326997301,-0.07347209717988738,-0.011380840817151437,0.06693621924530656,-0.09376475754038183,-0.009020678746295804,0.08179270823338029,-0.09866301250836415,1.8867206018704167e-18,0.022045212085951695,-0.12969306965821814,-0.0023618210489897637,0.027135030364229904,-0.15115179006816745,-0.005555005487388497,0.03044629818696584,-0.16900467424649881,-0.027117199826343242,0.03107630266790614,-0.10036323701594713,1.6453161343547587e-18,-1.109410973404501e-18,-0.13930278936207827,-0.002219842531416086,0.0019941492730041377,-0.1657129121277894,-0.012345744863682362,-0.0010108642892131035,-0.19011840949512473,-0.022426391325582662,0.00220122621083391,-0.09540078874330638,-0.009268071387228266,-0.015572732562073706,-0.12915319141729065,-0.012988626895735204,-0.01868264573317744,-0.15332854290578168,-0.022425934508507578,-0.019298022311983503,-0.17607431368305787,-0.03291473946917043,-0.015759635503335746,-0.08067289883873263,-0.019333915999424384,-0.03074199118806538,-0.10424695834429883,-0.019335073700600634,-0.035522396649287004,-0.12494378633750935,-0.022890853234086826,-0.03787242111021864,-0.14664067218969615,-0.03017821000652774,-0.03601516308179577
0.0,0.0,0.0,-0.02701316727158408,-0.006017229633569145,0.02625086331664155,-0.050100193494026626,-0.011058367648103713,0.04908942386778777,-0.07417291907659321,-0.01176451339331346,0.06709314422076988,-0.09481177462201842,-0.009716402443085428,0.08209867020765428,-0.09908301776254401,-1.3970449019472347e-17,0.02214525869938219,-0.13003959409103863,-0.0021404296580301396,0.02718719633885274,-0.15155548071440286,-0.005036574782059346,0.03053914644146427,-0.1698261061103525,-0.026283433450417112,0.03124743850454352,-0.10066200155691105,-1.193638507445803e-17,3.4078253115032124e-19,-0.13969278959162384,-0.002021851283790186,0.0017251067513703246,-0.16628504051103135,-0.0116890943386022,-0.0013731741550899693,-0.19084676032999243,-0.021735499187330722,0.0021453071972204717,-0.09566125556393662,-0.009384336481781833,-0.01568961035559135,-0.1294735221143346,-0.012941744527629409,-0.01900773481481964,-0.15370914592314952,-0.021996178780233945,-0.01970908986536846,-0.17654853740284,-0.03245118326572028,-0.01587735470117991,-0.08075421471342223,-0.0195108633751097,-0.030788121393701323,-0.1044237741991048,-0.01939337713962953,-0.035623235079773344,-0.12521806531143767,-0.022869518786673454,-0.03810460740455034,-0.1471235597350265,-0.029783457802043355,-0.03629106492788943
0.0,0.0,0.0,-0.0274841634203292,-0.006575680628499631,0.02529224635373074,-0.050093791637714054,-0.010461384503847834,0.04847291324123356,-0.07375078836956082,-0.009019274757626457,0.06744029196538343,-0.09393819788126896,-0.00553926506276828,0.08318584961426685,-0.09811601493054331,-1.4990446234142704e-19,0.021168075226919356,-0.12915196016077582,-0.0016217099753462515,0.026887921617894887,-0.1512976682231615,-0.00451296778511619,0.030423684292555812,-0.16889705813375963,-0.02353993185405066,0.030688113166394707,-0.09984688103283715,4.1142319646920147e-19,6.165990401608093e-19,-0.13840527857360865,-0.0018488414360792829,0.0018977534303616951,-0.16421466431524653,-0.011152430499911945,-0.0019069223477818109,-0.18851799294629337,-0.020604784350738387,0.0009580567415809924,-0.094653069867561,-0.009009152446722736,-0.015539576880999403,-0.12821390277792427,-0.012520766691433755,-0.019078264408645164,-0.15226239238715938,-0.020719919430107737,-0.020200715872839406,-0.1745892486974319,-0.030092769026265988,-0.017092017600437846,-0.08008941169477964,-0.01872463351073685,-0.030765780212049287,-0.1034750805079052,-0.017529069333913547,-0.03502572276011156,-0.12378115349724265,-0.020251307251833193,-0.03830989784299715,-0.14521965293029038,-0.026908797509921152,-0.03667572535143944
0.0,0.0,0.0,-0.027326238385279394,-0.007145818613870526,0.024696773876869273,-0.048194335351220495,-0.01054370733437007,0.04815325565360578,-0.07056064738471192,-0.008221409561410306,0.06904114990590549,-0.0910475156041805,-0.004405839528243316,0.08504264287237118,-0.09704146069771656,-5.918956013596428e-18,0.020371894690659993,-0.12716043068756278,-0.0026623958891523183,0.027359489130089818,-0.14907323557318167,-0.006345721960898589,0.031673497189573005,-0.16665086214883598,-0.025789100211666246,0.03141023520368366,-0.09863774143311844,-8.564815948695372e-18,2.477811543902153e-19,-0.13643804266143011,-0.0030943316950124504,0.0035387973803432935,-0.16134169307981908,-0.01295719776537143,-0.0012221475220212938,-0.1852470195352769,-0.02334211204432527,0.0011946585457157436,-0.09375699930798,-0.008847543337925392,-0.014867171817852166,-0.12595155273372746,-0.013453446318222225,-0.017768725949725526,-0.15047499012594115,-0.02297763670244315,-0.021034353975616277,-0.1724044095917735,-0.032895974983976256,-0.018614291128628006,-0.07851223595645469,-0.01767812004339568,-0.0296582845334877,-0.10139343203301851,-0.01728189732252023,-0.03401617200856442,-0.12240963490899362,-0.02099568109409864,-0.038126829115002335,-0.14332042144685883,-0.028197270760269504,-0.03701340315592628
0.0,0.0,0.0,-0.027187856917150383,-0.007144039871571056,0.02520551499534153,-0.04850621021425802,-0.01132132451163898,0.048542299016265285,-0.07099434798662879,-0.01023131632972783,0.06823534392487418,-0.09132598844734559,-0.006685439352282137,0.08448903217275909,-0.09793922783604582,-5.649549440243713e-18,0.020950122748547968,-0.12838548503240738,-0.002627210867743452,0.027518651351669924,-0.15029002251003634,-0.00588244521229639,0.031532111873726815,-0.16839410441924169,-0.025797851519213412,0.03189144149903948,-0.09949407454970713,-5.5010151250387974e-18,-5.48987423003393e-19,-0.13762306751932965,-0.0027539167406124042,0.0030236994075254937,-0.16306211835864606,-0.013036575186438467,-0.0010295941070222134,-0.1874592598657445,-0.02371567388709344,0.002049803920884496,-0.09481235320999402,-0.009186794338331103,-0.015373336094633507,-0.12724809467756748,-0.013496459017493936,-0.018217715490595875,-0.15172745112690394,-0.023647837113604412,-0.020385230860065825,-0.1737539297701935,-0.033652130260215254,-0.017280670025818845,-0.07956967971119216,-0.0184854890272207,-0.030035640759973913,-0.10252443685539744,-0.01805956082957745,-0.034387370766799985,-0.12389482292937219,-0.02203623114293111,-0.037894348412283924,-0.1448226334159146,-0.02946594953891714,-0.036224176683648475
0.0,0.0,0.0,-0.026953721493433752,-0.006990012808302528,0.024707706251188604,-0.04795759819201895,-0.011006927776569142,0.048290410184359894,-0.06983709158378204,-0.009380779063990482,0.0684170184318115,-0.0895303544878029,-0.00579163601317746,0.08491619306348318,-0.09779008561459712,-7.248760595206297e-18,0.020695628624695615,-0.1278944914323101,-0.0026579235957962088,0.02771902964256174,-0.1497223750568871,-0.006024952591321512,0.031844641788122866,-0.1677567780103275,-0.026146993423862022,0.032094144816336954,-0.09914877152646515,-5.9986794483897416e-18,-5.94335551522127e-19,-0.13732897967638721,-0.003194506271457548,0.0030525392561210674,-0.16243751848751128,-0.013558587793628134,-0.001147955392932819,-0.1866933309196904,-0.02423400851132611,0.0016185189328609816,-0.09448140931552233,-0.009024819318727617,-0.015533312441340008,-0.12674823323759862,-0.013624552550374756,-0.01815248181254717,-0.15077845731342682,-0.023940016404794515,-0.020484978226273754,-0.17251731467337966,-0.03418672723782373,-0.017488691700491353,-0.07904915844694471,-0.01792260510292917,-0.030235467145863174,-0.10195556491438737,-0.017718565326191836,-0.03467867935334566,-0.12325090061796352,-0.021819771103599613,-0.038186695270547424,-0.14383952882911255,-0.02865515347602193,-0.036588794668814
0.0,0.0,0.0,-0.027459476140869313,-0.007371340570828717,0.024362710309536146,-0.04898318932481554,-0.011534343822156989,0.0477763651281535,-0.07054068547710597,-0.009260266551724655,0.06874535898939024,-0.0902066292597046,-0.005244636862942764,0.08566973269789772,-0.09892779255218583,1.4965249485503726e-17,0.020927067585038713,-0.12837580715046626,-0.001990234255306762,0.027790985327192364,-0.15012695840301235,-0.004184363335133811,0.03127278638151422,-0.16917550063630002,-0.023055399599851596,0.0319210603323929,-0.10007796435186674,1.809189304267824e-17,-9.508236026354534e-19,-0.13788170055186397,-0.002017390430542705,0.002644612086373833,-0.16318232603625601,-0.01188138961876849,-0.0018144131540268294,-0.18795542948285707,-0.021480301617638066,0.00041715459929561735,-0.0951343067583801,-0.008703399850550948,-0.015493743810680171,-0.1273826372607753,-0.012324289545693756,-0.018822616379077214,-0.151308304526023,-0.02152563008091461,-0.021036199606681114,-0.1741221814710302,-0.030980779417946056,-0.019229292892505877,-0.07939116422726587,-0.017511705491256014,-0.030457901309384267,-0.10211751507102497,-0.016644719248622764,-0.03548217259266824,-0.12362735932532357,-0.020601986410224458,-0.038471131980236745,-0.1443960004742209,-0.02729326098089294,-0.0378467885291011
0.0,0.0,0.0,-0.02736255254675936,-0.007767554528907482,0.024421110204366697,-0.0476637918536944,-0.010957589611937045,0.04838416813454598,-0.06878502739846264,-0.007661373739296054,0.0700276865493897,-0.08781312105653119,-0.0025621202057393875,0.08785031106818277,-0.09750348546072372,-5.552536431383181e-18,0.02033524434695098,-0.1265502339934735,-0.003391444723852344,0.027920702353312767,-0.14880454719217195,-0.007064261311993442,0.03191114400933089,-0.1667902388853314,-0.026663830445673914,0.03182562922322185,-0.09886957326570038,-5.755089272427686e-18,-1.2103762318447659e-19,-0.13653717236698198,-0.003340227970662556,0.0032223920081348575,-0.1614687304179989,-0.014144708845467372,-0.0015565230604365683,-0.18560343586948008,-0.024809582032540804,0.0008597215561420094,-0.09384522731100572,-0.008886319770457144,-0.015206944111110933,-0.1260479004438244,-0.013926540407828491,-0.018239906502954074,-0.14956870093984276,-0.023962416794954446,-0.021029470987373,-0.1719313783242772,-0.03413204487319022,-0.019080909747529868,-0.0780723512142626,-0.017580794302105043,-0.030018779410855824,-0.10078487687442275,-0.017420442460526715,-0.03472510068275037,-0.12235304034556059,-0.021581658320803717,-0.03808097811165119,-0.14321055328554197,-0.028309158950498,-0.03719878668141993
0.0,0.0,0.0,-0.027641255638328546,-0.007895853881995513,0.02457190461548732,-0.04812144358064875,-0.01109757555644364,0.04840710949636275,-0.06943697239984144,-0.00815237283775315,0.07003065071326768,-0.0885723687022827,-0.0033169193588981466,0.08784593990096574,-0.09794493209785397,7.363210700626418e-18,0.02041415520163721,-0.12709495047917913,-0.003147857128659971,0.02798014320138634,-0.1496261510768162,-0.006680414305231137,0.031758999354111826,-0.1677459307531911,-0.02610876678050657,0.03175053120403261,-0.09939387166346937,7.804163340234967e-18,1.1213481137594818e-18,-0.13714645835651457,-0.0029647070481240044,0.0030671243174415605,-0.1621631526602991,-0.013852084553965242,-0.0017308758315070186,-0.18644284683988785,-0.02455255308785386,0.0007285914921302161,-0.09430852393695192,-0.008963134265121332,-0.015126375510186212,-0.1267019969549739,-0.01370620642651505,-0.018371586553506968,-0.15022948446541945,-0.02364572778117888,-0.02107520227419778,-0.1727120988419303,-0.033879689339146445,-0.019212368279880907,-0.07852850134313696,-0.01772026396614931,-0.030007096363298038,-0.10130452436157578,-0.017392004779012656,-0.03468571854203353,-0.12287538856954097,-0.021596960746560454,-0.03796736576306433,-0.1437538068240887,-0.028387110586776145,-0.03709815349823888
0.0,0.0,0.0,-0.027309529680096627,-0.00764155416891273,0.024374675732919567,-0.04794132504158893,-0.010879361292572493,0.04830441843980289,-0.06952012683401576,-0.007929567033208799,0.07002221700000728,-0.08910571526334982,-0.003299306206130644,0.08731738743821045,-0.09802188270455924,-7.205829533673883e-18,0.02040903964895239,-0.127629322656022,-0.0030816605367746212,0.02766261826281419,-0.14953469131029265,-0.006319622570254134,0.03179261309380805,-0.16748939181315606,-0.025353175281436005,0.03160221815365373,-0.09937749291862422,-5.696197916072426e-18,-7.386034306862072e-20,-0.13728547354333856,-0.0031357116565089204,0.0033611309543665324,-0.16210513787935402,-0.01319355807966172,-0.0016164148967239649,-0.18588424039749527,-0.023542183413691062,0.00026815350760693915,-0.09449499063424299,-0.008628368888725483,-0.015319161787218505,-0.1266749477105765,-0.013684144352393937,-0.018183301050138757,-0.1506192491339115,-0.023753397515993334,-0.021528095267217943,-0.17225927125420876,-0.03319584714181401,-0.019514839297568972,-0.07872567694643275,-0.01695651442884019,-0.030103276018848105,-0.10150427556587117,-0.016912420315947488,-0.03475609896602669,-0.1229411390090307,-0.020728760323829844,-0.0384345408320359,-0.14367151391727165,-0.02719511586050207,-0.037606286497942155
0.0,0.0,0.0,-0.026904544968530626,-0.007915207445631185,0.024920564967014114,-0.04701931225504747,-0.011093151117250817,0.04877965756682209,-0.06819382685674616,-0.007773036256741345,0.07008982261881161,-0.0876453363290036,-0.002923008451282611,0.08723751099015026,-0.09685652768513817,-4.4325913451895596e-18,0.020719838789022938,-0.1263259310918934,-0.0038893572477216713,0.028362360531469007,-0.1487217012584206,-0.008254921868633388,0.03239141303304613,-0.16604574771270805,-0.029120111912216164,0.032767566810679855,-0.09846498914450286,-2.507874667170614e-18,-1.0568361491524549e-18,-0.1361805997518065,-0.00412423950193106,0.003485344164237437,-0.1610923336352156,-0.016112859114462058,-0.0007649147984438073,-0.18492259925633703,-0.02762757716814485,0.0023188564395183854,-0.09351187731792845,-0.008908648324380632,-0.015456814002677387,-0.12588066350761845,-0.014758989284281402,-0.018061079034982296,-0.14913222572642562,-0.02543321951971223,-0.020206260576353424,-0.17109190445217026,-0.036367909511864194,-0.017633587829455802,-0.07797020512171696,-0.017584519775641287,-0.030270666803050433,-0.10075195642958294,-0.017709703632799577,-0.03469018320040186,-0.12230987508756003,-0.022338105382474424,-0.03774684338995715,-0.14278829973899268,-0.029466000314259586,-0.03649470849904138
0.0,0.0,0.0,-0.027267091272473547,-0.006604084577848458,0.02549427717453684,-0.04858498701368282,-0.010377025278416266,0.0485791675684777,-0.07171210290284367,-0.009467678766740413,0.06735416682041562,-0.09219169480019981,-0.005617266944890443,0.0834122935626958,-0.09738859635370822,-2.6536574953148425e-18,0.021016453249820682,-0.12781604269447208,-0.0027827947916770073,0.027963650848665648,-0.14980651859549937,-0.005754701929590794,0.0321186184782076,-0.16781997063206142,-0.0255231917005568,0.03334769175861027,-0.09913416148516513,3.1038230916402488e-19,2.3852226006879357e-19,-0.13731286280236762,-0.0028951520855537752,0.0035836915575015015,-0.16261648903402648,-0.013542368574057731,-0.00018608165271089813,-0.18681714512265152,-0.02444952934882075,0.0028847456378432233,-0.094660942871803,-0.009284885038366514,-0.01476256343349461,-0.12694849004417416,-0.014039773757583193,-0.017630984962407312,-0.15138414849783086,-0.024495706247633482,-0.019426077332528706,-0.17298968986395122,-0.03446358223682827,-0.016188858899851475,-0.07956552041595626,-0.018623977340250536,-0.029446954741931975,-0.10214127861774716,-0.018687102526381637,-0.0337461140988014,-0.12391924443694627,-0.02254977248694412,-0.03719527199518931,-0.14427378247416262,-0.030132247150896695,-0.03520771382400439
0.0,0.0,0.0,-0.02796856200885679,-0.006305006097112767,0.025659998487102563,-0.05098399128106627,-0.012371837731899139,0.04801798681941685,-0.07547434185498017,-0.013719944260004278,0.06478939095288316,-0.09746851263231958,-0.012785219556250485,0.0792537702913264,-0.09908363185075364,4.422345162339442e-18,0.021044965702756425,-0.12998217028760534,-0.0024694731278234613,0.027621050990623713,-0.1519252545076343,-0.00559392655871401,0.031245372324355404,-0.16982654026391372,-0.02632546639894422,0.03276842047028414,-0.10081693726889002,7.511449608955075e-18,-8.055311633474982e-19,-0.13890642016672952,-0.0019373367970840826,0.0034220211963519494,-0.16514905613411712,-0.011533094321106638,-7.74966398633676e-05,-0.19009060929939628,-0.022672432478185026,0.0026953608391794533,-0.0960823950385074,-0.008956355028242548,-0.014532833977085902,-0.12884049326818156,-0.013274487611858975,-0.017706974498606493,-0.15304596376110086,-0.022455948418335547,-0.018736666801589235,-0.17575977108732896,-0.03311303498262239,-0.016138928200575737,-0.08107552606211349,-0.019127020702373713,-0.029336865025898003,-0.10393844932077916,-0.018853259745760645,-0.033519649403272525,-0.12518539836458994,-0.02301522347689725,-0.036485167239890405,-0.14581488661128592,-0.03071365222924886,-0.035152941270947376
0.0,0.0,0.0,-0.028037357303443474,-0.0061148359709482375,0.025670889106499954,-0.051094053778994585,-0.01239688286192822,0.04805829085338732,-0.07559566420335452,-0.014029819114738497,0.06486656418115629,-0.0975095833618689,-0.013353105425492472,0.07951196657283721,-0.09944917427041823,3.3323604286855206e-18,0.020985806569799988,-0.13044089189265806,-0.002183034426897622,0.027599397856651622,-0.15242812813192855,-0.005182506730717409,0.03125825689608214,-0.17053144408404475,-0.025871438875565228,0.03281003223925385,-0.10108935809163702,1.309781744304834e-18,3.7231206793025416e-19,-0.13943511735975633,-0.0017794936063286406,0.0034184418450429,-0.16573215615228046,-0.011262408480953858,-5.966300061140851e-05,-0.19072470339317282,-0.02232518702911823,0.0028837145353073318,-0.09639316921423557,-0.009049265025101698,-0.014492586735616507,-0.1292460689483297,-0.01318813258195663,-0.01768638237332751,-0.15358963383910332,-0.022371409925387987,-0.018699566268904035,-0.17630482439372538,-0.03294082661528619,-0.015977468893477603,-0.08136997253529996,-0.019342311425815,-0.029312663198639052,-0.10431167550693239,-0.0189599570736156,-0.03337315808895573,-0.12562360881504414,-0.023168915621789517,-0.03633735068884753,-0.1463971331155462,-0.03081052150011322,-0.0348941009527777
0.0,0.0,0.0,-0.02753396399435868,-0.005408404475774289,0.025996843348308967,-0.0523150293754739,-0.013809756830602236,0.04775616049969512,-0.07847392001065255,-0.018205823549305864,0.06287041299408956,-0.10220322989969016,-0.021457436661734407,0.07542794018956271,-0.1002347114441334,7.078961560253569e-18,0.02168923441021831,-0.13083331445611437,-0.0030574618067412307,0.02816327403994908,-0.15192226349081098,-0.007207051980330947,0.03154887751071475,-0.1703025647449549,-0.028909064816468204,0.03311292606034406,-0.10213282797497761,8.538646448580729e-18,4.572026673656392e-19,-0.14061155825492655,-0.0009044698366050904,0.0036486615679911507,-0.16747283331662746,-0.01055145597870209,9.859444758532877e-05,-0.19292979736496482,-0.0222615693212748,0.0025499696375106775,-0.09733729479863225,-0.008934653793392536,-0.014655128060337728,-0.1305010326491073,-0.012314185198940989,-0.01780297748557168,-0.1552260353510632,-0.022077226597608357,-0.018863736642275274,-0.1785714001407298,-0.03475993209914697,-0.016332551820027564,-0.0821509775420358,-0.01908320659075863,-0.029965372676284775,-0.1053178948275725,-0.018759199002656813,-0.03403143138741422,-0.1266315791256074,-0.024090644887260818,-0.03693813060294729,-0.1472762775164496,-0.03293598524822159,-0.036122879250516986
0.0,0.0,0.0,-0.02629727786830073,-0.005292332229147822,0.025447678154208238,-0.052054708437173115,-0.015131333928078066,0.04675262856254069,-0.079865503827669,-0.022121488777122927,0.05973105810145076,-0.10474917586778376,-0.028870673485333134,0.07130298805792933,-0.09958159743082377,-8.755124862312867e-18,0.021611148306698403,-0.12957563291801494,-0.0035816655160604933,0.02939352864024512,-0.1499496610861681,-0.007944920677296347,0.03314949168781403,-0.16889437101812352,-0.0306253956403333,0.03527418298045273,-0.10201917790419669,-2.3399165226711227e-18,-8.529325544793934e-19,-0.1409196445346249,0.0007339988228190461,0.004337832893370825,-0.1679545303050278,-0.008507251089908276,0.0016179308576106943,-0.19444740408536615,-0.020449125550093535,0.005124139021456675,-0.09771993603995527,-0.008823266575798072,-0.014304174740585334,-0.13131351268078947,-0.011224068439523413,-0.016716082787169517,-0.1562263060527038,-0.019759103038227872,-0.017512921784938938,-0.1810249434038093,-0.03161130754859655,-0.014573556509001644,-0.08275220322349978,-0.019289229400864687,-0.029958372116273002,-0.10595026707163972,-0.018434112536178188,-0.03377459577090246,-0.12800026593861946,-0.02320779522896427,-0.03597427608498498,-0.14913996641751479,-0.031135652520056893,-0.03420038836428376
0.0,0.0,0.0,-0.025829605521922074,-0.00485928649881075,0.026992445329307727,-0.05260896519078002,-0.015401744709408766,0.046651839977588316,-0.08281872125578943,-0.02420540718821985,0.05824353379788152,-0.10885017308162032,-0.031084579276436368,0.06812543138834236,-0.09988742034852183,1.6189421551926925e-17,0.023562277070707335,-0.12853756945435418,-0.006262506858681926,0.030051882158368456,-0.14714377400748724,-0.013974365023564216,0.0333085002434173,-0.16524374612260997,-0.04042497537889711,0.0363246601816193,-0.1020150176513321,1.3157369122176964e-17,-8.01073138059629e-19,-0.14222287437542824,-0.0003290718103337446,0.004217251274709701,-0.16956427104668653,-0.011997059819184185,0.003029865506892692,-0.1968890206205358,-0.028750612623332766,0.0076927285030272815,-0.09832064383460408,-0.009094511294924685,-0.014870796634379492,-0.13265569040146005,-0.01193156196246324,-0.017520897877448424,-0.15829946905557257,-0.022882734046702515,-0.016902196512105373,-0.18260109363687527,-0.0380829301094631,-0.013577427057793471,-0.08278453246887059,-0.01981267308624218,-0.031073687056300658,-0.10719855073185608,-0.01975914650719908,-0.03417839338336666,-0.1307626076222529,-0.02503023819528405,-0.0349975853906498,-0.1520435101549901,-0.03408403988011107,-0.032507880568611876
0.0,0.0,0.0,-0.024929045880809183,-0.006791306476155182,0.02801533599993889,-0.052643447177645145,-0.0169911256964162,0.04579130289950255,-0.08467131077413219,-0.03173980451965531,0.054595307658065126,-0.11364002659480026,-0.03823143559016944,0.06130225675457588,-0.09967832667340815,-7.096191809961231e-18,0.02409590797060552,-0.1252462394052606,-0.010428992425389109,0.02972800869945418,-0.14191164394924133,-0.018605780911521957,0.03315497027807861,-0.1573064073039016,-0.0474653794009427,0.03784911534605374,-0.10133339781032266,-4.949763689311801e-18,3.2472520093303956e-19,-0.14420786702985164,0.0015215488140684218,0.002990723754624936,-0.17196783689463696,-0.008350130713356416,0.004055782508651231,-0.2014832096320834,-0.022009531244128484,0.010542459128731798,-0.10007228770477966,-0.009322041855180022,-0.015795449899172587,-0.13388193530151182,-0.011334989876426057,-0.01821576596288752,-0.1602964740538875,-0.022184881650159912,-0.016439670318652417,-0.1843040028375,-0.03602748648452968,-0.013459357859496568,-0.08476078070635734,-0.019834556285341177,-0.031146124544928426,-0.10875632061614758,-0.020334922249523206,-0.03490599125823612,-0.13433815621729361,-0.026057213550462928,-0.03497272861740791,-0.1533673072890537,-0.03651162947419931,-0.03349639651380795
0.0,0.0,0.0,-0.023149244800230475,-0.007946332433233219,0.028200494127758657,-0.049654075460193625,-0.02003660230457627,0.04460659848668418,-0.08267493135818549,-0.03353054657912229,0.051133741688397946,-0.11266810213749474,-0.040413489640028825,0.054482172513285715,-0.09629959632926727,1.0932316295232238e-17,0.024485877083398184,-0.12006033762179674,-0.014481552185126855,0.030060625549367108,-0.13468979046378793,-0.025022993418709207,0.032858944571267826,-0.1450455687275412,-0.05543545171094718,0.03565226827779438,-0.09885181369626853,9.193691318498748e-18,-6.514210433532131e-19,-0.14224751354175097,0.0016768110032768645,0.003517978516249736,-0.17153120109513723,-0.008987919208023037,0.004723867114230891,-0.20081055750904853,-0.024213465933239035,0.010689327265677033,-0.0981406733153364,-0.008789475306266406,-0.016694482555362766,-0.13303620586473358,-0.01022675546387641,-0.01990715381428469,-0.15841369051586235,-0.01942900254163065,-0.01801798868659093,-0.18261859787931173,-0.033734392081485765,-0.0146143850986844,-0.08322352011228104,-0.017708871778934415,-0.032811983641942696,-0.10786559284700671,-0.017695759102466246,-0.03613961186253499,-0.13334111928350684,-0.021868538539554335,-0.036633495457992785,-0.15175831151654573,-0.03225379967860879,-0.03556441153907396
0.0,0.0,0.0,-0.02337912705379992,-0.008030132582227551,0.02818155494299278,-0.04998851217198687,-0.02024139340030517,0.044495025730537895,-0.08302197985303927,-0.0337940735060877,0.05120310626131743,-0.11341760469937068,-0.040920650585208086,0.054745762593791984,-0.09671802471661796,-1.5727312682477778e-18,0.024345537749296577,-0.12077106243186475,-0.014354271053845053,0.02988837303372744,-0.13525311277803936,-0.02486474451964563,0.03280913724958698,-0.1458105533863036,-0.05539444222620289,0.03573449950439401,-0.0991092084591859,-2.5551906777536573e-18,-2.566384266748484e-19,-0.142500737756282,0.002179232552128141,0.0034306151013918196,-0.17186450057960706,-0.008282323762104417,0.00458118183061742,-0.2013594193096868,-0.023132941283889798,0.010826513485860565,-0.09849239991342015,-0.008722878976506341,-0.01657331501441039,-0.13315674045713388,-0.009758199243703223,-0.019961825008122096,-0.15871191387113437,-0.018880318570529134,-0.01811170510113935,-0.18302734553809932,-0.03312998639518284,-0.014559872653604915,-0.0834642420845461,-0.017780417340987346,-0.03259796744217904,-0.10810961070795333,-0.01750519830315616,-0.03606816344240552,-0.13384226900360432,-0.02129940327627566,-0.036701015387148254,-0.15230706567609198,-0.03174491358846725,-0.03566703112884751
0.0,0.0,0.0,-0.021720309643561125,-0.006437328324578958,0.0271685213650022,-0.04880166680014327,-0.02197397786031603,0.04426918053389633,-0.08200059675865748,-0.03784147934916531,0.05008826525857595,-0.11386530226148656,-0.04758673375829181,0.05015664712395826,-0.09549265573106777,-2.4007990578571627e-18,0.024354928647502327,-0.11858538070385106,-0.017688313785474107,0.031151557690617657,-0.1267305050512334,-0.031762464102566605,0.0345327211630675,-0.12735976377198666,-0.06565764824077878,0.03419324464419961,-0.09681993426841479,2.379023657478675e-19,-2.739360592906908e-19,-0.14024756229604785,0.0002206026703902747,0.004929184597232605,-0.16909151711220932,-0.010655363670488678,0.0074173565403747,-0.1981842901534589,-0.026885565577197738,0.01394706546552162,-0.09647715378300276,-0.009011056042299341,-0.01714057741517832,-0.13073335860680907,-0.008527345912788978,-0.01917524662404878,-0.155981499717424,-0.01680715427164969,-0.01728416182163772,-0.18175405933875347,-0.02964706862657654,-0.012688985550439878,-0.08171850309484101,-0.018075949246470605,-0.03292355241705212,-0.10629316903567834,-0.01829851195541702,-0.0357635810563757,-0.13217010263839005,-0.022681898864521162,-0.03691482649586798,-0.14974238208422333,-0.03209879605614335,-0.03532191075936621
0.0,0.0,0.0,-0.022566117419865143,-0.005995985042199793,0.027432176573487066,-0.050778769716955226,-0.02261108586454513,0.04379204640145881,-0.08294263792134204,-0.039299503800723265,0.04928659636766584,-0.11814271022251381,-0.050819483963022695,0.05038397717649918,-0.09707529519513752,-6.410745596839444e-18,0.024553585923666108,-0.1225520788780775,-0.01869652040796142,0.03179231628674067,-0.12653871771668945,-0.035382896124598995,0.03624932105536851,-0.119318587809796,-0.07422335201037332,0.03972045245412353,-0.09778565876853884,-5.5133471730504384e-18,-7.686097111369495e-19,-0.1402360107529115,-0.00039636499799643643,0.004690421906561263,-0.1690871548440372,-0.012778443101165668,0.00834800082586092,-0.19814838343115473,-0.02990750694066394,0.017728470679720696,-0.09710210759009548,-0.008998270569366494,-0.01667947061024284,-0.13160081450246522,-0.008279200448564119,-0.01851906967930191,-0.15722665401110303,-0.01793180933001992,-0.016733426317212106,-0.18337032730911274,-0.03114401669576954,-0.012276305007573455,-0.08266134383110672,-0.01901883880510469,-0.032654721425778244,-0.10608426985117377,-0.01911762458844753,-0.035885965900431936,-0.13380824671659752,-0.025079039268831302,-0.03638101484849163,-0.1510438541603266,-0.03469996860780448,-0.03341406946196895
0.0,0.0,0.0,-0.022662298551684886,-0.006648254494533879,0.027559950159327704,-0.051321525846763145,-0.02330866605950608,0.04329814049957072,-0.08395943205792573,-0.04042003746472411,0.0473618335367894,-0.11986619995844171,-0.052652609728504336,0.04829879880281636,-0.09774894703714002,3.3590204081293164e-18,0.024565393770835543,-0.12290807783431841,-0.0187819245275672,0.031116907667556353,-0.12824237791576618,-0.035474152873442015,0.03542348092073234,-0.12195879075602482,-0.07384918035294186,0.03801628484645208,-0.09873308166220347,4.249285950098701e-18,-7.799992385393745e-19,-0.14153836086824795,0.0005431635959523527,0.004146057816603793,-0.17028961876941875,-0.012605833769190852,0.0070445314321388956,-0.19990987756388087,-0.029121320852181113,0.016151907957591798,-0.09772525138139038,-0.008570661296584351,-0.016676332316051302,-0.13253406812686191,-0.007991449222932448,-0.019147199852327525,-0.15776426772457422,-0.01728050311450174,-0.017740527146530762,-0.18406396412988385,-0.030407664431193873,-0.014358837440093563,-0.08318210588886799,-0.018417738308660128,-0.033092771385124814,-0.1063070675079818,-0.01832685603866625,-0.03616809819566445,-0.13348157397387914,-0.02364138878921754,-0.0366341065086114,-0.15136297859115905,-0.03322204915489323,-0.03424052268271655
0.0,0.0,0.0,-0.02318776750274648,-0.007258250757532325,0.027597638030435096,-0.051267377670592654,-0.024067993025875443,0.04317274374463466,-0.08379433143241714,-0.040641533011006044,0.04746628278715136,-0.12000186145294053,-0.05294010119892308,0.04823098417855687,-0.09901459409075769,-1.1074294351052664e-17,0.025107147837432182,-0.12454185609497308,-0.01896821151138589,0.030850903775326764,-0.12893824970838386,-0.03584550635519613,0.034347471832895334,-0.12039276484643095,-0.07393339160164407,0.03635890332788893,-0.10004294879352882,-9.612552031897538e-18,-2.0527136495778177e-18,-0.14323837458237246,0.0009472688698943761,0.004954062885467632,-0.17158694911852623,-0.011573222613465023,0.007661376902236923,-0.20129326303032472,-0.027977328134022404,0.0171555242918284,-0.09876158903742104,-0.008641842007497015,-0.016752094395000798,-0.13418137372312186,-0.007624109927380425,-0.019163882515460917,-0.15959402005043405,-0.016114995129679937,-0.018079314669247844,-0.18542177939736412,-0.029169611446929658,-0.01435148078022931,-0.08412084610003777,-0.01831263703182696,-0.03344022492874263,-0.10802325053180209,-0.017314456856686866,-0.03681024773702616,-0.13609754981188016,-0.021806012875660887,-0.037280707055976144,-0.15342811725605543,-0.031508476871358305,-0.0348037017884527
0.0,0.0,0.0,-0.023164482280411448,-0.007814009389381194,0.027254516169114267,-0.05124552553586952,-0.023991751088372166,0.04298341460084669,-0.08430691944435272,-0.04023672633662687,0.047571600363660156,-0.12033331164021815,-0.0524403020267466,0.04890076520333134,-0.09899943543298305,-2.899436429951805e-18,0.024905679110538016,-0.12441832710211802,-0.0185424194786424,0.031108405573956055,-0.12993153431588886,-0.035297273899274194,0.0346572547512576,-0.12276110169340898,-0.07266540830310726,0.03661084467955523,-0.10067591604569823,1.8424127757565904e-18,-2.308017749914087e-18,-0.14405484618419742,0.0020015450912594995,0.004812595044243096,-0.1724889736190073,-0.009933275513541699,0.00756545807175643,-0.20254097061785967,-0.025658437690657905,0.017284442908324454,-0.09930291525926041,-0.008501030410600253,-0.016586627227334495,-0.13491904295927326,-0.007491476055557024,-0.01903677995009058,-0.1601650125207088,-0.01529322772741168,-0.01789220243779403,-0.1864490648147901,-0.028371588551545108,-0.014058909929842668,-0.08448311866076677,-0.018286650463152043,-0.033376831985209084,-0.10897491171327489,-0.017186607696803486,-0.036936652003185695,-0.13713212624046256,-0.02166281756755961,-0.037421933208415165,-0.1542681815833853,-0.03097224769354033,-0.035066483422967594
0.0,0.0,0.0,-0.02235366786285501,-0.007524084813225269,0.027519364452124048,-0.050271733003049844,-0.02368653855982949,0.043690601391019164,-0.08350672627548751,-0.039690537861496566,0.048338603740174416,-0.1189588613907232,-0.05199007878068173,0.049520706470594845,-0.09792316336316643,-1.2339115210150061e-17,0.024949826384434947,-0.12308260856693888,-0.018491413489086214,0.031523965339510025,-0.1288094193053593,-0.034851828308931854,0.03563537868330053,-0.12221396461217568,-0.07166748415884482,0.03804472192392771,-0.0997716994214729,-9.473533292266703e-18,1.2177827424260803e-18,-0.143211432704228,0.001409446876129063,0.004980063902671488,-0.17172775028282958,-0.010734806031341743,0.00830543631038083,-0.20159278036003422,-0.026233960054520274,0.018302003781585512,-0.0987229374844168,-0.00858974996433815,-0.016512860831370935,-0.13430363733265238,-0.008110068021208823,-0.018560132808658862,-0.15953725749654224,-0.015925567434461028,-0.017205393958216134,-0.18548614208813913,-0.028678265310033393,-0.01316537952784828,-0.08396211703005504,-0.01840286444738128,-0.033287135441377874,-0.10833458640807933,-0.017430491825908806,-0.036503413673280416,-0.13634587200406462,-0.02233247700111529,-0.03699365275830501,-0.153167576916566,-0.031150393608821325,-0.03426637119194093
0.0,0.0,0.0,-0.021939805253815982,-0.007388217476198992,0.027460354787534922,-0.049996506241423745,-0.0233359683843636,0.04369164590743819,-0.08263700422709212,-0.03952929493269063,0.048094848138903974,-0.11794556294036114,-0.05226476636502535,0.04932279844132843,-0.09750761754448249,-9.974182677803804e-18,0.02457893110426829,-0.12241833222048654,-0.018722904547565238,0.03174644768605274,-0.12793617084102932,-0.03517139179975226,0.03606878268858733,-0.12146450302816299,-0.07206755759002426,0.03883613067108353,-0.09946959696217698,-6.775020661615859e-18,-5.738856046776789e-19,-0.142561449380132,0.0012606280530821571,0.0051739706426757286,-0.17140540701997442,-0.011253064751679271,0.008713094883006133,-0.20141805254148035,-0.026573282074223253,0.018700120220515655,-0.0984945178539554,-0.008674543467459737,-0.01616686667548994,-0.13397751091895466,-0.007874502908513818,-0.017979018075169318,-0.159192765744554,-0.015430418246052801,-0.01654243409584879,-0.18555224671425782,-0.02772566235939733,-0.012518724941905443,-0.08388690306269632,-0.018720809218619745,-0.032598572597913246,-0.10787439751684583,-0.017890641946149526,-0.03566243194406462,-0.1359153843079189,-0.022644795051996017,-0.03587906879816682,-0.1529063438408025,-0.03142747123669432,-0.0330511895533799
0.0,0.0,0.0,-0.022558110195045604,-0.007253206346515869,0.027530798094904597,-0.050416570785171685,-0.023780537636884456,0.04346725457735887,-0.08315833405788065,-0.04048356896139996,0.047862401356784955,-0.11838110348172393,-0.0530240316284559,0.04823532503405248,-0.09862064803274065,-1.0179093849548789e-18,0.025113084657186396,-0.12289518747411285,-0.018737253864128316,0.031424226840957255,-0.1280315248609472,-0.034593247934132876,0.03541509397991418,-0.12204583586433917,-0.07072004518591123,0.037748187755509685,-0.09991899381366771,9.938856042738954e-19,5.182110891011522e-19,-0.14372159272651308,0.0013018347001416812,0.005062458689594013,-0.17195033996585132,-0.010458369882611047,0.008038133571366098,-0.20162548385408016,-0.026690740923932144,0.018218451601679193,-0.0990578597416836,-0.008945969679189513,-0.01661801677459846,-0.13439658565728885,-0.009177576283297127,-0.018279236792277456,-0.15990536348553042,-0.0176590209362156,-0.01704540553467677,-0.18506955442512096,-0.030365149391765437,-0.01291196110151189,-0.08426523653095563,-0.018890503523778183,-0.03301777901649842,-0.10859008908872872,-0.018926994122793153,-0.03588987772519892,-0.13686128055598246,-0.023909739201986933,-0.03622768507433116,-0.15322447413215323,-0.033451594061194335,-0.03348126262643818
0.0,0.0,0.0,-0.023225755357590312,-0.007381646601857576,0.027165983498919587,-0.0514756370452787,-0.023832092128376507,0.04247579737639031,-0.0841459444090395,-0.04070862848328273,0.04635981663385119,-0.1202614127542642,-0.05349699016263163,0.047044560268446736,-0.09983896494939637,3.9379662902042884e-18,0.024816118748749477,-0.12523335092968058,-0.018841702992264564,0.031105531814743924,-0.129083683411995,-0.0351763265821539,0.034760922507959736,-0.12070525464107969,-0.07224642827007997,0.03655787868326959,-0.10070952249705571,-2.941262714227972e-19,5.307275596153012e-19,-0.14377962810674136,0.001972259837901339,0.005155336793306412,-0.17231652528256733,-0.009041730172186133,0.007634309586071998,-0.20261909599132236,-0.024333498701042306,0.01744291111802087,-0.09935008288984991,-0.008798819184100042,-0.016365335944234945,-0.13449018034267193,-0.007443043462875133,-0.018478293051707794,-0.15995697698695968,-0.015160902376583385,-0.01720579527967592,-0.1862168951351702,-0.027401785831929207,-0.013532930964805285,-0.08446153487922002,-0.01876051283726055,-0.03296858868262871,-0.10860788933220997,-0.017356707292037563,-0.03612336856831461,-0.13684557636664538,-0.021161665633340283,-0.03661415685056345,-0.1542406547393946,-0.03087772881567994,-0.03399928820653711
0.0,0.0,0.0,-0.02391057518284241,-0.007661084131486957,0.02687727650192339,-0.05229143593136304,-0.024025548477074603,0.042501409238202704,-0.08444580289327186,-0.04169300667721862,0.046819362602218424,-0.12066929383852337,-0.053751233718460356,0.04770346949501768,-0.10093172559772438,-6.359868509095875e-18,0.025018912871656064,-0.12713481642032004,-0.017821601160203867,0.03181439798066302,-0.1310854864253301,-0.03490205734850664,0.03599095203268424,-0.12205112068030104,-0.0749945633812051,0.039480094986116966,-0.10125170969473461,-3.9289531234547575e-18,-6.954591698132559e-19,-0.1442140954121328,0.004864841406041202,0.005787494939596945,-0.172435890569705,-0.0038721748623724243,0.008153584485661084,-0.2040150723014077,-0.01999925820062266,0.018193985244215078,-0.10016183396547348,-0.008836092638591612,-0.01613248288027465,-0.13520315572189232,-0.004504498302773714,-0.01864718772907344,-0.16084937155507203,-0.010405946895039582,-0.0170291500329133,-0.1890182919178315,-0.02283012438906563,-0.013509895199583006,-0.0854375827388431,-0.019168693940296078,-0.0331620175399555,-0.1107633601897405,-0.016205285579857082,-0.036118089551323854,-0.13955655805681474,-0.018381846769025007,-0.036771658121696464,-0.15839515473063243,-0.028397521843720214,-0.034133106162568705
0.0,0.0,0.0,-0.02409713928938999,-0.008323117382263443,0.027742196937701885,-0.05246573512249757,-0.024116954414973496,0.04337646550314434,-0.08475286076457704,-0.04122433479512982,0.04708651861721906,-0.12152740312529894,-0.05328779211707193,0.0475511870113302,-0.10066843654581249,-4.713745589300541e-20,0.02525063170610715,-0.12675048389305218,-0.01835930188468177,0.03157185723744599,-0.1312959166322529,-0.035731095107035205,0.03551750657117283,-0.12272817584311897,-0.07531256095200782,0.038268384405208966,-0.10148375271944404,1.3325224256840798e-18,-1.759354665721346e-18,-0.14441084815964775,0.004438800224200146,0.004989979918023113,-0.17328833899354829,-0.0060972156217109314,0.007298506050921238,-0.20468981210196194,-0.021966665833869876,0.016763738500974373,-0.10029307634285393,-0.008293299275525213,-0.01647733617893043,-0.13537751732414313,-0.004988762044006568,-0.019087459557845347,-0.1607135139198512,-0.011804545622534633,-0.0171790249701987,-0.18844294111181692,-0.02436851998250483,-0.013591769844508803,-0.08564665319577354,-0.01837879588324049,-0.03351256525485849,-0.11039534960642187,-0.016085330758640545,-0.03675719548266591,-0.13886062953505496,-0.018803002759149288,-0.037333138454825575,-0.157126998516117,-0.028961833593053137,-0.03494912043632576
0.0,0.0,0.0,-0.023690785771075352,-0.008087084333876109,0.027636878374479545,-0.052007385405821796,-0.024084430496052422,0.0432359285586848,-0.08455468221287903,-0.040746829164746645,0.0471545761775885,-0.12129945042357636,-0.05281943547752357,0.04728468665325146,-0.10047868653087512,-1.2563076868390025e-17,0.025412025569397895,-0.12592090268733258,-0.018788265314694578,0.0317588808525326,-0.12988393885506785,-0.036021958041830546,0.03563284067588447,-0.12099433631156005,-0.07480434373271344,0.03786165803485616,-0.10118160488041959,-1.1748078971898679e-17,-8.947860323181983e-19,-0.14443432468484382,0.003399942360693381,0.005007863726332965,-0.1729517542976202,-0.0076843346001800655,0.007187630689277381,-0.20360999237468347,-0.024068170663568485,0.016805719674660352,-0.10002528902273505,-0.008570116460083694,-0.01693758489137231,-0.13525221974630544,-0.0063542373507957,-0.019194585086039502,-0.1607634637676694,-0.013970130667959489,-0.017536243663933436,-0.18739803323924203,-0.026774778820827124,-0.013485201490456155,-0.08522590158932962,-0.018422607627912417,-0.03371042310031842,-0.10986994172876524,-0.016978653635569243,-0.036812760488069037,-0.13821938669891867,-0.02018385954592173,-0.037410908660667465,-0.15583355487025594,-0.030419709911024082,-0.03515647310032075
0.0,0.0,0.0,-0.022879008083467645,-0.006714527793784485,0.02873650272410685,-0.051520711689438496,-0.023179150078554284,0.04462876319386148,-0.0837619114589395,-0.040953936506957875,0.04908652114674746,-0.12039061545053215,-0.05337245734526031,0.05004228154325013,-0.09876660953797699,1.400541515888649e-17,0.025141934506109163,-0.12414965185529762,-0.01885938215030441,0.03268721190160756,-0.1281655930780005,-0.03608345547026048,0.037960779692592,-0.12020714244591169,-0.0743268368157783,0.04214742662996216,-0.09984912049659854,1.40100318606803e-17,4.617482962502565e-19,-0.14233553793581724,0.001641197242675445,0.0041435441638011045,-0.17166038108805223,-0.011801684892912534,0.006635613806572958,-0.20139186865749303,-0.028507459952714687,0.016566247881713538,-0.09878677665483734,-0.00872272922111168,-0.016462885399459934,-0.13357859120140883,-0.007774621133378194,-0.018574663052276213,-0.15889230658109538,-0.01755193161516201,-0.01570297416265638,-0.18653229744902586,-0.03160959858966107,-0.010542624645672983,-0.08424433429687479,-0.019210599824762756,-0.03267174050270149,-0.10788105593329485,-0.019089013251001458,-0.03525546157277044,-0.1353274273966602,-0.02441737755468717,-0.03537634924987165,-0.15401982098599235,-0.03523497867390917,-0.031976191945979796
0.0,0.0,0.0,-0.022726799351751245,-0.0074004029909893205,0.02745087980722189,-0.05192181908831486,-0.022795320690458535,0.04569872737765931,-0.08533352679024434,-0.03760309759888656,0.05143879848676481,-0.1222492892908854,-0.04817180031921033,0.05376331379609678,-0.09735216435250886,-1.7703519699266924e-17,0.024859795242457638,-0.12481195533110327,-0.016328205593088157,0.031986261818125084,-0.13116900681343785,-0.033217319734662645,0.03684981875152593,-0.12667272304488852,-0.07101971682356938,0.03953210542041788,-0.09839756990229856,-1.8511739031584158e-17,-1.6897498276310124e-18,-0.14171057450242838,0.004884264936076019,0.0036152119480241268,-0.17091846181636758,-0.0051527438412769045,0.006130110874949234,-0.20171413333466262,-0.020680180137819356,0.01357089263096171,-0.09817418365142601,-0.007788139868529484,-0.017053193894702584,-0.13183712391323751,-0.004286482745261609,-0.01915467554374124,-0.1582541375927461,-0.010981322518942311,-0.01705334295394164,-0.1851125428714354,-0.022915677741382385,-0.012322036126339059,-0.08309524435081692,-0.017283518584508484,-0.03300522253874875,-0.10715397129045305,-0.015324516390598944,-0.035606194422948476,-0.1350501858970144,-0.0192528921932428,-0.036620426768785345,-0.15374095265684387,-0.02801508409425634,-0.0337990499531589
0.0,0.0,0.0,-0.021697905850844728,-0.006539153018202861,0.0291770939882373,-0.047582950945163,-0.018139948817780333,0.047233448174343357,-0.07907299390941706,-0.031288773978283065,0.05596691014966297,-0.1062259406607331,-0.037937444936147785,0.061684094564914804,-0.09433785112719624,-1.2696937542365527e-18,0.024680524613659754,-0.11654731483516752,-0.01614192363506562,0.030719385831846167,-0.12616526161212516,-0.029504427040830488,0.03395407026808063,-0.12782970700191987,-0.060902018066115046,0.03427554241213669,-0.0970081659920528,-9.147608543736142e-19,-1.9090891941456816e-18,-0.1392211413780086,-0.00012869075707473669,0.0034678549246065188,-0.16786816118634276,-0.011276643122905211,0.005628043233544145,-0.19625697935494046,-0.027237063990800992,0.01136111746558117,-0.09598562616229611,-0.009174911747245464,-0.017175972170294335,-0.1303019994222983,-0.010687962977543163,-0.019087911517497076,-0.15505284432027566,-0.01971233380747073,-0.015953483332478185,-0.1797731043709041,-0.03410142088766925,-0.01178603148379438,-0.08187294486781062,-0.019471444723495462,-0.03242183908143097,-0.10595453099486196,-0.020695066754972985,-0.03502353951748161,-0.13015860754510097,-0.025435841433427604,-0.035132057093659005,-0.14871127679648916,-0.03601703678904158,-0.03297318521197612
0.0,0.0,0.0,-0.022393479106150364,-0.00702701623667734,0.028534564858745892,-0.04605043118644578,-0.014707871258326405,0.04943879405697503,-0.072710244266265,-0.02301792853287242,0.06319398039572523,-0.09492322967798479,-0.028425218360744322,0.07372397926472775,-0.094044415785674,-1.0511563522504507e-18,0.02356880557439918,-0.11749737810200472,-0.01349703330301518,0.027154082562207055,-0.1321112411164256,-0.023870465051289178,0.029768524616563728,-0.1412826874215737,-0.053209111020640805,0.03039423955155417,-0.0965913899648657,-1.5631135843356612e-18,-1.0252111990275685e-18,-0.13771476362036505,-0.004668708574113971,0.0035063836197637343,-0.16404054861094736,-0.017451393396518217,0.0034674531378186004,-0.19131157254547485,-0.03223076357052698,0.008670271723515465,-0.0943106357266077,-0.010658757028423779,-0.01713206320650122,-0.12803394174864036,-0.015201451866086844,-0.018797101757771273,-0.1512360421650025,-0.025870275281185243,-0.016625122068432762,-0.17330026746720903,-0.04065084174078867,-0.012567708592409818,-0.07968684489789825,-0.020382473334898194,-0.033203916526697866,-0.10323424562881403,-0.022299692905687982,-0.036311847658310095,-0.12655582116938333,-0.02832111926370587,-0.03715083376113644,-0.14552390882268046,-0.039502753928148504,-0.0350304886530298
0.0,0.0,0.0,-0.025079109790723537,-0.006473006313011238,0.026727414806179177,-0.047540929794960635,-0.012351870796067714,0.0506714971387034,-0.07222193702999866,-0.015376932950249214,0.06806095254576483,-0.09305175935766309,-0.015316812120702237,0.08130464536235625,-0.09583504528559454,-6.265858243407093e-19,0.02279864451722936,-0.12454254366603458,-0.00806853042848607,0.02831502762118711,-0.14307049390044813,-0.01754008764838635,0.03153156876561984,-0.15539372463569948,-0.045359655375188636,0.03370742445492469,-0.09870032236103791,2.7464552176231985e-19,2.019437905444217e-19,-0.1386293496162261,-0.004293524226819128,0.0038643931625949464,-0.16447873034741756,-0.016527471815140922,0.0029961330173535576,-0.18984034905280475,-0.030844141717338194,0.007528534102808507,-0.09455926410827706,-0.009601815663911932,-0.016161681459756643,-0.12849303838461043,-0.015350149886965368,-0.01781765329963771,-0.15295087454651926,-0.026812120348956983,-0.01669698820697181,-0.17583673627925175,-0.04077430361548525,-0.013067880039623787,-0.07994651911744438,-0.020157096055406554,-0.03190832027090578,-0.10351480022304672,-0.021089101967160736,-0.034716720802686056,-0.12579889321583393,-0.026038806747307044,-0.035903272771371085,-0.14802741903491418,-0.03553214195734036,-0.033225572044476105
0.0,0.0,0.0,-0.025097838043890493,-0.006405002676473398,0.026722332040648413,-0.04761924433831799,-0.01205469473396391,0.050682705400268195,-0.07223535096467198,-0.015102115530670517,0.06801218072327127,-0.09286691772353636,-0.014969113188582487,0.0812952452815481,-0.09585903420106784,2.7714581475048975e-18,0.02274566975852311,-0.12438188635556015,-0.007929839961657926,0.02821678169997043,-0.1430035370619885,-0.017256277346077032,0.03136211418263613,-0.1554730052921568,-0.04498447717302411,0.033422160039057534,-0.09870322122579141,2.4997332195397434e-18,2.4222775779439264e-19,-0.13850343483291871,-0.004154157267402451,0.0037248834082181043,-0.16447176044398432,-0.016334843848027435,0.002890906344923883,-0.18982883841804613,-0.030395116698761448,0.00747092334028008,-0.09451287434969732,-0.009599403343877589,-0.016122111495904423,-0.12849180610718933,-0.01522008083098472,-0.017914335751116728,-0.15278758093788847,-0.026686257316128503,-0.01679449337058665,-0.17585748454243455,-0.040641225731141255,-0.013288267117095985,-0.07991760195803504,-0.02023877044856801,-0.0318574816094213,-0.10333042342424315,-0.021217060688547135,-0.03475523451611595,-0.12563671824426995,-0.026178770571169904,-0.03582220096313471,-0.14797488455380078,-0.03576577339463479,-0.03325493229654739
0.0,0.0,0.0,-0.025420116825609844,-0.005577371638643472,0.02490439913327178,-0.047289254110901485,-0.010272705144186075,0.04842616936106964,-0.07026044803432273,-0.008479166886234861,0.06778783783685889,-0.08939464971866931,-0.005887521738667964,0.08342752503020975,-0.09516029082712113,3.0720871959157037e-18,0.021202267924940045,-0.12481145956085583,-0.005869609872195762,0.027807342832379327,-0.14467902693797333,-0.012011924131158475,0.031293307074682475,-0.16016305489811297,-0.03600846421218417,0.031864863661088594,-0.09776113858474461,2.6406055933751273e-18,6.123677916077503e-19,-0.13660008984855293,-0.004112360281121588,0.004336606043500281,-0.16197142620515922,-0.01499701203166261,0.0017665198789469218,-0.1869701923938584,-0.02781406139037811,0.004760317763597383,-0.09354788430954225,-0.009015967670918957,-0.015671009126675347,-0.12626158956005692,-0.01366816186509897,-0.017020948247367933,-0.15061761228791967,-0.023160261381828636,-0.01846524007790199,-0.17366134142602652,-0.034438153936433416,-0.014961110866635752,-0.07868532476470148,-0.01842597904619568,-0.03137237829049733,-0.10208091524895563,-0.01850067906273005,-0.03459926052465204,-0.1228137468582809,-0.022638318039196925,-0.03677841985305979,-0.14428039524398487,-0.029489658766996416,-0.03472453141308779
0.0,0.0,0.0,-0.02609988182768086,-0.0056988989688157195,0.024765748656992596,-0.047093031683789636,-0.009625392012590696,0.04839137818808669,-0.06908715563223145,-0.005761088722823078,0.0696062512100421,-0.08797613529153615,-0.0018523048717032343,0.08620451266481297,-0.09619623125793415,-8.096685424106689e-18,0.020991999485507076,-0.12630518098037494,-0.004408584499303108,0.0277620396355218,-0.14737994728674841,-0.0097052133154913,0.03161439810547073,-0.1635492336264055,-0.032254513373997595,0.031497256065986926,-0.09830535192681315,-7.245340797909456e-18,-5.028812351520425e-19,-0.13608422575559168,-0.005056932763928838,0.004145879202918874,-0.16093259187138903,-0.01588488277988803,0.0012146415806195796,-0.18542152896264413,-0.02860045156849706,0.00357960810335635,-0.09358858373707916,-0.009240018648821523,-0.015566663925140242,-0.12555278839443362,-0.015012491621987284,-0.017060213065819133,-0.14972217215675956,-0.025060549469868708,-0.01899626036386709,-0.17160987270507444,-0.03625182784478258,-0.016211152104479577,-0.07825791275042136,-0.018365257574753248,-0.031087852456073522,-0.10106551306695898,-0.019212031905265964,-0.034162264546068674,-0.12216101470346367,-0.02409631053818239,-0.037256500640473034,-0.1427106047548537,-0.031177632412066256,-0.035395838731582606
0.0,0.0,0.0,-0.026559505704800052,-0.0053136585282175155,0.02535256575407661,-0.04791495188154798,-0.009370251917195762,0.04901757633365612,-0.06973464443241574,-0.006866736275170351,0.07014993991053071,-0.08810103047434634,-0.0026833906323826275,0.0867014961882438,-0.09805623659553013,1.3527083700812134e-17,0.021588603703189088,-0.1291434212131629,-0.002647833039856687,0.027714505377213174,-0.15042456593585046,-0.00583987992956506,0.03127941464554805,-0.1674322133904473,-0.028047786515583546,0.03213113849188868,-0.09983907093295138,1.435654410068154e-17,1.7004572864572506e-18,-0.13836173510984096,-0.0041045620900393995,0.002851500416018617,-0.16390130920559665,-0.013816158128728008,0.000698012652507684,-0.1876892677728123,-0.02443227527777606,0.003946274355372853,-0.09485334290283773,-0.009243103458827971,-0.01607932563953731,-0.12750115184787672,-0.014116567516558464,-0.01850830827987051,-0.15190392254485657,-0.022792561606750982,-0.01959811030707496,-0.17371118887590892,-0.03245503714125212,-0.01584176894312675,-0.07977352335976379,-0.018747297762515856,-0.03117851492217789,-0.10328862411224075,-0.01945964769654456,-0.035086490199489236,-0.12384606891586335,-0.023476847816418657,-0.037762376786468,-0.14452273013672606,-0.029316296466234484,-0.03575095458329244
0.0,0.0,0.0,-0.02659165244269566,-0.004800242252961907,0.02535487402757037,-0.04751608190525184,-0.007970737366684622,0.04935500367089222,-0.06860979403913318,-0.004337602680987374,0.07146474750556712,-0.08550765400836946,0.0015904295818948634,0.08900670543893452,-0.09799099317386,5.373190775734007e-18,0.021408158031370254,-0.12885573477334175,-0.0022083222590514547,0.02762738867461968,-0.14971150430781335,-0.005218003627895795,0.03134361358477526,-0.1664699838575931,-0.027735941191467106,0.031366418175725615,-0.09930238831028768,6.7641832772723134e-18,3.218101065944776e-19,-0.13761924520748609,-0.00435359940139163,0.0021875174973719643,-0.16330565437671718,-0.014193334895492111,1.6429348157943506e-05,-0.18612153941971465,-0.024592121329308977,0.0028871009084676983,-0.09389703170672152,-0.00901375959359245,-0.01645604718046673,-0.12684005066247245,-0.013639979958783422,-0.019155175944199177,-0.15076228527093158,-0.02274384993397158,-0.020425348728385452,-0.172614014625693,-0.0318026773254908,-0.01691460417374986,-0.07905019029795601,-0.01825760436880876,-0.03166675487673016,-0.10204101481876268,-0.019526919806269808,-0.036130567315336086,-0.12253289793490443,-0.023549345517860545,-0.038778978008918275,-0.14346822922775113,-0.029167192903853084,-0.036781471761287356
0.0,0.0,0.0,-0.02681196815981333,-0.0063864268680643285,0.024770592283727504,-0.04767529344757244,-0.009710805308144334,0.04888148528910908,-0.06879031801085281,-0.0049163262427610824,0.07215642629952294,-0.0867928975868751,0.0016717410195773831,0.09057617508972214,-0.09822700046729865,-3.2292535544029162e-18,0.021351872841475553,-0.1286002017748435,-0.00356941763807602,0.027428911173982013,-0.14981253905235276,-0.007306093805278041,0.031133633036342423,-0.16640160311406885,-0.028034337276485112,0.030934451911971445,-0.0996700139218698,-4.6693917512651416e-18,9.991273185686732e-19,-0.1377268378754273,-0.004538308178867993,0.0028094939203890004,-0.16247936627869466,-0.015154527005336219,-0.0005553194480944492,-0.18535645959915723,-0.026118900128846066,0.0020754018386924503,-0.09467389391662945,-0.008824430670814261,-0.016258005868122743,-0.12665693966929667,-0.014514251250857198,-0.01888711323222855,-0.1501069440964144,-0.024415020735211363,-0.021024506042214966,-0.1712541904657954,-0.034082448888305736,-0.018166017885545047,-0.07893104074100099,-0.017316627361717393,-0.03157711619970737,-0.10193239591891744,-0.018436716865073442,-0.035220614152871144,-0.12284748195634221,-0.02276343431865276,-0.038511282534714746,-0.14277853662879247,-0.028792407676709538,-0.03679026094717482
0.0,0.0,0.0,-0.02684083877620699,-0.005597365530503963,0.024731337677351778,-0.04771910479020422,-0.00868610759558912,0.04889865928637287,-0.06902369921340919,-0.004079842676947464,0.07201104122627722,-0.08621995016154388,0.002821183142655815,0.09002254483604427,-0.09807619226210545,-2.23800394209668e-18,0.02133356539046405,-0.12849679124873867,-0.0027548601854524265,0.027664724432456975,-0.14990771902026578,-0.005848318633705579,0.03148906943680956,-0.1668550527874403,-0.026356715270202752,0.031480870736928124,-0.0995253634814395,-4.631755446984285e-18,3.819936612382133e-19,-0.13788841254637896,-0.004519493081780545,0.002800732777011927,-0.16257278158019078,-0.013991498567891957,-0.00012746345512356568,-0.18562019669409086,-0.02376645067835736,0.0023682448468967106,-0.094594976043662,-0.008830803165206683,-0.016144624825992188,-0.12645429056628757,-0.014520999429938812,-0.018616269041145536,-0.15026193459879453,-0.023355799597849964,-0.020706394527921633,-0.17114505459738477,-0.03196490251346882,-0.017910581295428583,-0.07899526108642803,-0.01755324549759884,-0.031171095379926437,-0.10212590488101088,-0.018713557008365092,-0.03500466473482309,-0.12260746082931255,-0.02274997463818187,-0.037947917247817285,-0.14240701166592756,-0.027885488261923785,-0.036255799497256685
0.0,0.0,0.0,-0.02672016138486188,-0.005001477739878158,0.02503693823582445,-0.047447480664283226,-0.009288673019490164,0.04880446676898861,-0.06828579355891339,-0.0061804706267218155,0.0722824603408077,-0.08529972972774552,-0.0005653658123255205,0.08961428690979735,-0.09866331983297054,-2.0834099343687485e-18,0.021509252662542937,-0.12954383997904528,-0.0023991266509560275,0.027992313015499422,-0.1501329565360428,-0.005066034161716818,0.032244964991686526,-0.16777991931091438,-0.026441988453545437,0.03265529709571969,-0.09994389881469265,2.0064465169361888e-19,-1.23538390509029e-18,-0.13845107793502603,-0.004307053946412261,0.0023584653295573178,-0.16409108599764186,-0.01375940834514148,8.288260001487026e-05,-0.1868965376742714,-0.023878634403289682,0.00298748975403987,-0.09490976892987017,-0.009001253867490322,-0.016542610721017557,-0.12742619941987934,-0.014141926114642472,-0.0193407437277398,-0.1513146274874372,-0.022979169298317483,-0.021113839640999305,-0.1729052160324141,-0.0319639503396131,-0.01781348870750364,-0.07951722153320237,-0.018237503014162087,-0.0320894711541909,-0.10292838528407502,-0.0192562073042786,-0.03585134398005724,-0.1237211621683235,-0.023066879293692034,-0.03870896524915013,-0.14430401845500587,-0.02799677923798184,-0.03692873522804644
0.0,0.0,0.0,-0.026674122715183858,-0.005201175326627662,0.02536466569904368,-0.047489854037187876,-0.009262503789573672,0.0494415694986447,-0.0681702569556408,-0.00659259583765392,0.07236540522384498,-0.08509609508475272,-0.0005071644146682488,0.08993186008063224,-0.0987994586349478,2.4750122806987426e-18,0.021738761959057544,-0.12974757795044473,-0.0029465306704681417,0.028126253416052995,-0.1503816809992188,-0.006344158627949862,0.03290109891566888,-0.16761828826051842,-0.028508435091957104,0.03359955079929914,-0.10003831783003564,9.075584764578414e-19,1.5941297198361857e-18,-0.13898256091502265,-0.004788085227581383,0.0021872438804721715,-0.16430043219052282,-0.015532767505310512,0.0005840955854164796,-0.18714917468133777,-0.02664803188235562,0.0037256853115097827,-0.09481771614548427,-0.009078620105148764,-0.016759581296715193,-0.12762679113217643,-0.014768376146875836,-0.019415229434481224,-0.15114505103061815,-0.024537014187447418,-0.020536443482193193,-0.17245472585943444,-0.03393535889865119,-0.01691847182328929,-0.07937736687244329,-0.01824936404134938,-0.0319403081222849,-0.10281179467252265,-0.01986710221896742,-0.0360584857203904,-0.12357119639470544,-0.02391211971783316,-0.038986881139611344,-0.14424669426310208,-0.02928232031103855,-0.03673865772329624
0.0,0.0,0.0,-0.026280562298179832,-0.005435215842840415,0.024356888914874007,-0.046496429634087934,-0.00963150586177357,0.048870892988200465,-0.06723239834697488,-0.006509126219413468,0.0718488086456938,-0.08426530652097737,-0.00101712865130749,0.08983513853702571,-0.09776747725478503,7.151694181497467e-18,0.021152848708123055,-0.12790565973635978,-0.0031708371482345806,0.027783821283677596,-0.14894105367407293,-0.006975787126171145,0.032479734081217224,-0.16573259395692957,-0.028056626248495184,0.03293828525701131,-0.09927308593879944,9.236308335741728e-18,1.5386084523928315e-18,-0.13797453311164737,-0.0049194384519894736,0.0027658261414133857,-0.16244075811877215,-0.014776613329336125,0.00022690805806826485,-0.18545253476219759,-0.025287395070943793,0.0030172969265946726,-0.0945589600472773,-0.009269699406274133,-0.016213070627188457,-0.12618819005532225,-0.01572266187633879,-0.01876688984962755,-0.1504951774154286,-0.024798573240754032,-0.02019450099803308,-0.17056157941945047,-0.03348527208805109,-0.017010607315827455,-0.07900258916911213,-0.018343448145954063,-0.03078227123853159,-0.10195324007709294,-0.019564125580321976,-0.03446678575059524,-0.12225486316861385,-0.023836902111825115,-0.037979547102496396,-0.14240964168409728,-0.029519304962781188,-0.03567669196131065
0.0,0.0,0.0,-0.02675844248166682,-0.005570804825768204,0.02448530766518679,-0.047121892975147905,-0.009956658766753163,0.0487916167135709,-0.06794338857933112,-0.00681828719008922,0.07190348622386626,-0.08514764284124776,-0.0013011879120910928,0.08958791359519326,-0.09773918671926453,1.4006858175465087e-17,0.021260462614686178,-0.12822044611358982,-0.002516006182703234,0.027775662345255938,-0.14943435637472552,-0.005740321944966807,0.03224968096660124,-0.16645513331850847,-0.025927366633541664,0.032878650328810224,-0.09907944043815034,8.605785002438296e-18,4.973084159676961e-19,-0.13805196960496685,-0.004064264564797374,0.0027914250211554456,-0.16264466602190938,-0.013456593866163985,-6.197247471634346e-06,-0.18579227883581462,-0.02394048094537183,0.002245366559715658,-0.09424478658342131,-0.008992031530908178,-0.01614028379299518,-0.12625540732927384,-0.014870018070507524,-0.01883494321324714,-0.15092246654306193,-0.024008277963863563,-0.02063473787064055,-0.1713411107789029,-0.032792276762495735,-0.017713310345082247,-0.07879745176624225,-0.01813894604696424,-0.030754062163199737,-0.1019068557832604,-0.01873484056461835,-0.03454633809226787,-0.1221227540555229,-0.0229268231181405,-0.03814432902504233,-0.14250025517515688,-0.029194171729324266,-0.03622413368426385
0.0,0.0,0.0,-0.02598740213516243,-0.004464188535338707,0.02466522860863619,-0.04649389783020812,-0.009154044200659453,0.04866014988836567,-0.0670144874838312,-0.006425525084786818,0.07194955009165539,-0.0836830643978372,-0.0011281986732092747,0.08943217879140304,-0.0973829028041063,1.21878720335354e-17,0.02107906252592075,-0.12775288922875333,-0.0023316133651918743,0.028025398018133342,-0.14814771828658968,-0.005650106127875548,0.03307897228463118,-0.1656190737410794,-0.027042881508651348,0.034075260659953206,-0.0984674059352818,1.4894148581415666e-17,3.07035387771619e-19,-0.13735635745835367,-0.00450293373063953,0.0031138633416696627,-0.16251467633366068,-0.014180689484926243,0.000505294838762375,-0.18540691718728686,-0.02525247848461167,0.0036374956531294495,-0.0938768639519036,-0.009327081920974213,-0.01593329451951695,-0.1261556032144273,-0.01481918980590599,-0.018537076207077115,-0.15023286880823292,-0.024108736117374,-0.020221998583947458,-0.17111238014230484,-0.0333491823966472,-0.016647601082570743,-0.07874701407964478,-0.018772139243684215,-0.0309310514781554,-0.10158698544949249,-0.019513317724144892,-0.03451251548167667,-0.12210489254260645,-0.023431107156628408,-0.03778797586822622,-0.14294952089304078,-0.029142524868929893,-0.03591862997499713
0.0,0.0,0.0,-0.026332829944344327,-0.0048223648950686355,0.02470255049662555,-0.04706190182267708,-0.009654722746343006,0.04861570243463046,-0.06765768178156577,-0.007374468202211377,0.07173041923263225,-0.08455808682222145,-0.0018859582470748253,0.08891569908435615,-0.09798840577342928,-4.723167021381155e-18,0.021178827627841183,-0.12826785069955088,-0.0024187519222921123,0.028003804018888863,-0.14916191405705426,-0.005336394469623812,0.03294620792442068,-0.1669590777979043,-0.026606526143621082,0.03407322503432086,-0.09890125811084437,-5.836538399849241e-18,-9.692651032538345e-20,-0.13821925405385335,-0.004520028263588478,0.002878671136083993,-0.16323090308727464,-0.014260132164429907,0.0003662358329571527,-0.18626001577685777,-0.025293879666406272,0.0034158490831810405,-0.0945222782363169,-0.009266797128957869,-0.01600616064570408,-0.12666954205120468,-0.015112206207936948,-0.018630930891069212,-0.15077171407096968,-0.02418330789894047,-0.0202942356199068,-0.17164759513884417,-0.03328747360895887,-0.01710600785290739,-0.07906012854440052,-0.018801733075630035,-0.03087438248442838,-0.10220741866397488,-0.019401743940793827,-0.03444459774746717,-0.12306354566160269,-0.02333295082723874,-0.03769099942155987,-0.14356685522188145,-0.028537099593045442,-0.03614758853148441
0.0,0.0,0.0,-0.025888470647557595,-0.004792158681582653,0.0244779149739092,-0.047210607579453806,-0.009935860940578434,0.04835480899533533,-0.06759357674432642,-0.008271448865974869,0.07140419290598142,-0.08427603161042267,-0.002559388493919754,0.08944612032365487,-0.09883100873799708,-9.37278972469295e-19,0.021053423458832394,-0.12913735213650632,-0.002757564796211559,0.02792642639147289,-0.14928073210221743,-0.006118388410607362,0.03298294672566209,-0.16746746679996527,-0.028093128367373467,0.0338264155771818,-0.09939913981463654,3.170547641601233e-18,-6.654628155298643e-19,-0.13860883000062205,-0.004711067750045638,0.0027077630275139275,-0.1640021575054952,-0.014825065787966454,0.0006000003160053009,-0.18711609791036224,-0.026634733646127704,0.003384559668854626,-0.0946570664592998,-0.008938705779004128,-0.016857828918182792,-0.12715509511633638,-0.014545257218276153,-0.019224165985700262,-0.15066854186427286,-0.024464909944590163,-0.020712972484849938,-0.17173358262196303,-0.03380102282767265,-0.017044907943378592,-0.07913643830481278,-0.018021051469443508,-0.031927015426748265,-0.10255543867159152,-0.019005604128033066,-0.035497860639150225,-0.123491187471741,-0.02312750206691771,-0.03906788114803446,-0.14443039495961454,-0.028837129830150406,-0.037361623844074855
0.0,0.0,0.0,-0.02540479725549799,-0.005150325137148077,0.025052018664734665,-0.04739048136486742,-0.010737633721826881,0.04861320931441489,-0.06841011431260775,-0.00927800331583706,0.0715140429627839,-0.08575025320727199,-0.004534676252287745,0.08909539177669008,-0.09886584644524539,-1.0338355637473357e-17,0.021442798988240485,-0.12931979018160789,-0.0029451128658696847,0.02801604794834447,-0.14976159279366769,-0.006336375449486538,0.033149127180056304,-0.1677617038900501,-0.027825228126666414,0.033840445456491224,-0.0992765791258399,-1.1302272281359303e-17,-8.742041437036995e-19,-0.1390196996211524,-0.004356020514964562,0.0021064229364180843,-0.16428327494802533,-0.014158812257725821,0.00012052431473493767,-0.1873610662678729,-0.026131887868806488,0.002684373497498857,-0.09456576886864909,-0.0087395492536734,-0.01753769501669065,-0.12776335750202267,-0.014045752190048218,-0.020363477236718823,-0.15109869279329194,-0.02383805092010947,-0.021666666257177614,-0.171803448455954,-0.032834461715161,-0.0177403686297133,-0.0792959827846213,-0.017605950244732424,-0.032730449587523865,-0.10293673766099236,-0.018365155228993457,-0.036350606950780115,-0.12387242707206965,-0.021943006748909605,-0.04001709959627278,-0.14454574710568058,-0.026987067191814675,-0.03818249595547921
0.0,0.0,0.0,-0.025347558758962718,-0.005005423113533628,0.025886492124620943,-0.047365134271079086,-0.010275597013407764,0.048987637641764024,-0.06964491295571747,-0.008971545774748691,0.07016606334357188,-0.08816645635692909,-0.005137909290564101,0.08719453546879383,-0.09855335842083751,-1.944577853213015e-18,0.02211369395487378,-0.1286771621790415,-0.003288281201818442,0.028979764098632173,-0.1490328519663554,-0.006175921241296769,0.03397096505103017,-0.16708015722731623,-0.028580703243250467,0.03558953556654224,-0.09946061048038658,-5.58489183368774e-18,-9.580799411614983e-20,-0.13851808422505074,-0.004221595887117146,0.002857246502019823,-0.16412253538332183,-0.015150224588194724,0.0014287351907357236,-0.18747930751490063,-0.02660126864627138,0.004836001395337967,-0.09508074917407523,-0.009277307517167436,-0.016874697864891257,-0.12781228260661454,-0.014336118868184169,-0.019548529516605195,-0.15110510195302757,-0.024401986435161067,-0.0211904451724449,-0.17189416040438885,-0.03451681669338714,-0.017111716479890057,-0.07961195846744723,-0.018587746767282483,-0.0319032765330031,-0.10247795299472014,-0.02030769881140371,-0.03598763210846375,-0.12356949659824679,-0.0248838490850004,-0.03879006726965365,-0.14377137123413739,-0.030464663172425487,-0.0368978431345043
0.0,0.0,0.0,-0.027569404240444934,-0.005526429352972372,0.024765353840899042,-0.04935210301820406,-0.010638214484213806,0.04770168394518872,-0.07271469832451344,-0.010929494807865231,0.06802352550438247,-0.0919089141695848,-0.007686282856239433,0.08414719735429452,-0.09837396536013064,2.667821877630259e-18,0.021270095360468665,-0.12913163610655487,-0.002136469598097055,0.02880765011829172,-0.15018008376968964,-0.0043871430582027755,0.033877973913616764,-0.1677128260925357,-0.02357320959049155,0.03627264266547493,-0.09950208542774086,1.1535017873921544e-18,1.2404565449603316e-18,-0.1387868470895595,-0.003059962584730428,0.0033352575325415355,-0.16363297168098484,-0.01218105666091985,0.0007214773760222118,-0.18759160346060075,-0.021811598138299138,0.0038248862146794765,-0.09503811066873406,-0.009112748019038224,-0.015886239305394595,-0.1269079565053704,-0.014036324473013935,-0.018907525815945864,-0.15168894603194968,-0.022376392060188963,-0.020440325600079082,-0.17272116488782455,-0.030983396446397242,-0.017310142630589068,-0.07977259827613428,-0.018972136906856965,-0.030147182480390788,-0.10276513062628863,-0.01871158879860985,-0.034439368083233814,-0.12308949795771013,-0.022424924657500116,-0.0382520707588758,-0.14328459292367396,-0.028549526316797975,-0.03642880346023768
0.0,0.0,0.0,-0.028450144700899183,-0.005332685147609688,0.025108422989127598,-0.05222553145872506,-0.01179891873945412,0.04669436442315638,-0.07773966112087649,-0.014498766678762447,0.06501172742013393,-0.09967655232721336,-0.013921280243565166,0.08057822117956373,-0.09991499005023997,-3.534780830359138e-18,0.02142301652578283,-0.13088875683998497,-0.0012560116574362947,0.02886590612059157,-0.15208531744726628,-0.003048884010286289,0.03293779720494215,-0.17071365892442653,-0.02066385329941854,0.03641782069218343,-0.10105856122534315,-4.5889019077849036e-18,1.4230666365852029e-18,-0.13951407348714118,-0.001152615838614558,0.003115926461932653,-0.1655724680606383,-0.00954975124481843,0.0005908332566618439,-0.19086867285735107,-0.019286960218406805,0.0029843946967100417,-0.09637194616543296,-0.008870022548366711,-0.01547491797259525,-0.12880291590200102,-0.011767979879836092,-0.018755060458028765,-0.15386862551029137,-0.019306947649532787,-0.019908552230648743,-0.1763468381247953,-0.028141051867963722,-0.01789998832207487,-0.08107803542262614,-0.018470795542779177,-0.030182697752554135,-0.10391851051975307,-0.017603777325921263,-0.03445354344564836,-0.12509953382413436,-0.021147338116257547,-0.03824571611841956,-0.14551125463097273,-0.027239652933943797,-0.03750390129324332
0.0,0.0,0.0,-0.028638314061762985,-0.005448191846103948,0.025361982756867314,-0.052300618158133985,-0.011896463872903194,0.04692425647243672,-0.07787639990282179,-0.01487222257860623,0.06506806592751099,-0.0996812326966771,-0.014359464254534278,0.08064223900257707,-0.09996751981584573,1.982635275143722e-17,0.0214943937169295,-0.13087628875663118,-0.0012747215456066076,0.02891829398427655,-0.15221217472420595,-0.0029992502062458856,0.032810005980197926,-0.17093552742266463,-0.020745690908900744,0.03632590561146135,-0.10115510986019637,1.5426718143008152e-17,3.583063362713858e-19,-0.139606888277329,-0.0010923826254049184,0.00293583825493186,-0.1657554870261122,-0.009691270498658497,0.0004343702288174089,-0.19114550486256754,-0.01954179654236213,0.0028792504235904447,-0.09649873473864033,-0.008937703072255514,-0.015360977415345355,-0.12895498521130772,-0.011730304948014456,-0.018778057535711178,-0.15395881639728212,-0.019450103351267716,-0.019882825223097568,-0.17664708087035483,-0.02851819017835695,-0.01784492346862057,-0.0811963900258458,-0.018614940634611894,-0.030088273789632285,-0.10396040218945374,-0.017721939942550537,-0.0345150028212311,-0.12527088876694273,-0.021376952237672813,-0.03819117236904157,-0.1456645719901111,-0.027640334268344478,-0.03740787235804408
0.0,0.0,0.0,-0.028085959254628767,-0.005093705434455476,0.02612131664044718,-0.05290444591728568,-0.012813721007198837,0.04761850368332575,-0.07987807748776725,-0.01851883671812742,0.06445063537153398,-0.10239143281760045,-0.019803929334869796,0.07827786256197955,-0.09944742014683082,7.66712396626179e-18,0.02205420495212938,-0.13074192512487448,-0.0016878679946566908,0.029495873543809892,-0.152626453945621,-0.004398018274039709,0.03378564634280282,-0.17080567263630883,-0.023754051745546973,0.03808557352501318,-0.10129927536121487,7.886870286250789e-18,-2.7565324746825965e-18,-0.14059071128922515,-0.0016651155885090863,0.0030379451763729295,-0.16660802330326924,-0.01031670587492596,0.0013258969641591492,-0.19227522522811272,-0.020161479036591844,0.00491065063193097,-0.09676424657382782,-0.00927508770408228,-0.015006417442731542,-0.12932085110515112,-0.013297997692568557,-0.018266525136194058,-0.15445792416877702,-0.021286402516656353,-0.018522559548462963,-0.17682855178021184,-0.0316881106951797,-0.015519015033248032,-0.08183052147532288,-0.02006999955987435,-0.02951438639900411,-0.10504760098396385,-0.020006139207600398,-0.0335612345660514,-0.12566892457684609,-0.02462801326627661,-0.03624344500636087,-0.1457447553456253,-0.03173624819593919,-0.03470623460370074
0.0,0.0,0.0,-0.026648839296972468,-0.004942538109804103,0.02691930842933931,-0.05323828480405702,-0.014105531522035687,0.047669133437714076,-0.08211305078926608,-0.021705919939672087,0.06271692901406288,-0.10625685923879669,-0.02479198417567245,0.07453387830030607,-0.09950985984759789,-3.3648226665360696e-18,0.02342924386930161,-0.12980389124909975,-0.005100976863553567,0.030557895812191246,-0.14942974303882184,-0.010490330828686367,0.03545478631061343,-0.16681404001281902,-0.034123830660349595,0.040458279592913114,-0.10153050856772194,1.4559997211500535e-18,-2.2301126649023183e-18,-0.14214945507956708,-0.0025579225003655496,0.004281203462864944,-0.16807209535839454,-0.012622285408832512,0.0036394149563480707,-0.19373588881838016,-0.026051385146553203,0.007835125678235518,-0.09774101567560353,-0.009605848617356609,-0.015045857605371084,-0.13059756173476525,-0.01375194807375763,-0.01766686493478493,-0.15700199132982562,-0.02399866049397358,-0.01727834651416239,-0.17939738573756922,-0.03701235236282014,-0.01385766302170426,-0.08251892898618801,-0.020163984290620062,-0.029919017636847022,-0.10645496331257025,-0.02099011840719098,-0.03372408274413776,-0.12815705325227567,-0.025313004065877564,-0.03588732036070052,-0.14852075643767115,-0.03422949010578516,-0.033532819939014635
0.0,0.0,0.0,-0.02539209407981498,-0.006516735981550601,0.028114190608377283,-0.05213911229603877,-0.015928505206312255,0.04674941148962232,-0.08163571601296088,-0.025789977029095034,0.05957072786714647,-0.10796576414663159,-0.029927729849253938,0.07160459220934785,-0.09906543462736497,3.2477025513455985e-18,0.023868667288321994,-0.12635542515910808,-0.009298968321136133,0.03162145980741701,-0.14294048051155536,-0.019307637479812376,0.0370755547063277,-0.1563852965804691,-0.04717545452527474,0.04438468418996356,-0.10138728095822817,6.494983473223342e-18,3.170748930833419e-18,-0.14333205276346772,-0.0013905791568174202,0.004928719268747737,-0.1701058502002142,-0.012859258921679481,0.006762001176033756,-0.19655144016040968,-0.027948826158368974,0.013775800913729345,-0.09888274060744152,-0.009635314188742028,-0.015507970103307107,-0.13298005613044947,-0.012695842261406905,-0.017684518714266528,-0.1583895053239353,-0.024895370894175164,-0.014927802612664989,-0.18092535206824684,-0.03959256077751854,-0.010851984436447611,-0.08381094214713686,-0.01975516344766854,-0.031066705746633474,-0.10794958035649531,-0.020243177083242653,-0.03426654666613233,-0.13237176015241267,-0.02667566374490071,-0.03530548472383647,-0.15161622918518738,-0.036085835652184484,-0.03256489391879956
0.0,0.0,0.0,-0.02470516326651878,-0.0074840748194003074,0.027720674141475915,-0.052305431211706506,-0.01770173668501465,0.04452465616157918,-0.08433604739335661,-0.027730879645902064,0.0527841227030733,-0.1145531446860161,-0.033019247901456036,0.060874633207916,-0.09587829127314855,-2.1209085027378572e-17,0.023281322623896854,-0.12212404054228257,-0.012769225952900084,0.03130280237085493,-0.13593419231056686,-0.024486016018531433,0.03572288324109642,-0.14011194518040346,-0.05469963850045595,0.0414477927305059,-0.09810744101465943,-1.7536945324534658e-17,-3.0274562265257047e-19,-0.14060690055878344,0.0004656458315217093,0.0033902597728704353,-0.16884337552885761,-0.010974539036665211,0.0047493588937686845,-0.19617850463306155,-0.02363562356993721,0.010225207348379685,-0.09653140569208234,-0.008429815029774853,-0.015887100352879494,-0.13067668643853425,-0.008329293680424158,-0.019935104651476198,-0.15542380147884421,-0.017882887975059793,-0.01800444018180728,-0.1801470152060191,-0.03165943612469036,-0.015752207907222787,-0.08166778266369756,-0.018041003870254545,-0.03168614826947736,-0.1057611925404235,-0.01726062213923095,-0.03604065442938354,-0.12968786662037698,-0.02226498610924017,-0.036345505472448705,-0.1478512059968681,-0.030927433307812405,-0.03483708130433245
0.0,0.0,0.0,-0.02336604942321469,-0.007555065017766952,0.028465371208609074,-0.052530666382842504,-0.020636902267673257,0.047233708862307204,-0.08634611588964104,-0.03316326312635307,0.05442471136781176,-0.1210879207773418,-0.040109311642594396,0.05701618574877506,-0.09566783539435642,1.481311814955573e-17,0.025367639631228133,-0.12239428331027057,-0.01407737039291045,0.03372652599250054,-0.13119417680013779,-0.028467517019084766,0.03823229066060932,-0.127965141754102,-0.06405896189881712,0.043266820214408315,-0.09684278714621057,1.146239339361804e-17,3.0553616297792756e-18,-0.14116800517887168,0.003222518971798185,0.002660480539906599,-0.17000389262702661,-0.006589552224027228,0.0047888576656356175,-0.19894743372398777,-0.022483123820604543,0.011316645848791803,-0.09618149725125603,-0.008309561630831875,-0.017657854419758263,-0.13109423463546863,-0.0061331248877434736,-0.021169129403843304,-0.15732567352407822,-0.014650487874762202,-0.01912360124693147,-0.18233713692477527,-0.02823098944579016,-0.015529558082507045,-0.08146268373873689,-0.017576028565863055,-0.033212134840346304,-0.10574733352593035,-0.015898491344365356,-0.037406164935278846,-0.131464517959975,-0.019448328136348395,-0.037837408238875415,-0.1502691633816427,-0.028996975457957444,-0.03576878441155538
0.0,0.0,0.0,-0.023381556537056238,-0.007694315772498445,0.02860468092464159,-0.052473620069691695,-0.02082753334905923,0.04708572108203754,-0.0860233972035034,-0.03316723979250017,0.05388974151833999,-0.12041857734972887,-0.039800703072857525,0.056600302680761376,-0.09520566372247315,-6.750560646559331e-18,0.02531137269148616,-0.12157488619062805,-0.01405324858096598,0.03385496605299608,-0.13081587174684778,-0.02839252904261873,0.038118621294086164,-0.12729191778956264,-0.06395240286551808,0.04274711264650566,-0.09644840436675327,-3.0538433656143287e-18,5.036659826916412e-18,-0.14054632641535178,0.003159813342414039,0.002616976613764483,-0.1692398619282056,-0.006980723337053955,0.004675515159224997,-0.19819187959469278,-0.022745769558130204,0.010765698436786129,-0.09575554036833499,-0.008127465697718399,-0.01762295210252299,-0.1305543948402173,-0.006225359734293881,-0.021232275287917393,-0.15655789528526284,-0.014775005977128454,-0.018937719177019658,-0.18167251200591342,-0.028434087287806126,-0.01581733478514742,-0.08107429682793009,-0.017464657716322614,-0.03307174252665301,-0.10513996898530227,-0.01571278589748931,-0.03731810937633749,-0.13067317104258877,-0.01944133588209417,-0.03764341622080629,-0.14945145042941954,-0.02916487347762329,-0.03580999668366595
0.0,0.0,0.0,-0.02418028060902106,-0.007655778860104176,0.026725544149369198,-0.051278251646819026,-0.023086067383179122,0.04302827611617226,-0.08491178056938209,-0.03914453435435597,0.049003783588017706,-0.11978546697674848,-0.04945712483757605,0.05118913925077357,-0.09723311784879299,1.2948524810016866e-17,0.024006621450033294,-0.12311207883141186,-0.017158764997496037,0.031914733221896946,-0.127433447262322,-0.0325649219587454,0.037379844136048355,-0.11977907572217288,-0.06875273784136346,0.041502596544369115,-0.09778985434951358,1.3970558078066234e-17,9.302555886832605e-19,-0.1408040610982341,0.0018126382231583669,0.0048378012276510075,-0.16953701540982427,-0.008188085890758756,0.006362602978373061,-0.19915141464086145,-0.024078149476884133,0.012962708090950579,-0.0971099411157032,-0.008460245760137092,-0.01715402066192625,-0.13134718587785493,-0.004385151383986995,-0.02050972237408835,-0.15807348396423265,-0.01140956971415905,-0.01842987492646616,-0.1852823147173146,-0.023548745876434067,-0.014763786141165063,-0.08225219375243582,-0.017718380246582472,-0.03226112275949946,-0.10667930261475198,-0.014806686022768824,-0.03650019044075809,-0.1328615275200567,-0.016890307119811668,-0.03856615926882026,-0.15296014653546283,-0.026560482345285904,-0.03650050737703165
0.0,0.0,0.0,-0.023983116701812177,-0.00717372710485982,0.02791381796327062,-0.05113415764636284,-0.022665785850522688,0.043556823637416246,-0.08463305266433215,-0.03981094953851729,0.04964235806614713,-0.11936983891551098,-0.04940450528961875,0.05231138739981097,-0.09661402722738141,-2.3010748301221386e-17,0.023996260542758174,-0.12200440739826937,-0.017133158650843944,0.03344550518331455,-0.12693816579115424,-0.032980014462992514,0.038801129201665986,-0.11990692478912997,-0.06928542230062698,0.0443036075777311,-0.09795207080383979,-1.891407231445262e-17,-1.0213806225460635e-18,-0.14095639442012217,0.002426674374156681,0.0051068912264368195,-0.17001023614397126,-0.0093379400176048,0.00679582634333258,-0.19928062941829736,-0.025740977109260963,0.014059672570901995,-0.09722005983378562,-0.008736359458307004,-0.01661593529138587,-0.13185733662734123,-0.005246889203346615,-0.01993991408603262,-0.15741586276610475,-0.013263697076062118,-0.018128618893216722,-0.18530776777071262,-0.027111618289112543,-0.013458856756807832,-0.08244346228170399,-0.01816875147767673,-0.03178501084681984,-0.10724303910803203,-0.0164382220441727,-0.03628061774250915,-0.13275588761460516,-0.019271228633498044,-0.03794473038555111,-0.15279057933965726,-0.030009380856135276,-0.03525153706972301
0.0,0.0,0.0,-0.023946303330659426,-0.007807274167018793,0.027796329848785776,-0.05161077303733927,-0.023808081442871012,0.04348346133065074,-0.08606148466126559,-0.041171502041943434,0.048820284351327674,-0.1218692174783206,-0.05101749378467078,0.05070289380558698,-0.0974631937608609,-1.5574114335238377e-17,0.02465472824074389,-0.12355062490027953,-0.01716249563834727,0.03309717593769129,-0.12799732448938045,-0.032188292327873236,0.038277745273724205,-0.12100930894681834,-0.06875387693728777,0.04439837482968784,-0.09850257158953045,-1.3474002667874599e-17,-1.92582446672961e-18,-0.14146618785727103,0.0030861723817546764,0.004751961696431359,-0.17045978503681938,-0.006836322691736734,0.0066548573526628825,-0.20053501667870158,-0.02280462754297255,0.015045860609487642,-0.09783517382419255,-0.008489876744021524,-0.01694725112138033,-0.13225281150341034,-0.004598954682520164,-0.020370508308542323,-0.15897171878150856,-0.012045273163683878,-0.01878334621176825,-0.18662974729067502,-0.024400891926409193,-0.013857510214334842,-0.08287288337212674,-0.01789032385333471,-0.03225984832287083,-0.10782386491630734,-0.01539031454187703,-0.03649181158385114,-0.13400358135904022,-0.017791951007491435,-0.03804346434071195,-0.15379249481777976,-0.027759991958850205,-0.03500813426710227
0.0,0.0,0.0,-0.024684171558994206,-0.007187269717874066,0.028365075225910814,-0.052918830850753086,-0.023113012684392694,0.04404792122876427,-0.08712469139252871,-0.041452791353355264,0.049507350810109374,-0.12275505816459548,-0.05082200345896724,0.051405296154540876,-0.09829894181205433,3.527197393599616e-18,0.024498476771882334,-0.12444448387214112,-0.016676617411992844,0.033555085693858844,-0.12893849537938223,-0.03244617788221588,0.03882553997211564,-0.12175976944927946,-0.06933349207858308,0.044892430401700344,-0.09932500015366436,1.533057049431532e-18,1.6744918026858755e-18,-0.1418582111167277,0.0037527119814068227,0.003531277417175235,-0.17083100867518522,-0.006939311857798487,0.0048666318798906046,-0.20082697689873935,-0.02247329331423233,0.01269170230971201,-0.09804659732510326,-0.008573820827364919,-0.016735557778522578,-0.1324953634519006,-0.0045643180280224155,-0.021460555303808908,-0.15854258858536105,-0.012611379135913892,-0.019803386489900713,-0.18669107402580015,-0.024778885326746505,-0.015254782254108269,-0.08329458124312798,-0.018505227903994455,-0.03202518279755046,-0.10731800476288153,-0.016393316870539906,-0.036535687989714634,-0.13302339197308627,-0.019220818210967827,-0.0385367710904194,-0.15388413718849495,-0.029643382477661347,-0.03537487609758017
0.0,0.0,0.0,-0.0244224988353039,-0.007772551315911012,0.027577725939533376,-0.05229458378617441,-0.0247622443048888,0.04298077631206802,-0.08769200809652214,-0.04188860077993832,0.04769015607505518,-0.12287942529834359,-0.0523757418827308,0.049050091576635174,-0.0979213664731335,2.5312190223759618e-18,0.024782911801444738,-0.12376326527214969,-0.017704940697409615,0.03344598494525658,-0.1275968441537883,-0.03244350511583892,0.038120942823101196,-0.1202349500954372,-0.06776876484343558,0.04277661189152337,-0.09903012650058907,2.096025718255192e-18,-2.0156843795443015e-18,-0.14228177663452923,0.003504302217374604,0.004749627935527327,-0.17158003617402026,-0.005401670251503154,0.006063065335598079,-0.20140715850716948,-0.01969123967297016,0.013835088356180799,-0.09837234550499514,-0.008390835919357274,-0.01693990863598128,-0.1327243852216611,-0.0046550239863140065,-0.020355373373005154,-0.15968687527925848,-0.011030124434151507,-0.01908091324781524,-0.18661395628533034,-0.022503578275153233,-0.014214014100169082,-0.08330033535144848,-0.018134834577852497,-0.03255974609794917,-0.10810021471261322,-0.015567311330290204,-0.036931236255764735,-0.13429538427986265,-0.01758021584139196,-0.038941401087736416,-0.1541557064344218,-0.027074980652597322,-0.03597303401157296
0.0,0.0,0.0,-0.024182812035384884,-0.008153952858574788,0.027766876697992552,-0.05142389845923847,-0.02466895133969494,0.04282880979606805,-0.08689268652431967,-0.04147672994437375,0.04770257030752901,-0.12179513235015757,-0.05181772712813646,0.0485459896683747,-0.09781409465376689,-8.8487077341189e-20,0.02517383296358562,-0.1234969430034846,-0.01736964277729591,0.033212486185695556,-0.1287072840181461,-0.03222096489456569,0.03754686325220628,-0.1209798191964461,-0.06841194622777762,0.04185934287268848,-0.09944962332812185,-2.1510510004484413e-19,5.673735219077786e-19,-0.1434493509410493,0.003572642505038721,0.005126980596750079,-0.1728519473395041,-0.005255625233971511,0.006492764002935091,-0.20238065805759586,-0.020155761897600682,0.014515376124868971,-0.09869912433523781,-0.008558157950427733,-0.017093733031153996,-0.13448505038738953,-0.004757900508127254,-0.020414563476226225,-0.1607628661960388,-0.011074415485584516,-0.01882881791880776,-0.18797538064419597,-0.02372889634686307,-0.014090369486227723,-0.08382273782147408,-0.018222487679475714,-0.033473679896885926,-0.1098802948960972,-0.015338505695344362,-0.03737745021734445,-0.13611973165681787,-0.017089712354778002,-0.038723730675593086,-0.155712014013527,-0.026472615771184645,-0.03601769633292618
0.0,0.0,0.0,-0.024343236253178212,-0.008134983194492885,0.0275736692797396,-0.051837211494580766,-0.024567505182162296,0.0427355128557519,-0.08721059545993298,-0.04073673627680806,0.04724990133732813,-0.12204927272269388,-0.05055909883720749,0.04729389385563949,-0.09783601766962054,1.1383723489657087e-17,0.024987392129647276,-0.12417807957580852,-0.017179846066264524,0.032772511416870646,-0.12877142993031718,-0.03209451131103019,0.037111436875601284,-0.12101297223215218,-0.06806497876881766,0.041210538736325734,-0.09947405562264132,8.161586790449423e-18,1.534453950690981e-18,-0.14316338004081106,0.004084912132759073,0.004694306081320617,-0.17298154838075278,-0.004666572564691958,0.006012642851696,-0.20234517313768205,-0.019820778122229925,0.013655983876097181,-0.09854279894994918,-0.008347919931774613,-0.017099321175868442,-0.13423372460595082,-0.0036198854862126246,-0.02070028381072772,-0.1604737709613459,-0.009883235512183283,-0.019412199193462088,-0.18776230729287305,-0.021898228945243754,-0.014665899913247632,-0.08351856538470909,-0.01785483680688994,-0.03376040388505397,-0.10921630298141227,-0.014887272953141633,-0.03755647805116005,-0.13551874265461877,-0.016323580159500455,-0.03900266748573713,-0.15538055053834188,-0.024756439166338785,-0.03597351212321248
0.0,0.0,0.0,-0.024143238837371156,-0.007768389793643462,0.027775884915569204,-0.05141626818484822,-0.02484418435602337,0.04320029637597224,-0.08618156939927689,-0.041156711584178045,0.048207062214748346,-0.12112140448006113,-0.051859452666184566,0.04932086669592551,-0.09861155383265581,1.8930657078939155e-17,0.02560668433867709,-0.12485256550877707,-0.016609396824663593,0.03363558130392785,-0.12947505777237422,-0.03236467740126185,0.03841521188359397,-0.12176752100725194,-0.06968543744525908,0.04269593081123414,-0.09991448810442101,1.8872559790122552e-17,9.525586785937687e-19,-0.14415040314139183,0.004025828697710176,0.005629558076451026,-0.17349296896480712,-0.005357856209695662,0.007185676691741748,-0.20250105344101788,-0.021516803447958692,0.015273706238610501,-0.09936412642587208,-0.00859275339628701,-0.01720637757998261,-0.13527697173417977,-0.004590440833181609,-0.020263834068731154,-0.16161782261931198,-0.011858534063421876,-0.01858040942367256,-0.18776634612438628,-0.02489379421153207,-0.01362765657402435,-0.08442330648132944,-0.018257550789952105,-0.034029396962873555,-0.10977070463166116,-0.015585401002800186,-0.03693942814758294,-0.13666811000415058,-0.016997040314859442,-0.03845650343665599,-0.15602559667260804,-0.02534879518799052,-0.03551030046092276
0.0,0.0,0.0,-0.02441020813736,-0.007720382810992023,0.027861792078826476,-0.05143059810718232,-0.02460000459390408,0.04308715072791291,-0.08615594687736507,-0.04128153006609459,0.04759753981902693,-0.12099482456728228,-0.051384308877580984,0.04795666967434085,-0.09810866555109232,-4.7683977225646495e-18,0.025421748495224775,-0.1245101175443679,-0.01654795509595603,0.03378301561052373,-0.12903148017539023,-0.0319745776371101,0.03843222901747497,-0.12118308689562445,-0.0693911610098641,0.042850193810429815,-0.09939291520427208,-4.395917000262314e-18,1.1712951144524177e-18,-0.1432925114893772,0.004157428375405858,0.005400100264638437,-0.17283876413808397,-0.005329627100958556,0.0067790679838891435,-0.2017845989006883,-0.021469773109335528,0.014791098618722345,-0.0987119471369136,-0.008583027052369248,-0.017066903135534377,-0.1344169843010334,-0.00458666560839161,-0.02030478442888364,-0.16081328207240217,-0.011953425412351589,-0.018630130822223426,-0.1874699487747735,-0.02502068951759013,-0.013634058203210007,-0.08394397165928999,-0.018499705360060664,-0.03377979224143218,-0.10931206415586812,-0.01588871479242472,-0.03702140996989183,-0.13591777761164953,-0.017591089428014458,-0.03852569354902507,-0.15547708021898854,-0.026311266901793653,-0.03532076450358877
0.0,0.0,0.0,-0.024593739084569886,-0.007409533763303769,0.027265397558974367,-0.05150060169237107,-0.025500175037570693,0.041876460857878064,-0.08446629962717693,-0.04127618349498825,0.046607075289830505,-0.11937861048799168,-0.052940062574058526,0.04830642630264462,-0.09855307402987512,4.2515866754243345e-18,0.0256814247504065,-0.12500398567107837,-0.016259569825568518,0.03355213730900692,-0.12947181381389264,-0.03217579778496468,0.03815350256591871,-0.12170846519376458,-0.07036110878795278,0.041070901124792905,-0.09984567477652238,5.6287655192269465e-18,1.129959270731312e-18,-0.14417329592076944,0.005815166547200283,0.006655692481934628,-0.17295834605254679,-0.0029678144663440867,0.0074171498088783025,-0.202291415648387,-0.02024319114885091,0.014775723809944533,-0.09927853971213325,-0.008343819292661836,-0.01695161915794297,-0.13535736262877207,-0.0029210339454000434,-0.020348286642160936,-0.16161514296593466,-0.009619842102641593,-0.018831090357060702,-0.1876309158075894,-0.02361460160060916,-0.013980123195826744,-0.08492348861145947,-0.017305265196960344,-0.034315349213343456,-0.11055861855114327,-0.013445101123757238,-0.03741283684876129,-0.13765369962406485,-0.013868402229594932,-0.03926899070937228,-0.1566450608649446,-0.023258448049781933,-0.036403956839428216
0.0,0.0,0.0,-0.02452791762412739,-0.0075511302007281594,0.027682760591338954,-0.05196265441737308,-0.025439687890763476,0.0425708393432266,-0.08530525666774531,-0.041710836438807165,0.04733041803234275,-0.12097548894580715,-0.05305890183310849,0.049027517513124126,-0.09863779990638942,-1.1799244590579664e-17,0.025450469822079897,-0.1253505589091691,-0.01598567104740765,0.03365429870834408,-0.13015140351864501,-0.03216301000692507,0.03869894603676211,-0.12311481073824372,-0.07086628594490577,0.04241317591883476,-0.10004170207863768,-1.0770966923161436e-17,-6.70422273827654e-19,-0.14401119659329428,0.006197392539092746,0.006029265456242533,-0.17313423278609677,-0.002658821213352552,0.0068508829841148625,-0.20298851374751498,-0.01914629766662779,0.014721266641025675,-0.09965206853687703,-0.008245929932147077,-0.0166807892511776,-0.1352235925493983,-0.0027106253006444593,-0.02043618308116778,-0.1616102862182342,-0.009216934328881942,-0.018888832203672178,-0.1879265347659671,-0.022198422829404044,-0.013689105775593319,-0.08526570165066566,-0.017361141264567764,-0.03376598482018638,-0.11046781764506253,-0.013829593903278922,-0.037208699871574095,-0.13739389294807905,-0.014781213662299272,-0.039088152187476015,-0.156431528348105,-0.023833687556430665,-0.0357401130040717
0.0,0.0,0.0,-0.024657956414353865,-0.007498131798675723,0.027570244523793513,-0.052199724438205836,-0.025423926151519255,0.04249125115822604,-0.08553869981917708,-0.041613925549535524,0.047315770431933794,-0.12130068686170398,-0.05290969330338828,0.04905222427084978,-0.09874614276451989,-6.6507973914090306e-18,0.025519313796600038,-0.12551698402322767,-0.015913237608752115,0.03372999735227054,-0.13024094284714302,-0.03220504448567925,0.03884252929175573,-0.12323091659197881,-0.07106221937278448,0.04258893010479503,-0.1000648246799804,-6.733357823058854e-18,-2.5182070319008023e-18,-0.14408454047596814,0.006472160047367956,0.006099769932811546,-0.1731730501345959,-0.002321870721143147,0.006856232717770849,-0.20319094908186786,-0.018902578966858697,0.0146693676889721,-0.09968943795532083,-0.00823260086796016,-0.016660602470192715,-0.13525699441836098,-0.0024302342493745356,-0.02042839015045059,-0.16174343598296073,-0.008782836599285368,-0.018939816506544062,-0.18831018627112264,-0.021798000376302567,-0.013715328882202381,-0.08532301326486624,-0.017456871145508143,-0.033736062592433814,-0.11063397789531282,-0.013715905096594308,-0.037187051539007775,-0.1375445038617034,-0.014449639223751207,-0.03916846687273806,-0.15668793336292922,-0.02352101892512231,-0.035821981060516705
0.0,0.0,0.0,-0.02527337512267943,-0.008006561428412128,0.026799473229824993,-0.0532255221234602,-0.02536457917853484,0.04124800835791622,-0.08689037434129661,-0.040294530607880484,0.046141017748839386,-0.12221822559773741,-0.050699122416448916,0.047479033935404175,-0.09960439805911218,-3.700158915810015e-17,0.0260022754849088,-0.12680194097632758,-0.015539218649774304,0.03353885123451223,-0.13183375435277392,-0.03210547503746879,0.03785408586115746,-0.12428040617918401,-0.07015562212996174,0.041107105270628365,-0.1010849556638761,-3.5170194117910036e-17,2.2364693669640293e-18,-0.14564887979068628,0.007199639503955366,0.006168582166071602,-0.17484393538931903,-0.00012775364150261213,0.006264947432132066,-0.2045170814190208,-0.016848572765142438,0.01281625137817024,-0.10014753125155297,-0.0076756908230741355,-0.01727239703290908,-0.1362267675605295,-0.0016302057660085938,-0.020890449998671793,-0.16286480957638297,-0.0067248900020757596,-0.019931748447228035,-0.18933765954668566,-0.019499059058276362,-0.015678542014420916,-0.08518018261032993,-0.016609487589449905,-0.034990264800872264,-0.11126297672120411,-0.012445341683975956,-0.038169425356479,-0.13813560890283327,-0.012070381576895573,-0.04028894317851948,-0.15774612497440163,-0.02026679712284039,-0.03745056969322654
0.0,0.0,0.0,-0.024737118737575448,-0.007464514247306054,0.028166775079654642,-0.05188671705988504,-0.02399660868743989,0.0436432434181868,-0.08583309326182757,-0.03973694148097043,0.048614705816108446,-0.12161060349371595,-0.05080403297089931,0.050588610894278976,-0.09832558450619962,-9.835365253254549e-18,0.025226750328022178,-0.12519773917898508,-0.015124453449512427,0.03346341685568328,-0.13099295846877415,-0.030322363326342246,0.039163708669964846,-0.1242740374018938,-0.06779943187819229,0.045965236816024185,-0.09979674460213273,-1.1496699404129273e-17,1.4042864313553755e-18,-0.14323186451772463,0.004416932688449794,0.005307511386892656,-0.17217313356486172,-0.005115749760770866,0.006540923389200922,-0.2017604326788884,-0.019562162280817173,0.01459938561075418,-0.09911471379922808,-0.008631247023153665,-0.016045836182288113,-0.13440036723821316,-0.003980417386641454,-0.02006158529323583,-0.161060000365652,-0.010546786772839526,-0.018221878793931147,-0.18653144481066794,-0.02265267204368526,-0.01352440816066947,-0.08474584157699896,-0.018152733016047244,-0.03227049022372546,-0.10936422805084761,-0.015077298673430127,-0.03628393640520192,-0.13573439065136358,-0.016374174070996655,-0.03763213442518733,-0.1550147900127722,-0.025253397394573277,-0.034121682126014255
0.0,0.0,0.0,-0.02414154090410115,-0.00853710725517977,0.02793935327582729,-0.05124865945892791,-0.02497975897970266,0.04361192350455837,-0.08621347817849086,-0.039979147890607865,0.04938026576415746,-0.12014044620101369,-0.04871999348519304,0.05136544967183095,-0.09656052583110507,-6.310538094001415e-18,0.02538016370907347,-0.12353967506090623,-0.015624011886199628,0.03473825873926319,-0.13042961851442073,-0.032356890175186254,0.039547772043091206,-0.12507477602062325,-0.0695581344703325,0.04450374348248367,-0.0988905935941685,-5.968838752695526e-18,-9.071586380292485e-19,-0.14340087963082676,0.0050649804683732666,0.004557109188526502,-0.17361104297375146,-0.0037426290850084473,0.005122003536736482,-0.20295128722104075,-0.020167796795087574,0.011037509622787366,-0.09822887918700875,-0.008310777896859713,-0.017101760899429424,-0.13412218691222103,-0.0035130829919692128,-0.020835515454474884,-0.1604751485677362,-0.009822662953424544,-0.0193492515784376,-0.18803031234251286,-0.023962138566674496,-0.013980470542719595,-0.08330551953424996,-0.01767179816838553,-0.03421413487044421,-0.1095253887788605,-0.014638812708658237,-0.03792911206461803,-0.13504088619093754,-0.01573878531258046,-0.03959314130544484,-0.15541595151590495,-0.023665352817345442,-0.03646658496758113
0.0,0.0,0.0,-0.02319134641316928,-0.006578231824543316,0.028620968246246672,-0.051178533800256124,-0.017875813512292657,0.04697155588420647,-0.08466603916985344,-0.028679457198754116,0.054974680658550074,-0.11609686015254125,-0.034052827326171806,0.05954692595883351,-0.09525243385194287,-1.0577192613915833e-18,0.02454779103918199,-0.12109076848330244,-0.013767881183105268,0.03266129375696693,-0.1294610231793185,-0.02686517002086877,0.03832212605891119,-0.1268887333292952,-0.06119431445559446,0.04466656511706909,-0.09614745804763328,-2.805727774993875e-18,-3.5810199681069105e-20,-0.14032345775412222,0.0024926155613988494,0.0033236593901785037,-0.1690330816865891,-0.006115105706557055,0.0038129559351031636,-0.19697195090444686,-0.020443071898476894,0.009433985321910745,-0.09603203923064804,-0.008547754827982855,-0.017130643093069133,-0.13010202627461886,-0.006354389538446251,-0.02050790244786215,-0.15651688452018786,-0.013563523215007431,-0.01837937761030345,-0.18139831090741673,-0.025661118932727302,-0.014432389135256633,-0.08137218070650835,-0.01795917614639788,-0.03199389577261371,-0.10543887551999723,-0.016388091301408298,-0.03593819189674703,-0.13001505471655989,-0.019165203115318736,-0.036928669636468035,-0.14894051597642613,-0.028065268568248303,-0.03540559943873225
0.0,0.0,0.0,-0.02405227717605424,-0.006542985575364799,0.02717492883742672,-0.048640810532836,-0.015449085859604899,0.047882859542078014,-0.07719146972498234,-0.023697750519179727,0.0617551997076708,-0.09876867941657753,-0.02737579130043458,0.07243188706073611,-0.09562666826623227,3.79799870978737e-18,0.022834480176904214,-0.11949664199242317,-0.013279631176758283,0.028440440779452108,-0.13512466552358843,-0.022208304430436615,0.03244423838037183,-0.14585493089793852,-0.050029619363823614,0.03445771238305865,-0.09749547673828422,4.162133418815941e-18,-5.360805167777704e-19,-0.13795697796672335,-0.006022779015652251,0.003543426252394076,-0.1639806348798664,-0.018033834876096416,0.0027692267591375146,-0.1898399918468899,-0.03165576988548589,0.006857379459274686,-0.0939769911218214,-0.010314493230103278,-0.01671835874694945,-0.12743962778606427,-0.015666373321704636,-0.018938444539185043,-0.15075972805176518,-0.026153034754234326,-0.017788743465524982,-0.1726231605076055,-0.03970241509257932,-0.014983064352452441,-0.07935717359100851,-0.02065111233302192,-0.03211981440094468,-0.10218692522358691,-0.022401415217569113,-0.0357279675841308,-0.12435676814408085,-0.0271693037898096,-0.0369643741956186,-0.14396050702028135,-0.03790067839443925,-0.03609742680581622
0.0,0.0,0.0,-0.02390527645917273,-0.006607956002652529,0.02711677864037092,-0.04852357659153963,-0.015579955858497035,0.0479418464519267,-0.07707397428126897,-0.023783324243799902,0.061757534395186046,-0.09850593990141747,-0.02739308299462499,0.07257670799043,-0.09568698597189042,1.6307148326548522e-18,0.022907737807082742,-0.11935897195146151,-0.013619649424502472,0.028602721951123886,-0.13504046234517045,-0.022960810183622827,0.03249300926570656,-0.14520292091507067,-0.051026610827457186,0.03453167242663796,-0.09765333954447242,1.5093635981582929e-18,2.2086961058133137e-18,-0.13809406944879352,-0.006440260329250006,0.0036093744705450776,-0.16400543155462044,-0.018881129777619677,0.0029432950664395868,-0.18966610684256272,-0.03284637685960033,0.006950477018637573,-0.09403934065704458,-0.010290667303241026,-0.016776942150018535,-0.12761046330509523,-0.01590581178168644,-0.018971296069920346,-0.15073042638788212,-0.02642043231292853,-0.017744888565621935,-0.17255300067011928,-0.04035234579623339,-0.015072619961557964,-0.07927704045737073,-0.020557505575956987,-0.032264570151351,-0.10217751091269217,-0.022468671937125474,-0.03580213612916004,-0.12435319140889986,-0.027494842763474282,-0.03703759800911781,-0.14376549369134878,-0.03830281857896771,-0.036336054352162035
0.0,0.0,0.0,-0.025196807647074375,-0.004904942066292524,0.02570211520580923,-0.04817568653115467,-0.01167647559634255,0.04876653171186126,-0.07341211273165474,-0.014181675093194944,0.06666559244704,-0.09422960805224084,-0.01471727769536758,0.08134480446056565,-0.09618081285424665,1.5743247024508905e-18,0.02223875682894064,-0.12587152904232576,-0.005298962503889827,0.028996098247279098,-0.1456582291915307,-0.010644067750010255,0.0334126663438503,-0.161314323162107,-0.033895398243961046,0.035441970940233554,-0.0984522837661026,3.0443301940339036e-19,-1.1598834082698186e-18,-0.13801415706588058,-0.003678140826419741,0.0039524083731147675,-0.16363310220331168,-0.013667919506836131,0.002388993986710792,-0.1889745008442785,-0.025778324569199408,0.006328197772233979,-0.0948756627462362,-0.009516878635647682,-0.016163602325672922,-0.12740162749650846,-0.013955536206860438,-0.017833826359964042,-0.152569507938792,-0.02257152100360219,-0.018217674284866307,-0.17478298564232422,-0.034021432374425224,-0.014316256285888874,-0.07999236887220024,-0.019733213043585086,-0.0311132246506232,-0.10349802634926329,-0.019913390288181204,-0.03456865527283596,-0.12424454363077173,-0.024139774644386772,-0.037087298722081954,-0.14555486715045915,-0.031132359936708272,-0.034928737381944484
0.0,0.0,0.0,-0.026595305540837794,-0.005173296542739296,0.02403271742441186,-0.0486151377693588,-0.010521492139153397,0.04724117487792959,-0.07085135844044718,-0.009572098741077693,0.06861615877899571,-0.08959730433929376,-0.006511321321514952,0.08544494815873087,-0.09860581745228661,4.360765391445202e-18,0.020904455708208623,-0.1289006553516265,-0.0021103865689436514,0.027952793829491788,-0.14957418672920172,-0.004714222919061469,0.032788721116979225,-0.1678631150321934,-0.023575132469235323,0.03422590703774817,-0.09976314052409223,1.8822839928055944e-18,-3.0880972895963646e-19,-0.13859312746087893,-0.002629932709666337,0.003261340439286375,-0.16357207943166213,-0.010780250688547575,-0.00039843824649188255,-0.18818179143196515,-0.021013691243523907,0.0014203372969666956,-0.09563926265329499,-0.008732047436917138,-0.01589320432952832,-0.12742392159808796,-0.01292176005029164,-0.01892807918038946,-0.15232933400099735,-0.02122313247950946,-0.021418598889277815,-0.17412294589303734,-0.029299079089780796,-0.01899846786218457,-0.08030143170141082,-0.017523503416891715,-0.03067573472747441,-0.10376563402419281,-0.017460110883758918,-0.03421070603596798,-0.12421183211128026,-0.021358930093528596,-0.03767468226424738,-0.1445275532563292,-0.026514214123429594,-0.036011482750473535
0.0,0.0,0.0,-0.026386779782065155,-0.00502790862727851,0.023689212594952852,-0.04666824351219812,-0.010030903058804887,0.04765916665421329,-0.06767166095939878,-0.008485180436134235,0.07017860863218214,-0.08423497727698508,-0.00464591890182088,0.08790462818402747,-0.09807109135394589,-1.8879615795843994e-18,0.020640936519953558,-0.12753507636788894,-0.0024878061170146367,0.028428143618311332,-0.14840071151223808,-0.005201932908242946,0.03381203286915665,-0.16655095419436697,-0.025253495355144605,0.034561364839240695,-0.09927240584090533,-4.932453177235327e-19,-2.884349844650968e-19,-0.1381044502227995,-0.0036476385593357664,0.0030839821854694058,-0.16273229154752725,-0.012456798239361189,5.603367360017071e-05,-0.18681685752376123,-0.022817042142580953,0.0020590537843308628,-0.09525602247302549,-0.008960809433699654,-0.016078519827132102,-0.1266221980810829,-0.01424747239266142,-0.01852771833864296,-0.15144553826498397,-0.022567015397221214,-0.021041903576274577,-0.17248267415016127,-0.031058124212292905,-0.018931536413027125,-0.07968725124321942,-0.01783740250720515,-0.030615004182581843,-0.10283637776175904,-0.018279382689748984,-0.033854825445863414,-0.12344331098083926,-0.022588431423655488,-0.03744906073653417,-0.14358579791865503,-0.02741855932058001,-0.035937405583647025
0.0,0.0,0.0,-0.027141890253440333,-0.00533517052851983,0.023685487748887783,-0.04778575623809975,-0.008751330769055909,0.047382658290172415,-0.06807898175393282,-0.006829274633602397,0.07027555872584342,-0.0846298145368242,-0.0025967869545063635,0.0882882663642984,-0.09596121683211381,-1.3097638616939663e-17,0.019592335230046817,-0.1254616317184289,-0.0007107957434476327,0.02744609315269377,-0.14573659244833778,4.23911088581791e-05,0.03206356061144434,-0.16384867966888425,-0.014025970540811655,0.032095890534491106,-0.09709419868134642,-1.6669758380149444e-17,-1.5285706156595005e-18,-0.13458676616876689,7.831812431394297e-05,0.0027296023570147964,-0.15894220523320415,-0.004052367495903652,-0.0019919829444121147,-0.18166590347552197,-0.008151712531440824,0.0003616331035178769,-0.0928489117049255,-0.007266834002548205,-0.015293145936517078,-0.12415822739957358,-0.008956472043476884,-0.018575516458810473,-0.1477402174247885,-0.013194906175268592,-0.02233528750500671,-0.16850473793049245,-0.015969287616886887,-0.019645608340195995,-0.07848445021292065,-0.01458646833512209,-0.029892226881537344,-0.10087913039866293,-0.012506119290761399,-0.03404330458039243,-0.12076156321873235,-0.012665448623704197,-0.03749354902263982,-0.13960583917368474,-0.015136956509437988,-0.0355670835296324
0.0,0.0,0.0,-0.027089884651984527,-0.006138563665933821,0.0240605978125456,-0.04745756776572044,-0.01019736481288688,0.048291909974191166,-0.06841776691244439,-0.008487584472532965,0.07083218254646827,-0.08540499961208299,-0.004364095001403954,0.08898515565252733,-0.09641456999289891,-3.2974221290688707e-18,0.02022039315456917,-0.1260303735530789,-0.0011353171571625706,0.02754631517026887,-0.1470116104868827,-0.0018162455736872305,0.0319030266771892,-0.16509980356787693,-0.017545769010048617,0.03154945818497228,-0.09785779424590361,-2.3654105134933425e-18,2.827616531428025e-19,-0.1358767465872081,-0.000648523630312306,0.002389583125707292,-0.160161168025011,-0.006581042104005307,-0.002630045307778019,-0.18355251212585127,-0.01293236225161532,-0.000922968278199557,-0.09371566644708773,-0.00793860785443577,-0.015710602862754167,-0.12551545969848596,-0.010571262285388726,-0.019161151845840278,-0.14946797623690158,-0.01635681570915721,-0.022648031655873598,-0.17055753057368117,-0.021275294585760923,-0.020158601382609075,-0.07906661309307168,-0.015904199056464324,-0.030332233682599234,-0.10158382606239129,-0.014478560340534703,-0.0345016276252403,-0.1218162476065286,-0.015536677608116922,-0.037699730856123916,-0.14172214212097392,-0.01913090539639791,-0.035938168674731145
0.0,0.0,0.0,-0.027243353039616176,-0.006339017412530916,0.024103582880156037,-0.04766723934181924,-0.009997061699152867,0.048159607067696814,-0.0687532752732727,-0.007881971178365964,0.07096307595284176,-0.08541996149879948,-0.003138846561279438,0.08924280334537314,-0.09700692262225626,-6.461313732624225e-18,0.020257978193218194,-0.1266493428113422,-0.0016357595351707069,0.027502902158799764,-0.14761420473906559,-0.0025444632110387384,0.0316850676210471,-0.16549177366941728,-0.019231162915594898,0.0310910084613429,-0.0982820133850754,-4.8539761743781606e-18,-1.7089162712769395e-18,-0.13634531747625483,-0.001444344417684148,0.002078650604329932,-0.16060077666375794,-0.008095032306351288,-0.0029382411465665496,-0.18379292998173355,-0.014838611825351249,-0.0012551904267007982,-0.09388840100116881,-0.008090282995311308,-0.015927016933749788,-0.1256792510639752,-0.011173082558724597,-0.019495618414060556,-0.1494669880773531,-0.017557989532411524,-0.02314904073532316,-0.1704744274779327,-0.02301032851036234,-0.02082330856125736,-0.07896961179394552,-0.016093827633963387,-0.03065234937541146,-0.10162477383057231,-0.014835438257048738,-0.03492472555511026,-0.12191694487927827,-0.016238243377549096,-0.038277725892313035,-0.14154862075702737,-0.020103818931031865,-0.036548644519525185
0.0,0.0,0.0,-0.026786423143327024,-0.005905022736348134,0.023253024002461813,-0.04637061136577099,-0.009027919851568408,0.04808747420629036,-0.06582998212384401,-0.006144093537061656,0.07145284254524928,-0.08248157186348014,-0.0011501153264071977,0.0903885060967911,-0.09522344356687695,3.562473854990436e-18,0.01943686870088914,-0.12401698010962109,-0.0014782509153336693,0.02772691735279112,-0.14506924810585195,-0.0026207097113052145,0.032568680665475226,-0.16312997337461244,-0.01854641549939391,0.03204496792708152,-0.09696194454752492,5.0249231809247476e-18,2.36028090802096e-19,-0.13410729553613912,-0.0010567583472840376,0.0036021957924907955,-0.15820849039146037,-0.007286324114976224,-0.0016039765825435512,-0.18146624601224476,-0.013757121553684758,0.0004666499878079049,-0.0931230350594954,-0.007835603945836418,-0.014897565180743238,-0.12367788996875703,-0.011522343941308204,-0.017558956241244712,-0.14752217998895442,-0.017504560893331696,-0.02172285457779435,-0.16843996914189205,-0.02240634582605323,-0.019457459202648606,-0.07810673891212833,-0.015442284187204119,-0.02938941942846113,-0.09988259393312564,-0.01471931838317121,-0.03268462660248082,-0.12047895908925403,-0.01635974394959387,-0.036395664027371655,-0.14007827664009082,-0.0199831179981198,-0.03467010452631341
0.0,0.0,0.0,-0.02671261237723937,-0.006215072321036325,0.023624770171609216,-0.04685684162265032,-0.009515529440026805,0.04802281540844335,-0.06689016547323977,-0.005987451633179943,0.0714289195602319,-0.08360126411202141,-0.0007536809044779388,0.08935871832989277,-0.09765361753498913,-7.775882552079662e-18,0.02025402721815012,-0.12726898104382667,-0.0022541189168159667,0.02812973488788912,-0.14757091453982377,-0.004591376475933886,0.03275881243585816,-0.16566131002414514,-0.02335950094826586,0.033222368590247825,-0.09904665792983833,-1.0945097864208014e-17,1.0893538598028332e-19,-0.13696126862321045,-0.002638135731522374,0.0028851808691897065,-0.1615983410672735,-0.010794840555031847,-0.001070016778728396,-0.18447214290139777,-0.018972479377484305,0.0008710269009263937,-0.09465728697896356,-0.008106582041534692,-0.015513695620039517,-0.12617055298661117,-0.0127652938740194,-0.018060739340143062,-0.150065115182972,-0.02044588551671745,-0.021326403351954248,-0.17091365814324208,-0.02731558563112645,-0.018823354055155873,-0.07921320254796352,-0.01615760176397342,-0.03046010653000883,-0.10211134215247603,-0.016524857950716395,-0.03402204388458655,-0.12266938302854731,-0.019754853614011653,-0.03722284702338511,-0.1416858333473193,-0.0238954082566108,-0.03528940805987087
0.0,0.0,0.0,-0.026261287305164024,-0.006520051677311449,0.024235004154145173,-0.04647132096955085,-0.010001315125693841,0.049045408074775566,-0.0665245616501891,-0.00588130573099478,0.07230912344579413,-0.08394882988984317,-0.0009795697428596076,0.09018793699463726,-0.09767471573783618,-2.296040639933414e-18,0.02093603794398821,-0.12731816246285263,-0.0026296388557731803,0.028687151104827665,-0.14781089486270899,-0.005856941534170132,0.032937340687767505,-0.16543373009508666,-0.026160773859409386,0.03345093691638495,-0.09925897700083929,1.5840631515012656e-19,-2.0006148613059473e-19,-0.13727288565756576,-0.0034459412706550553,0.0028091215210682757,-0.16207324983744964,-0.012858945955805065,-0.000526969570531595,-0.18491794763255065,-0.022354538165471543,0.0014110686178827362,-0.09449656709446887,-0.008259746231659067,-0.015784597510025578,-0.1263556341059788,-0.013861809860743486,-0.018238123912339702,-0.1504427789210468,-0.022766003704745096,-0.021081702317604516,-0.17121423271913835,-0.03088941908223702,-0.018563075954718945,-0.07898023869302151,-0.01665637153657109,-0.03076981785652381,-0.1019374237641452,-0.01769177890888568,-0.03438105311502207,-0.12246115647077196,-0.021878221714952132,-0.037211561673406175,-0.14177489130268586,-0.02710859913012123,-0.03514249278423989
0.0,0.0,0.0,-0.026344229288877533,-0.006660714207848534,0.024564060872837426,-0.04669818296230841,-0.010070770238949233,0.04930434516556061,-0.06757302217530983,-0.00564210141388651,0.0727590999030676,-0.08471768312210046,0.00012512899835090852,0.09039539066214668,-0.09871015637766799,3.3242636229583336e-19,0.02145775279997929,-0.1286965683693843,-0.0032120882632672466,0.028450283706245475,-0.14944578762562752,-0.00707266332104731,0.03243133430948121,-0.16638659632660474,-0.028466103016301387,0.0327160176335908,-0.10025248183131458,6.975466764113071e-19,-1.1281014747743062e-18,-0.13860685658655164,-0.004852522759033014,0.002146437762706898,-0.16291658222910482,-0.015073589910229248,-0.0011499580744336684,-0.1858129546010431,-0.025015739661878006,0.000932012948341952,-0.09504312712213868,-0.008896136724266613,-0.016172885358262067,-0.12703494323062045,-0.015289148178199829,-0.019142513730278955,-0.1509078918292372,-0.024775902913004907,-0.021897531043472234,-0.171534847671337,-0.03400510702088221,-0.019630909904297618,-0.07907823525333524,-0.017882203313783228,-0.03129088650660511,-0.10232266200863206,-0.019247938108890826,-0.03532074904885191,-0.1227506594659764,-0.02392659946646513,-0.03794662354058432,-0.1420201591611719,-0.02962452455122198,-0.03609581278956281
