x0,y0,z0,x1,y1,z1,x2,y2,z2,x3,y3,z3,x4,y4,z4,x5,y5,z5,x6,y6,z6,x7,y7,z7,x8,y8,z8,x9,y9,z9,x10,y10,z10,x11,y11,z11,x12,y12,z12,x13,y13,z13,x14,y14,z14,x15,y15,z15,x16,y16,z16,x17,y17,z17,x18,y18,z18,x19,y19,z19,x20,y20,z20
0.0,0.0,0.0,-0.027461878208147245,-0.007572074491683402,0.02940676468146925,-0.051926237803795426,-0.010896644830571216,0.050927361318407686,-0.0779865596592217,-0.010247999699411097,0.06599877637687449,-0.10531363911640845,-0.008319678124741825,0.07483929150340447,-0.09428314989640225,-2.3133133017663783e-18,0.022443031436458018,-0.12225904323519862,-0.009212450181843457,0.03047802104736197,-0.14378134258406963,-0.017058336511814355,0.03481181339931967,-0.15506211843611442,-0.039781775985199115,0.03612708992569427,-0.09471526151065189,-2.813275048129227e-18,3.6586229111343767e-19,-0.13124090054007734,-0.011054890848140217,0.004144198018676322,-0.15301000045901184,-0.029510154535478353,0.0024256926237717067,-0.1729804085361218,-0.046330174952838366,0.006930519656632852,-0.08787751471785762,-0.009873304554376634,-0.01552350879739685,-0.11937760687007885,-0.022815408961495393,-0.017021188609588237,-0.13755298853548661,-0.037236903081675814,-0.016133353654800047,-0.15460004565327826,-0.05276867417179362,-0.012531792865930876,-0.07316222794936489,-0.019342528588011543,-0.030324189138825747,-0.09471564257389119,-0.023749123954664372,-0.03399776668507514,-0.11529522963644173,-0.03177589912599121,-0.03597548395355013,-0.1307491845203781,-0.04039927785446771,-0.0313981339454206
0.0,0.0,0.0,-0.027406629710524592,-0.007377951040350837,0.029258460595610932,-0.051977012744679044,-0.010527842438707207,0.05082130088785344,-0.07792884150527618,-0.009687803166585525,0.0657969871119837,-0.10528116968868573,-0.007500033820491051,0.07461642905175286,-0.09431107500162066,3.1904804392832963e-18,0.022369683324058767,-0.12238188463445702,-0.009132350805525236,0.03048314261052861,-0.14390321427794303,-0.016638694975322825,0.03467130872628103,-0.15518599227656657,-0.03910883829985983,0.03600846140516161,-0.09466844181456523,2.7540619781753922e-18,1.2208840785384362e-19,-0.13133547631775666,-0.010960351910473192,0.004184348626121795,-0.15324139011087118,-0.028947840578433644,0.0023773014894591465,-0.17315730484617442,-0.04529967773130562,0.006820329739532086,-0.08785975337195366,-0.009838953532406965,-0.015505885834895275,-0.11944359391419826,-0.02267510004746035,-0.01694229978954786,-0.1375981700853458,-0.03693507686919248,-0.016121112760625327,-0.1547676782885576,-0.05194431444150302,-0.012522777643429801,-0.07319670553211888,-0.019206183385156735,-0.030360245759955513,-0.09481167770275174,-0.02358897279176249,-0.034068789999970796,-0.11539952547854117,-0.03146699058810646,-0.03600659934051307,-0.13086046510507005,-0.03978786779665539,-0.031470667078967514
0.0,0.0,0.0,-0.02758045783639698,-0.00701039077135738,0.02899251109598859,-0.0524189238046687,-0.010250103418599447,0.05041741721172188,-0.07824018958908416,-0.009462611136448196,0.06534554349768389,-0.10539665052566377,-0.007144657616386228,0.07424272952957592,-0.09434846627841732,1.0218670073470544e-18,0.02222350958140003,-0.12252445147579485,-0.009071853737579334,0.030256750146489497,-0.14387787330264507,-0.016231326284467665,0.034216867004268,-0.15545550122573598,-0.03840214816741407,0.03528750909879232,-0.09460528820225601,1.7721128654708527e-19,1.8799182154377137e-19,-0.1313613010702379,-0.010855611217547637,0.0041355357228513015,-0.15346764515507208,-0.028003422054486197,0.0019260870563426635,-0.17345980950688433,-0.043596961639083755,0.006115965621513589,-0.08793119379399252,-0.009716688550320486,-0.015511487317671309,-0.11942338609909225,-0.022189762860228675,-0.017011243504518,-0.13788938765964695,-0.03618020319903716,-0.016500357034017598,-0.15530059229825324,-0.050235339994936734,-0.012923607490626553,-0.073345649878139,-0.018866807356771896,-0.030440159897383325,-0.09481852992104983,-0.023119549133128792,-0.0342162563795313,-0.11540457428458342,-0.030535019695147558,-0.03619827160181366,-0.1309810569113996,-0.0384497815492566,-0.03181788264775773
0.0,0.0,0.0,-0.027787456045552883,-0.006936309375961247,0.028899017660535428,-0.05262506779944759,-0.01007288405525561,0.05023140469648755,-0.07846982868529456,-0.009384718325023064,0.06502424400956448,-0.10544452700155324,-0.006744860007189607,0.0738833069268489,-0.0945896672260767,2.563265678311965e-19,0.022164663785020328,-0.12283574528517714,-0.009244842753598274,0.0301702297997345,-0.14403713360963305,-0.01640605678166054,0.033887087469103405,-0.15563915375378293,-0.03862949984460982,0.03490629187322589,-0.09475478542508373,7.41250137710325e-19,-4.694654701649446e-19,-0.13156936863033608,-0.011032233251768527,0.004068073706266269,-0.15377122968757448,-0.027796953010529243,0.0017461704036854616,-0.17364280366865995,-0.04331148141215066,0.0058201989549759746,-0.08805130827967915,-0.00970039784477532,-0.01563592019263512,-0.11948546794332231,-0.02220785294655181,-0.017208549187782633,-0.1380115275128523,-0.036213096987916124,-0.01680643242671861,-0.15542487715759262,-0.05000818917394897,-0.013077904657126604,-0.07336308289803004,-0.018849821987945835,-0.03056026427270049,-0.0949065806092228,-0.023077775136826562,-0.03441331465324327,-0.11550235225441945,-0.030337162190260735,-0.03641937835303101,-0.13112953241297032,-0.038064932355246724,-0.03209344184704516
0.0,0.0,0.0,-0.027853394937900747,-0.006941154834657415,0.028798212003308045,-0.05275265995898331,-0.010126004917796663,0.05000155351618974,-0.07858264371208179,-0.009563971734298037,0.06475455878063786,-0.10537492321546796,-0.006799250417832687,0.07376933075801805,-0.09474645245948263,-2.1103205020336436e-18,0.02208704559166498,-0.12302244627817344,-0.00930033746058889,0.030073935981034534,-0.14421411144383328,-0.01639143919038968,0.033614793811730694,-0.15589562069964769,-0.03851914404544858,0.03446263529534215,-0.09493043336140956,-2.5285902331611218e-18,2.2188135216530444e-19,-0.13182551768406922,-0.01116593721344781,0.003940316585982546,-0.15414621038000867,-0.027522196704440824,0.0014584989920214324,-0.17400931103586112,-0.04289155585140312,0.005309600493165095,-0.08828061470031377,-0.009660459643779436,-0.01575770501303217,-0.11961404776804345,-0.022051693600799345,-0.017408982054628444,-0.13846192032974983,-0.03599227434223112,-0.01721987778657059,-0.15597419831329296,-0.04953802402716471,-0.013543986884741952,-0.07351957084402919,-0.018674919827449694,-0.030803835376290924,-0.09512619081924155,-0.022978431412519908,-0.034641742367744456,-0.11570335485185357,-0.03009484378335364,-0.036642016107201233,-0.1314745037322388,-0.03772604487897577,-0.03253302196178812
0.0,0.0,0.0,-0.02812802229009878,-0.006832128857201392,0.02858614406396536,-0.05305717576198787,-0.009838143837778052,0.04978032931970473,-0.07884503704383591,-0.009010985889251318,0.06450222840841784,-0.10540353415206712,-0.0062974800786940455,0.07351833573134563,-0.09496974911256877,9.677226373953396e-19,0.021875554466237443,-0.12326550759007465,-0.009172629181574856,0.029945573871180173,-0.14440066112955272,-0.015840346566204214,0.033420671426415464,-0.15614443436379463,-0.037303354169443366,0.03393688484926045,-0.09506424863344373,9.483617702942274e-19,-1.4140221500212328e-19,-0.13202885762639688,-0.011048108471652522,0.003909929703139321,-0.15443588976596936,-0.026637536598136714,0.0011807433615436996,-0.17428637674577488,-0.04144049969119322,0.004833937176677451,-0.08849502873627263,-0.009581313927904659,-0.015777699095616705,-0.11984880384093534,-0.021512827248865822,-0.01757405974091044,-0.13899638227627747,-0.03493223101194177,-0.0176420254467166,-0.15656434770503047,-0.04780306897497945,-0.014034015081747203,-0.07377379258235256,-0.018349015454530933,-0.031056378792409772,-0.09553782366818488,-0.022391922975526835,-0.03491781054863406,-0.11609026426925477,-0.02919831037358342,-0.03696731426107943,-0.1319353628047913,-0.03657306892919308,-0.03293296001970514
0.0,0.0,0.0,-0.02826111632217194,-0.0067809319958782276,0.02855554877424119,-0.05323943224972796,-0.009840787531948194,0.04962852564127355,-0.07900368264610591,-0.00892656303922157,0.0643694145668326,-0.10555643023445964,-0.006319795392938511,0.07342819873587604,-0.0951915557616744,-1.040444515927058e-18,0.021776037191124507,-0.1234834763005061,-0.009236086551020137,0.02991478944567563,-0.1444543342298175,-0.015805501426346936,0.03334609976879829,-0.15621025497675572,-0.037289628416017795,0.033674215580360094,-0.09523622731477174,-6.215196106705065e-19,1.8868849600361393e-19,-0.13215724754303151,-0.011256369607911293,0.0039423957532245795,-0.15451437961632464,-0.026740514545535644,0.0009949838330239288,-0.17434985206273573,-0.041484098269339624,0.004567431417959121,-0.08871355972706332,-0.00955119968834851,-0.015797312792214132,-0.11998744980315976,-0.02133298212213618,-0.017622294389026967,-0.13931654068325336,-0.03491523628328698,-0.017951845112813804,-0.1568799510148206,-0.04758670274734182,-0.014248270896753951,-0.07399160684189139,-0.018218924940448415,-0.031189598229466275,-0.09570281357759858,-0.022278585751934237,-0.03509999570875372,-0.11620663768927374,-0.029112665906098532,-0.03714014223583063,-0.1321167729418261,-0.03659409817975907,-0.03318083211356373
0.0,0.0,0.0,-0.028407561141597988,-0.006875764931188337,0.02854549389988421,-0.0534865395736509,-0.010327970101030296,0.04950322484184944,-0.07936606663908144,-0.009718215140896666,0.0643554335151702,-0.106187079884658,-0.007463202528647246,0.07312596725734981,-0.09559782737853977,-2.5860562104424842e-18,0.021861352870201908,-0.12391478779637796,-0.009679323088191819,0.029746542789082394,-0.14461197650586471,-0.01656065057309175,0.03302681279564415,-0.15632902085893652,-0.03870503070221355,0.03314907246708041,-0.09552921289385742,-2.396546565501198e-18,2.5188475182984907e-19,-0.1323958314297115,-0.011959728423231106,0.003797342006202741,-0.1544906265315059,-0.02786005306673641,0.0004814552973371129,-0.17435325936325413,-0.04301637332255108,0.003965140954878653,-0.0889203290056621,-0.009606952790639516,-0.015893032597854354,-0.12003929319379007,-0.021750692951805182,-0.017798109721386297,-0.13945124126109099,-0.03593394281691434,-0.018510108902769024,-0.1569856826226152,-0.0488099784379172,-0.014847499048248338,-0.07405014640715092,-0.0182889366507351,-0.031379193104549265,-0.09566476457706063,-0.02267908791012134,-0.03540696303921841,-0.11611996378313227,-0.02982779820420874,-0.0374367573410689,-0.13202713906694805,-0.03763206855654866,-0.03361737386566562
0.0,0.0,0.0,-0.02851530773236323,-0.006927113773918108,0.028624982153709903,-0.0535547169492596,-0.010655030834089078,0.04955868932674683,-0.07969669022860344,-0.01021891059988906,0.06444802987176954,-0.10672186144420553,-0.00810712922148882,0.0729490415026624,-0.09598060948239077,-3.5311318119217546e-18,0.0220280864000317,-0.1243216880235703,-0.010128504501644493,0.02967258323429658,-0.14470620947065704,-0.01743064965174207,0.0328587382762455,-0.15618447841217864,-0.04022954656758758,0.032894922163683456,-0.09588375093202012,-3.074308538374549e-18,4.549827272891689e-19,-0.1326426045704553,-0.012724764746666135,0.0036792312983686543,-0.15443625232222027,-0.02907108639173288,0.0001693654565443433,-0.17415516501181882,-0.04474667350606928,0.0035920449810762254,-0.08915408929526211,-0.009717308606762702,-0.015981052425574432,-0.12015860644874886,-0.022318190955872397,-0.018012218830564582,-0.13956945236327667,-0.03705558780843432,-0.01888245966429244,-0.15696304516821008,-0.05021906213594145,-0.015186084712760343,-0.07417716935144571,-0.018504728248128197,-0.03157934169321885,-0.09571118043958766,-0.023229224548796737,-0.03563903468900582,-0.11602582604803012,-0.030694963033436468,-0.037637069151434194,-0.1318968534766899,-0.03887151269337356,-0.03390304208714389
0.0,0.0,0.0,-0.028632398376765015,-0.007165207980036909,0.02874482438346453,-0.05361571637159041,-0.011002987319460379,0.049594139543382015,-0.07981461988393311,-0.010693068341685827,0.06446915123443753,-0.10697185507165172,-0.008463913685621731,0.07292663985777013,-0.09609929039324422,1.675281083680502e-18,0.022035775139389837,-0.12451154340854727,-0.010224528772915678,0.02971479396657386,-0.14491744527373085,-0.01768536322697001,0.032893349233629396,-0.15638276368291537,-0.04099823643328493,0.03300023658302206,-0.09601188915651548,-8.616673008889348e-20,-4.405211386481774e-19,-0.1327949905748687,-0.012778077666237557,0.003699490152511951,-0.15451978431818716,-0.02955832741723698,0.00011303738126138334,-0.174244243428686,-0.0454679654711967,0.0035958030092080066,-0.08918443023202804,-0.009737414892637722,-0.01595867219273638,-0.12018848115026701,-0.0225736870166435,-0.018106894574357994,-0.1393753086394268,-0.037597154697681594,-0.019003371180480906,-0.15674428309696967,-0.05114771951509043,-0.015231652897353894,-0.07411528646885447,-0.018660209063978125,-0.03148802563478755,-0.09560394633042925,-0.02342445032334553,-0.03564187856784638,-0.11590737091684582,-0.031087205389666635,-0.03767051007753675,-0.1317462701792023,-0.039396837503375304,-0.033820991086587746
0.0,0.0,0.0,-0.02864424247599895,-0.007439275962277225,0.029190940392889483,-0.05329572163568974,-0.011373901807026505,0.05008940870384567,-0.07952546289399802,-0.011086969488040468,0.06498758535948479,-0.10683762821759983,-0.008772177282234558,0.07341441776101792,-0.09626350886289817,1.5630214413071097e-18,0.02244064047087114,-0.12480275369958317,-0.0103715100486163,0.03010754864299641,-0.1451732780224936,-0.018338779289556625,0.0334621910583446,-0.1563370184932708,-0.042167777054092186,0.03398672294015023,-0.09631272714466153,4.0091246091323597e-19,4.633766638985138e-19,-0.13327058980342166,-0.01301906329151832,0.004192156814523218,-0.15479190549405075,-0.03048119891377081,0.0008812617203840989,-0.1742894286419576,-0.04711938516409632,0.004779974754291932,-0.08943719081813765,-0.009912326592963988,-0.01575934856594177,-0.12037828787115458,-0.023347336285277,-0.01763468070998558,-0.1395576403440942,-0.039008380138447714,-0.018122774259982124,-0.15645580932885914,-0.05325747751373279,-0.01402471768029693,-0.07427203603570752,-0.019039483864087138,-0.031066224859993614,-0.09580852929743819,-0.024046793169430366,-0.03510277840877745,-0.11609107139316986,-0.032104817724480664,-0.03703167854230379,-0.13166207940894994,-0.04091737002965745,-0.033053876529362494
0.0,0.0,0.0,-0.02824429999222404,-0.007908567945933797,0.02963767998642898,-0.05264256576018913,-0.011785820369705918,0.05095919682484546,-0.07923929027952764,-0.01134754471569339,0.06571201058426349,-0.10692983928701286,-0.009145031170092579,0.07393166622027084,-0.09644892201680512,-4.204690925970464e-18,0.02290845192481911,-0.12500321678062562,-0.010679516347761802,0.030582449801939783,-0.14545687795670242,-0.01930741346442431,0.034390464727751056,-0.15595381315667095,-0.04369367488511712,0.03559003117411329,-0.09676874644289171,-4.2929286660388814e-18,-2.300759453872362e-19,-0.13393452554416502,-0.013440610538495771,0.004419514510190648,-0.15495586786973353,-0.03199833704517538,0.0017948658290986713,-0.1741657006310817,-0.0496505660916246,0.006543500111476514,-0.08967665021153669,-0.010078059897952475,-0.01574110526719092,-0.12065314157430576,-0.024613284528431114,-0.017363592473134758,-0.13952937676188057,-0.04114373091675241,-0.017229598041238314,-0.15593228970827155,-0.056396325791205695,-0.012660640438335344,-0.07441001969797265,-0.019498098383152987,-0.03084302178063148,-0.09609165970109965,-0.0248743988162476,-0.03475359778748848,-0.11617745126332489,-0.03378551794573534,-0.03640394143501679,-0.13140855665078274,-0.04328917592764418,-0.03194625008400633
0.0,0.0,0.0,-0.027961322428237668,-0.00821783890323806,0.029865263832914993,-0.05220463102924195,-0.012127223878943605,0.051434758896023024,-0.07905540136967691,-0.011611396112736334,0.06611162206788684,-0.10706686923445982,-0.009543412711807111,0.07420883633892478,-0.09657500614703042,-1.5945365763982915e-18,0.023177757163594305,-0.12507705648059553,-0.010978936240026669,0.030818319645799234,-0.14553878953882723,-0.020012651587445727,0.034898740551077195,-0.1556343062285232,-0.044868434281682086,0.036512258467769655,-0.09707138272833872,-1.6960419328682686e-18,-2.6245257753796617e-21,-0.13426936680234902,-0.013771797493513831,0.004515845392591989,-0.15493450695366695,-0.03303281051886039,0.002300874847678105,-0.1739579915742534,-0.05132030902114688,0.007575195564285325,-0.08983303149456842,-0.010177915983311676,-0.015719764065628857,-0.12074057007188357,-0.025423009520514333,-0.017207356554100182,-0.13938931878376679,-0.04251345919190582,-0.016751400092518087,-0.1554532922028348,-0.05839560520139945,-0.011912297408026531,-0.07449384070901194,-0.019764752761760335,-0.03067680010302955,-0.09622952490612678,-0.025352648085860564,-0.034554451108220544,-0.11615811204866147,-0.03478688036459515,-0.03603986806732071,-0.13112887360738928,-0.044667007038864184,-0.03130621376827315
0.0,0.0,0.0,-0.02773185134267329,-0.00849097186901771,0.02994532027704058,-0.05151150346835357,-0.012622435724796434,0.051687312227449655,-0.07858625546199013,-0.011797491441755506,0.0663460470949543,-0.10657300952554262,-0.010449020420531661,0.07432560811492143,-0.09637936037970166,4.5936941226930615e-18,0.023213194039893942,-0.12479245724398702,-0.011331115100984342,0.030912211399500622,-0.14511818821577271,-0.021327072047852415,0.0353453096843007,-0.1546111912146627,-0.04665553884837205,0.0371008616389658,-0.0971963729124497,2.527529723945346e-18,-2.765398026357058e-19,-0.1338696576528213,-0.014301658270998243,0.0046019740883622515,-0.15397284981160764,-0.03452711069199886,0.0028065721896398587,-0.17275767083755608,-0.053952431222815456,0.007977869606688831,-0.08963770742769764,-0.010239101262124078,-0.015572888376971725,-0.12026582730843433,-0.026292122904399907,-0.016933099909547368,-0.13853233004203017,-0.04407792436478471,-0.016293501193183263,-0.15405076643520418,-0.06089291189274915,-0.011538636992585949,-0.07427721496002253,-0.020023673350309076,-0.030475017793241903,-0.0960715060134664,-0.0259428912790659,-0.03418897469012415,-0.11547912665623854,-0.03619916705686687,-0.03564782219368406,-0.13023711808177213,-0.04656012498659045,-0.030639485492971706
0.0,0.0,0.0,-0.02743662527783258,-0.008731574468077413,0.029994476479344542,-0.05098826356105075,-0.01308006773748271,0.051864994914049556,-0.07822982513885707,-0.011960109782543684,0.06645340053083612,-0.10620287404794684,-0.011180162820380042,0.07440349166041271,-0.09623491841293481,-1.9767615730951112e-18,0.02326061993008887,-0.12451840718740759,-0.011571549281663665,0.0310511062976944,-0.14495027652842998,-0.022385774674219445,0.03576101405341347,-0.15394127026887497,-0.04779585081906239,0.03773345549094056,-0.09736886950326736,-2.1446770163746742e-18,-6.052297193193975e-19,-0.13363535440920585,-0.014581830492994,0.004624272055442069,-0.15345893269223715,-0.03547441876332136,0.0033371022305513772,-0.1720895635634943,-0.05567392688118558,0.00837565281794524,-0.0895440346910627,-0.010252703874237023,-0.01554267236052966,-0.12006972857362079,-0.027034495558189726,-0.01679492046067939,-0.13782551245055716,-0.04489048715264351,-0.015723029746605967,-0.15296483218530496,-0.06275131686930645,-0.011170839772497944,-0.07421914586886687,-0.02019993425802871,-0.030528218977567537,-0.09618494996526214,-0.026449336629232743,-0.03395823109277758,-0.11519131734043558,-0.037217038984070465,-0.03537540580994431,-0.12988044837755183,-0.04781158132846241,-0.030230048694018574
0.0,0.0,0.0,-0.027099972081423264,-0.008513472020323685,0.0296414105531196,-0.050859138626423765,-0.013320804709089433,0.05152471023121885,-0.07807234222079541,-0.012048263780997963,0.06630848943456069,-0.10599723780702978,-0.012207631284457737,0.0739452843007083,-0.09600236375832963,-3.0663141535546272e-18,0.023152576817257242,-0.12376698615967623,-0.011859324930174529,0.03090488885626547,-0.14425465770057616,-0.0234395206997667,0.03575159056299171,-0.15309168282458271,-0.048865052434380524,0.037539028275744485,-0.09722541247875596,-3.5527644722487975e-18,3.9064584830740157e-19,-0.13281427548164434,-0.014892272455318909,0.004470665617375789,-0.15241381867836507,-0.03616240830499644,0.003197683785209233,-0.17088960504357517,-0.05734145895851558,0.007584191347890456,-0.08915323091803565,-0.010316198980155252,-0.01548779155470041,-0.11929064220663937,-0.027589409741746188,-0.016711864100587396,-0.13665473291333222,-0.04520083243876351,-0.0158148140175656,-0.1514247030197753,-0.06379817500614564,-0.011903566983586501,-0.07377045296349925,-0.02009186080156981,-0.030642840998558893,-0.09580103178866858,-0.02675394525569695,-0.03374635411032296,-0.11446306252247353,-0.037906977826479726,-0.03557264811027123,-0.12908291129126215,-0.04826564934666385,-0.030835873140514124
0.0,0.0,0.0,-0.026794641870561155,-0.00823272732103121,0.02948853609613704,-0.05075097756738019,-0.01348114300254338,0.05146791661078536,-0.07826355223543305,-0.012128443519333563,0.06633133965090607,-0.10615978335654508,-0.013000829536157313,0.07371601919640848,-0.09589107630091741,2.041902143422652e-18,0.023181922942979587,-0.12332343320618094,-0.012006660168284899,0.030755328660449985,-0.14385435939081334,-0.024173821461625226,0.035644622512679365,-0.15245911025094055,-0.04962432546099666,0.037328820985220584,-0.09716384219961634,3.8464358772417276e-18,5.297637878776822e-20,-0.13221066557801728,-0.01516153530734195,0.004227293826122019,-0.15152915290160981,-0.03672128355354651,0.0028729474505707303,-0.16984316057148408,-0.0584292210022676,0.006914654472864808,-0.08886526285284839,-0.01030160405934315,-0.015532760026185399,-0.11873869686462814,-0.02794983576844368,-0.016886005601145674,-0.1357097228151163,-0.04542596174460638,-0.01603658846113478,-0.15018806093373127,-0.06449689902772525,-0.01243428295334418,-0.07338361689215363,-0.020051445143062507,-0.030860188653472804,-0.09535743471520886,-0.026893941405996834,-0.03373676152264734,-0.11367337174139752,-0.03823906757389086,-0.0357417804853307,-0.1283126225242868,-0.0484227640378024,-0.03127251562259686
0.0,0.0,0.0,-0.0265632035230372,-0.0078121472831734805,0.029658316609188662,-0.050477455254031224,-0.013007531629000795,0.05172872266522289,-0.07829800292696924,-0.011415231947917867,0.06663960475768424,-0.10606661036658571,-0.012641442195070612,0.07366213122912012,-0.09594501901709347,3.4956466584367006e-18,0.023501073119923555,-0.12327923099773,-0.011837632550277975,0.031070090342821582,-0.14380264509601653,-0.024244000392257617,0.03626815509243115,-0.15207043242858106,-0.04964938477892202,0.03821635451325916,-0.09724433402854864,5.4202453596124205e-18,4.053248085042718e-19,-0.13238861182279912,-0.015254772350666357,0.0042978372006809125,-0.15143872582654452,-0.03692090020306745,0.0034078172712903314,-0.1694212139439626,-0.059004262038280963,0.00775149194772776,-0.08882974598844733,-0.010486470429014669,-0.015509398136762087,-0.11873133971549768,-0.028474382810713683,-0.01670422099654244,-0.1355604868048196,-0.0457252281927901,-0.015571790657820841,-0.14963583354170726,-0.0652217696351856,-0.011908159078217465,-0.07316847958459453,-0.02047660544410127,-0.030936029833113426,-0.095329475680697,-0.027471635659010105,-0.03360164259631449,-0.11371067062324987,-0.03891543785827263,-0.03552133359814027,-0.1283910418574679,-0.04890939607779507,-0.03101021163050637
0.0,0.0,0.0,-0.02637353275539393,-0.007835433965261679,0.029717855367106444,-0.05005888020872677,-0.013192398532981611,0.051877429919585695,-0.07816148997393986,-0.011713908616051111,0.06680513874172285,-0.10584905498772122,-0.013119188394134259,0.07367046861208486,-0.09584351549542189,-5.372843222897872e-19,0.023679172533546494,-0.12322189938696984,-0.011898449661676398,0.03119208856692354,-0.14366049757275526,-0.02477398873135681,0.0365833713978371,-0.15160160276468246,-0.05041809605717726,0.03864960291187123,-0.09723873516360625,2.1323887839046647e-18,-1.7216284850573398e-19,-0.13244936679114777,-0.015398650660852735,0.00436713030910555,-0.15124032980013702,-0.037259548709097354,0.003703884246893717,-0.1690606849179308,-0.059972003117321204,0.008116373667857914,-0.08876665532557854,-0.010556808246413765,-0.015511897432982025,-0.11857471480410547,-0.02893306600374336,-0.016652172317788327,-0.13526350675397994,-0.04616445330690569,-0.015375358417812308,-0.1490001349989588,-0.06627867712805592,-0.011701824540719075,-0.07297670486482839,-0.020654022001120695,-0.03098870640695708,-0.09538256548143378,-0.02779104289723133,-0.03351089843609842,-0.11365117765076843,-0.03945740663840951,-0.035456937706495,-0.1282915080059133,-0.0495423809450794,-0.0308982780775943
0.0,0.0,0.0,-0.026217355661268864,-0.008110696583993434,0.029810110385886823,-0.049669788992145886,-0.013606566839363917,0.05209036868235131,-0.07802598405217608,-0.012106311602878958,0.06710254035162294,-0.10584054730666428,-0.01347549880471036,0.07389540820961484,-0.09595348933997777,1.006752835173643e-18,0.02383348693771624,-0.12341361861908803,-0.01209406511057224,0.03137350318635382,-0.14364177773384643,-0.025520774494124866,0.03696927439989568,-0.1512464412070733,-0.05145970998563201,0.03911082173944583,-0.09752934461981616,6.218708675634093e-19,-1.3168855279199674e-19,-0.13272054333808755,-0.015616252860092824,0.004503100914493092,-0.15126718616018683,-0.03782369497495254,0.0040103535750077015,-0.16884194576505404,-0.06113167088006006,0.008406115313864274,-0.08899324884152021,-0.010551242028209971,-0.015557260012037255,-0.11864974949104003,-0.029401162894049697,-0.01662720109694442,-0.13515219385287242,-0.04683682784480498,-0.015153393097363419,-0.1484811651801914,-0.06751079832396292,-0.011442091987753311,-0.07312684959829452,-0.020645666241817233,-0.031091049673523524,-0.09558817076468186,-0.028090636467716305,-0.03341567089363451,-0.11378374032633302,-0.040076604661096756,-0.035354014009792364,-0.12824591693535212,-0.050403619286913136,-0.03062026766235255
0.0,0.0,0.0,-0.02625496949838948,-0.008439617005949808,0.029943260567829134,-0.04974583556024995,-0.01366791675040033,0.05217427067534466,-0.07833586883189533,-0.012144384845811543,0.0671687104301522,-0.1063046172367114,-0.013101040959625335,0.07412610929824327,-0.09617353618827569,-1.0049614057419736e-17,0.023797420516279415,-0.12374465398396808,-0.012175431362407075,0.03142016996345726,-0.14385257110393998,-0.02554686809690281,0.03703256533633272,-0.15146708399171332,-0.0513748570886966,0.0393285515601365,-0.09789198501133695,-1.3212299145452885e-17,-3.2461125859490177e-19,-0.13311811007922972,-0.015584910329230263,0.004610459982167139,-0.15159782955103177,-0.03780635145868116,0.004105461444942063,-0.1693778952586563,-0.060707498869299464,0.008614197335148045,-0.08930840752392018,-0.010376148530133595,-0.015547380673112877,-0.11890772031292252,-0.029336918018578365,-0.016574019120828502,-0.13542853441764865,-0.04693373849014087,-0.015136200282826074,-0.14878610444628038,-0.06739428460147223,-0.011337665755200442,-0.07349994825401682,-0.020461514964022154,-0.030919098859450312,-0.09585535629298349,-0.027895225097565274,-0.03336660133280234,-0.11401015179177316,-0.039825808787943374,-0.03516489977144851,-0.12827135816909577,-0.050353233595910825,-0.03018572209724841
0.0,0.0,0.0,-0.026186778159355762,-0.008443457184206476,0.030030151131861447,-0.04959374125345481,-0.013457369107127899,0.052396112764144,-0.0778539199891965,-0.01201980680372421,0.06741750256489429,-0.10611479973252838,-0.012519094806503102,0.07448299255514311,-0.09629330449722433,1.6497569987213178e-18,0.023768096638666563,-0.12384721541590836,-0.012206790209788043,0.03149361341685128,-0.14375508350587693,-0.024907793291478766,0.03719605616839126,-0.1515109133146607,-0.051105206993999217,0.039713663580915076,-0.09796044657111114,3.535943373681257e-18,-6.51569214989476e-20,-0.1333832978109561,-0.015604767139702007,0.004918535310444504,-0.15183448226854832,-0.03783802347577333,0.004358740306437856,-0.1695536137668124,-0.060379034108651385,0.009378385889642864,-0.08965684083156962,-0.010349215215522001,-0.015462301124913194,-0.11912707723522922,-0.02901298987098707,-0.016154424902975622,-0.13588103015072522,-0.047471409438975536,-0.014860127215419147,-0.14940266639705035,-0.06720687815931944,-0.010609549163761892,-0.07381947955935049,-0.02036262929179358,-0.03042866089833176,-0.09583186087089293,-0.027760992710964293,-0.033082362725552185,-0.11397990678578179,-0.039832508980762904,-0.03459894468397534,-0.12795498727196808,-0.05076038556470209,-0.02940542731443054
0.0,0.0,0.0,-0.026322922153949845,-0.008829207060253225,0.03016989704372006,-0.04955890865754723,-0.013777049959802137,0.052442315318789644,-0.0778324016186015,-0.012410066727503272,0.06729201058747747,-0.10598141193081038,-0.01299015133877419,0.07450562174401654,-0.09625419333493462,7.17481642944579e-18,0.02372060167806433,-0.12396970892157083,-0.012083505966952228,0.03149509675877945,-0.14407495171625864,-0.024732449075984528,0.03716537332783407,-0.15192493523787037,-0.05052768185447029,0.039541296628761595,-0.09794083608225353,6.281934152337043e-18,-1.4343543464637298e-19,-0.13362858532871458,-0.015131645143047328,0.004881024507337937,-0.1522932440272519,-0.03733223264017089,0.0043845293117369885,-0.17027098280579786,-0.05955026686685718,0.009311104043656634,-0.08964743594578194,-0.010252711642200506,-0.015521264398329532,-0.11935128887976118,-0.02883727423927719,-0.016377148385661216,-0.13604015860874474,-0.046979183670070424,-0.014928760499682078,-0.14963683261375213,-0.06697896855291186,-0.010750912349220449,-0.07394256692128871,-0.020322588164958553,-0.030531149559623896,-0.09610652303865937,-0.027529941120491598,-0.033233140656200824,-0.11447570035308334,-0.03944060104253093,-0.03475488372234327,-0.12852886859749024,-0.050392756680558586,-0.029537505471351498
0.0,0.0,0.0,-0.026184186565493754,-0.008498594412428045,0.029966333435484493,-0.049297849911937495,-0.013881435958331193,0.052171572282651596,-0.07767595245394603,-0.012351110760505834,0.06699681534455315,-0.1057182879684854,-0.013453706548029899,0.07439818098184804,-0.09612476789678062,-1.9607186741691843e-18,0.023726691666122245,-0.12393497574649964,-0.011872579849803411,0.031327579952773424,-0.14411464961172687,-0.024287063619048588,0.03710511645868905,-0.15229276701562325,-0.049863710412250704,0.03920770718167449,-0.09769089806470278,-1.2435093150054975e-18,-1.9254832365288846e-19,-0.13345386220894112,-0.014759586014335089,0.0046579602410394055,-0.1524218804866642,-0.03681841598755186,0.004183474614070634,-0.1702772728289492,-0.059030143426605355,0.008886250075548153,-0.08941294695642092,-0.010369471772621156,-0.015662500884860365,-0.11932476874153956,-0.02880324002331462,-0.016582555396879882,-0.13600475316798444,-0.046551210922221885,-0.015139104540171755,-0.14968012810068662,-0.06686490138402655,-0.011219775557534215,-0.07364482586785948,-0.02038443327413153,-0.03068251828764765,-0.09587374402426181,-0.027712597152522854,-0.03317911873315865,-0.11434172977566381,-0.03970480777321897,-0.03491035927940593,-0.12829359188102338,-0.050648510828995796,-0.029924541480003827
0.0,0.0,0.0,-0.026065941524700587,-0.008223393463534007,0.029779635936413806,-0.04917564219138005,-0.013899569591906276,0.051966662830612645,-0.07760478140669744,-0.012211609044514708,0.06678119525694656,-0.10560208936009732,-0.013648449295895948,0.07431468914430403,-0.09604018331725803,3.674016418344326e-18,0.023693333414218025,-0.12389156653651853,-0.011687721061469585,0.03117326113590292,-0.1441205449139643,-0.02396336410272453,0.03704376413362511,-0.15256305002851106,-0.04932911583828287,0.0389669713960895,-0.09750440016709655,6.1109916635975594e-18,-2.343354869829405e-19,-0.13329265306711505,-0.014485109732194489,0.004443800650997002,-0.1525094871639072,-0.036406256582396705,0.004006863384335913,-0.17025102848296764,-0.05864986971884292,0.008560068730829639,-0.08923065784902508,-0.010440424738952162,-0.015805159619442448,-0.11929376116032661,-0.02875193307569454,-0.01679281476169109,-0.13597636027628077,-0.046196983916480125,-0.015316550125155927,-0.14971722036280638,-0.06667438216930442,-0.01152650119614521,-0.07342214895615622,-0.020370046316568368,-0.03085575721582023,-0.09570595977263495,-0.027788428512519347,-0.033196293205959335,-0.11427149356695768,-0.03982798930295581,-0.035146819992906836,-0.1281997210629185,-0.05071373084410255,-0.03028218797673884
0.0,0.0,0.0,-0.025965054423872227,-0.00833587497104443,0.02976301353092593,-0.049220760694366136,-0.013974026970987447,0.05197289936826711,-0.07787792131990241,-0.012162171820454742,0.06677050068856598,-0.10587453977302959,-0.01362891058926066,0.07442975708364655,-0.09620606067136984,-6.023385476857357e-18,0.023740295372836215,-0.12378338207472063,-0.012002790236292016,0.031275241429990615,-0.1439322367298128,-0.024695629806306407,0.03707306832945281,-0.15215523992956165,-0.05008473279414186,0.03911160962094456,-0.09770622301074659,-4.6429754118246566e-18,3.595225603176902e-19,-0.13320436468309738,-0.014936872583506613,0.004456845913049335,-0.15215135060872234,-0.037126840210429425,0.00407454334143366,-0.16987682397013185,-0.05952094044635539,0.008583345252487372,-0.08930828449304061,-0.010462833543902685,-0.015869262670476756,-0.11918989088935275,-0.029166340992493503,-0.016800954115232244,-0.13563565924077678,-0.04662514401755803,-0.01525208948416074,-0.14913294971660596,-0.06724469005224114,-0.011447733917299552,-0.07347530481168897,-0.0203400944715515,-0.031018772570737423,-0.0957015782559053,-0.027941158155783862,-0.03328322699340308,-0.1141320303968963,-0.04010667438996056,-0.03520922915134154,-0.12800673046694405,-0.050899541719722115,-0.03029038169622539
0.0,0.0,0.0,-0.025882113791061267,-0.008503788671135198,0.029924109569669264,-0.049210443598732535,-0.013835330903814618,0.05208871994918734,-0.07745225747640497,-0.012666434278855308,0.06661792051446962,-0.10541051125986489,-0.013411154885497684,0.07454060518041873,-0.09603826414952638,7.104814643588107e-18,0.023742116510391185,-0.12372113884926239,-0.01165611802657315,0.03148889348182165,-0.14415509102006327,-0.023657925561779796,0.03721984080396518,-0.152505589289287,-0.04915549941140663,0.03972847403544537,-0.09764481058190515,5.7276735503662225e-18,-5.396701170190777e-20,-0.1336340307557994,-0.014379443807842122,0.004574076749270275,-0.15292980745894516,-0.03643836667203266,0.004375225805963042,-0.17073460012488548,-0.05836805797612295,0.009494229846692953,-0.08948057303501006,-0.010403786386880795,-0.015811198463579607,-0.11963064999622713,-0.028692142528714087,-0.016650541775559267,-0.13618911345461543,-0.04633259714396653,-0.014791050058696527,-0.15020617472102035,-0.06660694809194516,-0.010482753470454718,-0.07377416288238192,-0.020411728578035554,-0.030667158085166943,-0.09590435823916199,-0.027668188414375416,-0.03321063341606347,-0.11456783305135976,-0.03955920301799438,-0.03492572823430306,-0.12849661937294685,-0.050630417860559565,-0.029748479119646853
0.0,0.0,0.0,-0.025897464678607027,-0.008404585637039878,0.030313525083671824,-0.049344526382003984,-0.013551119573887117,0.052439146185800485,-0.07725838238542189,-0.013090408282715316,0.06684236059849336,-0.10520099126713128,-0.013294882125770489,0.07479696099198059,-0.0967478791408413,-4.858785932589654e-18,0.023925951867455508,-0.12457250036032401,-0.011307616714184893,0.031853011336662275,-0.1448699556679085,-0.022635044931538312,0.037318994696807946,-0.15319931159295186,-0.0483690580461532,0.03986986971944412,-0.09815102051021309,-6.268501835550567e-18,8.630496784115732e-19,-0.13502085821906806,-0.013657548488345902,0.004875155675792068,-0.1549931780577724,-0.03522531748033345,0.004813757630602818,-0.1725896722550075,-0.05677218547300409,0.010479968825213064,-0.0902909571116944,-0.01046285529090822,-0.016084374404525273,-0.12104552809614802,-0.028071805786427054,-0.01666763139772407,-0.1377257550018648,-0.04586253553709371,-0.014560618760435348,-0.15209205343528223,-0.06593177830381021,-0.00940053132351075,-0.0745838620912317,-0.02059031410262848,-0.031039703794183828,-0.09679924864591254,-0.02765798843260947,-0.033557178157063265,-0.11608847173980696,-0.03914032488127762,-0.03502188222910508,-0.13020030679456562,-0.05048314942784644,-0.029797578026809067
0.0,0.0,0.0,-0.02517077347091006,-0.007965456949979282,0.030621803876176114,-0.04863395087210822,-0.013140335651701739,0.05302117787146185,-0.07654585219430307,-0.013545126606982826,0.06743774727639856,-0.10407645863298305,-0.013912103089755672,0.0752862513020344,-0.09737922399076786,2.464990532964511e-18,0.024365611684190387,-0.12349295911208841,-0.012486970845467982,0.03186567525634474,-0.14167785754562592,-0.024743033378917506,0.036722831816542116,-0.14790258177871993,-0.05250571111633839,0.03872038732461825,-0.09876541177760807,-1.2021009660905523e-18,2.3128950111266457e-19,-0.13595912853961145,-0.014255810701418872,0.005456865468883036,-0.15571584108226932,-0.036348766776860705,0.005689606921329859,-0.1725090722684023,-0.05861771624424882,0.011654912896732924,-0.09153328471162249,-0.010791053737359198,-0.01661813455370585,-0.12207254614113845,-0.028283767042567687,-0.016712935561385964,-0.13881084513032504,-0.04704641829225168,-0.014107799295812861,-0.15280795695527494,-0.06755645729046528,-0.00832368762501087,-0.07556698299199441,-0.021068138178874124,-0.031692726130488805,-0.09758942913283594,-0.028282195055142054,-0.03411173055000183,-0.11713490637598604,-0.04015019559946307,-0.03509298575685442,-0.13133106666522423,-0.05291521849463049,-0.030087476102512722
0.0,0.0,0.0,-0.024954013772240973,-0.00835361546597293,0.03092932420770467,-0.048889343024232465,-0.013882638158910388,0.053233757326677865,-0.07646884380766526,-0.01534648950759923,0.06794038093734887,-0.10405668425249776,-0.017322582227473488,0.07566481525079977,-0.0982245293492298,-5.407582038471596e-18,0.024975805575899224,-0.12282386653717026,-0.014887205078684778,0.031069916515802248,-0.13637686930921494,-0.02751223594740772,0.03491791678622301,-0.13525728358692943,-0.053990842317362495,0.03627480185459075,-0.09897712368904611,-4.718379290686834e-18,-1.916675774586456e-20,-0.13770560607356241,-0.013987785481272387,0.0049346957084042044,-0.15804884080918538,-0.03507554044642295,0.004872018123174649,-0.17483815092774332,-0.05732393665941508,0.010342753124205158,-0.0922946721550386,-0.010835015042580052,-0.01723524568532714,-0.12389679126486458,-0.02609504704608585,-0.017718786069039004,-0.1420530103456959,-0.04406648304403581,-0.015058242306056633,-0.1568021886206434,-0.06384643032676399,-0.009629277162180252,-0.07605554348560223,-0.02085069994148182,-0.03258882698856127,-0.09888787449718564,-0.027724855037668947,-0.03543918028672739,-0.11959269529486571,-0.03898679359120582,-0.03645676858590622,-0.13372528598806602,-0.05228391149886827,-0.032086662413462544
0.0,0.0,0.0,-0.02486533893660323,-0.00879142579279808,0.031026201553570675,-0.049126228897641205,-0.014595759285715418,0.053094269431068916,-0.07645625958401414,-0.017097859844068933,0.06798067838580088,-0.10410555649548148,-0.02039808790456013,0.07543413681687341,-0.09881044594062438,-7.327043580888274e-18,0.02542569727526527,-0.12235369776033206,-0.016500259802806214,0.030414578491535855,-0.13267231947025634,-0.02909569438221566,0.03330751400183488,-0.12656540094012148,-0.05481349621675054,0.033779883871597416,-0.09888594978997718,-7.95068565629747e-18,-2.554394415442211e-20,-0.1390587302968196,-0.013221556350771676,0.004556517341109266,-0.16003511758420974,-0.0332141668488045,0.004012404756189965,-0.17693609689800865,-0.055571206261434275,0.00887155123885357,-0.09269040189836601,-0.010897677827541382,-0.017786846555952713,-0.12520605020412096,-0.024115202481250462,-0.0185912249084391,-0.14443429328457216,-0.041413800201840725,-0.016077369566732506,-0.1598598968486155,-0.06047077508256247,-0.010976161556037823,-0.07630142937229031,-0.020583339827651932,-0.03352288582603101,-0.09990775200802471,-0.02698291694509488,-0.03656852633561185,-0.12181890826790495,-0.037527504213443474,-0.03767842603254152,-0.13583117941336997,-0.05100640219521705,-0.03393196074939879
0.0,0.0,0.0,-0.023949781044766912,-0.008033781139336149,0.030474594405356523,-0.04958379887692276,-0.013415652302044691,0.052533070464921165,-0.07691195926944239,-0.014909862228111097,0.06787664767987192,-0.1055284990905829,-0.018518879566496595,0.07493457505537572,-0.09722817664178558,6.278996179409752e-19,0.02572120188684705,-0.1181509156236472,-0.018339230439355165,0.02967030080703777,-0.12271986401204205,-0.0292955549311899,0.031192534205551913,-0.11074014681430817,-0.049186227121734656,0.03038603831884123,-0.09727399177017013,9.191355174208356e-19,-4.116618325282035e-20,-0.13736594049218767,-0.012563674102907717,0.003805360700872721,-0.15963467852826732,-0.030273734839288732,0.0026728022906559253,-0.17771699360609167,-0.05098402487831533,0.006209778778877604,-0.09182614266172116,-0.010168890313441462,-0.01806570888963256,-0.1250895802631543,-0.020993376086268774,-0.018955731093171484,-0.14560429343490294,-0.03593051844041171,-0.016590567415870238,-0.16366186100884755,-0.05287892207097297,-0.011837126324649228,-0.0756734332995597,-0.01902521429702655,-0.03393812920123522,-0.10022536099789912,-0.024819685585023846,-0.03684984988176311,-0.12280372232608627,-0.0334913457143083,-0.03802933776019359,-0.13784247524252433,-0.045494162284329745,-0.03419427174289082
0.0,0.0,0.0,-0.022611285295469415,-0.007630943826472824,0.03027141013185524,-0.0488966577262944,-0.012262833997542712,0.0529608973491852,-0.07615065713831165,-0.013035633897431445,0.0685744780582506,-0.10535616840832802,-0.016052036282212048,0.07563205945821147,-0.09587837893161681,5.627621956988184e-18,0.02609984596736058,-0.11342359065640553,-0.020648526718677864,0.03011612163493392,-0.11305603663830868,-0.030929527531839095,0.03060061833783485,-0.09529334237470363,-0.045256467029191935,0.028867171561735797,-0.09649442564962943,5.146148158058222e-18,-1.8315454370390775e-19,-0.13579801788646467,-0.013876201586295598,0.003439323853000671,-0.15820255687885315,-0.030906970479819617,0.002558468875317126,-0.1768771858613202,-0.050820322239665185,0.0055463355623867555,-0.09127883684175768,-0.00979228478649452,-0.018294036583324964,-0.12470653552754184,-0.020501115840702563,-0.019039471380816495,-0.14538996489606063,-0.03414999164855962,-0.016022367714847205,-0.16495850471337817,-0.0497354434102755,-0.01170841427655898,-0.07515862048217599,-0.018395353828964484,-0.03409294787595707,-0.10022550568128971,-0.024301395382324165,-0.036651807916160475,-0.12297831433748528,-0.03258545051043056,-0.037404040945873,-0.13811329146182827,-0.04393796393377779,-0.03302194068829131
0.0,0.0,0.0,-0.02120173851137911,-0.006960741416366094,0.02999628980223183,-0.04815432947447022,-0.011617194547752329,0.053152767854121555,-0.07524937417132552,-0.012258130526210246,0.06918748796982405,-0.10526948474951388,-0.015455939256731,0.07616487521231712,-0.0945018732432784,6.048481708826118e-19,0.0263890157857616,-0.10877668477651818,-0.022549261304789032,0.030038639235591413,-0.10446697494283871,-0.03099959926707806,0.02944664398842121,-0.08363916784428173,-0.0401484537664469,0.026135104406733948,-0.09527890565185411,2.0078688618858807e-18,4.1673990261970303e-19,-0.13409625899635075,-0.01479840141851651,0.0029898724123276436,-0.15625130980347166,-0.031141876765953994,0.0019803093439755767,-0.17542724539194726,-0.05023474373899127,0.004415489910706072,-0.0907766936741961,-0.009571923492805792,-0.018624430361840617,-0.12414611899143276,-0.01988661002268875,-0.019181988332540444,-0.14526051057624204,-0.03254143260394944,-0.015932305586491266,-0.1660939853828283,-0.04567666235882654,-0.012290770050516035,-0.07482781237759102,-0.017623908867307372,-0.03430416592766446,-0.09963616308577737,-0.023440531631009814,-0.03671651282964529,-0.12298098888007349,-0.0312928811981345,-0.03727321399382345,-0.13807329216828798,-0.04190865526841947,-0.03302589171631088
0.0,0.0,0.0,-0.02011787799804022,-0.0065022454402405986,0.029965500348430877,-0.04715270250343548,-0.01090868466407355,0.053480483642055404,-0.07382846653130276,-0.01181327482183924,0.06974636276060438,-0.1041790508795174,-0.015020623001818776,0.07671300291309949,-0.09328511869470514,9.444173013733606e-19,0.02640063200382649,-0.10484664255087711,-0.02384617176041021,0.030445588395303296,-0.09788184868333799,-0.030959835074214476,0.02929218010810039,-0.07517765921541247,-0.03676358274166845,0.02480344629436487,-0.09436552434590538,4.206897106927814e-18,3.1696328418009017e-19,-0.13251269751890804,-0.015969283454179146,0.003119972340905677,-0.1542425441023848,-0.03212478241584364,0.0024000834058362434,-0.1737899248584186,-0.05087676900923979,0.004665658127766743,-0.09048995191098383,-0.009667648543794134,-0.018805102714739157,-0.12342605762505683,-0.0199806409603473,-0.01867879344210911,-0.14483362205972708,-0.03235549308524308,-0.015013428456542832,-0.16664547658009435,-0.04429936792984641,-0.011957304636416626,-0.07463504187275105,-0.017432408031970374,-0.03412504450514122,-0.09894899791778942,-0.02336817685108492,-0.036206510258850695,-0.1228713884444313,-0.03147156492153581,-0.03634640713350087,-0.1377718580018947,-0.041667546962567234,-0.03188655627933266
0.0,0.0,0.0,-0.019334008479558993,-0.006367327113513775,0.02995051421248681,-0.04636533824596743,-0.010463334482303514,0.053777469305270845,-0.07279308144583092,-0.011508992636215933,0.07014835316147966,-0.1032637653781681,-0.014436931248703508,0.07721461284573118,-0.09246651133848169,-4.6692886269709195e-18,0.026453457003465637,-0.10211908272446206,-0.024837744834927237,0.0308343845764256,-0.09366935754908215,-0.031321681864089124,0.029221382422672724,-0.0698084888160663,-0.035294328806890894,0.02381088151895465,-0.09387363512677536,-5.19416133077484e-18,5.54038226208877e-20,-0.13171424821680966,-0.01660849565621207,0.003169039184358437,-0.153075338832922,-0.03281077799753719,0.0026544410099485537,-0.17294969792237494,-0.05135157521004558,0.004943918862664287,-0.0904688195282464,-0.00980814004315041,-0.018885732338683882,-0.12314370462148268,-0.020073999336550578,-0.018427099664812256,-0.144687350302088,-0.03226043059780681,-0.014357375631477794,-0.1670765534244301,-0.04372593576702158,-0.01179599432441229,-0.07463990342661918,-0.017579269143319542,-0.03389508874622665,-0.098645684312846,-0.023512708041124854,-0.03584116866136824,-0.12289992869849152,-0.03169372531701015,-0.03566762054157452,-0.13758719354232016,-0.041898420231694086,-0.031211273121125403
0.0,0.0,0.0,-0.018817906738590566,-0.006237266209848794,0.029872612475071374,-0.04596513952961367,-0.009979016958892235,0.0539267081165862,-0.0721982131630757,-0.011047732541995302,0.0703394933884462,-0.10273411482436785,-0.013715275300094488,0.07738684505810141,-0.09171737785038213,2.5240292877402395e-18,0.026439090682725694,-0.10029268481167992,-0.025237989369234336,0.030952676663013334,-0.0911802913658048,-0.031242276659338417,0.02916904838978578,-0.06696537647943927,-0.03404725214130203,0.023292645447287878,-0.09331306139711194,-2.7547748757115286e-19,-3.164552059294509e-20,-0.13105339729505847,-0.016710718964270815,0.0031730738172896554,-0.15231966467515817,-0.032661823380641115,0.0027966201636567957,-0.17252360043920092,-0.05086353145713034,0.005145431741580823,-0.09029441277390972,-0.009820778864594539,-0.01891565394511936,-0.12284550688170258,-0.01984201573496683,-0.01824376692777063,-0.14465399505921114,-0.031629176445614346,-0.013960069952651,-0.16759925686880706,-0.042637996513511314,-0.011755943533408687,-0.07453650298552734,-0.01755758593023798,-0.033735230758190286,-0.09836912963803365,-0.02337671445057715,-0.03560154790124229,-0.12280349029339366,-0.03141007836630165,-0.03528614908304016,-0.13747894823070678,-0.041560794226618125,-0.030926692107363426
0.0,0.0,0.0,-0.018476452554287294,-0.005893247342885215,0.030015014513473097,-0.045569217206725555,-0.00969261651573295,0.05423904544309338,-0.07172746216693333,-0.010627855646574109,0.07090799496327277,-0.10253168903763889,-0.01308023198471139,0.07789134601368791,-0.09180088723574036,1.7454023925230183e-18,0.02660289782159474,-0.09876965295822067,-0.025969747656007222,0.031446285195959926,-0.08863151122041643,-0.031889032467541774,0.029259879498516383,-0.0641174048697898,-0.033566989518236515,0.022635318072209053,-0.09349845802857759,3.1277666780827808e-18,8.614267282950064e-19,-0.13072216648862633,-0.017546607804595014,0.0034702813171274905,-0.15162453726509215,-0.03354670960987337,0.0032407627008818832,-0.1719895148634781,-0.052018125662628034,0.005442635835834583,-0.0906384465355817,-0.010114336544980385,-0.018960405039486462,-0.12261544346189161,-0.020320202166726083,-0.017908472096395477,-0.14446502555267754,-0.032232204414017765,-0.013427929464980786,-0.16768738476497613,-0.04326572303802219,-0.011404828700398708,-0.07461778215046636,-0.017897873299180796,-0.0336227550723546,-0.09811209899059245,-0.023879665223802957,-0.03531390738229471,-0.12276371998102371,-0.03223589515030391,-0.03483892338581162,-0.13729738476016048,-0.04229605974982139,-0.03052554229321752
0.0,0.0,0.0,-0.018475094531280514,-0.005714276591861506,0.029898249840790512,-0.04584223982670306,-0.009093712775459405,0.053860236420128715,-0.07191333785886055,-0.009675743893217756,0.07064644414149518,-0.10266223504877806,-0.012131924319266022,0.07762887649730875,-0.09079287613656846,-1.1993969128981033e-18,0.02662387326322467,-0.09892281869945128,-0.025084748900612484,0.03105550678513618,-0.0895234908447249,-0.030271544690315996,0.028828215800982764,-0.06586882685919707,-0.03129077231669108,0.0224836225874366,-0.09230054842014092,-3.625787019068352e-19,2.0763035840765358e-20,-0.1304401218316436,-0.016110803847295675,0.003556233476097834,-0.15207061478451836,-0.030245842342417936,0.003106915395731231,-0.17271624681245185,-0.046948575974892624,0.004971544658748446,-0.08994455562827322,-0.009560717051411977,-0.019109482902029788,-0.12231068826025682,-0.018731977355529755,-0.018077183177081305,-0.14474077963494866,-0.029356183059946965,-0.013630534719134592,-0.16816028261132165,-0.039010654820696544,-0.01150159931129503,-0.07447730578781278,-0.01681126617614191,-0.03385155783042915,-0.09842152377185985,-0.022429165107266013,-0.03543501446375801,-0.12324368140569462,-0.029562614528880524,-0.034952610753244594,-0.13783671801968791,-0.0387011873546072,-0.03084387363314344
0.0,0.0,0.0,-0.019031593254441977,-0.005784906498412995,0.029255588179190727,-0.046602787393099476,-0.00832844317221497,0.05299922277667852,-0.07252872065820784,-0.00795711441120233,0.07000521183388739,-0.10274862752220226,-0.009865704658481501,0.07705653846920159,-0.09054187924942651,-1.184095102828319e-18,0.0262843979004256,-0.10003941993460001,-0.0236519136004857,0.030311244326675757,-0.09167948297438532,-0.028734986392765963,0.028601077397516276,-0.069026808070725,-0.03090356876134127,0.02320009937626268,-0.09170545005573331,-1.6110994565228286e-18,3.51814712679803e-19,-0.1302711663647839,-0.014353586971993317,0.0032050708347307003,-0.15298928345658158,-0.026550302537524252,0.002518940604834518,-0.17396281614835246,-0.04136511705502116,0.003818701209615266,-0.0892884851592856,-0.008935776068159066,-0.018960639085754502,-0.12199458576338214,-0.01665920348441566,-0.01825252417037888,-0.14515792358293503,-0.02569359783314137,-0.014329956929781779,-0.16896510089597122,-0.03387988224244407,-0.011864953637687671,-0.07402501003028684,-0.01595278152274343,-0.03375402170984826,-0.09857370025028703,-0.02107126880919004,-0.035498781080666494,-0.12318342450877273,-0.02652285872100247,-0.03528679207383422,-0.1384513665935035,-0.034695800210865047,-0.031036614034769906
0.0,0.0,0.0,-0.019634023456183942,-0.006472886861754459,0.0293163008299188,-0.04713817598965416,-0.00922623495033449,0.05274661145447007,-0.07334916928252157,-0.00907846989700426,0.06935002962653501,-0.10298045847944008,-0.011194018630143354,0.07688674054830373,-0.09170426357030709,8.891511230562498e-19,0.02587318316476361,-0.10183858915696348,-0.023313255297090957,0.02970022961802532,-0.09500658988301551,-0.029798000555027137,0.028736178035856715,-0.07359003579775508,-0.03539543498357736,0.02437286351030843,-0.0927689196219941,6.888044493488443e-19,-3.7941181743877867e-19,-0.1312450191815531,-0.01441108748097605,0.002936378813006455,-0.153711853377388,-0.028283359069569282,0.0023586220525458183,-0.17374069605834938,-0.04451176483984078,0.003777157284379225,-0.08979672580089461,-0.009264720044471146,-0.018793571386464158,-0.12239851690950039,-0.01761157872576267,-0.01853264492035479,-0.1448266901937958,-0.027770199474156543,-0.01470537646742825,-0.1678324353616784,-0.03787447526899796,-0.011862270580438667,-0.07413900031313798,-0.01663923702372699,-0.033642788899785836,-0.0985228789669741,-0.022209077718178236,-0.0357181407651134,-0.12236436950662101,-0.028777837140412977,-0.035598513541102744,-0.13746353941038977,-0.03810777890993893,-0.0316158633753993
0.0,0.0,0.0,-0.020251445776058002,-0.006669205426143805,0.029280993218062153,-0.04772561728761273,-0.010291865916784002,0.05281044707564305,-0.07498315288277574,-0.009808085970452383,0.06963231679977655,-0.10433694136459733,-0.011521890419935656,0.07723010741781143,-0.09337407317982882,-2.983461685195293e-18,0.02580049959427753,-0.10499785055013872,-0.022301071556023618,0.029030126095970665,-0.10109916255811448,-0.030493740958950577,0.028716607385578394,-0.08243640074950165,-0.04009810753824417,0.025558561268632214,-0.09455603491340611,-5.562524156253083e-18,6.167207042459976e-20,-0.13257670772385982,-0.016127359758383544,0.0025916577254658725,-0.1544157044566468,-0.03164377601449792,0.0019336874750685935,-0.17357916933641238,-0.04945610300683994,0.003555706977390206,-0.09077525501353353,-0.009573114174745743,-0.018589973810482698,-0.1227525015107476,-0.019846432686675998,-0.01868455964045168,-0.14476946245805997,-0.031945314592947666,-0.015545192881901933,-0.16614941193148172,-0.043780079953272114,-0.012543154720877059,-0.07479299628409239,-0.01723188804667035,-0.033671597200817055,-0.0985358317232988,-0.023556438183000142,-0.036281920010217183,-0.12157843252331507,-0.03135195997038456,-0.03639356383767624,-0.1365569733718708,-0.04152656279863377,-0.03265217352503599
0.0,0.0,0.0,-0.020621895427125024,-0.006938009887120875,0.029140426934038077,-0.04803250805192402,-0.011149780476744552,0.05276215241266819,-0.07607677676000589,-0.010529419564348753,0.06971309696982905,-0.10521466464479605,-0.012021820543123923,0.07735198203140513,-0.09443608026328947,9.523576383130078e-19,0.025695522617438536,-0.10715946116071402,-0.021672983861031198,0.028546598670896962,-0.10538932046225669,-0.031400937257421005,0.0285708070528882,-0.08856262680283257,-0.04412206948930577,0.026020945592892752,-0.09582212489831679,3.059347532330122e-18,-5.276460259364747e-19,-0.13341791269687397,-0.017263757499122658,0.0023569659011033663,-0.15470764686803815,-0.03397460815367534,0.0016227357143982107,-0.17317832837417269,-0.05306783569296899,0.00329812495105368,-0.09145422361711275,-0.009730015245127538,-0.018408201100092787,-0.1229424854119637,-0.021312047106399258,-0.018735991833891585,-0.1446028628069671,-0.034730218738436715,-0.016084772419642294,-0.16483902982616258,-0.047769897854762516,-0.013111778978493471,-0.07522966838943587,-0.017568049293307398,-0.033702831046654926,-0.09853205816400687,-0.024381379275334406,-0.03664032356485858,-0.12093240294228921,-0.03300643935363198,-0.03690160029922145,-0.13585375616477982,-0.0437638436350584,-0.033351592564178856
0.0,0.0,0.0,-0.021566375655415686,-0.007256346786144451,0.029398099807464325,-0.047988666205957896,-0.011538617877659021,0.052707578067075475,-0.07619027385745085,-0.010953895391043997,0.06927651734576097,-0.1044368118213053,-0.011882570685123927,0.07727857880987932,-0.09428949329635698,3.50130152922241e-18,0.025134157158619778,-0.10967845168108903,-0.019546917848273167,0.028874788436124933,-0.11309693844299797,-0.03116163933009555,0.02942892673611084,-0.1019403969667279,-0.04850971352580327,0.027049486371140328,-0.09603162199078973,5.0141364678143634e-18,-4.075109565834471e-20,-0.1329545535640545,-0.016654641243907017,0.0028031294628536913,-0.153738034082423,-0.03475495093450562,0.0014840339335245804,-0.17189703144377388,-0.0542216933577274,0.003750080363097589,-0.09110606841800648,-0.009728746049746563,-0.017835407634294004,-0.12231658724454014,-0.022356144815011563,-0.018426829612816335,-0.14283885833848733,-0.036924593328592464,-0.016011629637402717,-0.1612153671167481,-0.051619521802962885,-0.012893066537511965,-0.07518547580850442,-0.017998821681696763,-0.03360174042828239,-0.09819810532256643,-0.024356091527574987,-0.03636563735586415,-0.1197318567516673,-0.03343663486257297,-0.03677426774083444,-0.13482338631688148,-0.04468738461495245,-0.03275103712392511
0.0,0.0,0.0,-0.022640697146064804,-0.007675614214779305,0.029544097602474773,-0.048247577873051194,-0.011812449970182137,0.05265577757729589,-0.07617884476223398,-0.011180067711788526,0.0688849741049885,-0.10414431831910598,-0.011241641218846818,0.07765631966355245,-0.09449916504750658,5.9667063062247395e-18,0.02461957423996927,-0.11316639539329608,-0.017544401819011943,0.029720099340464746,-0.12205958321849661,-0.029919394914704106,0.031099907834761204,-0.11686439532727923,-0.05106849636206172,0.029393612917121868,-0.09637662282111287,5.306883331373398e-18,5.302986764213485e-20,-0.13320632240500854,-0.01554809540123236,0.003059290711313095,-0.15370796558703825,-0.03466572384395548,0.0015928824119999599,-0.1719684411183349,-0.05388965252008606,0.00459399513394657,-0.09084585958346914,-0.009702727880270316,-0.017437169871484644,-0.12216277675510978,-0.023062487098308857,-0.01838074519620591,-0.14141664630875456,-0.03845619653939755,-0.016187874598872488,-0.15864014822854,-0.054772436405257176,-0.012801166159785809,-0.07527974791596215,-0.01858683832733668,-0.03343990503156192,-0.0980118361185208,-0.024401398577344927,-0.036160208994393456,-0.11896197900253414,-0.03387784636254564,-0.03684533246543289,-0.1341258802808191,-0.04506320712878999,-0.03229873491990433
0.0,0.0,0.0,-0.023697276843720274,-0.007892795179905664,0.0294647093312942,-0.048897604192319866,-0.01192564401116478,0.05225748011662561,-0.07653300181179572,-0.011140454083315503,0.06820927944451637,-0.10435028820034783,-0.010305221985420623,0.07750944997066517,-0.0946453459713154,-6.152020845864216e-19,0.024151440754947556,-0.11598566165308628,-0.015769760722056155,0.030309206129526912,-0.12903950233522582,-0.02765114405935591,0.032615779332134665,-0.1287336445185027,-0.05077440295212169,0.03182718419757832,-0.09644860479160362,-8.490359593152877e-19,-1.8435983695314812e-19,-0.1331025922256914,-0.014858962582886078,0.0031260547499412017,-0.1534929224251754,-0.034479853172238444,0.0013457752302992157,-0.1718967356220437,-0.05320031986294101,0.004892223470542445,-0.09041908510606056,-0.009782965587687462,-0.016928801832461437,-0.12173642685686693,-0.02366159831663061,-0.018342774336001875,-0.14017236999798202,-0.039427942644155514,-0.016617854101626483,-0.15700099059369146,-0.05629155000479398,-0.013267433418793287,-0.07506883301603802,-0.019060642964729146,-0.03296548513338575,-0.09752286324464005,-0.0246478848957292,-0.03587532895275458,-0.11796455561032944,-0.03433702396877205,-0.036889226609934794,-0.1330043187128052,-0.04519373594474097,-0.03207074074367335
0.0,0.0,0.0,-0.02444385910665054,-0.00813986570298545,0.02927226230711414,-0.049297100925221486,-0.011963115728951035,0.05203023873094471,-0.07670386162683547,-0.010706194269611915,0.06770877355015407,-0.10444141124779711,-0.009030039374595704,0.07710359130280621,-0.09445517760824562,4.723529751386903e-18,0.023815896747671223,-0.11774838014760595,-0.014147305904428482,0.030644569992771983,-0.13382467175870244,-0.02535741901619627,0.03361516006829786,-0.13701953736586928,-0.049055989988417426,0.03378962150217892,-0.09624164479226367,5.9853159434500884e-18,3.611348267166488e-19,-0.13287687351927605,-0.014133146938441756,0.0031406924964759698,-0.15329276554918866,-0.033528163880820736,0.0013322205650243607,-0.1721696702048201,-0.05172910884838183,0.005107665853089664,-0.08990338453306383,-0.009679997895446405,-0.016572160055265947,-0.12103862539834714,-0.02392331273933179,-0.018220395510199706,-0.13931906827068716,-0.03949608394503813,-0.016811715635313026,-0.15600495453823607,-0.0561011899404832,-0.013527370458893755,-0.07472003562152633,-0.019103101494456643,-0.0323109736171326,-0.09703888912287877,-0.024392868470988857,-0.035501289568903444,-0.11709398426648143,-0.03395476241347365,-0.03674611628082493,-0.13210449631053428,-0.04416475104665591,-0.031791088700051026
0.0,0.0,0.0,-0.0250603546770288,-0.008521980238034268,0.029294980523170283,-0.049434953604013045,-0.012444953248608264,0.05196128300020252,-0.07722187872061315,-0.010934698414299428,0.06750029939203171,-0.10490644829849141,-0.009424367360896083,0.07667343471772149,-0.09481831345004034,-3.950265976344765e-18,0.023694335030176285,-0.11935989633849518,-0.013490579763690735,0.03059196729180143,-0.13713851750133796,-0.025089319187095796,0.034201378361010705,-0.14222159457713224,-0.04921717775231621,0.03488539447790567,-0.09669815803797632,-7.017442379132476e-19,-4.450611667481644e-19,-0.13280905690063122,-0.01445644571593053,0.003038902069957742,-0.15271161777681846,-0.03458003214857865,0.0012293716271052487,-0.1715411928158529,-0.05326295008456186,0.005017105762936843,-0.08965675472255837,-0.00970322077646873,-0.016430830160018013,-0.12034927787015473,-0.025199524466223734,-0.018359084891290154,-0.13798974355796345,-0.04111537987568463,-0.01720088656716153,-0.15404315684232958,-0.058531436259728314,-0.014061400006285186,-0.07432379353966746,-0.01924111672529343,-0.03197513932214999,-0.09654391698577253,-0.02492972012665337,-0.035240451102975044,-0.11609155187876063,-0.03487575326776575,-0.036786232952802714,-0.13102338808932748,-0.04513608468736993,-0.031774255225510875
0.0,0.0,0.0,-0.02541746811308309,-0.008807078228800858,0.0294404363426324,-0.04946425872371736,-0.012885171453389719,0.05196881433667713,-0.07764134677677478,-0.011128012933185981,0.06735570419745261,-0.10545723080404681,-0.009725465156990638,0.07637095554189491,-0.09527743389660857,1.8667944158292366e-18,0.02368493549762723,-0.12065596329811186,-0.013085891402500747,0.030686796577876905,-0.13949426236872917,-0.025077193729941254,0.03471739938034303,-0.14564060664441092,-0.04944981801410341,0.0357315511491011,-0.09726625619206629,1.0069090504308888e-18,2.5950334853819464e-19,-0.13314116803452236,-0.01466421731395348,0.0030647148234795667,-0.1526302690255695,-0.03537341410701171,0.0013067218619394723,-0.1713138208632366,-0.054541009412834504,0.005220519377695976,-0.08975389237285383,-0.009791082117098697,-0.016353904202751804,-0.12021107399186542,-0.026250071081680437,-0.018410948224776298,-0.13729324820806152,-0.04248150424469938,-0.017349267685139676,-0.15268749599760284,-0.060631418358658304,-0.014246859281701264,-0.07431961095212658,-0.01941954227423946,-0.031856901742042656,-0.09650962234564288,-0.025462213192893834,-0.03507418888624178,-0.11576738855593201,-0.03579336593599383,-0.03681066979319952,-0.13055453352716562,-0.046045147450620806,-0.03174017312074908
0.0,0.0,0.0,-0.02568957979311383,-0.009099614469326332,0.029390900194495643,-0.049691363683795266,-0.013019463606050793,0.05179351410791361,-0.07788308949841027,-0.011022845144639883,0.06707406698946387,-0.10563157102582067,-0.00967656899611157,0.07607282995327273,-0.09529147997408814,5.471460969295911e-18,0.023554551411167902,-0.12123595403896724,-0.012620336407407963,0.03053800165542233,-0.14093391093211555,-0.024376822605418076,0.03486521844568817,-0.14805849064766383,-0.04855079381598344,0.03618614131342964,-0.09726366498073023,4.964039912435435e-18,-4.566668692662784e-19,-0.13297143353151153,-0.014367763434203644,0.002835775909003856,-0.15240545654162016,-0.035164472610745436,0.0009628610891504751,-0.17136418540292428,-0.053909132780389064,0.004743521600383522,-0.08951831275117252,-0.009643110078994724,-0.016338783947060884,-0.11993049933120184,-0.02629913391800356,-0.018691259527942865,-0.13680996875028595,-0.04240089236176702,-0.01775179479456132,-0.1521894192078017,-0.06049113503332157,-0.014817067219127502,-0.07417271030006234,-0.01923652530868333,-0.031643598378550006,-0.09619345510015319,-0.025234632403417105,-0.035097491968915616,-0.11527097522401199,-0.035345256198258575,-0.03695316647805382,-0.12997728255750007,-0.04539687816103734,-0.03193902642901785
0.0,0.0,0.0,-0.025971514788886527,-0.009269398808067835,0.029368989126061038,-0.049795194749731764,-0.012982950042500592,0.05181913713582641,-0.07778321988812265,-0.010812729429171889,0.0670999421906688,-0.10549054304501689,-0.009278800588761554,0.07607745996306822,-0.09531947653522697,2.3558920689886703e-18,0.02340282312940754,-0.12161013374612936,-0.012261403778004021,0.03062668025185601,-0.14181493742978377,-0.024029554726306575,0.035321326626536795,-0.14939003437762166,-0.04845785193144062,0.036978237896426666,-0.09734524807813183,2.111022722252041e-18,-2.7033384829491465e-19,-0.13273381597655542,-0.01440851885299416,0.0028507114509874376,-0.15210271446495405,-0.03536963390240795,0.0008854630596171657,-0.171205154298639,-0.05420411103730806,0.004611010023435333,-0.089442040136484,-0.009622384325297183,-0.01614470683223763,-0.11954873028938123,-0.026608181854987176,-0.018630732713888987,-0.13634208169355272,-0.042897340957183484,-0.017784420693155282,-0.1516341467934205,-0.06117978856579448,-0.01492093812442722,-0.07407917609244132,-0.01927425352930188,-0.03133333523449286,-0.09595222088930817,-0.02531451470622863,-0.03487545913700496,-0.11473849701227085,-0.035583193685533115,-0.03683941352540422,-0.1294771136760787,-0.04581478572852008,-0.03171061421812383
0.0,0.0,0.0,-0.026114864895969165,-0.009316578172915245,0.029366273202006587,-0.04975980199798496,-0.012963231225543161,0.05194100414807569,-0.07752111370126635,-0.010671727913333349,0.06721348193909248,-0.10528033992846933,-0.009028709189162444,0.07619984266826477,-0.09523098983019022,-6.395978620946631e-18,0.02328264850290102,-0.12176286125423773,-0.01194075350982336,0.030776764026237666,-0.14223952510111917,-0.023652498714424486,0.0357634711792805,-0.15007439217640617,-0.04830490914658852,0.03778036090452384,-0.09724232106081725,-6.522304366594192e-18,3.439111734858211e-19,-0.13250463932104808,-0.014417799109404628,0.003019332169057564,-0.15189710735650488,-0.035421375418462964,0.0011241522498986706,-0.17103473940460967,-0.0542989186900283,0.004988676276837405,-0.08933179461789917,-0.009560069771937905,-0.01598352205897995,-0.11921704713741842,-0.026720295793381234,-0.01840444143208291,-0.13606379789297793,-0.04317781420214735,-0.017555434777287094,-0.15132877635969733,-0.061503431501757536,-0.014589085260374944,-0.07396421905213768,-0.019266429278668548,-0.031004107160369693,-0.09572625865507212,-0.02531784709441969,-0.03464036441010779,-0.1143586786975867,-0.03570727095023421,-0.03661232577013942,-0.12914459513890847,-0.046096563204044164,-0.03141749069485226
0.0,0.0,0.0,-0.026007097221441174,-0.009162732722244365,0.0295656760412253,-0.049494468552725365,-0.013071747934482087,0.05197257901483319,-0.07749119744120733,-0.010881350455317433,0.06710467591908542,-0.10528727410614658,-0.009598559780919582,0.07611782793438607,-0.09534266909126957,-2.564634161754987e-19,0.023445517034118395,-0.12219536922268763,-0.011619935936604047,0.03099770525699326,-0.14283053848350397,-0.0231286876886672,0.0361942888142475,-0.15104058549492266,-0.04768148418508897,0.038361475583273914,-0.09732731315012638,-1.2364475359288954e-18,-4.049403760219249e-19,-0.13285025912594448,-0.01415799230466334,0.0030605679097826578,-0.1523186141810979,-0.035107168893269834,0.0014415112507870332,-0.17136539485679833,-0.05416807009900916,0.005481317993792498,-0.08933486388337826,-0.009748391491772675,-0.016026021110501186,-0.1194520998680901,-0.027136857954880547,-0.01829301562991416,-0.13617929649460514,-0.0433758230038714,-0.017308592881405464,-0.15129493621755954,-0.06197427337780862,-0.01421090675811774,-0.07397768885579462,-0.019588030859288893,-0.031042894053333225,-0.09587268779137172,-0.025850226812629593,-0.034421386281785996,-0.11465921103947942,-0.036338799693110976,-0.03632522032797228,-0.12927228259661896,-0.046488430903642415,-0.031078804682407663
0.0,0.0,0.0,-0.025820144196216165,-0.009022573087178338,0.029749898198735594,-0.04912348703419085,-0.013106172406972623,0.05207886739006116,-0.07735809561090477,-0.011029066427196081,0.06713796327978787,-0.10519074862929145,-0.010001884826587057,0.07615817825327738,-0.09558783295983905,2.2097280842512222e-18,0.02365449564598631,-0.12273526177148374,-0.011403244914283519,0.031325796082191326,-0.14338694445647915,-0.022775734027409004,0.03682195008183035,-0.1518387437268412,-0.047368609205909545,0.03922216465563075,-0.09757411156379585,2.479196466596528e-18,1.7508906905311394e-19,-0.13339187697910668,-0.014082711403086059,0.003251771616076254,-0.15287519701520821,-0.035108037358513346,0.002012300543133203,-0.17171740427115184,-0.05449823990516266,0.006283493413745814,-0.0895496084795941,-0.00998366006030006,-0.016081308306541253,-0.11984594432722007,-0.027753238790721262,-0.018114366562073034,-0.1364629825060329,-0.04403380690829858,-0.01691366862534977,-0.1513508896866156,-0.06303643826130317,-0.013594285857866437,-0.07415644102010921,-0.02000023629175069,-0.031101039101627426,-0.09618070182672778,-0.026597858308190513,-0.0341811727307977,-0.11511811144175221,-0.03731516018712326,-0.0359994706710945,-0.1295704908213525,-0.04742301754079793,-0.03065513241160474
0.0,0.0,0.0,-0.025762756284469317,-0.00885574219367052,0.029953845297747902,-0.04889906760024324,-0.013075072414992454,0.05229730370168793,-0.07724879033931684,-0.011089534485750474,0.06722662035273878,-0.10510589804952071,-0.010310394770377264,0.07618344698723196,-0.09576279339214419,1.3518624400122006e-18,0.023942364243490392,-0.12318633474795158,-0.011128467142901194,0.03168797160297538,-0.14392309953959873,-0.02225247348198084,0.03742710094139357,-0.1525664872590565,-0.046738835902182224,0.04004568138366409,-0.09768801820332879,2.934910912775197e-19,-7.994047347055896e-20,-0.133895389823578,-0.013901218976961808,0.0034149353658292545,-0.15347964813277432,-0.03487785328477722,0.002553139717099804,-0.17220500881602713,-0.05452831789479872,0.006971990009081629,-0.08967529481800503,-0.010160877652582504,-0.01609809540946072,-0.12022153698944374,-0.0281143022691938,-0.017905821874158553,-0.1368844003333712,-0.044382875963604844,-0.016430221477107713,-0.1516104529334122,-0.06367720086882814,-0.013004870144071121,-0.07424555731606479,-0.02028082588597562,-0.031110745658163755,-0.09642873768532641,-0.027158984165297426,-0.03396405271139019,-0.11554522154771604,-0.03801658465295004,-0.03560686525969277,-0.1298923580203124,-0.04810721857795068,-0.03023857902192729
0.0,0.0,0.0,-0.0254704954258378,-0.00858175058646828,0.029941457822471273,-0.04868039211910033,-0.012723931694290617,0.052435298621247635,-0.07737214318456077,-0.01056193296924405,0.0674749859103082,-0.10531986316678228,-0.009575575066457055,0.0763263709039975,-0.09582342069853617,3.802860261744379e-18,0.024071519291025564,-0.12323936504439854,-0.01112415050944152,0.03177181971879539,-0.14387093636103898,-0.02245759091844401,0.03765550720497637,-0.15239723938769004,-0.0474365073757415,0.0404239146831612,-0.09774888911097919,3.98772411233525e-18,3.0756191703379094e-19,-0.13383026688053629,-0.014450891499868331,0.003394147546182459,-0.15310978547637163,-0.035706339087426354,0.0027209305225913143,-0.17150540334863335,-0.055740113826561875,0.0072402093077488065,-0.08965419774481423,-0.01030808643459349,-0.016189911568647717,-0.11997344932835742,-0.028789751043710864,-0.0177934072161334,-0.13640366321822192,-0.045436332406023586,-0.016226068927121473,-0.15085748572948987,-0.0652041599007627,-0.01259724978049713,-0.07403620192550452,-0.020473300878050625,-0.03110813135004431,-0.09615687937926416,-0.027822318251387444,-0.03391693695174906,-0.11511989991368786,-0.039006546428424056,-0.03544384867122024,-0.12924914787151512,-0.04921083634335044,-0.030003126181070053
0.0,0.0,0.0,-0.025407231521162484,-0.00879678558193142,0.02977620186424559,-0.048543618056109815,-0.012959464793373721,0.05233111056661715,-0.07706207712615785,-0.010932848080706752,0.06732256075739487,-0.10489939113960209,-0.010028372813870534,0.07638660469524303,-0.09551750229423041,4.5323059506062605e-18,0.023923877373882997,-0.12298447854556226,-0.010997567605986788,0.03165633735383032,-0.14371301001511827,-0.022160388996567085,0.0375051623997492,-0.1524788069975519,-0.046759053141083896,0.04022962676367661,-0.09739537602380771,3.4333935184805934e-18,3.187275398554024e-19,-0.13361089306799293,-0.014041589678677609,0.003313898602823101,-0.15312708348869747,-0.03501778820413867,0.00262460552747536,-0.17180181041113315,-0.05476773490732333,0.007020895724663614,-0.08936482016918944,-0.010196554830596567,-0.01625066733793247,-0.11990189201652242,-0.02849403331345458,-0.017893488614264156,-0.13643354225119797,-0.04479635976982212,-0.016303071979446082,-0.1511600165285541,-0.06430293101627288,-0.01278710776564917,-0.07389471200760027,-0.020268015327118083,-0.03110823621368021,-0.09604122386617286,-0.027410637776856372,-0.0339938467398491,-0.11520598244203828,-0.0382561235135161,-0.035541391312972286,-0.12946802268465493,-0.04826125048577499,-0.03011350269224486
0.0,0.0,0.0,-0.02524146497000505,-0.008518273534486165,0.029803912736347367,-0.04841065297786926,-0.012544754155160586,0.052475933551030654,-0.07719010471548206,-0.010208639567386388,0.06759577571385389,-0.10508386834820363,-0.009271251428443365,0.07653388656848048,-0.09548124696717267,1.6603293431580741e-18,0.023965484091987795,-0.1228109012814249,-0.010988102612030367,0.031700395910336326,-0.14348240681292446,-0.022345380865192686,0.03784932910203835,-0.15203596724303356,-0.047309050462776045,0.0406234312166867,-0.09742643823644408,1.473801592382616e-18,-1.462539000219516e-19,-0.13335015159600838,-0.014495724493894817,0.0033918890681629513,-0.15259038938898206,-0.03586881348714664,0.002891188830303097,-0.17096886024107133,-0.05591120066473796,0.007530509126671266,-0.08935158625774595,-0.010343349218835167,-0.016151441138612166,-0.11954851711191698,-0.029032210211970392,-0.017628091709135884,-0.13588219253520645,-0.04567380096873973,-0.01593021014630937,-0.15023831463292991,-0.06565380623099422,-0.012250193817243054,-0.07373120984741659,-0.02046833042430039,-0.030943755839713274,-0.0957346361074684,-0.027995173367487122,-0.03375118916676516,-0.11471091099645273,-0.03911708581354718,-0.03526253548490194,-0.12879740683224275,-0.04928834915799132,-0.029771105960964408
0.0,0.0,0.0,-0.025321296100749482,-0.008847237952284405,0.02991883319787923,-0.04846760186773233,-0.012945169614421867,0.05252861641749745,-0.07710943974576333,-0.010748697734617913,0.0675518103534188,-0.10509398103694995,-0.009878711434008007,0.07673877471454248,-0.09557430778146034,2.2020446036385344e-18,0.02398317356228107,-0.12307524873069359,-0.01090101850149228,0.031778395703129285,-0.14378830560491956,-0.022188293757174824,0.037934663682425374,-0.1524379735391403,-0.04713265951761536,0.04084287755354812,-0.09746356472275751,2.1697960134322376e-19,-6.577661390059891e-20,-0.1336436268753203,-0.014173124765308518,0.0034626374634803762,-0.15302714984274166,-0.03571888887468028,0.0029546020709875767,-0.17153238562071646,-0.05580196530829373,0.007630519153381749,-0.08937402372864148,-0.010258889693751189,-0.01614896932624357,-0.11983149014432323,-0.028913128142757507,-0.017666455562113357,-0.13615240016215543,-0.045708222154117115,-0.015905961726508447,-0.15064480564267804,-0.06574628478360388,-0.01227514774842615,-0.07385579211837337,-0.02041405313208675,-0.030968283621564,-0.09591307065115565,-0.027779786508881056,-0.03377283994318904,-0.11500409327727852,-0.038885407342849336,-0.03521930642198447,-0.12920020840615473,-0.04918252117361201,-0.029771266140026974
0.0,0.0,0.0,-0.025088647322027844,-0.00912209233112083,0.030188725729853903,-0.048328879555318886,-0.013013644495031356,0.05287121036984096,-0.07713171632122029,-0.011045207199276425,0.06796400583174562,-0.1051688583466213,-0.009971892074756255,0.07731894070123739,-0.09576288398274625,7.526499922744367e-19,0.024144973717901537,-0.12278770476557661,-0.011530521603732951,0.03174599089298554,-0.14294294707789984,-0.023446490213092565,0.037734858368565695,-0.1504606285118928,-0.049250860452331666,0.04031602673695133,-0.0978760950060378,4.078280773602048e-19,-2.1466598198892993e-19,-0.13419522504482526,-0.014288377775009494,0.0036331060950698514,-0.15334630719088324,-0.036402772954015596,0.003131043837426867,-0.17149330707183677,-0.056797868184866915,0.008007744515867459,-0.08982698289639464,-0.010167505814619986,-0.016372877524398758,-0.12053263217935409,-0.02887074242731467,-0.01789088189430064,-0.13660676109322595,-0.046335159670624404,-0.016008453191400134,-0.15085292476446005,-0.06692211415220638,-0.012241204264421114,-0.07434762806460637,-0.020300574896411974,-0.031332747400181805,-0.09665863888176798,-0.02773458976724696,-0.03417015611168959,-0.11560607823310287,-0.03905187638631053,-0.03541642134749246,-0.12980971415416795,-0.04998248036632897,-0.02973822303117993
0.0,0.0,0.0,-0.024864779536801492,-0.009335749201671866,0.030372777847685963,-0.04826804042434757,-0.013128381536847788,0.05322941411217274,-0.07708077259368244,-0.011301186406469514,0.06841097544930355,-0.10513597878293938,-0.010015006619193224,0.07800565650072706,-0.09587381176296655,-3.697106265994371e-19,0.02425648611135077,-0.12237610088448826,-0.012197947310707818,0.031856027592902784,-0.14200286834866818,-0.02486057558441675,0.03760352693568843,-0.1484184606862196,-0.0516189976433024,0.040027802071387376,-0.09827574151760902,-8.296700919069026e-19,3.3169696609607785e-19,-0.13442509733282865,-0.01484059039655732,0.003932562146247539,-0.1530208072999971,-0.037622535671323495,0.00333914827949393,-0.1708273318966557,-0.058441170719774435,0.008381923771677721,-0.09016874936366752,-0.010042719547240517,-0.016402886738928122,-0.12067574469275094,-0.02897479328094053,-0.017896984231318466,-0.1365506481715833,-0.04736348221645065,-0.015964245141275736,-0.15054618032096245,-0.06824443225934064,-0.01211840554660737,-0.07470019246632757,-0.020152968010430202,-0.03144668810170788,-0.09691737572811164,-0.027661827069094046,-0.03443275171770412,-0.11561496388217953,-0.03946217876947898,-0.035526709675367044,-0.12969199240075655,-0.05120538669462928,-0.029576940320008332
0.0,0.0,0.0,-0.024641829382771624,-0.009197422459027807,0.03065016521092123,-0.048395986277716796,-0.013136883738526284,0.05342017088681774,-0.07673168125435686,-0.012469435271419256,0.06888151603326942,-0.10407029666680238,-0.01242340497241461,0.07819491367628328,-0.09691579334405855,2.22809878004921e-18,0.024639176456742094,-0.1223914821101273,-0.01347183273211248,0.03116194848779639,-0.1382970200205672,-0.026621736219928773,0.035778634396613614,-0.13925400268891328,-0.0536212863043494,0.0369525262137243,-0.09856731783501552,1.5811445925982779e-18,-2.0746629673953049e-19,-0.13653784343607595,-0.014040817703148117,0.003994264914017934,-0.15598550226108876,-0.035786238953950285,0.0035117660821505346,-0.17314280954092973,-0.05683474656482527,0.008349138455750383,-0.09112200552749167,-0.010251241112469441,-0.017180972660798387,-0.1230354784732001,-0.026862258296513612,-0.01886736098772188,-0.1399768065501627,-0.04458078675938254,-0.01675250961713331,-0.1544711627825567,-0.06461175013213576,-0.012790992524419594,-0.07538008335204341,-0.020253510863865953,-0.03272227237381144,-0.09838188036229016,-0.02705150820486109,-0.03566531332190381,-0.11825032881469086,-0.03821109376150461,-0.036758608774423975,-0.13253992734928371,-0.050481703403290536,-0.03150696955086495
0.0,0.0,0.0,-0.024617856306942847,-0.008495380951118925,0.03018848465779733,-0.04910655081880901,-0.012135048138159861,0.0527005212508955,-0.07664682564826086,-0.012747142195709877,0.06833394560979632,-0.10342462716097528,-0.013908495291590347,0.07717088657567556,-0.09669675741429007,-4.429849591880367e-18,0.024410162917465988,-0.11992643398766568,-0.015462035730196179,0.029684268321383322,-0.1303856918724978,-0.02622263671901817,0.03307394115889113,-0.12599947150166807,-0.049601904433089435,0.03337259667694834,-0.09740475770562583,-3.671489187496027e-18,2.6336735970599023e-20,-0.13581775115177805,-0.012903637368993519,0.0035023601227143503,-0.15695846443776004,-0.03239832374479632,0.002792098638064394,-0.17570196148681805,-0.05108305184022644,0.007252586795044975,-0.0910713230302183,-0.010227479475838267,-0.017267555868613657,-0.12329833352528907,-0.023270853353340833,-0.01939309939286463,-0.14199338308101467,-0.03929395552391921,-0.01775857829996441,-0.15913725537498669,-0.05630058404420615,-0.014127834593967065,-0.07524377651506342,-0.01990992286984199,-0.03267068883816391,-0.09838198572050386,-0.025544305834410044,-0.03589912045511847,-0.11955122340711564,-0.0354234107058546,-0.03689625256476429,-0.13394447784745295,-0.04711588480385036,-0.0323964589035776
0.0,0.0,0.0,-0.0236133813532829,-0.007453142254863669,0.029713976509778778,-0.04898402193287571,-0.010199880455131177,0.05227628371974441,-0.07603527681395743,-0.01061249940671176,0.06811304372855972,-0.10323022176970167,-0.011452606624709635,0.07658615723378454,-0.09496381518128562,4.425109672171061e-19,0.024537167733650465,-0.11636829085032982,-0.015907514736343213,0.029233706905978495,-0.12252537791574639,-0.023779806253228633,0.03127522418250387,-0.11307223036642633,-0.04180751591415173,0.030242549117524775,-0.09531999991793404,-3.2019492551562215e-19,-1.4912961281352196e-19,-0.13487613801631837,-0.010930662847541104,0.0034415893292439105,-0.15762232759976347,-0.026289294617179458,0.0026644798653683004,-0.17743385667838787,-0.04168602710565772,0.006754443701556099,-0.09021708941181314,-0.009423250095173488,-0.017612614337027772,-0.12324581024302406,-0.019088963036388247,-0.01981215781912427,-0.1434160717610461,-0.03159458520728586,-0.018320629880625754,-0.1628643970728492,-0.04479859551810404,-0.01531847529017296,-0.07478037028768324,-0.017799443878613323,-0.03311910412054104,-0.09911113564093989,-0.022510859412703272,-0.036133816145896606,-0.12129754341462616,-0.030098496685372622,-0.03685411242398125,-0.13560154330190957,-0.03941879357904249,-0.03278652182872109
0.0,0.0,0.0,-0.02256282535040502,-0.00743054535378795,0.030190073656891133,-0.0484829958599545,-0.009851335476707484,0.05264749058518647,-0.07507949527113884,-0.011197173540165034,0.06852704673573023,-0.10331922767965025,-0.011764102611890039,0.07644172783748972,-0.09333827540441338,1.2135441352610327e-18,0.025205960680605145,-0.11243914963041528,-0.018304588924253087,0.029245683617393558,-0.1144632741311095,-0.024437644793251896,0.02965352519530071,-0.09973657698079273,-0.03785583252840042,0.02774650763108446,-0.09395252244079305,1.0343510029258517e-18,-1.0421708313340774e-19,-0.13405718763592184,-0.0095899493135009,0.003109891848827832,-0.1574396273277394,-0.02259348158025351,0.002715210650524337,-0.1784233343222446,-0.035937077829269706,0.006732740888439164,-0.08975201939423244,-0.008930275826792415,-0.018061101929137787,-0.12328314678994219,-0.016102107553437113,-0.020465316378957637,-0.14462817448933732,-0.026288847193681335,-0.0186043426274125,-0.16594897556384958,-0.03664883493745276,-0.01620825318968719,-0.07466762234876355,-0.01709038737088135,-0.03315465039109742,-0.09964343515552702,-0.020730939548961304,-0.03627416222402619,-0.1224027572256522,-0.026644481389760614,-0.03644091875699884,-0.1361484179852986,-0.035445589005966664,-0.032444668255992175
0.0,0.0,0.0,-0.021016222653463947,-0.0072161064292391285,0.030277726849163286,-0.047173744222586016,-0.009857055187861239,0.052894497746956926,-0.07341089891756013,-0.011538913055552233,0.06887006916470638,-0.10246783005108928,-0.01243650891279534,0.0764159730377615,-0.09165489543855042,1.3753843679311399e-18,0.025502821941208093,-0.10791000216500755,-0.02044333256173597,0.02941577520827606,-0.10675967231227063,-0.025935377600463827,0.028606868292888242,-0.08810045292609822,-0.03581001845698398,0.025580761831256973,-0.09289502354985062,2.1823418105875994e-20,3.336007627994611e-19,-0.13277867976735583,-0.01028242141810867,0.0032242498476526926,-0.15608625776614846,-0.02309929491703145,0.003307545290604102,-0.17753377239890758,-0.036017047968644834,0.007313242590406405,-0.0892692001905719,-0.008767258175050203,-0.01837505225194451,-0.12303986273192452,-0.015389326891793275,-0.02041605728329611,-0.14481996803072708,-0.024361210806235413,-0.018040085760287462,-0.16725594099703692,-0.033083886853937976,-0.015859613048360473,-0.07444737385820399,-0.01683339350179171,-0.033286887847272274,-0.09954928252944152,-0.02042494409086646,-0.03614663740191331,-0.1224712040331962,-0.025882386370581028,-0.035803990364653704,-0.13598822055277143,-0.034382608038620234,-0.03164461572739893
0.0,0.0,0.0,-0.019776172539785992,-0.007015130756129843,0.030439728851694856,-0.04598190283010621,-0.009977646286214085,0.053271631150679524,-0.07198373313642571,-0.011775161379350812,0.0693512568935454,-0.10197727658812505,-0.012660091096613636,0.07676580767208754,-0.0907646033989138,2.8889787582260333e-19,0.025844048452764834,-0.10468049237442516,-0.022274784470230524,0.029824889873667496,-0.10117708429802326,-0.027577727797359827,0.028052310531161834,-0.07979045565348206,-0.0350779503586728,0.02399233155915307,-0.09250651227185433,-9.3916239764248e-19,5.985522778975386e-19,-0.13221356681349536,-0.011324333921244847,0.0034520846072268446,-0.1552233065573769,-0.024480895075210708,0.0040020837443183015,-0.17682888282311104,-0.03811281639233117,0.008113345079925002,-0.08917573694003497,-0.008897575008536416,-0.018647011569598262,-0.12311882727967667,-0.015622908237660603,-0.020316511881908007,-0.14500721032482053,-0.024361879835535557,-0.017460769129117187,-0.1681803090645837,-0.03279572541909575,-0.015268018009298846,-0.07438020111100736,-0.01704599723261375,-0.03347342989159879,-0.0995289809206576,-0.020935472754452105,-0.03602792020479584,-0.12256924175341843,-0.026676835604906968,-0.035343149918896234,-0.1358172688881771,-0.03530956707466234,-0.03090428126475682
0.0,0.0,0.0,-0.019018022741350456,-0.006920659882907852,0.03068181308271199,-0.04519243723122915,-0.01028229451388533,0.053602521693463044,-0.07087496595812513,-0.012238324226379913,0.06983713198622132,-0.10160528012005177,-0.013008809848624207,0.0770512674158413,-0.09023665356881187,2.2638393973828166e-18,0.026088235711291742,-0.10205960970369,-0.023871027209830004,0.030230772689583536,-0.09664456526285818,-0.029236194882014566,0.02763651849087059,-0.07337698960760466,-0.0348025415263932,0.022733945108476268,-0.09239376236720667,4.3342631781892414e-18,-1.7273370879644055e-19,-0.13169357169730397,-0.012521940475380938,0.003478283614707676,-0.1543895417466012,-0.026296391271039145,0.004189459866518055,-0.17603043630121762,-0.04093961476259489,0.008338815238594298,-0.08913532499217071,-0.008949593803859993,-0.018854220377934838,-0.12326185715234135,-0.015864391277382227,-0.020487114648058476,-0.14516122697133335,-0.024554962473535606,-0.017499897170828456,-0.1690757867852592,-0.033296860193769554,-0.015283527676872433,-0.07430233540899572,-0.017225489046584587,-0.03373034400936265,-0.09943803587712942,-0.021417331134003077,-0.03620696472025642,-0.12260192194941139,-0.027474831779289634,-0.03527770693161689,-0.13569114014653377,-0.0363564246322648,-0.030580035953492516
0.0,0.0,0.0,-0.018581053841191107,-0.007244870599827465,0.030930765627752817,-0.044648422026599466,-0.01080340787707561,0.053944203377831026,-0.07014871401996715,-0.01290452298724061,0.07034177332749934,-0.10140242980072377,-0.013237668994237926,0.07746176402693282,-0.09028985699604748,-8.362654321300807e-19,0.026361081040297513,-0.10001859153163127,-0.02536903508161896,0.030670493987749483,-0.09269106515283983,-0.031144635735452942,0.027640909303226883,-0.06825605728923471,-0.035626226974261585,0.02192240113198128,-0.09257405759124075,4.891571123441312e-19,-2.8785553331420846e-19,-0.1315717410621544,-0.013398167981511397,0.003499460757133484,-0.15360579619096829,-0.02805440842318568,0.004243425473411857,-0.17539310360051413,-0.044056690380671865,0.0080798282299339,-0.08933372719652319,-0.009031334917393325,-0.018969853997546297,-0.12350022419671043,-0.01628287121841253,-0.020424640666854843,-0.1452297924837865,-0.025314087749261797,-0.017571882911628565,-0.16955926910407054,-0.034803831288499315,-0.015493013324251678,-0.07429066720131265,-0.017640848320523365,-0.033943251837280974,-0.09938080345736955,-0.021940925032679772,-0.03643702038875943,-0.12245082212127625,-0.028247384897164777,-0.0353452536701481,-0.13558158176867788,-0.037779260678129555,-0.03052782578439498
0.0,0.0,0.0,-0.01831506843600503,-0.007397453914655607,0.030888877920727136,-0.04455440974820393,-0.01133712335223704,0.05401180957551636,-0.07023515401150503,-0.013317479785059328,0.0702848221954238,-0.10156230306206729,-0.013569878798808336,0.07740057695270687,-0.09037940527370054,3.9740459457191094e-20,0.02640463296967895,-0.09921725280351576,-0.02627433026109072,0.03058897968172839,-0.0912609075904412,-0.032507292237027884,0.027089404208960197,-0.06660070581238206,-0.03620422437245971,0.02087164105425299,-0.09293815731957097,2.074092790222225e-18,6.002384762716739e-19,-0.1315423711301646,-0.014130772333565033,0.003290300499007355,-0.1533031899439167,-0.029295184566960952,0.003803309479729968,-0.17499454050577587,-0.04546699789079459,0.007315314006924285,-0.08962342312307807,-0.009126747879661709,-0.018943619638836146,-0.12365929842311736,-0.016795554950487877,-0.02046650450649807,-0.14509697833659793,-0.026006859261049457,-0.01762691887459943,-0.1695966743753517,-0.03563904930322642,-0.015507445127889251,-0.07439452812346149,-0.018064522582429927,-0.03408687594280021,-0.09928141183231334,-0.022402493556583344,-0.03661532958513127,-0.12219400825833587,-0.028928844296669157,-0.035388340304037744,-0.13546263412014242,-0.03871096301704347,-0.030732996559471634
0.0,0.0,0.0,-0.01858030737022161,-0.007837677528288574,0.030669060785003054,-0.045253417307078075,-0.01134632931682877,0.05369595903628048,-0.07080379566464211,-0.013870770637169601,0.06997944886851784,-0.10180427777444252,-0.014125302928000733,0.07697010701514995,-0.09064410564335673,-3.2894689837649716e-18,0.026547722031641748,-0.10053560082836378,-0.026394465919522832,0.030122290967689595,-0.09264823557074349,-0.032439014861286454,0.026554172755395358,-0.06866321752747338,-0.036369338713828636,0.020886273924597576,-0.09272098332617758,-2.6363215576986416e-19,1.3124189121472877e-18,-0.13211633608036102,-0.013070358242364752,0.0029417183799257595,-0.1544952784914622,-0.02662999271745809,0.0035130800353400504,-0.17686664059589566,-0.04128574117772739,0.007026249319205442,-0.0895495578191983,-0.008840647806438458,-0.01895027268553205,-0.12383873036797469,-0.015851483504289835,-0.020695920220830916,-0.1457208178749984,-0.024354895504079998,-0.01798874835827573,-0.1702990532354439,-0.03277682590591551,-0.015981415555877725,-0.07431241472331011,-0.01771905320621933,-0.03419064302852264,-0.0997326763522002,-0.02147420634537599,-0.03680755801289347,-0.12322838394410751,-0.027144121139751305,-0.03559236268585911,-0.13664414633991695,-0.036521198673490664,-0.031088307298159243
0.0,0.0,0.0,-0.018919979646864482,-0.008312578660285678,0.03085324499879842,-0.0459648274713511,-0.011933782004036593,0.05360829604650186,-0.07141982903454785,-0.014819328953277257,0.0701960623535664,-0.10271978036404716,-0.015200432716449094,0.0772692044572215,-0.09172669605884701,3.1647570481164035e-18,0.026891462861464228,-0.10188618566054619,-0.027284219871267213,0.030303319235240316,-0.09350680834464536,-0.03371360387945038,0.026618681776278557,-0.0694512462580694,-0.038424869558281255,0.020959228533358094,-0.09327162050567106,4.68320328939591e-18,3.085901335610639e-19,-0.13333230484740483,-0.01266610698362808,0.0031347384568860426,-0.1559420489805462,-0.025973508064464208,0.0037594130489528115,-0.17856608953683709,-0.04130507947836517,0.007448903848097448,-0.08980276407940617,-0.00891623560827687,-0.019064385493779566,-0.1245164918831341,-0.015865306429593017,-0.020808286362709857,-0.14659321050618168,-0.024736181511184414,-0.018315236951959392,-0.17121338761728147,-0.03368438522365393,-0.016175411908026696,-0.07422949469642505,-0.017874683280785526,-0.03443235242704501,-0.10028675996220719,-0.021579546650036835,-0.03707301923349851,-0.12436537360900529,-0.02724302471640006,-0.03598601895507677,-0.1376947429300857,-0.03717085726913246,-0.03131566577100508
0.0,0.0,0.0,-0.01918942392465304,-0.00857813560221068,0.030970059077694706,-0.04653423215512486,-0.01235609336900592,0.053578479867051505,-0.07190828544101463,-0.015450831679367909,0.07033159790493188,-0.10351613943991436,-0.015836991020596543,0.0774065504090216,-0.09248513200239075,2.8566147220672928e-18,0.02713549197824331,-0.10288617177284656,-0.027883782179494086,0.03034953901478064,-0.09410947831635622,-0.03458898012713037,0.026613793218080294,-0.07011683370646472,-0.039894388355502165,0.021058526923856583,-0.09363539510457018,3.2440278877374188e-18,2.2201528972483377e-19,-0.13411435404714867,-0.012473159779117594,0.0032135274517108587,-0.15682254549525024,-0.025651850335298786,0.0038220388581354844,-0.17960788279942436,-0.04142318256041521,0.007622891869270291,-0.09000359033481854,-0.008937498882536608,-0.019113927772554235,-0.1248851662563886,-0.01588820105858726,-0.020898844707891585,-0.14712972037860036,-0.025147084478293266,-0.018645700189806515,-0.17174512228555544,-0.03431329972602599,-0.0163916592895463,-0.07421658035865689,-0.017946069545248664,-0.03451916633462249,-0.1005929210149887,-0.021642982161138878,-0.03722412074447218,-0.1250563418515522,-0.027311225766871897,-0.036234910853435,-0.1383261524814547,-0.037652709691372965,-0.03148184425935082
0.0,0.0,0.0,-0.019643783730418866,-0.008740931352440365,0.031197959838649376,-0.04704643160771261,-0.012593837295982499,0.05388203057157435,-0.07331543696186991,-0.014714552874727829,0.07079387721684614,-0.10491705282610095,-0.014971478599222921,0.07818134756896443,-0.09456603127933466,5.91162232637723e-19,0.027103552543233822,-0.10506580785123962,-0.027033767060641416,0.030066783351446878,-0.09823628754822437,-0.034812957437850144,0.02745008030471266,-0.0758576519736717,-0.04351657540932722,0.023371808620099764,-0.09572371942305784,1.6576498256079177e-18,-6.756841612107679e-20,-0.13589480023606115,-0.01438878332464986,0.003402026082027693,-0.15786406070995165,-0.02973835675306069,0.0040931494726362365,-0.1788853530880805,-0.04759841765482592,0.008567178338083164,-0.09117288870557053,-0.009342738924336198,-0.01908410314356802,-0.1258820065230529,-0.018752020445298175,-0.021032968111757255,-0.14743479807065316,-0.030065132891010028,-0.01891829169094961,-0.17039243720774838,-0.04162671619272673,-0.01616148133964454,-0.07498141953081401,-0.018015681591087573,-0.034626153945314764,-0.10137569288997356,-0.023480932025842165,-0.03759600066149569,-0.12567008346547726,-0.031132143075695666,-0.036614596177517236,-0.138080009871677,-0.04207826638411743,-0.03174723752248086
0.0,0.0,0.0,-0.020266038374908948,-0.008395663713920927,0.030983820666624435,-0.047080300383481356,-0.012028649594082577,0.053560732601026534,-0.07396479550546978,-0.013552598364989977,0.0706610498871904,-0.10419063954820462,-0.01348267200056789,0.07850784289301914,-0.09464814991378255,3.0462695348020933e-18,0.026330441523141058,-0.10773222124565388,-0.02353217281255561,0.02947462806235524,-0.1062482149907929,-0.033123640868840745,0.02817279487536148,-0.08994497135063265,-0.04692907324979454,0.025255048026399277,-0.09609431884213349,5.997691392419443e-18,-2.626447252712203e-20,-0.13517577287152968,-0.014991729184155306,0.0040701746127686286,-0.15655811340728665,-0.03206860943535035,0.004399736664484255,-0.1768277599008723,-0.05114847261004093,0.009224028964723636,-0.09116088384280975,-0.00958684457483799,-0.01830948471017935,-0.1248999219219028,-0.020450356618118008,-0.020308743916992496,-0.146000130959083,-0.0334962847011894,-0.01855854618107622,-0.16696781888452997,-0.04697645418665069,-0.015817713959996822,-0.07505830745675743,-0.018392196285233094,-0.034055560092026864,-0.10054893350599671,-0.024211871060306936,-0.03685622751318681,-0.12395610589937443,-0.0326326992481416,-0.036175897945912756,-0.13668245190862538,-0.04427412056070183,-0.031088411002228904
0.0,0.0,0.0,-0.021406611845218023,-0.007926299873697118,0.030584073449890052,-0.04707710898950188,-0.011573658895636621,0.05340249919736784,-0.07443708427968161,-0.012237345747788734,0.07017380576084216,-0.10349838202183873,-0.0115391167503108,0.07846793264906445,-0.09411332014353387,3.770342955580485e-18,0.025804813168910933,-0.11119224670128114,-0.020156344524572004,0.03015493936516854,-0.11630905439485478,-0.030837599046357366,0.0305988207578512,-0.1077859092111156,-0.04946340955036011,0.02886278661394907,-0.09601059808252699,3.3921137835988983e-18,2.0238822775146597e-19,-0.13433250519004636,-0.014720953596680521,0.004879715478789759,-0.15512577172631936,-0.03287340465805415,0.004874868373551051,-0.17511709600759795,-0.05218245474186576,0.010135999684883195,-0.0905329203713195,-0.009834122005037882,-0.017633880033749667,-0.12342165287690587,-0.022263318878762733,-0.01941235293164797,-0.14386670964625187,-0.03652960132893902,-0.017918564046028054,-0.16304316250809836,-0.05156559040930509,-0.015034402855742793,-0.07477723626957408,-0.019099912220616577,-0.03348159938606676,-0.09959710339298733,-0.024913642267436337,-0.036038751869262496,-0.12164631037746816,-0.034129042480897244,-0.03566032654618275,-0.13486993361293462,-0.04577247253761424,-0.029955692360920685
0.0,0.0,0.0,-0.0226047197899772,-0.008169720900104456,0.030424327247839646,-0.0475729108176644,-0.01192871744924808,0.05326847309331818,-0.07509630252208374,-0.012123937451448507,0.06954400513901894,-0.10364206396892171,-0.01120738599348713,0.07829047633558199,-0.09446156523689278,-4.641204914232274e-18,0.02541234499826343,-0.11475431477294412,-0.017534089976096588,0.030639442491099504,-0.12523913481023674,-0.028501284358273045,0.03268647142731973,-0.12304028629051281,-0.04977741256136226,0.032347123727678964,-0.09648072817983885,-3.732910692487256e-18,7.880834354035495e-20,-0.13435164609936698,-0.014396309941002196,0.0045716777659421505,-0.15470290605855136,-0.033602184103666145,0.004370174876335955,-0.17462391503697042,-0.0526944255934343,0.00978360622140768,-0.09021903074831543,-0.01001614508790807,-0.017283468987113387,-0.12271325833599943,-0.023916615995143605,-0.0193407270588655,-0.14203699818910603,-0.03892558166824351,-0.01808726023833922,-0.1600097126878363,-0.055206536605756584,-0.01531443488413348,-0.07461543993163357,-0.019600740934041294,-0.033060484727861106,-0.09887853876959422,-0.025626953820410504,-0.03564007600297834,-0.12010088788740847,-0.03550956203566154,-0.03558318336876775,-0.13380415111884544,-0.0467819284393911,-0.029848814354076283
0.0,0.0,0.0,-0.02341759125101578,-0.008270825980041,0.030454868852508386,-0.047900901714508594,-0.012011877946794845,0.05323370286582851,-0.07550638341175953,-0.011960239065246403,0.06894002540396589,-0.10338223836226841,-0.01072913735026183,0.07814694578876571,-0.09467585307103968,-5.003944489173492e-18,0.02506199232746343,-0.11733026091087596,-0.015362433763343683,0.031237785449206676,-0.1314717334799728,-0.026158750246957057,0.03459728684539156,-0.133418012187586,-0.048900509275836765,0.0353814185586711,-0.09683467823243812,-5.8661912555162675e-18,2.551382780188976e-20,-0.13439366716178103,-0.014063459124111796,0.004634338072721197,-0.1545918127687482,-0.03421414786316296,0.004553550760674969,-0.1742793829454427,-0.05304333540906211,0.010199980210268543,-0.0899889365732184,-0.010116715391860914,-0.016973030492122117,-0.12240804221338436,-0.02514883412454396,-0.01902253862676615,-0.14069811305779828,-0.04077318537777767,-0.017781804680122713,-0.15794404328735426,-0.0581031509064495,-0.014890929257169403,-0.07461730701447132,-0.019985867667045222,-0.03264871467411876,-0.09836230622037055,-0.026461640708674957,-0.0351984192793563,-0.11881162968066454,-0.03686081918597648,-0.035201362330225736,-0.13281968894634996,-0.04797051599165947,-0.029385862186363562
0.0,0.0,0.0,-0.023995928561069406,-0.008452549578099832,0.03052707054377452,-0.04803578633134593,-0.012235730213528466,0.05328363079020382,-0.07576429547106042,-0.012040993581972354,0.06859114966409133,-0.10320898468125825,-0.010730055139504657,0.07808304345326397,-0.09482089599467457,-5.1947345602489326e-18,0.024920726339152557,-0.11915689243218731,-0.013831968476283858,0.031674801097736016,-0.13573025873710334,-0.02442723146363127,0.03591319408598097,-0.14026837402907089,-0.0479303459808057,0.0374837069187359,-0.09712001461536436,-5.124496556405077e-18,2.6403381931579063e-19,-0.13458799291235907,-0.013821756331315325,0.00475160482172475,-0.154611823059277,-0.03453356210995141,0.004817852678814664,-0.17410184437495443,-0.0532968533210444,0.010672441813974863,-0.08994706020806198,-0.010242441124379121,-0.016726050042205943,-0.12222428286718405,-0.026158383968348745,-0.018676974971656806,-0.139986138358954,-0.04220803219721606,-0.017338406857824493,-0.15650597131190383,-0.06018209495143075,-0.01423807715689813,-0.07471347992199834,-0.02030480570484,-0.03221674571337242,-0.09822090305080973,-0.02702850899563793,-0.03473249747148113,-0.11817170937870791,-0.03775345676112463,-0.03482132840995653,-0.13225294175286195,-0.048777876609115894,-0.028891232526938596
0.0,0.0,0.0,-0.024328702118017846,-0.008438213804066834,0.030228874275990233,-0.04834568781293269,-0.01227514699767134,0.05289152390479727,-0.07583144861265698,-0.012272484566662585,0.06786157637288706,-0.10274184709747777,-0.010709677539276043,0.07763446675871472,-0.0946587838170837,-2.5778969538038053e-18,0.024437027738379965,-0.11996053553839019,-0.012806166793109194,0.031758998625148395,-0.13807278011172527,-0.022801286169103308,0.03609032135887202,-0.14451048536787148,-0.04715230755543942,0.0379119739148789,-0.09676292612388324,8.600740965827121e-19,2.0175389954098296e-19,-0.13410568641756174,-0.013417581957688017,0.004421131411395946,-0.15441535278697238,-0.034243118294243105,0.004233057275012909,-0.1739798976691169,-0.05264703871665674,0.009754488610600432,-0.08949707559574675,-0.010213776229880645,-0.01681505209460239,-0.12175354040150795,-0.02620611900047087,-0.019141082869727818,-0.13915514871661094,-0.04226421051963773,-0.018087431731448625,-0.15592797871965636,-0.060023969679327084,-0.01500440615891032,-0.07435029085903902,-0.020419140485972934,-0.032348510523513334,-0.0974550345912086,-0.02692274733512779,-0.03497314351908,-0.11725785363940201,-0.03780102087174792,-0.035401983732377414,-0.1315636604370435,-0.04859785080739961,-0.029643362654462654
0.0,0.0,0.0,-0.0245324288395086,-0.008446324465785748,0.030005327066958035,-0.04866161459379315,-0.01227183414645581,0.05247799369588149,-0.07596638967076086,-0.012557201889587376,0.06729034604209941,-0.10247559172002871,-0.010783691771517777,0.07724822849755698,-0.09470466288094201,3.2576675564969066e-18,0.024100755655489442,-0.12069259079481948,-0.012086226346724288,0.03183053593276963,-0.13988899767814508,-0.02165512206185362,0.03613004663042802,-0.1475382577906022,-0.04673804218306532,0.0380968113759749,-0.09672480847937934,3.3093323239023884e-18,-2.0784338214032544e-19,-0.13401262248950443,-0.013187147268576178,0.004178034168926966,-0.15455436100327358,-0.03404690330713398,0.0037955596191411554,-0.17422495771761576,-0.052200815961768246,0.009091578449617643,-0.0893904695230115,-0.010188289890938746,-0.016884648164600842,-0.12156100004917779,-0.0261981168565868,-0.019426581115234768,-0.13876296297441987,-0.042295897569638134,-0.018608325580639837,-0.15578186315401046,-0.059952977349987786,-0.015519347206489611,-0.07426140697180679,-0.020511159180891428,-0.03244322730268987,-0.0970784227157655,-0.026861065960275342,-0.03515767133112908,-0.11673943005422652,-0.03773411090883986,-0.03581782766139677,-0.1311784183228541,-0.04848687620660966,-0.030241497068687583
0.0,0.0,0.0,-0.02484807768266083,-0.008528056923410143,0.03002753583868432,-0.048942262397174766,-0.01239326245895835,0.052306167175429144,-0.07612855471469317,-0.012797002117044872,0.06707415776712079,-0.10230597681536716,-0.01096224563036489,0.07725298758683635,-0.09492249509806638,2.843097513423538e-18,0.023965290206341347,-0.12141502216429748,-0.011620446207416833,0.03210764010301958,-0.14126710587100721,-0.020869534947087178,0.036503131419185285,-0.14968224338158112,-0.046332283455651616,0.038686905802820644,-0.0967999517172688,3.0715980165527925e-18,4.752629762405249e-19,-0.13414717034289503,-0.013141269996460982,0.004157474431735982,-0.1547603804982275,-0.03408175407055701,0.0036805586022276558,-0.17450204344779624,-0.05225133363199993,0.008902366592407845,-0.08936817195616925,-0.010223421913184934,-0.016841741929840975,-0.12153742665127211,-0.026365712975464653,-0.019493368689954996,-0.13861740620620402,-0.04257038440860188,-0.01868683523083304,-0.15572232291928842,-0.06032164029945065,-0.015509270663116423,-0.07422326564505843,-0.02069408912263894,-0.03239875147911852,-0.09687004418029532,-0.02695580820557475,-0.035124034053745035,-0.11650554093523394,-0.037831001607354205,-0.03588140037860283,-0.1309807244325565,-0.04852999918775942,-0.030390891291338637
0.0,0.0,0.0,-0.025156826758444963,-0.0085679566767696,0.02994178387670675,-0.049352391913957,-0.012415383020585877,0.05213175352128213,-0.07662550393478941,-0.012802736853171652,0.06696340134254528,-0.10277843450877136,-0.010904057966969704,0.0771766308926279,-0.09529389809690895,-1.1110630811562286e-18,0.023859969057131107,-0.12214295603253494,-0.01138205293799759,0.03212601672707053,-0.14227667924434426,-0.020501948723734387,0.03657851680959315,-0.15128977699916865,-0.04632549981636377,0.03885056441281402,-0.09693272107509154,-1.6173824730219335e-18,-6.7743421917039e-20,-0.13429024726580432,-0.013241957453563644,0.003962611274046506,-0.15486186370409474,-0.034339909388059565,0.0032804183192704484,-0.17461389365937233,-0.05264895969949507,0.00836121763154049,-0.0893832274565496,-0.010209759131058803,-0.016908188087529703,-0.12143294945684573,-0.02643291606119134,-0.01962925318046372,-0.13848306649415532,-0.04291898766804824,-0.01895175271380972,-0.1555506354560666,-0.060594868208977,-0.01578889420313479,-0.07407067482655473,-0.020679468451477338,-0.032356756804762965,-0.0965565565115501,-0.026927726203474955,-0.03516125863202186,-0.11620037089612346,-0.03779163838121771,-0.036076853913691684,-0.13063592874210356,-0.04857249275136567,-0.030736461196378302
0.0,0.0,0.0,-0.02543976749998986,-0.008692083527222994,0.02976253534388341,-0.049599863601783416,-0.012520146489426199,0.05185670999477163,-0.07680474015701536,-0.013001368250396328,0.0666492787640663,-0.1028172092152651,-0.01126061751892631,0.07695426726862709,-0.09540940944451132,7.488356778701639e-20,0.023678521550132628,-0.12253388485281584,-0.011108536584151067,0.032006829050775586,-0.14296212667713798,-0.020028310815510708,0.03637924784907878,-0.1524521784084336,-0.04596544056707226,0.03861749896081719,-0.09690937725000369,3.254867123828866e-19,6.904140445588426e-19,-0.1342725505642495,-0.0130691193594869,0.003716386070909559,-0.15495851651388623,-0.03412637428159211,0.0027788564233753614,-0.17494110061276535,-0.05229798241250577,0.007634086524292479,-0.08925972836127365,-0.010197083823484677,-0.016907558233296798,-0.12132535716257609,-0.02629322691819859,-0.01985269501279829,-0.13845758003140643,-0.04279408666114054,-0.019295587321421483,-0.15570746331034374,-0.06040215392284803,-0.01621292693760414,-0.07390506420958212,-0.020750630156037533,-0.03238318723112645,-0.09631909594645417,-0.026810024732219467,-0.03527492856532489,-0.1160030719540279,-0.03755754967593445,-0.03627058416591562,-0.130661752609908,-0.048304485058502954,-0.0310475692652792
0.0,0.0,0.0,-0.02564144972746717,-0.008749746455599297,0.029657372974777906,-0.04972305775642631,-0.012547212030783414,0.05168364185127463,-0.07675258667851043,-0.012983906674066781,0.06652389792623689,-0.10271253076562235,-0.011245039272275902,0.07690269676268596,-0.09549019995555658,4.249088774368816e-18,0.023539796178114726,-0.12276711758293715,-0.0110230553208353,0.032001466209659775,-0.14334297598493123,-0.01980168692765105,0.03635912385338942,-0.15310031374944233,-0.0458058480925675,0.03857294698153826,-0.0969158410774681,4.046155577533817e-18,-6.334151892891534e-19,-0.13421156363690545,-0.01308284823079188,0.0036981811647836755,-0.1549327964247747,-0.03411164155588065,0.00261387205230305,-0.17497310979482442,-0.05222470306763559,0.007331971859259351,-0.089234763773351,-0.010200970308779393,-0.01691660782116206,-0.12125037768503154,-0.02625928220254716,-0.01988977726566008,-0.13840811422951524,-0.04281024952682143,-0.01941482262582095,-0.15569666956642403,-0.06017566091853501,-0.016369063605367776,-0.07387195595031208,-0.020774684864328326,-0.03238499348399206,-0.09621403423842119,-0.02674222688428449,-0.035277701155698914,-0.11593355237640164,-0.03740818842359751,-0.036326559059043494,-0.1306463578098831,-0.04804956322261547,-0.031129052228560716
0.0,0.0,0.0,-0.025877223543947985,-0.008635411793026336,0.02963886763238619,-0.049780742763439974,-0.012611210164672844,0.05164529852061093,-0.07682278359112557,-0.013130017685244348,0.06655243601313345,-0.10276087529052802,-0.01131205762364696,0.07677320590788181,-0.09574393827507083,1.923830720853644e-18,0.023496821282651396,-0.12330264599729161,-0.010960984219082898,0.03198532599562392,-0.14378962088092193,-0.019638087681394627,0.036341647008190925,-0.15388762477855839,-0.0459085397242207,0.03849829800617995,-0.09702699915747776,2.656529717054346e-18,-7.816807625067882e-19,-0.13432482404284787,-0.013323179351233191,0.0037679874047928954,-0.15509732366689177,-0.03418116624485224,0.0024356381179516354,-0.1750392860886888,-0.052241936306283016,0.007125369071065638,-0.0894691609179547,-0.010309953493947022,-0.016959532789430336,-0.12132162100655018,-0.026117181505186226,-0.019977267438936113,-0.1387557554843973,-0.04283628570631679,-0.0196712808379157,-0.1559393920544196,-0.05977835912759571,-0.016448779492267238,-0.07399500006075461,-0.020774228289184186,-0.03244883860428695,-0.0962479892882569,-0.026675788636336444,-0.03530473636079827,-0.1161467346138682,-0.03711702405684291,-0.03651106917437618,-0.1309488202174967,-0.04769937427987408,-0.031363339180123614
0.0,0.0,0.0,-0.02594499627320992,-0.008792138054507919,0.029748902527633868,-0.049823317191459035,-0.012842443202902575,0.05173388596836958,-0.07677012343443694,-0.013289360376165883,0.06668526811368747,-0.10283471894365438,-0.011570106939144177,0.07702542137326975,-0.09594645514377265,2.8784155430208863e-18,0.023570060653981696,-0.12350356197806564,-0.01095745633102584,0.03221623796008641,-0.1440860419308842,-0.01971194430369146,0.03659180769033839,-0.15420706502218612,-0.0461510609914524,0.03895763511414324,-0.09719505970825751,1.605646918361999e-18,-4.4661179548316566e-20,-0.13450096119072522,-0.0134322918978775,0.003825955625238771,-0.1551770310548404,-0.03455369727830733,0.00264490999691429,-0.17510310789305067,-0.05291882685220384,0.007406017118431648,-0.08953071828365927,-0.0103578106412491,-0.016881663380686467,-0.1214378278520028,-0.026426346395696174,-0.019809490502143177,-0.13881043325136613,-0.043365555631422366,-0.019338849635083425,-0.15596804589253932,-0.0605849986737726,-0.01610814552301288,-0.0740411312029911,-0.020900019581961977,-0.032406419565726804,-0.09628909560988662,-0.026883976560670052,-0.035150242161257624,-0.11616361250279174,-0.037606067559103395,-0.03616317766223949,-0.1309392181771338,-0.04832253425929083,-0.03096871936457905
0.0,0.0,0.0,-0.026021276734539057,-0.008833629451477172,0.02983859528505477,-0.0498631036339176,-0.012910553524328109,0.051750846875057675,-0.07674787318621834,-0.013396627674503425,0.06671179108936598,-0.10278651745847166,-0.01169217986796069,0.07716087928432543,-0.09598098802458352,-1.6250137254763968e-18,0.023587152522975253,-0.12359273184965418,-0.010962364993837464,0.03236888787472314,-0.14426883230593066,-0.019706627335763727,0.03674686646211867,-0.15443117454546404,-0.046252266646070704,0.03936777925039732,-0.09725995321650953,-1.9781965566987614e-18,7.941081960995735e-19,-0.13446552412531348,-0.013490573014324849,0.003978943142312938,-0.15513723931048215,-0.03476417759835996,0.002827271041509227,-0.17509259387136036,-0.05317390637892937,0.0076019343307055735,-0.08951905870117201,-0.01042345086488808,-0.016672723931066988,-0.1214105720312783,-0.026651577926738033,-0.019522598771298902,-0.1386307204034781,-0.04375708495627102,-0.018927337068490067,-0.15576259963300707,-0.061126672921777266,-0.015738208729586395,-0.07408571841427324,-0.021072938752767927,-0.032180509043154074,-0.09630255782189953,-0.027101998805010102,-0.03487684513775338,-0.1160155301343752,-0.037926175313234424,-0.03573732426281973,-0.1306774199078425,-0.04863165660956231,-0.030567497046408907
0.0,0.0,0.0,-0.02601484936271154,-0.008882803000613528,0.029985932077105856,-0.04985899148993228,-0.012944847067843523,0.05194670058606397,-0.07677423854107819,-0.013447489662522714,0.06681028615595097,-0.10285150262846283,-0.011663176775825896,0.07729194679611213,-0.09607812635140164,6.722627824468335e-19,0.023686309547597487,-0.12371980218816617,-0.01096738652821858,0.03250434550669812,-0.14438296145189886,-0.019667029225137876,0.03679611368661598,-0.15455773069586165,-0.04617274541447432,0.03950003865720661,-0.09735341937957383,1.0141871956221993e-18,-1.1736873992698897e-19,-0.1346495913387187,-0.013499152873189407,0.0040764348112684754,-0.15526953518016343,-0.03482676072068096,0.00297349858778324,-0.17506571157944195,-0.05331662835794095,0.007819747377193105,-0.08965687251950627,-0.01040926374414522,-0.016707456818094803,-0.12159573173241865,-0.026627003176350677,-0.019431079311644953,-0.13882132536123468,-0.04400911067976012,-0.018701882822682068,-0.15581856490190363,-0.06130842253887858,-0.015333227660256526,-0.07422946614193332,-0.02099425739250083,-0.032233988159074786,-0.0964557881055189,-0.027029607781401052,-0.03484951229546152,-0.11621719620522351,-0.037947705643291925,-0.0355689574652995,-0.13077652656314673,-0.04874291572615019,-0.030312413619438136
0.0,0.0,0.0,-0.025690236021484444,-0.008567693372010611,0.030112798617673797,-0.049480009739659686,-0.012466029982756841,0.052165322140288836,-0.07689934780268769,-0.012769756533845348,0.06725632698051687,-0.10301890005525582,-0.010358511749318795,0.07759583185507092,-0.09616690982966929,1.8221354235278286e-18,0.023789494205088607,-0.12327663629901389,-0.011929071927860448,0.032308926620068165,-0.14278885822706097,-0.02178191218848179,0.036456762284340936,-0.1514869496627145,-0.04952723118799971,0.03879529839319838,-0.09762420825716556,2.277853545654319e-18,2.953304667421018e-19,-0.134909073098362,-0.014093189134518373,0.0047003438697348,-0.15520731444491345,-0.035829838627322544,0.0037401993722232744,-0.1742462485023647,-0.05508434894546173,0.008993045643659148,-0.09015186424390216,-0.010477414527012462,-0.01677532816041234,-0.1219129649738746,-0.026727779175503164,-0.0190093150275596,-0.13914706990066106,-0.04502263269731533,-0.018070906129059355,-0.15565053622631123,-0.06276144101447723,-0.014239147047149759,-0.07460089581464507,-0.02082312063403515,-0.032317504402656114,-0.09675951627638761,-0.027224139690743658,-0.03471916116101399,-0.11648634544376149,-0.03826363870039419,-0.03521277301041599,-0.13096466708913979,-0.049483792199765175,-0.029733670959799036
0.0,0.0,0.0,-0.025415309459287123,-0.008370159123518841,0.030195039011282634,-0.049109736782204094,-0.012168107926007742,0.05237968541278431,-0.0769375944096944,-0.012507416609094591,0.06766542361695482,-0.10299103870299581,-0.009826864990966069,0.07768794806334602,-0.09607489929930889,5.850003325094941e-18,0.023946527215066477,-0.12283997149918814,-0.01263262881463358,0.03226223152721001,-0.1416358959182072,-0.023356892739416064,0.03643944740202926,-0.14908424064268802,-0.051707720184438984,0.03855606870296001,-0.09771311979995805,4.464698127188176e-18,-8.003605061902096e-20,-0.13517538317069988,-0.014599972105401917,0.005356621291570023,-0.1551735210646594,-0.03648205977024026,0.0044281923659126605,-0.1736320171608272,-0.05622157589117602,0.010034292376022116,-0.09037666826181102,-0.010611900388009056,-0.016693627939087685,-0.12208020480587943,-0.027021705653100997,-0.01851371433289898,-0.13938157113585886,-0.04560827165395799,-0.0173295987570333,-0.1555929066551277,-0.06381336158688283,-0.013368319996840976,-0.07468011099737579,-0.020801119279205527,-0.03228632795056377,-0.09705071590116603,-0.02755473043253232,-0.03447623453614564,-0.11669379632000564,-0.03857060897404554,-0.03477388555080739,-0.13113709404088067,-0.05012021322085993,-0.02921076569301591
0.0,0.0,0.0,-0.024767906056552526,-0.008258350194339877,0.030500541151898257,-0.048910118466113164,-0.012214514593544976,0.05280869542601276,-0.07702565531324447,-0.01244444966761836,0.06848677670651611,-0.10347803152089909,-0.01062583192205737,0.07845380830954674,-0.09686854419712525,2.170179027002196e-18,0.024436611679570737,-0.1222450299096936,-0.014481609494629533,0.03150462752279339,-0.13781139777302,-0.026498087949527994,0.03511121455647548,-0.1397291190374852,-0.05503232007382915,0.03674502371528394,-0.09813274626895283,1.6735558072249844e-18,-1.4239863371362015e-19,-0.13629986885967268,-0.015034679479812544,0.005414056671608617,-0.15636796448481355,-0.03678306526819169,0.004903324772138017,-0.17422999872433542,-0.0574272396164835,0.010671474684973337,-0.09123608492373585,-0.010758716709371173,-0.017132448167539744,-0.12310754079756714,-0.02651437254231851,-0.018956081322049907,-0.14074933649679153,-0.04487918844602568,-0.01715984485106013,-0.15678594343913507,-0.06365530953197103,-0.012846408011647619,-0.07521646984579253,-0.02087759134993381,-0.03296383530664879,-0.09795234069157745,-0.02752695150715206,-0.035196158584929776,-0.1181380535060218,-0.038469518434972594,-0.03552962969586162,-0.13234954633869353,-0.050846005743041,-0.030647404136132227
0.0,0.0,0.0,-0.023191444627197324,-0.0077471274904619145,0.030774124589632832,-0.048519046532534894,-0.012315509719182193,0.053065339776427696,-0.07634205344357604,-0.013336269555045006,0.0695654284855595,-0.10448197987853976,-0.011922372003909104,0.07838172475026826,-0.09683347065088324,-7.482440585720075e-19,0.025337127344815972,-0.11618739273034695,-0.0194797748004098,0.031316229549834304,-0.12253536876524655,-0.03050949878114209,0.0324103686467916,-0.11362170232581364,-0.05077607604267623,0.03135357529115739,-0.09803324049859129,-1.7094134417629599e-18,1.4394194640397126e-19,-0.13606925878168855,-0.01562859422427676,0.0051133644143389195,-0.15721540747181278,-0.03490234573058634,0.004782838251886958,-0.17694113282287294,-0.05449869490760773,0.010060801663227472,-0.09151461550966956,-0.010572034633393077,-0.01758753482761802,-0.12366749605834174,-0.024573569121092546,-0.019103394758689347,-0.14215638712982773,-0.040366739686133475,-0.017125786264934002,-0.16053576131388644,-0.056972624168542416,-0.013355720895207266,-0.07493052870893697,-0.020463835697906333,-0.033440434427521766,-0.09838544638656121,-0.02677638985512241,-0.035752229616487316,-0.11957083865321157,-0.03627444433779512,-0.03621667252790368,-0.13361547788466316,-0.04774148777510239,-0.03174101864376783
0.0,0.0,0.0,-0.02122017665919901,-0.006959959568925263,0.03081635958483872,-0.047422396500470726,-0.011595229453908607,0.05322307715009065,-0.07515852271182172,-0.012605998197611152,0.07009994835991061,-0.10431158892646152,-0.01116464704133309,0.07841098424326104,-0.09596520796554739,5.676735940960406e-18,0.025954893468309106,-0.10938349171205979,-0.023029902286409547,0.030491913887186372,-0.10878246272650378,-0.032617189440915344,0.029557516890124823,-0.0925174366454573,-0.04538131183704622,0.026293066313109674,-0.09738100663267757,5.516686030534934e-18,-2.613073950863102e-20,-0.1348846139108099,-0.01677030098353758,0.004699665140703728,-0.15601326512855215,-0.034774038982796296,0.004807746848626675,-0.17626328940594033,-0.05383706502626835,0.009570120512134432,-0.0914966615543929,-0.01060799601697912,-0.01782204870926663,-0.12339233773017422,-0.023772650557632266,-0.01900817136488807,-0.14263043779022935,-0.0375802724415362,-0.016563323962781717,-0.16233558511122673,-0.051805421389090556,-0.01344445447164377,-0.07445861543165322,-0.02039293573540299,-0.033562148798303805,-0.09790095822597786,-0.02626705137016768,-0.03565770903270867,-0.11998289884205422,-0.0349204958220628,-0.036276193152328835,-0.13371782441850466,-0.04591671006570367,-0.032204579465564355
0.0,0.0,0.0,-0.019924100238689933,-0.006667891900430175,0.030921358718996095,-0.046656197860307516,-0.011013760228904403,0.05344938893891913,-0.07401349204838367,-0.011537393481652041,0.07039490324278969,-0.10438862895632703,-0.010053160092413242,0.07831853072683216,-0.09547024568001744,-1.629826711341903e-18,0.026064376342327455,-0.10403751218062199,-0.0251833103228616,0.03029199596108038,-0.09886198386455243,-0.033383033767581706,0.028478168830838212,-0.07800052376391929,-0.04077613810446827,0.023928258567871317,-0.09734578724430665,-1.0720690641220783e-18,3.180683762947839e-19,-0.13378020022057613,-0.01790654154424996,0.0048020438346370025,-0.15420291829849042,-0.03598306833600251,0.005223465784667899,-0.17413837325128986,-0.055842883570136,0.009508014277201632,-0.09188429650963753,-0.010674970058689762,-0.018142035549816176,-0.12340120550482665,-0.02331590933351824,-0.01857665839611505,-0.1428799267287382,-0.03633173981256081,-0.01550614190722749,-0.16358825626960394,-0.04983729905066897,-0.012715546183091632,-0.07465985832328678,-0.020503630861337073,-0.033452188264818425,-0.0978757892334772,-0.02645252811711121,-0.03520937812478078,-0.1203992263169016,-0.03489008986558033,-0.03564899920244173,-0.13357443337473704,-0.0463151353809717,-0.03170428257484538
0.0,0.0,0.0,-0.01920462586100091,-0.006231316901060903,0.030947504459791688,-0.04656816792779173,-0.010868059189748237,0.05350665705528832,-0.07391808052701317,-0.010790957154253095,0.07055965113648868,-0.10548141383412103,-0.009901821544206225,0.07829410879805603,-0.09590890803713654,-8.184805101839064e-18,0.026151671616367892,-0.10097664878700274,-0.026744858480994543,0.02986400556378426,-0.09280990878107141,-0.03354669807301564,0.027251695301572343,-0.06991646748609587,-0.0365879540640994,0.02185683686797237,-0.09798977386622676,-5.420316027452894e-18,-2.639318032341539e-19,-0.13316763449222493,-0.019439320577952002,0.004612484171720158,-0.15286406650806827,-0.03795390363365002,0.004929502310572752,-0.1724421472866132,-0.05822793070200251,0.008964410109310079,-0.09262222333545443,-0.010816790000125353,-0.018403105349965643,-0.12375552839504855,-0.023478476094045936,-0.018453598585626563,-0.14311108834037953,-0.03654532691412767,-0.01517030274952966,-0.1644349857099572,-0.0496187135085682,-0.012577048452591572,-0.0750738496826988,-0.020384601012477948,-0.033466726166758366,-0.09788810727209904,-0.026628374635956926,-0.0351831332330724,-0.12084982235705502,-0.035578824095501935,-0.035690205703926614,-0.1334782408204249,-0.04692475724614448,-0.03193348039584289
0.0,0.0,0.0,-0.018916712168393086,-0.005951617468875708,0.030978922621818873,-0.04670976783657111,-0.01080830431301236,0.05359613300827376,-0.07405779672053965,-0.010464899028491565,0.07068887313442897,-0.1063591985361786,-0.01001953625093947,0.07823231812006097,-0.09630478870816722,3.6868949954942015e-18,0.026212347699667696,-0.09929040757313586,-0.027404428919306896,0.029622550333071266,-0.08948794867454798,-0.0333301895471375,0.02661042560237021,-0.06575338876316496,-0.0339993451609018,0.020722873112939195,-0.09842808883700778,1.4697796417397214e-19,6.168098486634285e-19,-0.13298517594286438,-0.019997725655011598,0.004485993638657428,-0.15236508149923458,-0.038757328883575914,0.0047868792538718185,-0.17183392121446883,-0.05915694468106125,0.008649217605488486,-0.09319332288624815,-0.010843811053259636,-0.018540107693901593,-0.12422285048322365,-0.023408835054304973,-0.018391603339502374,-0.1435896333339228,-0.03645735027784096,-0.01490060944365463,-0.16541423690586446,-0.04944574317562065,-0.012448314672587535,-0.0755416484515447,-0.020283880837730733,-0.033444406337072546,-0.09819152443099316,-0.026637416732718706,-0.03517467082675418,-0.1214111560835624,-0.03571453879399185,-0.035625508883957574,-0.13375744942246479,-0.04699669935857946,-0.032022241623739976
0.0,0.0,0.0,-0.01841944996109045,-0.005758010719453857,0.030983522305187555,-0.04639072413425792,-0.010582918022750708,0.053753314461093875,-0.0735852693128836,-0.010398786385525912,0.0708593995921535,-0.10617544291269371,-0.010272423309335659,0.07841160956495377,-0.09604184921765153,-9.678008311347045e-18,0.026302130113626875,-0.0978694318380002,-0.02802016422071869,0.029473209595021747,-0.08688961297765828,-0.03356813015247005,0.02600389051139302,-0.06254958298481826,-0.03287131176086933,0.01968919286330967,-0.09831945765171536,-1.489820100867857e-17,2.0877854308407504e-19,-0.13277202149490316,-0.019988186069156155,0.004398215214532856,-0.15223558174682014,-0.038576408247412194,0.004775849879661846,-0.1718936661609606,-0.059209589004088875,0.008660449611075661,-0.0933770491145497,-0.01084495500561952,-0.01870164434169999,-0.12441682958355454,-0.02317614152135982,-0.018296642510363493,-0.14405062141104044,-0.036072817310913025,-0.014644190360573057,-0.1663199817111,-0.04880037799409541,-0.012060031759270883,-0.07570732272379092,-0.02022874165124337,-0.033593246962607,-0.0983468471447962,-0.02646039299698758,-0.03511815758822228,-0.12179555977272502,-0.035678393650390564,-0.03555035345971752,-0.13421027938985255,-0.04712598549075745,-0.03193186740302398
0.0,0.0,0.0,-0.018176625816449323,-0.005513763957072703,0.03098868113280242,-0.04635987570351219,-0.010325627693452468,0.05383114658502764,-0.07360874599407782,-0.01011784902219117,0.0710396423695436,-0.10653360238059525,-0.010262361333422359,0.07866127120703925,-0.09615777258458408,9.706431978814542e-18,0.026417849081040504,-0.09700624547200425,-0.02851539523420444,0.029385695238171673,-0.08500770921978393,-0.033675578649687385,0.025510441184750966,-0.06038214546312134,-0.03180447570409673,0.018813829868276205,-0.09832902736902763,1.1884646718549639e-17,1.0209369342626335e-19,-0.13272467676031388,-0.02004645829211714,0.004287271403688203,-0.15230340762067132,-0.03857465969030151,0.0045193627970113665,-0.171988891426686,-0.05958018614055139,0.008328028678601234,-0.09347966259846036,-0.010844904626395313,-0.01880665883381498,-0.12451871036095487,-0.02310762473004531,-0.018313428611440207,-0.14430851855114718,-0.03605695226368568,-0.014657405630474327,-0.16680666534509173,-0.048797749471530066,-0.01197982253346784,-0.07569153899260467,-0.020229305795167952,-0.03370787771592291,-0.09833105446997946,-0.02639942903898079,-0.03512042970723015,-0.12204185817376216,-0.035670526636000434,-0.03565437239027243,-0.13449662729970296,-0.04733198154942764,-0.032067414308342264
0.0,0.0,0.0,-0.017882623960412628,-0.005270005648399224,0.030983577457696986,-0.0462696412809688,-0.01012252148970493,0.05393050401546818,-0.07374446047786086,-0.009866872095878191,0.07116509960101633,-0.10687106307211403,-0.010328660810514324,0.07884793889814755,-0.09643551553580038,1.1206968744681771e-17,0.026692351602846658,-0.09651631913289836,-0.028860229579312613,0.02928136089559422,-0.08387012710826479,-0.03385576475114928,0.02492866685340625,-0.059234707733444955,-0.031137335185029324,0.017777790483485816,-0.09857209845735704,1.5962896891316384e-17,1.2016820461357453e-18,-0.13298140544108072,-0.020287092176114074,0.004105482586570723,-0.15252726917242573,-0.038962605411685364,0.004209658351685909,-0.17219944248413227,-0.060067036615464336,0.008068740136138458,-0.09366179866840418,-0.010928461186054847,-0.01888530406818308,-0.12468155771119682,-0.023409548439304713,-0.018436737495721167,-0.14445104327125277,-0.03639270186080164,-0.014681274608203924,-0.1669940782448812,-0.04920815203358714,-0.011877347209309027,-0.07567048629752171,-0.02030107363302446,-0.03389759205193839,-0.09840279675136286,-0.026390868014202012,-0.03526436709137289,-0.12242811429649361,-0.035692365508266974,-0.03591173200347927,-0.13492465453757424,-0.04736031474889384,-0.032402775766368824
0.0,0.0,0.0,-0.01783858666793059,-0.0053695010016604795,0.030890406822039564,-0.046122366855409595,-0.01056990198608108,0.05384455943912128,-0.07347252079405533,-0.010612585555725898,0.07109241306340275,-0.10674925086754505,-0.011598977183672712,0.07883331273672031,-0.09639230733458586,1.1025754493482613e-17,0.02670361470621731,-0.09656966036873658,-0.029080988548933713,0.029121967209031128,-0.08396623822325841,-0.03417218623566365,0.02471036502157347,-0.05944536271996522,-0.0311556543477088,0.017524575354351712,-0.09860257026461326,1.2870023688565898e-17,1.033885219154304e-18,-0.13320822911517935,-0.020196248788830813,0.003998774395062217,-0.15287692125475938,-0.03883923053302126,0.0041253507734552285,-0.17270029083944946,-0.059799738563115414,0.008057359293129441,-0.0937751378027561,-0.010830599158856,-0.01899941802077592,-0.125009382634946,-0.02337542010650339,-0.018635609686857284,-0.14482019416642194,-0.03630234772772317,-0.01477315438128604,-0.1675347181678079,-0.04910333133363791,-0.011741273700135942,-0.07584309597159287,-0.020094971913323715,-0.03404932984970176,-0.09868563476566086,-0.026420372387645347,-0.03550735934076443,-0.12276472062182216,-0.03574521881572967,-0.036143098498587996,-0.13544328746344,-0.04752043347842717,-0.032538089419083475
0.0,0.0,0.0,-0.017658798722805947,-0.005700320938679082,0.030823299132316177,-0.04575161302656019,-0.010744695316303116,0.05387517218908985,-0.07292588303017741,-0.011517522702263734,0.07099286014912487,-0.10572949398702144,-0.012429967068855696,0.07869930096272458,-0.09500416177833054,7.065607404919167e-18,0.026936836163753437,-0.09701783970221024,-0.0290789125050299,0.029336813914016137,-0.08510585229822396,-0.03460177112045291,0.024884954277471453,-0.06054762801127312,-0.031992038066920095,0.017964435440065978,-0.09711577616529926,6.227829920700057e-18,3.0814462214582873e-19,-0.1329523343942088,-0.019110333011879626,0.003768375470291674,-0.1535493181634647,-0.03658136415135353,0.004106676121722107,-0.17423613903820964,-0.05629431673889197,0.008122692824887163,-0.09267587564048711,-0.010496496943862321,-0.0191004043421933,-0.12434915344565357,-0.02252180366342907,-0.018747524674107164,-0.14483208415647733,-0.03487616108583627,-0.014657002653525259,-0.16771293663892659,-0.04674471990464162,-0.011584180073347659,-0.07510114251836221,-0.019662347208957362,-0.034109660870016593,-0.09832957048759257,-0.025909403562384407,-0.03557788209931932,-0.12236369587700473,-0.03478583581994929,-0.035976704209729635,-0.13546747012762703,-0.045999167950630505,-0.03228487635485392
0.0,0.0,0.0,-0.01762082953051722,-0.006071983976229665,0.030801512996995167,-0.04558442406475757,-0.010986014139002563,0.05398945012253802,-0.07276489765566925,-0.012269549147692757,0.07106229775767203,-0.10546498376169514,-0.013261990520644302,0.0787231576904705,-0.09431350136895154,-1.1117109375334291e-17,0.02718180272976345,-0.0975629664325955,-0.029247134206681367,0.029551556884051932,-0.08586630453830581,-0.03517852288442037,0.02496181077945139,-0.061255675547482714,-0.03259069611403345,0.017937886529733604,-0.096355172279515,-1.2040262167180927e-17,5.0581410441158e-19,-0.13304121095125052,-0.018256406810086313,0.003537093608580412,-0.15440470265454737,-0.034874421862564065,0.003967350664061508,-0.17590932202945947,-0.053584609029879056,0.008066727949995458,-0.0921896467517004,-0.010165454317994163,-0.019232970331932824,-0.12421653991470165,-0.021793456460693764,-0.01888878058545993,-0.1452251593150603,-0.033756344928304684,-0.01470400028899802,-0.16833754044012283,-0.04505938293490184,-0.011572979265063637,-0.07484102159081256,-0.01923753043962334,-0.03426202512357978,-0.09837482478890698,-0.025426519998819175,-0.03577440069274225,-0.12246634738853462,-0.034015831818005736,-0.03606243907545773,-0.13597249344479195,-0.04498135476322241,-0.032235100501695896
0.0,0.0,0.0,-0.01809182578680716,-0.006406115379054323,0.030650027605918843,-0.046060402112809755,-0.011211225743520629,0.053889933034252,-0.07299173743959206,-0.012833455367716164,0.07111895632551204,-0.1052200511272725,-0.01374306729288151,0.0784734963602186,-0.0936879602018782,1.0619938491801519e-17,0.027246324396318543,-0.09871148858351798,-0.029259170598802762,0.029496343760098857,-0.08742431753916313,-0.03582488017506499,0.025035106295501503,-0.0624419412273925,-0.03402774203049316,0.01853211881791981,-0.09547160251314793,1.1377007561289815e-17,-1.3338869814518992e-20,-0.13294726186951558,-0.017212700088496003,0.0032012820302769625,-0.1551575699709566,-0.03253082038835684,0.0035519361881882097,-0.17763350350034188,-0.05006273491654621,0.007369147806375326,-0.09149153240089018,-0.009848842257552904,-0.019118240690115283,-0.12398057851852266,-0.020467756875618297,-0.019118559799141194,-0.14554814505233085,-0.03147053957442504,-0.015003981537742623,-0.16896259988314946,-0.041988842692142654,-0.01209550038901209,-0.0743147823651043,-0.018861672914081064,-0.03425725746707453,-0.09835130654974512,-0.02446299410542653,-0.036061368935640006,-0.12254729326250194,-0.0321937394785751,-0.03632887744337711,-0.13668131614469317,-0.04271094613560118,-0.03260589345709439
0.0,0.0,0.0,-0.01858234331713374,-0.006616396699475869,0.031089987807740322,-0.046115152263540383,-0.011201587331614398,0.05433326121316263,-0.07288856476792421,-0.01309135053839025,0.07163545220631916,-0.10474739636879822,-0.01405820134071452,0.07913892434225048,-0.094058739135402,-1.7485974280436186e-19,0.027333058492755097,-0.10051762165801555,-0.029235315120579225,0.02999221614186934,-0.08969679243176704,-0.03708300418755344,0.026354539479675764,-0.06472277113786577,-0.03831114727431262,0.02045513454450992,-0.09553917306193409,1.6643143917092944e-18,-3.8247369020760976e-19,-0.13364292376250236,-0.016480140807774796,0.003909186806886766,-0.15597570443703218,-0.03207288123204217,0.004506857760860016,-0.17844981393767,-0.05026005975318754,0.009001240477369755,-0.0916298605670329,-0.010153079612001615,-0.019195004907680283,-0.12440400605377216,-0.020186764516827438,-0.01906490063420522,-0.14607160916625192,-0.0315091179032152,-0.014829213428437371,-0.1692387071826916,-0.04322440271572776,-0.011150495970578753,-0.07444675306116212,-0.019187886245247286,-0.0344473629660122,-0.09898442800783867,-0.02466233458326417,-0.036224977501313586,-0.12344692794971497,-0.03254501865282819,-0.03652970294430179,-0.1375327259648171,-0.04358759330378408,-0.032386593949805614
0.0,0.0,0.0,-0.01932076094762813,-0.006528287317252089,0.031174249393351925,-0.04651678262100849,-0.010758206897593795,0.05433914084399501,-0.07396107535454886,-0.011769426740722023,0.07192795495347941,-0.10484125039686111,-0.012074737681489043,0.0801401542513716,-0.0956580097509915,-1.3567565221581274e-17,0.02709635695742624,-0.10450281606953343,-0.02669551906797509,0.029513706505792787,-0.09768541410851964,-0.03558891628671392,0.02745492591388204,-0.07644954311737301,-0.04279898423086992,0.023347244810526153,-0.09679428955733284,-1.519262227471876e-17,5.439309724304528e-19,-0.13545899192588948,-0.01719361656215886,0.00439218396365168,-0.15717492075003844,-0.034465543567279065,0.005126870604633488,-0.17752115943975957,-0.05479746429131102,0.010017063063635517,-0.09246437547240849,-0.010850945159398932,-0.01896336733204106,-0.12498329186618834,-0.022353738705169855,-0.018780381942313552,-0.14597413755153735,-0.03554850571149778,-0.014551322817544688,-0.16725133771933376,-0.04959639022090252,-0.010233567321238935,-0.07517089585399014,-0.019652814378685216,-0.034442731449862235,-0.09950097564078851,-0.026458525238546235,-0.03610408880665901,-0.12353571690205017,-0.035750168563723185,-0.036300733692396295,-0.13699507457885549,-0.04731970711475401,-0.03240083130179657
0.0,0.0,0.0,-0.020308743777175398,-0.006772178103181354,0.030783500333323104,-0.04649248836355795,-0.011190904579683391,0.05431582773338159,-0.07431970792173523,-0.011838241970705453,0.07128699197233185,-0.1038241551377265,-0.012031020025477056,0.08000912914738052,-0.09548109562300278,7.808514261579086e-18,0.026437327404941056,-0.1086671107258706,-0.023270109586508454,0.029473657494830174,-0.10922054389166291,-0.03440144598280028,0.02861537472145317,-0.09599917774173548,-0.048834376945142755,0.02545393859005923,-0.0970906028628567,1.0927513932131707e-17,-7.675367944115514e-20,-0.13509454432411724,-0.016828639343818327,0.0047491291594113595,-0.15590324977379874,-0.03581250192828867,0.00525766789879063,-0.17514646131125283,-0.05713595472582895,0.010656468980385355,-0.09209797352482521,-0.010792050544028296,-0.018445510163032267,-0.12406931426287418,-0.023746319885610594,-0.018415013582228,-0.14394265517936014,-0.03884214567046383,-0.014359065524311904,-0.16284187555332025,-0.055149011598862104,-0.009616635957797477,-0.07524412445636962,-0.02011299654223201,-0.03423821669790868,-0.09890066549219641,-0.026726816301831473,-0.035866138469294324,-0.12142417970120888,-0.03686078171579357,-0.0360988974128712,-0.13530534530209767,-0.04981191966466635,-0.03195402803211519
0.0,0.0,0.0,-0.02181481696197778,-0.007106312979493054,0.030363205187832466,-0.04741375260387712,-0.011455435096059986,0.05369751242940946,-0.07520206406743078,-0.01193490109258669,0.07022591636819024,-0.1037189716073532,-0.011391686883026338,0.07918700222592823,-0.09544078068913782,-3.573490167016465e-18,0.02554140567203494,-0.11309575850450389,-0.020136361356832045,0.029346234500734834,-0.12018855689740184,-0.03207089614751678,0.029453458609354333,-0.1142216904285651,-0.051524839457648505,0.027279641001305883,-0.0970118677770172,-4.9129999742004065e-18,2.4036945712283392e-20,-0.13450982636787273,-0.015821162802019343,0.004183377792161258,-0.15519983909089768,-0.035461537528611656,0.003911009199830608,-0.17416790553741024,-0.056127361452666204,0.009030041678218881,-0.0913092932161946,-0.010483024861905482,-0.018124329202248227,-0.12306974341591917,-0.024023477827223187,-0.018778554205003774,-0.14212834525204068,-0.039785554483280076,-0.015424901238062479,-0.1601804147165073,-0.05703707668808756,-0.01070481434006105,-0.07488907299910084,-0.020271508927808202,-0.03400375673298048,-0.09796336703975435,-0.02631238377634329,-0.036038194185569965,-0.11970065737138467,-0.03616088372649548,-0.036834662617651455,-0.13447675443656285,-0.048994158676723416,-0.03259819967819611
0.0,0.0,0.0,-0.02290965668787808,-0.00733225509583832,0.030104623249781567,-0.04810563630547387,-0.011766245390382292,0.05322608015866126,-0.07592075664005725,-0.012073959270839086,0.06945507349211506,-0.103830053293466,-0.011165153549158527,0.07854279831832976,-0.09547016545647463,4.580838658940598e-19,0.0248846764767447,-0.11623246355011062,-0.017743371167033343,0.02910232209953172,-0.12789812982007245,-0.029942787465974105,0.0297026932163077,-0.12677263741701492,-0.05260389045671784,0.028044523628842525,-0.0970540527230529,2.9575165343729733e-19,-2.6973551352401084e-20,-0.13420133356027644,-0.01509517093614213,0.003686931664816197,-0.15485784967679897,-0.03518774449360863,0.002913066825420742,-0.173723775148336,-0.05526093286360166,0.007755716698337441,-0.09081794694464121,-0.010206643348052677,-0.01794681643655752,-0.12249499590803693,-0.024176859016596178,-0.019154380229442276,-0.1409406734255796,-0.04037763711270679,-0.016285508456100228,-0.15841691271632907,-0.058371081939188725,-0.011561018127879618,-0.07473605241839082,-0.020318120049427315,-0.03396972862004526,-0.09741524108842228,-0.025947781329997106,-0.036282325415454786,-0.11855714430395212,-0.03560498811265772,-0.037448179301363724,-0.1339347641948504,-0.04821716023409927,-0.03312541869208224
0.0,0.0,0.0,-0.023720639635288494,-0.007363107075733063,0.02969905858513995,-0.04875948085250447,-0.011701019430272823,0.0527076836599454,-0.07653646293596607,-0.012102905436745269,0.06871456111163468,-0.10398472672880743,-0.010923837681543477,0.07806169989808832,-0.09568073370259128,-1.9285492531406317e-18,0.02432493410020048,-0.11892734568232242,-0.015805363695040438,0.029269646394056454,-0.1335054898827961,-0.027269659924254553,0.030737902539489274,-0.1363811771586986,-0.05164547038028619,0.029893066968579334,-0.09711800046541959,-1.3087652433709656e-18,1.5230426283403584e-19,-0.13417932903461519,-0.014551145372803668,0.0036972654238182543,-0.15498161509540703,-0.034595999466026255,0.0026740837994067928,-0.17369662239288683,-0.05427976856747177,0.007639541991987597,-0.090633270150762,-0.010355321727340062,-0.017685124872270586,-0.1221898629381935,-0.024420528255813593,-0.018976239760199416,-0.14047519402718495,-0.040844891953047455,-0.016464045774552318,-0.15785863592106938,-0.05873387462052964,-0.011381568094459603,-0.07479251588044813,-0.02077243828361398,-0.03353036834177811,-0.09739119813725128,-0.026224183076802538,-0.03590991046799287,-0.11804279743970104,-0.03573846811825018,-0.03718803237398086,-0.1337607977385194,-0.048160504947427164,-0.032789591947338534
0.0,0.0,0.0,-0.024481743148885248,-0.007385196116096119,0.02967546738117407,-0.04930823559879706,-0.011856801564590014,0.052499592169399104,-0.0769442594405611,-0.012301127250548232,0.06827510325606848,-0.10411803006985505,-0.010907536495298149,0.07779498614727326,-0.09616000786878516,2.6016999111553327e-18,0.024104948819045253,-0.1211406894228887,-0.014448182682984995,0.029692154247071258,-0.1376047706267213,-0.025117275714434617,0.03191581988133043,-0.14319843414940134,-0.05035365970061637,0.03187328631591561,-0.09746163318277958,4.343434701104417e-18,-3.607131553156826e-19,-0.13453016256852862,-0.014286069407359946,0.0038901461869134783,-0.15549294104133626,-0.03434068768023428,0.002747173563687395,-0.17410914791755816,-0.05403869593979396,0.007735219368742362,-0.09076630073895466,-0.010523387041567177,-0.01743457121662344,-0.1222553181529547,-0.024885179757584492,-0.018787126159210056,-0.14040342874681738,-0.04182025608577133,-0.01651074944493297,-0.15757367276455753,-0.05968393653978221,-0.01117497508318006,-0.0750634692563661,-0.021052800849021305,-0.03324970434471634,-0.09761857154627285,-0.02664164086099892,-0.035591782518470866,-0.11780848726573492,-0.036241586211378685,-0.036800939922293566,-0.13361548399532258,-0.048549891810099326,-0.03235063048177841
0.0,0.0,0.0,-0.025261738790250236,-0.007427288657976167,0.029702615656026644,-0.04991860328868501,-0.012010555465070101,0.05233520218933688,-0.07746494104998318,-0.012488568952937,0.06793055800050497,-0.10446585405218242,-0.01096257714156621,0.07748628311593611,-0.09663645045406521,2.4702656714534294e-18,0.02392840562787671,-0.12283967838015301,-0.013275905152199676,0.02998579542491384,-0.1406828345830383,-0.023291742421514636,0.032751914165078146,-0.14803723559936469,-0.04884255138600234,0.03319236024391498,-0.09780222297076548,2.926162354647287e-18,-1.0528874282386515e-18,-0.1350746104608322,-0.01363383198711393,0.00396545109956745,-0.15624053414910183,-0.033528518403340174,0.0026735633972288157,-0.17493933571792267,-0.05295942919099777,0.007690907003735914,-0.0909802833111944,-0.010528098574662621,-0.017218813984007625,-0.12266326529208145,-0.024786496646765483,-0.018694522570260205,-0.14073768001524928,-0.04171873169425096,-0.016532111039231072,-0.15788377486854346,-0.059467022236288775,-0.011136379079765753,-0.07537659479195348,-0.021034043759837584,-0.03297830259671438,-0.09797820843034599,-0.026441590756841726,-0.03533515071008952,-0.11799257320698105,-0.03576055653062952,-0.0366386600772038,-0.1339313587310166,-0.04767279123467347,-0.032229609664298844
0.0,0.0,0.0,-0.02585013759193597,-0.007619622510075155,0.029820803956191744,-0.05042093758900137,-0.01214927416339356,0.05223060465902433,-0.07775243029462275,-0.012834394651066052,0.06757943006697151,-0.10454351460275427,-0.011146895299482967,0.07712727923853482,-0.09696329805391446,-2.8514371136016554e-18,0.0237744346481631,-0.12403695307919417,-0.01237065702697329,0.030228783105976945,-0.14293041213449517,-0.021821508156221716,0.03325348763177129,-0.15151646542048244,-0.047784329147379984,0.03413937494607205,-0.09805786448837606,-3.079884554756145e-18,-3.354589464111231e-19,-0.13537078020694623,-0.013202099309330063,0.003810031654905479,-0.15670979580799718,-0.03314607687507331,0.0025187565364701747,-0.17551368872574896,-0.05228123707704325,0.007504641919573417,-0.09104752866127223,-0.010525428065564666,-0.017094520288516782,-0.12288315495483533,-0.024779594419127065,-0.01879602957862016,-0.14080742754600148,-0.041787593389830346,-0.01668852303242608,-0.15799584455255117,-0.059440513681964006,-0.011304594871653723,-0.07551587588363894,-0.02107809634146907,-0.03281940466387193,-0.09808985123229577,-0.026403008207347513,-0.03529105585664869,-0.11801519296870489,-0.03561965274751422,-0.036718866421311586,-0.13399520320431532,-0.047311432621610125,-0.032186045511415504
0.0,0.0,0.0,-0.0262599438937608,-0.007854734998861227,0.029806708419230946,-0.050889553340002204,-0.012252443799874073,0.05209870376250587,-0.07808619437988401,-0.012767746860103337,0.06739576433010855,-0.10500943951384349,-0.010833995936085335,0.07690028563010795,-0.09713745296556876,2.1615908870179043e-18,0.02361950059628255,-0.12473506566986145,-0.011639353239459789,0.030309929842029952,-0.14438925788773196,-0.020753764371273825,0.033388186113961243,-0.15382534177299326,-0.04696781806676358,0.03447873560053482,-0.09820579572020485,1.5667613023496581e-18,-4.13230012149557e-19,-0.13538412919211187,-0.012841865689828681,0.0034922361168792386,-0.15681379806209922,-0.03291579405581161,0.002055483576604048,-0.17576686584257073,-0.051667511774795186,0.006848038032935679,-0.09103549117077263,-0.010394096740087632,-0.017084015797510645,-0.1228906257978002,-0.024646353887487857,-0.019076501434506687,-0.14066455267445943,-0.041727610392544766,-0.017191683816667025,-0.1579025315482594,-0.05943988280364204,-0.01193244314219253,-0.07555399441694269,-0.020932937595646323,-0.03289138236803308,-0.09797576355105582,-0.02617305053639813,-0.03549698051257849,-0.11781196876013257,-0.035350470365701596,-0.03706607424626439,-0.1338094555791215,-0.04692621393909406,-0.03245995220974095
0.0,0.0,0.0,-0.026341856135335615,-0.008085883275821965,0.030013167600457545,-0.05090404409381891,-0.012359557589292297,0.05222446174956647,-0.07792139350307095,-0.01262750258048137,0.0675025379837983,-0.1049499955287579,-0.010541782655247767,0.07706890744584563,-0.09736047516337487,-5.317554953952083e-19,0.02369049211882837,-0.12522158829796978,-0.011312379600112223,0.030704603493078773,-0.1453148210947229,-0.020400320046093674,0.03406473960940862,-0.15490002641467523,-0.046768245038895345,0.03540898434808039,-0.09840265518050505,-1.3338303768084447e-18,1.10275754668636e-19,-0.13566886871110082,-0.012704910559448111,0.0035485244942650295,-0.15697682547506267,-0.03307429454847928,0.002296454664786386,-0.17581158256674564,-0.05189440451547422,0.007122003392171765,-0.09110175283384693,-0.010332770729221856,-0.0170492412331059,-0.12307766441616323,-0.024984273836343125,-0.01897973036241732,-0.14042586505458646,-0.04214299832732221,-0.01702562902070532,-0.15746832776416667,-0.06016140429303311,-0.011935986564781145,-0.07562044519523609,-0.02093765959465954,-0.03292581718365778,-0.09801962146488746,-0.026310140113413157,-0.035511941080015465,-0.11781833284573766,-0.03568804110114738,-0.03699584620509089,-0.1337025171643271,-0.047080313810479696,-0.03233012335586694
0.0,0.0,0.0,-0.026366108294266007,-0.0081980087519427,0.030206276990230065,-0.05095935211385639,-0.012530503493976105,0.052404061397366704,-0.07803213823047479,-0.012793899248585282,0.06756824542359988,-0.10526827876944835,-0.010677093725321107,0.07717631380395708,-0.09771005072818291,2.582807879077802e-18,0.02383111634711631,-0.12573989296809235,-0.011354041688253063,0.03101081861697909,-0.14602946413345147,-0.02074593829970109,0.03457610106892878,-0.15532992135977688,-0.047410137534253785,0.03622576133678978,-0.09878960103238857,2.74844728675938e-18,-6.095210083696229e-19,-0.13612919674610544,-0.012935069949293802,0.003699615556743037,-0.15714793294175658,-0.03374755414105833,0.002552582283601776,-0.17574546060980867,-0.052872288222805174,0.007550082667126211,-0.09130306948795797,-0.010281957480097222,-0.016969409936503258,-0.12330907565528026,-0.025558913495405868,-0.01877784130177467,-0.14019809637959818,-0.0430327215547306,-0.01673872958091333,-0.15688945811107,-0.06163423550417381,-0.011689921086302825,-0.07576122688095316,-0.02094428178065671,-0.032888963119954207,-0.09811742964795085,-0.02662672892384167,-0.03546857107053666,-0.11775202175595716,-0.03632490602781972,-0.03680436090079323,-0.13339977875506426,-0.04773293929239262,-0.032132470405477453
0.0,0.0,0.0,-0.026133190854011012,-0.008369084151789495,0.030226440373123487,-0.050668973398524574,-0.012776194776821207,0.05258273320869232,-0.0777926082349854,-0.012866949789600469,0.06763177902154227,-0.10525198973517612,-0.010923997933482235,0.07740604725884256,-0.09759939338278413,-5.110089291858036e-19,0.02397173787057607,-0.12574403021314448,-0.011243856279267205,0.03131991003989502,-0.14626177082760652,-0.020919519394550046,0.03520655327807993,-0.15527875704795746,-0.047734551742856395,0.037294991672381816,-0.09881072250131266,-4.177978632301274e-19,-3.2866358745121534e-19,-0.13619492991448426,-0.013141058267262626,0.0038837414517686017,-0.1568467191263242,-0.034405851278586,0.002973272890422512,-0.1753215551362371,-0.053816832314953024,0.008294617630901594,-0.09120186841249497,-0.010258824511069848,-0.016741583342224843,-0.12319993416141439,-0.026166855403913253,-0.018365734429838913,-0.1397656602708442,-0.04374761904513325,-0.016130731753378,-0.15620025914180374,-0.06287609565349275,-0.011163945635254231,-0.07569739818267056,-0.021015780866847942,-0.032545644609307714,-0.09805984613510964,-0.026895637985350607,-0.03518283445626813,-0.1175313243477407,-0.03691646974736919,-0.036359914665811344,-0.1329932319228439,-0.04836703023020681,-0.0316100878642776
0.0,0.0,0.0,-0.026302467891885194,-0.008493746920233011,0.030276744613264597,-0.050882287483451194,-0.013066875362009437,0.05251798507140968,-0.07807319577315378,-0.013356111180174313,0.06746758176241671,-0.10557896316746374,-0.011374648767319256,0.07725482811485605,-0.0978543940711411,-3.2361012997895036e-18,0.02393064259717817,-0.12616247430746952,-0.011292035471427039,0.031164418963802426,-0.14677632402717575,-0.020960421716519625,0.034872056900039,-0.15592620222724032,-0.04785942628058279,0.03692322526634701,-0.0990718914751322,-5.285741506981382e-18,7.247338330597954e-20,-0.13637828164124793,-0.013171439466104395,0.003583665639853982,-0.15707765710622723,-0.03457168603677181,0.0024642614858193875,-0.17550697499486542,-0.05391109932824973,0.007610720817511514,-0.0913280434234307,-0.01018928784784656,-0.016898450070249288,-0.12329354675134353,-0.026137401617650668,-0.01878791255310915,-0.13979336040730406,-0.04389330786617227,-0.01669246440471012,-0.15624690493388027,-0.06311548809072061,-0.011765357131821422,-0.0757628453442196,-0.0209229719783638,-0.03275055574418081,-0.09797780280839236,-0.02689469470682182,-0.035492567997062595,-0.11745465069088733,-0.03683432527614755,-0.03677866096355943,-0.1329990542866267,-0.048389820243502836,-0.032127203347244025
0.0,0.0,0.0,-0.02592167724805235,-0.008613959372076062,0.030024119380745805,-0.050422439163523,-0.013178290980704693,0.052561477108401325,-0.07778135635072743,-0.013101904774713445,0.06744475331361813,-0.10533085617202793,-0.01146339162090159,0.07723940002788676,-0.09724851872671199,-2.265705024296961e-18,0.02392100061888273,-0.125383867303798,-0.011118963615098374,0.03129081563706787,-0.14633724311685173,-0.02105981628307107,0.035422585099160214,-0.1552404670596622,-0.04746012955149517,0.037736123570912196,-0.09872491120889572,-2.698282918580239e-18,1.4370334424637286e-18,-0.13584426748424097,-0.013308630501407806,0.0037051812489806574,-0.1561782658447642,-0.03471568887708894,0.0028040045884592,-0.1746548963842443,-0.05396538129573637,0.008078367328354943,-0.09092367757225912,-0.010138538583381129,-0.0166285746127122,-0.12265216890929245,-0.02646760263111737,-0.018369197708675792,-0.13909496094880996,-0.044027179689005956,-0.01615002296215377,-0.15528509220091072,-0.06316638880154919,-0.01150892790148521,-0.07545395834402203,-0.0207076793000054,-0.03222958726582002,-0.09769357307191207,-0.026705861003555927,-0.035073532050836354,-0.11694714407959139,-0.03682135337024386,-0.036354824032449565,-0.13224812133906153,-0.04818992493088854,-0.031544734656292414
0.0,0.0,0.0,-0.02574030811179787,-0.008844458283750753,0.030038550943749794,-0.050180699997637926,-0.013219559903368712,0.0526599465776151,-0.0777753296517542,-0.012739932271915324,0.06748639769815859,-0.105327413967524,-0.011214157767570229,0.07721607878828328,-0.09703036620881282,-5.919890829788107e-19,0.024041794201981558,-0.12518809399986014,-0.011063112532817158,0.03147552644111449,-0.14630850064423143,-0.02135110801932629,0.035991757112592705,-0.15504531142888212,-0.04738397164699006,0.038606307552145835,-0.09865581221208593,1.6202873736472919e-18,-3.012701105260196e-19,-0.13573071788368266,-0.013477784027967458,0.0037544431000593507,-0.15579911456267737,-0.03502927742306592,0.00316280875895386,-0.17427819448788973,-0.054579411813659516,0.008452704241906145,-0.09066852709375622,-0.010141234997388435,-0.01646262857182474,-0.12236405234342722,-0.026995468380938168,-0.018093522785503486,-0.13872722516178326,-0.04456991929298515,-0.015707369688937604,-0.15459894474699354,-0.06380348314958303,-0.011234709042393562,-0.07526834620584669,-0.020531815701563257,-0.031888782241699117,-0.09761488052467357,-0.026808747691457743,-0.03474911336857595,-0.11667218827116445,-0.03725328873708823,-0.035894593492458486,-0.13168085412985805,-0.048380841666969716,-0.030833513099002695
0.0,0.0,0.0,-0.025434349892298876,-0.008767461642234712,0.030008951712528032,-0.0497960591833397,-0.013127538589007094,0.05275318438105539,-0.07800820066593554,-0.0121316150918921,0.06764428212284872,-0.10580100598900147,-0.010634692405213718,0.07717395655652785,-0.097178532618494,-4.508971053999798e-18,0.024188316461866925,-0.12524486369226717,-0.011190407478252463,0.03155055536776609,-0.14626977809856673,-0.022078425801805586,0.0365452017493609,-0.1546229897371521,-0.04820872991757599,0.0394189092720229,-0.09891670367092426,-3.648617926568428e-18,-1.3336285087952686e-19,-0.1356647429265874,-0.014244648557433483,0.0038385378193982983,-0.1551866668057003,-0.03613390957516697,0.0037063040869491867,-0.17344187165519176,-0.05603763469471057,0.009074113196422186,-0.09066496494733368,-0.010266131822799165,-0.016524993834071654,-0.12202470461882421,-0.028113318477563345,-0.017771864919804446,-0.1380986411405952,-0.04578637458047808,-0.015125272442048454,-0.1534099307690007,-0.06555656209326102,-0.010723056514354961,-0.07512929238305446,-0.020642092040303497,-0.03178168728550841,-0.09750079745361377,-0.02748832235494559,-0.03441639325127769,-0.11632757239277162,-0.03849636655940719,-0.035474409339757464,-0.1310519507210521,-0.049679465467098886,-0.030280990674269148
0.0,0.0,0.0,-0.024987761890093906,-0.00835630702506486,0.030155494097835866,-0.049343867386233475,-0.012817670476601501,0.05301432515975977,-0.07792444497000373,-0.011425029615788215,0.06785423551491773,-0.10595388664367993,-0.01002522519069662,0.07730429518406999,-0.09732349131974129,-3.2950558038331874e-18,0.024469053412880432,-0.1252373093830148,-0.011129484781003092,0.031772410610074305,-0.14600323725066888,-0.021969151709466027,0.03721311007771969,-0.1544854843813794,-0.048146502972184126,0.040309492050546215,-0.09899905880594148,-2.5389693292051637e-18,2.142142085136247e-19,-0.13565480495351456,-0.014687168059257473,0.0041215992118742275,-0.15496510729194288,-0.0366885876570637,0.004599496776743834,-0.17293082103242471,-0.05709499319177864,0.010222788507110546,-0.09083884554325966,-0.010561536437483636,-0.016579365220297754,-0.12213831217823866,-0.02889308894215783,-0.017175318542841184,-0.13795809858925492,-0.046814286688363786,-0.0141492811386614,-0.15291677554482005,-0.0669477051040203,-0.00949843036831829,-0.07527467254118013,-0.020890033941435116,-0.0316966302248024,-0.09772973413253583,-0.0282761922941752,-0.03398996284920351,-0.11636914487895919,-0.03990938525569005,-0.03471629011134098,-0.13077485674228725,-0.05092250366457756,-0.029367258776753422
0.0,0.0,0.0,-0.024560166174532688,-0.00805685907425951,0.030197367742426866,-0.04882710752017731,-0.012516749975694005,0.05320625923180875,-0.0776576909136477,-0.010938390251299987,0.06798593888249417,-0.10577984872656376,-0.00969250736715779,0.07727537425884906,-0.09738811384036708,1.7412105767640947e-18,0.02462775820712207,-0.1251031623825041,-0.01114453817318168,0.03174420693598336,-0.14558157075324718,-0.02208353396987209,0.03745123001071041,-0.1540419697928403,-0.04842916925697567,0.04053248272250712,-0.09901654567472168,1.0351497982450235e-18,-4.929773106673213e-20,-0.1356256116020353,-0.014941043801632536,0.004312648338640267,-0.15476491532799805,-0.03707066961874861,0.005320316709658983,-0.17243281706406102,-0.057886827536110706,0.01115532921449743,-0.09097337727832426,-0.01081308938756836,-0.01666829030964019,-0.122240739507979,-0.029451696078329943,-0.016768316642374097,-0.1378446352604295,-0.047594045514089335,-0.013423441896624528,-0.15243858341881228,-0.0680892396922098,-0.008533208804853592,-0.07539806722958647,-0.021128055963282457,-0.03175163080757386,-0.09791222083793101,-0.028830490452896113,-0.03368922844744561,-0.11649333736633778,-0.04095028305924495,-0.03418753404169119,-0.13067255618866683,-0.05192562729216448,-0.028622694037061202
0.0,0.0,0.0,-0.024311140906773703,-0.008234318133069803,0.03019508284086916,-0.04857321435746571,-0.01242181948220061,0.05333109014145002,-0.07781133090728971,-0.010812503687634095,0.06814691784570891,-0.10606875642466482,-0.009329507284662643,0.07733223638834434,-0.097414225760031,-5.211894768330585e-18,0.024625560446347138,-0.12480613790544401,-0.011549533418473366,0.0316027054326986,-0.14497014400094668,-0.023110993067335318,0.037288969599151046,-0.1526818207115018,-0.04999159105085117,0.040118090463110274,-0.09918080712688297,-7.120709669910151e-18,3.1811147581064426e-19,-0.13582899221247477,-0.015270214412976145,0.0043563013698604686,-0.15466167503850192,-0.03756983911773436,0.005419193048180002,-0.17218252444780596,-0.05824521148030407,0.011296186693245152,-0.09114926111504047,-0.010768134861237053,-0.016875528608476544,-0.1222966382876666,-0.029740461477468304,-0.016825347747829497,-0.13783461845727912,-0.04795331031641047,-0.013382753907870207,-0.15210436424035031,-0.06859158771718298,-0.008400210811880787,-0.07555611766250085,-0.021099938520406765,-0.03190577879425529,-0.09811724877231554,-0.02892667404573501,-0.03386177368385608,-0.1167390679342405,-0.04109751634034015,-0.034295147770956956,-0.1308086964984677,-0.05221277839698054,-0.02856417573278797
0.0,0.0,0.0,-0.023800523046247572,-0.008607704128126451,0.030852224676871466,-0.048019952928541866,-0.012464541841437344,0.05411266522784882,-0.07690438127279225,-0.011615205393239203,0.06892128462525329,-0.10486461500137738,-0.010505665080248765,0.07843778722009673,-0.09738786136732502,4.881069341954288e-18,0.02498135386417689,-0.12331875311780446,-0.013037629698807288,0.031771171446091,-0.14123732648636003,-0.02602271998303558,0.03678092479184489,-0.1452964812064569,-0.05411503185582766,0.03923515599239495,-0.09930315791547675,3.92228790573929e-18,8.586711661863072e-21,-0.1367029969507847,-0.015165303941671315,0.004818559969770107,-0.15545443690445834,-0.03765662591800539,0.006232599660882098,-0.1724360399767064,-0.059174080502562586,0.01260176046076495,-0.09171819574563038,-0.010753033394081263,-0.016987131411385678,-0.12280316163760956,-0.029222668115517634,-0.016505962976446208,-0.1386505713038781,-0.04802172510360758,-0.012577088146102118,-0.15243931522209933,-0.06887388427569899,-0.007132489671073692,-0.07594393571856349,-0.02108398940569954,-0.03206087057614065,-0.09860708849926374,-0.028737014411973873,-0.03396862203903301,-0.11765431025676824,-0.04099375870108149,-0.03400439382409316,-0.1316531728120186,-0.05317160658278754,-0.028082092860705114
0.0,0.0,0.0,-0.02301135858618399,-0.008297538232675351,0.030943667386789078,-0.047827894324633774,-0.012397160640630869,0.053899463530300964,-0.07577375190011848,-0.012874135891291707,0.06921978913969012,-0.10352826868581204,-0.013209889431335083,0.0783782038732511,-0.09679191430455096,5.85542981084816e-19,0.02528382043202392,-0.11927980385236503,-0.016196663542474177,0.030895339145560637,-0.1301432271581339,-0.028203478920655282,0.03422555554045453,-0.1263692496133838,-0.05269842254237121,0.035322132387212275,-0.09799351190780273,3.620165070906915e-18,1.0596392066297574e-19,-0.13618333108868544,-0.014324607055722256,0.004547377924359447,-0.15655309508824913,-0.034982641352972084,0.0055733522992061,-0.1745667632643216,-0.05623199999830539,0.011407343539576035,-0.09140173010076565,-0.01078433160150633,-0.017260295562313226,-0.12312626685079375,-0.026326124750621367,-0.017036092536199164,-0.1406968995669137,-0.043717011328233614,-0.013102913759116049,-0.1566760677373787,-0.06326640283948118,-0.00788405280353727,-0.07549371316324134,-0.020893069180703303,-0.032152216951900146,-0.09857445365159365,-0.027936748458236526,-0.03426777402579533,-0.11900142021684923,-0.039455001029703486,-0.03450615456938861,-0.13289244050171928,-0.05212941545281758,-0.029566987208512866
0.0,0.0,0.0,-0.022371239950154227,-0.008227254324444055,0.030917825598029497,-0.047584767091388556,-0.012367981630131163,0.053843747505721455,-0.07497110873155197,-0.013546242638057697,0.06944433567213079,-0.10258297679289746,-0.014776090739518313,0.07842095600434144,-0.09636624434765417,1.4333746514850557e-18,0.02542902701355596,-0.11655449349564714,-0.018501324396747364,0.030151572514337466,-0.122678519741516,-0.030101647381115225,0.03226518538493066,-0.11310630610129647,-0.05230377813884946,0.03232029378433077,-0.09718282953208536,2.522395628399813e-18,1.883189551249266e-20,-0.13580945404235173,-0.013937788732001239,0.004367156459289113,-0.15706631789447986,-0.033507280877553385,0.0053044455694888845,-0.1756699126589629,-0.05462293897759267,0.01067780421808728,-0.0911993363299983,-0.010691240131815018,-0.017466901066831714,-0.12326402484549397,-0.024359115412917652,-0.017305841132074003,-0.14196566881986786,-0.040956870245467916,-0.013243031073021242,-0.15928466366047322,-0.05957853501520483,-0.008157705562178555,-0.07522983844196889,-0.020619233425857298,-0.03220048612431853,-0.09862253108238246,-0.02720446465853324,-0.034489423500550724,-0.1198826239615538,-0.038177062711990194,-0.03481629985234708,-0.1337276154942204,-0.05125692694849022,-0.030477445501757162
0.0,0.0,0.0,-0.021280952404022144,-0.007964225846286182,0.031115933087623508,-0.04722259106586428,-0.01219591396655324,0.05400440933788741,-0.07407972487856875,-0.01420740733313842,0.069922531435343,-0.10245882360834631,-0.014950513953061963,0.07823416814099814,-0.09550936317602152,-2.7702757762708682e-18,0.025963440390155586,-0.11150507842896677,-0.0221243106923668,0.030353553108597154,-0.11159531944966183,-0.03301998109561206,0.030441501210575084,-0.09546213708347555,-0.04953428323305907,0.028408590829225266,-0.09653191907976243,-1.836077617134634e-18,-1.0645496373052674e-19,-0.13536501543217896,-0.013744275306048836,0.004535451383010939,-0.1575018621692987,-0.031372180124779575,0.005348326892889745,-0.17815890780621524,-0.05154171775176772,0.010222303641297028,-0.09142425023787183,-0.010623410242743308,-0.017655384769747783,-0.12365073674838656,-0.022189586987346847,-0.017242813850187562,-0.1435337644684651,-0.036738876936115515,-0.013167511437485752,-0.16341819824174608,-0.0528971310191595,-0.008700119894632112,-0.0750919848317041,-0.020591694848907223,-0.03240061607383088,-0.09876147654850392,-0.026275078050328703,-0.03457222441783977,-0.1210261981704405,-0.03596864647611187,-0.034760611656137315,-0.1350933027412182,-0.0485543495141773,-0.030563459918566925
0.0,0.0,0.0,-0.020110769509454788,-0.007941899864237293,0.031356908808987574,-0.04633007429865204,-0.011400129298243748,0.05385309732920064,-0.07257025152987288,-0.013508489686228978,0.07020146830717797,-0.1015875579615898,-0.01371706631308879,0.07869390653069183,-0.09419959540762572,-3.548317772619265e-18,0.026028238362770892,-0.10541316679225124,-0.024341276113961138,0.03044969914475934,-0.10074891174344143,-0.033955361227079144,0.02963033774089449,-0.07997303072183962,-0.04549225118336917,0.025628165478637898,-0.09567895384679703,-3.667993662846667e-18,-3.510714756680183e-20,-0.13431912947441374,-0.013752546902183712,0.0050805379065640525,-0.15639885127670958,-0.030309321328013804,0.006300134830254173,-0.17811020156694235,-0.04987618228245063,0.01108606187566629,-0.09136513524191565,-0.010601374260773795,-0.01782676687282112,-0.12325528836308154,-0.02088627685393948,-0.01691122006442323,-0.1437560866561902,-0.033486083902637485,-0.01239882881709727,-0.16512768201434422,-0.04767858840953079,-0.008407625824387588,-0.07497272763524651,-0.0206725187981538,-0.03224275886847245,-0.09880758207277364,-0.025821085700707316,-0.034004774947809624,-0.12157997670873413,-0.03413759198297096,-0.03397435416131885,-0.1351396762794848,-0.046746041443610595,-0.029369182874831118
0.0,0.0,0.0,-0.01902033907991014,-0.007634732775603625,0.031130380300012517,-0.045707555175293825,-0.011248936797396162,0.05343700955042633,-0.07180808952405504,-0.012895223386264356,0.07030955842952148,-0.10156355429811031,-0.012966795631956057,0.07872852744337562,-0.09406294208190298,6.960199728701362e-19,0.025999392216753243,-0.09954165459376167,-0.026013348470210664,0.029691611697462858,-0.09096145045938892,-0.03396696443712622,0.02786259196323644,-0.06686458597495837,-0.03967478660651123,0.021814339616549445,-0.09581402337852281,-6.638120665559221e-19,-1.8644142120463646e-19,-0.1332413999152589,-0.01572868078969708,0.005065312703133115,-0.15448324121563634,-0.03195462811563301,0.005909448578245173,-0.17613653085553793,-0.051474705628882775,0.009467485486672884,-0.09143605233789762,-0.010823981380555995,-0.0181210113017922,-0.12265882368876597,-0.020978546515408227,-0.017031936816991982,-0.1434040835264499,-0.031990502209705354,-0.012576172959950848,-0.1656671723784414,-0.044937459820837834,-0.009500509371837594,-0.07434434497091785,-0.021048358235306368,-0.032547687718905705,-0.09794819360104234,-0.026128481281845212,-0.03419473226228401,-0.12106168085715509,-0.033247654163992314,-0.03429182975788615,-0.13403264467685924,-0.04573711932626593,-0.029832428294784996
0.0,0.0,0.0,-0.018504280782741883,-0.007339905526145521,0.031027624999950376,-0.045718405465607015,-0.011254591760877439,0.0531857303065979,-0.07200323393875406,-0.012593025471374855,0.07035003526937529,-0.10247614625851653,-0.012780053594618857,0.07882595569493143,-0.09482686693626571,-1.3325644940065535e-18,0.026018758147467732,-0.09589346373647309,-0.026964194966626866,0.029118309781523986,-0.0848829067919945,-0.033273671817268584,0.026547203346824918,-0.059417393322594714,-0.03438517246633548,0.019274546837273237,-0.09666146356010683,-2.094692843334465e-18,-9.001938436980391e-20,-0.1330541902152425,-0.017436897249145707,0.004901317018206164,-0.15358832679665146,-0.03390776548824176,0.005262249556008401,-0.17499857728382553,-0.053849747535374685,0.008090284246276763,-0.09194944206296457,-0.011120192107082453,-0.018322621328587186,-0.12288987558570771,-0.02137252484022885,-0.01723536696667057,-0.1437725917445851,-0.031778395110982495,-0.012955489517954144,-0.166536637639086,-0.04455933497271712,-0.010283967284166062,-0.07406921870467162,-0.021443787847581244,-0.03275351934063718,-0.09761705856676679,-0.026542865918081023,-0.03449661804464478,-0.12113057020876994,-0.03319557516550848,-0.03469102210341323,-0.13358770393286587,-0.04578472224932048,-0.030365385120449305
0.0,0.0,0.0,-0.01828301010088003,-0.006812365826461149,0.030795267487461885,-0.04593202593881951,-0.011085126448073836,0.052935514713977526,-0.07236368721301069,-0.012305211180542452,0.07037465089025184,-0.10325060023520338,-0.012666848471952185,0.07868926968354677,-0.09508223684352873,1.5835397689001414e-17,0.02605991217059392,-0.0937312398021904,-0.027246791906103508,0.028718498896747324,-0.08141525263316153,-0.03248391764032542,0.025473191497311212,-0.055820689447392643,-0.03077383368535298,0.017461468571067344,-0.0968263360354082,1.2407341884262158e-17,1.3013583563043908e-19,-0.13267799310790765,-0.01824602876677299,0.004651752855001538,-0.152940330485086,-0.0345839555186161,0.004743136614524256,-0.17426727212431858,-0.054544978871213366,0.007022966768639078,-0.09203316930436128,-0.011135776252964184,-0.01839351062717984,-0.12287250785936929,-0.021354715151673746,-0.017376108933652462,-0.143986851170157,-0.03109309029703105,-0.013171573060811953,-0.16736944922284683,-0.043448384155752466,-0.010734673272574066,-0.07372666167228413,-0.02130223420671768,-0.032994033086099744,-0.09734567933845295,-0.026261269214918,-0.03468728939980538,-0.12137418706726126,-0.03248221537950852,-0.03494712413780584,-0.13398413048146976,-0.044666176047117714,-0.030849349294491853
0.0,0.0,0.0,-0.018148399035203374,-0.006363400597880063,0.030654196195604364,-0.04611387104449457,-0.01099842653067695,0.05281516821230425,-0.07267695136740696,-0.012294532024683709,0.07044138748757868,-0.10390864354962563,-0.012965041978215533,0.07855754835900142,-0.09535489678499441,-1.5928510401292172e-17,0.0261322882266769,-0.09239596402671019,-0.027515149407092206,0.0283962194236962,-0.0790722061512301,-0.03193749459695848,0.024653007449097403,-0.05360569716617428,-0.028267544462231505,0.016213194912690992,-0.09700941425758387,-2.008713256178611e-17,1.7950084780045592e-19,-0.1324525035796792,-0.018906101376441737,0.004353535488309446,-0.1525173642312113,-0.03531687693782426,0.004251045132735331,-0.17366775724483738,-0.05566844211552147,0.006093673928301642,-0.09209964158614348,-0.011142810719081025,-0.01849018302838403,-0.1230162472460204,-0.02142654636470124,-0.017558970760976043,-0.14422633768614657,-0.031022028814314834,-0.013443308983693539,-0.16799533285153298,-0.04343144013293041,-0.011097232449942202,-0.07350294143233525,-0.021105892966947377,-0.03321959105701106,-0.09717861033682051,-0.02602175396432756,-0.03488128574311997,-0.12147673684691374,-0.03222473238416459,-0.03526777389923115,-0.13425129488640256,-0.04425127590434074,-0.03137421177358261
0.0,0.0,0.0,-0.017885496758795263,-0.006401759398472258,0.030657960703528962,-0.04596782215190087,-0.011033222100968833,0.05295383308621512,-0.07255091844163644,-0.012148589080533019,0.07054245698596306,-0.10394386337673987,-0.012883548940760681,0.07881083222344784,-0.09550412417015883,-5.808704746300516e-18,0.026148570538910232,-0.0917684810436795,-0.02748606349704823,0.02826027958567561,-0.07845846672971685,-0.031678092980283123,0.024418323504591534,-0.05288351529954308,-0.027212810038091333,0.01589480336498073,-0.0974722763155193,-5.68385831098615e-18,-2.0735144928297216e-20,-0.13268952093120956,-0.01915410579476462,0.004410534926298803,-0.15247699596766642,-0.03590409916567197,0.0043111190420894695,-0.17342389041901102,-0.056568258817020024,0.0061901786712720355,-0.0925281797147141,-0.011173694250542382,-0.01843819560939686,-0.12362283363272981,-0.021551145286714594,-0.017386001799175647,-0.1447307232749055,-0.03132649765551315,-0.013084271516369315,-0.16861052604845858,-0.04401442310441479,-0.010825716619339244,-0.07386092742760364,-0.021166593476465725,-0.03312270688043852,-0.09757556937092474,-0.026203445976599377,-0.03476860497016371,-0.12189177835090215,-0.03255672137394146,-0.03504054349061681,-0.13437309817514956,-0.04488204036188175,-0.03125766195949227
0.0,0.0,0.0,-0.01764051482862614,-0.006646351152001943,0.03058045664514636,-0.04558985048995219,-0.011254911159040221,0.053159517684803245,-0.07182171015666751,-0.012470827234985405,0.0706736376474426,-0.1028446727546173,-0.01339878590537074,0.07920568177310523,-0.09483791849613422,9.660822014047348e-18,0.026108483075221987,-0.09170743841468597,-0.02761959650405609,0.028160655709417524,-0.07883034486871206,-0.032415260256345876,0.02437035214954919,-0.0532847979667551,-0.02919546718668157,0.01597655649421622,-0.09709440706991905,9.879888615216116e-18,2.159027308786621e-19,-0.13241309505024007,-0.01879211749022125,0.004452748345908786,-0.15225966436154653,-0.035812276410500984,0.004387508927774591,-0.1731986902010755,-0.056648025525331165,0.006431425001684378,-0.09245472091182538,-0.010980154181095006,-0.018379864350197044,-0.12361554339966765,-0.02128419898677542,-0.01722570323853795,-0.14476096546855438,-0.03134640713094261,-0.012748430296808987,-0.16870141241675837,-0.04428901618789683,-0.010406462438122394,-0.07412901909706122,-0.020983326949567067,-0.03295224051681371,-0.09767615541737835,-0.02597331479196153,-0.034510481154738655,-0.12200554318317314,-0.03249889325209599,-0.03466886102077735,-0.13456204994372747,-0.045316427503860335,-0.030942766111746546
0.0,0.0,0.0,-0.01754225824717478,-0.0069599648205688515,0.030526801596090468,-0.04542270316298622,-0.011557001935875564,0.05320113880628869,-0.07136036253512551,-0.013003579294020238,0.07062358220276083,-0.10205034057541194,-0.014108323369263476,0.0793254406542084,-0.0940404982045253,-4.95817032665432e-18,0.02605571909955892,-0.09285288828287885,-0.028071310098603853,0.028030596212374297,-0.08090932942226897,-0.03398916973773847,0.024558178991141367,-0.05581951730991789,-0.03278348822566657,0.01679185035793436,-0.09652472737789784,-9.356675056180062e-18,-2.024962245377376e-19,-0.13226917597498103,-0.017898486334819722,0.004365280312041378,-0.15256613327206817,-0.035014302438833717,0.004397541364873331,-0.17404762070201873,-0.0552074158244954,0.006682789953905228,-0.092327529571404,-0.010759256547760316,-0.018345635232841082,-0.12355994263783061,-0.0207371803060773,-0.017267787835264444,-0.14479158520635202,-0.03106318330231849,-0.012701374714682273,-0.16905061195228224,-0.04378246382163105,-0.010111446693678638,-0.07450780507971513,-0.020701759646802747,-0.03288749696928902,-0.09794006685161517,-0.02572039444056271,-0.03450271495226638,-0.12221332362680529,-0.0323600008337145,-0.034490418157834234,-0.13531529125191513,-0.04524755433415327,-0.030652426460593987
0.0,0.0,0.0,-0.018561955100552925,-0.007457716171448923,0.030895242735249313,-0.04607425606240159,-0.012200702322896379,0.053397839357165716,-0.07189854667991928,-0.014140989846600685,0.07061481946507538,-0.10195431832530259,-0.01535097688340896,0.07949201991268866,-0.09461797621815707,5.8932473804348296e-18,0.026093563754264245,-0.09631180066644968,-0.02829953547393098,0.02826921470677573,-0.08560208178324531,-0.03556635691608024,0.025217289987197255,-0.061402810560337404,-0.03796748073854178,0.01848621321736981,-0.09670506198054848,4.939118768747361e-18,-4.4394637094156977e-20,-0.13330395585204494,-0.017184226682790914,0.0043028605014965885,-0.15416329770327622,-0.03440659915795171,0.004402811170312866,-0.17575434593410288,-0.05432433011511496,0.0072022565429571035,-0.09242553936343628,-0.010693284819553337,-0.018528654048927947,-0.12418390541097912,-0.0203608685628115,-0.017748064139342573,-0.14523791011273327,-0.03133659440894212,-0.013384572293797855,-0.16918869029229514,-0.044763037923223684,-0.009978657010176443,-0.07487359535051138,-0.020507577248977615,-0.03305631010401566,-0.09855141824722272,-0.025811507266332658,-0.03503254594490189,-0.12274290293121914,-0.033060369528104684,-0.0349338690774018,-0.135903334221902,-0.04638427958795614,-0.03119382162182044
0.0,0.0,0.0,-0.02018409740359768,-0.007294865883289246,0.030716338510774904,-0.04731416715206423,-0.011556844494463418,0.05328915860444139,-0.07383566196953245,-0.012587180839760882,0.07032553032093043,-0.1025616692612389,-0.01345990393113688,0.07949737518211245,-0.09534115216027388,5.8091189988374464e-18,0.02572514228231251,-0.10355564419696564,-0.02492661272744824,0.027797023372327794,-0.09959046320486908,-0.034292189018232985,0.02585934576834607,-0.08114538950988147,-0.04428069462528216,0.020876048878277716,-0.09681970547258253,5.186693852146765e-18,2.874208242383624e-19,-0.13375824128932726,-0.016764576354337826,0.0038829809995016337,-0.1545378610766562,-0.034816694795858145,0.003314413144430593,-0.17522082201260397,-0.05492383921082306,0.006738405687800942,-0.09196450206925812,-0.010696918195788122,-0.018031813169835403,-0.1234547132435611,-0.0211699222352364,-0.01801791857523297,-0.1438883162261206,-0.03370311582826796,-0.014429519954711329,-0.16571125135936993,-0.04820565490671942,-0.01101230141189343,-0.07475370089337129,-0.02061790013077191,-0.03306219195441795,-0.09784300741811315,-0.025851437473625154,-0.03534943105273665,-0.12090122902324484,-0.033932710728186474,-0.03527464050909374,-0.1347165666829546,-0.04730601116531006,-0.031896317573586866
0.0,0.0,0.0,-0.021315055556871087,-0.007134094997103967,0.030541535050537263,-0.048136431498800494,-0.011099338514283649,0.05316690693990582,-0.07511359302107054,-0.01145391100520876,0.07008105889433378,-0.10287569267551594,-0.012135895272937918,0.07956060055499807,-0.09588769599503046,6.858483277174546e-18,0.02542364563306682,-0.10863513565663363,-0.022308608290078843,0.0273225002058423,-0.10961189628633182,-0.03297661394984138,0.026064914214709713,-0.09574072674896064,-0.048186743051986926,0.022219928739454088,-0.09697937125635721,1.083505679110057e-17,-8.196894853887151e-20,-0.13414812957696404,-0.016409875367817794,0.003604898389000979,-0.15493241994253493,-0.03508150853380447,0.0025803505258186997,-0.1750160402314596,-0.05537856463315179,0.006499145058869368,-0.09174651295003432,-0.010719109931999943,-0.01766005628350051,-0.12310905818977448,-0.021761934716011944,-0.01817912283241671,-0.14314643751947181,-0.035447246363999235,-0.01511679632363976,-0.163523463220386,-0.0508680856289981,-0.011612545082968113,-0.074772964280238,-0.020712141044396053,-0.03307177628243568,-0.09745409215223987,-0.025908509482451755,-0.035524143158796664,-0.1197511477435954,-0.03463989400692678,-0.035458118053216275,-0.13408853455986813,-0.04806404834247836,-0.03233398876913965
0.0,0.0,0.0,-0.022803600235601844,-0.007105242501467635,0.030035159343961917,-0.04869746355570156,-0.0111333883365641,0.052533746804788645,-0.07580356285243124,-0.01165749116174452,0.06909426290576053,-0.10306886496124097,-0.011342539048761202,0.07860285070643172,-0.09587804102954552,1.0961410574516888e-17,0.024790016898436677,-0.11383477234930577,-0.019311550018230875,0.027895761090097136,-0.1212692767582945,-0.03029390562297536,0.027768128919382958,-0.1156880311649841,-0.050412030880812586,0.02498794817482364,-0.09688343479025292,1.24008401710967e-17,-4.0488084764031197e-20,-0.13397217367262268,-0.01550608669091732,0.0035190129805200703,-0.1548724923351757,-0.03441129878602493,0.0020910508961022377,-0.17451682047870354,-0.054187721697741505,0.006236310175786789,-0.09120566582702876,-0.010474566210721969,-0.017482006550714038,-0.12250626290386858,-0.022368678354560412,-0.018509469015101365,-0.14188127001729559,-0.03716098325515927,-0.016183788352225382,-0.16126776953735678,-0.05311149806186672,-0.012251364718149553,-0.0747400688869757,-0.02060786232647018,-0.03303645013359628,-0.09721094138502098,-0.02570559885125319,-0.03566999343243549,-0.11891860569886784,-0.03439092170815962,-0.03614683947780881,-0.1339261475279429,-0.047057032629050456,-0.032633634443870685
0.0,0.0,0.0,-0.023931808775262554,-0.007478692062613492,0.02995539859483672,-0.04922267240839443,-0.011605145375777018,0.05213610714684097,-0.07634839731698427,-0.01205587143961187,0.06824713895552831,-0.10355031121904748,-0.011154974250463467,0.07781359560956433,-0.09614780661002664,2.8565786532619054e-18,0.024303227718837934,-0.1173324245751905,-0.016947285195532433,0.02871794407253299,-0.12934759660164025,-0.02777170472768351,0.02977632244248624,-0.12962305437716323,-0.05048061324731737,0.028425286625074254,-0.09708132876339927,1.9736077444964585e-18,2.042132883594001e-20,-0.13410281124958906,-0.014842990325106506,0.003253581136122113,-0.1550188665043205,-0.034245680007177356,0.0015414385528263906,-0.17451921602356352,-0.05332767038920844,0.005729718540334057,-0.09087406167292811,-0.010277254324424357,-0.017425585462181595,-0.12209995202621897,-0.023226790341507163,-0.019056320164764547,-0.14075747873124098,-0.038824356671281667,-0.0172628011029375,-0.15926575005568808,-0.05536249564697936,-0.013218073355010287,-0.07466506885576088,-0.020437476660553566,-0.033014591292885226,-0.09679981190741176,-0.02567443999100363,-0.035841701404161784,-0.1180665311694456,-0.03449924418019667,-0.03678063340623336,-0.1332357252567185,-0.0463875745297597,-0.032968435312595176
0.0,0.0,0.0,-0.024490839392366633,-0.007713931224044001,0.02950914813341609,-0.04963441630780646,-0.012013982266175434,0.05169742147477489,-0.07671743596612297,-0.01217135889072683,0.06743197693708657,-0.1038990441556507,-0.0116622497749408,0.07723601452577686,-0.09567018685496471,-2.6033406794283058e-18,0.023829191523364372,-0.11861592296958154,-0.014957554848091819,0.02926294614651453,-0.13381920607206407,-0.025588574707873686,0.03148866468324903,-0.13760852356960757,-0.049118624716887556,0.03125320874538238,-0.09680811599852913,-3.878326231763303e-18,6.284997964554603e-19,-0.13355112602863886,-0.014124589626530425,0.003255909306067974,-0.15423483437394672,-0.03375523665165639,0.001412256150449935,-0.17404769036601947,-0.052372410654070146,0.005707229759288513,-0.09023542742847308,-0.010137058412733796,-0.016999089832415885,-0.1213545636224514,-0.023744997787383915,-0.01902423858107232,-0.13972061859988377,-0.03924820615238578,-0.017589620119834896,-0.15775527783806262,-0.056012790125793514,-0.013899528186278572,-0.07447583279518148,-0.020246202618539367,-0.0324825246462778,-0.09648632480336321,-0.025360414230075932,-0.035514923937790696,-0.11713543459619967,-0.03438433176813464,-0.03686624893070677,-0.13238980797894595,-0.045668673359871764,-0.03286936570772586
0.0,0.0,0.0,-0.02509566719089048,-0.007957513681522832,0.02955768454703914,-0.05003497262875804,-0.012140801941316658,0.05156976146140298,-0.0772450935122254,-0.012457421622584721,0.06701044152911405,-0.10425962175219981,-0.011629833984383723,0.07696425117986984,-0.09586121556225066,2.5619780597675325e-18,0.02353096299901146,-0.12016793575302444,-0.013855366974165898,0.029815448146608945,-0.13721388024781098,-0.02437787315448044,0.032657849499307036,-0.14279962820640324,-0.04929611715405101,0.03297926143015889,-0.09703496282822471,7.230929939664488e-19,6.0927816264901455e-21,-0.13372583454402126,-0.013835540335457369,0.0032579229994074907,-0.1542739974395473,-0.03423566969137592,0.001503614478742737,-0.17390191351878845,-0.05276069475297375,0.00593201581451869,-0.09008266757586955,-0.010204319507742365,-0.016822897338344207,-0.12145870804946059,-0.02443896426210885,-0.019116415869401084,-0.13907649784464854,-0.040373581249227686,-0.017765482680294084,-0.1566656810477249,-0.05785752968825142,-0.01412747864412836,-0.07454453844054666,-0.02063019932387303,-0.03244916436391548,-0.09641535162427108,-0.025794298329074664,-0.0354452720212679,-0.11668521884951853,-0.03517302204687862,-0.03686712086233084,-0.13197794286289988,-0.04623511983888334,-0.03261203935076332
0.0,0.0,0.0,-0.025569420385180373,-0.00811151098978399,0.029653009666652,-0.050435913561390544,-0.01218531019253615,0.05151769387690533,-0.07784109819552142,-0.012493577432276371,0.06675664244391324,-0.10490968496233065,-0.011186172296803708,0.07688226805423895,-0.09618949622308912,2.241874125179247e-19,0.023397198401541322,-0.1215376052334639,-0.013061212199372564,0.030227796794890304,-0.13979992493815532,-0.023466223503651625,0.03344185450393939,-0.1466180019562919,-0.049088731408404196,0.034256762407456814,-0.09733930912324722,5.647956063369372e-19,-5.1794946458289564e-20,-0.1340240742922544,-0.013696347540826733,0.0032716621359891096,-0.15455736645369603,-0.034513816804730466,0.0015264345550404987,-0.17405065960885371,-0.052961671372876044,0.005976128493921098,-0.09012579428977004,-0.010212450689255857,-0.01674214974712312,-0.12165126819656427,-0.024967399138603477,-0.01919765112061898,-0.13877396700672184,-0.04116885577875734,-0.017936265063246398,-0.1560624499370408,-0.05910820759695189,-0.014355709544515028,-0.07467898899929887,-0.02083832722254685,-0.032468395266261996,-0.0964781530721268,-0.02613762501042271,-0.03550287784540181,-0.11649037472265326,-0.03567467785645481,-0.0370115179414632,-0.1317647339627607,-0.046419610850106215,-0.03263393985147579
0.0,0.0,0.0,-0.025868861494613524,-0.008215535342919373,0.029653034003288243,-0.05070389876230608,-0.012191479164057502,0.05142461940730065,-0.07819082090750396,-0.012439143633217001,0.0665504311515417,-0.10529894239247478,-0.010818466266089854,0.07679149212078092,-0.09629392406314355,4.416421393531625e-19,0.023280100830205902,-0.12230916004130658,-0.012428106243237879,0.030476612930545734,-0.1414017501145764,-0.02274747805970357,0.0339300529860919,-0.1489563047323373,-0.04881701502811171,0.03507363783609329,-0.09745146306478582,1.6282663405356182e-19,4.585471017123547e-19,-0.13408378122230433,-0.013535745831296523,0.0032375412968886474,-0.15459893422666662,-0.034635516712511985,0.001441437775852452,-0.1740450763999152,-0.052987259265494274,0.005893773662101021,-0.09006740098234206,-0.0101996956432482,-0.016634177263055595,-0.1216454820634096,-0.02523088620576138,-0.019223450247789674,-0.13843473805989118,-0.041560293828250654,-0.018067021958700826,-0.15554110592799383,-0.05979877993100477,-0.014570661712881676,-0.07469656612072029,-0.020914328029023398,-0.03239720282138037,-0.09638085416920661,-0.026274583445398375,-0.03550717381735596,-0.11621273321427517,-0.035866912616173564,-0.037084870898400214,-0.13150176846993172,-0.04636735671180396,-0.032667213601114194
0.0,0.0,0.0,-0.025651063890168725,-0.008370733718712374,0.02947887717848837,-0.05028076001328164,-0.012384255673616834,0.051622744578445776,-0.07775372661694312,-0.012579031987876315,0.06650071726496787,-0.10487663480140344,-0.011209532692945062,0.07681587517618475,-0.09587856968512369,-1.024608057759028e-18,0.023227985865665258,-0.12218739027363237,-0.011933659196610187,0.030754996204137536,-0.14195077335112616,-0.022199289014526596,0.03466137061594672,-0.14983705872859018,-0.04826400384465108,0.03621699293471828,-0.09722096566236604,-1.6458943789687863e-19,-1.2212077548732604e-20,-0.13377651198329052,-0.013489859087198196,0.003425216893669831,-0.15407045262125738,-0.03471058214351585,0.0017967878840144326,-0.17343009438636786,-0.05307651496502029,0.006434848943280399,-0.08983568475311042,-0.010255318080338017,-0.01643975763140924,-0.12126756840280208,-0.0256071784746026,-0.018860231864408543,-0.13791820410652664,-0.041953807144462535,-0.017514852232304094,-0.15470544337845477,-0.06020452420988156,-0.014025168427003614,-0.07459738232098326,-0.02089019141643547,-0.03194020558306226,-0.09626537768289971,-0.026217841415704293,-0.03515118630337798,-0.11596174662147082,-0.035937008670078825,-0.03675464219555971,-0.13125277150834283,-0.04630138759984918,-0.03215244164311434
0.0,0.0,0.0,-0.02566483124624786,-0.008583650256034461,0.0293256533320997,-0.05024848872626676,-0.01262095038257294,0.051634020841069085,-0.07782742316118178,-0.012477737527127504,0.06646120243958165,-0.10512587808597906,-0.011226175420217479,0.07673657253866925,-0.09572333436069855,-1.5633552841523628e-18,0.023192824692321708,-0.12220505878943175,-0.011665088110949412,0.030816555975104857,-0.1424542122480677,-0.02200405387319697,0.03512345869413639,-0.15054094665623727,-0.04766773453622922,0.03699952033195975,-0.09725658190571711,-3.1383400316544553e-18,-8.458734409798692e-20,-0.13369765174242582,-0.013544345506287725,0.0034727967441933946,-0.1536671710898011,-0.034714435527895236,0.0018554416506009488,-0.1729964600127054,-0.05307976402139978,0.006515244443237751,-0.08978493544348386,-0.010171576658179337,-0.016266523514763237,-0.12099662589873023,-0.025870900018594177,-0.018694386096741334,-0.13767222453805442,-0.04218816372365963,-0.017351712347531086,-0.15419520838882117,-0.060296909397491334,-0.013991851721548688,-0.0746062753895059,-0.020619463908579685,-0.03158805867186475,-0.09623617278367114,-0.02596058064775571,-0.03501373218050252,-0.11574618356419555,-0.03566641735832805,-0.036584225290586865,-0.13103500018187933,-0.045966670128469764,-0.03189460901662288
0.0,0.0,0.0,-0.025574460966327678,-0.008608069144950457,0.029255536915767863,-0.05018209808871242,-0.01262269767491825,0.051717120408696055,-0.07779357806358955,-0.012423766957943653,0.06648824701884444,-0.1051801883940364,-0.011177238757686652,0.07684001270194543,-0.09566033700787765,3.5801493489296e-18,0.023219838014265966,-0.12232097623517012,-0.011385553451394614,0.030875624470000536,-0.14287489154583738,-0.021704373846472075,0.03528964502315147,-0.15110999921728446,-0.0474243012983116,0.03733111711595535,-0.0972563169939666,4.201629351543613e-18,6.898799905832505e-19,-0.1336863968071221,-0.013460184252585201,0.003512588260059906,-0.15359481890627996,-0.034557446287733606,0.0018113998816307738,-0.17297418551299887,-0.052833011666127604,0.00648982265398619,-0.08977008109441288,-0.01019276301198204,-0.016190967773859796,-0.12087974656512289,-0.02598496787663934,-0.018610258045273165,-0.13753552855047116,-0.042243734425431466,-0.017295696739949063,-0.1539103789211268,-0.06030633872563108,-0.013988317463617282,-0.07460523007646662,-0.02060136586375841,-0.03143640162382846,-0.096193223044296,-0.025966103111922843,-0.034912603993871937,-0.11557384894553409,-0.03565184653915132,-0.03649749022353111,-0.13079116629265092,-0.045917076350057096,-0.03178229322437493
0.0,0.0,0.0,-0.025878952854299496,-0.008607459623727698,0.029608452312269606,-0.05050817710228525,-0.012516691135406401,0.05180274964915087,-0.07826795913316403,-0.012459921455176003,0.06656423527754132,-0.10558790215492042,-0.01074750271270723,0.07697549933667017,-0.09616494207910024,6.6479707957242805e-19,0.023298789927100258,-0.12312002174539477,-0.01126078024329509,0.031079650549263316,-0.14371899738622004,-0.021515736052563857,0.03536985000723394,-0.1520370740728306,-0.047754988017989816,0.037428742146215666,-0.09765867332354103,6.137882294226374e-19,3.2760052490913977e-19,-0.13417086835455708,-0.01346454620250097,0.003423207471547212,-0.15417430890849923,-0.03487198782921695,0.00167522625758959,-0.1734661030625597,-0.053195871397300365,0.006400353254495418,-0.09006139509728892,-0.010244900506475696,-0.016281605025320778,-0.12133828943559148,-0.02614557693892178,-0.018822662246796615,-0.13773275353091322,-0.04259913341085198,-0.017543196428025706,-0.15406230707396665,-0.06105358246042839,-0.014106473615586961,-0.07481167097985955,-0.02086287789806193,-0.03175934932773137,-0.0963707050242431,-0.02624957775452715,-0.03516710889250963,-0.11579878827108128,-0.035975806805862556,-0.03667903817622524,-0.13104289585393464,-0.046296471460385215,-0.03191051347032704
0.0,0.0,0.0,-0.0261149267647446,-0.00865789403523949,0.029613067779121205,-0.05082270934445756,-0.012577032414472365,0.051730161083568364,-0.0786038577382634,-0.012252962334593508,0.06667162971105263,-0.10615450213050877,-0.010310904283020138,0.07703951209737656,-0.09636342372923601,-1.9832668033817997e-18,0.023417419892132297,-0.12343094581542383,-0.011337238383195338,0.03113039237008025,-0.14392541383681526,-0.021527783454804307,0.03544246799756639,-0.15256127653139667,-0.04771063995247193,0.037619347783981044,-0.09784497983323891,-3.354721493138403e-18,8.173175102718902e-19,-0.1344073233795718,-0.013673818699204175,0.003511134722381823,-0.1542793067236262,-0.034817920581453235,0.0014960801849970848,-0.1736505548331314,-0.052994178897045614,0.0060169001470595715,-0.09032104119758479,-0.010253895686741525,-0.016140695041010723,-0.12123145027643516,-0.026157493657150883,-0.018687949598107177,-0.1380645922636365,-0.04270385823571928,-0.01767620706142572,-0.15426799281943068,-0.06054585790123007,-0.014268642141213567,-0.07494022814550101,-0.020711355140120655,-0.0314835368192165,-0.09638791525499267,-0.026226520780146922,-0.035090922133110124,-0.11573347142172774,-0.03585074136071846,-0.03655894672580998,-0.13078970016090324,-0.04614336891288065,-0.031872525631498734
0.0,0.0,0.0,-0.026195030756954913,-0.008645072596723659,0.029836582510166167,-0.05107352630758902,-0.01267814250768367,0.05196777540654802,-0.07903340964811421,-0.012161889423761747,0.06705554991325331,-0.10679401010260199,-0.010039565180694729,0.07725021996000621,-0.09686122082734731,-1.2901966131964676e-18,0.02370119984805329,-0.12400559769040743,-0.011534763017350371,0.03142984263375586,-0.14417993217867797,-0.021737774121015678,0.03601593564451437,-0.15293742070721197,-0.048039182880234205,0.03858075852282395,-0.09834559502595511,-4.674251105377196e-19,-3.8287944787827874e-19,-0.13504605213881446,-0.014083941732381484,0.0038661062377469356,-0.15462026756147645,-0.035396547116156266,0.0019232078086835413,-0.17376590262966157,-0.054174277411922406,0.006585255888209967,-0.09089713625988213,-0.010295858835008102,-0.016037365665661708,-0.12151383935445108,-0.0265861559889973,-0.018351504533307063,-0.13854474655700733,-0.043746828661988646,-0.017326894273277445,-0.1544093443831956,-0.061611271870458964,-0.013657214154755525,-0.07538401290296723,-0.02073019387489164,-0.03131524264215182,-0.09682945796070476,-0.026588122035397736,-0.03488359632750432,-0.11597246894769746,-0.03647050849168784,-0.03615899141475043,-0.13074049000916374,-0.04715599867107151,-0.031345379568307026
0.0,0.0,0.0,-0.026068485811480573,-0.00885322648133026,0.03007395282728197,-0.0509176348155158,-0.012758492895137308,0.052312806505549994,-0.07903678293069902,-0.012227553472964557,0.0672943773964193,-0.10686728890105285,-0.009828614720469538,0.07763467253797093,-0.09714783199102282,-3.953494618873624e-18,0.023885453409856497,-0.1243293692852406,-0.011567837409961633,0.0317103754031388,-0.144661799283445,-0.02189288391989428,0.03644132154770865,-0.15310575650122057,-0.0484722658602046,0.03924769337975409,-0.09880090557621826,-2.5913258036542192e-18,-1.8648784047237485e-19,-0.13558654714515483,-0.014194332210425346,0.00393233063137903,-0.15498331487130046,-0.03587474832817328,0.002368464834823648,-0.17395419746374155,-0.055107188684019204,0.007258955850010137,-0.0912386111757272,-0.010405228684618607,-0.016101237600224107,-0.12198155854038267,-0.02716023592617364,-0.01828136214348123,-0.13871487043131703,-0.0444885386370518,-0.016848846263535278,-0.15438583149178917,-0.06289258657281387,-0.013094746599796496,-0.07568274277219997,-0.02098444316516566,-0.031426263566226895,-0.09725870709688651,-0.02709651781879772,-0.03483745357370432,-0.11629295909075976,-0.037404841513576634,-0.03589603081667225,-0.13089769342089919,-0.04837651206892572,-0.03094043972212986
0.0,0.0,0.0,-0.02608464004714345,-0.008985696352887752,0.030037761092288874,-0.05093898475965695,-0.012898670513958377,0.05226379487578437,-0.0790811360361217,-0.012263260167300432,0.06726036787614002,-0.10699622944750584,-0.009880305027056517,0.0775412451164517,-0.09705988295079766,-5.4688275722871275e-19,0.023874708687079117,-0.12426323121434267,-0.011689713702644666,0.03158625301488731,-0.1446443497583036,-0.0220124837257121,0.03636699182251728,-0.1530638435600183,-0.04858553134359422,0.03914759725949994,-0.0987790023319537,-7.074057834622704e-19,-5.387069226047133e-19,-0.13548509998651007,-0.014272430288512135,0.003880828890792586,-0.15477670337864086,-0.036006871250890714,0.002178932965943545,-0.17371381059644003,-0.0551586971703013,0.006981050727128833,-0.09115110600665732,-0.010299930487029835,-0.016060582544641117,-0.12170512989888038,-0.027178996315201077,-0.018243609738928884,-0.1384310975912729,-0.044605701565110255,-0.0169469323120701,-0.15412081388793225,-0.06280414138204721,-0.013247332589282679,-0.07557686351591729,-0.020748646129498068,-0.031257246472821285,-0.09706967889787112,-0.02701315744152869,-0.034832785939752496,-0.11595915716999776,-0.03738238214802908,-0.03579772634344176,-0.13041703993962248,-0.048359844642682885,-0.030920727002219803
0.0,0.0,0.0,-0.02620306065889005,-0.009234666406437966,0.030069196003945184,-0.050985082658613456,-0.012999400827708087,0.05230841219927971,-0.07911339367862082,-0.012355373676946096,0.06730127169070835,-0.10715005256513516,-0.009814472276376537,0.07758157207375443,-0.0971751166690003,2.4238543976447457e-18,0.023871492491448428,-0.12439485418393369,-0.011801866802169669,0.03150703452290896,-0.14486525412337395,-0.02235823118097495,0.03618584916747082,-0.15317237299526437,-0.049067021413226254,0.038865070799454914,-0.09893816201714666,3.584708115553197e-18,-9.958140614717394e-20,-0.13555122993389893,-0.014393551873313168,0.003664967249279354,-0.15471396241876292,-0.03635708224876814,0.001953405059114171,-0.17353455470464368,-0.05558836811440827,0.006724752725521233,-0.09115164129083206,-0.01025800083723721,-0.016156633024331225,-0.12163091125324231,-0.02730739857294952,-0.018495850004913012,-0.1382174744194692,-0.044834791800877634,-0.017142266340962945,-0.1537541611778181,-0.06317262106613487,-0.013463335752684425,-0.07549284515948991,-0.020688049030187665,-0.03137363837874175,-0.09697238934581562,-0.02702006821838161,-0.03493905580152737,-0.11584868559652557,-0.03752587259076806,-0.03592498400429795,-0.13019565152584292,-0.04857044725548483,-0.030952864277611562
0.0,0.0,0.0,-0.026430108311150467,-0.009223828829940916,0.030594707123295355,-0.05094631082437914,-0.012881155577146195,0.05261209380828497,-0.07913946625076433,-0.012148391908933626,0.0675760738912592,-0.10703586329751191,-0.009090868393504587,0.07790715998527342,-0.09768813201231556,-2.299094731058288e-18,0.02400671365559869,-0.12513364509180136,-0.011825756715436671,0.03190025002296097,-0.14549579296996115,-0.02242970029999834,0.036512714210570306,-0.15369293778667992,-0.049480836225507044,0.03928931526909351,-0.09940107074148503,-3.664243021799151e-18,-3.8626527560420866e-19,-0.13612792788771552,-0.014516830047842141,0.0038663001535949224,-0.15553745220463588,-0.03669129549299664,0.0023688954958062973,-0.174131631696544,-0.05598213936038356,0.0072413087475630905,-0.09155719400267619,-0.01033852481243784,-0.016378591385046493,-0.12226958877856635,-0.027668004314432053,-0.018619372696393233,-0.13852707488098462,-0.045508375711068534,-0.016972960801161948,-0.15389595802104836,-0.0643113950957275,-0.012969682816023724,-0.07584085430182977,-0.020904935488277415,-0.03185212601487072,-0.0973863163588057,-0.02747601088128174,-0.035047735699515796,-0.11637752284148604,-0.03808506077450128,-0.035854447243306574,-0.13074974882701657,-0.049081464804490715,-0.030727552411710247
0.0,0.0,0.0,-0.026220942196642193,-0.009150085832400583,0.03070455446915816,-0.05062390353302292,-0.012965215257157455,0.052780958349263635,-0.07921466311023817,-0.012047542490498145,0.06801368090106609,-0.10715496121000155,-0.008843535348882001,0.07802556376629936,-0.09782356414895288,-2.2459611425389642e-18,0.024121665138116182,-0.12530505260461083,-0.01231879042174631,0.03177929266682663,-0.14517841293057676,-0.02371854495657912,0.03622179457056098,-0.1523794979687024,-0.05123346533351347,0.038741662921390294,-0.09981958763174399,-1.1289126385762873e-18,8.855687249369157e-20,-0.13651580377719227,-0.014985194517324121,0.004069403565473463,-0.15578165219151455,-0.03714583859703619,0.002581817374386207,-0.17387955392050775,-0.05682548289761277,0.0075984897631042984,-0.09194546485784892,-0.010368546313695607,-0.016464007255718838,-0.12249482151166373,-0.027931391959533432,-0.01851939116131528,-0.1386938818103217,-0.046134673276038256,-0.01676061249449754,-0.15361992423379203,-0.06539474429738489,-0.012482105211202233,-0.07612369072649312,-0.020906921501792106,-0.032027091536505764,-0.09770890898308235,-0.02774205772108578,-0.03506593447508092,-0.11651092758531448,-0.038289723778843474,-0.03578206493692651,-0.1309566357619056,-0.04954685266280598,-0.03057190682905963
0.0,0.0,0.0,-0.026111356721324055,-0.009156267801634295,0.030722113652080392,-0.050501667761806916,-0.013125651906828661,0.05288575393070097,-0.0794235079881701,-0.01207535306463719,0.06833450672463526,-0.10745017563845012,-0.008940347829307823,0.07806557761829162,-0.09808412092416532,1.9493704574307756e-18,0.02421995681148737,-0.1255056300770375,-0.012787104984835191,0.03159354035215649,-0.1449440351232411,-0.02477363989444468,0.03587918669142576,-0.15143833684716979,-0.052604650722873444,0.03811847867776401,-0.10021717694780542,2.888539405888564e-18,2.416222894591174e-19,-0.13682679153456836,-0.015459333152631262,0.004136937463198272,-0.15588949632501578,-0.03766774249601653,0.0025537871920350576,-0.1735983083370371,-0.05766660884963922,0.007622294987770928,-0.09225881936362576,-0.010369433197775274,-0.016545886084785282,-0.12260435470626921,-0.02814021851441649,-0.01852934862598262,-0.13881448318074208,-0.046681194079859094,-0.01679916829358763,-0.15340088210277486,-0.06617584539930273,-0.012371721454761017,-0.0763103924044588,-0.020846935693962523,-0.03212465107769821,-0.09787130460935932,-0.02786682460518363,-0.0351222254571988,-0.11653552767408636,-0.03838501591776467,-0.03581194211194938,-0.13096302978499946,-0.04993876293114937,-0.030635925320446254
0.0,0.0,0.0,-0.025799081657782098,-0.008994929373180204,0.031042617277642293,-0.05003112019377877,-0.013004365015013612,0.053083504537482944,-0.07930784447837384,-0.01224309309397042,0.06872417791850875,-0.1071588387807668,-0.00920661012614182,0.07859276595374383,-0.09824408643462405,1.5170637619095608e-18,0.024403292674847418,-0.12444035620085124,-0.013833921783626557,0.03123988140560924,-0.14253838320669596,-0.027060661280797812,0.03482936405922728,-0.1469156306613253,-0.056030557848198395,0.03612556342636218,-0.1004479609975703,-8.726608271271374e-20,1.0448463813807229e-19,-0.1367591188851759,-0.01570773201629855,0.004313778740074311,-0.1557537342659289,-0.03881529452435036,0.0027951484730351574,-0.17274039196309857,-0.05952363864969421,0.008006858449777268,-0.09275047589225031,-0.010347756626306808,-0.01668520846241729,-0.12305465875917157,-0.02799423786006468,-0.018419376002042867,-0.13889791814000726,-0.04718099540384817,-0.01634249473332106,-0.15289712758939464,-0.06756155951809721,-0.011590871477650278,-0.07668188076023896,-0.020784006273504754,-0.03259729983290286,-0.09826189832402635,-0.027754271982776052,-0.035521392158416994,-0.1170843900980395,-0.038438714992732666,-0.03599475913300106,-0.1316582375035198,-0.05061586671215516,-0.03070129528480351
0.0,0.0,0.0,-0.025130371700907723,-0.008941327894605475,0.03123835670789378,-0.049893938565608614,-0.013308338371882762,0.05349053035300004,-0.07896349526688409,-0.013104734173255419,0.06967688095280869,-0.10700734727283624,-0.011702550883837929,0.0794947699399341,-0.09900240285395594,-1.853836853384922e-18,0.02499581135659839,-0.12341257069283675,-0.01609167978876966,0.030610872110823004,-0.1369623792117964,-0.030020515482678745,0.03353547268538601,-0.13460552099516201,-0.05829048676028963,0.03414696568663205,-0.10053088697059391,1.2761766288842843e-18,2.706201082131412e-19,-0.13781968648471113,-0.016143126296993743,0.004111509301972866,-0.15714652185388714,-0.03898936483623186,0.0027879963425380947,-0.1736269167105867,-0.06063683629527411,0.007499755981528527,-0.09339661993642384,-0.010559901065006889,-0.01725225404031185,-0.12437843213046341,-0.02667258441591662,-0.018709438982725524,-0.1411450186644488,-0.04562769211250273,-0.016192416819158072,-0.15546009465621907,-0.06557664685343119,-0.011458685902995931,-0.07710555594647538,-0.020607642235459956,-0.03328624517108892,-0.09910411221188946,-0.027682862566542593,-0.03631118183703334,-0.11899090126410582,-0.038461485098045714,-0.03659152066574233,-0.13326356097649686,-0.05093284948921991,-0.031735207194165505
0.0,0.0,0.0,-0.0239904099788181,-0.00849325876250976,0.031164843166729028,-0.04945610858052201,-0.01354262756085115,0.05368400584726033,-0.07814613503275278,-0.014085432182707688,0.06983832180468494,-0.10689813935295191,-0.01413069332744935,0.07877674554217483,-0.09871522474346749,8.657097924835175e-18,0.025519105435256977,-0.11939509009492882,-0.019601401632547984,0.030268298567677973,-0.1260032638742478,-0.03273661138177631,0.03158376378136861,-0.116047931944763,-0.056151207103195724,0.03082758915352816,-0.09992160700660703,9.703257990064554e-18,1.4168592651587094e-20,-0.13762165534909263,-0.01597898282635436,0.0038005901063353723,-0.15803421867016948,-0.037424620804548836,0.002584461000983304,-0.17577921494224916,-0.059272678931203325,0.006592597703437141,-0.09345422655121778,-0.010634088730775908,-0.017590985422196684,-0.12494993353682876,-0.024786421692215115,-0.01869250931116317,-0.1430059262703134,-0.042533252979376206,-0.016142820116517527,-0.15928428702096648,-0.06158115286938354,-0.011295206961806848,-0.0768337736113554,-0.020381929932451897,-0.03359996106426817,-0.09969583902409077,-0.027078413759290685,-0.03650525087617013,-0.1204900420806061,-0.03770519270862154,-0.03663457778049609,-0.13471929393400423,-0.05027712145445639,-0.032236968143396764
0.0,0.0,0.0,-0.022876912174736325,-0.008156266013023963,0.03121574062530115,-0.04903112743911483,-0.01334922197423209,0.05377409818722867,-0.07731449057634308,-0.014242399464370047,0.07009122321992307,-0.10676490539081845,-0.015305965205830397,0.07848397564904908,-0.09781864185112907,1.6878897724767042e-18,0.026143783597558767,-0.1151233139454563,-0.0221850006186005,0.03037331991912051,-0.11598230426048921,-0.03375265027940078,0.030568068988252078,-0.10019230366552923,-0.05146669865313227,0.02821331127054923,-0.09887170638245898,3.920940073421245e-18,2.508194637646332e-19,-0.13723356716581697,-0.015430273582019772,0.0036774545106637935,-0.15862669576763563,-0.03490897737685854,0.0026947158638370725,-0.17775689256105942,-0.05604939765500038,0.00618487416375824,-0.09312437214273458,-0.010619935273373331,-0.018153411289334526,-0.12519765285250406,-0.023231601333423037,-0.018786501211050497,-0.14433351449500395,-0.03894549360738212,-0.01573867625224064,-0.16275496712082474,-0.056324895085081615,-0.010872907017400915,-0.07637844019051998,-0.020162966117129203,-0.034005004625020666,-0.1001724081863987,-0.026707416818901937,-0.036593277852925286,-0.12200065187163493,-0.03636688856303504,-0.036748707891537225,-0.1363239648864238,-0.04826794544088002,-0.0321910646782147
0.0,0.0,0.0,-0.02178771998856133,-0.0077382950510865925,0.03100277917844604,-0.04891569193632848,-0.012782823913961792,0.05368908075386379,-0.07709880244611965,-0.013677979868429868,0.06984873250720407,-0.10705697728427879,-0.014546926415367986,0.0776550460317659,-0.09661642490090191,-6.517782790586618e-18,0.02633029837550721,-0.11086073280353384,-0.023933180711020564,0.02979911202652919,-0.10805903088205451,-0.034048647701745684,0.028636443820607673,-0.08840989018983472,-0.046374404571117675,0.025333642811082455,-0.09786627396367986,-9.054756890981492e-18,5.4086347178844436e-20,-0.13570634834150969,-0.016219130785375888,0.0032084882480639385,-0.15723311868006867,-0.03464077538142955,0.0022168272112934174,-0.17709462771432166,-0.054601816666222845,0.0050911778387563895,-0.09256773655072509,-0.010423156398792991,-0.018242142267027774,-0.12453337348491045,-0.02241357949289271,-0.01884944588599628,-0.14422735867672723,-0.036443584705450616,-0.01553314195269489,-0.164370239770457,-0.05143761490903421,-0.011537844698275604,-0.07574211134526809,-0.019699132970327545,-0.03391172032670106,-0.09948191136554317,-0.026161718923124844,-0.036532089780133156,-0.12177028711528388,-0.035144775871885615,-0.03656396966035203,-0.13586965707844972,-0.04616239802993377,-0.03240308276056504
0.0,0.0,0.0,-0.02104767988663177,-0.007245685755830154,0.030728776835877943,-0.048895057839219526,-0.012055851210532705,0.053322634753393376,-0.07685105143852484,-0.013056149033154675,0.06937731166916647,-0.10700359160304655,-0.013850004964537255,0.07689613600410562,-0.09506553701890572,5.160905246260831e-18,0.02630370477862609,-0.1079150970683051,-0.024541963930920115,0.02920165298996771,-0.10329829500120902,-0.03305907747485533,0.027192610909537562,-0.08206195172249141,-0.04154771260046634,0.02350721152801499,-0.0963633506426346,7.034841149727537e-18,-1.3266950537778385e-19,-0.13428306002343834,-0.01583349924101674,0.002823374358554,-0.15653515423168876,-0.0326886272324331,0.0018669973863387269,-0.1773069020438909,-0.050644099774620005,0.004439926937894607,-0.09172106202757867,-0.01003711261017702,-0.01831201328995094,-0.123881441120444,-0.021031884560934883,-0.018820308620979578,-0.1442951864340701,-0.03329580422050585,-0.015341688252908724,-0.1659887117655084,-0.045973002524323785,-0.011959160695120402,-0.07520407829419445,-0.019004414299596505,-0.03385358014060546,-0.0990677914421817,-0.025118554994064082,-0.03645126446827598,-0.12185257066460907,-0.033111514367598904,-0.03641846882674229,-0.1359803140055862,-0.04288097966266451,-0.032540381523888176
0.0,0.0,0.0,-0.020001786617054915,-0.006982650193334409,0.030801351961696272,-0.04800120884175191,-0.011738874386090939,0.0535656898792365,-0.07570346469191956,-0.012698504794800638,0.06981886071574188,-0.10650979875509065,-0.013545305108122666,0.07733739145225764,-0.09443735884732869,6.098274173733832e-18,0.026391414071296665,-0.10409747085195806,-0.02600268585247512,0.029549991784176288,-0.09682847207969503,-0.0339310371703192,0.027031721453992744,-0.07374166979157815,-0.03961272822832572,0.022220725072386302,-0.09597453502380127,6.046211794899221e-18,4.0850303173330306e-19,-0.13316058296650135,-0.01688741984598107,0.0033288876369740043,-0.15495057475520477,-0.033994917964215915,0.0027110357742691736,-0.17574271638122688,-0.05241209111777723,0.005027184800075057,-0.09168188442182011,-0.010166955452060037,-0.01847825368910462,-0.12340669829202458,-0.02128938074878887,-0.018315003223853578,-0.14383066913397863,-0.03350608156774059,-0.014355299970657681,-0.16617864378812153,-0.045945321504384816,-0.01121423189733929,-0.07504417478745738,-0.019037385312813477,-0.03358363403000286,-0.09865652357577041,-0.025374070256375017,-0.03577713885895729,-0.12193027813449023,-0.033638444001939875,-0.035395017411311624,-0.135567849227659,-0.043861463477045226,-0.03132665404505017
0.0,0.0,0.0,-0.019273946725751778,-0.006984203968047707,0.030862406355434944,-0.047187924895175246,-0.011868460156877331,0.0538464694057004,-0.0748486663938761,-0.013041974260927496,0.0701884426148658,-0.10620084008152741,-0.014088460513871692,0.07785356764349437,-0.09418051155852802,-6.0950034201666156e-18,0.02657070956001715,-0.10153984217783875,-0.02719673024647002,0.029790123166301172,-0.09230840818986938,-0.03484408173236468,0.0268271926054887,-0.06829620697759956,-0.03831908482439396,0.021047516580377453,-0.09589596104803458,-5.669545580448399e-18,1.7074859162821502e-19,-0.13285402773931604,-0.01727911457337653,0.0038140860585778864,-0.15432287552507934,-0.03434632005683092,0.003316366389865241,-0.1752558297904524,-0.05350401485909822,0.005372227570404349,-0.09185997815150197,-0.010288474753976967,-0.01878130381596553,-0.12322774320834318,-0.021541136897191424,-0.01805431733388961,-0.14384308689363162,-0.033586719454717785,-0.013798627811696306,-0.16668766111353933,-0.04619545656466124,-0.01061283640522021,-0.07502264712245403,-0.019091962863927062,-0.03351111344536325,-0.09866189245767044,-0.025664110303020064,-0.03535131256721767,-0.12219536661681216,-0.034234034827204655,-0.03477534532081309,-0.13555260270420702,-0.0451988338813128,-0.03044832447377595
0.0,0.0,0.0,-0.018590175619971654,-0.006849094572721932,0.03084075467487388,-0.04629818510165206,-0.011549257064740893,0.05407413217302317,-0.07359834217429474,-0.012832173362871272,0.07044555503081859,-0.10503634506522627,-0.013831629329879339,0.0781810992893187,-0.09382844048438846,-9.367052172721476e-18,0.02659323364488603,-0.09885585013762453,-0.02783504439441989,0.03036727943198754,-0.08838736416924549,-0.03540726627385045,0.02717379136811202,-0.0634696799251639,-0.03774669088055478,0.020656350840926308,-0.09593669700754627,-7.848072008829708e-18,7.41389716343367e-19,-0.13216370957778584,-0.01852503146916501,0.004112681776008883,-0.15282881623714312,-0.036231805524375986,0.004159279895814171,-0.1737100880741222,-0.056152196887863826,0.006256784971616853,-0.09208894070694683,-0.01055409256190438,-0.018682880600640595,-0.1228015957366119,-0.022308495427199412,-0.017362723291268027,-0.14339328674110566,-0.03478873136059186,-0.012662581844728535,-0.16607915514498048,-0.04780597206872681,-0.009755413693786486,-0.07514170967875,-0.019457823559340982,-0.03303285658374604,-0.098447712010114,-0.026140252904917387,-0.03466100567668025,-0.12210394212476883,-0.03516517204515709,-0.03382222685939377,-0.1352857222385955,-0.046645127249893295,-0.029019222930610142
0.0,0.0,0.0,-0.018176121646525833,-0.006638771276772095,0.030810950399283717,-0.04581221045276464,-0.011506718354833986,0.05421434506602544,-0.07289145695423403,-0.01326278371988334,0.07096687978577791,-0.10482285718032287,-0.01496946804608875,0.07859115432219285,-0.09407033421107365,-4.944059817341235e-18,0.026972044511724837,-0.09758204564545424,-0.028499954250849693,0.03072601731041591,-0.08586378731963555,-0.03557696641878736,0.02694836761279377,-0.060865254634592234,-0.03657651160452214,0.0194720233118236,-0.09588832190403479,-4.132059628169051e-18,4.730052720929178e-19,-0.13237464754142317,-0.018727557270708097,0.004343438968150209,-0.1533534866160315,-0.03609276268233188,0.004334119328220828,-0.1743430678719341,-0.05648820232045951,0.006445912231636574,-0.09217233559722815,-0.010624956699965608,-0.019131421142302145,-0.12281012045692513,-0.022785196575683387,-0.0171964089900501,-0.14346274545114301,-0.03536308707901018,-0.012537419575196121,-0.16630131076619506,-0.04842935409409979,-0.009439346225139636,-0.07502630979511234,-0.01947380469441691,-0.03371872383736916,-0.09821253937289322,-0.026307785123009124,-0.03471909840472986,-0.12244919305741588,-0.03576422213553298,-0.03376114847845736,-0.13572518616706394,-0.047306491655731774,-0.02870735990786163
0.0,0.0,0.0,-0.0180378302990462,-0.00660482830495754,0.030806465683554756,-0.045776297609823,-0.011811275794819602,0.05419406590444747,-0.07319215333694053,-0.013734483746871012,0.07116585276028414,-0.10555502624674623,-0.015558251709261398,0.07891284356911277,-0.09461984681303715,-5.585729789307398e-18,0.02717353310952187,-0.09693514337890315,-0.02910248193006623,0.0306862892182197,-0.0845854958437911,-0.035869078486929176,0.026417048210318796,-0.05931832229766916,-0.03502871474336439,0.018758979094226903,-0.09640346374881274,-9.552233296938757e-18,1.7088256204652066e-19,-0.13245765777709656,-0.019314883153911458,0.004080192636973813,-0.1536606461772676,-0.036681999261052964,0.003995633393173731,-0.17454612830154492,-0.057055975279772256,0.006048829451140483,-0.09230328681947012,-0.010582979850442788,-0.019308244205997832,-0.12309030982977541,-0.02332088183000737,-0.017578192163493395,-0.14357110723023264,-0.03573270629133083,-0.013002784513204703,-0.16651467898238242,-0.048907288478034494,-0.009848784508685508,-0.07490277228108758,-0.019345273910923638,-0.03432945443155151,-0.09822108823293169,-0.026347382914447257,-0.03510446243394135,-0.12254169608004452,-0.0359800752463518,-0.03414680794944782,-0.1361266313172311,-0.04715183565875462,-0.029032816177424127
0.0,0.0,0.0,-0.017924125478893292,-0.00655298849713988,0.030805650589484177,-0.04571828211212285,-0.01197375177399287,0.05411354460599777,-0.07332142386747777,-0.013992010972467632,0.07117201054499718,-0.10592112262945988,-0.015829014142512973,0.07904961336254848,-0.09478285617983542,-3.586134270796435e-18,0.027266960624068224,-0.09640910311943596,-0.029470250991755997,0.03063267057259022,-0.08365750046565427,-0.03611493532453764,0.02604361473069332,-0.0582264036099078,-0.03413764423665047,0.01836641485311197,-0.09656416632166864,-6.25631174379765e-18,4.2822432793499464e-19,-0.13230580917241264,-0.019529298225718677,0.003893083647351142,-0.15369572483842897,-0.03690415491187136,0.003714957289100621,-0.17454905775318055,-0.05720009507140986,0.005690561116086646,-0.09225838523187847,-0.010516773612784821,-0.01935212289891358,-0.12314914423670528,-0.02346708553828953,-0.017834095629767323,-0.14355063945614283,-0.03572407856118889,-0.013311365988430864,-0.16655798814630363,-0.04899414862606561,-0.010141113738603586,-0.07473242438563238,-0.01923409579386513,-0.034683955552233,-0.09813789031893032,-0.02624450057184148,-0.035301279143368926,-0.12253176263564639,-0.035885103312208226,-0.034387350511462265,-0.13633942011760017,-0.04683020901338158,-0.029261381235719995
0.0,0.0,0.0,-0.017853978564727115,-0.00658985057503266,0.03042093768505328,-0.045767856252671095,-0.011833410737814956,0.053925268282811745,-0.07333345988469883,-0.01396083079660497,0.07107235677443172,-0.10546304480886229,-0.016108394907031264,0.07892153307242136,-0.0945387792735957,-3.6949241304580664e-18,0.027221238543034952,-0.09670901411084926,-0.02914302628975201,0.030617430396306503,-0.08434419956623919,-0.03585908561300244,0.026311088445713147,-0.059391005628693344,-0.034023275725341855,0.018840662683495928,-0.09646407907670504,-4.609342462086002e-18,2.77453166770179e-19,-0.1323002333733699,-0.019228060211885143,0.0038978252297406173,-0.15394166404937681,-0.03591013300665183,0.003685441797599353,-0.17496004463939244,-0.05578599783261936,0.005762522116203222,-0.09209774690850069,-0.010456212933937128,-0.01907816691408684,-0.12315851637480713,-0.023230906091761132,-0.017550023853608633,-0.1440259319977289,-0.035273683235873536,-0.013060262009361442,-0.16716495044353485,-0.04796104455690843,-0.009627911290216729,-0.07461050452442132,-0.01934840054750437,-0.034343550314801186,-0.09811256410800957,-0.026454858579331386,-0.034992588108395256,-0.12225664964098579,-0.03565371679718624,-0.03410958468382,-0.1363294155949535,-0.04650517849377952,-0.02889977375795496
0.0,0.0,0.0,-0.01847522555198773,-0.007111747752711822,0.030381973495764495,-0.04638944226388404,-0.012421817445929227,0.053981687715107404,-0.07427472144114886,-0.014257728784336822,0.07095113155775781,-0.10589137826674314,-0.01604486871562831,0.07873084253083436,-0.0948401755056737,-4.712445909557675e-18,0.027233406320574808,-0.09904431760296972,-0.028932731951897037,0.03061962940885672,-0.08780152703497632,-0.037007290192302464,0.026915091031455788,-0.06318322788325274,-0.03763482128207775,0.020799627661880444,-0.09676499628663883,-8.331922783426933e-19,-4.365866917857341e-19,-0.13337144404503,-0.01873840514934466,0.0036939793130319055,-0.15511251852257493,-0.03536827236102667,0.003516729027070926,-0.17622129806457387,-0.05505512208178205,0.005735845474135057,-0.09215268469132633,-0.010346989868538787,-0.018856082754405604,-0.12361887528704717,-0.022951907572843787,-0.01780617652111479,-0.14471570355865665,-0.03506106366806214,-0.013475777500591311,-0.1674281464415161,-0.04828421949296983,-0.009856670270220691,-0.07456851873518765,-0.019445635580476933,-0.03429386194670337,-0.09841263884487941,-0.026426618793050787,-0.03537758963166011,-0.12221259490430994,-0.03555134960629269,-0.0344020034195868,-0.13646652186085975,-0.04667729465272132,-0.0295020420757252
0.0,0.0,0.0,-0.01984780169919793,-0.006816302132954692,0.030351257714327354,-0.04731130555499056,-0.011831518842733181,0.05403910670144868,-0.0759295937238102,-0.012760205258020811,0.07135279933676944,-0.10623318039981783,-0.013773580440059488,0.07944672875250015,-0.09671704353250793,-4.344793637341307e-18,0.026804889983323785,-0.10483322025071676,-0.025784133101615318,0.029954994895988817,-0.0984715616057413,-0.035114849016474665,0.027778741516656193,-0.0781622029299243,-0.042523081323902985,0.023168755849032885,-0.09835774429235618,-1.2172008569670974e-18,-5.043208775439837e-19,-0.13534442481669648,-0.019438965449075113,0.00394918700859139,-0.15641969027424155,-0.03751068898543191,0.003882309160493795,-0.17579618625936325,-0.05835602015439672,0.006762108694772215,-0.09322220799257369,-0.010867315834762933,-0.018619552692699236,-0.12427916374240522,-0.024609983992295362,-0.017896796493895917,-0.1447171546482966,-0.03862715499546789,-0.013868676380045762,-0.1652111497012063,-0.053459022846993574,-0.009868398686160193,-0.07556540835031259,-0.019969329823227504,-0.034150967521662794,-0.09893765677246122,-0.02776348448800006,-0.035522444504687306,-0.12192814733782847,-0.03800363505149028,-0.0346525408451476,-0.1357921594846642,-0.049765100278181575,-0.030202738560313903
0.0,0.0,0.0,-0.021253802608980705,-0.007290779447861826,0.030191182195509314,-0.04777715535678274,-0.011993325575117156,0.053607692564139595,-0.0763113322370651,-0.01272068691245048,0.07024113588715106,-0.10533371205811715,-0.012674292164621615,0.07894850372606595,-0.09657297037402819,-1.010359867953951e-17,0.02588861160014526,-0.11005437217816025,-0.022589284414742738,0.029830811780683496,-0.11154778164664904,-0.033634885023738695,0.029028419574916812,-0.09976572886496186,-0.04825326208109205,0.02567144945213523,-0.09837244810885398,-1.233209740963308e-17,2.1111238613918062e-19,-0.13509125615594056,-0.018058923076704172,0.003840616068918267,-0.15587500544881472,-0.03734891674948386,0.0034575010944549378,-0.1743170820564894,-0.05823821369207862,0.006935858217336175,-0.09266571423609124,-0.010655965383897459,-0.018341509153845137,-0.12375999904657235,-0.024975498716939045,-0.018301804161997587,-0.14291295962078426,-0.04030224969455473,-0.014778444312519564,-0.1616315715365377,-0.05627192685608288,-0.010384471310004277,-0.0757063636869934,-0.020176517768731483,-0.03415183993846537,-0.09867531833350608,-0.027411421177096808,-0.03576483333148975,-0.1205873927380133,-0.03767233834198455,-0.03528220915071524,-0.13484989031363806,-0.04961628473955042,-0.03059780644474087
0.0,0.0,0.0,-0.022803799688188214,-0.0078562302234523,0.030329397076202275,-0.04866890368877645,-0.012340465253054458,0.05294424808556081,-0.07711380106892665,-0.012830252326016766,0.06910094911992724,-0.10551554270870328,-0.011658887777025671,0.0783749259531486,-0.09678757468551057,-1.2174590929325514e-17,0.02519802652372374,-0.1149020131886766,-0.019936027963883128,0.030192062552826474,-0.12295478027808222,-0.03129505653433527,0.030805899381363598,-0.11857693696163114,-0.050599039064946755,0.029009623707452085,-0.0984531469153127,-1.19111942025848e-17,2.9480488611567944e-19,-0.13529860080326453,-0.01685281827436071,0.003458811293180482,-0.15598734455288835,-0.03685004618383167,0.00257096963329142,-0.17433027296598427,-0.056989230205471524,0.006243035774820338,-0.09216120268226131,-0.010498882982961056,-0.018033398281385993,-0.12340574873716834,-0.025310733021635966,-0.018921103815944747,-0.14150831883854811,-0.04151469263613702,-0.016169958896932356,-0.15913069664331633,-0.05839806629171995,-0.011874614105743087,-0.07561796065249464,-0.020221956251513212,-0.0340471503635287,-0.09820018646698145,-0.02719793336235949,-0.03603904874707682,-0.11950941371530767,-0.0374062296871074,-0.03602794207251697,-0.13385299396183545,-0.04890065950322751,-0.031189392757229425
0.0,0.0,0.0,-0.023871866541434392,-0.008219476814534022,0.030422352888841556,-0.049288772077057494,-0.01259046742146557,0.052524581752741155,-0.07768508251938665,-0.012914881208334106,0.06830892619779566,-0.10565621810606564,-0.011002994826071442,0.07804905692433828,-0.09701036587077598,9.904094583214498e-19,0.02476306045281918,-0.11829069009588623,-0.01784890648811932,0.03045841360885211,-0.1307625601730608,-0.02910451755844397,0.031993558970337115,-0.1312052207730979,-0.05120586704931706,0.031207908127587603,-0.09864903863026334,3.898351444939498e-18,3.74240804137596e-21,-0.13563226551559623,-0.016022518264819298,0.003297960640230053,-0.15621679943213013,-0.03651931042129143,0.002150500407566538,-0.17451935225786072,-0.056158002520984095,0.006042449446782601,-0.0919424452975244,-0.010412233387572958,-0.017770087955145186,-0.12335361819932175,-0.025668435849070064,-0.019223006682351357,-0.14078227299488566,-0.042525321545119794,-0.016906494825036856,-0.15771207815825017,-0.060025952734108705,-0.012635192399478763,-0.07570923954938406,-0.02029926084689893,-0.03391884906446776,-0.09805158689925496,-0.027154766751260044,-0.036134610033845514,-0.11887274372901643,-0.03743824291526615,-0.036348285067630146,-0.13322174312342158,-0.048683481464723725,-0.03136369208147867
0.0,0.0,0.0,-0.024789574318337938,-0.008540816898118642,0.030227407987848027,-0.04986830570450175,-0.012663297685953222,0.05215448208724347,-0.07818148738944566,-0.012330781385228267,0.06776166457778562,-0.1058984630599165,-0.009987411763094787,0.07783818077537598,-0.09695578646591307,1.3052033995896525e-18,0.024305852890567962,-0.12012766690364489,-0.01619740965491157,0.03070060798766351,-0.13537330731678412,-0.027422977204524482,0.03332882520960992,-0.13910105670263326,-0.05092486164438287,0.03374377041628244,-0.09856103939284065,1.1797464634775886e-18,1.635260010574938e-19,-0.1351491535387074,-0.01572208894308909,0.0035115918173301277,-0.15534711315779445,-0.036607209629773034,0.002105000260299895,-0.17389681308903013,-0.05596807754635012,0.006265744769064809,-0.09141561679413393,-0.010324419522500019,-0.01712843812593044,-0.12238558297581867,-0.026252475320007844,-0.01894117578809949,-0.1396302931922457,-0.04331572742518957,-0.017125163444235335,-0.15608461002809904,-0.06085813843701818,-0.0130352762032603,-0.07536702334704794,-0.020298282195007768,-0.032903012367891574,-0.09745697352107273,-0.027017457761431055,-0.03552235772217351,-0.1176047870625976,-0.03751688103237077,-0.036148986128637095,-0.1317441628685767,-0.04855424695757689,-0.031064059147755046
0.0,0.0,0.0,-0.02534436533075476,-0.008811716159618965,0.03016472141674165,-0.050104245888570244,-0.012679908738368058,0.05196062117394988,-0.07826423075765541,-0.012242045242271474,0.06723239374154501,-0.10566166772119873,-0.009491069588063155,0.07754326013649847,-0.09662308300367062,-1.4153279784796895e-18,0.024067315588074477,-0.12120999379919539,-0.014887826928048992,0.03106787714723611,-0.13849643091752187,-0.025904165010844322,0.03436208259317184,-0.14412129446427488,-0.050584076075792385,0.035726855919535734,-0.09829239277377115,-3.6400101154911474e-18,2.331244188212874e-19,-0.13474619828312873,-0.01538448313331708,0.00357410935294369,-0.15481456529453255,-0.0366274298112212,0.0022120007084964516,-0.1735342270926184,-0.0557791686108241,0.006447021433563979,-0.09086318056374755,-0.010395230105024248,-0.016710195686548992,-0.12185954397862513,-0.026752909384335635,-0.018843754723817573,-0.13879356687283378,-0.04370665470355997,-0.017106629163498963,-0.15506121381894525,-0.061524870346833786,-0.01330527046115706,-0.07506812365417861,-0.02057321171818139,-0.03235138890747956,-0.09708202797471821,-0.02721818127106093,-0.03523249325533425,-0.11687715954169868,-0.03784814100722927,-0.03603194860870507,-0.1308892783251848,-0.04859795874151769,-0.030804970500044594
0.0,0.0,0.0,-0.025778768767539286,-0.008943038027521529,0.030310601024956384,-0.05035990547006922,-0.012496660634101651,0.0519476181114068,-0.07850560972433354,-0.011746220265051765,0.06707802393174143,-0.10581850145763813,-0.008428539850788643,0.07768049087387373,-0.09681455719395064,3.183771935262155e-18,0.023998852107080453,-0.12232469261461505,-0.01410208314374249,0.03147971373913557,-0.1407509768861336,-0.02488963252311798,0.03528426646115223,-0.14753961206121388,-0.05042074295718107,0.03728026285257658,-0.09838873779706446,2.970581884921839e-18,4.809678888786079e-19,-0.13481587443678164,-0.01540021434408841,0.0038440740253624013,-0.15475890762010314,-0.036972583338496866,0.002503673945416714,-0.1734609110417842,-0.05616114616722204,0.0069338886158427995,-0.09074399372840684,-0.010545397342266992,-0.01644543404959359,-0.12159803952645519,-0.027468097509337402,-0.01861674475967768,-0.13824488757472958,-0.04473733665360073,-0.016913764569116727,-0.1541206274664637,-0.06275264374698192,-0.013159423129791563,-0.07497086334305869,-0.020894003250180575,-0.03194779349537334,-0.09689676746354772,-0.027650247999527963,-0.03492041885903341,-0.11635953754619531,-0.03843509982576071,-0.03571184967865179,-0.1301744669214479,-0.048998262337389624,-0.030430679077173645
0.0,0.0,0.0,-0.026363234478515706,-0.008874284646372233,0.03063600595603262,-0.050755573288434955,-0.012025555582636502,0.05206575659219129,-0.07885249684178153,-0.011123677158224361,0.06713821385940251,-0.10602803497879276,-0.007017806997680969,0.07788707997705219,-0.09736359481561578,-1.4912755346205574e-18,0.023917556687395147,-0.12368878971150375,-0.01330042386214522,0.03202507089559303,-0.14272711070775063,-0.023726405450637752,0.03613236695395438,-0.15030362795172436,-0.049876913932445775,0.03855439176944281,-0.09869268251511668,-1.8038063871619843e-18,2.0928657626257051e-19,-0.1352938804451311,-0.015320998303076774,0.004067331237395154,-0.1553982827328215,-0.03698353636834742,0.0026701903721088323,-0.17366517329938586,-0.05615844133771112,0.007301012038324522,-0.09099446789208053,-0.010606575735560918,-0.01645982464431646,-0.12194444686735335,-0.027783698877389424,-0.01856514561085231,-0.1383120373713358,-0.04542835847401527,-0.01697580342529585,-0.15369034521304237,-0.06340865459536232,-0.0130218162139544,-0.07515306150468944,-0.020944468805053316,-0.03207906480766767,-0.09705915364416676,-0.027898601659910174,-0.03491366403091385,-0.11658347618213283,-0.038822808624676776,-0.03571959470415384,-0.1303523311390081,-0.049031588628081185,-0.03035551786117816
0.0,0.0,0.0,-0.026498973236545844,-0.008895668336932538,0.030917963506920228,-0.05081444858009513,-0.011843707067801402,0.052259108116659625,-0.07903798875716554,-0.0106643655438339,0.06721269564788963,-0.10628079199937296,-0.0060763627389229325,0.07812501051674527,-0.09781774672576933,4.196869751118956e-18,0.024082782523087473,-0.12464555860151401,-0.012973365984686548,0.03251140048290055,-0.14399336647510566,-0.02339412727236886,0.03695068309682365,-0.151808841897688,-0.0499354139638203,0.03982944522973126,-0.09915693565741981,5.336170513093913e-18,-3.8836331106885695e-20,-0.13592300471164384,-0.015547988597789622,0.004538405755722544,-0.15591658207931483,-0.03748327110478226,0.003267907479616847,-0.17373595845009207,-0.05682721491932172,0.008221220422167832,-0.09130391404613049,-0.010756850081114848,-0.01647062223154275,-0.1222473828035848,-0.028507221151628362,-0.018309682426952113,-0.13827292437705704,-0.04664681453703912,-0.016575436167034694,-0.15315951580484108,-0.06490326158429743,-0.012364140515487315,-0.07544943286146442,-0.021099392904599976,-0.03200244531500661,-0.09740922050144425,-0.02838906727074526,-0.03465361291408108,-0.11676683721828884,-0.03948147172352575,-0.03535490143336736,-0.1304154231434061,-0.04972619368031521,-0.02984701785904643
0.0,0.0,0.0,-0.0269944913187681,-0.008916811239555622,0.0313931577511872,-0.05099234318091961,-0.01194780664772931,0.052555471010079555,-0.0792270710598039,-0.01099108500896232,0.0675977822224002,-0.10657634344931916,-0.0062645016826580755,0.07828044699435723,-0.09881236506124921,-6.2095567987426865e-18,0.024376840617979456,-0.12632786027925055,-0.012589681130267854,0.03298806082297159,-0.14546767073184855,-0.023030430137815434,0.037645458498944406,-0.15353897513143924,-0.05023744908611179,0.040849871815117886,-0.0998316482061776,-8.101429183701811e-18,-6.346162462579426e-20,-0.13707516049402035,-0.01570785852742514,0.004943642923172236,-0.15701968358088325,-0.037735472938329684,0.003594478803513424,-0.17426392483417674,-0.05771000756488864,0.008609394854746552,-0.09195119810155954,-0.010880173395287799,-0.016537842817355344,-0.12295803787244261,-0.02893039140622993,-0.018229298629818126,-0.13897089622552808,-0.04788635813173774,-0.016495753526971323,-0.15350569628175414,-0.06653928483256838,-0.011821246907558204,-0.07591391237866912,-0.021285056458244918,-0.03203110958738508,-0.09799221850164289,-0.028847105932629912,-0.03455476296291463,-0.11752854450132576,-0.04005740905737151,-0.03520762477102388,-0.13111740038066425,-0.0507928773721174,-0.029707817096037745
0.0,0.0,0.0,-0.026912354968351593,-0.009186422127119485,0.03135730624263162,-0.05080924984499801,-0.012243495215061267,0.05254147616181008,-0.07903421430521797,-0.011263356114778219,0.0674442457563899,-0.10639003119016191,-0.00658232874781277,0.07833924488343966,-0.09852426260908748,-4.869134779258681e-19,0.024344406569406944,-0.12611769661026137,-0.012535122303155989,0.03305996267388683,-0.14576272720404823,-0.023066338358733056,0.03782548032471178,-0.1537750613755889,-0.05042759644854039,0.04108626453816508,-0.09972622288675986,-1.321217549475361e-18,8.019176501949775e-20,-0.13684505643993858,-0.015744956773889145,0.004766790710356283,-0.15661675685222423,-0.03820442209657464,0.003549716573018562,-0.17397039049161572,-0.05823786828704296,0.008540328914253395,-0.0917294331444606,-0.010894027626566116,-0.016436522402030543,-0.12286077611039435,-0.029210748386807383,-0.018247962892662443,-0.1385194009259256,-0.048038442982779435,-0.016381647234532892,-0.1530055216276697,-0.06724584617609018,-0.011962705073925382,-0.07577666816080728,-0.021394038457714575,-0.032029401748874683,-0.09792712788632842,-0.028974050094987547,-0.03461993592748136,-0.11724866024802016,-0.04044021739919467,-0.03527717976280619,-0.13076831109341108,-0.05114035271857326,-0.029760996234279958
0.0,0.0,0.0,-0.02701284089069231,-0.009303327729946348,0.0316001752428867,-0.05083960429590304,-0.012375568399439959,0.052684918223152966,-0.07895303244480723,-0.011632783158730477,0.06749144842890781,-0.1062720100213102,-0.006887893677394981,0.07837352947335828,-0.09886661350860525,-2.974139432449786e-18,0.024408473282106116,-0.12667584333963192,-0.012374535119477389,0.033189882975260446,-0.14667401672876237,-0.022817376755758338,0.0378583974787029,-0.15482698815650744,-0.05030170272944611,0.04108190157168487,-0.10006168918291687,-5.674675731834826e-18,-7.847069830250135e-20,-0.13740123576118327,-0.015594456978021802,0.00458426488775154,-0.15730892965448368,-0.03813382301825341,0.003419469012381525,-0.17460670994793173,-0.0582261091638326,0.00832034089621467,-0.0920901336935515,-0.010846792481211953,-0.016694814634514804,-0.12341643728241937,-0.029242250911674334,-0.018567448411478477,-0.13890336042577994,-0.048158619275095446,-0.01664371829005598,-0.15338723194797013,-0.06783373125307261,-0.012100692478738639,-0.0761088939278952,-0.021386697715261364,-0.0325164671722042,-0.09832899496106312,-0.029035262148027333,-0.03499717053604428,-0.1176697167067182,-0.0405602358105986,-0.03562648346807111,-0.13126054816060775,-0.05136231134326908,-0.03017961271470005
0.0,0.0,0.0,-0.02693377946432976,-0.009200867108659057,0.03178994322572907,-0.050696611601457275,-0.012141732169213637,0.05285083193442383,-0.07861512766960162,-0.011633979998498016,0.06759528773669389,-0.10570827125265925,-0.00694192180051709,0.07834093855526565,-0.09917459694201587,2.453865158343456e-18,0.024477084233782604,-0.12708377739300494,-0.012153035803550443,0.03344165377647553,-0.1471671081890667,-0.02248801906683927,0.03838088531086459,-0.1553188948494434,-0.05004592643228243,0.04170620101881011,-0.10032856691591506,2.3442801476972356e-18,-3.0036857015480645e-19,-0.13791830149402706,-0.015545803381331677,0.004849947759715237,-0.15782771580157376,-0.03797358879097803,0.0038909869254824805,-0.17501238290941262,-0.058268427161668794,0.008891174705149815,-0.09239708838903328,-0.010979820799020957,-0.0167148805835414,-0.1238033365222564,-0.029567664439069507,-0.018377564857682025,-0.13915185542442948,-0.04847312145508289,-0.0162637367053714,-0.15357970892262826,-0.06830706178635541,-0.011556810919861826,-0.07640231246213927,-0.02156377563528443,-0.03259886494469004,-0.09860989149852131,-0.029450205005759948,-0.034887859594287585,-0.11807957052445271,-0.041063929783408566,-0.03546733785821639,-0.1316737392636056,-0.05197204719066559,-0.029985410693212117
0.0,0.0,0.0,-0.02674864017573882,-0.00926005955881283,0.03206197509798559,-0.0505690912745183,-0.012040396574021303,0.05312055142695633,-0.07843086322109785,-0.01162432395923109,0.06778731403482774,-0.10561134144920117,-0.0068577987518317765,0.07860826634826251,-0.09938834183550468,-3.4581518768366207e-18,0.024625832649215914,-0.12728098869622814,-0.01210840670958054,0.03379450291189241,-0.14744122649755853,-0.02252694661587745,0.03888946244109056,-0.15532635776214626,-0.050375169337302926,0.04253268360214671,-0.100593675649689,-4.600313155514259e-18,2.266446657375243e-19,-0.13830563081704386,-0.015567008262144607,0.005071458546771855,-0.1580561239453916,-0.03825535196291614,0.004412833540901517,-0.17510622251086796,-0.05895867336183392,0.009655465055341386,-0.0926004139333669,-0.011099585916863362,-0.01670334700369651,-0.12404099060415882,-0.030059669546734717,-0.0181442403098245,-0.13909740496546788,-0.0490616264879615,-0.015745875209531125,-0.1534303090377199,-0.06934576134262717,-0.010821835020501753,-0.0766226627338154,-0.02189889049184502,-0.03264383426843815,-0.09883915187143168,-0.029981930638606522,-0.03474018285562631,-0.11831921617212274,-0.04178889648244401,-0.03514930998384111,-0.1317665972283882,-0.05283060587110452,-0.029533890983256456
0.0,0.0,0.0,-0.026665271112266523,-0.009238010651318728,0.03210099601725829,-0.050560459456815796,-0.011879314254870134,0.053176726728238526,-0.07838697150940854,-0.011522979550532645,0.06785405299604452,-0.10552907158730596,-0.006592269257386362,0.07863712606646739,-0.09937689909722491,-1.5203684407484825e-19,0.024580473602571675,-0.12740092126027536,-0.011922364671945495,0.033788649766036634,-0.14764210994553637,-0.02221178983863866,0.03887538529279907,-0.15564848999949976,-0.050170593173308214,0.04266128972701428,-0.1005717848382768,-4.152194819052549e-18,-3.31498972547186e-19,-0.13831499203444414,-0.015367052658862316,0.004993130294152126,-0.158149315250903,-0.037963274271677984,0.0044089416092421545,-0.17523291656873624,-0.058599079445857974,0.009742637463741766,-0.0925538995612356,-0.011101349617949924,-0.01675078795260572,-0.12410878778787729,-0.029941111118150645,-0.01812160721453588,-0.13915616854640864,-0.04885868227816829,-0.015621439482602854,-0.15362144151676504,-0.06906778819950413,-0.010606813597548984,-0.07659222882695942,-0.021994404056309393,-0.03263990178940785,-0.0988000039386798,-0.03004122391980637,-0.03475466532670974,-0.11836665598804462,-0.04163235305466303,-0.0351408651934154,-0.1319135881838007,-0.05258694972919666,-0.029429065265318563
0.0,0.0,0.0,-0.02670461892666707,-0.009242491190353077,0.03212514312138577,-0.05059750132305007,-0.011794017085351867,0.05323843475065059,-0.07835759939465808,-0.011477334202886795,0.0679405454784215,-0.10548440814822459,-0.006443455327628981,0.07867981483596671,-0.0994268068916554,-7.3658285037428e-18,0.024526332079775778,-0.12750595775033924,-0.011810676914720155,0.03374917347177823,-0.14774736216045384,-0.02208656924689317,0.03881002314663981,-0.15579719414940668,-0.05006969716918308,0.042658937785919934,-0.10059043420767223,-7.3812480502117e-18,4.695746158743224e-20,-0.13837125601440295,-0.015213290334583494,0.004955666008611176,-0.15831870416942218,-0.037696797633128616,0.004415847560935924,-0.17535404718388853,-0.05834752776902779,0.009802815749697314,-0.09257793166349976,-0.011087093382225015,-0.016782868372534,-0.12413005629467673,-0.029851665745756366,-0.018159110377767032,-0.1392100784108344,-0.04872279394368838,-0.015573405518559269,-0.15372377226361691,-0.06888535193316016,-0.010479264956719674,-0.07658322900139383,-0.022025498942188443,-0.03264124921304498,-0.0987470555779469,-0.03008144238513526,-0.03473675982036701,-0.1184220214507231,-0.04154373956562789,-0.0351562174282831,-0.13204062670479322,-0.052501940305996794,-0.02938390982103239
0.0,0.0,0.0,-0.0268773975665396,-0.009256856805827376,0.031907464165092964,-0.05054002646136943,-0.012293496409630797,0.05300481517792271,-0.07803721334402901,-0.012394055582834471,0.06764471997821832,-0.10495597310901761,-0.007927765851701693,0.07829691839670061,-0.09934481291149204,-2.2875415609009965e-19,0.024429590105226245,-0.1274427677156481,-0.011983596544341625,0.03345238391790296,-0.1476381982509856,-0.02219140173075776,0.03838305244869075,-0.155706681749941,-0.05014850294018881,0.041924038793296155,-0.10043056036435759,-1.0956213769824948e-18,1.9877497430348596e-20,-0.1381009660850624,-0.015186026815752558,0.004855447276944423,-0.15824314870069664,-0.037427861955412776,0.004179474034632945,-0.175277119378213,-0.058161040111805666,0.009346949700373733,-0.09255352410149732,-0.011082717492855346,-0.016742618163350223,-0.12400369973747785,-0.029404694866955326,-0.018405216709949237,-0.1394023411389681,-0.048143629897776756,-0.01591205206028498,-0.15405333992574388,-0.06818064079992192,-0.010824911605289589,-0.07652838019354617,-0.02193477716605579,-0.03261782609773028,-0.09872107611261804,-0.029774311710327305,-0.03487591029584197,-0.11847368679104626,-0.04095385758671726,-0.03543523717522575,-0.13220674982836034,-0.052084451534480145,-0.029913062595637283
0.0,0.0,0.0,-0.026960581999271406,-0.00926957486538691,0.03186692312110484,-0.05040515046130861,-0.012587240466881476,0.053014057535240695,-0.07768378618663514,-0.012926531142450478,0.06766177762493836,-0.10452072160349753,-0.008827164409617842,0.07822463799373305,-0.0994122729327679,-1.212952083234476e-17,0.024445754200073482,-0.1275351506781841,-0.012007292877771214,0.03340018323010841,-0.14771282637245892,-0.02218965592245388,0.03834698828746729,-0.1556797419643569,-0.05014727322892076,0.04178055345850892,-0.10043892560688314,-1.1632636875113593e-17,1.6679872354642814e-19,-0.13814320760018012,-0.01509214476715128,0.004926655788167474,-0.15839189686587915,-0.03717672398792375,0.004229938271658834,-0.1753198098373287,-0.058082553066520805,0.00929854755669245,-0.09268447291679642,-0.01111627167204231,-0.016666784971581635,-0.12408208363580414,-0.02917318410019453,-0.018452513625903864,-0.13963159451473237,-0.047775928506555744,-0.015931755235543407,-0.15423784666858226,-0.06785212126431737,-0.010821178198590879,-0.07660024729552277,-0.021915689928483455,-0.03260846797837589,-0.09885754421971676,-0.029619974903766607,-0.03490303174128625,-0.11874192770885744,-0.04061567189543862,-0.03550819005909554,-0.1325078275610726,-0.05183237498342588,-0.03012984406398535
0.0,0.0,0.0,-0.02716743783285164,-0.009120923060616435,0.03169404892066871,-0.05060578846943472,-0.012674053602469502,0.05279928085363908,-0.07791713158278443,-0.013156410123727811,0.06746970315910433,-0.10477468027663402,-0.009140885884226414,0.07790327687656383,-0.09952777402352207,6.437995741030272e-19,0.024457969702213082,-0.1277440101989276,-0.01212833067085335,0.03315889906511264,-0.14761327405616695,-0.022102227684384714,0.03791650493089834,-0.15585123246427446,-0.050132439034636954,0.04116551577516178,-0.10045459890919348,7.056516599952695e-19,2.2532870001542514e-19,-0.13807282365168486,-0.01512853818434914,0.00480780624302849,-0.158439396051046,-0.03698442429191293,0.003855774495839847,-0.17533866864576939,-0.05774828544225861,0.008718013447262087,-0.09280294978870818,-0.01111669882635348,-0.01664145286668782,-0.12396299244454383,-0.028918137355145524,-0.01850123430462583,-0.13984425782282683,-0.04775383291544536,-0.016245774977687213,-0.15455903575420876,-0.06730433606631872,-0.011149413786984985,-0.07667110831781823,-0.021774008414599935,-0.03247049507557584,-0.09875649405250175,-0.029434774436214825,-0.034967621114137024,-0.11861720968338707,-0.04028781568730361,-0.03562210838965997,-0.13246857175729276,-0.05158662654810381,-0.03050458284949897
0.0,0.0,0.0,-0.027331995539735605,-0.008977883011407816,0.03161468300131248,-0.050803960026611555,-0.012703223152760288,0.052575679282571876,-0.07816483503733035,-0.013246597176534158,0.06733991782790837,-0.10499008636070609,-0.009220085015901512,0.07772817753659174,-0.09951747696330943,-1.1634753506746292e-18,0.024419689317185713,-0.1278836402328893,-0.012057323440269527,0.032977731279942885,-0.14767108742831997,-0.021678874131672226,0.03761977545987359,-0.15638832169655842,-0.049642044917579564,0.040701952045938114,-0.10039421890252255,-5.683520536714331e-21,2.533408338378506e-19,-0.13794593267665547,-0.01503230135166209,0.004595564548423633,-0.1585130398521057,-0.036580886398915616,0.0033748273284596314,-0.17567203054476527,-0.05689287458149491,0.008039027793367199,-0.09282796737728191,-0.011068081873728739,-0.016695150580689593,-0.12400736897796098,-0.028487798335454166,-0.01869955861600304,-0.14020442513700604,-0.047276340314714956,-0.016746414216646553,-0.15517834541924017,-0.06628545724262197,-0.011783250398004229,-0.07671012807826146,-0.02158473833350356,-0.03253088138475013,-0.09867464772384299,-0.029107553045160352,-0.03515700858643096,-0.11860604728576513,-0.039652441812476846,-0.03585361346586562,-0.13265999442482257,-0.05077591893006422,-0.030896681708868102
0.0,0.0,0.0,-0.027433176056593844,-0.008862531603005012,0.031457598301063476,-0.05092612479745304,-0.01273636016188299,0.05247192967577331,-0.07827993160394994,-0.013294084757866106,0.0672245822681288,-0.10507677156882687,-0.009264022572790609,0.07755544497974999,-0.0995244076725719,4.47792881727971e-18,0.024398030152123957,-0.12788949479740072,-0.012142601064673398,0.03281975877467193,-0.14748829835655158,-0.021718921780102412,0.03737904789667177,-0.15621988009167467,-0.049784469857739364,0.04033324995240893,-0.10038526561600003,2.7154405466122136e-18,-1.204581165234127e-19,-0.13776606762818758,-0.015204175185791154,0.00453309480269905,-0.15830467733000753,-0.036687214738772414,0.0031924010016030403,-0.17537109656086025,-0.057026831248405706,0.007759230470438906,-0.09284640382709865,-0.011073269698007869,-0.016696160584888493,-0.12383026057143245,-0.028412033297191223,-0.0187086438460954,-0.14020952547929663,-0.047355742996973066,-0.016904566794604014,-0.15518324452694732,-0.06612279660375332,-0.01190406690263657,-0.07671548787061737,-0.021531215158823152,-0.032441398493679,-0.0985291431622961,-0.029049323258653666,-0.0351830893412666,-0.1183780265714816,-0.039542575109135725,-0.03591353242009516,-0.13252561066339047,-0.05081708273337414,-0.031084358740178956
0.0,0.0,0.0,-0.027537325984073824,-0.008815798400748464,0.031526799540840755,-0.05096088470668455,-0.012746583164123113,0.05245393152351877,-0.07835091413140588,-0.013529359582540562,0.06726540945588685,-0.10513290371066271,-0.009627152334024083,0.07751199861482512,-0.09967037109774027,-6.786541484847778e-18,0.024464186886932242,-0.1281395626337792,-0.012090419527325945,0.032878250008851945,-0.14757937623894657,-0.021536753929050936,0.03746504816532738,-0.15651372330706081,-0.04957510260876475,0.04054980773210927,-0.10043700981196113,-6.3049172097550306e-18,-2.0124394513894898e-20,-0.1379531952137985,-0.01512871671185142,0.004640800650839657,-0.15853389388046132,-0.03643718374910464,0.00325607250999082,-0.17566055524593654,-0.05686552427196443,0.007816556109872285,-0.09290731706568807,-0.011126118718379412,-0.016700179967254855,-0.12396494491885894,-0.028377092639974285,-0.01865173263334823,-0.14048591307442962,-0.04733597246574563,-0.016869133660252382,-0.15553054037657715,-0.0660533569811119,-0.011810812849845507,-0.0767555494745412,-0.021608905996656685,-0.03241035945509093,-0.09865283898806225,-0.029100832044087584,-0.0351237817724708,-0.11860404570763954,-0.03955086176984831,-0.03585535771064734,-0.13274147688506932,-0.05082838523306934,-0.031102839970420668
0.0,0.0,0.0,-0.02752336872318986,-0.00887673804071184,0.03174857372579671,-0.0508688292301592,-0.012713221134840557,0.05259479445262394,-0.07828084617947116,-0.01348560324160182,0.06746927900125083,-0.10498692811566697,-0.009443324794642102,0.07775499573370988,-0.09972618374456935,-2.6490273956124923e-18,0.02457768653968874,-0.12823230784010256,-0.012015361914871117,0.033157575662131435,-0.14775266233945733,-0.021510172423156677,0.03783350341168375,-0.15654766987316562,-0.04945854453658275,0.041069607304759476,-0.10055265366804152,-3.928852207816741e-18,1.1533239940975993e-19,-0.13821646921993758,-0.015184522812528857,0.004842773768813643,-0.15873355546033763,-0.0365513386210162,0.003568864524587963,-0.17581324772224427,-0.05703212710404856,0.008266509994033045,-0.09301845665942046,-0.011157123553341947,-0.016661026818960062,-0.12421166014803481,-0.028530125827916634,-0.01853750834287646,-0.14054631257755928,-0.04745550237832996,-0.01659218005781297,-0.15548338958163713,-0.06648203277551834,-0.011386723640562793,-0.07687869622797214,-0.021702471441074168,-0.03249309553915757,-0.09894275075365576,-0.029243331262146198,-0.03504909627528505,-0.1189327837279799,-0.03975682854240261,-0.03566646194405791,-0.13299890769567313,-0.05103338909772522,-0.030821726197266256
0.0,0.0,0.0,-0.027341646517073197,-0.008990484328647663,0.031601011639641616,-0.05096551021022139,-0.01258686721127313,0.05257226130465387,-0.07874501016641158,-0.01290727930936661,0.06759812947723193,-0.10561144434157432,-0.008392947014333454,0.07808491938017638,-0.09939049723450517,-4.1603945575640225e-18,0.024359256291107707,-0.12788595114793314,-0.011941090998496703,0.03292188098250259,-0.14766231641599883,-0.021782834219257387,0.03746552755959584,-0.15638074852600897,-0.04980002125421839,0.04077968884618271,-0.1005132848091604,-2.5943426510658166e-18,6.400473617033381e-19,-0.1378483205625486,-0.015174161840887193,0.004399363967663153,-0.15829769706453678,-0.036634962604022506,0.0030294237482861204,-0.1757060315535252,-0.05671019302043728,0.007803782336770773,-0.09276150903939061,-0.010918235889426498,-0.016688093812982314,-0.12389552493582541,-0.028358823204805237,-0.01867098505189566,-0.14008326841986746,-0.04715307057968508,-0.016781385810741407,-0.15513497609629717,-0.06629868029308973,-0.011692064953507192,-0.07666080832669214,-0.0215412376412305,-0.03251129317774474,-0.09858154232307392,-0.02900694119108498,-0.0352061670680876,-0.11830582116336487,-0.03941442984133033,-0.035855823557133785,-0.13255291043797585,-0.05048503167865505,-0.030821180773076284
0.0,0.0,0.0,-0.027206348161055296,-0.008968468576005537,0.03123935082762075,-0.051052287447099304,-0.012513694446212616,0.05237644833023439,-0.07913986716913915,-0.01241464849187253,0.06759879251719222,-0.10625904865516846,-0.007932121638270635,0.07813768898106192,-0.0991661034856118,1.3445838632708021e-18,0.024177622640245526,-0.12767794687370562,-0.012051881012339784,0.032689329596261335,-0.1473468129236222,-0.022031097831095733,0.03737916568622185,-0.15618738052433104,-0.05006321291791085,0.04085930004279316,-0.10038729258417267,1.897685375923215e-18,-6.661363139218054e-19,-0.1375519659366231,-0.015377826734048604,0.004442882355918931,-0.15780457267901016,-0.03678959368818553,0.002844655079374654,-0.17540933986045157,-0.05675805403536023,0.007815388193624153,-0.09254890853289018,-0.010882640641501358,-0.016516865949923878,-0.123383528592604,-0.028404531200950225,-0.018309399486069588,-0.13981332129093305,-0.047368537531351375,-0.01665018693073753,-0.15487296892029498,-0.06611407976446093,-0.011559652468024718,-0.07645654231160738,-0.021510409975358077,-0.032027108579737576,-0.09835836486433981,-0.02898474377203191,-0.03483379070957466,-0.11776949308592514,-0.039311904127699936,-0.03548044573158492,-0.13201660129954126,-0.050199406062270455,-0.03041123646110967
0.0,0.0,0.0,-0.026967918374611898,-0.009024901738673824,0.030819981048574783,-0.05112990150446362,-0.012581117477281788,0.052205356012301966,-0.07952486772631147,-0.011785679123350355,0.06766381796264864,-0.10711319506167133,-0.007512502862970648,0.0782247268263129,-0.09890657980863458,9.484921994998054e-18,0.023985845308519643,-0.12713009641170406,-0.01226927283999127,0.032410851546179405,-0.14677161680215953,-0.022589546796954105,0.037337010400341035,-0.1554733000331874,-0.050332543109240645,0.04086551027191808,-0.10026183333666773,8.454831847653173e-18,3.0725134385453284e-20,-0.13703511481306258,-0.015702527487831422,0.004383174236751143,-0.15680193538067744,-0.037196781963154804,0.002696408271712325,-0.17456408201483364,-0.05720117450779454,0.007644395854481538,-0.09228239490828037,-0.010703831675656722,-0.016340695731008704,-0.12265437731287464,-0.0285337033461107,-0.01802189377888876,-0.13915618305945848,-0.0474215225003205,-0.016541721657189375,-0.15411677374056054,-0.06598186304229821,-0.011594181874164415,-0.07621102418467128,-0.02125139601800486,-0.031627088392652714,-0.09794339376058706,-0.02884332848749425,-0.03448794807703333,-0.11692253362128002,-0.03934893397648134,-0.03510292064629599,-0.13101792719758432,-0.05019992714962381,-0.030108132238306027
0.0,0.0,0.0,-0.02675097733139433,-0.009264963872041083,0.030678408693985748,-0.05116277520707079,-0.01282003346984798,0.05230805334556702,-0.07986229505127272,-0.011641463685718376,0.06775185767780285,-0.10782740587863601,-0.007663189260760503,0.07837041227250514,-0.09892243161725829,6.175985874034511e-18,0.023939173131703264,-0.12688773679176002,-0.012489706741395693,0.03231907715797886,-0.1465815298695226,-0.023222877004372967,0.03748815499762757,-0.1549312225257537,-0.05072923047763959,0.04117024482878377,-0.10048174085845984,6.902462385819232e-18,-1.2433682483635515e-19,-0.1369860230986902,-0.015975978955656223,0.004328704664684551,-0.15625005775971323,-0.037801536428136606,0.002697120352798991,-0.17399518732566718,-0.0578330638807655,0.007838786163498658,-0.09228980039143261,-0.010551137611572163,-0.016222283915609575,-0.12243566959218423,-0.02878783355587659,-0.01787408841166891,-0.13871365427158666,-0.04761763234619761,-0.016385074049189548,-0.15349959350760217,-0.0663000327131074,-0.011474313618423805,-0.07621996047853104,-0.021079825263069986,-0.0313764957231491,-0.09788752060808444,-0.028726343913816087,-0.03437029285276407,-0.11651972846701324,-0.03947037630570197,-0.034939477163541774,-0.130506396699132,-0.05046520017065933,-0.02990241499272598
0.0,0.0,0.0,-0.026679720878893854,-0.009411458409845993,0.030476572876390908,-0.051297503109292694,-0.013041066622404687,0.052290232420729284,-0.08021344738959588,-0.011613889643957187,0.06772959423968279,-0.10843376413546224,-0.007966778041442215,0.07830804617582253,-0.09894560053105099,-6.9792459556831e-18,0.023875688052504427,-0.12673472898681803,-0.012643952034115186,0.03210962192748291,-0.1463954489727361,-0.023599061800962887,0.03741584264883348,-0.15462081879767844,-0.050917542678993906,0.04114024136362497,-0.1005954035828222,-5.543593046246623e-18,5.391082865478199e-19,-0.1368585523965563,-0.01617224370487037,0.004181093778151615,-0.1558017450282305,-0.038135037622936095,0.0024454138868878154,-0.1735650754986342,-0.05811166337385128,0.00761964443833694,-0.09225818075579167,-0.010392782164535758,-0.016152802029823797,-0.12222679899565392,-0.028799708952238257,-0.01788723002715471,-0.13846752563709253,-0.047595577897442204,-0.016564794308089156,-0.15318905681959863,-0.0662443914752721,-0.01171075835363682,-0.07620870546678352,-0.020852866757563704,-0.031187936111137956,-0.09779838168175105,-0.028466899459394696,-0.03438096604962414,-0.11617438401812004,-0.03925812956256143,-0.03497659234454776,-0.13012664810596747,-0.05038933159076135,-0.02997635999582537
0.0,0.0,0.0,-0.02647024072863486,-0.009541205232930247,0.03048243389687958,-0.05127312141262109,-0.012992627994706633,0.05227464745606781,-0.08010208100062052,-0.011481855382772566,0.06763810992979363,-0.10829556277418015,-0.007746362707542546,0.078340479809578,-0.09858951741686961,-1.0071585738291606e-18,0.0238686061307927,-0.1263235391102088,-0.012505854500218913,0.03211325646272916,-0.14633251248586662,-0.023423261176510623,0.037338198503980194,-0.1544481618591856,-0.05059004010540185,0.04112961760259384,-0.10034861560815025,-6.925535426333047e-19,-2.1302185513705865e-19,-0.13657995872191842,-0.015939229550597116,0.004015791585258035,-0.1555073421983883,-0.0379116292739168,0.002389244787806874,-0.17346378975050694,-0.05760411012931533,0.007552441787429164,-0.09193443009792635,-0.01035888962081466,-0.016138898601653275,-0.12201361117700452,-0.02876738333778324,-0.017913291689715696,-0.13808584492109208,-0.0471939354116737,-0.01637208431298754,-0.15290945335308406,-0.06598540696720234,-0.011716653186840495,-0.07602005150521329,-0.02092220500653609,-0.031180240241562473,-0.09766644951834147,-0.028441164773364065,-0.03442489607322733,-0.11597031527229525,-0.039118546653805465,-0.034965893167791216,-0.12988601692773258,-0.050132858244986485,-0.029956459118615046
0.0,0.0,0.0,-0.0261969325051568,-0.009690252561574374,0.030522386772280197,-0.05111512031371031,-0.012976600801154477,0.0523986767916335,-0.07993620154705708,-0.01126871834850603,0.06771260525263997,-0.10815421315452693,-0.0073921595593445435,0.07848146349337191,-0.09845471305125493,6.764717996368703e-18,0.02397280745874464,-0.12612315408030642,-0.012418554202275745,0.03233733781087275,-0.14629826822213482,-0.0233878561944341,0.03771975870357392,-0.1543036228364203,-0.050479966568963745,0.041790352241723214,-0.10034891969512941,6.658401714302341e-18,-9.505708822100149e-20,-0.1366138332986909,-0.015894694754202333,0.0041316129717018715,-0.1554092963705655,-0.037990146207049304,0.0028275500534474104,-0.17341024394933158,-0.05774145615243733,0.008101970894568683,-0.09189868691754945,-0.01029499331182952,-0.016080099913844216,-0.12203388611844829,-0.029024844511355927,-0.01765438092369026,-0.13795005028403964,-0.0473148797834093,-0.015852596446944884,-0.15272080348248135,-0.06633969649105509,-0.011219104982576176,-0.0760692149686837,-0.02088532259147161,-0.031119480832111863,-0.09783591340884079,-0.028510237858704802,-0.03433125581406325,-0.11606284938116278,-0.03930515489259973,-0.0347055181659627,-0.12992115996474643,-0.05032903968182688,-0.029540482413601115
0.0,0.0,0.0,-0.02607442311852932,-0.009728826396464909,0.030553360916015664,-0.05094426076362882,-0.012862843977320916,0.05250691887301911,-0.07977163740541074,-0.011169322197920765,0.06781167331205955,-0.10802670823484524,-0.007205035725989675,0.07852039291081722,-0.0985757167579318,5.609042447154441e-18,0.02400168107317113,-0.12624269396040455,-0.012348022761289061,0.03255637608191558,-0.14639251164886533,-0.02330610367179697,0.038179575162326694,-0.154305511531523,-0.050402987009311305,0.042475323897300056,-0.10041539689251057,7.479845562421205e-18,-3.49431791500749e-19,-0.13694204182994862,-0.015830828532457455,0.004399090101363935,-0.15571352100755917,-0.03796180047887832,0.00342598062794269,-0.17362136489951271,-0.0578859808209232,0.009013111968468865,-0.09195782957502215,-0.010386619950424643,-0.016066962813443147,-0.12213110610985045,-0.02932054573692712,-0.017304581129127614,-0.13800096586806293,-0.047687812187468044,-0.01530721381096944,-0.1526912377370159,-0.0667353269891133,-0.01042127317205233,-0.07608344051307811,-0.021004265895951963,-0.030999181190872412,-0.09795387426967722,-0.02880844664599678,-0.03402512996093621,-0.11618629334101546,-0.03979428074900469,-0.03423312835290566,-0.12993714825484254,-0.05077988189109853,-0.028906135281031323
0.0,0.0,0.0,-0.02606150776522599,-0.009718055465556952,0.03048275474506298,-0.05101227418259636,-0.012823124064966699,0.052436894559651996,-0.07979514946467377,-0.010951289382116503,0.06773675962282516,-0.1081098311364753,-0.007064433496737685,0.07855231823016984,-0.09845969279773087,5.281411321198106e-18,0.023916393968667758,-0.1260388470886931,-0.012419444826886922,0.03253914181863924,-0.14621065667166822,-0.023422734510064193,0.03819389155293082,-0.1540967289435493,-0.05045965224469432,0.04256474001047669,-0.10030732037782648,4.515472680246159e-18,4.388074505134611e-19,-0.13667102673781326,-0.01586140083332488,0.004422563229731856,-0.15537512280662336,-0.03803744561354094,0.003486697454479187,-0.17335964359160522,-0.05794056601350488,0.00902510962769919,-0.09180335850868407,-0.01031311847966051,-0.015966831237546233,-0.12194568025895984,-0.02927749726095206,-0.01716185093181796,-0.13778799769587347,-0.04756878350293417,-0.015213496883957206,-0.15255196269541327,-0.06658852314087281,-0.010437872160597004,-0.07599497097708982,-0.020924643343342344,-0.03083493509999583,-0.09782083879782984,-0.02875102634538504,-0.033968795735913764,-0.11590637218216815,-0.039792553655241154,-0.03415350952572166,-0.12961051742977484,-0.05076326732865884,-0.02884023035773009
0.0,0.0,0.0,-0.026006354850584282,-0.009812895998689019,0.030451894118250535,-0.050989737836330803,-0.012992400887912795,0.052487182226612694,-0.0796881851078462,-0.01105847554754786,0.06769871551787612,-0.10806763447577175,-0.0073764477894183635,0.07861296940708411,-0.09825601588535723,1.0255959675145144e-19,0.023879058962455586,-0.12569345191261352,-0.012418895758156006,0.03243778324017766,-0.14598318051099868,-0.023547800166470453,0.03811069963880745,-0.15376067661683065,-0.050410684978535944,0.04248485192831455,-0.10018219894312261,4.285994787909868e-18,-5.838337814487533e-19,-0.13631075661779538,-0.01585917710312095,0.004280687159723196,-0.15486862205372037,-0.038183131640960516,0.003373039325933353,-0.17285522904997988,-0.05807394986015453,0.008843199760719723,-0.09163224611643299,-0.01017632885701251,-0.015967950510338922,-0.12172894006992194,-0.02913253212390078,-0.017255488482441347,-0.13746108675295052,-0.047352523407174024,-0.015283512147766895,-0.15221587418192228,-0.06647573026743056,-0.010630782110125669,-0.07588472624766301,-0.020756270078469204,-0.030839414252738343,-0.09760379882400697,-0.028511024772986192,-0.034102533150007025,-0.11561136047821605,-0.039582590377055464,-0.03434867737701946,-0.12934868744903133,-0.05058379511232256,-0.029000494182212726
0.0,0.0,0.0,-0.02600639431415912,-0.009843039167738744,0.030507054952520474,-0.050942813737585996,-0.013105803753376808,0.05255878116504335,-0.07959900735120531,-0.011229745055629882,0.06769327412485937,-0.10802204789028053,-0.007706901529290051,0.07859167472502135,-0.09815975720073848,-6.075625308968378e-19,0.023910419236798253,-0.1255957048813555,-0.012454649255938283,0.03247457151133829,-0.14590291977488612,-0.023658009120316903,0.038154640008194435,-0.1536201362890748,-0.050450495307880885,0.04260341931539309,-0.10010171317750546,-3.001071231201362e-18,4.140742343594596e-19,-0.13622281772328568,-0.01584872945587638,0.004347096552880737,-0.1547595409528752,-0.038244483621830735,0.003504745032568411,-0.17275605476733694,-0.058211738765666855,0.009024676143761283,-0.09157005990448752,-0.010144902807605294,-0.015921365912422873,-0.12165060045423344,-0.02910035368137457,-0.01716928994254821,-0.1373951962593274,-0.04734504174240248,-0.015146363010141923,-0.15215340319943865,-0.0665023289006988,-0.010512834656339632,-0.07585495460930504,-0.020736391468912145,-0.03075322415434095,-0.09753290636364448,-0.02852208787346734,-0.03402412739042823,-0.11549270338701496,-0.03964678872481329,-0.03420987643128774,-0.12917555456447125,-0.05070617403517456,-0.02883789666598501
0.0,0.0,0.0,-0.026038725499331422,-0.009795962797734608,0.030570706847100216,-0.05085610948562247,-0.013024050911677855,0.05258397056877549,-0.0792858944252402,-0.011435924218182616,0.06773178253971451,-0.10751130793406685,-0.007858489413107808,0.07853414283856512,-0.09785657667199407,-5.652646567884533e-18,0.023927809750750477,-0.12554234571231757,-0.0123713981580465,0.03242504625422775,-0.14589167248906554,-0.023521518829493892,0.03797750701137834,-0.15356155986953426,-0.0504393169149306,0.042265208667223816,-0.09985671898855113,-4.596517150088064e-18,-6.851114516876075e-20,-0.13617342564127935,-0.015622523293123646,0.0042551143334445376,-0.1548527397775662,-0.037961639174944974,0.003348295324310776,-0.17290685408941284,-0.0579354018185308,0.0089176464794311,-0.0914106432747407,-0.010163081535977642,-0.015945643808782984,-0.12168047331585481,-0.0289191036873794,-0.01724917539011983,-0.13738482640864585,-0.047099462522007286,-0.015185952006450145,-0.15221645195265054,-0.06633349610679115,-0.010598430011417423,-0.07574801088133182,-0.02079915884270095,-0.03089503490204013,-0.09746833646070696,-0.028555783806838084,-0.03413569322400123,-0.11542245595581951,-0.03957140261534795,-0.03428762731919733,-0.12920351182863526,-0.050582778718674073,-0.028933375561602383
0.0,0.0,0.0,-0.02646334047722253,-0.009436339011061062,0.030685939566065096,-0.05113914487416572,-0.012742347383137727,0.0524797142294279,-0.0795703216898503,-0.011412275335653175,0.06774412058625895,-0.1075216034385698,-0.007565126963621806,0.0783457169417783,-0.0979810701154739,-1.4353570652247132e-18,0.023921551459479818,-0.12588983591112538,-0.012134065081269404,0.03212264543212051,-0.14612350111101574,-0.02317202359839933,0.03726883990510638,-0.1540700233785067,-0.050198478433479195,0.04108989869763288,-0.09986162392432126,-1.2813247137024353e-18,-3.717614298623499e-19,-0.1361718638978794,-0.015356915292747611,0.0038407503399945247,-0.15523952615215175,-0.03743391953771438,0.0024580085212556543,-0.17330687234682673,-0.05715517764040467,0.007620464414024972,-0.09149972607034108,-0.010180015438390356,-0.01609840969757766,-0.12186227078991767,-0.028349750974474782,-0.017852191115152644,-0.1377553947942605,-0.046547123480473844,-0.01602267290406844,-0.15269833729364254,-0.06571318650382685,-0.011506992719295608,-0.0757716936819255,-0.020725549826669323,-0.03133752936693505,-0.09726124069122997,-0.02824406704337245,-0.03458286618909717,-0.11555044244957592,-0.03885783193595753,-0.03497110935310725,-0.1297417620813846,-0.04982852761748271,-0.029759753546393757
