x0,y0,z0,x1,y1,z1,x2,y2,z2,x3,y3,z3,x4,y4,z4,x5,y5,z5,x6,y6,z6,x7,y7,z7,x8,y8,z8,x9,y9,z9,x10,y10,z10,x11,y11,z11,x12,y12,z12,x13,y13,z13,x14,y14,z14,x15,y15,z15,x16,y16,z16,x17,y17,z17,x18,y18,z18,x19,y19,z19,x20,y20,z20
0.0,0.0,0.0,-0.007160787528846413,0.030125485733151436,-0.026784829795360565,-0.00986999791348353,0.052479762583971024,-0.05056802183389664,-0.008140986377838999,0.06868116185069084,-0.07589061744511127,-0.004692306800279766,0.07878958806395531,-0.10262203589081764,0.005729147174861282,0.026481978595256805,-0.09305312298238277,-0.0018208483816124499,0.03522111102938652,-0.12131451070308685,-0.00828022655332461,0.04006054624915123,-0.1431869901716709,-0.030141950177494437,0.040651094168424606,-0.15611203759908676,0.007027540763374418,0.004110784386284649,-0.09436469618231058,-0.001502977276686579,0.009241192601621151,-0.13143781945109367,-0.01816573232645169,0.007487848401069641,-0.15460508316755295,-0.03368496760958806,0.011952213943004608,-0.1756109520792961,-0.0024342102115042508,-0.012199049815535545,-0.08891668496653438,-0.01289826404536143,-0.013015884906053543,-0.12134866416454315,-0.02595851436490193,-0.012110015377402306,-0.1405247300863266,-0.04036104545230046,-0.00860499031841755,-0.1585550159215927,-0.012118910963181406,-0.028108123689889908,-0.07556101400405169,-0.014699853549245745,-0.031072445213794708,-0.09751584194600582,-0.02105315640801564,-0.03258014842867851,-0.11871070601046085,-0.02875063434476033,-0.027802549302577972,-0.13458719477057457
0.0,0.0,0.0,-0.006266558251809329,0.02972993068397045,-0.026538662612438202,-0.008200590207707137,0.05231758952140808,-0.05060556158423424,-0.005713955673854798,0.06822792813181877,-0.07550707086920738,-0.001305471349041909,0.07831814512610435,-0.1022465918213129,0.005982165515888482,0.02629799395799637,-0.0931257726624608,-0.001213052251841873,0.03541450574994087,-0.12166999280452728,-0.006461154378484935,0.039890360087156296,-0.1434684433043003,-0.027468612126540393,0.04076894745230675,-0.15634119510650635,0.0070893241208978,0.00415592547506094,-0.09419898269698024,-0.0010403702617622912,0.009560086764395237,-0.13171757757663727,-0.016083610884379596,0.0077528394758701324,-0.1552460789680481,-0.030001086823176593,0.012214921414852142,-0.17595775425434113,-0.002371333015616983,-0.012022428214550018,-0.0888598202727735,-0.012459024495910853,-0.012492123991250992,-0.12154440581798553,-0.024953398562502116,-0.011672470718622208,-0.14062244072556496,-0.037541100464295596,-0.007947864010930061,-0.15893345326185226,-0.011808841198217124,-0.028032731264829636,-0.07568290829658508,-0.014298472262453288,-0.031059786677360535,-0.09784822352230549,-0.020157219551037997,-0.03233741223812103,-0.1190316192805767,-0.026788968301843852,-0.027574222534894943,-0.1348571851849556
0.0,0.0,0.0,-0.005235348362475634,0.02961043082177639,-0.026862837374210358,-0.007784215267747641,0.05184417590498924,-0.05145593732595444,-0.006137167569249868,0.06787310913205147,-0.07617743499577045,-0.002385041560046375,0.0782756544649601,-0.10224049910902977,0.004258674569427967,0.026368509978055954,-0.09319383930414915,-0.0033957920968532562,0.035430509597063065,-0.1216273084282875,-0.008753291796892881,0.03978061303496361,-0.14266392588615417,-0.029563060961663723,0.04049864411354065,-0.15594447404146194,0.004633940290659666,0.004512301879003644,-0.09425567137077451,-0.004213479580357671,0.010139793157577515,-0.13147634267807007,-0.018155801109969616,0.007893547415733337,-0.1548585593700409,-0.03099954966455698,0.012295687571167946,-0.1754542663693428,-0.00481400964781642,-0.011438640765845776,-0.08911777101457119,-0.014858310110867023,-0.01174064353108406,-0.12095968797802925,-0.027212263084948063,-0.011232919991016388,-0.14078133553266525,-0.03816589619964361,-0.006954517215490341,-0.15908920019865036,-0.013874205760657787,-0.027333758771419525,-0.07588236406445503,-0.01671116892248392,-0.030305542051792145,-0.09734700713306665,-0.021979310549795628,-0.03146562725305557,-0.11826984956860542,-0.028198053129017353,-0.026773499324917793,-0.13421520218253136
0.0,0.0,0.0,-0.00524940641480498,0.029812844470143318,-0.027428559958934784,-0.006767308077542111,0.05196214094758034,-0.051481492817401886,-0.004773381835548207,0.06754560396075249,-0.07665412127971649,0.00026550587062956765,0.07751931622624397,-0.10250647366046906,0.006088855938287452,0.026136914268136024,-0.09392268396914005,-0.0017490576428826898,0.035182926803827286,-0.12256058678030968,-0.007526621891884133,0.039141926914453506,-0.14368664845824242,-0.029055461491225287,0.04028838500380516,-0.15678497403860092,0.006391871051164344,0.004125126986764371,-0.09480669815093279,-0.0026028223510365933,0.009491834789514542,-0.13225194066762924,-0.016874179447768256,0.007725860923528671,-0.15579135715961456,-0.030906310508726165,0.012203793972730637,-0.17619075626134872,-0.0034700969408731908,-0.012197073549032211,-0.08938639517873526,-0.01390022152918391,-0.01272844709455967,-0.12150929123163223,-0.026652332599041983,-0.011934338137507439,-0.14106331765651703,-0.03870167789864354,-0.007224150002002716,-0.15914402902126312,-0.01339097713935189,-0.027851197868585587,-0.07575508113950491,-0.01602953692781739,-0.03098791465163231,-0.09785135462880135,-0.021489048580406234,-0.03222192823886871,-0.11895829066634178,-0.027754722366807982,-0.02741416171193123,-0.13497022539377213
0.0,0.0,0.0,-0.005137893618666567,0.029725756496191025,-0.027185633778572083,-0.006822682698839344,0.05165473744273186,-0.05150189250707626,-0.004910734263830818,0.06736093014478683,-0.07660000026226044,-0.00020176565521978773,0.07782754302024841,-0.10229749791324139,0.006061453590518795,0.02581905759871006,-0.09393824730068445,-0.0015492147213080898,0.03495487570762634,-0.12247207015752792,-0.007103863419615664,0.03897970914840698,-0.1438896358013153,-0.028203554233186878,0.0399910993874073,-0.15709347277879715,0.006052816039300524,0.003934965934604406,-0.09507582383230329,-0.003043540069484152,0.009128089994192123,-0.13263343274593353,-0.01696073055791203,0.007286684587597847,-0.15625875443220139,-0.03068811983393971,0.011487487703561783,-0.17685894668102264,-0.0039114125684136525,-0.012338941916823387,-0.08984341565519571,-0.01403064352052752,-0.012843318283557892,-0.121691033244133,-0.026531534051173367,-0.012297743931412697,-0.1421317607164383,-0.03833296128141228,-0.00794982723891735,-0.16049697995185852,-0.0135408954374725,-0.028244473040103912,-0.07613777182996273,-0.016637448003166355,-0.031137648969888687,-0.09827490616589785,-0.022106151809566654,-0.032241035252809525,-0.11925911344587803,-0.028451924925320782,-0.02795116975903511,-0.13564487546682358
0.0,0.0,0.0,-0.004327736678533256,0.02933579869568348,-0.0279662124812603,-0.005051138228736818,0.0515446700155735,-0.052197955548763275,-0.0018138975137844682,0.06718890368938446,-0.07713811658322811,0.0024872756330296397,0.07716340571641922,-0.102556636556983,0.00617735565174371,0.025097670033574104,-0.09439154993742704,-0.0008288458921015263,0.03465111553668976,-0.12285521626472473,-0.005158788408152759,0.03893948718905449,-0.14400147274136543,-0.02430158935021609,0.0395798534154892,-0.15705304592847824,0.005787185509689152,0.0037253537448123097,-0.09513564687222242,-0.002645870321430266,0.009231449104845524,-0.13265635073184967,-0.01506404287647456,0.007138719782233238,-0.1561547964811325,-0.027270941878668964,0.011408567428588867,-0.17659346759319305,-0.004242545808665454,-0.012153144925832748,-0.08997303014621139,-0.013186102616600692,-0.012813877314329147,-0.12202252075076103,-0.024127888376824558,-0.012429296970367432,-0.14257492870092392,-0.03429043560754508,-0.008008727803826332,-0.1607528254389763,-0.013545094872824848,-0.02836877852678299,-0.07650937233120203,-0.015684584039263427,-0.03132730722427368,-0.09894771873950958,-0.02053286030422896,-0.03254590556025505,-0.1198347881436348,-0.026250786031596363,-0.02790885791182518,-0.13605818897485733
0.0,0.0,0.0,-0.004444344085641205,0.02969476208090782,-0.027773529291152954,-0.0057171384105458856,0.051519352942705154,-0.05214653164148331,-0.00269357452634722,0.06734350696206093,-0.07707700505852699,0.001593582273926586,0.07756055518984795,-0.10297955945134163,0.006954794633202255,0.025452183559536934,-0.09450161270797253,-0.0003471840173006058,0.034987837076187134,-0.12300991639494896,-0.0051842714892700315,0.03921649977564812,-0.14383581280708313,-0.025826849159784615,0.03976885974407196,-0.15711498260498047,0.006821862771175802,0.003925612312741578,-0.09532244084402919,-0.0022525390377268195,0.009547505527734756,-0.1326800137758255,-0.015875959885306656,0.007133450359106064,-0.15607061982154846,-0.029017437365837395,0.011454449966549873,-0.1767020747065544,-0.0031851945677772164,-0.012084687128663063,-0.0902623818255961,-0.012370421667583287,-0.012594152241945267,-0.12213482335209846,-0.024896904942579567,-0.012619039043784142,-0.14285294711589813,-0.035811428097076714,-0.007854828611016273,-0.16105205565690994,-0.012730994378216565,-0.0282617025077343,-0.07683867309242487,-0.015300788101740181,-0.03136472404003143,-0.09880905784666538,-0.020739525672979653,-0.03248513862490654,-0.11970249563455582,-0.027287291479296982,-0.027984734624624252,-0.13610287383198738
0.0,0.0,0.0,-0.004117323085665703,0.030001666396856308,-0.027828358113765717,-0.0058964574709534645,0.05196617543697357,-0.052344806492328644,-0.0033741830848157406,0.06837677583098412,-0.07756798341870308,0.0007730301003903151,0.07781000807881355,-0.10428532771766186,0.009584789630025625,0.02691527083516121,-0.09488346986472607,0.001741071231663227,0.035708386451005936,-0.12374045699834824,-0.003837406635284424,0.03970528021454811,-0.1442488618195057,-0.02627807203680277,0.040126897394657135,-0.15810352563858032,0.009478130843490362,0.004862679983489215,-0.0956711801700294,-0.0004362459294497967,0.010273965075612068,-0.13330471515655518,-0.015130859799683094,0.007321629673242569,-0.1564881131052971,-0.029214401729404926,0.01173497550189495,-0.1776885762810707,-0.0009472537785768509,-0.011492626741528511,-0.09066971624270082,-0.01085961889475584,-0.011917706578969955,-0.12260184809565544,-0.024469363503158092,-0.012421639636158943,-0.14365488290786743,-0.03603633586317301,-0.00785854086279869,-0.16213403642177582,-0.011183816939592361,-0.027869030833244324,-0.07719080150127411,-0.014234754256904125,-0.03104975074529648,-0.09915334451943636,-0.02009729016572237,-0.031958483159542084,-0.1202319860458374,-0.027043662033975124,-0.027602609246969223,-0.13667696714401245
0.0,0.0,0.0,-0.0036430740728974342,0.030087381601333618,-0.028113245964050293,-0.005050685256719589,0.05207058787345886,-0.05243261903524399,-0.001867462880909443,0.06824242323637009,-0.07829406298696995,0.003180883824825287,0.07733646780252457,-0.10500311478972435,0.011669926811009645,0.026781532913446426,-0.09512865450233221,0.003991347621195018,0.035130761563777924,-0.12430769950151443,-0.0018317056819796562,0.03898022696375847,-0.1446387767791748,-0.02463478595018387,0.03931185603141785,-0.1583838015794754,0.011785483919084072,0.004371269838884473,-0.09597380831837654,0.0018266206607222557,0.009418669156730175,-0.13373620063066483,-0.012840412557125092,0.006409173831343651,-0.15691304206848145,-0.027263842523097992,0.010564163327217102,-0.1780073121190071,0.001128106378018856,-0.012117577716708183,-0.09094930673018098,-0.008684277534484863,-0.013054709881544113,-0.12317552417516708,-0.022237231954932213,-0.013417091220617294,-0.1443849541246891,-0.033922553062438965,-0.008872570469975471,-0.1628047302365303,-0.009609947912395,-0.02865276113152504,-0.07764638029038906,-0.012444045394659042,-0.03181798383593559,-0.0996476411819458,-0.018137330189347267,-0.03283403441309929,-0.12053228542208672,-0.02522037737071514,-0.02859046310186386,-0.13710326701402664
0.0,0.0,0.0,-0.005593390553258359,0.030449360609054565,-0.02793595939874649,-0.007809875882230699,0.05234704166650772,-0.05194605886936188,-0.005720966379158199,0.06855875998735428,-0.07737758196890354,-0.0009598886827006936,0.07836717367172241,-0.1040558535605669,0.008023842819966376,0.027106326073408127,-0.09474815893918276,-2.371345181018114e-05,0.03627149388194084,-0.12368988245725632,-0.006104188389144838,0.04044149070978165,-0.14456156641244888,-0.029564489028416574,0.04111039638519287,-0.1580578163266182,0.008314024307765067,0.005078917951323092,-0.09582466911524534,-0.0014133924851194024,0.01064921822398901,-0.1334041729569435,-0.01724196446593851,0.00787557102739811,-0.1565992385149002,-0.031984821311198175,0.012394813820719719,-0.17748090624809265,-0.0018294235924258828,-0.011262297630310059,-0.09047430194914341,-0.01246563473250717,-0.012165416032075882,-0.12260758131742477,-0.026492400444112718,-0.012269966304302216,-0.1425841674208641,-0.03945398738142103,-0.007531497627496719,-0.16086310148239136,-0.012149736634455621,-0.027490243315696716,-0.07686437480151653,-0.01508884725626558,-0.030776508152484894,-0.09878346417099237,-0.021411892375908792,-0.0318741574883461,-0.11977240443229675,-0.02869849873241037,-0.02699681743979454,-0.13599355518817902
0.0,0.0,0.0,-0.00569737097248435,0.031023353338241577,-0.028409935534000397,-0.007690756116062403,0.05277566984295845,-0.05188032239675522,-0.0047576711513102055,0.0687514878809452,-0.07741058245301247,0.0009100851602852345,0.07827774062752724,-0.10424497909843922,0.011405734810978174,0.02715318463742733,-0.09500918444246054,0.004131490946747363,0.03547320142388344,-0.12473059073090553,-0.0024820328690111637,0.03969491645693779,-0.145864587277174,-0.025960539933294058,0.04060659930109978,-0.15939480811357498,0.012497135438024998,0.0037906825309619308,-0.09619643865153193,0.003638800233602524,0.010062114335596561,-0.13480772078037262,-0.012377706822007895,0.0074870288372039795,-0.15818671882152557,-0.028294177260249853,0.012400642037391663,-0.1791410893201828,0.002105075865983963,-0.012169741094112396,-0.09112531645223498,-0.008545542601495981,-0.01276390440762043,-0.12357860058546066,-0.023064907174557447,-0.012196369469165802,-0.14473214745521545,-0.03695069765672088,-0.007325315847992897,-0.1622231900691986,-0.008678929414600134,-0.0279189795255661,-0.07760835997760296,-0.01123069180175662,-0.031039070338010788,-0.09990760032087564,-0.01743903709575534,-0.032282110303640366,-0.12116443179547787,-0.025587317999452353,-0.02780081331729889,-0.1370834819972515
0.0,0.0,0.0,-0.006174665875732899,0.030825501307845116,-0.027873553335666656,-0.0071622030809521675,0.053497299551963806,-0.051594872027635574,-0.0026354948058724403,0.06868953630328178,-0.07831822708249092,0.0036725099198520184,0.07735437527298927,-0.10600589029490948,0.015407502185553312,0.026661021634936333,-0.09506780374795198,0.008667800924740732,0.03437864035367966,-0.12511548772454262,0.0020099347457289696,0.0392136424779892,-0.1470755711197853,-0.0216617314144969,0.04053318873047829,-0.1603039726614952,0.017206983640789986,0.0027152295224368572,-0.09647434670478106,0.009284251427743584,0.007771079428493977,-0.13601941615343094,-0.007706425152719021,0.005991222336888313,-0.1591619998216629,-0.024444143287837505,0.011998014524579048,-0.1806783303618431,0.006765503203496337,-0.013875763863325119,-0.091111168731004,-0.004462305456399918,-0.015074891969561577,-0.12462259456515312,-0.019476703368127346,-0.014146437868475914,-0.1456390991806984,-0.034378199838101864,-0.009157886728644371,-0.1635161116719246,-0.004781668074429035,-0.029558956623077393,-0.0778413051739335,-0.006776965223252773,-0.0329328291118145,-0.10067226458340883,-0.013884429819881916,-0.03403107076883316,-0.12182683683931828,-0.02255272399634123,-0.028737127780914307,-0.13779862225055695
0.0,0.0,0.0,-0.006162719801068306,0.030659031122922897,-0.027750074863433838,-0.007475181482732296,0.053266577422618866,-0.05148966982960701,-0.0031336424872279167,0.06862396001815796,-0.07814747095108032,0.0028787311166524887,0.07742428779602051,-0.10603855922818184,0.014725676737725735,0.026761874556541443,-0.09500153083354235,0.007504502427764237,0.03449051082134247,-0.12478290498256683,0.0008440827950835228,0.03926180675625801,-0.14652661606669426,-0.023245359770953655,0.04058076813817024,-0.15985144674777985,0.016375461127609015,0.0030229229014366865,-0.09641546243801713,0.008004876784980297,0.008046300150454044,-0.1355050802230835,-0.009058994241058826,0.006186917424201965,-0.158553846180439,-0.025745942257344723,0.01210755854845047,-0.18002291023731232,0.00589898694306612,-0.01347862184047699,-0.09103178745135665,-0.005462302826344967,-0.014674082398414612,-0.1241731122136116,-0.020543248392641544,-0.013984384015202522,-0.1450686827301979,-0.03536397870630026,-0.009066268801689148,-0.16288651525974274,-0.005537751130759716,-0.029139380902051926,-0.07772678602486849,-0.007611886598169804,-0.03261028230190277,-0.10037740226835012,-0.01470061857253313,-0.03371468186378479,-0.1214393861591816,-0.023172094486653805,-0.028528548777103424,-0.1372646652162075
0.0,0.0,0.0,-0.005412956699728966,0.030460095033049583,-0.027796246111392975,-0.006812321022152901,0.05303596332669258,-0.05046117678284645,-0.0008437512442469597,0.06855520606040955,-0.07700926065444946,0.0037266360595822334,0.07710666954517365,-0.10425295680761337,0.017036336474120617,0.02622061036527157,-0.09368960745632648,0.010073389683384448,0.03430306166410446,-0.12353305518627167,0.00166364386677742,0.03958001360297203,-0.14530840516090393,-0.022733474150300026,0.04056693613529205,-0.15823493152856827,0.018586548045277596,0.0030187005177140236,-0.09573613200336695,0.009920637588948011,0.00812319852411747,-0.13336341455578804,-0.00834667682647705,0.006770210340619087,-0.15602752566337585,-0.026753360405564308,0.01114317774772644,-0.17795518040657043,0.007734793005511165,-0.012971796095371246,-0.08988005481660366,-0.00399915874004364,-0.014002922922372818,-0.12269877642393112,-0.019693123176693916,-0.01337490789592266,-0.1433907374739647,-0.0357957798987627,-0.00934569351375103,-0.16082046926021576,-0.0043950797989964485,-0.028715424239635468,-0.07701760344207287,-0.006583796814084053,-0.03168967366218567,-0.09987858310341835,-0.014879215508699417,-0.03313140943646431,-0.12000022642314434,-0.023693280294537544,-0.027617286890745163,-0.1360335387289524
0.0,0.0,0.0,-0.005829318426549435,0.030253663659095764,-0.027525752782821655,-0.007545263506472111,0.05273105204105377,-0.050676506012678146,-0.0014169234782457352,0.06794441118836403,-0.07727941684424877,0.0028268168680369854,0.07652923092246056,-0.10466178879141808,0.016634942963719368,0.025840476155281067,-0.0938131082803011,0.00953024358022958,0.03391392156481743,-0.1234472393989563,0.0006499551236629486,0.039144426584243774,-0.14602363854646683,-0.02308384794741869,0.04043370857834816,-0.1584843397140503,0.018308408092707396,0.0025673548225313425,-0.09604137949645519,0.00975202047266066,0.007334934547543526,-0.1335044950246811,-0.00858431775122881,0.006544692441821098,-0.1565140038728714,-0.026995168067514896,0.010557960718870163,-0.17849959433078766,0.007570668356493115,-0.013662200421094894,-0.08992205280810595,-0.004775175824761391,-0.014848768711090088,-0.12313065677881241,-0.01939565595239401,-0.013310778886079788,-0.14274099841713905,-0.03686345461755991,-0.009956935420632362,-0.16043472290039062,-0.004516541957855225,-0.02977508306503296,-0.07714276574552059,-0.007047657854855061,-0.032309696078300476,-0.10046064388006926,-0.015262202359735966,-0.03379765525460243,-0.12043993547558784,-0.02376715186983347,-0.02855776622891426,-0.1367122009396553
0.0,0.0,0.0,-0.0028055161237716675,0.02961595170199871,-0.026548944413661957,-0.003951858729124069,0.05224856734275818,-0.05080590024590492,0.0029669683426618576,0.06846661493182182,-0.07656287960708141,0.006382767576724291,0.07621687278151512,-0.10395000129938126,0.01949906162917614,0.026194585487246513,-0.09263955522328615,0.012686093148658983,0.03458671644330025,-0.120954729616642,0.003856266848742962,0.04023452475667,-0.14370866864919662,-0.019264595583081245,0.04153663292527199,-0.15731552243232727,0.020251672249287367,0.0033548043575137854,-0.09472960792481899,0.012076308310497552,0.008407813496887684,-0.13107905164361,-0.005513407289981842,0.007509049028158188,-0.1543932780623436,-0.024629762396216393,0.010584801435470581,-0.1768549680709839,0.00856562633998692,-0.01243998110294342,-0.0889212004840374,-0.003253728151321411,-0.012866377830505371,-0.12134841084480286,-0.01643599011003971,-0.012017171829938889,-0.1410127878189087,-0.033326299861073494,-0.009474752470850945,-0.15872608125209808,-0.0035004373639822006,-0.02864045649766922,-0.07620245311409235,-0.006296386942267418,-0.030329331755638123,-0.09954133816063404,-0.014212856069207191,-0.032701071351766586,-0.11956245079636574,-0.020815609022974968,-0.02854645624756813,-0.13566964492201805
0.0,0.0,0.0,-0.003158380277454853,0.029915280640125275,-0.026111282408237457,-0.005180384032428265,0.05287930369377136,-0.050542622804641724,0.0014898767694830894,0.06910203024744987,-0.07734212279319763,0.004457468166947365,0.07691744342446327,-0.10481510870158672,0.018677701242268085,0.027103636413812637,-0.09276457224041224,0.01179883410804905,0.034937458112835884,-0.12112951278686523,0.0026222914457321167,0.040324658155441284,-0.14390626922249794,-0.020712831057608128,0.04128959774971008,-0.15700571984052658,0.019862253684550524,0.003936525899916887,-0.09489274071529508,0.01123593800002709,0.008458343334496021,-0.13103777542710304,-0.006586714647710323,0.00697154738008976,-0.15391191840171814,-0.0254445718601346,0.010192964226007462,-0.17603982985019684,0.008646024158224463,-0.012359805405139923,-0.08889043284580112,-0.0033773407340049744,-0.013414883986115456,-0.12135497853159904,-0.01687667053192854,-0.012559035792946815,-0.1405741646885872,-0.03385110665112734,-0.009770812466740608,-0.15810475498437881,-0.0034183580428361893,-0.029017437249422073,-0.07603881414979696,-0.005951144732534885,-0.030694294720888138,-0.09897300973534584,-0.013768156059086323,-0.032779257744550705,-0.11858474463224411,-0.020469949580729008,-0.028661195188760757,-0.1348494067788124
0.0,0.0,0.0,-0.003624578006565571,0.030266908928751945,-0.026385903358459473,-0.005374283529818058,0.052887849509716034,-0.05035752058029175,0.0015140175819396973,0.06899667531251907,-0.07753267325460911,0.004831898957490921,0.07595540583133698,-0.10467640683054924,0.018477079458534718,0.02749168686568737,-0.09338939562439919,0.012466565880458802,0.03501579537987709,-0.12221242487430573,0.0037704119458794594,0.04061230644583702,-0.14492034912109375,-0.01943834964185953,0.04138645902276039,-0.15764033049345016,0.020794552750885487,0.0033524963073432446,-0.09514261595904827,0.012888134762761183,0.007781272754073143,-0.13295618072152138,-0.004449843429028988,0.00686749629676342,-0.15565797686576843,-0.023474608547985554,0.010688718408346176,-0.17730122804641724,0.009648706065490842,-0.013216009363532066,-0.08927406929433346,-0.0021409764885902405,-0.014482151716947556,-0.1225966140627861,-0.015029027126729488,-0.013491682708263397,-0.14229759201407433,-0.03243447933346033,-0.010848427191376686,-0.15945014357566833,-0.0027056513354182243,-0.030209340155124664,-0.07610360905528069,-0.004841660149395466,-0.032170262187719345,-0.09979560971260071,-0.012088083662092686,-0.03417445346713066,-0.12044863402843475,-0.01863402221351862,-0.029859554022550583,-0.136881984770298
0.0,0.0,0.0,-0.004176906310021877,0.03008413314819336,-0.02651584893465042,-0.006349462084472179,0.052749037742614746,-0.04997289553284645,-8.326303213834763e-05,0.06862295418977737,-0.0775801483541727,0.0035120025277137756,0.07581625133752823,-0.1047227643430233,0.018599650356918573,0.026902949437499046,-0.09301044140011072,0.012162055558292195,0.034354597330093384,-0.12230566143989563,0.0024492591619491577,0.03995751217007637,-0.14493852108716965,-0.021729865111410618,0.040919072926044464,-0.1574665606021881,0.020509888418018818,0.002903444692492485,-0.094994708430022,0.012325000599958003,0.00752909854054451,-0.13282319903373718,-0.005562375299632549,0.006588811054825783,-0.15532302111387253,-0.02575035858899355,0.010218475013971329,-0.177409365773201,0.009265626547858119,-0.013488560914993286,-0.08911874378100038,-0.0032134661450982094,-0.014777712523937225,-0.1221339963376522,-0.016621015034615993,-0.01372351311147213,-0.14174478501081467,-0.03514744061976671,-0.010943619534373283,-0.1588899791240692,-0.0031847478821873665,-0.030157584697008133,-0.07584744971245527,-0.005481366999447346,-0.032098326832056046,-0.09992898628115654,-0.01342546846717596,-0.03430058807134628,-0.120137769728899,-0.02070352155715227,-0.029828935861587524,-0.13646158948540688
0.0,0.0,0.0,-0.004339488223195076,0.030134299769997597,-0.026811666786670685,-0.006056975573301315,0.05290304496884346,-0.050171323120594025,0.001168748363852501,0.06888294965028763,-0.07783687114715576,0.0059546977281570435,0.07611034065485,-0.10543376579880714,0.020538376178592443,0.026500504463911057,-0.09338957816362381,0.014192800554155838,0.034093812108039856,-0.12309955060482025,0.0040893396362662315,0.03985225409269333,-0.14557771384716034,-0.020345797762274742,0.040899865329265594,-0.1582723781466484,0.02237362042069435,0.0023952433839440346,-0.09562409529462457,0.01443351861962583,0.007204793393611908,-0.13347376137971878,-0.00379081629216671,0.006312882527709007,-0.1562255546450615,-0.024127626791596413,0.009748503565788269,-0.17835821956396103,0.01106800395064056,-0.0140201635658741,-0.08976603345945477,-0.0015618503093719482,-0.01527990773320198,-0.12285274267196655,-0.015407148748636246,-0.013917498290538788,-0.14256098866462708,-0.03413251228630543,-0.011004948988556862,-0.15956278145313263,-0.0014732647687196732,-0.03059307485818863,-0.07664027810096741,-0.0041469912976026535,-0.0323355570435524,-0.10050968173891306,-0.012284621596336365,-0.034495625644922256,-0.12098405510187149,-0.0199535321444273,-0.02960135042667389,-0.13707417249679565
0.0,0.0,0.0,-0.005237279459834099,0.030523544177412987,-0.027122773230075836,-0.006033312529325485,0.053090278059244156,-0.05071043595671654,0.0008398666977882385,0.0690608099102974,-0.0785166546702385,0.006505152676254511,0.07732173055410385,-0.1060244981199503,0.019375373143702745,0.026845024898648262,-0.09389456827193499,0.012841689167544246,0.034838445484638214,-0.12360147014260292,0.0038735074922442436,0.040352270007133484,-0.1457185298204422,-0.0195498988032341,0.04175639897584915,-0.15869762748479843,0.021340347360819578,0.003254001261666417,-0.09636463923379779,0.013545503494242439,0.008359994739294052,-0.1341068595647812,-0.004130333662033081,0.007124526426196098,-0.15684745460748672,-0.021861668676137924,0.011195864528417587,-0.1793687418103218,0.010747471591457725,-0.013109501451253891,-0.09035624843090773,-0.001533767208456993,-0.014188321307301521,-0.12331249564886093,-0.015548089519143105,-0.01334749162197113,-0.14336827397346497,-0.03233085945248604,-0.010085264220833778,-0.16074354946613312,-0.0014728335663676262,-0.02917129546403885,-0.077552055940032,-0.003732377663254738,-0.03161010891199112,-0.10078452061861753,-0.011220062151551247,-0.0331714004278183,-0.12100835889577866,-0.01929677277803421,-0.02780822105705738,-0.13674434274435043
0.0,0.0,0.0,-0.005883136764168739,0.03030112199485302,-0.026674263179302216,-0.007789872586727142,0.053295571357011795,-0.04993293061852455,-0.002612837590277195,0.06934785097837448,-0.07639843039214611,0.002917809411883354,0.0776267945766449,-0.10454772412776947,0.016549050342291594,0.02682390995323658,-0.09434547368437052,0.00915781781077385,0.034676942974328995,-0.1235894188284874,0.0014871172606945038,0.04026640206575394,-0.1446836218237877,-0.023677539080381393,0.041376322507858276,-0.15784818679094315,0.018899942748248577,0.0032637929543852806,-0.09624881157651544,0.010049168835394084,0.0088094063103199,-0.134400375187397,-0.008136086165904999,0.006910111755132675,-0.15677470713853836,-0.026495937258005142,0.011913007125258446,-0.17810775339603424,0.008701449958607554,-0.013039421290159225,-0.09100356325507164,-0.0032522259280085564,-0.013453267514705658,-0.12308544293045998,-0.020034004002809525,-0.01355375163257122,-0.14406945183873177,-0.0354265496134758,-0.009306222200393677,-0.16109783947467804,-0.0027567194774746895,-0.028326284140348434,-0.07753914687782526,-0.005582798272371292,-0.0313558429479599,-0.09980691038072109,-0.014130262657999992,-0.03260045871138573,-0.1200220063328743,-0.023676704615354538,-0.027420271188020706,-0.13529494777321815
0.0,0.0,0.0,-0.006347360089421272,0.030690059065818787,-0.02745429426431656,-0.008073365315794945,0.05310192331671715,-0.050366658717393875,-0.0024659233167767525,0.06838886812329292,-0.07768501527607441,0.0015135016292333603,0.07669628039002419,-0.1050846092402935,0.01652107574045658,0.026316899806261063,-0.09402801282703876,0.009726592747028917,0.03438194468617439,-0.12368302792310715,0.0009432872757315636,0.039897605776786804,-0.1461285501718521,-0.02204684168100357,0.040865592658519745,-0.15864774584770203,0.018197282683104277,0.002801493275910616,-0.09616515319794416,0.01092567914747633,0.007899502292275429,-0.134346142411232,-0.007193665951490402,0.006940145045518875,-0.15732013434171677,-0.025051966309547424,0.011048655956983566,-0.1794888749718666,0.007721073925495148,-0.013594694435596466,-0.09020054433494806,-0.004627234302461147,-0.014936916530132294,-0.12338248267769814,-0.018740464001893997,-0.013561801984906197,-0.1428280770778656,-0.03665323555469513,-0.01026201993227005,-0.1601550653576851,-0.004280831664800644,-0.029660236090421677,-0.07727095764130354,-0.006558751687407494,-0.03217773512005806,-0.10070121940225363,-0.014269797131419182,-0.03377000615000725,-0.12143681570887566,-0.022729530930519104,-0.02867775410413742,-0.1373876929283142
0.0,0.0,0.0,-0.0051383813843131065,0.030040016397833824,-0.02584458887577057,-0.009020186960697174,0.052604977041482925,-0.048777978867292404,-0.0032727885991334915,0.06861811503767967,-0.07618827186524868,-0.0014038877561688423,0.07745442166924477,-0.10377242788672447,0.014517774805426598,0.02761717699468136,-0.09369382169097662,0.007565953768789768,0.035294197499752045,-0.12300389632582664,-0.0010877801105380058,0.04147351160645485,-0.14487123489379883,-0.024318866431713104,0.04186732694506645,-0.1578701138496399,0.016222404316067696,0.003989936783909798,-0.09569065878167748,0.008323875947098713,0.008796671405434608,-0.13329801335930824,-0.009729214012622833,0.007946956902742386,-0.15638013929128647,-0.0289173386991024,0.01157495379447937,-0.1773138865828514,0.00537613732740283,-0.01291334256529808,-0.08987156627699733,-0.007262572646141052,-0.0137627013027668,-0.12291596829891205,-0.0211225263774395,-0.012597903609275818,-0.1421048492193222,-0.03969496488571167,-0.009930728003382683,-0.15924767404794693,-0.006076524965465069,-0.029131393879652023,-0.07631894014775753,-0.009703895077109337,-0.030648767948150635,-0.099745137616992,-0.01842331886291504,-0.032798491418361664,-0.12030855379998684,-0.027146272361278534,-0.028428848832845688,-0.1355259269475937
0.0,0.0,0.0,-0.005000986158847809,0.029913628473877907,-0.025741487741470337,-0.008804838173091412,0.05260397121310234,-0.04889821261167526,-0.002946353517472744,0.0686613954603672,-0.07620393484830856,-0.0009623030200600624,0.07752431556582451,-0.10383540578186512,0.014476491138339043,0.0275447778403759,-0.09369164239615202,0.007610678090713918,0.035249773412942886,-0.12288971245288849,-0.001133139245212078,0.04149759188294411,-0.14475534111261368,-0.024177278392016888,0.041966184973716736,-0.1578250229358673,0.016150055918842554,0.004041660577058792,-0.09564301325008273,0.008260735266958363,0.008679917082190514,-0.13315670564770699,-0.009659054689109325,0.007936783134937286,-0.15632212907075882,-0.02897219266742468,0.01159672811627388,-0.17716912180185318,0.005343864904716611,-0.013005591928958893,-0.0898006521165371,-0.007238070480525494,-0.013902107253670692,-0.12284679338335991,-0.021020161919295788,-0.012596795335412025,-0.14204833284020424,-0.039429313503205776,-0.009722167626023293,-0.15915951132774353,-0.005934242159128189,-0.02930048108100891,-0.07624224200844765,-0.009580410085618496,-0.030763640999794006,-0.09968725126236677,-0.018234766088426113,-0.03313399478793144,-0.12033583968877792,-0.026777434162795544,-0.028596650809049606,-0.1356683298945427
0.0,0.0,0.0,-0.004824444651603699,0.03031720593571663,-0.026017941534519196,-0.006662294268608093,0.05326508358120918,-0.04955852031707764,0.0006355298683047295,0.06939616799354553,-0.07717018574476242,0.004546701908111572,0.07849135249853134,-0.10458891279995441,0.018932639621198177,0.028080828487873077,-0.09359276760369539,0.01172527892049402,0.03622082620859146,-0.12235156446695328,0.002250365912914276,0.041956301778554916,-0.1445649079978466,-0.02107340283691883,0.043198563158512115,-0.1574578806757927,0.020776391960680485,0.004359335172921419,-0.09589527873322368,0.012257828435394913,0.009498552419245243,-0.13314009830355644,-0.006097882986068726,0.008795421570539474,-0.1558913141489029,-0.024826301261782646,0.012713488191366196,-0.17788756638765335,0.00970297702588141,-0.012587953358888626,-0.09015865763649344,-0.003148641437292099,-0.013162825256586075,-0.12312084808945656,-0.016941986978054047,-0.011706642806529999,-0.14231931418180466,-0.03489251993596554,-0.008459031581878662,-0.15928872674703598,-0.0021982546895742416,-0.029181063175201416,-0.07721553184092045,-0.005218708887696266,-0.0307234488427639,-0.1005621887743473,-0.013417085632681847,-0.03246988728642464,-0.12096568569540977,-0.021139511838555336,-0.027408048510551453,-0.1365029402077198
0.0,0.0,0.0,-0.008282921276986599,0.03037921153008938,-0.025936588644981384,-0.011775176972150803,0.05283168703317642,-0.04924961179494858,-0.009725412353873253,0.06783198565244675,-0.07600440829992294,-0.0057092998176813126,0.0775453969836235,-0.10314588434994221,0.011009127832949162,0.027672452852129936,-0.09407059662044048,0.00344521994702518,0.03596096485853195,-0.12302814796566963,-0.004362305626273155,0.04130646213889122,-0.14519044384360313,-0.028840195387601852,0.04275323078036308,-0.15738429129123688,0.013724366668611765,0.004126409301534295,-0.09653519606217742,0.00563639058964327,0.009182029403746128,-0.13500096276402473,-0.012924188748002052,0.008111678063869476,-0.15803220868110657,-0.03153587505221367,0.013310089707374573,-0.1786218285560608,0.004177734022960067,-0.012806292623281479,-0.09088298166170716,-0.008440203033387661,-0.013867728412151337,-0.12382195144891739,-0.02409716695547104,-0.012332955375313759,-0.14303870499134064,-0.04157601669430733,-0.00816250964999199,-0.16074859350919724,-0.006659875623881817,-0.02854544296860695,-0.07750347908586264,-0.009631559252738953,-0.03147977218031883,-0.10016216151416302,-0.017833292484283447,-0.03300844877958298,-0.12080423720180988,-0.027960628271102905,-0.027779221534729004,-0.1362924799323082
0.0,0.0,0.0,-0.007324281148612499,0.03101491369307041,-0.026456281542778015,-0.010609895922243595,0.05316467583179474,-0.05031782388687134,-0.009016032330691814,0.0679800920188427,-0.07713602110743523,-0.004445962607860565,0.07692442461848259,-0.1043692771345377,0.012936290819197893,0.027387091889977455,-0.0967981992289424,0.006196961970999837,0.03545185178518295,-0.12614180147647858,-0.0007686754688620567,0.03979755938053131,-0.1473378799855709,-0.02555787842720747,0.039912499487400055,-0.15971490740776062,0.015731182415038347,0.003186310175806284,-0.09805953921750188,0.009605857776477933,0.008674210868775845,-0.1382848173379898,-0.007001152262091637,0.00742388516664505,-0.1628023162484169,-0.025295223109424114,0.012662701308727264,-0.182904452085495,0.00602186843752861,-0.014800461009144783,-0.09295951528474689,-0.0045499252155423164,-0.01549852266907692,-0.12724781781435013,-0.019958307035267353,-0.01419626735150814,-0.14688289910554886,-0.037491354160010815,-0.00865614227950573,-0.16488546133041382,-0.005018771626055241,-0.031506191939115524,-0.07935425080358982,-0.007697547785937786,-0.03395088389515877,-0.10257135424762964,-0.014589478261768818,-0.03529606759548187,-0.12473428249359131,-0.024637929163873196,-0.030775349587202072,-0.14095258340239525
0.0,0.0,0.0,-0.003932581283152103,0.030583523213863373,-0.025072820484638214,-0.005695979110896587,0.05307609587907791,-0.049633681774139404,-0.003188277594745159,0.06716438010334969,-0.07767528295516968,0.001275666058063507,0.0745205245912075,-0.1039478424936533,0.0193583476357162,0.024944577366113663,-0.09718029201030731,0.008882593363523483,0.02999945543706417,-0.12206792645156384,-0.0023861611261963844,0.032102376222610474,-0.1381109580397606,-0.03353752102702856,0.03018413484096527,-0.14627646282315254,0.021526603028178215,-0.00039984879549592733,-0.09801290044561028,0.013846563408151269,0.005079363472759724,-0.13849318772554398,-0.004808546043932438,0.0041260384023189545,-0.1622306928038597,-0.025395645759999752,0.008809147402644157,-0.18198126554489136,0.010276061482727528,-0.018993644043803215,-0.09450949914753437,-0.00012108590453863144,-0.019402600824832916,-0.12753625586628914,-0.01730759907513857,-0.017317187041044235,-0.14846733957529068,-0.03602473717182875,-0.011822346597909927,-0.16595115512609482,-0.0024927007034420967,-0.0350688174366951,-0.08025315776467323,-0.005039476789534092,-0.037929948419332504,-0.1028907410800457,-0.013215391896665096,-0.038820695132017136,-0.1252335123717785,-0.026197667233645916,-0.03560483828186989,-0.14271970093250275
0.0,0.0,0.0,-0.005440019071102142,0.031041115522384644,-0.026278257369995117,-0.007807731628417969,0.05255245417356491,-0.05253871902823448,-0.007648365572094917,0.06709622591733932,-0.08004735596477985,-0.008941927924752235,0.07358915358781815,-0.10864672437310219,0.015236825682222843,0.02414967119693756,-0.09964418970048428,-0.0015621297061443329,0.02590642124414444,-0.1239465344697237,-0.014491947367787361,0.026879604905843735,-0.12914029881358147,-0.04083632491528988,0.02660122513771057,-0.11687695980072021,0.01510021137073636,-0.0023511023027822375,-0.09841514052823186,0.008515324909240007,0.0005919523537158966,-0.14229346439242363,-0.006651268340647221,-0.0004642382264137268,-0.16646255552768707,-0.02599845640361309,0.003429219126701355,-0.18655481934547424,0.0035435776226222515,-0.020868493244051933,-0.09434098284691572,-0.001085854135453701,-0.02255377173423767,-0.12934478372335434,-0.013707004487514496,-0.020021410658955574,-0.15289854258298874,-0.028988180682063103,-0.01563883386552334,-0.17194105684757233,-0.008359488099813461,-0.03651772439479828,-0.07870616670697927,-0.010499399155378342,-0.04078821837902069,-0.10399163607507944,-0.016612298786640167,-0.042236655950546265,-0.12849663943052292,-0.028734685853123665,-0.039733342826366425,-0.14465254545211792
0.0,0.0,0.0,-0.005797072779387236,0.0306696817278862,-0.02656807005405426,-0.008269451092928648,0.05158526822924614,-0.05280182138085365,-0.009172254707664251,0.06606091931462288,-0.080422293394804,-0.011284594889730215,0.07201685383915901,-0.10912731662392616,0.014417094644159079,0.023823311552405357,-0.09982757177203894,-0.002427747007459402,0.025640804320573807,-0.1238051000982523,-0.01442789426073432,0.026254946365952492,-0.1287132315337658,-0.04086413746699691,0.025191906839609146,-0.1166406087577343,0.013795234262943268,-0.002688211388885975,-0.09775836486369371,0.008780139498412609,0.00022210553288459778,-0.14245713874697685,-0.005260669160634279,-0.0016122031956911087,-0.16698000580072403,-0.02512180944904685,0.0016395263373851776,-0.1872716099023819,0.001960775349289179,-0.021455999463796616,-0.09386168606579304,-0.0014871875755488873,-0.02343079075217247,-0.12914571166038513,-0.013921403791755438,-0.021483037620782852,-0.1527811959385872,-0.028639485593885183,-0.01724141463637352,-0.1720401495695114,-0.009451526682823896,-0.0375128872692585,-0.07811516150832176,-0.01111743925139308,-0.0414695180952549,-0.1039146613329649,-0.016371488105505705,-0.04314855858683586,-0.12948483228683472,-0.02809475501999259,-0.041022785007953644,-0.14512911811470985
0.0,0.0,0.0,-0.005359832430258393,0.028670646250247955,-0.02261541038751602,-0.007965257624164224,0.05013740807771683,-0.05209450423717499,-0.0058405178133398294,0.06598357483744621,-0.07953282631933689,-0.008357914397493005,0.07141498848795891,-0.11089720763266087,0.004094003466889262,0.024033598601818085,-0.09447766467928886,-0.017630222951993346,0.025021519511938095,-0.11113981157541275,-0.02670473582111299,0.02362305112183094,-0.10467757657170296,-0.036868747090920806,0.02084480971097946,-0.0834261430427432,0.004060334758833051,-0.002373013412579894,-0.09387369966134429,-0.005123349139466882,-0.0011575836688280106,-0.13436821103096008,-0.016303787706419826,-0.003937244415283203,-0.15962934494018555,-0.03190015605650842,-0.003603234887123108,-0.1808658018708229,-0.0045659709721803665,-0.02086150087416172,-0.0899531040340662,-0.008293049642816186,-0.022532274946570396,-0.12464659661054611,-0.0163057295139879,-0.020792650058865547,-0.1480506844818592,-0.026653602486476302,-0.01707989163696766,-0.17219384759664536,-0.012365657603368163,-0.036578189581632614,-0.07401469629257917,-0.015320367878302932,-0.03971090167760849,-0.10085040889680386,-0.01846164441667497,-0.04142926260828972,-0.12472709268331528,-0.02599055296741426,-0.037602536380290985,-0.14224964007735252
0.0,0.0,0.0,-0.004341045394539833,0.028286553919315338,-0.022043518722057343,-0.003545813262462616,0.05088131129741669,-0.05134822428226471,0.0012175124138593674,0.06566599756479263,-0.07890268042683601,0.004129259847104549,0.07108098268508911,-0.10979532264173031,0.013898907229304314,0.021867312490940094,-0.09299509134143591,-0.009917017072439194,0.024308204650878906,-0.10701112821698189,-0.01999080739915371,0.022323906421661377,-0.09911274164915085,-0.026083968579769135,0.019397277384996414,-0.07411169167608023,0.014981075655668974,-0.0050840231124311686,-0.0934124756604433,0.004140275530517101,-0.005066186189651489,-0.13310260325670242,-0.007502010092139244,-0.007139943540096283,-0.1579752415418625,-0.022207636386156082,-0.006985358893871307,-0.18083137273788452,0.006017581792548299,-0.02393551915884018,-0.08912886725738645,0.0010855551809072495,-0.026490818709135056,-0.1241212785243988,-0.006386289373040199,-0.023555463179945946,-0.1468915492296219,-0.015587832778692245,-0.021812519058585167,-0.17190996557474136,-0.003911646082997322,-0.03902505710721016,-0.0736589441075921,-0.005817113444209099,-0.04232022166252136,-0.10040961392223835,-0.009436484426259995,-0.043593645095825195,-0.12443739920854568,-0.016877595335245132,-0.03915753960609436,-0.1414511688053608
0.0,0.0,0.0,-0.002411188557744026,0.02816447615623474,-0.020248636603355408,-0.0022869082167744637,0.05091150850057602,-0.05038014054298401,0.002133307047188282,0.06662937998771667,-0.07755534537136555,0.004511060193181038,0.07182889431715012,-0.10994945280253887,0.017158087342977524,0.02264244481921196,-0.0909360907971859,-0.007710774429142475,0.02404012158513069,-0.10303858853876591,-0.013948380015790462,0.021335992962121964,-0.09307974204421043,-0.015631367452442646,0.01578899472951889,-0.06917709484696388,0.018081848975270987,-0.0044051698641851544,-0.0906825982965529,0.008689580718055367,-0.004768036305904388,-0.13088702782988548,-0.0014836424961686134,-0.007598616182804108,-0.1548806130886078,-0.014636396430432796,-0.007847372442483902,-0.17837389558553696,0.009115981869399548,-0.023893866688013077,-0.08865724736824632,0.006196529138833284,-0.02590692974627018,-0.12309059873223305,-0.00015441607683897018,-0.02353975735604763,-0.14714090526103973,-0.004017702303826809,-0.022743288427591324,-0.17236018180847168,-0.00013151485472917557,-0.038802746683359146,-0.07396353036165237,-0.0008829692378640175,-0.04221722483634949,-0.09865330345928669,-0.003049432300031185,-0.04370041936635971,-0.12431353330612183,-0.009102952666580677,-0.04079057276248932,-0.14104872569441795
0.0,0.0,0.0,-0.002856435254216194,0.028131216764450073,-0.02068682760000229,-0.002021709457039833,0.05031203851103783,-0.04995761439204216,0.0011671045795083046,0.06520349904894829,-0.07661605253815651,0.004186196252703667,0.06986027583479881,-0.10826987028121948,0.01796777592971921,0.020089756697416306,-0.09039426408708096,-0.007124563679099083,0.022949643433094025,-0.10167644172906876,-0.013402706012129784,0.020923510193824768,-0.09137984365224838,-0.016613025218248367,0.015470050275325775,-0.0669019315391779,0.019557387568056583,-0.006315978709608316,-0.09010200342163444,0.00882183201611042,-0.006409894675016403,-0.12979302927851677,-0.0021403981372714043,-0.008836932480335236,-0.15327345579862595,-0.01566104218363762,-0.00929315760731697,-0.1771199256181717,0.010165144223719835,-0.025815337896347046,-0.08828102424740791,0.006654208060353994,-0.026934627443552017,-0.12164224684238434,-0.0006253840401768684,-0.024531716480851173,-0.14602434635162354,-0.0054124873131513596,-0.02492142841219902,-0.17182831466197968,0.000598568469285965,-0.039666641503572464,-0.07334877364337444,-0.0005041398108005524,-0.04295063018798828,-0.09708023071289062,-0.0038975104689598083,-0.04429636150598526,-0.12358038127422333,-0.010178808122873306,-0.040933769196271896,-0.1400216966867447
0.0,0.0,0.0,-0.004241188056766987,0.02823380008339882,-0.020504802465438843,-0.0036034705117344856,0.05080273002386093,-0.049369655549526215,-0.0007443912327289581,0.065714281052351,-0.07610735297203064,0.002811431884765625,0.07097148522734642,-0.10718814469873905,0.01676954934373498,0.02107514999806881,-0.09046951588243246,-0.008855440653860569,0.02382359653711319,-0.10156556870788336,-0.01595835480839014,0.021408963948488235,-0.09179134480655193,-0.02059891726821661,0.015412261709570885,-0.06682864390313625,0.018913230393081903,-0.005494125303812325,-0.09067030623555183,0.008566406788304448,-0.005733616650104523,-0.13076038286089897,-0.003194437362253666,-0.008243042975664139,-0.15403158217668533,-0.0168762831017375,-0.008459914475679398,-0.17797397822141647,0.009715127293020487,-0.025088198482990265,-0.0890320036560297,0.006185644771903753,-0.02655956521630287,-0.12247180193662643,-0.0012875599786639214,-0.023796306923031807,-0.14654496312141418,-0.007088114507496357,-0.024540189653635025,-0.17198923975229263,-0.00017372984439134598,-0.039005912840366364,-0.07410638965666294,-0.0011174222454428673,-0.04247622564435005,-0.09791963826864958,-0.004329382441937923,-0.04368702694773674,-0.12410804629325867,-0.011755642481148243,-0.04088764265179634,-0.14033591747283936
0.0,0.0,0.0,-0.004339980892837048,0.028122805058956146,-0.020406663417816162,-0.0035741953179240227,0.05083514004945755,-0.04950972646474838,-0.0008778553456068039,0.0657336488366127,-0.07613495923578739,0.0023809531703591347,0.07081308215856552,-0.10710038058459759,0.015126839280128479,0.021184876561164856,-0.09007821325212717,-0.009629110805690289,0.02376508340239525,-0.10133984498679638,-0.01630533207207918,0.02183099463582039,-0.09217390138655901,-0.020676412619650364,0.01630757376551628,-0.06783046014606953,0.017104588449001312,-0.005220471299253404,-0.09026152966544032,0.007255345582962036,-0.005367765203118324,-0.13035278022289276,-0.003891497850418091,-0.007728124037384987,-0.1537875011563301,-0.017254465259611607,-0.00767035037279129,-0.1776820346713066,0.008191711734980345,-0.02470024675130844,-0.08865594584494829,0.00483315484598279,-0.02605948969721794,-0.12209545075893402,-0.0020064273849129677,-0.02336546964943409,-0.14639482274651527,-0.007561876438558102,-0.024052966386079788,-0.172100268304348,-0.0013441815972328186,-0.0386974960565567,-0.07375885546207428,-0.0023368140682578087,-0.04210584983229637,-0.09763106144964695,-0.005323509685695171,-0.04342671483755112,-0.12344448268413544,-0.012706522829830647,-0.040855273604393005,-0.1399254873394966
0.0,0.0,0.0,-0.0027639511972665787,0.028764192014932632,-0.020596973598003387,-0.001913195475935936,0.0514267235994339,-0.049481768161058426,0.0024362504482269287,0.0670911930501461,-0.07613835111260414,0.007383324205875397,0.07193556055426598,-0.10766229405999184,0.01977386837825179,0.021655624732375145,-0.09135027788579464,-0.006571590900421143,0.024806277826428413,-0.10126242972910404,-0.014731457456946373,0.02193038910627365,-0.09064454305917025,-0.019160034134984016,0.015120457857847214,-0.06596417352557182,0.022007619962096214,-0.005307419574819505,-0.09126132121309638,0.011326005216687918,-0.004753743298351765,-0.13091731071472168,0.00035733822733163834,-0.007097488269209862,-0.15409252792596817,-0.013558123260736465,-0.007931377738714218,-0.17873870581388474,0.012173333438113332,-0.024999255314469337,-0.08990181284025311,0.00889242347329855,-0.025679662823677063,-0.12219197675585747,0.0017444947734475136,-0.02299787849187851,-0.1466597095131874,-0.003811463713645935,-0.0236375629901886,-0.1725219190120697,0.0015974165871739388,-0.038942575454711914,-0.0744847422465682,0.000850568525493145,-0.042020589113235474,-0.0978722907602787,-0.002232847735285759,-0.043324608355760574,-0.12443920224905014,-0.008789679035544395,-0.04075255244970322,-0.14081498980522156
0.0,0.0,0.0,-0.00450622383505106,0.028378166258335114,-0.020532779395580292,-0.004919890314340591,0.05010024458169937,-0.049886032938957214,-0.0028052767738699913,0.06576599925756454,-0.07654053904116154,-0.002583012916147709,0.07098913937807083,-0.10771302506327629,0.007324466481804848,0.021843571215867996,-0.08975793421268463,-0.014261546544730663,0.023906074464321136,-0.10271206870675087,-0.018365814350545406,0.02192625403404236,-0.0950007475912571,-0.01963845919817686,0.017458532005548477,-0.07263095770031214,0.008254947606474161,-0.004836232401430607,-0.08934866799972951,-0.0005313376896083355,-0.003660268150269985,-0.13056735321879387,-0.007919715717434883,-0.00613410584628582,-0.15424276888370514,-0.018411303870379925,-0.006575342267751694,-0.17629818618297577,0.0005981102585792542,-0.024469641968607903,-0.08769892901182175,-0.0028228037990629673,-0.02547408826649189,-0.12133422866463661,-0.008089559152722359,-0.022607076913118362,-0.14569087699055672,-0.012252875603735447,-0.021696103736758232,-0.1699395701289177,-0.006080588325858116,-0.038798604160547256,-0.07314968015998602,-0.008298940025269985,-0.041634660214185715,-0.09836520813405514,-0.010110989212989807,-0.042583249509334564,-0.12365663796663284,-0.015789327211678028,-0.03996473550796509,-0.13897891715168953
0.0,0.0,0.0,-0.004763631382957101,0.026930758729577065,-0.02162087708711624,-0.004344180691987276,0.0490235909819603,-0.050478216260671616,-0.001084145624190569,0.06546579673886299,-0.07656959630548954,-0.001407389179803431,0.07143846526741982,-0.10586865991353989,0.001999091589823365,0.021239211782813072,-0.09159171488136053,-0.01768550300039351,0.02448015660047531,-0.10420834831893444,-0.02251912490464747,0.02436671033501625,-0.0980562623590231,-0.027659626910462976,0.02196725457906723,-0.07757186889648438,0.001295844791457057,-0.004286969895474613,-0.09099252754822373,-0.008275826694443822,-0.003202572464942932,-0.13044340535998344,-0.01566965808160603,-0.005101338028907776,-0.1552165523171425,-0.025806877994909883,-0.005549941211938858,-0.1765713095664978,-0.00690329703502357,-0.022493913769721985,-0.08759429631754756,-0.01087606349028647,-0.02375447005033493,-0.12086723372340202,-0.01565390103496611,-0.021807849407196045,-0.14548833668231964,-0.019761240342631936,-0.01934938319027424,-0.17007437348365784,-0.01406985823996365,-0.036505986005067825,-0.07212940510362387,-0.01750580151565373,-0.03967820107936859,-0.09804712701588869,-0.018988611409440637,-0.040880974382162094,-0.12173177674412727,-0.02442484744824469,-0.0367729589343071,-0.1386154629290104
0.0,0.0,0.0,-0.004542235285043716,0.028623417019844055,-0.02309831976890564,-0.003224744461476803,0.050316814333200455,-0.05140378698706627,0.0007860623300075531,0.0649794153869152,-0.07853684760630131,0.0028020315803587437,0.07266033813357353,-0.10712680406868458,0.015142586547881365,0.021487761288881302,-0.09413426369428635,-0.005348186939954758,0.0244082473218441,-0.10928762331604958,-0.015661445446312428,0.025133823975920677,-0.1073030848056078,-0.03234062809497118,0.02354598417878151,-0.09041341859847307,0.015111144632101059,-0.003437383333221078,-0.09406365780159831,0.006885667680762708,-0.002521093934774399,-0.13423405587673187,-0.007170583121478558,-0.0037591364234685898,-0.15852303057909012,-0.023605515249073505,-0.002809785306453705,-0.17914406955242157,0.004466842394322157,-0.021695513278245926,-0.09075593017041683,-5.324371159076691e-06,-0.0236954428255558,-0.12415697798132896,-0.009279419668018818,-0.020898859947919846,-0.14664791524410248,-0.020261201076209545,-0.018046267330646515,-0.16979289054870605,-0.00633031502366066,-0.03609485551714897,-0.07511112466454506,-0.009019593708217144,-0.03984244540333748,-0.09970112331211567,-0.014519442804157734,-0.04078782722353935,-0.12279341369867325,-0.024049081839621067,-0.0380561463534832,-0.1392378807067871
0.0,0.0,0.0,-0.0004496518522500992,0.029086483642458916,-0.023199014365673065,0.0020734798163175583,0.05265901982784271,-0.05121071636676788,0.011377685703337193,0.0696689710021019,-0.07998920232057571,0.018611465056892484,0.07723063975572586,-0.10820169560611248,0.026786315254867077,0.02466602437198162,-0.09460093919187784,0.011230183765292168,0.026647508144378662,-0.11521192081272602,-0.0007473640143871307,0.027636287733912468,-0.12120634317398071,-0.023775331676006317,0.027166809886693954,-0.11334599554538727,0.02661483036354184,-0.0010043010115623474,-0.09584821341559291,0.017398630152456462,0.0006733182817697525,-0.13661806285381317,0.0042929453775286674,-0.00010114163160324097,-0.1611088290810585,-0.011643363162875175,0.0021614469587802887,-0.18313778936862946,0.014917697291821241,-0.018855584785342216,-0.09292475879192352,0.009058292955160141,-0.01992795243859291,-0.1258707009255886,-0.0011739842593669891,-0.01845981739461422,-0.15013890713453293,-0.011233767494559288,-0.014985628426074982,-0.17091353982686996,0.0019970349967479706,-0.03421691060066223,-0.07875722367316484,0.0004219505935907364,-0.038160406053066254,-0.1021753428503871,-0.00390947051346302,-0.03886820375919342,-0.12515459209680557,-0.011564172804355621,-0.03567750006914139,-0.1424759179353714
0.0,0.0,0.0,-0.0008582659065723419,0.028696658089756966,-0.022976115345954895,0.0016595162451267242,0.05232427269220352,-0.05086442455649376,0.010756643489003181,0.06919662654399872,-0.07968858070671558,0.017605149769224226,0.07665576785802841,-0.10770768113434315,0.026461984030902386,0.024339117109775543,-0.09387517813593149,0.01074241567403078,0.02652585133910179,-0.11432869918644428,-0.001587308943271637,0.02736063487827778,-0.12057156674563885,-0.02476802095770836,0.02643718011677265,-0.11264789663255215,0.026338502299040556,-0.0011494967620819807,-0.09551991568878293,0.017107588122598827,0.0006059147417545319,-0.1360141523182392,0.0037561794742941856,-0.00019425153732299805,-0.16032949835062027,-0.01284860074520111,0.0018137693405151367,-0.18231026828289032,0.014759356155991554,-0.018846184015274048,-0.09253521729260683,0.008877763524651527,-0.019827894866466522,-0.12549471110105515,-0.0013184677809476852,-0.018290862441062927,-0.14975660666823387,-0.011594409123063087,-0.015289591625332832,-0.1707160919904709,0.0019643716514110565,-0.034292519092559814,-0.0783780375495553,0.00031322799623012543,-0.03809140995144844,-0.1018798379227519,-0.0041377246379852295,-0.03874674439430237,-0.12470587715506554,-0.011771630495786667,-0.035598352551460266,-0.14216380193829536
0.0,0.0,0.0,-0.003522801212966442,0.030063332989811897,-0.02476722002029419,-0.0033736666664481163,0.052907586097717285,-0.049072928726673126,0.002688988111913204,0.06886990740895271,-0.0768168605864048,0.008292656857520342,0.07804309204220772,-0.10232029296457767,0.018772832583636045,0.024817299097776413,-0.09178052842617035,0.008612472098320723,0.03031470999121666,-0.1159633919596672,-0.0037528621032834053,0.03157804533839226,-0.13337314501404762,-0.03077340219169855,0.028766881674528122,-0.138223297894001,0.019771438091993332,0.000981176272034645,-0.09452531673014164,0.012043819297105074,0.004949845373630524,-0.1322406604886055,-0.004798990674316883,0.0021881815046072006,-0.15576278418302536,-0.02119151223450899,0.00566447526216507,-0.17699623107910156,0.009319469798356295,-0.0157220046967268,-0.0905572515912354,0.0008269753307104111,-0.016819512471556664,-0.12354995310306549,-0.012540650554001331,-0.014918036758899689,-0.1444961130619049,-0.027845305390655994,-0.011441875249147415,-0.1620463728904724,-0.002589905634522438,-0.032908473163843155,-0.07764227874577045,-0.003134104423224926,-0.03511839732527733,-0.10062113590538502,-0.009069246239960194,-0.0357632152736187,-0.12176398932933807,-0.018124698661267757,-0.030699502676725388,-0.13948015496134758
0.0,0.0,0.0,-0.007161914370954037,0.029987022280693054,-0.025698021054267883,-0.009635728783905506,0.05308501422405243,-0.04936344549059868,-0.006670237518846989,0.0692736878991127,-0.07616658695042133,-0.0018900604918599129,0.08053316175937653,-0.10286537930369377,0.010063169989734888,0.025838792324066162,-0.0941489152610302,0.0008757133036851883,0.03348134458065033,-0.12121467664837837,-0.00958296563476324,0.03603006899356842,-0.14261503890156746,-0.03688093274831772,0.03423919528722763,-0.15151013806462288,0.011870454531162977,0.0024586207000538707,-0.09672059118747711,0.0032336865551769733,0.006169960834085941,-0.13449334725737572,-0.015627143904566765,0.0038155317306518555,-0.15707197040319443,-0.03202122449874878,0.007846854627132416,-0.17767992615699768,0.0023735109716653824,-0.014728739857673645,-0.09127918817102909,-0.008595186285674572,-0.016452092677354813,-0.12467515841126442,-0.023901816457509995,-0.015101147815585136,-0.14312618225812912,-0.0418243370950222,-0.011570403352379799,-0.16045181453227997,-0.008612602017819881,-0.03216756880283356,-0.07821395061910152,-0.010354016907513142,-0.034515101462602615,-0.10068613383919,-0.018307020887732506,-0.0358269102871418,-0.12152757868170738,-0.027625136077404022,-0.03032917156815529,-0.13806025311350822
0.0,0.0,0.0,-0.0077864788472652435,0.029804090037941933,-0.025846637785434723,-0.010902239941060543,0.0527392253279686,-0.04953237622976303,-0.008337525650858879,0.06938241794705391,-0.07565909996628761,-0.0035687629133462906,0.08126341924071312,-0.10228686220943928,0.007559109944850206,0.027484940364956856,-0.09383272472769022,-0.0013124924153089523,0.0360252819955349,-0.12169926799833775,-0.009221164509654045,0.04014771431684494,-0.1436554491519928,-0.03466882463544607,0.039680249989032745,-0.15443797409534454,0.009449277073144913,0.004515740554779768,-0.09636888094246387,-0.00048183626495301723,0.008504955098032951,-0.13358555734157562,-0.018849057145416737,0.0056443046778440475,-0.15586990863084793,-0.03469889145344496,0.01000310480594635,-0.17608089745044708,-4.760781303048134e-05,-0.012174982577562332,-0.09084798395633698,-0.011669203639030457,-0.014147989451885223,-0.123720932751894,-0.026544579304754734,-0.013683758676052094,-0.141874797642231,-0.04281672369688749,-0.010798448696732521,-0.1596333235502243,-0.0103975310921669,-0.029576022177934647,-0.07772330939769745,-0.013127452693879604,-0.032236214727163315,-0.10003565903753042,-0.02126386109739542,-0.03370319679379463,-0.1203302089124918,-0.030211529694497585,-0.028299659490585327,-0.13580559194087982
0.0,0.0,0.0,-0.008424074621871114,0.02936181239783764,-0.02575235813856125,-0.011373033048585057,0.052897706627845764,-0.04909832030534744,-0.007924441481009126,0.06926780939102173,-0.07503642141819,-0.0027992299292236567,0.08028116822242737,-0.10174655541777611,0.006030554184690118,0.02730216272175312,-0.09290812816470861,-0.002349704969674349,0.035964276641607285,-0.12087922543287277,-0.009832080686464906,0.04050362855195999,-0.14342310652136803,-0.03331287601031363,0.0414530485868454,-0.15465126186609268,0.007736135041341186,0.004377631703391671,-0.0955821331590414,-0.001930078724399209,0.008352069184184074,-0.1328727938234806,-0.018804460996761918,0.006222700700163841,-0.15489427000284195,-0.03430920117534697,0.010234057903289795,-0.17600442469120026,-0.0012166486121714115,-0.012252219021320343,-0.08993163239210844,-0.013452927814796567,-0.0139392651617527,-0.12195208668708801,-0.02698217169381678,-0.013375772163271904,-0.14104067534208298,-0.0416139701846987,-0.010525085031986237,-0.15861332416534424,-0.01106542837806046,-0.028531048446893692,-0.07661126554012299,-0.013646023580804467,-0.031660471111536026,-0.09901875350624323,-0.021208886289969087,-0.033118028193712234,-0.11895422264933586,-0.029041586676612496,-0.027792617678642273,-0.1342935413122177
0.0,0.0,0.0,-0.005655596032738686,0.030246205627918243,-0.026547499001026154,-0.006381397135555744,0.05364219471812248,-0.049251604825258255,0.00014196988195180893,0.07016143947839737,-0.07655237428843975,0.005769703071564436,0.08004620671272278,-0.10312797129154205,0.01572282984852791,0.02764744870364666,-0.09328932873904705,0.008260832983069122,0.03556694835424423,-0.12210679054260254,-0.0006662942469120026,0.04110266640782356,-0.14475924894213676,-0.023935030214488506,0.042530156672000885,-0.15683270245790482,0.01677421061322093,0.004329099552705884,-0.09629507968202233,0.007743116235360503,0.008320540189743042,-0.133123517036438,-0.01050474587827921,0.006824221462011337,-0.15531831979751587,-0.026917721144855022,0.010943133383989334,-0.17699674516916275,0.006201024865731597,-0.012352872639894485,-0.09005299722775817,-0.00675422977656126,-0.014062371104955673,-0.12241571769118309,-0.020385374315083027,-0.013122914358973503,-0.1411551833152771,-0.03681185748428106,-0.010131392627954483,-0.1587151288986206,-0.00571117177605629,-0.028346747159957886,-0.07690985407680273,-0.008349600248038769,-0.030975472182035446,-0.09980649873614311,-0.015764511190354824,-0.03263365849852562,-0.11979887448251247,-0.02361211832612753,-0.027103673666715622,-0.13591834902763367
0.0,0.0,0.0,-0.005332617089152336,0.030492739751935005,-0.02661336213350296,-0.005959894508123398,0.053449079394340515,-0.04957658052444458,0.0013783704489469528,0.06964075565338135,-0.07723773084580898,0.007597093004733324,0.07938145101070404,-0.10432597808539867,0.01762608950957656,0.027330784127116203,-0.09383449144661427,0.010391851596068591,0.035251766443252563,-0.12273995950818062,0.0014840476214885712,0.04061439633369446,-0.14545025676488876,-0.02131764218211174,0.0419163815677166,-0.15766450762748718,0.018850743304938078,0.0037691951729357243,-0.09679953195154667,0.010653363831806928,0.007820133119821548,-0.13426654785871506,-0.007479485124349594,0.006280845031142235,-0.15667176246643066,-0.024058938026428223,0.010592807084321976,-0.17839520424604416,0.007964688586071134,-0.012991223484277725,-0.09077047975733876,-0.004666615277528763,-0.014723200350999832,-0.12369260936975479,-0.018301190808415413,-0.013735232874751091,-0.1423627808690071,-0.03515314310789108,-0.010738417506217957,-0.15961762517690659,-0.004187227226793766,-0.029248684644699097,-0.07776691485196352,-0.0066103506833314896,-0.031702205538749695,-0.10086915269494057,-0.014008788391947746,-0.03347102925181389,-0.12127675488591194,-0.0214565247297287,-0.028004039078950882,-0.13725785166025162
0.0,0.0,0.0,-0.007049008272588253,0.0302231777459383,-0.02613505721092224,-0.008058314211666584,0.05332089588046074,-0.04932163283228874,-0.002282019704580307,0.06966425478458405,-0.07630448415875435,0.002218355657532811,0.07987689971923828,-0.1031174473464489,0.011638420633971691,0.027515536174178123,-0.09348401613533497,0.003599402611143887,0.03543210029602051,-0.12164383195340633,-0.004811462014913559,0.04112358018755913,-0.14415407925844193,-0.027122722007334232,0.042999885976314545,-0.15601082146167755,0.012467287480831146,0.004370017675682902,-0.09639244293794036,0.003371486207470298,0.008000116795301437,-0.13302987068891525,-0.014866526238620281,0.006317151710391045,-0.15497525036334991,-0.030027017928659916,0.010312080383300781,-0.17652155458927155,0.0025828995276242495,-0.012463856488466263,-0.09005570504814386,-0.010336178354918957,-0.01447269693017006,-0.12243973091244698,-0.023873415775597095,-0.013374455273151398,-0.14072132110595703,-0.03968065697699785,-0.010491760447621346,-0.15817363560199738,-0.008408946916460991,-0.02815932407975197,-0.07692232634872198,-0.011374111287295818,-0.03129477798938751,-0.09926783014088869,-0.018426856957376003,-0.0327582061290741,-0.11908105202019215,-0.026200045831501484,-0.027415156364440918,-0.13449423760175705
0.0,0.0,0.0,-0.006851150654256344,0.03027273900806904,-0.026437006890773773,-0.007570224814116955,0.053821299225091934,-0.04907311499118805,-0.001763039268553257,0.07042838260531425,-0.0752872433513403,0.003661929629743099,0.08066784963011742,-0.1019658800214529,0.012220466043800116,0.027440596371889114,-0.09342382103204727,0.004361522616818547,0.036172349005937576,-0.12146121822297573,-0.0045763468369841576,0.04234446957707405,-0.14389877766370773,-0.028267953544855118,0.04447058588266373,-0.1555589959025383,0.013213306665420532,0.004516037879511714,-0.09654316445812583,0.003442141693085432,0.008649039082229137,-0.13268307968974113,-0.014989340677857399,0.00684221088886261,-0.1547212153673172,-0.03130660206079483,0.01085633784532547,-0.1764165610074997,0.0030821231193840504,-0.011775709688663483,-0.09033623663708568,-0.010390765964984894,-0.013631865382194519,-0.12197583541274071,-0.02467416040599346,-0.012636657804250717,-0.14067760109901428,-0.041169922798871994,-0.009701201692223549,-0.15808698534965515,-0.0082439249381423,-0.02762516215443611,-0.0770710064098239,-0.0112906564027071,-0.03051728382706642,-0.09937199112027884,-0.019288523122668266,-0.032141249626874924,-0.11884973011910915,-0.027984604239463806,-0.02634265646338463,-0.1347525604069233
0.0,0.0,0.0,-0.007027515675872564,0.030146680772304535,-0.0263180211186409,-0.008335019927471876,0.053890980780124664,-0.048882558941841125,-0.002782075200229883,0.0704335905611515,-0.0748821534216404,0.0024629607796669006,0.08073624595999718,-0.1018735934048891,0.011798280291259289,0.027219336479902267,-0.0931596802547574,0.004039330640807748,0.036111485213041306,-0.12118525989353657,-0.004811540711671114,0.042243972420692444,-0.14339782297611237,-0.028726803604513407,0.044484883546829224,-0.15499060600996017,0.01305055245757103,0.004342889878898859,-0.09602404572069645,0.0033166257198899984,0.008776333183050156,-0.13246827572584152,-0.014858415815979242,0.007136208936572075,-0.15466879308223724,-0.031225251499563456,0.011463712900876999,-0.17611981183290482,0.003335507120937109,-0.011947322636842728,-0.09006998920813203,-0.009985307697206736,-0.013540685176849365,-0.12162556126713753,-0.02438533352687955,-0.012544650584459305,-0.1407039761543274,-0.04067239025607705,-0.009346049278974533,-0.1581534966826439,-0.00784023804590106,-0.027603741735219955,-0.07676377985626459,-0.01080043287947774,-0.030712861567735672,-0.09902486484497786,-0.018812561873346567,-0.03227071091532707,-0.11865581385791302,-0.027674047742038965,-0.02666587010025978,-0.1346653550863266
0.0,0.0,0.0,-0.006796457339078188,0.030510181561112404,-0.025796763598918915,-0.009279016871005297,0.05316535755991936,-0.04861174896359444,-0.004138346295803785,0.06920287013053894,-0.07608524709939957,-0.00023061363026499748,0.07943672686815262,-0.10329433903098106,0.012393597979098558,0.027642440050840378,-0.09376156236976385,0.005187771166674793,0.03579626977443695,-0.12238942086696625,-0.003008750732988119,0.041676104068756104,-0.14453253149986267,-0.02583654085174203,0.04318050295114517,-0.15685731172561646,0.01412972854450345,0.003942315699532628,-0.09641925897449255,0.005796368117444217,0.007778869941830635,-0.13404728844761848,-0.011863040272146463,0.006430109962821007,-0.15655963122844696,-0.02865166822448373,0.010548196732997894,-0.17789790779352188,0.003864767961204052,-0.013038292527198792,-0.09033728204667568,-0.009269705507904291,-0.014693045988678932,-0.12335143983364105,-0.022500589955598116,-0.013624878600239754,-0.14187386631965637,-0.03953904891386628,-0.010692108422517776,-0.1591862142086029,-0.007463372778147459,-0.029194843024015427,-0.07714926917105913,-0.010736395139247179,-0.03143368661403656,-0.10018742270767689,-0.01843784051015973,-0.03299526870250702,-0.12074605002999306,-0.02617867151275277,-0.02761678397655487,-0.13602805882692337
0.0,0.0,0.0,-0.006802257616072893,0.03036542609333992,-0.025725744664669037,-0.00928325904533267,0.05293750390410423,-0.04848920553922653,-0.0040982267819345,0.06891883909702301,-0.07627684436738491,3.466848284006119e-05,0.07895220816135406,-0.1035450678318739,0.013325475621968508,0.027421195060014725,-0.09435371030122042,0.006364356377162039,0.03554525971412659,-0.12335962057113647,-0.001720865722745657,0.04165719449520111,-0.1453353799879551,-0.024809291120618582,0.043191999197006226,-0.15795721113681793,0.015428808517754078,0.003407783806324005,-0.09688752796500921,0.0072072109032887965,0.0073975492268800735,-0.13506517559289932,-0.010582744609564543,0.006255941465497017,-0.15771415829658508,-0.027909790631383657,0.010312147438526154,-0.17891989648342133,0.0049724692944437265,-0.013757124543190002,-0.09095033211633563,-0.008483597543090582,-0.015440892428159714,-0.12427203729748726,-0.022160307969897985,-0.014309447258710861,-0.14297033846378326,-0.03980042180046439,-0.011343566700816154,-0.16019657254219055,-0.006624044384807348,-0.029995616525411606,-0.07768189534544945,-0.010205015074461699,-0.03207971155643463,-0.10094168968498707,-0.018141289707273245,-0.03378913551568985,-0.1218100655823946,-0.02619363507255912,-0.02844107151031494,-0.13715799897909164
0.0,0.0,0.0,-0.006888751871883869,0.030530152842402458,-0.025975309312343597,-0.009695587679743767,0.05326087400317192,-0.048654377460479736,-0.004744961857795715,0.06896397098898888,-0.07631934434175491,-0.000955117866396904,0.07873635366559029,-0.10365460254251957,0.012893601786345243,0.02785082720220089,-0.09441559668630362,0.006265659001655877,0.03585804998874664,-0.12359650805592537,-0.0013821478933095932,0.042004574090242386,-0.14574633911252022,-0.024066677317023277,0.043505389243364334,-0.15838342905044556,0.015223783440887928,0.0033718333579599857,-0.09671265725046396,0.007414884310492198,0.007358107715845108,-0.1354162022471428,-0.01002071425318718,0.006408520042896271,-0.15827453881502151,-0.027509337291121483,0.010204799473285675,-0.1795770227909088,0.00491663021966815,-0.013812769204378128,-0.09084771480411291,-0.008242035284638405,-0.015457306057214737,-0.1245141327381134,-0.021790774539113045,-0.01405337080359459,-0.14358406513929367,-0.03952419571578503,-0.011464286595582962,-0.16079973429441452,-0.006440848112106323,-0.030109059065580368,-0.07748666405677795,-0.010158218443393707,-0.032216887921094894,-0.10099132265895605,-0.01802794635295868,-0.03364581987261772,-0.12207616120576859,-0.026184609159827232,-0.02855342999100685,-0.1374584287405014
0.0,0.0,0.0,-0.006236059591174126,0.030223196372389793,-0.024874866008758545,-0.008200117386877537,0.053680047392845154,-0.04791300743818283,-0.0020721973851323128,0.07040240615606308,-0.07609322294592857,0.003326974343508482,0.08030194789171219,-0.10333913005888462,0.013921207748353481,0.028465287759900093,-0.09381438046693802,0.0068987131817266345,0.036324553191661835,-0.12246926501393318,-0.0018462501466274261,0.042464274913072586,-0.1443694867193699,-0.0264067267999053,0.043855443596839905,-0.15681476145982742,0.016350392252206802,0.004270236473530531,-0.09643618948757648,0.006554363993927836,0.00792614370584488,-0.13424070179462433,-0.011839105747640133,0.006763098761439323,-0.15623990446329117,-0.02986288722604513,0.010608989745378494,-0.176988884806633,0.005918006179854274,-0.013281898573040962,-0.09056310821324587,-0.008389363996684551,-0.01465480774641037,-0.12326506525278091,-0.02310480084270239,-0.013572962954640388,-0.14181969687342644,-0.041613451205193996,-0.010528810322284698,-0.15883690118789673,-0.0055672042071819305,-0.029440924525260925,-0.07691734936088324,-0.009986360557377338,-0.03182947263121605,-0.10006216820329428,-0.01850666757673025,-0.033208366483449936,-0.12043905630707741,-0.026995128951966763,-0.02785908430814743,-0.1354583129286766
0.0,0.0,0.0,-0.0075624133460223675,0.029755543917417526,-0.025407083332538605,-0.010012431535869837,0.05302263796329498,-0.04805823415517807,-0.0055115413852036,0.06895831227302551,-0.07527029514312744,-0.001776102464646101,0.07953084260225296,-0.10223895125091076,0.010928874835371971,0.02692391909658909,-0.09327323269098997,0.003473679884336889,0.03517346456646919,-0.12178992852568626,-0.004783481825143099,0.04114741459488869,-0.14380229264497757,-0.027194549795240164,0.042912907898426056,-0.15606318414211273,0.012431695125997066,0.003456174163147807,-0.09571248292922974,0.004033305449411273,0.00723784975707531,-0.13351669162511826,-0.013435162138193846,0.006215939298272133,-0.15607529133558273,-0.030036651995033026,0.010054975748062134,-0.17759715765714645,0.0024816282093524933,-0.01368798315525055,-0.08967150328680873,-0.011066946666687727,-0.015202643349766731,-0.12282584235072136,-0.024329471867531538,-0.013730278238654137,-0.14140794053673744,-0.04120896151289344,-0.010880179703235626,-0.15900420397520065,-0.008411649148911238,-0.029409639537334442,-0.0763948317617178,-0.011957434471696615,-0.03200485557317734,-0.09935369621962309,-0.019270583521574736,-0.03338949754834175,-0.12016349658370018,-0.027123430278152227,-0.027954041957855225,-0.13568925112485886
0.0,0.0,0.0,-0.006471971981227398,0.030153347179293633,-0.024893909692764282,-0.008468017913401127,0.053727950900793076,-0.04772331565618515,-0.002072286792099476,0.07069126144051552,-0.07570721209049225,0.0027185999788343906,0.08067287877202034,-0.10288350842893124,0.013479547575116158,0.028369296342134476,-0.09324025642126799,0.006434868206270039,0.03633593022823334,-0.12146623805165291,-0.002408069558441639,0.04305209591984749,-0.14348848164081573,-0.026705634780228138,0.044011544436216354,-0.15569481253623962,0.016149255447089672,0.004516661632806063,-0.09606198221445084,0.006356520112603903,0.008343439549207687,-0.13327093794941902,-0.012453948147594929,0.007174009457230568,-0.15533769130706787,-0.03035828936845064,0.011340275406837463,-0.17608436197042465,0.005841253092512488,-0.012653117999434471,-0.09029807662591338,-0.008439083583652973,-0.014101102948188782,-0.12258346006274223,-0.02311438787728548,-0.012965532019734383,-0.14108996093273163,-0.04194285813719034,-0.010150818154215813,-0.15779627859592438,-0.005446411669254303,-0.028876878321170807,-0.07674038037657738,-0.00989189837127924,-0.031213078647851944,-0.09957384131848812,-0.018244010396301746,-0.032810185104608536,-0.11985180526971817,-0.026886568404734135,-0.027498476207256317,-0.13492581993341446
0.0,0.0,0.0,-0.008418546989560127,0.030460359528660774,-0.025640442967414856,-0.011260616593062878,0.05350613221526146,-0.04837823659181595,-0.006743614561855793,0.06958385184407234,-0.07568713091313839,-0.002972017042338848,0.08057219907641411,-0.10319966450333595,0.01109240623190999,0.027993855997920036,-0.09407286904752254,0.003689937060698867,0.0362965390086174,-0.12291645258665085,-0.004959492012858391,0.0425083264708519,-0.14484871923923492,-0.028604826889932156,0.04426359757781029,-0.1569693610072136,0.01321007264778018,0.004129583248868585,-0.09657570067793131,0.004674010560847819,0.008314449340105057,-0.13472123444080353,-0.014283831231296062,0.007014617323875427,-0.157307468354702,-0.03202385362237692,0.011073518544435501,-0.1785665675997734,0.0034419698640704155,-0.01303885132074356,-0.0904333395883441,-0.010544425807893276,-0.014696931466460228,-0.12381638586521149,-0.025418761186301708,-0.013363447040319443,-0.14225994795560837,-0.043581156991422176,-0.010716041550040245,-0.15960384160280228,-0.00755490455776453,-0.029266472905874252,-0.07719928119331598,-0.011223453097045422,-0.03162970766425133,-0.10021020378917456,-0.019421550445258617,-0.03291136026382446,-0.12095031887292862,-0.02833856549113989,-0.02775043621659279,-0.136560320854187
0.0,0.0,0.0,-0.00792071782052517,0.030679551884531975,-0.025355666875839233,-0.009141707792878151,0.053865946829319,-0.04872315376996994,-0.004052533768117428,0.07001535221934319,-0.07700571045279503,0.0014354875311255455,0.08064882829785347,-0.10435333289206028,0.014236622024327517,0.02717341110110283,-0.0944474395364523,0.005236573982983828,0.034027695655822754,-0.12204915098845959,-0.005200856365263462,0.03911738470196724,-0.14279257133603096,-0.031814368441700935,0.03892078995704651,-0.15228350460529327,0.01662207581102848,0.0028030883986502886,-0.09742939565330744,0.008151064510457218,0.006766261532902718,-0.13595158979296684,-0.011731959879398346,0.005026509985327721,-0.1582530066370964,-0.030001355335116386,0.009243972599506378,-0.17879170179367065,0.006848267978057265,-0.01503051444888115,-0.09155260678380728,-0.006267919205129147,-0.01708269864320755,-0.1256134919822216,-0.022561052814126015,-0.01592441275715828,-0.1440560296177864,-0.04207356087863445,-0.013120448216795921,-0.1611451804637909,-0.004430901259183884,-0.031474463641643524,-0.07833814714103937,-0.007811477407813072,-0.034302957355976105,-0.10225336998701096,-0.016234273090958595,-0.0354423001408577,-0.12259742245078087,-0.026563314720988274,-0.029766686260700226,-0.13859795778989792
0.0,0.0,0.0,-0.006974662654101849,0.030643874779343605,-0.025490455329418182,-0.0073790838941931725,0.0542212650179863,-0.04928206652402878,-0.0011949725449085236,0.07044103741645813,-0.07702719420194626,0.005529607646167278,0.08144556730985641,-0.10408295132219791,0.017782326322048903,0.026997670531272888,-0.09388794470578432,0.00896265939809382,0.03422558307647705,-0.12130227498710155,-0.0016973242163658142,0.038808487355709076,-0.14213690906763077,-0.02930230926722288,0.03881637006998062,-0.1517140083014965,0.020250230096280575,0.002635879907757044,-0.09718997171148658,0.011450407095253468,0.0070391492918133736,-0.13540243357419968,-0.00864583533257246,0.00490366667509079,-0.15727628767490387,-0.02685947623103857,0.00918489322066307,-0.17830713838338852,0.01031387667171657,-0.014716226607561111,-0.09132312657311559,-0.0024057282134890556,-0.016771577298641205,-0.12474199384450912,-0.019468429498374462,-0.015815138816833496,-0.14393846690654755,-0.03811956103891134,-0.013012101873755455,-0.16143447905778885,-0.001490594819188118,-0.031052466481924057,-0.07844561710953712,-0.004226851277053356,-0.034357961267232895,-0.1016039215028286,-0.01305744145065546,-0.03555575758218765,-0.12194953113794327,-0.024078319780528545,-0.029612552374601364,-0.13808231800794601
0.0,0.0,0.0,-0.005750120617449284,0.030616924166679382,-0.025895416736602783,-0.006653137505054474,0.052619196474552155,-0.05140571668744087,-0.00491688959300518,0.0679456889629364,-0.07903661951422691,-0.003977533429861069,0.07576462626457214,-0.10514060594141483,0.014685614500194788,0.023634882643818855,-0.09883568249642849,0.0019263150170445442,0.02654394507408142,-0.12441109865903854,-0.011099345982074738,0.027602283284068108,-0.13385028392076492,-0.03998345136642456,0.024860216304659843,-0.12717999890446663,0.015203201211988926,-0.0020149515476077795,-0.0981799722649157,0.009606737992726266,0.0012843962758779526,-0.1417919285595417,-0.006207174621522427,0.0003745313733816147,-0.16581963747739792,-0.02522275224328041,0.003778131678700447,-0.18472717702388763,0.004185565980151296,-0.02109275944530964,-0.09361842274665833,-0.0013898471370339394,-0.023764854297041893,-0.12995246052742004,-0.01440998911857605,-0.02181314304471016,-0.15157951414585114,-0.02992292121052742,-0.018188592046499252,-0.169831745326519,-0.007579764351248741,-0.0377296544611454,-0.078536213375628,-0.0087601188570261,-0.04101455584168434,-0.10377305746078491,-0.014783862978219986,-0.04258602112531662,-0.12751289457082748,-0.025850318372249603,-0.03958074748516083,-0.1443382166326046
0.0,0.0,0.0,-0.008167223306372762,0.028598317876458168,-0.024697579443454742,-0.01198834995739162,0.050057344138622284,-0.051283687353134155,-0.016845890786498785,0.0653521716594696,-0.07802838925272226,-0.021498044952750206,0.07238034158945084,-0.10442344099283218,-0.003555376548320055,0.021972419694066048,-0.09784394316375256,-0.024505016393959522,0.023424873128533363,-0.11643772386014462,-0.03225970175117254,0.023897673934698105,-0.11431995034217834,-0.049797181971371174,0.022318631410598755,-0.09885777719318867,-0.003614264540374279,-0.0019680281402543187,-0.0960554163902998,-0.015162404160946608,-0.0003595314919948578,-0.13516712933778763,-0.029974733479321003,-0.0019253082573413849,-0.15892121195793152,-0.04362981487065554,0.001413203775882721,-0.18004678934812546,-0.01310052489861846,-0.019417518749833107,-0.0916100344620645,-0.0193754518404603,-0.022873282432556152,-0.12311096861958504,-0.03167304862290621,-0.022641116753220558,-0.1449160948395729,-0.0415602745488286,-0.019845392554998398,-0.1666441634297371,-0.02161318063735962,-0.03430628404021263,-0.0746496208012104,-0.025353741832077503,-0.038563840091228485,-0.09771441482007504,-0.03270187322050333,-0.03967372328042984,-0.12135018780827522,-0.04349206853657961,-0.03724963217973709,-0.13558323681354523
0.0,0.0,0.0,-0.0057572691002860665,0.027593601495027542,-0.022190041840076447,-0.006711506866849959,0.04926741123199463,-0.05040673911571503,-0.007319136639125645,0.06442810967564583,-0.07702304795384407,-0.0076788668520748615,0.07096219435334206,-0.1055844072252512,-0.0016457976307719946,0.020704269409179688,-0.09233181271702051,-0.018872931599617004,0.023024387657642365,-0.10978540778160095,-0.02153337188065052,0.022076614201068878,-0.10698782093822956,-0.028650108724832535,0.018895423039793968,-0.08838159497827291,-0.0014925068244338036,-0.00414442247711122,-0.09089098451659083,-0.008281082613393664,-0.002395719289779663,-0.13277140259742737,-0.014299998059868813,-0.0039980653673410416,-0.15811528265476227,-0.021984044462442398,-0.0013810843229293823,-0.1796320453286171,-0.008715257048606873,-0.022313646972179413,-0.08756250375881791,-0.01105904160067439,-0.025802312418818474,-0.12154792994260788,-0.015302756801247597,-0.025226572528481483,-0.1442950963973999,-0.01984927523881197,-0.02416902594268322,-0.16814833134412766,-0.013865289278328419,-0.03735014796257019,-0.07191792223602533,-0.016522668302059174,-0.04083586484193802,-0.09871459659188986,-0.01895114965736866,-0.0416979156434536,-0.12268517166376114,-0.02298412099480629,-0.03904394060373306,-0.13626648485660553
0.0,0.0,0.0,-0.009990028571337461,0.029872732236981392,-0.021230332553386688,-0.01362446928396821,0.05076671950519085,-0.049348898231983185,-0.018687723204493523,0.06540034897625446,-0.07574154064059258,-0.019521170295774937,0.0707699079066515,-0.10679506696760654,-0.004430128959938884,0.022612513974308968,-0.09087119437754154,-0.028429594822227955,0.023224281147122383,-0.10492301732301712,-0.03168994281440973,0.019940689206123352,-0.09898581635206938,-0.035495116375386715,0.01661044918000698,-0.07548727095127106,-0.003012055531144142,-0.004116381402127445,-0.09100577933713794,-0.010937659535557032,-0.003915034234523773,-0.1320313662290573,-0.019474745728075504,-0.004990376532077789,-0.15610869228839874,-0.02880531083792448,-0.0026178788393735886,-0.17928190529346466,-0.009687892394140363,-0.02343074604868889,-0.08767713326960802,-0.01218347530812025,-0.027924908325076103,-0.12169818952679634,-0.017629162408411503,-0.026546277105808258,-0.14521943777799606,-0.02223590388894081,-0.02677133120596409,-0.17015887796878815,-0.016168699599802494,-0.03733147494494915,-0.07241660822182894,-0.017915066331624985,-0.04189237393438816,-0.09850719850510359,-0.020691515877842903,-0.041995877400040627,-0.12219889461994171,-0.029059099964797497,-0.03916794992983341,-0.1344256028532982
0.0,0.0,0.0,-0.006303172558546066,0.028384866192936897,-0.0204930379986763,-0.007942400872707367,0.04909182898700237,-0.049199581146240234,-0.008612013421952724,0.06311630643904209,-0.07595896907150745,-0.007556603290140629,0.06753058172762394,-0.10749759711325169,0.008035639766603708,0.019175956025719643,-0.0892823375761509,-0.0158744677901268,0.020299416035413742,-0.10188378393650055,-0.020178843289613724,0.016924303025007248,-0.09556383267045021,-0.023578740656375885,0.012860674411058426,-0.07178127579391003,0.009699368849396706,-0.007009774213656783,-0.08989980397745967,0.0019103540107607841,-0.007183341309428215,-0.13038770481944084,-0.00775511097162962,-0.008563036099076271,-0.15469606220722198,-0.017695227637887,-0.006954057142138481,-0.17874448001384735,0.0021570490207523108,-0.026289131492376328,-0.0869727754034102,0.0007130608428269625,-0.030376870185136795,-0.1215851679444313,-0.0036465516313910484,-0.028960667550563812,-0.1453051120042801,-0.007147044874727726,-0.02933158352971077,-0.17106446623802185,-0.00627927016466856,-0.04015403427183628,-0.07246828358620405,-0.00684848427772522,-0.044514140114188194,-0.09784637205302715,-0.008827048353850842,-0.045071305707097054,-0.12158872187137604,-0.015482921153306961,-0.042036181315779686,-0.1356915533542633
0.0,0.0,0.0,-0.005737852305173874,0.028559327125549316,-0.020512670278549194,-0.006872604601085186,0.049364905804395676,-0.049107134342193604,-0.005952628329396248,0.06337427720427513,-0.07601338252425194,-0.0023184427991509438,0.06795728579163551,-0.1086330097168684,0.012841274030506611,0.019331421703100204,-0.08995249960571527,-0.011937967501580715,0.02044403925538063,-0.1027184296399355,-0.01735465321689844,0.016705896705389023,-0.09558277018368244,-0.022616016678512096,0.012014277279376984,-0.07084373384714127,0.015267261303961277,-0.007300629746168852,-0.09047845983877778,0.007939670467749238,-0.007525920867919922,-0.1315484307706356,-0.002305729314684868,-0.008908139541745186,-0.15580911934375763,-0.014396571554243565,-0.007521867752075195,-0.18018796294927597,0.0072268107905983925,-0.026984868571162224,-0.08757850574329495,0.005759607767686248,-0.031063377857208252,-0.12247719243168831,0.000547017902135849,-0.02962375059723854,-0.14602335914969444,-0.004152161069214344,-0.029946818947792053,-0.17205910384655,-0.002325722947716713,-0.04111677035689354,-0.07300077844411135,-0.002601010724902153,-0.045309703797101974,-0.09840149618685246,-0.0053870100528001785,-0.04622901976108551,-0.12248921394348145,-0.012533052824437618,-0.04295170307159424,-0.1367705538868904
0.0,0.0,0.0,-0.0049130115658044815,0.02923264540731907,-0.020937085151672363,-0.00530710443854332,0.050010921433568,-0.04927577078342438,-0.003431146964430809,0.06451951898634434,-0.07555958069860935,0.0021892404183745384,0.0689112190157175,-0.10815009288489819,0.016819127602502704,0.02008025161921978,-0.08955282997339964,-0.008799068629741669,0.021790018305182457,-0.10203870013356209,-0.01538413017988205,0.017595699056982994,-0.09397980105131865,-0.021155614405870438,0.012605732306838036,-0.06858481094241142,0.01916192565113306,-0.006611408898606896,-0.09036219120025635,0.011862828629091382,-0.007023302838206291,-0.13101913034915924,0.0012276768684387207,-0.008755717426538467,-0.15552690625190735,-0.011425979435443878,-0.007402924820780754,-0.18036940693855286,0.01086438656784594,-0.026334721595048904,-0.08748735673725605,0.010411150055006146,-0.0309076476842165,-0.1226833425462246,0.005807067267596722,-0.029916079714894295,-0.14620792120695114,0.0008193999528884888,-0.030166728422045708,-0.1733207181096077,0.0003778310492634773,-0.04088830016553402,-0.07326153386384249,0.0008116811513900757,-0.04534544609487057,-0.09858504496514797,-0.0013505388051271439,-0.04608716629445553,-0.12299729138612747,-0.008413208648562431,-0.0425018984824419,-0.1377532295882702
0.0,0.0,0.0,-0.0061293188482522964,0.029563941061496735,-0.021253272891044617,-0.006125926971435547,0.0506676584482193,-0.049137212336063385,-0.004271959885954857,0.06552919745445251,-0.0754595547914505,0.002682482823729515,0.07032843679189682,-0.10774477571249008,0.01726182666607201,0.020978780463337898,-0.0905715860426426,-0.009874437004327774,0.02300253137946129,-0.10144400130957365,-0.01828877441585064,0.019209841266274452,-0.09165596775710583,-0.025185665115714073,0.01328853890299797,-0.06617628410458565,0.019551117438822985,-0.006033728481270373,-0.09095389442518353,0.012299188412725925,-0.006200624629855156,-0.13168242201209068,0.0002376902848482132,-0.00804644450545311,-0.15502630174160004,-0.014096187427639961,-0.00783383846282959,-0.18063157051801682,0.011099910130724311,-0.025695720687508583,-0.08817603019997478,0.010242062853649259,-0.029590243473649025,-0.12318788468837738,0.004742861725389957,-0.02922096848487854,-0.14620978385210037,-0.0013551441952586174,-0.029943006113171577,-0.1732238456606865,-0.00028567109256982803,-0.040561314672231674,-0.07363558746874332,0.0006147390231490135,-0.0450594387948513,-0.09878195729106665,-0.0015204548835754395,-0.045639846473932266,-0.12260914221405983,-0.009886747226119041,-0.04229622334241867,-0.13811347633600235
0.0,0.0,0.0,-0.006178566254675388,0.028989586979150772,-0.02102210372686386,-0.007544984109699726,0.05022118240594864,-0.04977598786354065,-0.005502411164343357,0.06433240324258804,-0.0769383292645216,-0.00044380128383636475,0.06937410682439804,-0.10843072645366192,0.014418215490877628,0.020523879677057266,-0.09101379383355379,-0.012458526529371738,0.022063707932829857,-0.10280116554349661,-0.020982609130442142,0.01766078546643257,-0.09465496800839901,-0.026822230778634548,0.011909592896699905,-0.07001671940088272,0.016396807972341776,-0.006067936075851321,-0.09216375648975372,0.007303776452317834,-0.006762044504284859,-0.1320696696639061,-0.005041917786002159,-0.00923089124262333,-0.15558762103319168,-0.01770962495356798,-0.008927684277296066,-0.17971476167440414,0.007619202835485339,-0.025264477357268333,-0.08890775498002768,0.005105708725750446,-0.029694220051169395,-0.12337955087423325,-0.0008786171674728394,-0.028884483501315117,-0.1456114500761032,-0.006484095938503742,-0.028944680467247963,-0.1719338372349739,-0.0037964796647429466,-0.04036981239914894,-0.07398272585123777,-0.0037264712154865265,-0.044840358197689056,-0.098520970903337,-0.006777158938348293,-0.04524293541908264,-0.12197245657444,-0.014818393625319004,-0.04254068061709404,-0.13742199540138245
0.0,0.0,0.0,-0.009996948763728142,0.028385598212480545,-0.021424099802970886,-0.013101119082421064,0.04924977198243141,-0.05056760832667351,-0.01729981927201152,0.06368106231093407,-0.07720381207764149,-0.0175874182023108,0.06841525807976723,-0.10802953317761421,-9.359116666018963e-05,0.020934034138917923,-0.09346307534724474,-0.02597524644806981,0.02105163410305977,-0.1061929240822792,-0.031596502754837275,0.017607348039746284,-0.09813749045133591,-0.036430221516638994,0.01441110484302044,-0.07523165736347437,0.0009949756786227226,-0.005931851454079151,-0.0927272941917181,-0.00897291861474514,-0.006880281493067741,-0.13404802232980728,-0.018479819875210524,-0.008085643872618675,-0.15757311135530472,-0.029230645392090082,-0.006562624126672745,-0.18144767731428146,-0.006392398616299033,-0.025025630369782448,-0.08865543408319354,-0.011132808402180672,-0.029738828539848328,-0.12340201437473297,-0.017475530970841646,-0.029097070917487144,-0.14640487730503082,-0.02259234944358468,-0.02914057858288288,-0.17105086892843246,-0.01464711083099246,-0.039871491491794586,-0.07239877432584763,-0.016402066219598055,-0.0444750115275383,-0.0988420220091939,-0.01955249859020114,-0.04501282796263695,-0.12364338338375092,-0.02800704399123788,-0.04212721064686775,-0.137667428702116
0.0,0.0,0.0,-0.009793821955099702,0.029630456119775772,-0.022027984261512756,-0.0128040483687073,0.05010685324668884,-0.05127871781587601,-0.015518439235165715,0.06595199182629585,-0.07763349451124668,-0.01400741864927113,0.07165589556097984,-0.10993601568043232,0.005940295523032546,0.02325296774506569,-0.09536267351359129,-0.022363991709426045,0.023738937452435493,-0.10853209346532822,-0.030173941748216748,0.019738471135497093,-0.09936241339892149,-0.038483768003061414,0.014800185337662697,-0.07545305509120226,0.007719466229900718,-0.0043630884028971195,-0.09421284170821309,-0.0007315627299249172,-0.003551650792360306,-0.13675156980752945,-0.011562885949388146,-0.004755882546305656,-0.16081932932138443,-0.0267826106864959,-0.002916209399700165,-0.18549351394176483,-0.0004418895114213228,-0.02405538409948349,-0.08977332012727857,-0.004177596652880311,-0.027920367196202278,-0.1257837936282158,-0.01210812502540648,-0.02763814479112625,-0.14909165352582932,-0.02027340908534825,-0.02703789621591568,-0.17463383823633194,-0.009879643330350518,-0.039530593901872635,-0.07337254285812378,-0.011000319616869092,-0.043755706399679184,-0.10097144357860088,-0.014555606292560697,-0.04454809054732323,-0.12677112594246864,-0.025022997753694654,-0.040872666984796524,-0.14103656262159348
0.0,0.0,0.0,-0.009547511581331491,0.02964620664715767,-0.022020921111106873,-0.012783733662217855,0.05032408982515335,-0.05137769132852554,-0.01533075561746955,0.0660826563835144,-0.07759771309792995,-0.013468563091009855,0.07169532030820847,-0.11016014404594898,0.006049056304618716,0.023532062768936157,-0.09524406958371401,-0.022203806322067976,0.02374492585659027,-0.10864043422043324,-0.03005368961021304,0.019817758351564407,-0.09933415334671736,-0.03842347068712115,0.015094354748725891,-0.07583227660506964,0.007864692248404026,-0.004099345998838544,-0.09411090845242143,-0.0008445519488304853,-0.0033623725175857544,-0.13650814443826675,-0.011797984596341848,-0.004683336243033409,-0.1603977084159851,-0.026848103385418653,-0.0028109438717365265,-0.1850081831216812,-0.00015653297305107117,-0.023714788258075714,-0.08988531865179539,-0.004034168086946011,-0.027608457952737808,-0.12547241151332855,-0.012380241882055998,-0.027609458193182945,-0.14891161397099495,-0.0200901604257524,-0.026836471632122993,-0.1743023321032524,-0.009579183999449015,-0.03907668590545654,-0.07362852618098259,-0.010788609739392996,-0.04336463287472725,-0.10080034378916025,-0.014377736952155828,-0.044110968708992004,-0.1265316940844059,-0.02485713129863143,-0.04052808880805969,-0.14078083634376526
0.0,0.0,0.0,-0.0037961024791002274,0.030734170228242874,-0.024087466299533844,-0.00019434653222560883,0.05268274247646332,-0.05286714434623718,0.007484580390155315,0.0692109577357769,-0.08154147118330002,0.016473900992423296,0.07652800902724266,-0.1125166080892086,0.027710522525012493,0.024291053414344788,-0.09759002551436424,0.00698891282081604,0.025308094918727875,-0.1160469502210617,-0.004547860473394394,0.024723703041672707,-0.11649318039417267,-0.027573440223932266,0.023576904088258743,-0.10164155531674623,0.028910248074680567,-0.002744814963079989,-0.09763543354347348,0.02227935381233692,-0.0008385740220546722,-0.1406850591301918,0.00872656237334013,-0.0014364011585712433,-0.16533898562192917,-0.00763322226703167,0.0031994767487049103,-0.18767768144607544,0.018006982980296016,-0.021989719942212105,-0.09318447858095169,0.013553004711866379,-0.026008939370512962,-0.12963919714093208,0.004098298028111458,-0.025522369891405106,-0.1527881808578968,-0.0062919072806835175,-0.022856460884213448,-0.17535053193569183,0.006014328449964523,-0.037701550871133804,-0.07843112014234066,0.004631165415048599,-0.04250222072005272,-0.1058687325567007,-0.00019143149256706238,-0.04279687628149986,-0.13171308487653732,-0.00880402885377407,-0.0384569875895977,-0.14538182318210602
0.0,0.0,0.0,-0.003955933265388012,0.02973719872534275,-0.02372695505619049,-0.0021291160956025124,0.05165073275566101,-0.04975510016083717,0.0032394099980592728,0.06882694736123085,-0.07795236259698868,0.009971353225409985,0.07761266455054283,-0.10429491847753525,0.0207237028516829,0.023510674014687538,-0.09295620117336512,0.009253308642655611,0.025826748460531235,-0.11597060039639473,-0.0024021463468670845,0.026294250041246414,-0.1293640248477459,-0.02880095038563013,0.024122919887304306,-0.13077636063098907,0.022430286277085543,-0.0009998715249821544,-0.09452888695523143,0.014856828202027828,0.003388567827641964,-0.13398569077253342,-0.0008355705067515373,0.001490820199251175,-0.15804307907819748,-0.017996576614677906,0.005696086212992668,-0.18110757321119308,0.012147713219746947,-0.017955565825104713,-0.09082962712273002,0.005892242304980755,-0.02113221399486065,-0.12447354570031166,-0.006033298559486866,-0.021380383521318436,-0.14766494929790497,-0.019579452462494373,-0.019737739115953445,-0.1673743650317192,0.000428173691034317,-0.034518007189035416,-0.07705297973006964,-0.000322023406624794,-0.03745641931891441,-0.10123969800770283,-0.005138271488249302,-0.03822487220168114,-0.12422913685441017,-0.015244862996041775,-0.033564236015081406,-0.14047200232744217
0.0,0.0,0.0,-0.006469540297985077,0.028837677091360092,-0.02495298534631729,-0.009450094774365425,0.05208940431475639,-0.04842350631952286,-0.005780115723609924,0.06828520447015762,-0.07646686397492886,-0.000941119622439146,0.0780985876917839,-0.1023134607821703,0.010434563737362623,0.025417931377887726,-0.0921521345153451,0.0015690666623413563,0.030722951516509056,-0.11975482106208801,-0.008128674700856209,0.03338427469134331,-0.14040490984916687,-0.03529630787670612,0.031009558588266373,-0.1499258615076542,0.01361930463463068,0.00093104038387537,-0.09496541228145361,0.004231499508023262,0.0064912959933280945,-0.13324548304080963,-0.013486452400684357,0.0038872025907039642,-0.15543761104345322,-0.03100498579442501,0.008201319724321365,-0.17747438699007034,0.004157806979492307,-0.016161978244781494,-0.08970239059999585,-0.0073388684540987015,-0.018595866858959198,-0.12273034080862999,-0.02164684422314167,-0.019121846184134483,-0.14396533370018005,-0.037970053032040596,-0.01742846891283989,-0.1616736426949501,-0.006414829753339291,-0.03338329493999481,-0.07626679074019194,-0.008652099408209324,-0.03570382669568062,-0.1001287829130888,-0.01709786430001259,-0.03680535405874252,-0.12039899453520775,-0.027211541309952736,-0.030880391597747803,-0.13642017170786858
0.0,0.0,0.0,-0.008344676345586777,0.030140088871121407,-0.02534472942352295,-0.011856082826852798,0.05373231694102287,-0.04831220209598541,-0.009148703888058662,0.06999686732888222,-0.07536363042891026,-0.00555151142179966,0.08103234693408012,-0.1021861732006073,0.00854022428393364,0.028337977826595306,-0.094001404941082,9.937607683241367e-05,0.035189758986234665,-0.12230595201253891,-0.00856004934757948,0.0399017408490181,-0.14458203315734863,-0.033579119481146336,0.039989762008190155,-0.1559913605451584,0.011034105438739061,0.00396136287599802,-0.09712198888882995,0.001217162935063243,0.00817810371518135,-0.1351323463022709,-0.018007135950028896,0.006629148498177528,-0.1569637507200241,-0.034580440260469913,0.011579073965549469,-0.17858056724071503,0.001128939213231206,-0.013568980619311333,-0.0908710821531713,-0.012177950702607632,-0.01632305607199669,-0.12451589107513428,-0.02675876673310995,-0.01611693575978279,-0.14309068024158478,-0.04376124311238527,-0.01438676007091999,-0.16058877110481262,-0.009424114599823952,-0.030592992901802063,-0.0774212796241045,-0.013143482618033886,-0.032754961401224136,-0.10113587882369757,-0.02223664615303278,-0.03345233574509621,-0.12169633992016315,-0.031295512802898884,-0.02804035320878029,-0.13741718232631683
0.0,0.0,0.0,-0.008779052877798676,0.03034817799925804,-0.025443747639656067,-0.012271559098735452,0.05337121710181236,-0.04852817952632904,-0.010101422900334,0.0687284953892231,-0.07566244713962078,-0.0062937617767602205,0.08013856783509254,-0.10138640739023685,0.008226622128859162,0.027600593864917755,-0.09397863410413265,0.000625337241217494,0.035446275025606155,-0.12269236519932747,-0.007345192367210984,0.040947820991277695,-0.1448989138007164,-0.031669713789597154,0.04151372238993645,-0.15645956993103027,0.011200377950444818,0.003541626501828432,-0.0970524400472641,0.0017554399091750383,0.008201869204640388,-0.13507482782006264,-0.017942399019375443,0.00686674565076828,-0.1574891358613968,-0.03434306778945029,0.011755440384149551,-0.17849662154912949,0.0017821893561631441,-0.013967189937829971,-0.09052892494946718,-0.011594409355893731,-0.016588181257247925,-0.12478555738925934,-0.026569424429908395,-0.016436783596873283,-0.14257723838090897,-0.04415788152255118,-0.014665365219116211,-0.16047971695661545,-0.008606598014011979,-0.030945375561714172,-0.0774259865283966,-0.013201659778133035,-0.033319141715765,-0.10079643782228231,-0.022452693665400147,-0.033885639160871506,-0.12071678228676319,-0.03196216397918761,-0.028566457331180573,-0.1364452913403511
0.0,0.0,0.0,-0.008944536093622446,0.03038809262216091,-0.025709830224514008,-0.012412682641297579,0.05331738293170929,-0.048592664301395416,-0.010033321101218462,0.06854163855314255,-0.07603389024734497,-0.006417416501790285,0.07964512705802917,-0.10191893018782139,0.009016017895191908,0.027478719130158424,-0.0939604789018631,0.0015424150042235851,0.035133764147758484,-0.12297352775931358,-0.006269488949328661,0.04069109633564949,-0.1452380083501339,-0.030002590734511614,0.041487809270620346,-0.15691731870174408,0.012003605719655752,0.00309001374989748,-0.09702764544636011,0.0029624442104250193,0.007841233164072037,-0.13555939123034477,-0.016333068255335093,0.006601419299840927,-0.15779515355825424,-0.0329989236779511,0.011528406292200089,-0.1788918301463127,0.0023765743244439363,-0.014313165098428726,-0.09078662376850843,-0.011140390764921904,-0.016850939020514488,-0.12480371072888374,-0.02593296254053712,-0.01649712212383747,-0.1433241292834282,-0.0433802236802876,-0.014440745115280151,-0.16051675379276276,-0.008186543826013803,-0.03084603324532509,-0.07760257739573717,-0.012299955356866121,-0.03329436480998993,-0.10134629998356104,-0.021244451869279146,-0.03413950651884079,-0.12142845615744591,-0.03082146542146802,-0.028685536235570908,-0.13680851459503174
0.0,0.0,0.0,-0.00899785739602521,0.02998989075422287,-0.02433476597070694,-0.013113465916831046,0.05322958528995514,-0.047548964619636536,-0.012887049291748554,0.0686587393283844,-0.07382569648325443,-0.009916419920045882,0.08050426840782166,-0.09888567589223385,0.004583771515171975,0.027865922078490257,-0.09304536320269108,-0.004437574476469308,0.03690216317772865,-0.12080876529216766,-0.011657642025966197,0.04159974679350853,-0.14240353554487228,-0.03708012757124379,0.04221687093377113,-0.15421238541603088,0.006538768939208239,0.0047128754667937756,-0.09577791392803192,-0.0036143737961538136,0.009199325926601887,-0.13340335339307785,-0.022854037408251315,0.007809881120920181,-0.1559121385216713,-0.03929624689044431,0.012148182839155197,-0.17661617696285248,-0.0026963698328472674,-0.013387380167841911,-0.08977880235761404,-0.016078706656116992,-0.016239726915955544,-0.12321998178958893,-0.030812825832981616,-0.01623363047838211,-0.1409122198820114,-0.04678558913292363,-0.013705950230360031,-0.1594008430838585,-0.012926024210173637,-0.030496686697006226,-0.07633799593895674,-0.01712783781113103,-0.032713472843170166,-0.09896773938089609,-0.02673097123624757,-0.03382140398025513,-0.1192829329520464,-0.03631319833220914,-0.028562068939208984,-0.13453949987888336
0.0,0.0,0.0,-0.008892777026630938,0.030087100341916084,-0.024119123816490173,-0.012647579074837267,0.05302922800183296,-0.047660477459430695,-0.012898357235826552,0.06873076409101486,-0.07389025762677193,-0.009782100678421557,0.08056095987558365,-0.09879892691969872,0.00448524986859411,0.028067132458090782,-0.09347782097756863,-0.004692608607001603,0.037345804274082184,-0.12122858315706253,-0.01200824195984751,0.041953831911087036,-0.14296146482229233,-0.03804394754115492,0.042793095111846924,-0.15463915467262268,0.0062348589999601245,0.004901853739283979,-0.09642420383170247,-0.004194914479739964,0.009533054195344448,-0.13413875177502632,-0.02346039528492838,0.008352246135473251,-0.15662827342748642,-0.03996387275401503,0.01293155737221241,-0.1774311661720276,-0.0031287098536267877,-0.013146499171853065,-0.09042922966182232,-0.01667365583125502,-0.015634093433618546,-0.12354021519422531,-0.03160246054176241,-0.015580691397190094,-0.141330786049366,-0.047851951443590224,-0.012791275978088379,-0.15994225442409515,-0.013542001717723906,-0.030184388160705566,-0.0768420035019517,-0.017855882295407355,-0.03236176446080208,-0.09944796748459339,-0.02724375540856272,-0.03328774496912956,-0.1195253487676382,-0.03721793892327696,-0.028127390891313553,-0.13470226898789406
0.0,0.0,0.0,-0.008834485663101077,0.0305060725659132,-0.02504124492406845,-0.012437180383130908,0.05306578055024147,-0.0484129972755909,-0.011989930411800742,0.06887229159474373,-0.07467802800238132,-0.008734348928555846,0.08084670826792717,-0.09939363040030003,0.006181088043376803,0.027964619919657707,-0.09406850393861532,-0.002664864296093583,0.037481024861335754,-0.12213511392474174,-0.009657884715124965,0.04236331582069397,-0.14377035945653915,-0.03516276343725622,0.0434720553457737,-0.1557275503873825,0.008129626279696822,0.004469134379178286,-0.09654858987778425,-0.0019840546883642673,0.00931971799582243,-0.1348387822508812,-0.021130619337782264,0.008028512820601463,-0.1573920026421547,-0.03791518299840391,0.012628253549337387,-0.1785905584692955,-0.0014598772395402193,-0.013321492820978165,-0.09048875421285629,-0.01482048979960382,-0.01594668999314308,-0.12405974790453911,-0.02975845313630998,-0.01560153067111969,-0.14218540489673615,-0.04633736773394048,-0.01277119666337967,-0.16085747629404068,-0.012272564461454749,-0.03030800074338913,-0.0769404349848628,-0.01620237878523767,-0.03246671333909035,-0.0997172249481082,-0.025260085007175803,-0.03333967924118042,-0.12019350752234459,-0.03494685678742826,-0.02817704528570175,-0.1353924199938774
0.0,0.0,0.0,-0.008590856683440506,0.030466530472040176,-0.025039896368980408,-0.011885540676303208,0.05348709598183632,-0.048572152853012085,-0.010927361552603543,0.06996821239590645,-0.07516856119036674,-0.007347966660745442,0.08185761049389839,-0.10040283761918545,0.006826511933468282,0.02905525080859661,-0.09442840050905943,-0.002091273316182196,0.038316596299409866,-0.12251811474561691,-0.009330532629974186,0.043365832418203354,-0.14368868246674538,-0.03505462792236358,0.044393137097358704,-0.15615486353635788,0.008769604261033237,0.0056003694189712405,-0.09670251002535224,-0.0015080125303938985,0.01024862565100193,-0.13496141880750656,-0.020855490234680474,0.008705802261829376,-0.15739412605762482,-0.0379229934187606,0.013206101953983307,-0.17856895178556442,-0.0007054152665659785,-0.01258242316544056,-0.0907463850453496,-0.013891700771637261,-0.014824409037828445,-0.12402622401714325,-0.029361337539739907,-0.014723250642418861,-0.14250608533620834,-0.04543367784935981,-0.011920986697077751,-0.16088555753231049,-0.011326405336149037,-0.029374603182077408,-0.0768909240141511,-0.015268074464984238,-0.031530335545539856,-0.0996055444702506,-0.024146374431438744,-0.032465722411870956,-0.12024223059415817,-0.03412811097223312,-0.02747301384806633,-0.13527879863977432
0.0,0.0,0.0,-0.009301392827183008,0.030183596536517143,-0.025000669062137604,-0.013085372280329466,0.05312950909137726,-0.048055946826934814,-0.013175788801163435,0.06927813217043877,-0.07428708299994469,-0.011015806812793016,0.0812968797981739,-0.09928449988365173,0.0039803520776331425,0.0286115650087595,-0.09417055733501911,-0.0054466091096401215,0.03798997402191162,-0.12200897186994553,-0.012904102448374033,0.0428318977355957,-0.14328446611762047,-0.03849223768338561,0.043976061046123505,-0.15523146837949753,0.005500223487615585,0.0054944196017459035,-0.0965980039909482,-0.005171756027266383,0.009995901957154274,-0.13443749025464058,-0.0246961354278028,0.008411908522248268,-0.15666114538908005,-0.041550116147845984,0.012827910482883453,-0.1779501810669899,-0.004021957749500871,-0.012407097965478897,-0.09024911653250456,-0.017646824475377798,-0.014978393912315369,-0.12337812781333923,-0.03307699924334884,-0.014705516397953033,-0.14163781702518463,-0.04956418788060546,-0.01186598651111126,-0.16015958786010742,-0.014632378239184618,-0.029409851878881454,-0.07632179278880358,-0.018758298363536596,-0.03156135231256485,-0.09898989275097847,-0.02795793069526553,-0.032237205654382706,-0.11940107494592667,-0.03800524165853858,-0.02708490565419197,-0.1349082514643669
0.0,0.0,0.0,-0.00890314419666538,0.03016875497996807,-0.025224708020687103,-0.012347941556072328,0.05301865562796593,-0.04822537302970886,-0.01178577010432491,0.06933066248893738,-0.07402985543012619,-0.00893316724250326,0.08133085817098618,-0.09913432039320469,0.005204762994253542,0.028251061215996742,-0.09417584631592035,-0.004215979286527727,0.03780513256788254,-0.1220603883266449,-0.011432792329287622,0.04270707815885544,-0.14327749237418175,-0.036875667319691274,0.04380390793085098,-0.15536560863256454,0.006782164993637707,0.005175457219593227,-0.09656270127743483,-0.0039028642131597735,0.010003658942878246,-0.13433488085865974,-0.02319852103391895,0.008424084633588791,-0.1566590964794159,-0.03995572243729839,0.012796662747859955,-0.17785410583019257,-0.0028344167294562794,-0.012740731239318848,-0.09041423629969358,-0.01628200550476322,-0.015034772455692291,-0.12350348383188248,-0.0316573365489603,-0.014843938872218132,-0.14186348021030426,-0.047362210498249624,-0.011983517557382584,-0.16025620698928833,-0.013488901116943453,-0.02960648387670517,-0.07662593573331833,-0.017474906788265798,-0.03165611997246742,-0.09927257243543863,-0.02643105787137756,-0.032401103526353836,-0.11982243321835995,-0.03607311685482273,-0.027117613703012466,-0.13510991260409355
0.0,0.0,0.0,-0.008005016017705202,0.03052104264497757,-0.025480985641479492,-0.011854031588882208,0.05347203090786934,-0.04809319227933884,-0.011361750308424234,0.06994396820664406,-0.0743383839726448,-0.007948672864586115,0.08129693940281868,-0.09945004619657993,0.006034568417817354,0.028632599860429764,-0.09472894575446844,-0.003056971589103341,0.03811952844262123,-0.12323377653956413,-0.010155299212783575,0.04311502352356911,-0.14384783804416656,-0.03621067712083459,0.044259779155254364,-0.15663568675518036,0.007459016051143408,0.005354870576411486,-0.09685741271823645,-0.003724526148289442,0.010567627847194672,-0.13490545004606247,-0.02237005392089486,0.008721349760890007,-0.15742772072553635,-0.03898457670584321,0.013452261686325073,-0.17824065685272217,-0.002623385051265359,-0.012629162520170212,-0.09133458184078336,-0.015182739589363337,-0.014818388968706131,-0.12402702867984772,-0.030805537942796946,-0.014838332310318947,-0.1433991938829422,-0.04564096266403794,-0.011134129017591476,-0.16134028136730194,-0.013092987705022097,-0.02953096479177475,-0.07726654689759016,-0.01696410635486245,-0.03138714283704758,-0.09980807360261679,-0.025187938008457422,-0.03236449509859085,-0.12090465426445007,-0.034727002028375864,-0.027082771062850952,-0.13642733171582222
0.0,0.0,0.0,-0.009214374935254455,0.030547557398676872,-0.025458931922912598,-0.01306849136017263,0.05331256240606308,-0.048549897968769073,-0.012175482464954257,0.0696835033595562,-0.074472326785326,-0.009204756235703826,0.08175746724009514,-0.10006998479366302,0.006692405557259917,0.02870289608836174,-0.0948346946388483,-0.0024349817540496588,0.038271959871053696,-0.12284674495458603,-0.009809465846046805,0.043071698397397995,-0.14414924755692482,-0.0357701254542917,0.044368915259838104,-0.15659582614898682,0.008737014373764396,0.005123252281919122,-0.09707037452608347,-0.0018377145752310753,0.009972146712243557,-0.13529568910598755,-0.02151514939032495,0.008550750091671944,-0.1576973795890808,-0.03906451887451112,0.013036731630563736,-0.17903098464012146,-0.0009965456556528807,-0.012726955115795135,-0.09093100018799305,-0.014471629401668906,-0.015032526105642319,-0.12447493150830269,-0.030316237127408385,-0.014617955312132835,-0.14319446310400963,-0.04677282623015344,-0.011857526376843452,-0.16171108186244965,-0.011759143089875579,-0.0299089252948761,-0.07719668745994568,-0.015696652000769973,-0.03168726712465286,-0.10000191815197468,-0.025166060542687774,-0.03207605704665184,-0.12079362943768501,-0.03522761142812669,-0.02687179669737816,-0.1362159699201584
0.0,0.0,0.0,-0.009054316207766533,0.030692340806126595,-0.025406792759895325,-0.012896188534796238,0.053331442177295685,-0.04835798591375351,-0.012414448894560337,0.06967345252633095,-0.07429016195237637,-0.0094233937561512,0.08187880739569664,-0.0994772482663393,0.0061765192076563835,0.028787702322006226,-0.09444296453148127,-0.003119077067822218,0.03854138031601906,-0.12256807833909988,-0.010378259234130383,0.04339323565363884,-0.14390283823013306,-0.036389315500855446,0.04514400660991669,-0.1562875583767891,0.00815700413659215,0.00533376494422555,-0.0969254756346345,-0.002624974586069584,0.01065887976437807,-0.13469374179840088,-0.02229255996644497,0.009101055562496185,-0.1572006717324257,-0.03938444145023823,0.01360137015581131,-0.1785176396369934,-0.0017314902506768703,-0.012001872062683105,-0.09075075155124068,-0.015341660007834435,-0.01415206864476204,-0.1240299791097641,-0.031363772228360176,-0.01364804059267044,-0.1422954425215721,-0.047768423333764076,-0.010956931859254837,-0.16068729758262634,-0.012619483284652233,-0.029051989316940308,-0.07722903788089752,-0.01665346510708332,-0.030873145908117294,-0.09992391150444746,-0.02597751095890999,-0.031140528619289398,-0.12015092000365257,-0.035784268751740456,-0.026059087365865707,-0.1351611390709877
0.0,0.0,0.0,-0.009291662136092782,0.03080848418176174,-0.025333568453788757,-0.013083510333672166,0.05372299626469612,-0.0484180748462677,-0.01242889673449099,0.0697193406522274,-0.07461688667535782,-0.008970800088718534,0.08183738216757774,-0.09994173608720303,0.006939134793356061,0.029112311080098152,-0.09461701940745115,-0.0021356598008424044,0.0385146364569664,-0.12284448742866516,-0.009076496819034219,0.04295451194047928,-0.14401701092720032,-0.03454550658352673,0.04404699429869652,-0.15664615482091904,0.009310924215242267,0.005389795289374888,-0.09698650427162647,-0.0009183420334011316,0.010536952875554562,-0.13542649149894714,-0.020143105881288648,0.00877692922949791,-0.1579931154847145,-0.03727358137257397,0.013176845386624336,-0.1789274886250496,-0.00011920370161533356,-0.01265486516058445,-0.0912609864026308,-0.012892077909782529,-0.014743048697710037,-0.12485488504171371,-0.029226641403511167,-0.014347879216074944,-0.14373812451958656,-0.044973301934078336,-0.011188464239239693,-0.16185203194618225,-0.010464036138728261,-0.029927097260951996,-0.0777100445702672,-0.01410984923131764,-0.031648967415094376,-0.10054533369839191,-0.02322411653585732,-0.03192650526762009,-0.12143171764910221,-0.03327738796360791,-0.026681505143642426,-0.136505838483572
0.0,0.0,0.0,-0.00545291043817997,0.030565185472369194,-0.025498688220977783,-0.006304256618022919,0.05332104116678238,-0.04906768351793289,-0.0022096894681453705,0.06994926184415817,-0.0769600011408329,0.00560715002939105,0.08115621656179428,-0.10199682414531708,0.016133046709001064,0.027390725910663605,-0.09445705823600292,0.006452983245253563,0.03498012199997902,-0.12226883322000504,-0.00275625754147768,0.038357146084308624,-0.14088600873947144,-0.031595503911376,0.03756733238697052,-0.15164272114634514,0.018482843413949013,0.0035203195875510573,-0.09681516326963902,0.00977117964066565,0.009796930477023125,-0.1361922174692154,-0.008662017062306404,0.008085237815976143,-0.15969591587781906,-0.026388315483927727,0.013213245198130608,-0.18038202822208405,0.008129990193992853,-0.014425424858927727,-0.09235698776319623,-0.0018418645486235619,-0.015661410987377167,-0.1263476237654686,-0.01869179680943489,-0.015213383361697197,-0.14700860902667046,-0.03449595905840397,-0.011251283809542656,-0.1654895469546318,-0.0030964231118559837,-0.031289245933294296,-0.07899521663784981,-0.005898967385292053,-0.032958053052425385,-0.10200260113924742,-0.013294180855154991,-0.033102571964263916,-0.12348905578255653,-0.023082265630364418,-0.02756715938448906,-0.1396678350865841
0.0,0.0,0.0,-0.005066839978098869,0.030348699539899826,-0.02564229816198349,-0.005572695285081863,0.05314166098833084,-0.04917557165026665,-0.0015022456645965576,0.06962208077311516,-0.07733066193759441,0.006179395597428083,0.07983244583010674,-0.10202480107545853,0.017684350721538067,0.02688237838447094,-0.09375759866088629,0.008425847627222538,0.03428029641509056,-0.12197542004287243,-0.0007008472457528114,0.037960153073072433,-0.14118168875575066,-0.028660103678703308,0.037287503480911255,-0.15167740359902382,0.0200785412453115,0.002706891857087612,-0.0960654728114605,0.011779476481024176,0.00943789817392826,-0.13631189242005348,-0.005858376622200012,0.007382476702332497,-0.15983892232179642,-0.023130442947149277,0.012629831209778786,-0.18075302988290787,0.00932147353887558,-0.014771640300750732,-0.09161917958408594,-0.0005587656050920486,-0.016033893451094627,-0.12603819742798805,-0.015911921858787537,-0.015281917527318,-0.1470838561654091,-0.03185580298304558,-0.012107092887163162,-0.1661812737584114,-0.002228070981800556,-0.03164701536297798,-0.07813482917845249,-0.004854325205087662,-0.03327026963233948,-0.10209346562623978,-0.011596761643886566,-0.03341825678944588,-0.12344442680478096,-0.021162129938602448,-0.028233686462044716,-0.13995815813541412
0.0,0.0,0.0,-0.0051047103479504585,0.03073650784790516,-0.02463633567094803,-0.005896410904824734,0.053151775151491165,-0.0504407063126564,-0.0014350730925798416,0.06982410326600075,-0.07886996306478977,0.0029689129441976547,0.07967081293463707,-0.10585662722587585,0.01716305920854211,0.025799138471484184,-0.09728631377220154,0.0029803114011883736,0.02873927727341652,-0.12253287062048912,-0.009991391561925411,0.029876820743083954,-0.1330862157046795,-0.04000058490782976,0.028293078765273094,-0.12813357263803482,0.01875085663050413,0.00019823864568024874,-0.0974510284140706,0.010149205569177866,0.004943703301250935,-0.13965092226862907,-0.007129778154194355,0.004279753193259239,-0.1635686233639717,-0.026545562781393528,0.009087854996323586,-0.18402817100286484,0.007764119654893875,-0.01853947713971138,-0.09365086769685149,-7.528811693191528e-05,-0.021066443994641304,-0.12811299413442612,-0.014345350675284863,-0.01875651441514492,-0.14959929138422012,-0.031346448697149754,-0.014735978096723557,-0.16873055696487427,-0.004205705597996712,-0.035521820187568665,-0.07890874706208706,-0.005936236120760441,-0.03813137859106064,-0.10331476852297783,-0.012498668394982815,-0.039057958871126175,-0.1264551654458046,-0.02401882130652666,-0.036580298095941544,-0.142599955201149
0.0,0.0,0.0,-0.00369474571198225,0.03111163154244423,-0.020632490515708923,-0.005088948644697666,0.05317363142967224,-0.04955890774726868,-0.0033910945057868958,0.07142136991024017,-0.07678716816008091,0.0029656337574124336,0.07761690020561218,-0.10828909650444984,0.017546114046126604,0.02744550071656704,-0.09516387153416872,-0.011677167378365993,0.028950776904821396,-0.10612283367663622,-0.0218568192794919,0.023604867979884148,-0.09573778789490461,-0.027884778566658497,0.01660657674074173,-0.07024785131216049,0.01885395310819149,-1.0784948244690895e-05,-0.09601995861157775,0.009313401533290744,0.0037172259762883186,-0.13635684549808502,0.00016884133219718933,0.0035805534571409225,-0.16238386929035187,-0.01252335961908102,0.007295306771993637,-0.18941392749547958,0.008519472554326057,-0.01898524910211563,-0.09235061006620526,0.004846109542995691,-0.019994020462036133,-0.1265873983502388,-0.0015220222994685173,-0.01769084669649601,-0.14877432212233543,-0.009181425906717777,-0.01528862677514553,-0.17452849447727203,-0.003474806435406208,-0.03525601327419281,-0.07643472868949175,-0.004055940546095371,-0.037876229733228683,-0.10222361609339714,-0.005799314938485622,-0.03868468478322029,-0.12661463767290115,-0.012559308670461178,-0.035411037504673004,-0.1419379785656929
0.0,0.0,0.0,-0.0015859566628932953,0.030064109712839127,-0.018628880381584167,3.436766564846039e-05,0.05199108645319939,-0.04799406975507736,0.005614076741039753,0.0691879503428936,-0.075412193313241,0.014939076732844114,0.07595867291092873,-0.10577184520661831,0.02463886421173811,0.02567838504910469,-0.0914344834163785,-0.004050770774483681,0.02448946423828602,-0.09943294804543257,-0.012494713068008423,0.018573952838778496,-0.08854362927377224,-0.01493079960346222,0.01095292903482914,-0.06349560804665089,0.02676733722910285,-0.0016683870926499367,-0.09243245515972376,0.01803554070647806,0.00020308047533035278,-0.13267185539007187,0.008848658762872219,-2.606213092803955e-05,-0.15756744146347046,-0.0030757468193769455,0.0021044574677944183,-0.1836218684911728,0.016211228212341666,-0.020549342036247253,-0.09059470472857356,0.013764846604317427,-0.022251751273870468,-0.12406739592552185,0.009472436271607876,-0.01963583193719387,-0.14751934260129929,0.005615100264549255,-0.018882764503359795,-0.17265185713768005,0.0031023286283016205,-0.03635849431157112,-0.07523978129029274,0.0048842765390872955,-0.038653817027807236,-0.09921565651893616,0.004555701278150082,-0.040382225066423416,-0.12468476593494415,-0.0017192941159009933,-0.03808947280049324,-0.14025626331567764
0.0,0.0,0.0,-0.000782819464802742,0.029591459780931473,-0.020360082387924194,0.004226349294185638,0.050717543810606,-0.0498633086681366,0.01322044339030981,0.06639586389064789,-0.07596951723098755,0.025293776183389127,0.07206752151250839,-0.10740542784333229,0.03223333414644003,0.021385429427027702,-0.09071917831897736,0.004992084577679634,0.02239171415567398,-0.09873638767749071,-0.0033213067799806595,0.018609223887324333,-0.0882082050666213,-0.008366836234927177,0.012595752254128456,-0.06266620755195618,0.03460000269114971,-0.004897617269307375,-0.09161291131749749,0.02740270274807699,-0.0031173313036561012,-0.13078903406858444,0.016633953899145126,-0.004351692274212837,-0.15493616461753845,0.002767574042081833,-0.0036185309290885925,-0.18086905032396317,0.023766953265294433,-0.02420191653072834,-0.08993140421807766,0.023347946349531412,-0.025357764214277267,-0.12300661206245422,0.01870864350348711,-0.022693941369652748,-0.1464686170220375,0.014057575725018978,-0.022527523338794708,-0.17292124032974243,0.009125113487243652,-0.038369886577129364,-0.07570308074355125,0.011380724608898163,-0.0409514494240284,-0.09908410999923944,0.011643805541098118,-0.042663875967264175,-0.1242322325706482,0.004039321094751358,-0.04052165150642395,-0.13995836302638054
0.0,0.0,0.0,0.00150323286652565,0.02997606247663498,-0.020186372101306915,0.006928157061338425,0.051191795617341995,-0.0502852126955986,0.018186258152127266,0.06745393946766853,-0.076193374581635,0.030165489588398486,0.07342201098799706,-0.10850697383284569,0.03690488915890455,0.02242695540189743,-0.0912782484665513,0.009382272139191628,0.02342863194644451,-0.10017039254307747,0.0014152750372886658,0.019434193149209023,-0.08921245951205492,-0.0028733815997838974,0.013730805367231369,-0.06438030302524567,0.03865568898618221,-0.003953383071348071,-0.0921331481076777,0.0303281438536942,-0.0022558243945240974,-0.1307104416191578,0.01921773049980402,-0.0038769636303186417,-0.15489564090967178,0.006673278287053108,-0.0021330639719963074,-0.18072441220283508,0.026936332695186138,-0.02322371117770672,-0.09065390657633543,0.026560198049992323,-0.024237453937530518,-0.12364774942398071,0.021127217449247837,-0.021876322105526924,-0.14671530202031136,0.01757082249969244,-0.021129539236426353,-0.17288152128458023,0.012109620496630669,-0.03741306811571121,-0.07646321784704924,0.014281170442700386,-0.04027295112609863,-0.09920552186667919,0.013816198334097862,-0.04234427213668823,-0.12528184056282043,0.00780719518661499,-0.03999821096658707,-0.14039771258831024
0.0,0.0,0.0,0.0008101500570774078,0.029970649629831314,-0.02073904126882553,0.0054792966693639755,0.051254983991384506,-0.0508149117231369,0.015640098601579666,0.06735200807452202,-0.07693205773830414,0.027012631995603442,0.0730886347591877,-0.10916657000780106,0.03457354102283716,0.02239338681101799,-0.09201071690768003,0.007593978196382523,0.023625558242201805,-0.10105697065591812,-0.0005869381129741669,0.02006128430366516,-0.09055114630609751,-0.005674388259649277,0.01441182941198349,-0.06612593308091164,0.036297980695962906,-0.003980953595601022,-0.09257373958826065,0.028585113053850364,-0.0022281333804130554,-0.13133448734879494,0.01731911115348339,-0.003722677007317543,-0.15574214607477188,0.004847584292292595,-0.0020583271980285645,-0.18141578882932663,0.024990351172164083,-0.02314496971666813,-0.09093213174492121,0.024477281142026186,-0.024421636015176773,-0.12415525317192078,0.019007667899131775,-0.021917706355452538,-0.14721426740288734,0.014847471378743649,-0.02133108861744404,-0.17345470935106277,0.010486109182238579,-0.03742048889398575,-0.07682289462536573,0.01249641552567482,-0.040422115474939346,-0.09983977116644382,0.01226787455379963,-0.042162101715803146,-0.12543540447950363,0.006005961447954178,-0.03994870185852051,-0.140595443546772
0.0,0.0,0.0,-0.0011236630380153656,0.02977580577135086,-0.019931063055992126,0.002167738974094391,0.051299672573804855,-0.04975433275103569,0.009622975252568722,0.067205511033535,-0.07632463704794645,0.019187317695468664,0.07331216335296631,-0.10853009670972824,0.028736697509884834,0.022293303161859512,-0.09213760867714882,0.0003700144588947296,0.02300775796175003,-0.10079790186136961,-0.008158126845955849,0.018805406987667084,-0.08959674648940563,-0.012231262400746346,0.012912582606077194,-0.0644339919090271,0.030852656811475754,-0.004235450876876712,-0.0930070192553103,0.02248558751307428,-0.0028180358931422234,-0.13193143904209137,0.011372699402272701,-0.004305984824895859,-0.15626725554466248,-0.002529893070459366,-0.002593494951725006,-0.18217674642801285,0.020146279595792294,-0.023761790245771408,-0.09117794362828135,0.018654218409210443,-0.024894244968891144,-0.1243540495634079,0.01287264097481966,-0.02258199453353882,-0.14771739393472672,0.00842252653092146,-0.02147800847887993,-0.17373672127723694,0.006524005904793739,-0.03844272717833519,-0.07633558381348848,0.008033879101276398,-0.04085645079612732,-0.09955928847193718,0.006555343046784401,-0.04288545995950699,-0.125263012945652,-0.0008538123220205307,-0.04053743928670883,-0.1411033347249031
0.0,0.0,0.0,-0.00047785229980945587,0.030014820396900177,-0.019856028258800507,0.0032866988331079483,0.051737744361162186,-0.04967007413506508,0.011665490455925465,0.06830304116010666,-0.07629654742777348,0.02170755434781313,0.07496117055416107,-0.10871628113090992,0.03061683662235737,0.023606285452842712,-0.09227138198912144,0.0021490156650543213,0.024101220071315765,-0.10090547520667315,-0.006344890221953392,0.01948533207178116,-0.088956318795681,-0.010099692270159721,0.013065790757536888,-0.06379014998674393,0.032721329014748335,-0.0030661752680316567,-0.09268481144681573,0.024896779301343486,-0.0015055518597364426,-0.13185786455869675,0.014130648225545883,-0.0034955162554979324,-0.15664450824260712,-5.798414349555969e-05,-0.001974012702703476,-0.1826750934123993,0.022004807135090232,-0.02266620099544525,-0.09091172786429524,0.02083646273240447,-0.023778539150953293,-0.12420173734426498,0.014968075789511204,-0.021657971665263176,-0.14771586284041405,0.010340490378439426,-0.020370490849018097,-0.1737801656126976,0.007993755862116814,-0.0376371331512928,-0.07620664779096842,0.009890666231513023,-0.03990898281335831,-0.09947548992931843,0.009120317175984383,-0.042080800980329514,-0.12547452002763748,0.0016660317778587341,-0.03979704529047012,-0.1415005885064602
0.0,0.0,0.0,0.0003251023590564728,0.03007267788052559,-0.019322440028190613,0.004819048568606377,0.05199999734759331,-0.04923316836357117,0.014200183562934399,0.06839008629322052,-0.07618623413145542,0.024543677223846316,0.0750541090965271,-0.10840876772999763,0.03300464805215597,0.024193942546844482,-0.09218287095427513,0.00477510504424572,0.024159908294677734,-0.10110132396221161,-0.004244191572070122,0.01892373338341713,-0.08942330535501242,-0.008336467668414116,0.01187693141400814,-0.06459064036607742,0.03497144067659974,-0.0031457911245524883,-0.09270970243960619,0.027472797388327308,-0.0018144547939300537,-0.13242613151669502,0.01653314381837845,-0.0037649907171726227,-0.15730805695056915,0.00331319123506546,-0.0017007552087306976,-0.18338166177272797,0.023671464063227177,-0.022678382694721222,-0.09091934375464916,0.022402587812393904,-0.024100951850414276,-0.12445883452892303,0.0169046763330698,-0.021536586806178093,-0.14769816398620605,0.012512777000665665,-0.019945627078413963,-0.173591710627079,0.009143292903900146,-0.03789281100034714,-0.07615483924746513,0.011738201603293419,-0.04023248702287674,-0.09963738918304443,0.011661602184176445,-0.042487144470214844,-0.126055795699358,0.004996659234166145,-0.04026230424642563,-0.142115019261837
0.0,0.0,0.0,-0.0007109381258487701,0.02960973232984543,-0.020228400826454163,0.001690451055765152,0.05108160898089409,-0.04995967075228691,0.008994379080832005,0.06716246157884598,-0.0767999067902565,0.01730663562193513,0.07352697104215622,-0.10981740616261959,0.02947126515209675,0.022704727947711945,-0.09277343098074198,0.0014178454875946045,0.023314092308282852,-0.10250828042626381,-0.007410755380988121,0.019052010029554367,-0.09204231947660446,-0.011245574802160263,0.012993725016713142,-0.06746147386729717,0.03108564903959632,-0.004066538065671921,-0.09359436482191086,0.02305495023028925,-0.0026950007304549217,-0.13330015540122986,0.011739028617739677,-0.00421246699988842,-0.1580442190170288,-0.0016118213534355164,-0.0019157975912094116,-0.1838361695408821,0.020182940177619457,-0.023597458377480507,-0.09147587697952986,0.01817283546552062,-0.025336910039186478,-0.12556375935673714,0.012193603441119194,-0.02266116254031658,-0.14865422993898392,0.00728188082575798,-0.02065429463982582,-0.17473631352186203,0.00650380365550518,-0.03839933127164841,-0.07659338228404522,0.007346652448177338,-0.04134829342365265,-0.10057988576591015,0.006124220788478851,-0.043390750885009766,-0.12643138319253922,-0.0012568775564432144,-0.040672995150089264,-0.14282632619142532
0.0,0.0,0.0,-0.005137696862220764,0.029777891933918,-0.019495069980621338,-0.006269924342632294,0.0520346462726593,-0.04856021702289581,-0.004990563727915287,0.06798644736409187,-0.07645169459283352,-0.0007634237408638,0.07475410774350166,-0.10833931341767311,0.014175868593156338,0.025134123861789703,-0.09221442881971598,-0.012740928679704666,0.02551964856684208,-0.10346293915063143,-0.020533761009573936,0.020829468965530396,-0.0941942147910595,-0.022923825308680534,0.015250865370035172,-0.06931095011532307,0.015999092254787683,-0.002349487505853176,-0.09308267151936889,0.006586058996617794,-0.0011457093060016632,-0.13403615355491638,-0.003610147163271904,-0.0018085259944200516,-0.1587567999958992,-0.016184279695153236,0.0007743015885353088,-0.18386293202638626,0.006967226043343544,-0.022153131663799286,-0.09041202114894986,0.002269723452627659,-0.023319939151406288,-0.12455571815371513,-0.004614640958607197,-0.019937029108405113,-0.14829137921333313,-0.010039066895842552,-0.017957529053092003,-0.17286400496959686,-0.003885566256940365,-0.03715337812900543,-0.07475300785154104,-0.00539004523307085,-0.039629414677619934,-0.09965423122048378,-0.00887918472290039,-0.04055590555071831,-0.12463682517409325,-0.016260256990790367,-0.03764102980494499,-0.14027338847517967
0.0,0.0,0.0,-0.005702068097889423,0.029821794480085373,-0.019706763327121735,-0.006932874210178852,0.05232931673526764,-0.04865822196006775,-0.005576279945671558,0.06845772638916969,-0.07672426104545593,-0.001440458931028843,0.07514720037579536,-0.10932737216353416,0.01417862018570304,0.02551988512277603,-0.09274619724601507,-0.013593067415058613,0.02572488971054554,-0.10389797389507294,-0.02196782361716032,0.020642004907131195,-0.09386811405420303,-0.0236981688067317,0.01415049284696579,-0.06871070712804794,0.016143991611897945,-0.002230106620118022,-0.09362650057300925,0.006744772661477327,-0.001238115131855011,-0.13449518010020256,-0.003723827190697193,-0.002109365537762642,-0.15965094417333603,-0.016034279949963093,0.000536598265171051,-0.18543791025877,0.007425976451486349,-0.0222616083920002,-0.09094175230711699,0.0025315280072391033,-0.02341790683567524,-0.12516064569354057,-0.00478969793766737,-0.02027009055018425,-0.14906637370586395,-0.010700100101530552,-0.018222367390990257,-0.17411794513463974,-0.0032950658351182938,-0.03747669979929924,-0.07523350045084953,-0.004911880008876324,-0.04006059840321541,-0.10017098486423492,-0.008572877384722233,-0.04117690399289131,-0.12540950998663902,-0.01651558931916952,-0.03806307911872864,-0.14153359830379486
0.0,0.0,0.0,-0.006493501248769462,0.029698887839913368,-0.020486846566200256,-0.009552909876219928,0.0524560920894146,-0.04937465488910675,-0.01026304520200938,0.06952211633324623,-0.0765586830675602,-0.008468691143207252,0.07562409713864326,-0.10806325078010559,0.0066383868688717484,0.025879405438899994,-0.09341808967292309,-0.021181090618483722,0.02670685015618801,-0.10484950616955757,-0.029762866790406406,0.022392384707927704,-0.09518167283385992,-0.032301469589583576,0.017481263726949692,-0.06942380405962467,0.007590927765704691,-0.0015268014976754785,-0.0941745275631547,-0.0037987384712323546,-0.00020111165940761566,-0.13449952378869057,-0.014189575682394207,-0.0007643997669219971,-0.15925371646881104,-0.027015493134967983,0.0015553459525108337,-0.18483927100896835,-0.0013169882586225867,-0.020583704113960266,-0.09087395155802369,-0.0067390649346634746,-0.02216177247464657,-0.12487581744790077,-0.013789842720143497,-0.018812399357557297,-0.14824781939387321,-0.020691028679721057,-0.017061397433280945,-0.17292558401823044,-0.011184409144334495,-0.035977985709905624,-0.0743775200098753,-0.013075762311927974,-0.0390009880065918,-0.09978269413113594,-0.016853175009600818,-0.03975000977516174,-0.12450059503316879,-0.02501909143757075,-0.0368233397603035,-0.14079473912715912
0.0,0.0,0.0,-0.006590918637812138,0.030760884284973145,-0.02208775281906128,-0.008779828436672688,0.05258534103631973,-0.050014346837997437,-0.008845696225762367,0.06881460547447205,-0.07743273302912712,-0.006188112311065197,0.07537387311458588,-0.10871678031980991,0.010845260694622993,0.023839954286813736,-0.09554230235517025,-0.01668787095695734,0.02489442005753517,-0.10920732468366623,-0.02825344819575548,0.02283301204442978,-0.10092267487198114,-0.03913006279617548,0.018857654184103012,-0.0772867975756526,0.012818236369639635,-0.0036385628627613187,-0.09497050987556577,0.003167908638715744,-0.0007297173142433167,-0.1362522393465042,-0.009909429587423801,-0.001634286716580391,-0.16087102890014648,-0.0266941012814641,0.002120465040206909,-0.18607738614082336,0.0029200739227235317,-0.023616112768650055,-0.09175367187708616,-0.0012335204519331455,-0.02513902261853218,-0.12596818059682846,-0.010504459030926228,-0.022374970838427544,-0.1495141014456749,-0.021990773268043995,-0.018796198070049286,-0.17423220723867416,-0.0073493411764502525,-0.039125192910432816,-0.07509806845337152,-0.008840631693601608,-0.042196325957775116,-0.10117417760193348,-0.013536118902266026,-0.044154051691293716,-0.12712644785642624,-0.02403725404292345,-0.04048002138733864,-0.14288904890418053
0.0,0.0,0.0,-0.0004467647522687912,0.030434146523475647,-0.02360277622938156,0.00415465235710144,0.05242052301764488,-0.05102240666747093,0.013593499548733234,0.06981568783521652,-0.07957891002297401,0.023676898796111345,0.07883916050195694,-0.10707787796854973,0.029913573060184717,0.023279612883925438,-0.09636409766972065,0.014199603348970413,0.024047069251537323,-0.11754793860018253,0.0024617034941911697,0.025205262005329132,-0.12306272983551025,-0.02353113330900669,0.02464384399354458,-0.11520479992032051,0.030745292082428932,-0.00323877006303519,-0.0954676759429276,0.02483120933175087,0.0002606883645057678,-0.1395968236029148,0.010895578190684319,-0.00021246448159217834,-0.1650366261601448,-0.008301345631480217,0.004046790301799774,-0.1870802864432335,0.017653011716902256,-0.021962717175483704,-0.09319705190137029,0.013286462984979153,-0.023325569927692413,-0.12790265679359436,0.00249621644616127,-0.020500294864177704,-0.15147285908460617,-0.010592537000775337,-0.016079869121313095,-0.17304367572069168,0.004783572629094124,-0.0376836396753788,-0.07835258916020393,0.0026942938566207886,-0.040283866226673126,-0.10372583940625191,-0.002148851752281189,-0.04151780903339386,-0.12918654084205627,-0.010583767667412758,-0.03909074887633324,-0.14458216726779938
0.0,0.0,0.0,-0.0043526869267225266,0.029310064390301704,-0.023994997143745422,-0.005636470392346382,0.053520504385232925,-0.04857674986124039,-0.0003517474979162216,0.06907865032553673,-0.07673751004040241,0.00470916461199522,0.07919253036379814,-0.10252751782536507,0.018659882713109255,0.02521856129169464,-0.09311779774725437,0.008486581966280937,0.0282912440598011,-0.11903538182377815,-0.0035191327333450317,0.028661316260695457,-0.13783076032996178,-0.032531922683119774,0.025180047377943993,-0.14495526626706123,0.020974744111299515,0.0003686136333271861,-0.09555733390152454,0.01286132080713287,0.005015576258301735,-0.13466836512088776,-0.00550752691924572,0.0036115050315856934,-0.15783121436834335,-0.025209570303559303,0.008716097101569176,-0.1792197972536087,0.01038002292625606,-0.017529495060443878,-0.09126966446638107,0.0010936679318547249,-0.018769457936286926,-0.12474465742707253,-0.014233354479074478,-0.016255458816885948,-0.14580515399575233,-0.03201484866440296,-0.01172858476638794,-0.16358400136232376,-0.00217517651617527,-0.034828897565603256,-0.07787567842751741,-0.003341369330883026,-0.036661941558122635,-0.10073279775679111,-0.010987535119056702,-0.03758833184838295,-0.12181618809700012,-0.02370893768966198,-0.03391265124082565,-0.1399247795343399
0.0,0.0,0.0,-0.006487303180620074,0.030094042420387268,-0.024691589176654816,-0.009606652660295367,0.05414395406842232,-0.04823548346757889,-0.007744589587673545,0.07106455788016319,-0.0750916413962841,-0.0036315752658993006,0.08217798545956612,-0.10059108212590218,0.008265125332400203,0.028354719281196594,-0.09416170418262482,-0.001168921124190092,0.03422941267490387,-0.12202277407050133,-0.01102990540675819,0.035904865711927414,-0.14312532544136047,-0.03841156023554504,0.033804453909397125,-0.15286365151405334,0.009613078320398927,0.004968247376382351,-0.09693709667772055,-0.0005974287632852793,0.009223063476383686,-0.1341271661221981,-0.019239459885284305,0.007330236956477165,-0.15679459273815155,-0.036630994407460093,0.011980567127466202,-0.17665713280439377,-0.00019683688879013062,-0.013063281774520874,-0.09137214440852404,-0.011554851895198226,-0.01430567167699337,-0.12430118024349213,-0.026835509343072772,-0.012294728308916092,-0.14320487529039383,-0.04405106115154922,-0.007561599835753441,-0.16146047413349152,-0.011637753574177623,-0.030414115637540817,-0.07790551241487265,-0.014159702463075519,-0.03236332908272743,-0.10003107227385044,-0.021285108057782054,-0.03368798643350601,-0.12081978470087051,-0.031989021925255656,-0.029050275683403015,-0.13867751136422157
0.0,0.0,0.0,-0.006757773458957672,0.030342038720846176,-0.024702750146389008,-0.010334743186831474,0.05406399816274643,-0.04823875427246094,-0.008423742838203907,0.07103568688035011,-0.07522917911410332,-0.004781488329172134,0.08191778138279915,-0.1010590847581625,0.0076584592461586,0.028314044699072838,-0.09417711570858955,-0.0018307161517441273,0.03409746661782265,-0.12221936881542206,-0.011712801642715931,0.035806167870759964,-0.14362642541527748,-0.03935776557773352,0.033882033079862595,-0.1533300206065178,0.008957973681390285,0.005038216593675315,-0.0970165878534317,-0.0013040092308074236,0.008937540464103222,-0.13418112322688103,-0.020083208568394184,0.007211944088339806,-0.15679091960191727,-0.037156819365918636,0.011606704443693161,-0.17680144309997559,-0.0005581742152571678,-0.013201428577303886,-0.09125214628875256,-0.012181255035102367,-0.014666687697172165,-0.12420178204774857,-0.02753769140690565,-0.012674616649746895,-0.14275264367461205,-0.04525183793157339,-0.007915588095784187,-0.16076330840587616,-0.011923443526029587,-0.03078930452466011,-0.07782923988997936,-0.014499484561383724,-0.03275413438677788,-0.10000097565352917,-0.021763850934803486,-0.034051746129989624,-0.12060865573585033,-0.03231313358992338,-0.029249157756567,-0.13819476962089539
0.0,0.0,0.0,-0.008063595683779567,0.029175691306591034,-0.024951495230197906,-0.012476929870899767,0.05265823006629944,-0.04899173974990845,-0.012526116741355509,0.0693209283053875,-0.07613100856542587,-0.009812972915824503,0.08060740306973457,-0.10199058800935745,0.004387585504446179,0.027330145239830017,-0.09527729544788599,-0.005428888776805252,0.03405511938035488,-0.12410952150821686,-0.01341275911545381,0.03735385090112686,-0.1444927528500557,-0.039809966867323965,0.036445971578359604,-0.1559801697731018,0.00635694112861529,0.0044336969731375575,-0.09730234509333968,-0.0048207216314040124,0.008734237402677536,-0.13477560505270958,-0.02295937988674268,0.006548257544636726,-0.1572413519024849,-0.040843883936759084,0.011117981746792793,-0.17659351974725723,-0.003407728800084442,-0.013725286349654198,-0.09164497721940279,-0.015264561807271093,-0.01487920805811882,-0.12391946464776993,-0.030820148473139852,-0.013665987178683281,-0.14291367679834366,-0.047347614949103445,-0.008399860933423042,-0.1611010655760765,-0.014174905081745237,-0.030646003782749176,-0.07775596715509892,-0.01750969554996118,-0.0325549878180027,-0.10055500827729702,-0.025246007775422186,-0.033891551196575165,-0.12069951929152012,-0.03633770946180448,-0.029567599296569824,-0.13776419311761856
0.0,0.0,0.0,-0.007421848044032231,0.03018784709274769,-0.02559533715248108,-0.011905216291779652,0.05329722538590431,-0.04936195909976959,-0.011395123467082158,0.0696813128888607,-0.07602138258516788,-0.008154390990966931,0.08090201392769814,-0.10193466767668724,0.0058784730208572,0.027876419946551323,-0.09607456065714359,-0.00363187599577941,0.035335391759872437,-0.125235203653574,-0.010849110462004319,0.039390064775943756,-0.1455937922000885,-0.03682334037148394,0.03963691368699074,-0.1577482745051384,0.007599775999551639,0.004391242051497102,-0.09799144603312016,-0.0034420251904521137,0.009441860020160675,-0.13585469499230385,-0.02154950113617815,0.007651543244719505,-0.1587468385696411,-0.04003259600722231,0.012178601697087288,-0.17842116951942444,-0.002638803474837914,-0.013454047963023186,-0.0923803667537868,-0.014916273445123807,-0.014531556516885757,-0.12488340958952904,-0.03140215264284052,-0.013182129710912704,-0.14405424147844315,-0.04799790368997492,-0.007731316611170769,-0.16189368069171906,-0.013451551698381081,-0.030548062175512314,-0.0785165848210454,-0.01738690832280554,-0.03218263015151024,-0.10147865302860737,-0.025526686251396313,-0.03300299122929573,-0.12134933471679688,-0.036536425963277,-0.028551019728183746,-0.13806334137916565
0.0,0.0,0.0,-0.0077793271047994494,0.030673038214445114,-0.025962546467781067,-0.012591501115821302,0.05385241284966469,-0.04932671785354614,-0.01239807007368654,0.07050369307398796,-0.07581702247262001,-0.009484500042162836,0.08174891397356987,-0.10170953720808029,0.00479919568169862,0.02899373322725296,-0.09624805673956871,-0.00437023479025811,0.03692220151424408,-0.12530329078435898,-0.011588586843572557,0.04131929203867912,-0.14603939279913902,-0.03692046774085611,0.04152669757604599,-0.1581021249294281,0.006502831471152604,0.005595562630333006,-0.09833470871672034,-0.0034093580907210708,0.011015763506293297,-0.1365298293530941,-0.021255027852021158,0.009318966418504715,-0.15949780493974686,-0.0390908702975139,0.014183659106492996,-0.17930184304714203,-0.0032963146222755313,-0.012170899659395218,-0.09285016870126128,-0.01491946296300739,-0.013041384518146515,-0.12592757120728493,-0.03061810357030481,-0.011234823614358902,-0.14480571448802948,-0.04717163962777704,-0.005938222631812096,-0.16274648904800415,-0.013620569719932973,-0.02930455654859543,-0.07904443331062794,-0.016914995736442506,-0.030738465487957,-0.10214168764650822,-0.024159044376574457,-0.03170999884605408,-0.12231293693184853,-0.03436412138398737,-0.02724449336528778,-0.13898775726556778
0.0,0.0,0.0,-0.008710153866559267,0.03117545321583748,-0.025803811848163605,-0.013383745215833187,0.05424679443240166,-0.04901234060525894,-0.014187893830239773,0.07060106098651886,-0.07495677657425404,-0.011459221132099628,0.08189862221479416,-0.10052189417183399,0.003283579833805561,0.029510270804166794,-0.09610652271658182,-0.006122839171439409,0.037929996848106384,-0.12506989389657974,-0.013343710452318192,0.042189326137304306,-0.14615365490317345,-0.03952155262231827,0.042897582054138184,-0.1582874059677124,0.004907022695988417,0.006227507605217397,-0.09844854939728975,-0.005659699207171798,0.01122875977307558,-0.1361483410000801,-0.024386856704950333,0.010031437501311302,-0.15896930545568466,-0.04215244948863983,0.014928195625543594,-0.17860056459903717,-0.004840729990974069,-0.011655086651444435,-0.09258187701925635,-0.01718252431601286,-0.012752402573823929,-0.12556593865156174,-0.033450573682785034,-0.01074749231338501,-0.14387254789471626,-0.05020647123456001,-0.005456104874610901,-0.16171765327453613,-0.015181177295744419,-0.028883356600999832,-0.07875141128897667,-0.018980959430336952,-0.030518531799316406,-0.10162839479744434,-0.026809507980942726,-0.0315500907599926,-0.12184957042336464,-0.037479154765605927,-0.02646685764193535,-0.1381622739136219
0.0,0.0,0.0,-0.00928413518704474,0.031240060925483704,-0.025247760117053986,-0.013866833178326488,0.05484125763177872,-0.048414815217256546,-0.013992584077641368,0.07204590365290642,-0.07406175322830677,-0.011102467542514205,0.08364058658480644,-0.10040685907006264,0.001999644795432687,0.030714474618434906,-0.09553744085133076,-0.007491646101698279,0.0394638366997242,-0.1240420751273632,-0.015220420202240348,0.04366645589470863,-0.14529046416282654,-0.04145213752053678,0.04435691237449646,-0.1573319211602211,0.0034912435803562403,0.007613241905346513,-0.09831516165286303,-0.007388839730992913,0.012497813440859318,-0.1352720819413662,-0.026733351638540626,0.01120220310986042,-0.15777385979890823,-0.04415173619054258,0.015949944034218788,-0.17734085768461227,-0.005814798874780536,-0.010543117299675941,-0.09245427185669541,-0.018646840704604983,-0.01156928762793541,-0.1249990202486515,-0.035223392536863685,-0.009852638468146324,-0.1429293155670166,-0.05258704139851034,-0.004633359611034393,-0.1605791673064232,-0.015853776363655925,-0.02826698124408722,-0.07873325981199741,-0.019922693958505988,-0.029752720147371292,-0.10113555565476418,-0.02814472815953195,-0.0306515134871006,-0.12119180709123611,-0.03914523287676275,-0.02534111961722374,-0.13725563511252403
0.0,0.0,0.0,-0.008642635599244386,0.031464921310544014,-0.025381095707416534,-0.012241361022461206,0.05464767664670944,-0.04874551296234131,-0.010943721339572221,0.07148531079292297,-0.07432842999696732,-0.007103007577825338,0.08299081772565842,-0.10073520243167877,0.005896898626815528,0.029808562248945236,-0.0960625996813178,-0.0028945333906449378,0.03858139365911484,-0.12480056658387184,-0.01050476758973673,0.04322908818721771,-0.14618497714400291,-0.0365254397620447,0.043969426304101944,-0.15795408934354782,0.007624796766322106,0.006104065687395632,-0.09838400362059474,-0.002072583942208439,0.011273032054305077,-0.13648352771997452,-0.02132351911859587,0.010388324037194252,-0.1591605469584465,-0.03910312085645273,0.015184778720140457,-0.1788858398795128,-0.001919555536005646,-0.011925900354981422,-0.09260514983907342,-0.014786211133468896,-0.012721110135316849,-0.12607470154762268,-0.030896645330358297,-0.010718073695898056,-0.14362428337335587,-0.048514835827518255,-0.00622229278087616,-0.16138597577810287,-0.012698325619567186,-0.02954813838005066,-0.07897974736988544,-0.016444839828182012,-0.031065352261066437,-0.10182194784283638,-0.02461277908878401,-0.0317649282515049,-0.12230496294796467,-0.03466369613306597,-0.026730135083198547,-0.13847046345472336
0.0,0.0,0.0,-0.0077951704151928425,0.031531207263469696,-0.02559642493724823,-0.011186128947883844,0.05477612093091011,-0.049438320100307465,-0.009563266765326262,0.07123428955674171,-0.07568605244159698,-0.005074634682387114,0.08272648230195045,-0.10243848711252213,0.009113112464547157,0.030016131699085236,-0.09653014969080687,0.00044362666085362434,0.038435645401477814,-0.12563588842749596,-0.00759843597188592,0.04296889528632164,-0.14704504981637,-0.03394704172387719,0.043861426413059235,-0.15853680670261383,0.011107605416327715,0.006028847303241491,-0.09894950408488512,0.0016286037862300873,0.01137462630867958,-0.13752054423093796,-0.017698292154818773,0.010165365412831306,-0.16025880724191666,-0.035742825362831354,0.015223849564790726,-0.1801558881998062,0.001472935313358903,-0.011883821338415146,-0.09315610630437732,-0.011459643486887217,-0.012638445943593979,-0.1269642449915409,-0.027896149549633265,-0.010736679658293724,-0.14461834728717804,-0.046242321375757456,-0.006246872246265411,-0.16236629337072372,-0.00973097188398242,-0.02954639121890068,-0.07967881578952074,-0.013407521415501833,-0.031201813369989395,-0.10261937323957682,-0.0215343558229506,-0.031758863478899,-0.12295935302972794,-0.03154238546267152,-0.02699197083711624,-0.13901915773749352
0.0,0.0,0.0,-0.008784390753135085,0.03074009343981743,-0.025011703372001648,-0.012840445851907134,0.05427670478820801,-0.04872630909085274,-0.01104007731191814,0.07046549767255783,-0.07510344311594963,-0.007516388548538089,0.08223801851272583,-0.10226529836654663,0.008002887247130275,0.02943013608455658,-0.09558415040373802,-0.0005789361894130707,0.037704166024923325,-0.12466681376099586,-0.009040746605023742,0.0425531230866909,-0.146428931504488,-0.03532900265417993,0.04371008276939392,-0.15754339843988419,0.010397032601758838,0.005335966823622584,-0.09818386472761631,0.0004532882012426853,0.010479290969669819,-0.13670792430639267,-0.019525641342625022,0.00926930457353592,-0.15879520773887634,-0.03803480020724237,0.014561744406819344,-0.17877136170864105,0.0009806775487959385,-0.012106997892260551,-0.09217842714861035,-0.012775745010003448,-0.013048306107521057,-0.12586824595928192,-0.02900551981292665,-0.011065183207392693,-0.1433911845088005,-0.04789924970827997,-0.0072040800005197525,-0.16111841052770615,-0.010072568198665977,-0.029343631118535995,-0.07876164838671684,-0.013759720837697387,-0.03143565356731415,-0.1017974466085434,-0.02234481810592115,-0.032129719853401184,-0.12195159867405891,-0.03264908096753061,-0.027415908873081207,-0.13791672885417938
0.0,0.0,0.0,-0.008311538491398096,0.03153279982507229,-0.025510147213935852,-0.012445352505892515,0.05476593226194382,-0.04916277900338173,-0.011674244422465563,0.07120377570390701,-0.07550740800797939,-0.007753985468298197,0.08295534551143646,-0.10214881598949432,0.007378308568149805,0.030332457274198532,-0.09637243207544088,-0.0018001873977482319,0.03849238529801369,-0.12552041187882423,-0.009709654841572046,0.04257757589221001,-0.14689921215176582,-0.03590459981933236,0.04352082312107086,-0.15869228541851044,0.009063494857400656,0.0066725811921060085,-0.09905356541275978,-0.0009027756750583649,0.011233463883399963,-0.13701653480529785,-0.020478116814047098,0.009717319160699844,-0.15985654294490814,-0.03817579010501504,0.01451491191983223,-0.17958959192037582,-0.00048796716146171093,-0.011662445962429047,-0.09305068850517273,-0.013359178323298693,-0.012989729642868042,-0.12640781700611115,-0.030028192792087793,-0.011226920410990715,-0.14426209405064583,-0.04815331334248185,-0.006477829068899155,-0.1622035950422287,-0.011472779791802168,-0.029254019260406494,-0.07943123672157526,-0.015431708190590143,-0.031135231256484985,-0.10192625969648361,-0.023244400043040514,-0.03194847330451012,-0.12231056019663811,-0.0338278622366488,-0.027204371988773346,-0.13879960402846336
0.0,0.0,0.0,-0.00864022457972169,0.03001776523888111,-0.024386823177337646,-0.012488498818129301,0.054206982254981995,-0.04787876084446907,-0.009797873441129923,0.07056882232427597,-0.07459954358637333,-0.006777000147849321,0.08205398917198181,-0.1014360710978508,0.00856517069041729,0.029458217322826385,-0.09386166464537382,0.00037335255183279514,0.03785933554172516,-0.12227741815149784,-0.008145678322762251,0.04336245357990265,-0.14483905583620071,-0.03239477379247546,0.04463727027177811,-0.15594884753227234,0.010920478962361813,0.005807339679449797,-0.09713328210636973,0.0011648903600871563,0.010827888734638691,-0.13489343225955963,-0.01783692417666316,0.009819190949201584,-0.15670978277921677,-0.0351201999001205,0.014884807169437408,-0.17710106819868088,0.0015627916436642408,-0.01140948198735714,-0.09121003886684775,-0.011905285995453596,-0.012359879910945892,-0.12417855858802795,-0.027256303932517767,-0.010320097208023071,-0.14224165305495262,-0.044666900765150785,-0.007019765675067902,-0.15971166640520096,-0.00886272406205535,-0.028097525238990784,-0.07802587561309338,-0.012118815910071135,-0.030343346297740936,-0.10100526455789804,-0.02035263879224658,-0.031363531947135925,-0.12086155824363232,-0.029976829420775175,-0.026249941438436508,-0.13649260625243187
0.0,0.0,0.0,-0.008238838985562325,0.030633697286248207,-0.025023460388183594,-0.010652920231223106,0.05438639223575592,-0.048642583191394806,-0.006619028747081757,0.0706385113298893,-0.0757202859967947,-0.0024384837597608566,0.08174801990389824,-0.10240472853183746,0.011063937097787857,0.02941340208053589,-0.09448670409619808,0.003373492741957307,0.03770051524043083,-0.12360335886478424,-0.005164683796465397,0.04344421252608299,-0.14614421874284744,-0.029130423441529274,0.045359496027231216,-0.1577308550477028,0.013229466509073973,0.005293155554682016,-0.09750836854800582,0.004164349054917693,0.010139597579836845,-0.13583742454648018,-0.014864616096019745,0.009744083508849144,-0.15807133167982101,-0.032842835411429405,0.014587894082069397,-0.1789068877696991,0.0033461274579167366,-0.011897660791873932,-0.09125297097489238,-0.01021902821958065,-0.012865649536252022,-0.12506114691495895,-0.025684362277388573,-0.010495038703083992,-0.14337627962231636,-0.04321066103875637,-0.007022973150014877,-0.1608421802520752,-0.007376526482403278,-0.028387226164340973,-0.0782090276479721,-0.010977186262607574,-0.030555665493011475,-0.10164426546543837,-0.019514264538884163,-0.03118862956762314,-0.12159950658679008,-0.028433529660105705,-0.0255587100982666,-0.13699693977832794
0.0,0.0,0.0,-0.006795342080295086,0.03040792979300022,-0.024709947407245636,-0.008906028233468533,0.054270241409540176,-0.04839802905917168,-0.003065536729991436,0.07100096344947815,-0.07675145380198956,0.0023642024025321007,0.08164183050394058,-0.10409590415656567,0.014620611444115639,0.029613178223371506,-0.09512191452085972,0.007382969255559146,0.03732432425022125,-0.12429020926356316,-0.0016246382147073746,0.04352524131536484,-0.14659464731812477,-0.026447107084095478,0.045227643102407455,-0.15840324014425278,0.01713375747203827,0.005301185883581638,-0.09805044019594789,0.00724902655929327,0.009942032396793365,-0.1360463835299015,-0.01184904109686613,0.010015955194830894,-0.15790560841560364,-0.029618737287819386,0.014803856611251831,-0.17876353859901428,0.006764659425243735,-0.012623658403754234,-0.09179521724581718,-0.0076594846323132515,-0.012959452345967293,-0.12532177567481995,-0.022838332690298557,-0.010352790355682373,-0.14349735528230667,-0.04143419582396746,-0.007096622139215469,-0.16074452549219131,-0.004771682433784008,-0.029097184538841248,-0.07857600226998329,-0.008746136911213398,-0.03064940869808197,-0.10211098846048117,-0.01758184004575014,-0.03151761740446091,-0.12224217131733894,-0.02672854531556368,-0.026213210076093674,-0.13785480707883835
0.0,0.0,0.0,-0.007207140326499939,0.03053814359009266,-0.023889288306236267,-0.010818397626280785,0.05417972430586815,-0.04793141782283783,-0.005654222331941128,0.07055654004216194,-0.07613721862435341,-0.0010556867346167564,0.08138691261410713,-0.10381607711315155,0.012785154394805431,0.030016832053661346,-0.0954438392072916,0.0055768610909581184,0.03719451650977135,-0.12424195185303688,-0.0023945020511746407,0.04335464537143707,-0.14571459963917732,-0.02713555470108986,0.04418302699923515,-0.15867879986763,0.016268368810415268,0.005163502413779497,-0.09775781165808439,0.006263849092647433,0.009925751015543938,-0.13614224642515182,-0.012595878913998604,0.010081769898533821,-0.1583741009235382,-0.031649693846702576,0.014554709196090698,-0.17882266640663147,0.006105023669078946,-0.013176215812563896,-0.09235833398997784,-0.007859824225306511,-0.01295619085431099,-0.1262831687927246,-0.023922063410282135,-0.010524868965148926,-0.1442650929093361,-0.042792823165655136,-0.007140249013900757,-0.1615404337644577,-0.004522736184298992,-0.029918953776359558,-0.07916302606463432,-0.009045394137501717,-0.031214769929647446,-0.1029495233669877,-0.018837597221136093,-0.03175344690680504,-0.12304489500820637,-0.027686547487974167,-0.026700563728809357,-0.13812295347452164
0.0,0.0,0.0,-0.007134315557777882,0.03022305853664875,-0.02367483079433441,-0.010480835102498531,0.05398403853178024,-0.04751848429441452,-0.005514160729944706,0.07012905925512314,-0.07578771933913231,-0.0010929591953754425,0.08042462170124054,-0.1033174954354763,0.013062131591141224,0.029417898505926132,-0.09542438387870789,0.005777689861133695,0.035946182906627655,-0.12401539832353592,-0.0026220902800559998,0.04181145876646042,-0.1452653482556343,-0.027757800184190273,0.041968610137701035,-0.15804988145828247,0.016525287181138992,0.0046893993858247995,-0.0975815411657095,0.006820695241913199,0.009251846000552177,-0.13606365770101547,-0.012220573611557484,0.00963718630373478,-0.15829259157180786,-0.03146382328122854,0.014073293656110764,-0.17854762822389603,0.006243987241759896,-0.013802245259284973,-0.09233156219124794,-0.007562807761132717,-0.013608889654278755,-0.12632575631141663,-0.023783310316503048,-0.011107850819826126,-0.1442708745598793,-0.043038240633904934,-0.007650725543498993,-0.16128969192504883,-0.00447817612439394,-0.030684757977724075,-0.07912836316972971,-0.008782370947301388,-0.03170475736260414,-0.1028943220153451,-0.01865250524133444,-0.03238257020711899,-0.12330752983689308,-0.027778643183410168,-0.027054589241743088,-0.1384524405002594
0.0,0.0,0.0,-0.007153050042688847,0.030332352966070175,-0.024023525416851044,-0.008546070195734501,0.054462824016809464,-0.04784996807575226,-0.00296078622341156,0.07087351381778717,-0.07678947038948536,0.0033017010428011417,0.08130811899900436,-0.10424943268299103,0.015271042939275503,0.029091395437717438,-0.09505807608366013,0.007219191174954176,0.03578073903918266,-0.12332274205982685,-0.00250257458537817,0.04108650982379913,-0.14462289586663246,-0.02909077052026987,0.04094982147216797,-0.1556217521429062,0.018102792091667652,0.004705277271568775,-0.09783345647156239,0.008639868116006255,0.009375831112265587,-0.13676754385232925,-0.010357155464589596,0.009297739714384079,-0.15873249620199203,-0.027721800841391087,0.01415625587105751,-0.17922977358102798,0.007963779848068953,-0.013940175995230675,-0.09246902633458376,-0.005752512253820896,-0.013924499973654747,-0.12643048539757729,-0.021290686912834644,-0.01125781238079071,-0.14485515654087067,-0.03982324618846178,-0.00741000659763813,-0.16185566782951355,-0.003528243862092495,-0.03046911582350731,-0.07946859300136566,-0.007139093242585659,-0.03214409202337265,-0.1033050836995244,-0.015712768770754337,-0.03268248960375786,-0.12399101257324219,-0.025015023536980152,-0.02700791507959366,-0.13950269296765327
0.0,0.0,0.0,-0.006958603858947754,0.031772563233971596,-0.024246729910373688,-0.006556907668709755,0.05539034679532051,-0.04862169548869133,-0.0023130271583795547,0.07051306590437889,-0.07609846815466881,0.003309984691441059,0.08126920834183693,-0.10254568979144096,0.020161572378128767,0.027510344982147217,-0.09492259565740824,0.00905252993106842,0.03259209915995598,-0.12044859863817692,-0.003697078675031662,0.03452179208397865,-0.1363426111638546,-0.03429430350661278,0.03286733850836754,-0.1390150934457779,0.023133154027163982,0.0018541117897257209,-0.09705550875514746,0.016975104343146086,0.007139671593904495,-0.13876701891422272,-0.0011583641171455383,0.007575459778308868,-0.1621861383318901,-0.02083975076675415,0.013141898438334465,-0.18284161388874054,0.012813578825443983,-0.016402065753936768,-0.09317068057134748,0.0030744969844818115,-0.01594901829957962,-0.1274302378296852,-0.013146257027983665,-0.012437835335731506,-0.1482059732079506,-0.03139413893222809,-0.007709834724664688,-0.16550487279891968,0.0005436884239315987,-0.03279421105980873,-0.07973937597125769,-0.0010190363973379135,-0.034819770604372025,-0.10378079302608967,-0.008587595075368881,-0.034677110612392426,-0.12620600312948227,-0.020166389644145966,-0.02945861406624317,-0.14295845106244087
0.0,0.0,0.0,-0.0072351000271737576,0.030562132596969604,-0.02205313742160797,-0.010308938566595316,0.05241481214761734,-0.0489378497004509,-0.012488866690546274,0.06833752989768982,-0.0753829600289464,-0.013930090237408876,0.07612504810094833,-0.10338766872882843,0.007742672692984343,0.025288350880146027,-0.09549083653837442,-0.014934970531612635,0.02620762214064598,-0.11307904683053493,-0.02615079889073968,0.02467552199959755,-0.11002914234995842,-0.04582966724410653,0.02159486711025238,-0.09323581960052252,0.008875750470906496,-0.0007601067190989852,-0.09482790948823094,0.0004237646935507655,0.0024331510066986084,-0.13584331795573235,-0.013275997247546911,0.0018847286701202393,-0.16113083809614182,-0.03186208987608552,0.005405168980360031,-0.18347040563821793,-0.0012626992538571358,-0.01908832974731922,-0.09144473681226373,-0.006619772408157587,-0.019777975976467133,-0.12482403963804245,-0.018564332742244005,-0.01639997586607933,-0.14743886142969131,-0.03289881953969598,-0.012335158884525299,-0.16976218670606613,-0.011736380401998758,-0.03396780788898468,-0.07595774717628956,-0.014791289810091257,-0.03690604493021965,-0.1003705132752657,-0.02196666644886136,-0.038059912621974945,-0.12476532906293869,-0.03452228242531419,-0.0362602062523365,-0.13989606872200966
0.0,0.0,0.0,-0.0074763610027730465,0.030170677229762077,-0.022013366222381592,-0.01004016911610961,0.05259689316153526,-0.04878441244363785,-0.010990040842443705,0.06839235126972198,-0.07530633080750704,-0.011715054977685213,0.07648829370737076,-0.10304364189505577,0.008796855807304382,0.024973439052700996,-0.09524949826300144,-0.013320732396095991,0.02596234157681465,-0.11303127184510231,-0.024689539801329374,0.024564385414123535,-0.11082256771624088,-0.04463741509243846,0.02132078818976879,-0.09341243468225002,0.010107339825481176,-0.0007859121542423964,-0.09485063795000315,0.001281295670196414,0.002218935638666153,-0.13570978865027428,-0.013023403938859701,0.0019637439399957657,-0.16063428670167923,-0.03168496070429683,0.005044139921665192,-0.18279548734426498,0.0002460984978824854,-0.01920195110142231,-0.09119426971301436,-0.005381257738918066,-0.019805312156677246,-0.12466467171907425,-0.017896975856274366,-0.016293678432703018,-0.1474369838833809,-0.032235130202025175,-0.012418944388628006,-0.16944292932748795,-0.01019327575340867,-0.03396794572472572,-0.07595434412360191,-0.0128817199729383,-0.0370834544301033,-0.100467873737216,-0.019883146043866873,-0.03822380676865578,-0.12454436719417572,-0.03247543005272746,-0.036148909479379654,-0.13983254879713058
0.0,0.0,0.0,-0.007712997030466795,0.030703268945217133,-0.019923537969589233,-0.01081508630886674,0.0528840608894825,-0.04829571396112442,-0.013277665246278048,0.06892869248986244,-0.07454262394458055,-0.010100476909428835,0.07547092065215111,-0.10465710051357746,0.007760785054415464,0.026187505573034286,-0.09347949270159006,-0.02170617552474141,0.02724643610417843,-0.10376916080713272,-0.03238568315282464,0.022035228088498116,-0.09386118780821562,-0.039859353099018335,0.015258919447660446,-0.06873701140284538,0.009922366123646498,-0.000942975515499711,-0.09454417368397117,0.0005124716553837061,0.002629663795232773,-0.1351012960076332,-0.00987302279099822,0.0019965022802352905,-0.1603938564658165,-0.025137546006590128,0.004280872642993927,-0.18754228949546814,0.000606076791882515,-0.019682280719280243,-0.09228432737290859,-0.002639905083924532,-0.01949131302535534,-0.12522992491722107,-0.010361270513385534,-0.016279105097055435,-0.1486649215221405,-0.018523617181926966,-0.014115385711193085,-0.1751677617430687,-0.010146504733711481,-0.03504158556461334,-0.07597480434924364,-0.010968317743390799,-0.03740980476140976,-0.10042027942836285,-0.014946023467928171,-0.03795046731829643,-0.12550188228487968,-0.024992853868752718,-0.03504916653037071,-0.1412397399544716
0.0,0.0,0.0,-0.007344270125031471,0.03039979562163353,-0.01992737501859665,-0.006271294318139553,0.05080625042319298,-0.047855474054813385,-0.005825640633702278,0.0669637881219387,-0.07348029594868422,-0.0005492959171533585,0.07493309304118156,-0.10390536673367023,0.012951590586453676,0.022719398140907288,-0.0911903278902173,-0.0158571545034647,0.02435482293367386,-0.09687040839344263,-0.02442726492881775,0.021141842007637024,-0.08550978964194655,-0.02853666990995407,0.013539237901568413,-0.05958274379372597,0.015394867397844791,-0.0033835318172350526,-0.09245926234871149,0.00760554417502135,0.0004234183579683304,-0.1325814202427864,-0.0029366621747612953,0.0005769133567810059,-0.1565987840294838,-0.017423681914806366,0.0028909631073474884,-0.18370020389556885,0.005994328064844012,-0.02225598879158497,-0.0908510903827846,0.003598444163799286,-0.02197188511490822,-0.1228398010134697,-0.0016957353800535202,-0.017919480800628662,-0.14616526290774345,-0.008333176374435425,-0.016595257446169853,-0.17250510305166245,-0.005782154388725758,-0.03618244826793671,-0.07547891512513161,-0.005611148662865162,-0.03816608339548111,-0.0999599639326334,-0.006925353780388832,-0.03888736292719841,-0.12453669682145119,-0.017724061384797096,-0.03490198776125908,-0.13898136466741562
0.0,0.0,0.0,0.0006652921438217163,0.030285082757472992,-0.019395671784877777,0.007010515779256821,0.05148887261748314,-0.04799670726060867,0.016047046519815922,0.0690445601940155,-0.07352603413164616,0.027172826165042352,0.07654938101768494,-0.1037589143961668,0.03477832395583391,0.023540133610367775,-0.08986057806760073,0.007112272083759308,0.02535436674952507,-0.09313534665852785,-0.0009252950549125671,0.021924296393990517,-0.08085282472893596,-0.0038210470229387283,0.013219375163316727,-0.054018534719944,0.035265346989035606,-0.002487562713213265,-0.09120731987059116,0.029139054473489523,0.0013298718258738518,-0.1305680200457573,0.021172890439629555,0.0009123552590608597,-0.15469766408205032,0.010135084390640259,0.0012605227530002594,-0.18245774507522583,0.02272940892726183,-0.021190477535128593,-0.0903022876009345,0.023712406400591135,-0.020431406795978546,-0.12215475738048553,0.023005503229796886,-0.01629619300365448,-0.1461453065276146,0.020038197748363018,-0.015606140717864037,-0.17374560981988907,0.006088336929678917,-0.03520766273140907,-0.07580169010907412,0.009727783501148224,-0.03716178238391876,-0.09946066979318857,0.013452094048261642,-0.037903644144535065,-0.12443214654922485,0.006262347102165222,-0.03400947153568268,-0.14014233276247978
0.0,0.0,0.0,0.0017947889864444733,0.03055104985833168,-0.019638530910015106,0.009168827906250954,0.05184682458639145,-0.04832341521978378,0.019460193812847137,0.06927778199315071,-0.0738670602440834,0.03154626756440848,0.07730729505419731,-0.10400621965527534,0.0398128149099648,0.02435574308037758,-0.08997167553752661,0.012216826900839806,0.026134900748729706,-0.09354719240218401,0.004229344427585602,0.02239130437374115,-0.08119597192853689,0.0005177780985832214,0.01355358213186264,-0.05459173768758774,0.04049490764737129,-0.0017637686105445027,-0.09123244229704142,0.03516491409391165,0.0019648652523756027,-0.13084392622113228,0.026889189146459103,0.0008649136871099472,-0.1552935093641281,0.015718931332230568,0.0016591846942901611,-0.1832454428076744,0.027440777514129877,-0.020486347377300262,-0.09052181197330356,0.029615371022373438,-0.019944166764616966,-0.12289460003376007,0.02877922053448856,-0.01635286957025528,-0.14673055335879326,0.025506371166557074,-0.014982093125581741,-0.1742423251271248,0.009935356676578522,-0.034589435905218124,-0.07630225643515587,0.014640236273407936,-0.036971449851989746,-0.10005438514053822,0.01865432783961296,-0.037753909826278687,-0.12529072910547256,0.011494932696223259,-0.033928241580724716,-0.14113137125968933
0.0,0.0,0.0,0.0010903477668762207,0.02987314760684967,-0.01942891627550125,0.006290474906563759,0.051377661526203156,-0.048547469079494476,0.014696761034429073,0.0689811035990715,-0.07436472922563553,0.02503616758622229,0.07633313536643982,-0.10459895245730877,0.034035816323012114,0.024451717734336853,-0.09005321096628904,0.006331436336040497,0.025789454579353333,-0.09389495104551315,-0.0014599598944187164,0.021330486983060837,-0.08148070424795151,-0.003743968904018402,0.012489820830523968,-0.0555683858692646,0.03484802506864071,-0.001728929579257965,-0.09088047361001372,0.028528346098028123,0.001401478424668312,-0.1304132081568241,0.02033918723464012,0.00030164793133735657,-0.1545693501830101,0.008937258273363113,0.0006942972540855408,-0.181590273976326,0.022816574666649103,-0.02035391703248024,-0.08982370002195239,0.023986751912161708,-0.02018589898943901,-0.12213579937815666,0.023334863828495145,-0.016621723771095276,-0.14558792486786842,0.0206052721478045,-0.0152946338057518,-0.17309021949768066,0.007009243592619896,-0.03514127433300018,-0.07500269170850515,0.011056261137127876,-0.03719734027981758,-0.09891224838793278,0.01467900350689888,-0.03810371086001396,-0.1245085671544075,0.008489459753036499,-0.03489958494901657,-0.14089582860469818
0.0,0.0,0.0,0.0013153403997421265,0.02993065118789673,-0.019318237900733948,0.006327886134386063,0.051541153341531754,-0.048553094267845154,0.014423507265746593,0.06911376118659973,-0.07454688847064972,0.02450367622077465,0.07617400586605072,-0.10507420264184475,0.03447693586349487,0.024630500003695488,-0.09010115079581738,0.0063053518533706665,0.025623036548495293,-0.09427249897271395,-0.0015707500278949738,0.021026505157351494,-0.08114374615252018,-0.0035407617688179016,0.012326665222644806,-0.055271536111831665,0.035294273402541876,-0.0016907050739973783,-0.09085032716393471,0.028792064171284437,0.001017923466861248,-0.1304403617978096,0.020305946934968233,-0.00014347955584526062,-0.15473869442939758,0.00793544016778469,3.997236490249634e-06,-0.18178606778383255,0.023235826287418604,-0.020493272691965103,-0.08965301979333162,0.024535048753023148,-0.020474392920732498,-0.12247354164719582,0.023246840573847294,-0.01708611659705639,-0.14595475792884827,0.019988381303846836,-0.015574920922517776,-0.17358826845884323,0.007631849497556686,-0.03533754497766495,-0.07482920587062836,0.011668836697936058,-0.03741418570280075,-0.09875702578574419,0.014672476798295975,-0.038626644760370255,-0.12425076961517334,0.008336003869771957,-0.0356174074113369,-0.14090003818273544
0.0,0.0,0.0,0.0003864448517560959,0.02973327785730362,-0.01992259919643402,0.006549010053277016,0.05099966749548912,-0.04906024783849716,0.015673409216105938,0.06729813665151596,-0.07489554770290852,0.026492936303839087,0.07452661544084549,-0.10510601103305817,0.035544042475521564,0.021968530490994453,-0.09019134659320116,0.00830121524631977,0.023412033915519714,-0.09543905314058065,-7.101334631443024e-05,0.01990182138979435,-0.08438363997265697,-0.00410105474293232,0.012473070994019508,-0.05794258788228035,0.03660409525036812,-0.004283508635126054,-0.09144058264791965,0.031171476934105158,-0.0016486365348100662,-0.13117696717381477,0.021956975106149912,-0.002930629998445511,-0.15543248504400253,0.009661713615059853,-0.0022511668503284454,-0.18247174471616745,0.02438321989029646,-0.022585146129131317,-0.09008560702204704,0.026057400042191148,-0.02282872051000595,-0.12333832308650017,0.024157654959708452,-0.019224494695663452,-0.14670608192682266,0.02052722405642271,-0.01845821551978588,-0.17414259910583496,0.008131610229611397,-0.03653830289840698,-0.07566607370972633,0.011991254985332489,-0.039290621876716614,-0.09964605048298836,0.014696093276143074,-0.040490854531526566,-0.12472549080848694,0.007023626938462257,-0.03775065019726753,-0.14066555351018906
0.0,0.0,0.0,-0.002215808257460594,0.02933170646429062,-0.02008558064699173,0.0013608429580926895,0.05110064148902893,-0.049058713018894196,0.007339265197515488,0.06714283674955368,-0.07470657862722874,0.014936952386051416,0.07479549944400787,-0.10442238301038742,0.027313401456922293,0.021503545343875885,-0.09051975142210722,1.2725591659545898e-05,0.022799286991357803,-0.09716345369815826,-0.009298721328377724,0.01958516612648964,-0.08735795225948095,-0.016066737473011017,0.012732069939374924,-0.06242312118411064,0.02847786108031869,-0.004594706348143518,-0.09191988734528422,0.02179600647650659,-0.0022068237885832787,-0.13136063143610954,0.010981801897287369,-0.0036020148545503616,-0.15566305816173553,-0.0030225422233343124,-0.0027152523398399353,-0.18202228844165802,0.017436562571674585,-0.022897664457559586,-0.09025518968701363,0.01710555562749505,-0.02326684445142746,-0.1232086718082428,0.013286421541124582,-0.019686633720993996,-0.1469307281076908,0.007714357227087021,-0.01864076592028141,-0.17405544966459274,0.0028199385851621628,-0.036616355180740356,-0.07567983865737915,0.0050490852445364,-0.03921043127775192,-0.09915404580533504,0.005765032023191452,-0.04044617339968681,-0.12447885423898697,-0.003716500476002693,-0.03782294690608978,-0.14099359512329102
0.0,0.0,0.0,-0.004476169124245644,0.029120896011590958,-0.020573943853378296,-0.0036871489137411118,0.050224725157022476,-0.050206366926431656,-0.0008116224780678749,0.0658421665430069,-0.07664309069514275,0.0035306494683027267,0.07311508059501648,-0.10702496208250523,0.017920473124831915,0.020410284399986267,-0.09246309846639633,-0.009718865156173706,0.02143113687634468,-0.10149360448122025,-0.01968606375157833,0.019134219735860825,-0.0933475075289607,-0.027323463931679726,0.014152225106954575,-0.07010131701827049,0.01882667886093259,-0.005633666645735502,-0.09379321243613958,0.01059102127328515,-0.003982046619057655,-0.13305793702602386,-0.001989583484828472,-0.005368582904338837,-0.1575162634253502,-0.015697842463850975,-0.004272580146789551,-0.18354031443595886,0.008382119936868548,-0.023909566923975945,-0.09146209200844169,0.005747271701693535,-0.025075268000364304,-0.12415916472673416,-0.0004868311807513237,-0.021840300410985947,-0.1477924920618534,-0.007146084681153297,-0.02041437290608883,-0.17489364743232727,-0.004343563690781593,-0.037598855793476105,-0.07604450918734074,-0.004691006615757942,-0.04083728790283203,-0.09977087005972862,-0.006521990522742271,-0.04202098399400711,-0.12496514245867729,-0.01637621410191059,-0.03905549272894859,-0.14193140715360641
0.0,0.0,0.0,-0.004258418455719948,0.03071119636297226,-0.023785382509231567,-0.0042609889060258865,0.05151991918683052,-0.0520024336874485,-0.0024724751710891724,0.06703124940395355,-0.07861875742673874,0.0014454573392868042,0.07499469816684723,-0.10747858695685863,0.018416162580251694,0.021827049553394318,-0.09562150109559298,-0.007593441754579544,0.023857802152633667,-0.10943401791155338,-0.01896231435239315,0.022001704201102257,-0.10358855873346329,-0.03353181108832359,0.018441839143633842,-0.08403611369431019,0.01854790886864066,-0.004386337008327246,-0.0955975316464901,0.010797769937198609,-0.0020747240632772446,-0.13653311133384705,-0.002076120115816593,-0.0029742512851953506,-0.16168803721666336,-0.0168814305216074,-0.00014938414096832275,-0.1869519203901291,0.00730183394625783,-0.023214388638734818,-0.09232850605621934,0.00493921572342515,-0.024670802056789398,-0.12641288340091705,-0.003397708758711815,-0.021851375699043274,-0.1494222804903984,-0.013811636716127396,-0.017779771238565445,-0.1755550503730774,-0.005239745602011681,-0.037011612206697464,-0.07678845431655645,-0.0064185671508312225,-0.04097936674952507,-0.10173203237354755,-0.010404160246253014,-0.04186475649476051,-0.12714920938014984,-0.02188684791326523,-0.0390947088599205,-0.14322251081466675
0.0,0.0,0.0,-0.003212154842913151,0.03039024956524372,-0.02438443899154663,-0.002711937762796879,0.053564637899398804,-0.05054821819067001,0.002648985479027033,0.07053393498063087,-0.07784189470112324,0.0061085044872015715,0.08097260072827339,-0.10317053645849228,0.01499937055632472,0.026161860674619675,-0.09593602549284697,0.0031593823805451393,0.027368435636162758,-0.12041140906512737,-0.007441584020853043,0.027148686349391937,-0.13341782614588737,-0.033625719137489796,0.025066904723644257,-0.13224592059850693,0.015306585002690554,0.0013681062264367938,-0.09637858858332038,0.005642866250127554,0.004588707350194454,-0.13609212636947632,-0.010711289010941982,0.0025104377418756485,-0.1597995087504387,-0.028277316130697727,0.007608667016029358,-0.18153908103704453,0.0038722758181393147,-0.01560501754283905,-0.09219304146245122,-0.003445284441113472,-0.017102250829339027,-0.12488581240177155,-0.01626767497509718,-0.015201704576611519,-0.1465325877070427,-0.03051540721207857,-0.01141594909131527,-0.16618728637695312,-0.008478605188429356,-0.03222935274243355,-0.07763779815286398,-0.010133136995136738,-0.034931011497974396,-0.09997581131756306,-0.016875297762453556,-0.03458285331726074,-0.12202802486717701,-0.02759552840143442,-0.032078858464956284,-0.13928863406181335
0.0,0.0,0.0,-0.0033112606033682823,0.030274583026766777,-0.024373792111873627,-0.002991288900375366,0.05336858704686165,-0.05044885352253914,0.00230935076251626,0.07034697756171227,-0.0777245657518506,0.005666651064530015,0.08095667138695717,-0.1029244102537632,0.014626563061028719,0.025944551452994347,-0.09596674609929323,0.002805285155773163,0.027171054854989052,-0.12048968113958836,-0.007941658608615398,0.027089063078165054,-0.13343482464551926,-0.03428721707314253,0.025059090927243233,-0.13239017501473427,0.01499876007437706,0.0012593899155035615,-0.09646241925656796,0.005386645440012217,0.004511055536568165,-0.13607456162571907,-0.011076829396188259,0.002423672005534172,-0.15984118729829788,-0.028711996041238308,0.0075659360736608505,-0.18154023587703705,0.00360212754458189,-0.015712782740592957,-0.09227611031383276,-0.0037040822207927704,-0.01720878854393959,-0.12501880154013634,-0.01662286836653948,-0.015316290780901909,-0.14659461379051208,-0.03108349349349737,-0.01146753504872322,-0.1662828028202057,-0.008718621917068958,-0.03237158805131912,-0.0777086466550827,-0.010410423390567303,-0.034948427230119705,-0.10002708621323109,-0.017270556651055813,-0.0347045473754406,-0.12204517796635628,-0.028133518062531948,-0.032168660312891006,-0.1394701562821865
0.0,0.0,0.0,-0.006485421909019351,0.02946418710052967,-0.025645539164543152,-0.010573602048680186,0.05264478921890259,-0.04899110645055771,-0.01041144016198814,0.06951767951250076,-0.0760370809584856,-0.006640252890065312,0.0803389698266983,-0.1014507357031107,0.005194330355152488,0.0274870153516531,-0.09545295126736164,-0.004393708193674684,0.03330587223172188,-0.12454038113355637,-0.012581619201228023,0.03536252677440643,-0.14495836943387985,-0.039731686701998115,0.033354053273797035,-0.1561533659696579,0.006472541252151132,0.0042214092100039124,-0.09721350204199553,-0.004681962775066495,0.00850705523043871,-0.1347341425716877,-0.022277660435065627,0.006240442395210266,-0.15734945982694626,-0.03983310773037374,0.010880179703235626,-0.17694543302059174,-0.0032450021244585514,-0.013531703501939774,-0.09167888481169939,-0.014546541264280677,-0.014909520745277405,-0.12418822199106216,-0.030183106428012252,-0.014108952134847641,-0.14347884431481361,-0.045878750970587134,-0.009036760777235031,-0.16194093972444534,-0.013877383200451732,-0.0305621400475502,-0.0775713762268424,-0.017121944343671203,-0.03284763917326927,-0.10004503466188908,-0.0242377573158592,-0.034015871584415436,-0.12103654816746712,-0.03410296677611768,-0.029479090124368668,-0.13797573000192642
0.0,0.0,0.0,-0.0077422349859261885,0.030914291739463806,-0.02547168731689453,-0.011581316139199771,0.053700435906648636,-0.04840869456529617,-0.010674310397007503,0.07037819549441338,-0.07467745058238506,-0.007014124668785371,0.08177567645907402,-0.10094151087105274,0.005501032326719724,0.029000109061598778,-0.09546487778425217,-0.004099408179172315,0.037187933921813965,-0.12365559861063957,-0.012173817041912116,0.04114636406302452,-0.14478270709514618,-0.038326975438394584,0.04183218255639076,-0.15672338008880615,0.0065812421817099676,0.005883470410481095,-0.09762282483279705,-0.004377757213660516,0.010234049521386623,-0.13504447042942047,-0.023066828507580794,0.00841875746846199,-0.15754777938127518,-0.03945742595533375,0.013152273371815681,-0.17747823894023895,-0.0031443881016457453,-0.012145988643169403,-0.09177404688671231,-0.015876427773036994,-0.013793464750051498,-0.12418340519070625,-0.03169330630043987,-0.012702710926532745,-0.14240559563040733,-0.048078377280035056,-0.007957855239510536,-0.16011595726013184,-0.01372724819520954,-0.029116902500391006,-0.07770930603146553,-0.017685045037069358,-0.031249970197677612,-0.09962914790958166,-0.025266545373597182,-0.03230812028050423,-0.12057476863265038,-0.034559868756332435,-0.027292262762784958,-0.1363804079592228
0.0,0.0,0.0,-0.008374434430152178,0.029418284073472023,-0.02472851425409317,-0.012870769016444683,0.05279804393649101,-0.048619311302900314,-0.011617508716881275,0.06918798014521599,-0.07467300072312355,-0.010826454497873783,0.08109800145030022,-0.10136714018881321,0.004115503281354904,0.028175916522741318,-0.09324653260409832,-0.00515400618314743,0.036648109555244446,-0.12008948251605034,-0.01372251845896244,0.04182659089565277,-0.14191395789384842,-0.03772201668471098,0.042962197214365005,-0.15308838337659836,0.005527509842067957,0.005553839262574911,-0.0961252492852509,-0.0050736237317323685,0.010211150161921978,-0.13258254528045654,-0.02372112963348627,0.008242227137088776,-0.154002845287323,-0.04024221282452345,0.01295999251306057,-0.17527636885643005,-0.0038971914909780025,-0.011341940611600876,-0.09011284168809652,-0.01673704106360674,-0.013208132237195969,-0.12206921726465225,-0.030797426588833332,-0.012329444289207458,-0.14057587832212448,-0.046913220547139645,-0.009344154968857765,-0.15850460529327393,-0.01385392528027296,-0.027917344123125076,-0.076802683994174,-0.017219667322933674,-0.030412670224905014,-0.09893113281577826,-0.025402777828276157,-0.03202774003148079,-0.11881919577717781,-0.03468778636306524,-0.027286063879728317,-0.13450007140636444
0.0,0.0,0.0,-0.008218268398195505,0.030606156215071678,-0.025558464229106903,-0.011523628141731024,0.05332552269101143,-0.049088191241025925,-0.010909256059676409,0.0695684552192688,-0.07576805911958218,-0.007870359811931849,0.08144784718751907,-0.10160470567643642,0.006153846625238657,0.028270188719034195,-0.09471606649458408,-0.0034600915387272835,0.03722608834505081,-0.1223795972764492,-0.012128990609198809,0.0418396070599556,-0.14347491413354874,-0.03917070059105754,0.04219045490026474,-0.15413419902324677,0.007653077598661184,0.005549916299059987,-0.09717566007748246,-0.0027956729754805565,0.010119246318936348,-0.134459026157856,-0.022966555785387754,0.008530085906386375,-0.1565171256661415,-0.03993876604363322,0.013288246467709541,-0.17686670273542404,-0.0022965252865105867,-0.01183316856622696,-0.09106077998876572,-0.015024046879261732,-0.013774482533335686,-0.12435482814908028,-0.030493085738271475,-0.012593476101756096,-0.14148133993148804,-0.04806616110727191,-0.00916929729282856,-0.15944906324148178,-0.013600619044154882,-0.02921418845653534,-0.07784832827746868,-0.016959972213953733,-0.031177405267953873,-0.09988109860569239,-0.02538855141028762,-0.032185669988393784,-0.12010600231587887,-0.03498451737686992,-0.027092140167951584,-0.13601639866828918
0.0,0.0,0.0,-0.008048377116210759,0.03088952973484993,-0.025649122893810272,-0.011123001691885293,0.053597256541252136,-0.04936479032039642,-0.009993564453907311,0.06995371356606483,-0.07630392909049988,-0.005999132641591132,0.08218243345618248,-0.10256829857826233,0.006609240430407226,0.028784459456801414,-0.09522138256579638,-0.002757322625257075,0.037739504128694534,-0.12324459105730057,-0.011287355911917984,0.04230581969022751,-0.14436406642198563,-0.03763207152951509,0.04311597719788551,-0.15537630766630173,0.008106622262857854,0.005822277162224054,-0.09757379395887256,-0.0023696465650573373,0.010529724881052971,-0.13502321019768715,-0.02212896675337106,0.008825976401567459,-0.15738534182310104,-0.03897930041421205,0.013409437611699104,-0.17777274549007416,-0.0017203314928337932,-0.01171405240893364,-0.09156844951212406,-0.014670333941467106,-0.013516895473003387,-0.12482152134180069,-0.03002078749705106,-0.012419652193784714,-0.1420794501900673,-0.04751834005583078,-0.009038245305418968,-0.16007132828235626,-0.013034436968155205,-0.02913879230618477,-0.0782319400459528,-0.016617269371636212,-0.03127291426062584,-0.10041070356965065,-0.02470874704886228,-0.0323592908680439,-0.12065505608916283,-0.033729025279171765,-0.027386747300624847,-0.13640326634049416
0.0,0.0,0.0,-0.008170574379619211,0.030740054324269295,-0.025408275425434113,-0.011307163571473211,0.05355430394411087,-0.049099329859018326,-0.010195412149187177,0.07007339969277382,-0.07579942047595978,-0.00643819518154487,0.0823504738509655,-0.1020800843834877,0.005915382003877312,0.028912609443068504,-0.0947766536846757,-0.003424110298510641,0.037960972636938095,-0.12255281396210194,-0.012121701089199632,0.04259297251701355,-0.1437711976468563,-0.038442539458628744,0.04347587376832962,-0.15459616482257843,0.00735486630583182,0.006041865679435432,-0.0972771025262773,-0.0031900316826067865,0.010726908221840858,-0.13445675745606422,-0.023106506501790136,0.008918562904000282,-0.15665160864591599,-0.039951628481503576,0.01356511004269123,-0.17705833911895752,-0.002404492988716811,-0.011317979544401169,-0.09126626327633858,-0.015364317630883306,-0.01308467611670494,-0.12422237545251846,-0.03068400773918256,-0.012060215696692467,-0.1414072960615158,-0.048307100718375295,-0.008752401918172836,-0.1593489572405815,-0.013488925469573587,-0.028636585921049118,-0.07791091222316027,-0.01714818220352754,-0.03087901696562767,-0.09984451066702604,-0.025227671896573156,-0.03192639723420143,-0.12002498842775822,-0.03425536159193143,-0.0270322747528553,-0.13578640297055244
0.0,0.0,0.0,-0.00883963715750724,0.029578881338238716,-0.024513177573680878,-0.012638223473913968,0.05342918634414673,-0.047894176095724106,-0.011534141493029892,0.0690159946680069,-0.07459706813097,-0.00927086838055402,0.08088961988687515,-0.10112100653350353,0.006030420190654695,0.027722040191292763,-0.09345987252891064,-0.0031106873648241162,0.03652241453528404,-0.12090886943042278,-0.01178557996172458,0.04174662008881569,-0.14266972616314888,-0.03713986196089536,0.04275423660874367,-0.15323948860168457,0.007916239905171096,0.00478982669301331,-0.09623563569039106,-0.0026851732982322574,0.009476837702095509,-0.1334075704216957,-0.022303267498500645,0.007686519995331764,-0.15498054772615433,-0.03937865712214261,0.01236633025109768,-0.17541956901550293,-0.0017959341639652848,-0.012248288840055466,-0.09045200096443295,-0.015036662225611508,-0.0138651542365551,-0.12285774573683739,-0.030075733666308224,-0.012450054287910461,-0.14044790714979172,-0.04714740358758718,-0.009507851675152779,-0.15787497907876968,-0.012269759667105973,-0.02857433259487152,-0.07712721358984709,-0.015468682278878987,-0.031316258013248444,-0.0992537708953023,-0.023702615057118237,-0.03272603824734688,-0.11947784014046192,-0.032816196908243,-0.027684208005666733,-0.13534095883369446
0.0,0.0,0.0,-0.00812642159871757,0.029664847999811172,-0.025205373764038086,-0.011029176181182265,0.05331360176205635,-0.04894326627254486,-0.008116484386846423,0.06945215538144112,-0.07584162056446075,-0.004885635105893016,0.0810777135193348,-0.1028019730001688,0.008590750629082322,0.02791832759976387,-0.0936717139557004,4.341243766248226e-05,0.036477912217378616,-0.1212436743080616,-0.00848568114452064,0.04215036705136299,-0.1432885192334652,-0.032366366824135184,0.04371018707752228,-0.15421489626169205,0.010245335521176457,0.004977557109668851,-0.09668073244392872,0.00025602499954402447,0.009611524641513824,-0.1339254379272461,-0.018542190780863166,0.00779331661760807,-0.15535642951726913,-0.035053221276029944,0.012414053082466125,-0.17627237737178802,0.0005409494042396545,-0.011807205155491829,-0.09085076814517379,-0.012470277724787593,-0.013623945415019989,-0.12321828305721283,-0.02695359638892114,-0.012371877208352089,-0.14154871925711632,-0.04316507815383375,-0.009538428857922554,-0.15915314853191376,-0.010035213781520724,-0.028012726455926895,-0.07767745852470398,-0.012868363177403808,-0.031135842204093933,-0.09982973337173462,-0.020394129445776343,-0.032206617295742035,-0.11988714337348938,-0.029166107764467597,-0.02713540568947792,-0.13595250993967056
0.0,0.0,0.0,-0.008483983052428812,0.029854541644454002,-0.02452242374420166,-0.011931049113627523,0.05370723456144333,-0.04827631637454033,-0.010354533267673105,0.06981664150953293,-0.07509145140647888,-0.0076140439487062395,0.08187847584486008,-0.1019471026957035,0.006028493924532086,0.028379231691360474,-0.0939383078366518,-0.003038617258425802,0.03690259903669357,-0.1213846504688263,-0.011879825440701097,0.04207189381122589,-0.14311937615275383,-0.03705475520109758,0.0433930978178978,-0.1536146029829979,0.007641974894795567,0.005262702004984021,-0.09682112513110042,-0.0029195865499787033,0.010037568397819996,-0.1339627020061016,-0.02205461304401979,0.007975662127137184,-0.1554350107908249,-0.038794361462350935,0.012663133442401886,-0.1760878935456276,-0.002125753730069846,-0.011715373024344444,-0.09095745114609599,-0.015441470255609602,-0.013383392244577408,-0.12311254814267159,-0.030236214806791395,-0.012194821611046791,-0.14090432971715927,-0.047021586855407804,-0.009217619895935059,-0.1581873819231987,-0.012627812509890646,-0.02816426008939743,-0.07747373450547457,-0.016099632193800062,-0.030904609709978104,-0.09948467928916216,-0.024078671296592802,-0.03205590322613716,-0.11934291198849678,-0.03333533968543634,-0.027088016271591187,-0.1349216140806675
0.0,0.0,0.0,-0.008221758180297911,0.03141893818974495,-0.025576025247573853,-0.011112497770227492,0.054171428084373474,-0.04926198720932007,-0.009866790496744215,0.07055206596851349,-0.07642501965165138,-0.005378042929805815,0.08288370072841644,-0.10258491337299347,0.007110106642358005,0.0293227918446064,-0.09550478402525187,-0.0018551162211224437,0.03834274038672447,-0.12352694198489189,-0.010317439795471728,0.042944811284542084,-0.14475401490926743,-0.03698931506369263,0.04384463652968407,-0.15555724501609802,0.008800311363302171,0.0060007700230926275,-0.09803620912134647,-0.0015321796527132392,0.010599566623568535,-0.13560932874679565,-0.02158198005054146,0.00861271284520626,-0.15788204222917557,-0.03851802891585976,0.013448311015963554,-0.17829196900129318,-0.0010939406929537654,-0.011551061645150185,-0.09209907287731767,-0.01413009560201317,-0.01343974843621254,-0.12524699047207832,-0.029584048897959292,-0.012324638664722443,-0.14242389053106308,-0.047573695541359484,-0.008803624659776688,-0.16013898700475693,-0.012436410994268954,-0.029139600694179535,-0.07864648941904306,-0.015699729905463755,-0.03140022233128548,-0.10070034209638834,-0.02361849753651768,-0.03215351328253746,-0.1211099624633789,-0.03296353167388588,-0.0269944928586483,-0.1370299831032753
0.0,0.0,0.0,-0.007599969860166311,0.03082413598895073,-0.025659821927547455,-0.010175134520977736,0.05409028381109238,-0.04950694739818573,-0.0072615318931639194,0.07122854888439178,-0.07616003975272179,-0.00253503629937768,0.08335113525390625,-0.10321719944477081,0.008398970123380423,0.029758820310235023,-0.09478393290191889,-0.0006979000754654408,0.03847787156701088,-0.12265447154641151,-0.008883396629244089,0.04363704100251198,-0.1435346081852913,-0.03398706717416644,0.045446377247571945,-0.1553000956773758,0.009771398734301329,0.006222395226359367,-0.09760670084506273,-0.0008535541128367186,0.011594499461352825,-0.13526946306228638,-0.01917878119274974,0.009281180799007416,-0.1569562703371048,-0.03516929177567363,0.013739379122853279,-0.17797111719846725,-0.0003597615286707878,-0.010479286313056946,-0.09229119727388024,-0.013052677270025015,-0.011845085769891739,-0.12390300631523132,-0.027969637420028448,-0.011100590229034424,-0.14334523677825928,-0.04292641906067729,-0.00748920813202858,-0.16062968969345093,-0.011161135975271463,-0.026903249323368073,-0.07862460147589445,-0.014618986751884222,-0.029889263212680817,-0.10049026366323233,-0.021977127995342016,-0.03046005591750145,-0.12055189348757267,-0.030911568086594343,-0.02551969140768051,-0.13584738224744797
0.0,0.0,0.0,-0.007476193364709616,0.03094354271888733,-0.02606586366891861,-0.010156444739550352,0.054018717259168625,-0.05076096951961517,-0.006587022449821234,0.07096845284104347,-0.07807334885001183,-0.0009916620329022408,0.08241456374526024,-0.1052817851305008,0.011556542478501797,0.029503973200917244,-0.09598418232053518,0.0028177679050713778,0.03773440793156624,-0.12436896562576294,-0.004990215878933668,0.04313994571566582,-0.14480648934841156,-0.03019758639857173,0.04492345079779625,-0.15729216486215591,0.013904863502830267,0.005321760894730687,-0.0984929003752768,0.003807374043390155,0.010789547115564346,-0.13705157488584518,-0.014822329860180616,0.008286155760288239,-0.15891534090042114,-0.03258109791204333,0.012655902653932571,-0.17997042834758759,0.00401647319085896,-0.0116274394094944,-0.09346323972567916,-0.00863187713548541,-0.01315569132566452,-0.1255793683230877,-0.024712722282856703,-0.012637563049793243,-0.14547527208924294,-0.040642044972628355,-0.009014252573251724,-0.16275755316019058,-0.007088919635862112,-0.02837274968624115,-0.07993726339191198,-0.010382975917309523,-0.031206343322992325,-0.10222502145916224,-0.018046905752271414,-0.031860850751399994,-0.1222143117338419,-0.027956008445471525,-0.026934649795293808,-0.13755545020103455
0.0,0.0,0.0,-0.008700437843799591,0.030853575095534325,-0.025729931890964508,-0.011124041862785816,0.054029323160648346,-0.05001917853951454,-0.008277182467281818,0.07000430673360825,-0.07770275510847569,-0.0026422832161188126,0.08212839066982269,-0.1047029159963131,0.010277609340846539,0.02854674495756626,-0.09614113066345453,0.0015036785043776035,0.03678586706519127,-0.1243988424539566,-0.006808050908148289,0.041865818202495575,-0.1460789553821087,-0.0329973166808486,0.04326312988996506,-0.1571221575140953,0.012722353916615248,0.004426254658028483,-0.09898487851023674,0.002788339974358678,0.00891385693103075,-0.1373908780515194,-0.017001335509121418,0.007181931287050247,-0.15914960205554962,-0.035179014317691326,0.011702165007591248,-0.17999717593193054,0.0026551689952611923,-0.0130047257989645,-0.09315901575610042,-0.010874745436012745,-0.01498064398765564,-0.126298725605011,-0.026533558033406734,-0.01339414156973362,-0.14440681040287018,-0.04436889197677374,-0.010437631979584694,-0.16190240532159805,-0.008743101730942726,-0.029991764575242996,-0.07957860920578241,-0.012309298850595951,-0.03260555863380432,-0.1022306689992547,-0.021042116917669773,-0.03326001763343811,-0.12231817469000816,-0.03120309766381979,-0.028340909630060196,-0.1377432495355606
0.0,0.0,0.0,-0.007754012476652861,0.030751734972000122,-0.025693610310554504,-0.009869195986539125,0.054006315767765045,-0.04980768263339996,-0.006341827567666769,0.070571418851614,-0.07692873477935791,-0.0010840445756912231,0.0823318399488926,-0.10400157794356346,0.01083524152636528,0.029016414657235146,-0.09482501354068518,0.0019583224784582853,0.03723806515336037,-0.12303445115685463,-0.005968308541923761,0.04264969378709793,-0.1444498561322689,-0.03134698839858174,0.044321417808532715,-0.15605081617832184,0.012555176857858896,0.0053391733672469854,-0.09778818814083934,0.0026547987945377827,0.01025065965950489,-0.13566310703754425,-0.01642975816503167,0.008034288883209229,-0.1574597731232643,-0.033091038931161165,0.012575609609484673,-0.17839409410953522,0.002611813135445118,-0.011557746678590775,-0.09212892269715667,-0.010418955702334642,-0.013076487928628922,-0.12427933514118195,-0.025845151860266924,-0.012190494686365128,-0.1430780217051506,-0.04161499114707112,-0.008763754740357399,-0.16080981492996216,-0.008487393613904715,-0.027814041823148727,-0.07867398951202631,-0.012080463115125895,-0.030989136546850204,-0.10080659482628107,-0.020084618125110865,-0.03131784871220589,-0.12057364732027054,-0.0294588771648705,-0.02649308741092682,-0.13576145470142365
0.0,0.0,0.0,-0.008396035991609097,0.031092656776309013,-0.025865651667118073,-0.010169628076255322,0.05459508299827576,-0.049491602927446365,-0.007016879506409168,0.07127129286527634,-0.07644360698759556,-0.0013189343735575676,0.08339641243219376,-0.10359300673007965,0.010416086297482252,0.029695086181163788,-0.09526852797716856,0.0013221129775047302,0.03809773549437523,-0.12338922172784805,-0.007427648641169071,0.04314301908016205,-0.14502323046326637,-0.03336809203028679,0.044544320553541183,-0.15625440329313278,0.012148200068622828,0.006024382309988141,-0.09838810982182622,0.0018653215374797583,0.01055238489061594,-0.13611388951539993,-0.018011080101132393,0.008704861626029015,-0.1577153280377388,-0.035271722823381424,0.013424262404441833,-0.17827633768320084,0.0021247672848403454,-0.011365454643964767,-0.09245067555457354,-0.011280929669737816,-0.013206103816628456,-0.12480398267507553,-0.02698245644569397,-0.011730557307600975,-0.14306216686964035,-0.04384014382958412,-0.008238343521952629,-0.16024763137102127,-0.009138299152255058,-0.02812131494283676,-0.07885813061147928,-0.012720780447125435,-0.030713636428117752,-0.10111044906079769,-0.021077295765280724,-0.031212691217660904,-0.12119513005018234,-0.030779972672462463,-0.025808244943618774,-0.13627995923161507
0.0,0.0,0.0,-0.007765466812998056,0.03233177587389946,-0.026833035051822662,-0.00940116262063384,0.05463255196809769,-0.05016449838876724,-0.005580343771725893,0.07091482356190681,-0.07749715261161327,0.0017732460983097553,0.0829683430492878,-0.10374791547656059,0.012345027178525925,0.02904190681874752,-0.09685883577913046,0.003959198482334614,0.0379754900932312,-0.12593386322259903,-0.004059019032865763,0.042580634355545044,-0.14720699936151505,-0.030593813862651587,0.04386451095342636,-0.15901466459035873,0.014568930491805077,0.00488705444149673,-0.09933910751715302,0.004977353848516941,0.009895953349769115,-0.1379355750977993,-0.014394580852240324,0.008175862953066826,-0.16108746826648712,-0.03133220365270972,0.012672396376729012,-0.18163970857858658,0.004409946734085679,-0.013136129826307297,-0.09364820830523968,-0.008624827023595572,-0.014968063682317734,-0.12728234380483627,-0.024872788693755865,-0.013284562155604362,-0.14523661881685257,-0.04271006351336837,-0.009296119213104248,-0.16279121488332748,-0.007315408904105425,-0.030752122402191162,-0.08019244018942118,-0.010998622979968786,-0.03253323584794998,-0.10276772733777761,-0.01886720908805728,-0.03279099613428116,-0.12343202903866768,-0.027947959955781698,-0.02744055539369583,-0.13911749422550201
0.0,0.0,0.0,-0.006130336783826351,0.03127254359424114,-0.026220574975013733,-0.007302549667656422,0.05404473841190338,-0.050179675221443176,-0.0017256923019886017,0.07103611156344414,-0.07861936837434769,0.006171473301947117,0.08148898556828499,-0.10537055134773254,0.01620640605688095,0.02785477414727211,-0.09596954565495253,0.007465672912076116,0.03511398658156395,-0.1253383569419384,-0.0023495983332395554,0.03899231180548668,-0.1460007056593895,-0.02952196542173624,0.03932587057352066,-0.1559591069817543,0.018253107089549303,0.003619994968175888,-0.09918634640052915,0.008798097958788276,0.008505688980221748,-0.1379963681101799,-0.009376251138746738,0.006396789103746414,-0.1607184112071991,-0.02680325973778963,0.011096276342868805,-0.1809731423854828,0.007665862096473575,-0.013915158808231354,-0.09369075484573841,-0.004497449845075607,-0.015536479651927948,-0.1266963630914688,-0.020391601137816906,-0.014085918664932251,-0.14590387791395187,-0.03808996547013521,-0.009905550628900528,-0.16311228275299072,-0.004476288333535194,-0.03085453435778618,-0.0801906818524003,-0.007683158852159977,-0.03318854793906212,-0.10291438270360231,-0.014501488767564297,-0.033660996705293655,-0.12290173023939133,-0.023872011341154575,-0.028448019176721573,-0.13930406048893929
0.0,0.0,0.0,-0.005640815943479538,0.031276097521185875,-0.026287443935871124,-0.006394406780600548,0.05434900149703026,-0.050379928201436996,-0.0002488577738404274,0.07153121009469032,-0.07880767807364464,0.007581786718219519,0.08183851465582848,-0.10565530695021152,0.017804651986807585,0.028309445828199387,-0.09612335823476315,0.009117647772654891,0.0353718027472496,-0.12537287920713425,-0.0005272394046187401,0.03931833431124687,-0.14588624238967896,-0.02754279226064682,0.039652954787015915,-0.15617761760950089,0.01963874278590083,0.004001486115157604,-0.09923556819558144,0.010245952871628106,0.008896894752979279,-0.13803042471408844,-0.007889963686466217,0.006726248189806938,-0.1607023924589157,-0.025185123085975647,0.01153571717441082,-0.1810738742351532,0.00884881243109703,-0.013537956401705742,-0.09375790413469076,-0.003097577951848507,-0.015073258429765701,-0.126674585044384,-0.018949808552861214,-0.013731604442000389,-0.14632437750697136,-0.03611523285508156,-0.009411534294486046,-0.16363197565078735,-0.0035392390564084053,-0.03027138113975525,-0.08030896168202162,-0.006485488265752792,-0.03268928825855255,-0.10293124988675117,-0.013108501210808754,-0.03310471773147583,-0.12300109677016735,-0.022593561559915543,-0.02806282415986061,-0.13934576883912086
0.0,0.0,0.0,-0.0041647618636488914,0.031824273988604546,-0.026215970516204834,-0.003750939853489399,0.053798023611307144,-0.05027873069047928,0.0023255199193954468,0.07046464085578918,-0.07945212349295616,0.010792987886816263,0.08128275722265244,-0.10544821433722973,0.021386411041021347,0.026685547083616257,-0.09595951717346907,0.010868719313293695,0.03183022327721119,-0.1222543902695179,-0.001169850118458271,0.03322498872876167,-0.14035248383879662,-0.03166027832776308,0.030718063935637474,-0.14689038693904877,0.023209676146507263,0.001928742160089314,-0.09844992496073246,0.015315485128667206,0.006535272113978863,-0.13685234636068344,-0.004763691686093807,0.004309631884098053,-0.16092181950807571,-0.023136735893785954,0.00901905819773674,-0.18083862960338593,0.012408335926011205,-0.01566820591688156,-0.09407576685771346,0.002491091378033161,-0.017057426273822784,-0.12756089866161346,-0.014237812720239162,-0.014902377501130104,-0.14680839329957962,-0.03331679571419954,-0.010276736691594124,-0.16410761326551437,-0.0005035577341914177,-0.03314763307571411,-0.08067629765719175,-0.0020702360197901726,-0.03580644726753235,-0.10336952097713947,-0.008483127690851688,-0.03592880442738533,-0.12461486645042896,-0.018615075387060642,-0.030737414956092834,-0.1421654000878334
0.0,0.0,0.0,-0.003977862186729908,0.03100135549902916,-0.025685511529445648,-0.003910704515874386,0.05317400395870209,-0.052783798426389694,0.000802038237452507,0.06995509564876556,-0.0813052300363779,0.004409339278936386,0.07888884842395782,-0.10983253456652164,0.020905240904539824,0.024370715022087097,-0.09922120347619057,0.004649152979254723,0.026005521416664124,-0.12355566956102848,-0.009613796137273312,0.026518311351537704,-0.1297902688384056,-0.03896218817681074,0.024744633585214615,-0.11914711073040962,0.021391065325587988,-0.0021082034800201654,-0.09855232201516628,0.012900712201371789,0.0005390234291553497,-0.14099912717938423,-0.004645871929824352,-0.0010614730417728424,-0.16530562937259674,-0.0245885094627738,0.0016463324427604675,-0.18540092557668686,0.009629435371607542,-0.020691530779004097,-0.09479470597580075,0.004052517004311085,-0.022171180695295334,-0.12935347110033035,-0.010134235955774784,-0.019208872690796852,-0.15177545696496964,-0.025574429892003536,-0.015078995376825333,-0.1706429421901703,-0.0026371190324425697,-0.0368291400372982,-0.07989075500518084,-0.0048947399482131,-0.04063362628221512,-0.10385175421833992,-0.011018962599337101,-0.040994007140398026,-0.12803395092487335,-0.02097009029239416,-0.03769754618406296,-0.14419950544834137
0.0,0.0,0.0,-0.005638406611979008,0.029836174100637436,-0.0232609361410141,-0.009028873406350613,0.05197844281792641,-0.05193708837032318,-0.007735815830528736,0.06716916337609291,-0.0803858395665884,-0.006690106354653835,0.07325055077672005,-0.1113706324249506,0.014156911987811327,0.02416667714715004,-0.09775747824460268,-0.011826739646494389,0.02485242672264576,-0.1144314594566822,-0.02461694274097681,0.021601183339953423,-0.10858836770057678,-0.041551352478563786,0.017087671905755997,-0.08792983461171389,0.015550821088254452,-0.0025563203962519765,-0.09732667822390795,0.006166259292513132,-0.0012421701103448868,-0.13811345398426056,-0.008065455593168736,-0.00373118557035923,-0.16346155852079391,-0.026827693916857243,-0.0028857290744781494,-0.1875288262963295,0.005082622170448303,-0.02130344696342945,-0.09358802810311317,0.0007702438160777092,-0.022952605038881302,-0.12718938291072845,-0.010806283913552761,-0.021615251898765564,-0.15030042082071304,-0.024489169009029865,-0.01782567985355854,-0.17351967841386795,-0.005817928351461887,-0.03735979273915291,-0.07721474301069975,-0.007421734742820263,-0.04084668681025505,-0.10260422993451357,-0.01387579645961523,-0.04169460013508797,-0.1268206499516964,-0.02444517705589533,-0.03938775882124901,-0.14295708760619164
0.0,0.0,0.0,-0.006518849171698093,0.029941581189632416,-0.022422999143600464,-0.009495677426457405,0.05127745494246483,-0.05170677229762077,-0.008537689223885536,0.0668499544262886,-0.07979445345699787,-0.00799375306814909,0.07282687723636627,-0.1115005761384964,0.011292313691228628,0.02411390095949173,-0.0960575258359313,-0.015431515872478485,0.02482597902417183,-0.10988235101103783,-0.02539614588022232,0.021964430809020996,-0.1009203502908349,-0.03460482880473137,0.01619591750204563,-0.0772949866950512,0.012987616006284952,-0.0034315555822104216,-0.09557845257222652,0.004295019898563623,-0.002253992483019829,-0.13714949041604996,-0.007111816667020321,-0.004480225965380669,-0.1623610407114029,-0.023394359275698662,-0.004018694162368774,-0.18715965002775192,0.0031749268528074026,-0.02329452522099018,-0.0921614421531558,-0.0011394880712032318,-0.0246124304831028,-0.12631414830684662,-0.009392913430929184,-0.021898675709962845,-0.1491573303937912,-0.019963208585977554,-0.01856590248644352,-0.17405028641223907,-0.007195851765573025,-0.03880014643073082,-0.07576060015708208,-0.00956331379711628,-0.041865233331918716,-0.10221633315086365,-0.013476097956299782,-0.04333532229065895,-0.1271139532327652,-0.02202136442065239,-0.03959110751748085,-0.1430433988571167
0.0,0.0,0.0,-0.0031537972390651703,0.029917851090431213,-0.021037817001342773,-0.002230759710073471,0.052238427102565765,-0.05141199380159378,0.002410062588751316,0.06745368987321854,-0.07934660464525223,0.008442708291113377,0.07335299253463745,-0.11010359041392803,0.019154570531100035,0.02490095980465412,-0.09237849991768599,-0.006432592868804932,0.025533996522426605,-0.10544095933437347,-0.014877790585160255,0.021439556032419205,-0.0978700453415513,-0.019984805956482887,0.016878023743629456,-0.07418948132544756,0.020142662338912487,-0.0018727044807747006,-0.09340817900374532,0.0101690161973238,-0.0009892359375953674,-0.13294711336493492,-0.0009848400950431824,-0.0028093792498111725,-0.15773916989564896,-0.013551875948905945,-0.002099689096212387,-0.18266738951206207,0.009901882847771049,-0.020481085404753685,-0.09087634366005659,0.006097505800426006,-0.021905314177274704,-0.12413607910275459,1.4769844710826874e-05,-0.01854981854557991,-0.14709888398647308,-0.005264220759272575,-0.01709728315472603,-0.17297708988189697,-0.0017768321558833122,-0.035634562373161316,-0.07568789925426245,-0.002909846603870392,-0.038955822587013245,-0.10001358669251204,-0.005416981875896454,-0.03930925577878952,-0.1245296411216259,-0.011476129293441772,-0.03652575612068176,-0.13985474407672882
0.0,0.0,0.0,-0.004291159100830555,0.029458794742822647,-0.02069023996591568,-0.005162501707673073,0.05104392021894455,-0.05108337476849556,-0.0032938141375780106,0.06613707169890404,-0.07890486344695091,-0.00018689967691898346,0.07228172197937965,-0.10955079458653927,0.010681443382054567,0.023926513269543648,-0.0915051931515336,-0.013726793229579926,0.024648398160934448,-0.10479534044861794,-0.019890083000063896,0.02095714956521988,-0.09773421753197908,-0.02293989062309265,0.017230777069926262,-0.0746766859665513,0.011335646733641624,-0.002329374896362424,-0.09223910328000784,0.0012506088241934776,-0.0016159098595380783,-0.1319204568862915,-0.008659027516841888,-0.0032750386744737625,-0.1570715382695198,-0.019034478813409805,-0.0020880363881587982,-0.18127034604549408,0.0023305045906454325,-0.020880410447716713,-0.08971427194774151,-0.0020970129407942295,-0.02209872007369995,-0.12303081899881363,-0.0075507862493395805,-0.018857460469007492,-0.14585209637880325,-0.01200772449374199,-0.017495615407824516,-0.17162873595952988,-0.007491333410143852,-0.03589903190732002,-0.07462184503674507,-0.009667675942182541,-0.03913263976573944,-0.09913085773587227,-0.01225089281797409,-0.039597153663635254,-0.12349056079983711,-0.017406761646270752,-0.03680439665913582,-0.13835147768259048
0.0,0.0,0.0,-0.002992503345012665,0.029603440314531326,-0.02046716958284378,-0.0014363545924425125,0.05113476887345314,-0.050477273762226105,0.003869510255753994,0.06650113686919212,-0.07792878709733486,0.01067484449595213,0.0725443921983242,-0.10998750478029251,0.022580345161259174,0.02223488874733448,-0.09163283836096525,-0.004937570542097092,0.023968659341335297,-0.10144044831395149,-0.013953525573015213,0.020364725962281227,-0.09142368473112583,-0.01944117620587349,0.014160631224513054,-0.06694597378373146,0.02441457100212574,-0.004353982280008495,-0.09212860185652971,0.014663220383226871,-0.0026399344205856323,-0.13137126341462135,0.002696576528251171,-0.004528971388936043,-0.15581046044826508,-0.011130422353744507,-0.004858564585447311,-0.18097341060638428,0.01423529232852161,-0.023609623312950134,-0.09028264647349715,0.010802018456161022,-0.024032659828662872,-0.12292907387018204,0.0036995578557252884,-0.020661871880292892,-0.1460806503891945,-0.002592608332633972,-0.01984521374106407,-0.17247817665338516,0.0022803116589784622,-0.03746935352683067,-0.075227334164083,0.0016014091670513153,-0.04019805043935776,-0.09910197090357542,-0.0010942332446575165,-0.040618911385536194,-0.12503717839717865,-0.009029693901538849,-0.03738906607031822,-0.14013176783919334
0.0,0.0,0.0,-0.003544395789504051,0.029685907065868378,-0.020556926727294922,-0.002596721053123474,0.051542140543460846,-0.05001978576183319,0.0019914228469133377,0.0666646957397461,-0.07807371765375137,0.008266175165772438,0.07307980209589005,-0.11051371321082115,0.022312596905976534,0.0225002933293581,-0.09220432862639427,-0.006055647507309914,0.024073895066976547,-0.10181748494505882,-0.015835117548704147,0.020316671580076218,-0.09097197744995356,-0.020377177745103836,0.013680137693881989,-0.06633088365197182,0.02393665863201022,-0.004501294926740229,-0.09270051494240761,0.015240400796756148,-0.0022566867992281914,-0.13268767297267914,0.003870377317070961,-0.004376718774437904,-0.15692993998527527,-0.011183202266693115,-0.004968684166669846,-0.18271604925394058,0.013598939403891563,-0.024309786036610603,-0.09084678860381246,0.00986723555251956,-0.02436891570687294,-0.12333748489618301,0.0033840229734778404,-0.021057110279798508,-0.1469317488372326,-0.003714587539434433,-0.019554369151592255,-0.17356228828430176,0.001501837745308876,-0.03782439976930618,-0.07539520785212517,0.0005370378494262695,-0.040332745760679245,-0.10000234190374613,-0.002576598897576332,-0.04092295467853546,-0.12570960074663162,-0.011850617825984955,-0.03728318586945534,-0.1413295790553093
0.0,0.0,0.0,-0.003770897164940834,0.029115259647369385,-0.02036421000957489,-0.0019548162817955017,0.051035478711128235,-0.04939812421798706,0.002845030277967453,0.0659441202878952,-0.0763611076399684,0.010335269384086132,0.07218143343925476,-0.10755696333944798,0.024383992422372103,0.021933484822511673,-0.09114861488342285,-0.003718078136444092,0.024140138179063797,-0.09941823035478592,-0.014109915122389793,0.020343976095318794,-0.08910524472594261,-0.020794807001948357,0.013438943773508072,-0.06365849077701569,0.0272963410243392,-0.0047013937728479505,-0.09214697265997529,0.016373615711927414,-0.003556555137038231,-0.13136855140328407,0.003342883661389351,-0.004998920485377312,-0.1546943187713623,-0.011726295575499535,-0.005799483507871628,-0.18070468306541443,0.017075179843232036,-0.023932136595249176,-0.09062650986015797,0.012822192162275314,-0.02390841767191887,-0.12229105830192566,0.005173594690859318,-0.02047177217900753,-0.14608623832464218,-0.0022292155772447586,-0.020611843094229698,-0.17154597491025925,0.004580309614539146,-0.03738110512495041,-0.07566385716199875,0.004461430944502354,-0.04028855264186859,-0.09909002482891083,0.0014029927551746368,-0.040939055383205414,-0.12491453066468239,-0.007509786635637283,-0.03685861825942993,-0.14103419333696365
0.0,0.0,0.0,-0.0031369607895612717,0.02922666072845459,-0.020346812903881073,-0.0022870898246765137,0.05111401528120041,-0.049811434000730515,0.0010245256125926971,0.06711173057556152,-0.07730739563703537,0.006165692582726479,0.07252862304449081,-0.11052830331027508,0.02362664556130767,0.022886481136083603,-0.09302833117544651,-0.005353834480047226,0.024229710921645164,-0.10122692212462425,-0.014554303139448166,0.019393444061279297,-0.08891357854008675,-0.018760882318019867,0.011271137744188309,-0.0640348270535469,0.02565011288970709,-0.004916218924336135,-0.09218817856162786,0.016798120457679033,-0.0034192539751529694,-0.13328339904546738,0.006531148217618465,-0.005948128178715706,-0.15859469026327133,-0.008618490770459175,-0.006505664438009262,-0.18485843390226364,0.015569138107821345,-0.025637079030275345,-0.09035944938659668,0.01089863758534193,-0.024872835725545883,-0.12332040816545486,0.0037931352853775024,-0.02238672785460949,-0.14704054594039917,-0.003014959394931793,-0.02104351297020912,-0.17307765036821365,0.00341016985476017,-0.04051188752055168,-0.07466519344598055,0.0026111826300621033,-0.04179287701845169,-0.09859832935035229,-0.0007483344525098801,-0.042649537324905396,-0.12607280164957047,-0.008737847208976746,-0.038625046610832214,-0.14253687113523483
0.0,0.0,0.0,-0.0022743921726942062,0.029734168201684952,-0.02042163908481598,-0.0009079966694116592,0.051641497761011124,-0.05011393502354622,0.004230989143252373,0.06787589564919472,-0.07871255837380886,0.011359463445842266,0.07447189465165138,-0.11170218139886856,0.0261982548981905,0.023844541981816292,-0.09337254427373409,-0.0030678026378154755,0.025297168642282486,-0.1016537444666028,-0.012512853369116783,0.020172355696558952,-0.09006675519049168,-0.014835475012660027,0.013467896729707718,-0.0639224499464035,0.027677210979163647,-0.003819436766207218,-0.0935647264122963,0.01775941764935851,-0.0027561280876398087,-0.13311376050114632,0.00718318298459053,-0.0047113895416259766,-0.15885749459266663,-0.006548181176185608,-0.00459318608045578,-0.18449337035417557,0.01695791515521705,-0.023812808096408844,-0.09070950094610453,0.012226724997162819,-0.024490345269441605,-0.12455667927861214,0.006166782230138779,-0.021482016891241074,-0.14744247496128082,-0.0003691725432872772,-0.01976686902344227,-0.17361683398485184,0.004261547699570656,-0.039519619196653366,-0.07505004853010178,0.003856327384710312,-0.04106636717915535,-0.09976739808917046,0.0011177342385053635,-0.041566282510757446,-0.12614722177386284,-0.00499442033469677,-0.037367478013038635,-0.14309892058372498
0.0,0.0,0.0,-0.0027410555630922318,0.029753554612398148,-0.020238608121871948,-0.0019603855907917023,0.051475007086992264,-0.04984314739704132,0.0026295166462659836,0.06754305586218834,-0.07831228151917458,0.009296981617808342,0.0743781216442585,-0.111152034252882,0.024165420792996883,0.023899074643850327,-0.0930443461984396,-0.0051314495503902435,0.02532210946083069,-0.1012378940358758,-0.014665354043245316,0.020187176764011383,-0.0896098418161273,-0.01681581512093544,0.013711947947740555,-0.06339963525533676,0.025755346287041903,-0.0036008107708767056,-0.09338717814534903,0.015649928944185376,-0.0025011226534843445,-0.13255846500396729,0.004693756811320782,-0.004617435857653618,-0.15815963596105576,-0.009248042479157448,-0.004646468907594681,-0.18357295542955399,0.01529875211417675,-0.023378146812319756,-0.09053969383239746,0.010580222122371197,-0.024220213294029236,-0.12412825599312782,0.004285100847482681,-0.021198395639657974,-0.14696002751588821,-0.002710403874516487,-0.01956397481262684,-0.17298560589551926,0.00293048657476902,-0.03918621316552162,-0.07484408281743526,0.002432888373732567,-0.04068197309970856,-0.09943368937820196,-0.00038867443799972534,-0.04128948971629143,-0.1256892830133438,-0.006867069751024246,-0.03721863403916359,-0.14250754937529564
0.0,0.0,0.0,-0.0036444487050175667,0.02826889604330063,-0.02039935439825058,-0.0029399851337075233,0.05060737207531929,-0.050283968448638916,0.00022267363965511322,0.06648974865674973,-0.07858176156878471,0.004017941653728485,0.07261829823255539,-0.10991525091230869,0.01995179522782564,0.022548431530594826,-0.09309692308306694,-0.007057241164147854,0.024489283561706543,-0.10285586677491665,-0.016159898601472378,0.021067330613732338,-0.09292252454906702,-0.01968244556337595,0.015295756980776787,-0.06880514323711395,0.021460941527038813,-0.004604899208061397,-0.09375059884041548,0.01129703945480287,-0.0033158864825963974,-0.13315729051828384,0.0016185380518436432,-0.005380406975746155,-0.1580556482076645,-0.01210645493119955,-0.004998147487640381,-0.18316523730754852,0.011062945704907179,-0.02328481897711754,-0.0905700377188623,0.006007464602589607,-0.02383342944085598,-0.1240164265036583,-0.00042788591235876083,-0.021027207374572754,-0.14818966388702393,-0.006381395272910595,-0.018645353615283966,-0.17369307577610016,-0.0013317139819264412,-0.03798317164182663,-0.07482363935559988,-0.0031363805755972862,-0.040194716304540634,-0.09952311310917139,-0.005872207693755627,-0.040903933346271515,-0.12427494302392006,-0.013115477748215199,-0.03672035038471222,-0.141238521784544
0.0,0.0,0.0,-0.004816964268684387,0.029253240674734116,-0.02247609943151474,-0.0052625685930252075,0.05185345932841301,-0.05192946642637253,-0.0011465921998023987,0.06728393211960793,-0.08089687116444111,0.0035459985956549644,0.07373658195137978,-0.1112044919282198,0.017882204614579678,0.023583846166729927,-0.09495095629245043,-0.008123204112052917,0.025882430374622345,-0.10919323936104774,-0.020619647577404976,0.023516278713941574,-0.10268111992627382,-0.03149601258337498,0.021131481975317,-0.08035701420158148,0.018727528396993876,-0.00373403774574399,-0.09571464220061898,0.008850600337609649,-0.002406446263194084,-0.1368553712964058,-0.003084978088736534,-0.0037559233605861664,-0.16156251728534698,-0.0179207231849432,-0.0025009475648403168,-0.18624020367860794,0.00808583083562553,-0.02210017293691635,-0.09178071934729815,0.0024126674979925156,-0.0237128846347332,-0.12590391933918,-0.005447337403893471,-0.020902767777442932,-0.14964128285646439,-0.01553555391728878,-0.01807694137096405,-0.1739705204963684,-0.004482373595237732,-0.037504103034734726,-0.07548735477030277,-0.00621725432574749,-0.040713828057050705,-0.10084881819784641,-0.010659605264663696,-0.040616925805807114,-0.12517688050866127,-0.019420847296714783,-0.037328530102968216,-0.14203527569770813
0.0,0.0,0.0,0.0014861635863780975,0.029406022280454636,-0.025232501327991486,0.006007729098200798,0.05234595388174057,-0.05265607684850693,0.016603222582489252,0.06945952773094177,-0.0820290632545948,0.02622151910327375,0.07741045951843262,-0.10804062895476818,0.03209374658763409,0.02209344319999218,-0.09714367799460888,0.019086209125816822,0.024180840700864792,-0.12039857730269432,0.007958762347698212,0.0251665860414505,-0.12881455570459366,-0.01843630149960518,0.02367865853011608,-0.12425815127789974,0.032328241504728794,-0.0037292861379683018,-0.0970529280602932,0.024283079197630286,-0.000776318833231926,-0.13983005285263062,0.010216970928013325,-0.0015646889805793762,-0.1648988053202629,-0.006948770955204964,0.0020882822573184967,-0.18686512112617493,0.018826888874173164,-0.02168368734419346,-0.09405023464933038,0.012937554158270359,-0.023046569898724556,-0.12761647254228592,0.0015371199697256088,-0.020720742642879486,-0.1511555314064026,-0.01084926724433899,-0.01662680134177208,-0.17137836664915085,0.0044159237295389175,-0.03684945032000542,-0.07943672128021717,0.002415010705590248,-0.03984980285167694,-0.10339291393756866,-0.0029134172946214676,-0.040181294083595276,-0.12727629393339157,-0.011246509850025177,-0.037415143102407455,-0.14378679543733597
0.0,0.0,0.0,-0.00488811731338501,0.029535742476582527,-0.025744184851646423,-0.005662746727466583,0.05244392529129982,-0.05041545256972313,-0.0015788888558745384,0.06765557080507278,-0.07835682481527328,0.004803635645657778,0.07821468263864517,-0.10355524718761444,0.015696400310844183,0.024385565891861916,-0.0950246611610055,0.005972796119749546,0.029290970414876938,-0.12228156253695488,-0.003848433494567871,0.030438480898737907,-0.1422433778643608,-0.031362962909042835,0.02798731066286564,-0.15133842080831528,0.017020854633301497,0.0006717308424413204,-0.09726193035021424,0.0084278843132779,0.004004363901913166,-0.13522081449627876,-0.01001137588173151,0.002259058877825737,-0.15914183109998703,-0.028167233802378178,0.006562322378158569,-0.17890795320272446,0.006303547881543636,-0.017364047467708588,-0.09206384420394897,-0.0036506149917840958,-0.019268419593572617,-0.12563392519950867,-0.019089934416115284,-0.017326999455690384,-0.1450049951672554,-0.03501213435083628,-0.012388544157147408,-0.16300811618566513,-0.005913072265684605,-0.03436965495347977,-0.07876200787723064,-0.007960180751979351,-0.03656677156686783,-0.1014289716258645,-0.014936321415007114,-0.037113357335329056,-0.12235309556126595,-0.024576623924076557,-0.03224331885576248,-0.13956397026777267
0.0,0.0,0.0,-0.00695302477106452,0.031192516908049583,-0.026492133736610413,-0.00921169901266694,0.052854929119348526,-0.05038835480809212,-0.006612332072108984,0.06901896372437477,-0.07793560065329075,-0.0004393504932522774,0.08087054267525673,-0.10391250625252724,0.010176282376050949,0.02737364172935486,-0.09631080366671085,0.0006434039678424597,0.03481601923704147,-0.12526974827051163,-0.007069780025631189,0.038085050880908966,-0.14705506712198257,-0.033405032474547625,0.038088083267211914,-0.15860707312822342,0.011277345009148121,0.0038263918831944466,-0.09859274234622717,0.0013374211266636848,0.007375586777925491,-0.13683750480413437,-0.01756467530503869,0.0054514482617378235,-0.15996167063713074,-0.033971328753978014,0.009648971259593964,-0.17984198033809662,0.000842113746330142,-0.014029251411557198,-0.09274043841287494,-0.011061850469559431,-0.0163394957780838,-0.12623552978038788,-0.027249802369624376,-0.0151709895581007,-0.14408061653375626,-0.04413432674482465,-0.01097395271062851,-0.1615903526544571,-0.010330413933843374,-0.031465429812669754,-0.07891871687024832,-0.014170108828693628,-0.03363475203514099,-0.10130137670785189,-0.021939186844974756,-0.034167397767305374,-0.12231345660984516,-0.03085837187245488,-0.028744056820869446,-0.13774313777685165
0.0,0.0,0.0,-0.007167058531194925,0.031085863709449768,-0.026462242007255554,-0.009450170677155256,0.05269819125533104,-0.05053111910820007,-0.006759587209671736,0.06860369816422462,-0.07816016115248203,-0.0005682311020791531,0.0805424340069294,-0.10418746247887611,0.010519716888666153,0.027172038331627846,-0.09632444381713867,0.0011220071464776993,0.0345626063644886,-0.12542470917105675,-0.00647720554843545,0.03797426447272301,-0.14720839262008667,-0.032537485007196665,0.038119107484817505,-0.15867752581834793,0.01185825327411294,0.003475386183708906,-0.09863088559359312,0.002126989420503378,0.007071366533637047,-0.1371859684586525,-0.01667724596336484,0.005158392712473869,-0.16012918949127197,-0.033047372940927744,0.0093555748462677,-0.18024847656488419,0.0015445889439433813,-0.014341233298182487,-0.09274234157055616,-0.010489035863429308,-0.016648966819047928,-0.12643777951598167,-0.026622759643942118,-0.015457913279533386,-0.14444942772388458,-0.04334801668301225,-0.011434314772486687,-0.16204795986413956,-0.00968137988820672,-0.03176253288984299,-0.07902520056813955,-0.013498055282980204,-0.033983126282691956,-0.10152949020266533,-0.021474624518305063,-0.034411877393722534,-0.12237982451915741,-0.03058134624734521,-0.02905219793319702,-0.13775622099637985
0.0,0.0,0.0,-0.006964391563087702,0.030457211658358574,-0.02682512253522873,-0.008339849766343832,0.052869513630867004,-0.05055534839630127,-0.003594213631004095,0.06929546594619751,-0.07756884768605232,0.002665969543159008,0.08138898015022278,-0.10366852208971977,0.01131098484620452,0.02725713700056076,-0.09519810043275356,0.002335927914828062,0.0357530415058136,-0.12356120720505714,-0.005892804358154535,0.04095377027988434,-0.1452419012784958,-0.03070923825725913,0.043054670095443726,-0.15758734196424484,0.012481068260967731,0.004081357968971133,-0.09760919213294983,0.0018987057264894247,0.009016944095492363,-0.134748674929142,-0.01703400118276477,0.007069919258356094,-0.15675126016139984,-0.033320324029773474,0.011866772547364235,-0.17797649651765823,0.0020170598290860653,-0.01224023662507534,-0.09140509041026235,-0.011253155302256346,-0.014207374304533005,-0.12347320467233658,-0.02632829314097762,-0.013438602909445763,-0.14238779991865158,-0.04181514075025916,-0.009748006239533424,-0.15984944999217987,-0.009417728055268526,-0.02813461422920227,-0.07780041825026274,-0.012898854445666075,-0.03099871054291725,-0.10002454929053783,-0.021352797280997038,-0.03214132785797119,-0.1199314221739769,-0.030315557029098272,-0.02665131166577339,-0.13463598489761353
0.0,0.0,0.0,-0.008388463873416185,0.030473820865154266,-0.026538856327533722,-0.01050977362319827,0.05268355831503868,-0.05004439130425453,-0.007890424225479364,0.068253293633461,-0.07715552300214767,-0.002203281968832016,0.08031972497701645,-0.10294865816831589,0.008305253461003304,0.027196649461984634,-0.0946559514850378,-0.0011038754601031542,0.03585950285196304,-0.12311669439077377,-0.009321678895503283,0.0407106876373291,-0.1452290043234825,-0.03537363139912486,0.04290483146905899,-0.1567990854382515,0.009858501609414816,0.003780606435611844,-0.09724608855322003,-0.0012273481115698814,0.008081302046775818,-0.13453637808561325,-0.02089791325852275,0.006432756781578064,-0.15655266493558884,-0.03771400032564998,0.010523825883865356,-0.17734482884407043,-0.0005738276522606611,-0.012808660045266151,-0.09079007245600224,-0.01430897368118167,-0.015372948721051216,-0.12361323088407516,-0.02922525955364108,-0.01406114548444748,-0.141414824873209,-0.04588075680658221,-0.011290552094578743,-0.15908055752515793,-0.011789634358137846,-0.02925730124115944,-0.0772732337936759,-0.015801732894033194,-0.03223508968949318,-0.09975600335747004,-0.024616078939288855,-0.033255189657211304,-0.1198300663381815,-0.03357796324416995,-0.02773689292371273,-0.1343224123120308
0.0,0.0,0.0,-0.007473480422049761,0.030995003879070282,-0.026965126395225525,-0.008362761233001947,0.05289869010448456,-0.05069310963153839,-0.004061452578753233,0.0687432624399662,-0.07791593298316002,0.0034702992998063564,0.08121452108025551,-0.10383012518286705,0.011595153715461493,0.027257822453975677,-0.09567434061318636,0.0026684815529733896,0.03600236400961876,-0.12441882863640785,-0.004921262618154287,0.040973834693431854,-0.14609333500266075,-0.031028210651129484,0.04298780858516693,-0.15829476714134216,0.013282422441989183,0.003513169940561056,-0.09766272362321615,0.002647684421390295,0.008344067260622978,-0.13566549494862556,-0.016657575499266386,0.0064593832939863205,-0.15820874273777008,-0.033485721331089735,0.010835714638233185,-0.17919091880321503,0.002424823585897684,-0.013214558362960815,-0.0915146111510694,-0.01127310423180461,-0.015419842675328255,-0.12429487705230713,-0.02692191256210208,-0.014262579381465912,-0.14253898710012436,-0.04328111885115504,-0.01116371713578701,-0.15982742607593536,-0.009351432789117098,-0.029543373733758926,-0.07783315796405077,-0.013154094573110342,-0.032350651919841766,-0.10038369987159967,-0.02157528279349208,-0.03309442847967148,-0.1204359345138073,-0.030144236516207457,-0.027831178158521652,-0.13490552455186844
0.0,0.0,0.0,-0.006672977935522795,0.031789280474185944,-0.02785290777683258,-0.006771431770175695,0.05341896042227745,-0.05129316449165344,-0.0024391631595790386,0.06944205984473228,-0.07834744453430176,0.0066663186880759895,0.08184709027409554,-0.10370968468487263,0.012889634352177382,0.02735205553472042,-0.09686263464391232,0.005137658445164561,0.037121426314115524,-0.12611984834074974,-0.001667762640863657,0.041951265186071396,-0.14732488244771957,-0.02770977420732379,0.0438322015106678,-0.1600063517689705,0.014645468443632126,0.003714184742420912,-0.09825796354562044,0.004849096527323127,0.008679883554577827,-0.13699067011475563,-0.01363860396668315,0.0065212734043598175,-0.16056153923273087,-0.030322499107569456,0.011012986302375793,-0.18030773103237152,0.004022622015327215,-0.013718828558921814,-0.09259471297264099,-0.008787828963249922,-0.01562882401049137,-0.12612424045801163,-0.02479599742218852,-0.014882402494549751,-0.1443602219223976,-0.04063522396609187,-0.011081498116254807,-0.1609763577580452,-0.007419793400913477,-0.030824679881334305,-0.07875450327992439,-0.011337579693645239,-0.03298085555434227,-0.10154284816235304,-0.019485516007989645,-0.033799149096012115,-0.1226777732372284,-0.02713238773867488,-0.028364431113004684,-0.1374315470457077
0.0,0.0,0.0,-0.006116814911365509,0.031555578112602234,-0.027638129889965057,-0.005622623488306999,0.05303635448217392,-0.051615502685308456,0.00033291149884462357,0.06846155598759651,-0.07920092344284058,0.01015656313393265,0.08074682578444481,-0.10500715300440788,0.01619192259386182,0.026765204966068268,-0.09699428640305996,0.008564277552068233,0.035768091678619385,-0.12660138309001923,0.0015454431995749474,0.040726467967033386,-0.14794842898845673,-0.023987237364053726,0.04299413412809372,-0.16069568693637848,0.01814418565481901,0.002386764157563448,-0.09862136468291283,0.008701485814526677,0.007838324643671513,-0.1380183883011341,-0.009863356128334999,0.00584985688328743,-0.16154727339744568,-0.026560042053461075,0.010622609406709671,-0.18154549598693848,0.006906829075887799,-0.014994103461503983,-0.09275079052895308,-0.006191018968820572,-0.016718948259949684,-0.12662464380264282,-0.022498030215501785,-0.01555616594851017,-0.1450400911271572,-0.03884689137339592,-0.011675942689180374,-0.16189780831336975,-0.005061621777713299,-0.031349312514066696,-0.07919088937342167,-0.008849367499351501,-0.03356397897005081,-0.10239050071686506,-0.016664858907461166,-0.034325990825891495,-0.12312714196741581,-0.024772044271230698,-0.028862562030553818,-0.13808027282357216
0.0,0.0,0.0,-0.005371815524995327,0.03259672783315182,-0.028987959027290344,-0.0052632736042141914,0.053661640733480453,-0.05218994989991188,-0.00026970356702804565,0.06959355250000954,-0.07962397485971451,0.009405379882082343,0.08067883923649788,-0.10559435002505779,0.018153229262679815,0.027473067864775658,-0.09893629606813192,0.01159458392066881,0.03648388385772705,-0.12958744168281555,0.004599977750331163,0.04142884910106659,-0.14971261844038963,-0.021930706687271595,0.04382450133562088,-0.16334086656570435,0.019837658386677504,0.002458765637129545,-0.09950121585279703,0.011204068374354392,0.008305087685585022,-0.14021417871117592,-0.006653723306953907,0.0059261564165353775,-0.16406311094760895,-0.024861657060682774,0.010173557326197624,-0.1837800294160843,0.008393712108954787,-0.015061067417263985,-0.09410709841176867,-0.0038526030257344246,-0.016770826652646065,-0.12834913283586502,-0.021312733180820942,-0.015901362523436546,-0.14807072281837463,-0.03814024943858385,-0.010991901159286499,-0.16520420461893082,-0.0041732871904969215,-0.03146446496248245,-0.08020172826945782,-0.007714048959314823,-0.033631060272455215,-0.10375332925468683,-0.015062646009027958,-0.034372009336948395,-0.12561457976698875,-0.024419658817350864,-0.02928433194756508,-0.14103883132338524
0.0,0.0,0.0,-0.007363855838775635,0.03141353093087673,-0.027344807982444763,-0.007986286655068398,0.053112030029296875,-0.05077759921550751,-0.003379867412149906,0.0685327872633934,-0.07815605960786343,0.004784644115716219,0.08096828311681747,-0.10421566851437092,0.014080175198614597,0.027064012363553047,-0.09608311951160431,0.005746270762756467,0.036087196320295334,-0.12533552199602127,-0.0018128231167793274,0.04105949029326439,-0.14745603501796722,-0.02811588905751705,0.043048471212387085,-0.15961916744709015,0.01584845455363393,0.0028936846647411585,-0.0981654985807836,0.005842364858835936,0.007388659752905369,-0.1369670294225216,-0.014126673340797424,0.005682658404111862,-0.15987557172775269,-0.03148233704268932,0.009945705533027649,-0.18039853870868683,0.004768674029037356,-0.01414642482995987,-0.09207261726260185,-0.008736198768019676,-0.016421867534518242,-0.12617715075612068,-0.024744397029280663,-0.014890763908624649,-0.14373236894607544,-0.04281032271683216,-0.011854972690343857,-0.1611655354499817,-0.007325047627091408,-0.03102077543735504,-0.0785621665418148,-0.011102210730314255,-0.03355705365538597,-0.101867844350636,-0.019939571619033813,-0.03437584638595581,-0.12238739058375359,-0.028614884242415428,-0.029061056673526764,-0.13716784864664078
0.0,0.0,0.0,-0.00711516197770834,0.03237011097371578,-0.027770809829235077,-0.0077337222173810005,0.053697533905506134,-0.05120372772216797,-0.004079208709299564,0.06907116994261742,-0.07838128507137299,0.004341652616858482,0.08097050711512566,-0.10427783988416195,0.014105179812759161,0.027425240725278854,-0.09791540633887053,0.006174559239298105,0.03649180755019188,-0.12754283472895622,-0.0009254487231373787,0.04095432907342911,-0.14952437207102776,-0.02716661151498556,0.04277227818965912,-0.1621141880750656,0.0157606634311378,0.002948473091237247,-0.09957156237214804,0.006407515145838261,0.007348388433456421,-0.13926294818520546,-0.012770413421094418,0.005625385791063309,-0.16284195333719254,-0.03030987735837698,0.009676214307546616,-0.1828995794057846,0.004980044672265649,-0.015153402462601662,-0.09380287444218993,-0.008240574039518833,-0.017279889434576035,-0.1281524859368801,-0.024846612475812435,-0.01585566997528076,-0.146029494702816,-0.04328276123851538,-0.011770464479923248,-0.1635020449757576,-0.007030514068901539,-0.03255148604512215,-0.07996028382331133,-0.011097180657088757,-0.03454986587166786,-0.10333857778459787,-0.01952566858381033,-0.03519894927740097,-0.12433718517422676,-0.028572565875947475,-0.030141424387693405,-0.13956237584352493
0.0,0.0,0.0,-0.006026886403560638,0.03206111676990986,-0.0277615487575531,-0.00566965714097023,0.05326581746339798,-0.05134652554988861,-0.0016472423449158669,0.06831423565745354,-0.07824988663196564,0.007022275123745203,0.07948162034153938,-0.10345778055489063,0.01670208154246211,0.02637259103357792,-0.09806542005389929,0.009764084126800299,0.03550265356898308,-0.12780249118804932,0.003192456904798746,0.04077213630080223,-0.149512629956007,-0.022672582417726517,0.04267863929271698,-0.1625223085284233,0.018550061620771885,0.001805663574486971,-0.09924709843471646,0.010049337113741785,0.006962214596569538,-0.13958687335252762,-0.007986830547451973,0.005407858639955521,-0.1632542461156845,-0.025620795786380768,0.00958969071507454,-0.18368492275476456,0.007152541074901819,-0.015787240117788315,-0.09371949639171362,-0.005663987249135971,-0.01761581376194954,-0.12827983871102333,-0.021608155220746994,-0.016016287729144096,-0.1465195044875145,-0.039165571331977844,-0.011983983218669891,-0.16425812244415283,-0.005204286426305771,-0.03276494890451431,-0.08002675510942936,-0.00929863192141056,-0.034741465002298355,-0.1033798810094595,-0.01724572479724884,-0.03561122342944145,-0.12500301748514175,-0.026067793369293213,-0.03053572028875351,-0.14039870351552963
0.0,0.0,0.0,-0.0069972919300198555,0.03231240250170231,-0.027508050203323364,-0.006609487347304821,0.05354563891887665,-0.05142660811543465,-0.002397621050477028,0.06853368878364563,-0.0785590223968029,0.006696164608001709,0.08043825626373291,-0.10446707345545292,0.016835208050906658,0.026827145367860794,-0.0979857798665762,0.00952441815752536,0.035972386598587036,-0.12757744640111923,0.0025237509980797768,0.04092133417725563,-0.14951477199792862,-0.024323184974491596,0.04305003210902214,-0.16203323006629944,0.0192311629652977,0.0019611830357462168,-0.09937606332823634,0.010687906120438129,0.006965700536966324,-0.13964026793837547,-0.008393659256398678,0.005447356030344963,-0.1630948707461357,-0.02690566424280405,0.00976821780204773,-0.1836215704679489,0.007993618259206414,-0.015765298157930374,-0.09361125389114022,-0.00534392986446619,-0.017713449895381927,-0.1283264420926571,-0.021675766445696354,-0.015987150371074677,-0.14608695358037949,-0.040333193726837635,-0.012063495814800262,-0.1639745607972145,-0.004716581664979458,-0.033034615218639374,-0.08016959298402071,-0.008703700266778469,-0.03494202345609665,-0.10362556297332048,-0.01699401531368494,-0.03558899089694023,-0.12510697543621063,-0.02611603308469057,-0.030372440814971924,-0.14011000096797943
0.0,0.0,0.0,-0.007722485810518265,0.032133061438798904,-0.02702118456363678,-0.008083732798695564,0.05372179299592972,-0.050777122378349304,-0.004825078882277012,0.06925668939948082,-0.07788266241550446,0.003679135348647833,0.0811883844435215,-0.10356170870363712,0.013345187995582819,0.027483263984322548,-0.09767112042754889,0.005689583253115416,0.03666343912482262,-0.12728799134492874,-0.0013792673125863075,0.04150663688778877,-0.1489395536482334,-0.02824356034398079,0.04352203756570816,-0.16151609271764755,0.015661872923374176,0.003141160705126822,-0.09925626032054424,0.006484041572548449,0.007861318998038769,-0.13885601609945297,-0.012378707528114319,0.006212949752807617,-0.16217517852783203,-0.030321482568979263,0.010568086057901382,-0.1822565793991089,0.004940997110679746,-0.014833569526672363,-0.09333094395697117,-0.00823451392352581,-0.016589751467108727,-0.1277025118470192,-0.02453567460179329,-0.014949839562177658,-0.14544469863176346,-0.042371634393930435,-0.010952498763799667,-0.16310672461986542,-0.00710083544254303,-0.03195866197347641,-0.07964388374239206,-0.011285748332738876,-0.034079961478710175,-0.10284553188830614,-0.019070755690336227,-0.034724678844213486,-0.12411457672715187,-0.02800767496228218,-0.029276177287101746,-0.1393142305314541
0.0,0.0,0.0,-0.007533233612775803,0.03219485841691494,-0.027320772409439087,-0.007820209488272667,0.0538945309817791,-0.050871413201093674,-0.0044717686250805855,0.06949557363986969,-0.07780779711902142,0.0041010514833033085,0.08135703951120377,-0.10350887477397919,0.013638533186167479,0.027456987649202347,-0.09780529141426086,0.005957353161647916,0.03666793182492256,-0.12730997800827026,-0.0013490505516529083,0.04148830845952034,-0.1488269902765751,-0.0280145350843668,0.043541669845581055,-0.1612689197063446,0.015806693118065596,0.0031795059330761433,-0.09934028703719378,0.006741876946762204,0.008064525201916695,-0.13898932561278343,-0.0119062140583992,0.006535163149237633,-0.16248471289873123,-0.030053986236453056,0.010950688272714615,-0.18237792700529099,0.005052934167906642,-0.014734048396348953,-0.09351864270865917,-0.008164498955011368,-0.016570376232266426,-0.12763966619968414,-0.024467693641781807,-0.014775371178984642,-0.1455341838300228,-0.042324451729655266,-0.010614059865474701,-0.16306515783071518,-0.007049537263810635,-0.03183045983314514,-0.07970816548913717,-0.01136392168700695,-0.03380471467971802,-0.1028086794540286,-0.019168972969055176,-0.034544169902801514,-0.12426421605050564,-0.028276046738028526,-0.029069162905216217,-0.139509879052639
0.0,0.0,0.0,-0.006513563450425863,0.031546348705887794,-0.02790500968694687,-0.008141140919178724,0.0528777576982975,-0.051079217344522476,-0.005797481629997492,0.06787973642349243,-0.07758649997413158,0.000838201493024826,0.07901719957590103,-0.10307242348790169,0.014013681095093489,0.02641471102833748,-0.0975843695923686,0.005688806995749474,0.035011693835258484,-0.12717213854193687,-0.0013682390563189983,0.039629820734262466,-0.1484987698495388,-0.027790486346930265,0.04134240746498108,-0.1607833355665207,0.015332893468439579,0.0022604475961998105,-0.09884990006685257,0.005912028485909104,0.007021789439022541,-0.13806915283203125,-0.012256910558789968,0.005506280809640884,-0.16177330166101456,-0.030515107791870832,0.00956215150654316,-0.1817541942000389,0.004063996719196439,-0.015049895271658897,-0.09334916761144996,-0.008074556943029165,-0.017455246299505234,-0.12686807289719582,-0.02388734696432948,-0.01565767452120781,-0.14562834054231644,-0.04132952122017741,-0.011156870052218437,-0.1633857935667038,-0.008132161106914282,-0.03179878741502762,-0.07933059148490429,-0.0118104531429708,-0.03426127880811691,-0.10248756036162376,-0.01907821139320731,-0.03516755625605583,-0.12380919978022575,-0.028541150968521833,-0.03047148883342743,-0.13935327902436256
0.0,0.0,0.0,-0.006483437493443489,0.03173741512000561,-0.028005950152873993,-0.007840651087462902,0.053177718073129654,-0.05106496065855026,-0.005160192959010601,0.06826735660433769,-0.0774623416364193,0.0018221624195575714,0.07926488295197487,-0.10310875065624714,0.014952022582292557,0.026326583698391914,-0.09796864725649357,0.007197528029792011,0.03499356284737587,-0.12766137719154358,0.00024672597646713257,0.03981303051114082,-0.1491345502436161,-0.026191786862909794,0.04163707420229912,-0.16133203357458115,0.016467192210257053,0.0018962551839649677,-0.09908375795930624,0.007729684468358755,0.006906383670866489,-0.1387488879263401,-0.010251696221530437,0.00539303757250309,-0.16255220025777817,-0.02878450322896242,0.009387101978063583,-0.18246401101350784,0.005135563900694251,-0.015303151682019234,-0.09372698701918125,-0.00678457785397768,-0.01771535724401474,-0.127463910728693,-0.022331739775836468,-0.01580374501645565,-0.14613938331604004,-0.0401172274723649,-0.011452632024884224,-0.16371126472949982,-0.007134736515581608,-0.03225570172071457,-0.07964112423360348,-0.010599973611533642,-0.0346006415784359,-0.1029850635677576,-0.017649090848863125,-0.03549050912261009,-0.12465282902121544,-0.02690830547362566,-0.030814427882432938,-0.14013947546482086
0.0,0.0,0.0,-0.005841850768774748,0.031677624210715294,-0.027979470789432526,-0.007291167508810759,0.05313669890165329,-0.05130499228835106,-0.004619196522980928,0.06856636703014374,-0.07818349823355675,0.0027715153992176056,0.07957568019628525,-0.1039756815880537,0.013961880002170801,0.027231773361563683,-0.09810172766447067,0.005641878349706531,0.03561096638441086,-0.12790776044130325,-0.00102693447843194,0.04008457809686661,-0.14817120134830475,-0.027658106293529272,0.04201409965753555,-0.16115447878837585,0.015130028128623962,0.002788875950500369,-0.09931312315165997,0.00553846824914217,0.007742432877421379,-0.13849714398384094,-0.01232530502602458,0.005923772230744362,-0.16215584427118301,-0.030148824211210012,0.009955843910574913,-0.18178392201662064,0.003757199738174677,-0.01442410796880722,-0.09403694607317448,-0.00853894418105483,-0.01627473160624504,-0.12691755965352058,-0.02522065257653594,-0.01497364230453968,-0.14629825204610825,-0.04127669474110007,-0.01020318828523159,-0.16374652087688446,-0.008214445319026709,-0.03082248941063881,-0.07988265715539455,-0.012279903050512075,-0.03349173069000244,-0.10251113306730986,-0.019652738701552153,-0.03412233293056488,-0.12368922121822834,-0.029066578950732946,-0.029699791222810745,-0.1392224058508873
0.0,0.0,0.0,-0.0062487502582371235,0.03199950233101845,-0.027702532708644867,-0.008123563136905432,0.053225502371788025,-0.05100378766655922,-0.005826854612678289,0.06909920275211334,-0.07790175825357437,0.0012726066634058952,0.0804331973195076,-0.1035733800381422,0.012049378361552954,0.027678437530994415,-0.09789787791669369,0.0036986267659813166,0.03640257939696312,-0.12769409641623497,-0.0026225545443594456,0.041105616837739944,-0.1481345109641552,-0.028944151010364294,0.043041788041591644,-0.16149476170539856,0.013195395935326815,0.0034050792455673218,-0.09935256186872721,0.0032795683946460485,0.00819479115307331,-0.1382482461631298,-0.014485686551779509,0.006258394569158554,-0.161894328892231,-0.03137404611334205,0.01032167300581932,-0.18190880864858627,0.0021068062633275986,-0.014070363715291023,-0.09399074222892523,-0.010045997332781553,-0.015976853668689728,-0.12716961279511452,-0.026334573980420828,-0.014892028644680977,-0.1463969424366951,-0.04204250266775489,-0.010390115901827812,-0.16402795910835266,-0.009422598872333765,-0.030836384743452072,-0.07985213212668896,-0.01357446750625968,-0.03329809010028839,-0.10236355196684599,-0.02062264597043395,-0.03377927839756012,-0.1235875766724348,-0.029498235788196325,-0.029124248772859573,-0.13926655054092407
0.0,0.0,0.0,-0.005440752021968365,0.03151607699692249,-0.02798818051815033,-0.006830691359937191,0.05312741547822952,-0.051440343260765076,-0.0038080187514424324,0.06856177374720573,-0.07821969874203205,0.003871516790241003,0.07961347326636314,-0.10378429852426052,0.014271513558924198,0.027031606063246727,-0.09781086351722479,0.006108247558586299,0.03546338528394699,-0.12755148485302925,-0.0004817536100745201,0.04001770541071892,-0.1478356420993805,-0.027198362164199352,0.041922036558389664,-0.16078973561525345,0.015330266673117876,0.0027289155405014753,-0.09914871072396636,0.00539662130177021,0.007568557746708393,-0.13797792792320251,-0.012473861686885357,0.005765752866864204,-0.1615127995610237,-0.03021493088454008,0.00984867475926876,-0.18119604140520096,0.00388178788125515,-0.014541732147336006,-0.0938286418095231,-0.00831212941557169,-0.016332127153873444,-0.12665506452322006,-0.02486551459878683,-0.01509959064424038,-0.14620069041848183,-0.040746561251580715,-0.010229425504803658,-0.16367926448583603,-0.008185007609426975,-0.03085317835211754,-0.07978313229978085,-0.012200442142784595,-0.033542267978191376,-0.10219501331448555,-0.019408815540373325,-0.03417498990893364,-0.12322040647268295,-0.028870086185634136,-0.029670193791389465,-0.13910643756389618
0.0,0.0,0.0,-0.0060435207560658455,0.03192410431802273,-0.028221450746059418,-0.007618194445967674,0.05300634726881981,-0.05145712569355965,-0.00552911963313818,0.06857668980956078,-0.07854092214256525,0.001560722477734089,0.07947270199656487,-0.10423805750906467,0.01390138640999794,0.02715034782886505,-0.09838310815393925,0.006012531695887446,0.035676825791597366,-0.12843500077724457,-0.00035429932177066803,0.04035625979304314,-0.14858857914805412,-0.026709568686783314,0.042601365596055984,-0.162103109061718,0.015285630244761705,0.002580250962637365,-0.09935816237702966,0.006023483816534281,0.007699743844568729,-0.13894611224532127,-0.011375333182513714,0.005706289783120155,-0.16260593384504318,-0.02936160657554865,0.009665848687291145,-0.18275080621242523,0.003923365380614996,-0.01485317014157772,-0.09396018413826823,-0.008054112084209919,-0.01670059561729431,-0.12746238708496094,-0.02433194313198328,-0.0154801644384861,-0.1469951793551445,-0.04065035004168749,-0.01082327589392662,-0.16478298604488373,-0.008116762153804302,-0.031393568962812424,-0.07984470948576927,-0.011951279826462269,-0.03383686766028404,-0.10286214016377926,-0.019055639393627644,-0.034564558416604996,-0.1244137529283762,-0.028290667571127415,-0.030199691653251648,-0.14000458270311356
0.0,0.0,0.0,-0.006329039111733437,0.03216800093650818,-0.028352007269859314,-0.007316213101148605,0.05298607051372528,-0.05162786319851875,-0.004392975941300392,0.06845374405384064,-0.07869889587163925,0.003717359621077776,0.07958264648914337,-0.10401718318462372,0.015249143354594707,0.026691177859902382,-0.09821207355707884,0.007850357331335545,0.03544488921761513,-0.1283269338309765,0.0014003943651914597,0.04009710252285004,-0.14933915808796883,-0.02466873824596405,0.042099691927433014,-0.16235564649105072,0.017026724759489298,0.0019125710241496563,-0.09937490615993738,0.008034874452278018,0.00699035357683897,-0.13939275965094566,-0.009608238935470581,0.005018407478928566,-0.16312016546726227,-0.027330812066793442,0.009061228483915329,-0.18329748511314392,0.005785332061350346,-0.015468303114175797,-0.0939804925583303,-0.006156896241009235,-0.01766756922006607,-0.12805045396089554,-0.022152382880449295,-0.016225922852754593,-0.14688993990421295,-0.03946642950177193,-0.01163298636674881,-0.16465391218662262,-0.006408989429473877,-0.032532960176467896,-0.08005175273865461,-0.010006982833147049,-0.03475938364863396,-0.10350239183753729,-0.017076939344406128,-0.03538937866687775,-0.12510403990745544,-0.026145681738853455,-0.03078038990497589,-0.14066967368125916
0.0,0.0,0.0,-0.007829344365745783,0.03178005293011665,-0.026787392795085907,-0.009119076188653708,0.053843170404434204,-0.05050235241651535,-0.005722124595195055,0.07044413685798645,-0.0782508384436369,0.0026048957370221615,0.08287607133388519,-0.10413026995956898,0.010926453396677971,0.028048405423760414,-0.0969068231061101,0.0023238719440996647,0.037062808871269226,-0.1263548992574215,-0.005904052872210741,0.041511304676532745,-0.14781324192881584,-0.03293151827529073,0.04366926848888397,-0.15981633216142654,0.012753600254654884,0.0043358043767511845,-0.09955821931362152,0.002151590073481202,0.008348441682755947,-0.1376195326447487,-0.01663817884400487,0.0063246674835681915,-0.16059332340955734,-0.03356510819867253,0.01087510958313942,-0.18089868128299713,0.0025353217497467995,-0.013350985944271088,-0.09326512413099408,-0.010810349602252245,-0.015303239226341248,-0.12634386867284775,-0.02722206013277173,-0.01397964358329773,-0.14436235278844833,-0.044814538676291704,-0.009696727618575096,-0.16190217435359955,-0.009154453407973051,-0.03045523166656494,-0.07934745959937572,-0.013443066272884607,-0.03297647833824158,-0.10177755448967218,-0.021048246417194605,-0.03348192200064659,-0.12203905545175076,-0.03000669227913022,-0.028028063476085663,-0.13775750994682312
0.0,0.0,0.0,-0.007368098478764296,0.03076349012553692,-0.02692130208015442,-0.008993435185402632,0.05295771360397339,-0.050885651260614395,-0.0051521300338208675,0.06978234648704529,-0.07880359888076782,0.0021654104348272085,0.08177583664655685,-0.10534468665719032,0.01147867739200592,0.02753116935491562,-0.09697708860039711,0.002524172654375434,0.03621396794915199,-0.12667591497302055,-0.0054183355532586575,0.04132988303899765,-0.14715828746557236,-0.032201632391661406,0.04372161254286766,-0.15989478677511215,0.013333870563656092,0.003905740799382329,-0.0991301154717803,0.002244295086711645,0.008851234801113605,-0.13755814358592033,-0.016037690918892622,0.006108487024903297,-0.16009917855262756,-0.03349440870806575,0.010947197675704956,-0.18050510436296463,0.002706918865442276,-0.013174513354897499,-0.0931064928881824,-0.010699986945837736,-0.014481652528047562,-0.12539035081863403,-0.027648515533655882,-0.013964585959911346,-0.14482204243540764,-0.04360146401450038,-0.00946526788175106,-0.16200339794158936,-0.008917082566767931,-0.029220551252365112,-0.07907494157552719,-0.013203933369368315,-0.03191607445478439,-0.10182814300060272,-0.02070637559518218,-0.03248084336519241,-0.1217121034860611,-0.02950389264151454,-0.02747308649122715,-0.13707930594682693
0.0,0.0,0.0,-0.006359056569635868,0.03035208396613598,-0.026616133749485016,-0.007034429349005222,0.05310976877808571,-0.05108005180954933,-0.0006920294836163521,0.07043834403157234,-0.0788898877799511,0.007201126078143716,0.08241928741335869,-0.10616409219801426,0.015222575049847364,0.027584120631217957,-0.09605725016444921,0.006818427005782723,0.03622987121343613,-0.12509477883577347,-0.0011602574959397316,0.041901711374521255,-0.14609240740537643,-0.02657869178801775,0.04438704997301102,-0.15888409316539764,0.016948410775512457,0.004175221081823111,-0.09845351101830602,0.006564134731888771,0.008996888995170593,-0.13642826303839684,-0.01147697027772665,0.006691398099064827,-0.15854275971651077,-0.028477550484240055,0.011212553828954697,-0.17968890815973282,0.006423079641535878,-0.012625295668840408,-0.09254670049995184,-0.006774603389203548,-0.013842318207025528,-0.12459417432546616,-0.02242507878690958,-0.013125726953148842,-0.1441904976963997,-0.038022675551474094,-0.008915023878216743,-0.16166722029447556,-0.0055743008852005005,-0.028593868017196655,-0.07902112137526274,-0.009510583244264126,-0.03111724928021431,-0.10146552044898272,-0.017165216617286205,-0.03150617703795433,-0.1210351474583149,-0.025713962502777576,-0.026718877255916595,-0.13625908643007278
0.0,0.0,0.0,-0.006585434079170227,0.03072303533554077,-0.026789620518684387,-0.006734056398272514,0.05366926267743111,-0.051397230476140976,-6.343517452478409e-05,0.07035427913069725,-0.07945208624005318,0.007986496202647686,0.08245675638318062,-0.10677372291684151,0.017652593553066254,0.027798857539892197,-0.09637958742678165,0.00969563820399344,0.036361295729875565,-0.12551135942339897,0.0017025424167513847,0.04217337816953659,-0.14705364406108856,-0.02345561422407627,0.044837310910224915,-0.1596437394618988,0.019666372798383236,0.004115479765459895,-0.0990546178072691,0.01012603659182787,0.008739681914448738,-0.1373559534549713,-0.008334552869200706,0.006585925817489624,-0.15954166650772095,-0.024953266605734825,0.011643186211585999,-0.18070603907108307,0.009109617443755269,-0.01277109608054161,-0.09299532463774085,-0.0037794820964336395,-0.014328666031360626,-0.12581927329301834,-0.01909737102687359,-0.013338601216673851,-0.14490929245948792,-0.03520323522388935,-0.00911739096045494,-0.16259507834911346,-0.0032610036432743073,-0.028881296515464783,-0.07972812838852406,-0.006454829126596451,-0.03178313747048378,-0.10244497936218977,-0.01398853026330471,-0.03221290186047554,-0.12212305702269077,-0.022760862484574318,-0.027232013642787933,-0.13766198605298996
0.0,0.0,0.0,-0.006362170912325382,0.030604351311922073,-0.026841655373573303,-0.0067170122638344765,0.05371735990047455,-0.05145733430981636,-0.00017516035586595535,0.07051365077495575,-0.07945933192968369,0.007388415513560176,0.08238139003515244,-0.10683915764093399,0.017087238375097513,0.028047634288668633,-0.09638106636703014,0.008983325446024537,0.0364656001329422,-0.12542806193232536,0.0010548774152994156,0.04235982522368431,-0.1466168388724327,-0.024049670435488224,0.045160144567489624,-0.15935513377189636,0.018807330634444952,0.004454754991456866,-0.09901406988501549,0.008941691601648927,0.009009375236928463,-0.13704676926136017,-0.009392705745995045,0.006704885512590408,-0.15916289389133453,-0.025855247862637043,0.011720728129148483,-0.18021239340305328,0.008293105522170663,-0.012387793511152267,-0.09293047292158008,-0.004518265835940838,-0.0139663927257061,-0.12554169446229935,-0.01992002595216036,-0.01327500119805336,-0.14489812403917313,-0.03570013213902712,-0.0088652353733778,-0.1625465229153633,-0.003935686312615871,-0.028342150151729584,-0.07967261224985123,-0.007122532464563847,-0.03143066167831421,-0.10222835186868906,-0.014450657181441784,-0.0318545326590538,-0.12174716405570507,-0.023383942432701588,-0.026924550533294678,-0.13735143095254898
0.0,0.0,0.0,-0.008033149410039186,0.030849410220980644,-0.026208072900772095,-0.008822429459542036,0.05336085334420204,-0.05093105882406235,-0.003998968284577131,0.06977052241563797,-0.0785065833479166,0.0032412970904260874,0.08212468773126602,-0.10539478063583374,0.012581154238432646,0.0277550108730793,-0.09591321740299463,0.004009168827906251,0.03635518252849579,-0.12474768608808517,-0.00397341838106513,0.04153665155172348,-0.14678636193275452,-0.029568928759545088,0.04410812258720398,-0.1583903506398201,0.014510661829262972,0.00405108742415905,-0.09864068636670709,0.004327970091253519,0.00816112756729126,-0.13654255121946335,-0.014546868856996298,0.006181906908750534,-0.15852490812540054,-0.03097087098285556,0.01085197925567627,-0.1793658211827278,0.004210240440443158,-0.013005465269088745,-0.09215713012963533,-0.009422899689525366,-0.014794938266277313,-0.12494044378399849,-0.02460945723578334,-0.013214219361543655,-0.1429547220468521,-0.041577700059860945,-0.009629197418689728,-0.16055979579687119,-0.007696196902543306,-0.029330644756555557,-0.0788054708391428,-0.011490322183817625,-0.03226405382156372,-0.1015186170116067,-0.01910098409280181,-0.032594140619039536,-0.12099970318377018,-0.02803149400278926,-0.027692101895809174,-0.13610269874334335
0.0,0.0,0.0,-0.007932936772704124,0.030596548691391945,-0.02630462497472763,-0.00824081152677536,0.053185660392045975,-0.05120277404785156,-0.0024249786511063576,0.06939858570694923,-0.07892573997378349,0.0056349788792431355,0.08149142190814018,-0.10585958510637283,0.01467129122465849,0.02724764496088028,-0.09622522443532944,0.006644214503467083,0.035843078047037125,-0.1252502053976059,-0.0012318063527345657,0.04142747446894646,-0.14729491248726845,-0.02673235908150673,0.04441693797707558,-0.15941950678825378,0.016917261760681868,0.0031747359316796064,-0.09886548994109035,0.0071909488178789616,0.007560359314084053,-0.13728104531764984,-0.011640086770057678,0.005974413827061653,-0.15931035578250885,-0.028562624007463455,0.010617092251777649,-0.1804337054491043,0.006746615283191204,-0.013730611652135849,-0.09248535195365548,-0.007215037941932678,-0.015281528234481812,-0.12564317509531975,-0.022426865994930267,-0.013699127361178398,-0.14397432655096054,-0.03955386206507683,-0.010094067081809044,-0.1616542786359787,-0.0051940809935331345,-0.029989592730998993,-0.07918850611895323,-0.008975086733698845,-0.03298728168010712,-0.10231653694063425,-0.01681005209684372,-0.03320121020078659,-0.12197580188512802,-0.025775738060474396,-0.02805836871266365,-0.13727137818932533
0.0,0.0,0.0,-0.007734455168247223,0.03029458411037922,-0.02686794102191925,-0.007978597655892372,0.05271204560995102,-0.051520880311727524,-0.002528782933950424,0.06880317628383636,-0.07944250479340553,0.005716763902455568,0.08039931207895279,-0.10646137222647667,0.01567721087485552,0.02645576372742653,-0.09700188226997852,0.007935519563034177,0.03505197912454605,-0.12634113058447838,0.00031186919659376144,0.040771327912807465,-0.1480291746556759,-0.025280160829424858,0.04340563341975212,-0.1604883372783661,0.018167221918702126,0.0025186524726450443,-0.09890040848404169,0.009064575540833175,0.0070996396243572235,-0.13824156671762466,-0.009277887642383575,0.005442207679152489,-0.16068146377801895,-0.0265608262270689,0.010422732681035995,-0.18171121925115585,0.007699684705585241,-0.014588521793484688,-0.09264170052483678,-0.0057946499437093735,-0.01594831421971321,-0.1259283497929573,-0.021334799006581306,-0.014719093218445778,-0.14477739483118057,-0.037907982245087624,-0.010563144460320473,-0.16245993971824646,-0.0043138908222317696,-0.030540913343429565,-0.07900167163461447,-0.008140821009874344,-0.033267728984355927,-0.10226296447217464,-0.01605730503797531,-0.033611688762903214,-0.12227597087621689,-0.024797791615128517,-0.028540901839733124,-0.13747787848114967
0.0,0.0,0.0,-0.007339827716350555,0.030395740643143654,-0.026698023080825806,-0.007672419771552086,0.052888382226228714,-0.05154608190059662,-0.001676357351243496,0.0692167840898037,-0.0790915098041296,0.005978708621114492,0.08143005147576332,-0.10626157186925411,0.014925532042980194,0.026813682168722153,-0.0962323984131217,0.0065543141681700945,0.03558427467942238,-0.12517743930220604,-0.0013531194999814034,0.04118096083402634,-0.14688868075609207,-0.026789048686623573,0.044107384979724884,-0.15912017971277237,0.01699134847149253,0.003229836467653513,-0.0985435601323843,0.007112670689821243,0.00775289349257946,-0.13662530481815338,-0.0115737933665514,0.005963534116744995,-0.1587364450097084,-0.028397908434271812,0.01058204099535942,-0.1799277886748314,0.006724595557898283,-0.013432515785098076,-0.09211462689563632,-0.006795478984713554,-0.014870859682559967,-0.12502163276076317,-0.02204946242272854,-0.01378915086388588,-0.1436353623867035,-0.038471588864922523,-0.010119395330548286,-0.1615135371685028,-0.005262152291834354,-0.02934471145272255,-0.0788113996386528,-0.00906590186059475,-0.03256943076848984,-0.10162494704127312,-0.017024176195263863,-0.032900139689445496,-0.12101858481764793,-0.025851374492049217,-0.027953442186117172,-0.1361808180809021
0.0,0.0,0.0,-0.007697750814259052,0.030547909438610077,-0.02647094428539276,-0.008373209275305271,0.05339248105883598,-0.05119175463914871,-0.0025929948315024376,0.06952465698122978,-0.07853765971958637,0.004566886927932501,0.08189055696129799,-0.10582449845969677,0.014825151767581701,0.027267880737781525,-0.09571937378495932,0.006597782950848341,0.03579281270503998,-0.1243390440940857,-0.0015677586197853088,0.041463371366262436,-0.14641620218753815,-0.026608155108988285,0.04431619495153427,-0.15825384110212326,0.016916955821216106,0.003624250181019306,-0.0983749027363956,0.007072147214785218,0.0077738082036376,-0.13603191822767258,-0.012070727534592152,0.0060620736330747604,-0.15788263082504272,-0.028930162079632282,0.010662246495485306,-0.17887670546770096,0.006930988281965256,-0.013279462233185768,-0.09192331181839108,-0.006491231732070446,-0.014976561069488525,-0.12474267184734344,-0.021761340089142323,-0.013613887131214142,-0.14302881434559822,-0.038619537837803364,-0.010043524205684662,-0.16075419634580612,-0.004952356219291687,-0.02939269319176674,-0.07871692162007093,-0.008511734195053577,-0.032686349004507065,-0.10124387312680483,-0.01641517411917448,-0.0331849530339241,-0.12072039023041725,-0.02535486314445734,-0.02801835909485817,-0.13609623163938522
0.0,0.0,0.0,-0.007682920433580875,0.030610593035817146,-0.026782937347888947,-0.008544220589101315,0.053161535412073135,-0.051419779658317566,-0.003073916770517826,0.06911616772413254,-0.07894237712025642,0.004101486410945654,0.08110404759645462,-0.10626141354441643,0.015134806744754314,0.027061253786087036,-0.09593978617340326,0.006917113903909922,0.03553112596273422,-0.12499315291643143,-0.0011647175997495651,0.04099191725254059,-0.1469220370054245,-0.02634566742926836,0.04380081593990326,-0.15899000316858292,0.01742857927456498,0.003222663654014468,-0.0983263049274683,0.007832411443814635,0.0076617030426859856,-0.13656772673130035,-0.011029868386685848,0.005841340869665146,-0.15875518321990967,-0.028117639012634754,0.010495364665985107,-0.17994001507759094,0.007350048050284386,-0.0135806854814291,-0.09203950362280011,-0.005913800559937954,-0.01521698571741581,-0.12497109919786453,-0.021299113519489765,-0.01397659070789814,-0.14368531852960587,-0.037975446321070194,-0.010405970737338066,-0.1615280583500862,-0.00460044015198946,-0.02958708256483078,-0.07879197038710117,-0.008281324990093708,-0.03277241438627243,-0.101476876065135,-0.01620317902415991,-0.03310175612568855,-0.12102645263075829,-0.025267631746828556,-0.028113890439271927,-0.13624131679534912
0.0,0.0,0.0,-0.008036135230213404,0.030662911012768745,-0.026739127933979034,-0.00920155132189393,0.05297326669096947,-0.051099278032779694,-0.005379894282668829,0.06894322857260704,-0.07831561751663685,0.0015387418679893017,0.08051781728863716,-0.10504189878702164,0.01238298648968339,0.026588086038827896,-0.09567655622959137,0.0038957532960921526,0.034818053245544434,-0.12529874593019485,-0.004375615622848272,0.039829205721616745,-0.14706367626786232,-0.030418429989367723,0.04198090359568596,-0.15850456058979034,0.014489466790109873,0.0027491252403706312,-0.09819605806842446,0.004687813576310873,0.006717135198414326,-0.13672379776835442,-0.01434729853644967,0.004599135369062424,-0.15883033722639084,-0.03183228196576238,0.009342096745967865,-0.1796807423233986,0.004415434785187244,-0.014166302978992462,-0.09182316856458783,-0.009015473071485758,-0.01605321653187275,-0.12492100894451141,-0.024689604062587023,-0.014759503304958344,-0.14298579096794128,-0.04198021860793233,-0.011265957728028297,-0.16062653809785843,-0.007308307569473982,-0.030550483614206314,-0.07830224465578794,-0.011467306409031153,-0.03365395963191986,-0.10107320547103882,-0.019454725552350283,-0.03399864584207535,-0.12040541134774685,-0.028549921233206987,-0.029093049466609955,-0.1357840858399868
0.0,0.0,0.0,-0.006715075578540564,0.03170710802078247,-0.027124427258968353,-0.008278270717710257,0.05384691059589386,-0.05088810995221138,-0.004835761617869139,0.0706430971622467,-0.07842382043600082,0.00248002540320158,0.08220403641462326,-0.1044989563524723,0.01109567517414689,0.028225593268871307,-0.09653340280056,0.0028300550766289234,0.03640969842672348,-0.12589435651898384,-0.0055438741110265255,0.04094787314534187,-0.14688048139214516,-0.03159850696101785,0.04268329590559006,-0.15879621356725693,0.012600099202245474,0.004439704935066402,-0.0990365301258862,0.002439181786030531,0.008193898014724255,-0.136764544993639,-0.016112613026052713,0.005521319806575775,-0.15938810259103775,-0.033000840339809656,0.009587366133928299,-0.17958888411521912,0.0023538058158010244,-0.012858008965849876,-0.09288018010556698,-0.010250345338135958,-0.015112709254026413,-0.1253945231437683,-0.026307421270757914,-0.014017337933182716,-0.14387962222099304,-0.043446479830890894,-0.009937569499015808,-0.16122228652238846,-0.009012868162244558,-0.029961835592985153,-0.07904680259525776,-0.013108840677887201,-0.03260214626789093,-0.10081173200160265,-0.020194463897496462,-0.03316520154476166,-0.12096259370446205,-0.02928451681509614,-0.028173021972179413,-0.13719428330659866
