x0,y0,z0,x1,y1,z1,x2,y2,z2,x3,y3,z3,x4,y4,z4,x5,y5,z5,x6,y6,z6,x7,y7,z7,x8,y8,z8,x9,y9,z9,x10,y10,z10,x11,y11,z11,x12,y12,z12,x13,y13,z13,x14,y14,z14,x15,y15,z15,x16,y16,z16,x17,y17,z17,x18,y18,z18,x19,y19,z19,x20,y20,z20
0.0,0.0,0.0,-0.027461878208147324,-0.0075720744916835045,0.02940676468146925,-0.05192623780379548,-0.010896644830571397,0.05092736131840765,-0.0779865596592218,-0.010247999699411394,0.06599877637687447,-0.10531363911640852,-0.008319678124742116,0.07483929150340443,-0.09428314989640235,-1.0852525884658702e-18,0.022443031436457973,-0.12225904323519869,-0.009212450181843614,0.030478021047361907,-0.14378134258406966,-0.017058336511814483,0.03481181339931959,-0.15506211843611448,-0.03978177598519929,0.0361270899256941,-0.09471526151065199,-1.833690931679043e-18,3.6102681698379906e-19,-0.13124090054007742,-0.011054890848140332,0.00414419801867628,-0.1530100004590119,-0.029510154535478478,0.0024256926237715966,-0.1729804085361218,-0.04633017495283847,0.006930519656632653,-0.08787751471785768,-0.009873304554376662,-0.015523508797396966,-0.11937760687007891,-0.022815408961495403,-0.017021188609588404,-0.13755298853548661,-0.03723690308167583,-0.01613335365480022,-0.15460004565327823,-0.05276867417179368,-0.012531792865931141,-0.07316222794936496,-0.019342528588011484,-0.03032418913882585,-0.0947156425738912,-0.02374912395466434,-0.03399776668507526,-0.11529522963644177,-0.03177589912599117,-0.03597548395355029,-0.13074918452037815,-0.04039927785446768,-0.03139813394542085
0.0,0.0,0.0,-0.027275099780067133,-0.006914808609206589,0.02890836380598626,-0.05209870147145352,-0.009653306697417124,0.050575109403094544,-0.07779171266149033,-0.008360840760333377,0.06532658724304662,-0.10520406654488416,-0.005563909387073323,0.07410093754645013,-0.09437777058543695,1.0545566655664575e-19,0.022194971137112593,-0.122675220225945,-0.00894377228557763,0.03049664148970574,-0.1441944425619444,-0.0156427296994788,0.03434311153264936,-0.15548208532269547,-0.03751603838286965,0.03573610252418479,-0.09455674790405698,4.051654652753127e-19,-6.413880210695411e-19,-0.13156139115305412,-0.010736425006002413,0.004281052189048567,-0.1537935823864064,-0.02761366929909793,0.0022701054089733427,-0.17357955605318703,-0.04286400361003715,0.006573865899994823,-0.08781741538659935,-0.009756776811321508,-0.015464039589515238,-0.11960137411687954,-0.02234174603702935,-0.016753528948276815,-0.13770649372567942,-0.03621675102594851,-0.016089065821702515,-0.1551681733926585,-0.04999182680514549,-0.012490018046990336,-0.0732791099306034,-0.018879343157114967,-0.030445489166288846,-0.0950408580107029,-0.02320485201136216,-0.034237430623143085,-0.11564869508846588,-0.030729698757175027,-0.03607787490237484,-0.13112652280869228,-0.038333644734976136,-0.03163563915151155
0.0,0.0,0.0,-0.02795724314629717,-0.006130037099507957,0.028400945733169355,-0.053429525474946386,-0.009572817094900654,0.049495182079514435,-0.07893936016315124,-0.008923117941410813,0.06431470092284669,-0.10562214388069673,-0.006320854369580201,0.07341590893878827,-0.09444345035761179,1.937131217909643e-18,0.021885177548926157,-0.12286757985252802,-0.008926729782125978,0.029730891112813275,-0.14379983048988484,-0.015260605216575204,0.033178844456571766,-0.15606283294294762,-0.03669311797502426,0.03362738466813977,-0.09447732985441587,1.2770576100863581e-18,9.71492884820373e-19,-0.13144549875148082,-0.010606275336243488,0.004023093451575021,-0.1539817295208784,-0.025727348372977705,0.0009193118992875966,-0.1741094026345241,-0.0395146454352438,0.004567746691044412,-0.0881262512116666,-0.009414231868017355,-0.015528373635971052,-0.11938638366272022,-0.021035222852084076,-0.01715427063788501,-0.1385798369724158,-0.03435218875658649,-0.017367386113643843,-0.15651183231068552,-0.046139803764356176,-0.013767331535462312,-0.07371834882176752,-0.018037137400287395,-0.030627240350202645,-0.09485155024759072,-0.021983024215809,-0.03455515743749396,-0.11541150526920992,-0.02830314480841363,-0.03660668727298672,-0.13123852889535442,-0.035238507682241293,-0.0325632779826889
0.0,0.0,0.0,-0.02828092959350345,-0.0067667163596250865,0.028689517869168082,-0.05311543958588356,-0.009666459400110641,0.049814799943843406,-0.07901729664030177,-0.009210813151644737,0.06428433596515014,-0.10555803013625235,-0.005825210077800959,0.0730784593786686,-0.09516456148827968,-2.191136147083367e-18,0.022031551348180318,-0.1235763121709051,-0.009659748093579449,0.029959628002747544,-0.14441812098493775,-0.016811174259334087,0.033096588586205365,-0.15607738007568372,-0.03916391126185421,0.033984428439387475,-0.09511142256571357,-2.3172946063332635e-18,-1.1171876796216757e-19,-0.13206497809534665,-0.011450932403425776,0.003893986387290942,-0.15449329170605908,-0.02730265561167911,0.0013272675149982962,-0.1740785328159059,-0.04263424665525884,0.0051284143101719476,-0.08833780286765863,-0.009651300252138286,-0.015938092951992167,-0.1196337885101345,-0.022238698213374576,-0.017689949917958383,-0.138302614858233,-0.036276591729075165,-0.017550796674539116,-0.15571992145304892,-0.04947044565630914,-0.013446607667544765,-0.0734044954390578,-0.018797800192626127,-0.03085875187317486,-0.09511660936052883,-0.022961491043294285,-0.03489534444727302,-0.11573549932835347,-0.0298515099530981,-0.03694980832584252,-0.13148357553903214,-0.037134114968804616,-0.032740639697895216
0.0,0.0,0.0,-0.028008188926116562,-0.006960253036195892,0.028568749794159784,-0.05305267958047234,-0.01026374224178407,0.04946993648492987,-0.07884828952509759,-0.010004351907108772,0.0641251155402018,-0.10520289298275178,-0.0069722480267184255,0.07352335891926776,-0.09511889837837993,4.3546527852123765e-19,0.021912426431673498,-0.12346471068787057,-0.009437541509084412,0.029850450510561722,-0.1446342856182355,-0.016353316745898773,0.03297881663924738,-0.15650254465376232,-0.03825105491860563,0.03342002402469863,-0.09534952971201946,1.3923084295706043e-18,-6.955093725678545e-19,-0.13243620245628263,-0.01147763395951236,0.0036233744930198077,-0.1550342463876559,-0.026857373360892865,0.0007902108613866829,-0.174877248341064,-0.04187824326400654,0.004119568858638377,-0.08882800374647201,-0.009552457729288264,-0.01605379314200437,-0.11992101428448815,-0.021667976716206974,-0.01788760666391892,-0.13953202060606792,-0.035441232393330704,-0.018202430642521406,-0.1572747969975578,-0.048398911548751096,-0.014631467379292974,-0.07389401724817725,-0.018235153753108243,-0.03138821097673095,-0.09565163764524141,-0.022717881804191705,-0.03519910657190483,-0.11618291823964995,-0.029501502432338567,-0.03717651550980616,-0.1322958503661839,-0.036888858143782774,-0.033575769298717695
0.0,0.0,0.0,-0.028776487023077703,-0.0065903046130543815,0.02810532174050283,-0.053768571325163904,-0.009215032768338125,0.04930534937124016,-0.07945113811415204,-0.007796199247777421,0.06398956135835344,-0.10545392963097056,-0.005229099343637459,0.07300936014753975,-0.0955005191519921,-7.201238603726031e-19,0.021388508719685628,-0.12383802982922167,-0.00889152314629265,0.029662672520491307,-0.14483394536562194,-0.014566824411865374,0.0330190370612283,-0.1567150697520266,-0.03446625609990498,0.03279108689604613,-0.09538428110775773,-1.0533272037575652e-18,-1.151785025729589e-19,-0.13251057577728118,-0.010775979581612883,0.003840995060499531,-0.15511259559151094,-0.02453466916646562,0.0005829834765124229,-0.17492413350324537,-0.03802837905314902,0.0038081994484705423,-0.08900643965470431,-0.00937791218259758,-0.015835174243024625,-0.1204039561172329,-0.02021034934789481,-0.017944176073802175,-0.14025394771914507,-0.03236940307494983,-0.018582373598181164,-0.15794052650531665,-0.043690464604479604,-0.01507905738675499,-0.07438014769336791,-0.017525905131876466,-0.03166034622601646,-0.09651464814892728,-0.02094540450979284,-0.03555657633647764,-0.11700552203617144,-0.02701065194349163,-0.037700706426676014,-0.13302081995226084,-0.033783288671845636,-0.03382291782327541
0.0,0.0,0.0,-0.02858110444996925,-0.006668667762745074,0.028487705372140786,-0.05367640707998843,-0.009862634125478624,0.04927232420504329,-0.07938744658830327,-0.00875764170128459,0.06406406963729004,-0.1059272628135549,-0.006411611092089152,0.07322072880438639,-0.09572177672032761,-5.378657405607217e-19,0.02154249480096868,-0.12400396120662993,-0.009392397871405363,0.029841402091621956,-0.1445877843689911,-0.015733581143807567,0.033171955128684885,-0.15637228787736804,-0.03727117526568329,0.03304955642881626,-0.09564682938896693,-6.924202827261466e-19,1.5373514545168292e-19,-0.13246122363201007,-0.011754023936788491,0.004010237483725619,-0.15470175081413773,-0.026982245158372744,0.0005452788661951995,-0.17450328384122588,-0.041593533164487946,0.003926987196367115,-0.08923308644632705,-0.009480073885883395,-0.015845099641292576,-0.12032139977194603,-0.020900729685715737,-0.017733452390879582,-0.14007480396841418,-0.03486621895524398,-0.01869375807004321,-0.1576292647069832,-0.047087454326163444,-0.014754927963031354,-0.07451011530630244,-0.01790462942826006,-0.03150635953544291,-0.09609534374074136,-0.0220005989747194,-0.03553517270662523,-0.11648402641191358,-0.028899253866606325,-0.037555350279054676,-0.13254648213497722,-0.03663484919630424,-0.03377945842696194
0.0,0.0,0.0,-0.028767566460074195,-0.007078664199674328,0.028526995712858834,-0.0540677907760672,-0.01143853547905332,0.04920431153529404,-0.08021337074517175,-0.011541093306233152,0.06431313205846183,-0.10765147398283059,-0.010115244198402753,0.07238277760677538,-0.09660404195539131,-4.887552340170483e-18,0.022064268123672334,-0.12495566726765654,-0.010711463805638385,0.029345641089664167,-0.14499074610933466,-0.018309265484581165,0.03227109299197573,-0.15657207301521503,-0.04200431706887299,0.03191007808103463,-0.09626242951450155,-5.6764454698924674e-18,3.426559821466545e-20,-0.13296198417321337,-0.013605464663052135,0.003448745841718296,-0.15440699981739367,-0.030479832804581594,-0.0007327497541260263,-0.17431350308261984,-0.04661272517221691,0.002545103989207182,-0.08943900170372059,-0.009747632650646591,-0.01611284688138394,-0.12017754667795578,-0.02274286140348682,-0.01820153122024307,-0.1397357823344356,-0.038348879894401174,-0.019825408217774818,-0.15719304001295958,-0.05171155317291888,-0.016250642242135648,-0.0742077179565272,-0.018474997289574264,-0.031813040536334644,-0.09557429279073688,-0.023640585705369272,-0.03612171430797712,-0.1159003303085982,-0.03153622877312793,-0.038125528134272314,-0.13178039230865793,-0.04009937038858184,-0.03463850081267572
0.0,0.0,0.0,-0.02879036883766486,-0.0070274352995340775,0.028820252154728887,-0.05372518913879704,-0.011377800803955593,0.04970095354025986,-0.08048555122468008,-0.011362587720667198,0.06467954614977288,-0.10799380060395343,-0.009603174830087859,0.0725383998577188,-0.09695347685524473,5.277537057264447e-18,0.02242592094144519,-0.12532754780532676,-0.0111740847841564,0.02950679598978966,-0.1449512919919589,-0.019430198433073798,0.03247736637630464,-0.15581841542041816,-0.043738638960013704,0.032330731263126355,-0.09679347867673634,6.232722990730655e-18,-2.2859787632635305e-19,-0.13325145261553395,-0.01448544796631546,0.003411950162711716,-0.1543102715067346,-0.031870066200344244,-0.0005435650155349338,-0.1736573694144523,-0.048755289239150124,0.0027498441812718595,-0.08976924403569098,-0.009973950877193539,-0.016182948976655134,-0.12048549378888952,-0.02364223000457053,-0.01850250331908808,-0.13984875665684546,-0.0396798602142576,-0.019732251628737166,-0.15689499000716545,-0.053521155136302546,-0.01594648437541529,-0.07452477253738299,-0.019018804910727535,-0.03204115368643752,-0.09585170045594246,-0.024515514150429987,-0.03617087004674289,-0.11582039382131497,-0.03271284339109916,-0.038086410222733,-0.13158026616431254,-0.04176096691383297,-0.034546244941675235
0.0,0.0,0.0,-0.028915477869537375,-0.007729413365044235,0.02903478457847597,-0.05376578491247536,-0.011829573613849415,0.04968804207704414,-0.08010203515209155,-0.01181479141428309,0.06453214615212767,-0.107571646946012,-0.009303237921446082,0.0728817294889106,-0.09638414334462748,1.3684449409826971e-18,0.022055509535814182,-0.12496606543125614,-0.010450524941804063,0.029817408876646113,-0.14542573462026973,-0.018284526618284967,0.032982625226632666,-0.1568629930825141,-0.04282205608120062,0.03326664874272216,-0.09631866703185128,1.4761088308080386e-18,6.439601521089718e-19,-0.13315950743045948,-0.012906510645360454,0.003747592996022399,-0.1547230660578609,-0.03071488535438458,-1.0412526412119017e-05,-0.1744633651387328,-0.04717592326972567,0.0036192229444982444,-0.08925850154303022,-0.009784766527146684,-0.015904832538605668,-0.1202612590857791,-0.02318077141177929,-0.018327296387756063,-0.13891911571371568,-0.038890844579509906,-0.019277594526097425,-0.15623534531263766,-0.053349293922019946,-0.015318214922217743,-0.07397184373175852,-0.019026947054905145,-0.03126664855984703,-0.0953515310028795,-0.023888797993999965,-0.035643378417504,-0.11562915209198056,-0.0320213895213402,-0.037741087872705546,-0.13139532741609486,-0.04064649426901994,-0.03361263855974125
0.0,0.0,0.0,-0.02862965086536719,-0.008114724184497876,0.03027420136238535,-0.05247946192755547,-0.01228420759524303,0.05129318890995368,-0.07877905855796559,-0.01207053925320479,0.06625679445309647,-0.1064711377291142,-0.00957335061697274,0.07461565779791751,-0.09667413258937799,-1.8892940124548575e-18,0.023414598844426662,-0.12551383210393446,-0.010748182354499224,0.03104661056287622,-0.14576920541705032,-0.01988569810085356,0.03484569506194309,-0.15618961017605607,-0.0448718789475799,0.036343782779961045,-0.09707884670434042,-1.4315416447980856e-18,1.7417597069117304e-19,-0.13444370164325564,-0.013556811217712872,0.005358409475594561,-0.15544780944315137,-0.03257173993884272,0.002713214916513084,-0.17435462116811298,-0.050874710454304896,0.0076220854173983,-0.09009281634307417,-0.010267675463420277,-0.015304134250921426,-0.1208568391098297,-0.025070196738701415,-0.016514349899563543,-0.13997116541207044,-0.04218738956639456,-0.016013522190875304,-0.15570588078182554,-0.05802913066284288,-0.011120988728041412,-0.07469551134239129,-0.01981506959521586,-0.030096417962628737,-0.09634173586091702,-0.025371630118004283,-0.03384717483233021,-0.11655760213486868,-0.03434047931089923,-0.03552648389683249,-0.13145799485062293,-0.04430883413954655,-0.031224988503551536
0.0,0.0,0.0,-0.027199968292378928,-0.009042416068631704,0.030719203141495826,-0.050998392739116265,-0.012772442257958597,0.05302186047912131,-0.07851177985986578,-0.012092086175793425,0.06744349337726671,-0.10710599480262849,-0.010246764249012623,0.07521798441840039,-0.09699765963293469,-5.5203373920637885e-18,0.024032114626242083,-0.1255979732238385,-0.011447479057656933,0.03170191318007815,-0.14617391521341258,-0.021566172141928814,0.036620485313707055,-0.15507350452358187,-0.04707309304532609,0.03931749932933778,-0.09803444460743492,-2.993321920615062e-18,-1.5987388865316048e-19,-0.13569963692412954,-0.014458900108198232,0.0049413881752315815,-0.1554424388925288,-0.03535492753954705,0.003937411684259647,-0.1738449311687916,-0.055220937834095846,0.010710531620451233,-0.09046441315194946,-0.010358347979452343,-0.015762249335888812,-0.1214386314349893,-0.027392322481668775,-0.01674141804889275,-0.13951107552991376,-0.04579932129550004,-0.015142419290860703,-0.1546262563462571,-0.06328239050845197,-0.009450195216281937,-0.07494459377737651,-0.02034591558708156,-0.03041737398047045,-0.09696856727703439,-0.026559831153284807,-0.034015815096000324,-0.11650857222801947,-0.037353811399033834,-0.034973056982829126,-0.13085135392165465,-0.04835827993442741,-0.029365083101480637
0.0,0.0,0.0,-0.027261032900008517,-0.008963596844746945,0.030405788536042155,-0.05113310204304546,-0.012947036195976301,0.05255637769935401,-0.07860308518517568,-0.01228329475699366,0.06705796365195017,-0.10736541711828859,-0.010566346718554593,0.07488660094296451,-0.09690692237068475,1.5937823427530047e-18,0.02381979728130852,-0.12528402144957226,-0.011685378029302713,0.0313696059750385,-0.14574320199303195,-0.02163363356224159,0.03609925391472887,-0.1548826592441163,-0.047509377420664134,0.038650374428912705,-0.09784291076591373,3.112050178313913e-18,-6.784277213335937e-19,-0.13511650218234522,-0.014546545872120785,0.004730391729740101,-0.15491566684272218,-0.03533790524162783,0.0034690174822531988,-0.17346162891618058,-0.0550378413286234,0.009979681491141444,-0.0902745596106696,-0.010360607877133911,-0.015697748621313568,-0.12099396467697496,-0.027207482000635736,-0.01686240428136971,-0.1390819748103431,-0.04553543497757045,-0.015660115074282815,-0.15431133932220778,-0.06284083544309971,-0.010191419468663776,-0.07476570996207892,-0.020278786151686563,-0.03033286862097367,-0.09663149901949585,-0.026348456317791324,-0.0341336558611876,-0.11616568020970074,-0.036945606244914816,-0.035225976081911546,-0.1305024833921238,-0.047651728836795595,-0.029846724150171942
0.0,0.0,0.0,-0.027184958985993716,-0.009158723622774463,0.030113860165580795,-0.04985570393927887,-0.013781807608493308,0.052249612915028144,-0.07752182436581856,-0.012270343561042764,0.06686374082102702,-0.10538856104914314,-0.012601292964801905,0.07458192759245062,-0.09598486103938055,-8.691225780378605e-18,0.023289614959423274,-0.12419093722426579,-0.012157710661746696,0.031102895777127135,-0.14411818510521854,-0.024322127704363414,0.03636290175498832,-0.15218473811220745,-0.05066861060562055,0.038383304902167285,-0.09757038122310048,-1.1808885535715334e-17,2.253676843355452e-19,-0.13299742409981877,-0.01546485939891121,0.004767499658867839,-0.1517137981333371,-0.03778442978849983,0.003918143470095062,-0.16985816527739456,-0.05982121458568934,0.008808229727515557,-0.08926247717231067,-0.010290437238909864,-0.015258959371741066,-0.11919708546636053,-0.028138230050241513,-0.016351137051980318,-0.1365298811217386,-0.04746079030202159,-0.015319131822520702,-0.1506891503023414,-0.06639294615659713,-0.010800919437491683,-0.07384407779829377,-0.020477652881242103,-0.030055306723723158,-0.09576633204739717,-0.027153104147347396,-0.03338909614533445,-0.11388487286039567,-0.039214553713857736,-0.034807904240292085,-0.12810834654093933,-0.05066224624703662,-0.029168443173982764
0.0,0.0,0.0,-0.026732466328200696,-0.009313555704536975,0.03009260886873914,-0.04973467651010936,-0.01417721502271755,0.052259655940561194,-0.07740453124373345,-0.012379471160910607,0.06667717891736216,-0.10531301169737027,-0.012924655145918633,0.07457162308007484,-0.09591413219815323,-2.2081023452298655e-18,0.023363006339607303,-0.12389599686409151,-0.012125540838959118,0.0313520932992055,-0.1445403588559016,-0.024812255406197734,0.03671577633778185,-0.15236744454848283,-0.05036729969255906,0.03914500892197859,-0.09780457910167607,-2.1516229699926276e-18,-1.2058547204448832e-19,-0.13311576350365784,-0.015197331703489485,0.004646286242085281,-0.15225726989836236,-0.03755514320200827,0.004526798085091664,-0.17050546007264705,-0.059541063453558696,0.00922305036441845,-0.08935950902079542,-0.010229667449261053,-0.015497689259172725,-0.11962722315388974,-0.02865445349010548,-0.016513529327414737,-0.13618754299907926,-0.04660569045944699,-0.014464566435658976,-0.15038046362000979,-0.06689298168355967,-0.010411547644348262,-0.07412499302721211,-0.020522205395350962,-0.030696669592672886,-0.09648215921862345,-0.027529502790882256,-0.03345513920623172,-0.11452449823940682,-0.03942675862798666,-0.034794602829244015,-0.12904888353578106,-0.05055747890364352,-0.029342399200300375
0.0,0.0,0.0,-0.026385606985475683,-0.00791817404287882,0.02882575635174683,-0.05063617190999325,-0.013825116241742642,0.05071108095659614,-0.07781581297513145,-0.012244468637696054,0.06597823151537946,-0.10556363514791085,-0.014540795494953625,0.07280273613955872,-0.0955188615177908,7.154486536450293e-18,0.022904235407026005,-0.12205875682621965,-0.012483285908439987,0.030545899648015018,-0.14264718681323107,-0.02580932208991483,0.035658494203465584,-0.15115971237495845,-0.051248596132539986,0.03699882248218408,-0.09692823922242517,9.771280262477615e-18,-5.915606578350442e-19,-0.13091993910544947,-0.01554195400155258,0.004082100003165677,-0.14999911776687386,-0.037635543988761455,0.0028103889264953106,-0.16806369307805366,-0.06099131532345167,0.005567537390284446,-0.08826328716093612,-0.01041506116847595,-0.015369502931561446,-0.11747071706295568,-0.028769685928198074,-0.016568133395978693,-0.13396420549281599,-0.045766605575785456,-0.016067668744943135,-0.1478347313070296,-0.06595816238478878,-0.013740272947140841,-0.07275130265950215,-0.01975936283364942,-0.03092180804049465,-0.09491816493346908,-0.027404192776236572,-0.03327976923035433,-0.11274902313953951,-0.03936937242113189,-0.03611447468642611,-0.1272551085452396,-0.049145039587528215,-0.032331791315015436
0.0,0.0,0.0,-0.026103530192773512,-0.00753833471014982,0.02912864006488996,-0.050514710524262825,-0.013835221981294176,0.05132703489596952,-0.07874775460522278,-0.012327997492987713,0.0663771489122144,-0.10654041471129318,-0.014842272861493163,0.07315200685552616,-0.09564516388299477,-2.6989027497072388e-18,0.023253647440548062,-0.12229527580147637,-0.012327844152650648,0.03039880110904966,-0.14291063547970081,-0.02582777943736301,0.03537576664103021,-0.15098402292332763,-0.05131945283421219,0.0368074299303951,-0.09702905543212495,-5.054530030074855e-18,-1.7898018399009274e-19,-0.1307958851041066,-0.01574266897221748,0.003645994658948735,-0.1494577101760616,-0.03793272301259781,0.002089809225323903,-0.1673688379600005,-0.06083518266781699,0.005300667904794118,-0.08820174110827857,-0.01024013591328164,-0.01564033429492887,-0.11744746792456703,-0.02872045067119015,-0.017309660555623364,-0.13351485307401512,-0.04585627771492816,-0.016572053854044665,-0.1472978494203702,-0.06598302130166615,-0.01371365022430162,-0.07248764049261817,-0.019910023469297856,-0.031380424388549676,-0.09433038461857113,-0.027164007976324657,-0.0337210278088879,-0.11182555958469219,-0.03891449006033699,-0.03615370252076515,-0.1265273053492283,-0.04869188139820883,-0.03232316724965794
0.0,0.0,0.0,-0.026029963257879627,-0.006859300510866382,0.030013834262953985,-0.04983975423645936,-0.011968199236362739,0.05229386706779112,-0.07839661784653458,-0.009865819101505333,0.06731110457499838,-0.10584609921698075,-0.011944000050258502,0.07350962666781573,-0.09607040372829939,-2.6213757896329832e-18,0.02427451450822695,-0.12318829929985455,-0.011476343024977326,0.031785758618877925,-0.14369623199524373,-0.024399116776206528,0.03770356801924766,-0.15118951050753965,-0.04967136830133801,0.04019514036409614,-0.09744624172912496,-2.676267650178367e-18,-5.382373385262141e-19,-0.13283106971030617,-0.015500007463759765,0.004433385120807787,-0.15126491904052683,-0.037339929617521216,0.004585116977183986,-0.1684681960127152,-0.06022528412877977,0.009613193969271709,-0.0887679426230191,-0.010873806391413063,-0.015480070337150027,-0.11874332304303813,-0.02962908626589509,-0.01632135895328402,-0.13526239905373721,-0.046342643834197006,-0.014592621983889019,-0.1483861636396641,-0.06677570123160663,-0.010797419774675328,-0.07268784114215765,-0.021383541546521067,-0.03115936446746852,-0.09529648719064424,-0.028720685397367798,-0.03333516041010418,-0.11384597200346443,-0.040380813872518205,-0.03507667323584258,-0.12864241538508045,-0.049958165680431724,-0.030509148638966716
0.0,0.0,0.0,-0.025924345335378757,-0.007899120771888033,0.029851701262897597,-0.04906137352060682,-0.013639264170021929,0.052220867865658716,-0.0778306701428205,-0.012438320675968517,0.06719725557641099,-0.10532334249422316,-0.014265162592314324,0.07369392215328016,-0.09560196607072251,7.720824195586608e-18,0.024102323014433814,-0.12308911788308045,-0.012053933412082864,0.03147380691032489,-0.14332076405797758,-0.025998136983011563,0.037323344001445005,-0.1504893335345674,-0.05218418606687342,0.03964904149698069,-0.09722695173513793,8.420057066751907e-18,1.1037795342565886e-19,-0.13259847751194445,-0.015740476506458823,0.004525077573029547,-0.15078032781353495,-0.03802238869892109,0.004379958915532182,-0.16820935428062259,-0.062185814166490556,0.008950916828405618,-0.08862442566975484,-0.010703387474454078,-0.015527146397946105,-0.11821073337496313,-0.029965027141183927,-0.016545086185721685,-0.13457445353385264,-0.047144141065630515,-0.014944010502961312,-0.14750090076943423,-0.068688465132584,-0.011247661384288257,-0.07253366007891264,-0.021028892255741085,-0.03113056388449999,-0.09551988216775974,-0.02850072639372424,-0.03331382557538325,-0.11352312799326802,-0.0406738040410031,-0.03532701992095355,-0.1280704074367909,-0.05097114209701152,-0.03066072466016604
0.0,0.0,0.0,-0.025845250058326448,-0.008760451897046653,0.030017498039125356,-0.048747847324994764,-0.014571422677365239,0.052572823835881806,-0.07771318077122778,-0.01303260690200468,0.06779098706315827,-0.10584260857459232,-0.014311813072503636,0.07441125967790156,-0.09623051257496841,-7.297418796806087e-18,0.024195110911785278,-0.12389050992094645,-0.01256367123593192,0.03179022943201823,-0.1436103550509976,-0.027222746576406893,0.03785212827382585,-0.150427851239415,-0.05382361902468093,0.04014194516101024,-0.098235857417305,-6.596489830568839e-18,-1.0303568585893008e-19,-0.13338810616251814,-0.01612263510988543,0.004811886940495544,-0.15136259122749,-0.03908935052801152,0.004694182604535828,-0.16835879987374433,-0.0637393693062803,0.009024272153642005,-0.08955839124564872,-0.010516304352619969,-0.015675087277702452,-0.11885821873563876,-0.030428517492769615,-0.01659941266827676,-0.1349223839467271,-0.04832332294783416,-0.014680573887861877,-0.1472783929857275,-0.07026082592676276,-0.01090457802514383,-0.0735211899153033,-0.020579499767637156,-0.03135215763712019,-0.09610454771391776,-0.028730813971606792,-0.03321803947599928,-0.11412852932973097,-0.041438727215943244,-0.03514985611702915,-0.12816357357950522,-0.052315610726308706,-0.03001478701351745
0.0,0.0,0.0,-0.026340832123999926,-0.009226666002451292,0.03026202026427621,-0.04992961063281568,-0.013821005784270177,0.05236927133893709,-0.0790748742943284,-0.012246901355502535,0.06732119699371455,-0.10741391615779675,-0.01223451915970208,0.07466410372720521,-0.09669532256303673,-9.034298499995273e-18,0.023712127523065177,-0.1245352478259086,-0.012367036921817355,0.03152741874287572,-0.14436109208127468,-0.025598109190922338,0.037172726386472274,-0.15201080351915072,-0.051162636538509686,0.03982251378104294,-0.09875293739606618,-8.258161122166664e-18,-1.886603103449343e-19,-0.134066172338876,-0.01551372164295355,0.0048585835867317115,-0.1523963665055008,-0.03775795140657524,0.004315916044673628,-0.17067542791803858,-0.0596988337912301,0.00907595876055547,-0.09006156130468852,-0.009966940215218312,-0.01553042441550232,-0.11953127195037708,-0.029170470808040135,-0.01646180868803873,-0.13610124384864145,-0.047141707271036434,-0.015115272437139322,-0.1495370700777107,-0.06708523400181907,-0.011123028985246825,-0.0743969938927383,-0.020022203242206698,-0.030523004035349383,-0.09649894626878502,-0.02742420256914182,-0.03326433085505348,-0.1145641572293004,-0.03921353165353511,-0.034736253932660166,-0.12835093081389812,-0.05019554483758906,-0.02917402454672924
0.0,0.0,0.0,-0.02603465144013735,-0.008465490212403613,0.030245958545660444,-0.04924234778902374,-0.012976921787237682,0.052926253282231404,-0.07672835830253309,-0.011756651913971692,0.06802361126805458,-0.1056752829299438,-0.011154472782036629,0.07531913291412763,-0.09660534124373085,4.0691347756292655e-18,0.023703789999103723,-0.12412316189539667,-0.012276212049344327,0.03167705393928144,-0.14351928836101333,-0.023423916177327836,0.03755634562071566,-0.1516207357659384,-0.05049343381615897,0.040623166070783166,-0.09814119374772115,5.7876553472945044e-18,-2.244474539820156e-19,-0.13403706108307425,-0.01562598681046899,0.0056521745149019234,-0.15241470260817866,-0.03791292658874473,0.004962133339485081,-0.16996705309387153,-0.059603162030544075,0.011179901085202584,-0.0904908877516426,-0.010280787218237948,-0.015267446157663947,-0.11963836583276465,-0.028245353566656032,-0.015180746505252215,-0.13698259459489165,-0.04874261716084487,-0.014177394089801428,-0.1508596104213735,-0.06675610816055244,-0.008897192778418387,-0.07457111016564394,-0.02010934279577607,-0.02927560477605144,-0.0957645062725887,-0.027455258905533828,-0.032421350682379564,-0.11390235580991048,-0.03984782077887507,-0.03325869443126947,-0.12721462832380398,-0.051728977490617764,-0.027526927446352357
0.0,0.0,0.0,-0.02666296547987723,-0.009740591394583446,0.030497772545262238,-0.04948706298705047,-0.014536026964489582,0.052550245620877435,-0.07779764065289001,-0.013339653356324158,0.0669900023631153,-0.1056857321583747,-0.014124704218860954,0.07455470448543172,-0.09617411614533812,-6.072442943472034e-18,0.023607874510414236,-0.12426808757369112,-0.01178816232771391,0.03150710654456729,-0.14483860405126586,-0.024312748564747397,0.03710702018001388,-0.15288936069347278,-0.04915569983239985,0.039162835887158916,-0.09791182845401188,-3.8630888413308285e-18,7.885990670142218e-20,-0.13420610817422546,-0.014008858444552741,0.00480946939764387,-0.153375262764882,-0.036132707649496755,0.004471612918140728,-0.17194705121427306,-0.05758164390632746,0.009192166059091338,-0.0896374464952464,-0.010027367947072196,-0.01565723396858459,-0.11989405950367264,-0.028421134106611862,-0.016894183503628788,-0.13640910711119006,-0.04583148477238132,-0.01506710212787007,-0.1501922531656009,-0.06647047288595352,-0.011062414420027257,-0.0742482408736749,-0.020230256426952434,-0.0307699767882678,-0.09676513219657253,-0.026983025625207702,-0.03357953200007021,-0.11565213506808807,-0.03851188816359007,-0.0351049677299761,-0.12989188848668018,-0.049525963951646414,-0.029827831382244648
0.0,0.0,0.0,-0.025835275412352192,-0.007725130641376049,0.029489137381957575,-0.04870554328940773,-0.014145123738441519,0.051532748151313534,-0.0773250067873125,-0.012219224102250166,0.06629738693216324,-0.10517323140374282,-0.014545868684935162,0.0741409753560736,-0.09585670839201206,1.8371558361686627e-18,0.023738111335275234,-0.1238844250374937,-0.011363534704649894,0.03092574747784604,-0.14423455615684985,-0.02322746944625882,0.03695656374114762,-0.15317625400979074,-0.048262538484737494,0.03840593396187824,-0.09713798523443339,-9.535136844603554e-19,3.403354820345018e-20,-0.1330633544164386,-0.013861450939430201,0.004127056267512929,-0.1527517286427103,-0.03557792094666431,0.003698733817987134,-0.1703181011230528,-0.05779391651101611,0.007874900129810587,-0.08889992740558984,-0.010646072366521089,-0.0160006169974851,-0.11930637901668328,-0.02872036968590058,-0.017076898502993054,-0.13594253168743406,-0.04553814541177732,-0.015638473660410216,-0.14983782150032324,-0.06656148146972385,-0.012342111579024342,-0.0729704386838803,-0.020541656102359356,-0.031040269540692028,-0.09537948260383929,-0.028159932559004428,-0.03305113509603031,-0.11409203421956644,-0.04034010091937636,-0.03528444161588963,-0.1278053903017419,-0.051249741278777995,-0.030848705852202986
0.0,0.0,0.0,-0.02577357767945588,-0.007582422157751057,0.02933749801876693,-0.048899114467038186,-0.013956189735561512,0.05147659207508136,-0.07744343754368994,-0.011892530861201163,0.06626605166382019,-0.10536462730170726,-0.014100066845468509,0.07410951661873252,-0.09585873199222926,-3.907577587354257e-18,0.023611669523446795,-0.1238028771041013,-0.011245642291393422,0.030801518203145733,-0.14415011745738765,-0.023185317024916205,0.036886686334462786,-0.15321216209122585,-0.04803951902299487,0.03837547831326125,-0.09708112746542139,-5.820304463340005e-18,5.449173971215995e-19,-0.1329197704504673,-0.013826391681845556,0.003931219036103947,-0.15273002445742906,-0.035407246345422916,0.003572735184822083,-0.17020770774490374,-0.05772161194220176,0.0077666923474764725,-0.08881792696703646,-0.010605679752783363,-0.016147905138356476,-0.11924413063278391,-0.028607483920285465,-0.017304394480296394,-0.1359228324080154,-0.04533347892589557,-0.0157516551884257,-0.14983773170991702,-0.06617263167715788,-0.012279182615908693,-0.07290579544588736,-0.020333097707356435,-0.03127176068087566,-0.09533602442970825,-0.027954813586995166,-0.03324612417220233,-0.11414034577699445,-0.040084636944628244,-0.035725144722380545,-0.12801347885915051,-0.05082117502530373,-0.031152087468375247
0.0,0.0,0.0,-0.02572800717605023,-0.00859930384093171,0.029723107910162146,-0.049341897372582676,-0.014161728496071535,0.05198485201989134,-0.07856060132736659,-0.012059667478888586,0.06674028721592559,-0.10656224293240064,-0.013606779284322842,0.07469772108096841,-0.09663170624159763,-5.9583035219201095e-18,0.023851567414919,-0.12354737826863535,-0.012730372526943865,0.03151695865370511,-0.1434859263401712,-0.026405211764171415,0.037134374427116146,-0.15119546099436823,-0.05184169376239472,0.03944058462479679,-0.09821693718181382,-6.934528522847965e-18,1.1727117581866428e-18,-0.13300748357708755,-0.015988843235261497,0.00448651722190154,-0.1513068074852722,-0.03879479127963028,0.004226064690930473,-0.1689952835882836,-0.06154841548894976,0.008622700700464496,-0.08952129441820518,-0.010506584094138955,-0.01602302768226371,-0.1189602303319624,-0.03012044819836441,-0.01682674494960907,-0.13485172864101186,-0.04759811851239216,-0.015109400860214029,-0.1477669823791392,-0.06855516050047691,-0.011271668855758957,-0.07363010209623326,-0.020260212208958,-0.03141237010697837,-0.09571749679572224,-0.028282862645673208,-0.03349864967521529,-0.11382692961030157,-0.04073760263246461,-0.035367876813280276,-0.12758801287213975,-0.05131285333667245,-0.0303219858035277
0.0,0.0,0.0,-0.025775087746773517,-0.00890470769990037,0.03034074720627545,-0.049293598686172786,-0.013494434937235344,0.05237754827921386,-0.07668084550257523,-0.01385723306746543,0.0663359407014941,-0.10450356540093289,-0.012860147679826028,0.07482365652809013,-0.09576903093575985,-2.4371065740321352e-18,0.023759953801442312,-0.12369941225185331,-0.010807213503581941,0.031978825349544854,-0.1447495087696231,-0.021164211896152463,0.03748565531078147,-0.1534300522684391,-0.04688195750793149,0.041118266968921416,-0.09759318404961141,-2.2270146020896687e-18,4.866084663904562e-19,-0.1347183129613092,-0.01301254479819873,0.004794615813336078,-0.15484448217233474,-0.034714376099388496,0.005011126544637868,-0.1728133616135643,-0.05549729000957794,0.011533446555571841,-0.08994377309733126,-0.010252032656252965,-0.01569026626519848,-0.12070633938160527,-0.0275302604508805,-0.0163551512305899,-0.1375778481337985,-0.04556657014092364,-0.013742989399503615,-0.1528140595358761,-0.06492001299663581,-0.008279925351053756,-0.07451976143073688,-0.020543475562183583,-0.029845540640845186,-0.09639083421531802,-0.027025652223241402,-0.03308508410955853,-0.11559110216803332,-0.03822837130014424,-0.03432981888814875,-0.129708350460449,-0.049918634586876114,-0.02851307963549815
0.0,0.0,0.0,-0.025943826501741617,-0.008188231380366345,0.031231002739463505,-0.04968210531130246,-0.01292605983664089,0.05324980222899511,-0.07687552973374005,-0.014120595780864236,0.06740407409879157,-0.10476148168080254,-0.013077290536548568,0.07539294479091933,-0.09845324713769749,1.8477043535326687e-20,0.024377241935018404,-0.12660314430813724,-0.010487305872385376,0.0326902199324498,-0.1465574292872349,-0.020276520370307766,0.03745223779235998,-0.1548510220603288,-0.046582982806668394,0.04007806249067404,-0.09936445996562578,-2.035281981390999e-18,4.073661857573586e-19,-0.13826770357314375,-0.01190548614775923,0.00552328635993832,-0.159793939582167,-0.03227815152106681,0.005722078906122074,-0.17690379259831904,-0.05291520215677457,0.012619843672697363,-0.09221747382539561,-0.010596010896961959,-0.01674664449587281,-0.12435938947941381,-0.0265594748649387,-0.01680028886987096,-0.14133894483290751,-0.04470259331280862,-0.014122142213924474,-0.1565069430417984,-0.064223451378184,-0.00697645087728032,-0.07650724976973226,-0.020996056658291514,-0.03194889132992783,-0.09891695846418415,-0.027615978767061723,-0.0344324050322388,-0.11965457575916737,-0.03808565789272452,-0.035349280835945115,-0.13421400183737225,-0.050081256619774056,-0.030004164872395492
0.0,0.0,0.0,-0.023523473509188868,-0.006851843540244641,0.0312915619446986,-0.04704447269711313,-0.012099064981342594,0.054345641163585576,-0.07491485872563405,-0.014571258687569625,0.0687758025269955,-0.10150386889340092,-0.01527403144385278,0.0763135533928888,-0.09897047420042951,-4.143540007770534e-18,0.025413224016444393,-0.12101118137911163,-0.01513289359996514,0.03172910291972325,-0.1342549063246243,-0.029374206421994092,0.03498098311315932,-0.13555544554146484,-0.06160417388180712,0.03552883101347577,-0.10034980403943569,-4.4398587343316e-18,1.7180909030358059e-19,-0.138218082736998,-0.015708174724601218,0.006848733402381472,-0.15740478460210977,-0.03902004488261249,0.007753313955765351,-0.17226049932420742,-0.0629318769274195,0.014339461280537183,-0.0945886591797073,-0.011627816709771036,-0.01778147395258451,-0.12461758154389703,-0.02883954512038153,-0.016754436676752478,-0.1413661456614412,-0.04988978569191158,-0.012985030526273028,-0.15440579211169717,-0.0714342844987704,-0.005773198036939821,-0.07798926647888305,-0.022245328794722682,-0.03315757085956652,-0.09956475237557866,-0.029779322175445124,-0.035364303592283944,-0.11963690221855146,-0.04258242617373419,-0.03519764456884994,-0.13391816492976244,-0.05871593017620471,-0.030680612073652903
0.0,0.0,0.0,-0.0244094776696485,-0.009301165645422957,0.03164422835689032,-0.04949215039178253,-0.015581298611027005,0.05376605149315871,-0.07635584570749687,-0.019566300754405217,0.06895596367471282,-0.10426712116437502,-0.025168388672659952,0.07612064091626693,-0.10020420859682397,-1.0968236044645682e-18,0.026522605383727468,-0.12163027629769317,-0.020285889027244455,0.028825074363710217,-0.12477918216253832,-0.033851772507508676,0.02989915839976183,-0.1086733949551948,-0.05803280543172912,0.029287216773001338,-0.09959459799944317,-1.5473801211775882e-18,1.1233789003244363e-19,-0.14188543398695577,-0.013155602946620023,0.003967985400808156,-0.16349372391435188,-0.03181324611169416,0.0034578740481575965,-0.18032277343206105,-0.05397546295385817,0.007792732569407011,-0.0942536443405806,-0.01084116764275191,-0.018627710804812427,-0.12818079414805914,-0.020727387392528336,-0.019493183386451708,-0.14948225680507327,-0.036768778010043045,-0.016426047756767558,-0.16587891760033724,-0.05475189120923125,-0.011620235735238293,-0.07736870754383214,-0.020266456380100096,-0.03466179096299919,-0.10213109757009026,-0.02622351351949955,-0.03833722424161318,-0.1254532731089026,-0.035983830575825576,-0.03921645222547052,-0.1395207992332752,-0.05041066603718267,-0.03635231684512087
0.0,0.0,0.0,-0.02465315658009484,-0.00983740917836302,0.0312337162020671,-0.04970528189674389,-0.01621642314324813,0.05276237895320427,-0.07652453849231171,-0.021156503265908493,0.06791404840011839,-0.10448025632655009,-0.02734127348992331,0.0745578389851956,-0.1001769205064358,-6.7090159655829495e-18,0.026561842463399255,-0.12150807215631819,-0.020057979652717117,0.028714342499570014,-0.1246733615029587,-0.03263388265770056,0.029260296436960084,-0.10905994111920175,-0.05710369363225209,0.02747069218534813,-0.09876351993354573,-5.439344390126571e-18,-1.8036111678631027e-19,-0.1422276562351699,-0.011261214547356036,0.003956691701851093,-0.16458965944599405,-0.02857449815968074,0.00251758510199401,-0.18181204701593656,-0.05112022677877225,0.005962483207260794,-0.09376430261670775,-0.010940480116439973,-0.019046839992464423,-0.1282613704650643,-0.019271523642852343,-0.02018558261063596,-0.14986648741011777,-0.03491638214341143,-0.017841032221884295,-0.16675817020445097,-0.052237677199107706,-0.013350555364881075,-0.07702101961625567,-0.019836723944806428,-0.03567623082380375,-0.10243294827928898,-0.0250507278694467,-0.03900676052339278,-0.12705470016067277,-0.03381310892243179,-0.040123837744429895,-0.14084440774452978,-0.04763708373160092,-0.037791614610078156
0.0,0.0,0.0,-0.021631692278325603,-0.00634044085961812,0.02922429205241058,-0.05041933575809671,-0.010223641197857031,0.051423828444191556,-0.07751500589155208,-0.009291291029567482,0.0679596205966097,-0.1085942245715117,-0.013163452123662756,0.07417657239609245,-0.0939294023800364,2.684530150522006e-19,0.026413466601746424,-0.10960727200162947,-0.022424345186911436,0.027791250139937867,-0.1027964289221019,-0.031210681760525535,0.026217819158184358,-0.08120268188850698,-0.04044591641564763,0.02289070218105736,-0.09399143045575135,-9.799778999799631e-20,-3.6890518402137386e-19,-0.1340078076720179,-0.010925620053524187,0.00222331990530526,-0.15882449505820573,-0.02318660310656198,6.602332301540903e-05,-0.17935217172839285,-0.039686331396251266,0.0009138605326522908,-0.0901698791191847,-0.008443521975631819,-0.018593307163698006,-0.12470109189887998,-0.013666092533580166,-0.0193940126670315,-0.1476858043287296,-0.02268330494654355,-0.01707592350296497,-0.1712579723287932,-0.034066034061556005,-0.012769910380327489,-0.07431129797184739,-0.015542578736001273,-0.034717545251512785,-0.10106484846048316,-0.019653472611137573,-0.03717676396098237,-0.12481930874561806,-0.023823272822641486,-0.03829693983010609,-0.1418980528591602,-0.03210356149190025,-0.03404002970377918
0.0,0.0,0.0,-0.019529710752102063,-0.006676781841338338,0.029646273080775023,-0.04733625977370706,-0.009630474790992993,0.053894834946540175,-0.07446368237819047,-0.008684720389318681,0.07013468606642495,-0.10509243573213234,-0.010436806837238934,0.07727368747053748,-0.09271376697030037,4.5527348830670944e-20,0.026899877425818865,-0.10263617198782403,-0.025606064012561793,0.030834449706550474,-0.0933622515212393,-0.034388607948414605,0.028674699124133108,-0.06790578683775049,-0.03660469022875975,0.024455498300255257,-0.09474265421562521,-8.081086193621222e-19,-9.886634579704833e-20,-0.13216038941868047,-0.01690163350600967,0.0026603329151079587,-0.15495417543706586,-0.03235668146202679,0.0023842333719809555,-0.17515580270724376,-0.050437254243854854,0.004299753635439817,-0.09011344251136018,-0.008879187438789451,-0.018809647944516537,-0.1239718131735058,-0.019310430032029167,-0.019160650273775153,-0.1450833989812823,-0.030134269138501497,-0.0146800863819949,-0.1682020464366373,-0.043061027811199915,-0.011208132792608802,-0.07410039340924424,-0.01682352208062648,-0.034496331772275825,-0.10035100941332671,-0.02300712385136441,-0.03615629544374113,-0.12353747141481071,-0.03038164174594942,-0.03591056187405575,-0.13889770426953024,-0.040219747092007,-0.030272082538453284
0.0,0.0,0.0,-0.018024019329573905,-0.005293446786803963,0.029260433695235556,-0.046482167852690257,-0.010207394832785615,0.053577862691310714,-0.073217973765759,-0.010584833718196006,0.07061123483534103,-0.1051677105135314,-0.014347323197235811,0.07747598903456904,-0.09135342518081839,-2.4220187479603797e-18,0.027037096476266773,-0.09828478180944615,-0.026677530171724535,0.029711029345890642,-0.0874395747788508,-0.030958612685396646,0.026636541495673436,-0.0639601712654414,-0.028172676898850967,0.019862004493913683,-0.09257263320069713,-2.1182022366072828e-18,8.035802611039662e-19,-0.13013893033438023,-0.01701174943587827,0.002028849419118621,-0.1517902443764689,-0.031734990058886754,0.0007460507672021037,-0.17224663129333806,-0.049191308090860114,0.0020893055034664453,-0.08976475671869415,-0.009085720104641622,-0.01933555386007719,-0.12302063855608886,-0.018691408085006276,-0.01942717765291971,-0.14522676563780737,-0.02949475687255788,-0.01561524515192517,-0.16913864443956264,-0.03814114350127309,-0.013371742702979852,-0.07427421618298272,-0.01583105634647445,-0.03477057283461582,-0.09847560670173877,-0.021472612607019055,-0.03683788516651508,-0.12325935003946427,-0.02862133490387295,-0.03688945742850664,-0.13833198512518022,-0.037696433628005094,-0.03293506302737899
0.0,0.0,0.0,-0.01764175582105856,-0.005366002156136112,0.029789996434587077,-0.0448403204734982,-0.00927403531750234,0.05417093032958277,-0.0704883065431884,-0.010786533076405978,0.07097835777700388,-0.10167013222502222,-0.01412697505710049,0.07799974345198177,-0.090560102851758,-6.679979651335654e-18,0.026389961109215824,-0.09605419603277779,-0.02666551084863773,0.03127437129162285,-0.08482530798128819,-0.03078067884120987,0.02872139566841983,-0.060653675280716475,-0.029165539270310053,0.021486891355184754,-0.09241619996591302,-8.133024218048573e-18,4.866463228281776e-19,-0.12884785047044614,-0.01872800132836415,0.0035546187628949003,-0.14958631414617732,-0.03445393861151962,0.0035050915275015413,-0.1700055451725009,-0.05263329538609003,0.005563263339095139,-0.08998584600617465,-0.009982380088872162,-0.019136370509512227,-0.12184517005504102,-0.020405341237044655,-0.017434604685936703,-0.14391196652180055,-0.03242817225829187,-0.01276970954752625,-0.16808335011081182,-0.042483364066253304,-0.010885473151687457,-0.07434964384037042,-0.017067699936328205,-0.0336848245811949,-0.09747791936210251,-0.023272256450241648,-0.03501484402809556,-0.1226883348805939,-0.0321696841206401,-0.034090361896179235,-0.13715886736259678,-0.04151050615603397,-0.029147557718102277
0.0,0.0,0.0,-0.01750118453317593,-0.006042798531928886,0.029879343922969637,-0.04450186352584237,-0.009421704019172377,0.05442500255202122,-0.07033008485656422,-0.010799038937213174,0.0710514598797592,-0.10111612326267472,-0.013106835754857589,0.07834471712501556,-0.09057824999895446,6.630612530101512e-18,0.026564895327511974,-0.09603530133232173,-0.027030375521425534,0.03175101612978484,-0.08517893539004279,-0.03221008167738068,0.029081324094491073,-0.060194243021829276,-0.032237252559848543,0.02157159020519404,-0.09278469771252444,6.522074491314461e-18,-2.4762913087209027e-19,-0.12986628062697209,-0.018108336238040583,0.003372347237243346,-0.15035843464528428,-0.034425009237137844,0.0033377186004403233,-0.17097916249244544,-0.05257473756088519,0.005756645899220406,-0.09046902549780456,-0.010174625033209995,-0.019035007416861156,-0.12251446812972983,-0.020394132714226566,-0.01781290052325589,-0.1443520859277432,-0.03227410380220323,-0.012814279620973132,-0.16807819776577876,-0.04306416243014516,-0.011311861742312298,-0.07469191359349239,-0.017939748840350732,-0.03335463778549619,-0.09797563018642542,-0.02387108318130414,-0.034995445610130405,-0.1229842230200342,-0.032316531733900505,-0.03406801572502812,-0.1371627605015455,-0.04258588804826527,-0.029613906453648368
0.0,0.0,0.0,-0.017615272142721693,-0.005933220888618682,0.02967589236412257,-0.04501717401045281,-0.008829647892643264,0.054255789671125335,-0.07079067014076483,-0.009946729643694738,0.0707669331512579,-0.1014832295515556,-0.012009542354617484,0.07776617565741396,-0.08997055928805107,2.880238679458397e-18,0.0264008186541557,-0.0962692594853607,-0.026137925647628044,0.03124582639262943,-0.08614680071490338,-0.03115980044053251,0.02909088930716986,-0.061768384989359194,-0.03142285908035195,0.022174148632720186,-0.0920161073081295,7.944859240256542e-19,7.848210100392654e-19,-0.12952040302670118,-0.016953171588503502,0.003217985011378396,-0.15057012824889013,-0.032312706699301474,0.0031604799387040857,-0.17152175876612727,-0.049754568993867265,0.005676744241277544,-0.08988952385665734,-0.009855537428112902,-0.018969052354122475,-0.12214420303224684,-0.01932233382022648,-0.01781001309457502,-0.14455599866538807,-0.030249899176228914,-0.013035409447097919,-0.16877760822107468,-0.040417669410764176,-0.011608638173621916,-0.0742980203670252,-0.017511619257818495,-0.033358944000058455,-0.09772388063379944,-0.02306799235279701,-0.03504423394164091,-0.1225648382865773,-0.030781910915095613,-0.03439613347906649,-0.13721328618932438,-0.040830919224388244,-0.030250640312702335
0.0,0.0,0.0,-0.017720549604940475,-0.005068551825172036,0.030324006891966356,-0.044675573420187395,-0.009025333710915767,0.05494952309556927,-0.07068182979124463,-0.009645357297119432,0.07221674342738722,-0.1021628887094186,-0.011678941871940263,0.07903641185013698,-0.09206887278014343,9.501508799077188e-18,0.02698458611866315,-0.09534529767019938,-0.027571213465187212,0.032584034456223175,-0.08329222284101548,-0.03328593743456208,0.029476142469278342,-0.058685726127390245,-0.03247737257255504,0.021171045379971963,-0.09402729810272753,9.846416140669013e-18,-1.3920517838608626e-19,-0.12998539276190632,-0.019405202446655515,0.004177858402018448,-0.15004388602396368,-0.035546537037836355,0.004276115573869561,-0.17075513062490655,-0.054760912511566784,0.0061791780506436685,-0.09151752763162932,-0.010824918792767365,-0.019048675401753472,-0.12212831053936168,-0.021463361236963005,-0.017128903954517816,-0.1440518945103721,-0.03378719313015898,-0.012185784340463123,-0.1678890259041516,-0.04515585349410585,-0.010549789359824398,-0.07486566193130301,-0.01868098104711021,-0.033364747279755747,-0.09756416100544164,-0.025015433304124268,-0.034654022260274905,-0.12270147553761002,-0.03420114407022006,-0.03378982094877622,-0.1369156963434231,-0.04410587142662114,-0.029591460644116163
0.0,0.0,0.0,-0.018474793096999856,-0.005308736639097915,0.029626352095129847,-0.0464541180864839,-0.007578288702161883,0.05298528629149474,-0.07230824737772606,-0.0073071701633858266,0.0700686304861203,-0.10304285648634567,-0.009703003682400253,0.07704704459172876,-0.08874498825220764,3.3148251819763738e-18,0.0266758922428085,-0.09953148526742386,-0.022575736830829692,0.030141013771391407,-0.09159351051161524,-0.026038090125892022,0.02785412878508955,-0.06947441261918617,-0.02545267705511427,0.02216286664398076,-0.08985943343440449,4.159218444030827e-18,3.5436345548144247e-19,-0.12997338610544767,-0.012412171622495536,0.003790845437564211,-0.15296863719405995,-0.021985835762310064,0.0028982693655510753,-0.17395862674937793,-0.03442892317867419,0.0040382070006759795,-0.0885723449637206,-0.008180886919856994,-0.019448291971430696,-0.12175625651538563,-0.0146491529459321,-0.01843118979517204,-0.14533632686718148,-0.02197974190178063,-0.014021254252222512,-0.16901569712534545,-0.02827297341486246,-0.011603640507793476,-0.07426343968991707,-0.01403582323289565,-0.03436739935317492,-0.09928448868375213,-0.018615510339568583,-0.03569432153092457,-0.12431674972255906,-0.022729518240114197,-0.0351460395185755,-0.13888936676373648,-0.029665614103143424,-0.03148519478305471
0.0,0.0,0.0,-0.020259712186105956,-0.00582850662865948,0.02776675797307628,-0.04804851713200216,-0.006457280764738171,0.0511847459899074,-0.07338101011949606,-0.004050408279151693,0.06891059816449721,-0.10235899927852436,-0.004990343340448538,0.07623214516199861,-0.09050996899281302,-3.471783756571122e-19,0.025536018330353526,-0.10267884716525259,-0.019958760277219913,0.028812101206476683,-0.09647078429377737,-0.024691486741622606,0.02827713576504916,-0.07605094882379247,-0.029446469185394057,0.02478242752789671,-0.09110267501134368,-5.379935609679939e-19,3.4911343222203504e-19,-0.13031867943561923,-0.01020850842061115,0.0026562992604859327,-0.15504605379201772,-0.017931466883436088,0.0017098673138095262,-0.176251909951271,-0.028382840557724418,0.0019755408707465547,-0.0884486822082213,-0.007647680095922858,-0.018567068125562542,-0.12168419972999917,-0.012100459773282128,-0.018384401042985984,-0.14611597353892486,-0.017310834595183826,-0.015425313817159168,-0.1704981751127124,-0.021864403497798914,-0.011938086467368401,-0.07355991018469644,-0.014190062319318603,-0.03347955720571596,-0.09954669669916626,-0.017940225410053766,-0.03553386176861085,-0.12323821732751883,-0.019757080965854,-0.03567136723788005,-0.13983085660396385,-0.02556422046330494,-0.030933354460571424
0.0,0.0,0.0,-0.021039007028074347,-0.00817187710846896,0.029394640450597972,-0.04839460765457851,-0.011378796041659638,0.05208661103102214,-0.0752738271650656,-0.011734917004581763,0.06772829111063362,-0.10352609856657266,-0.014286180184603866,0.07643153956286772,-0.0945076277831292,3.870586742445133e-18,0.02491163793569111,-0.10610610449072037,-0.02263756744403873,0.028234471501352408,-0.10248703382947548,-0.032505961335453956,0.02882208119504494,-0.0832354395561787,-0.046293228756007054,0.026527616410471307,-0.09533170519448379,4.25334328392797e-18,8.401205607667127e-20,-0.13363091070075744,-0.01449477599079039,0.0022871959728938333,-0.15541337423979382,-0.032225296994114715,0.0018201466903278053,-0.1731207721086478,-0.051724225338895445,0.003393475658120949,-0.09103906867634369,-0.009970218237250889,-0.01843283920955747,-0.12335905803241601,-0.01968298756797036,-0.019275684741623538,-0.14397994905262823,-0.03240988197213883,-0.015743406343420405,-0.1649734715255495,-0.04692663884128921,-0.012143062808555986,-0.07441008908786192,-0.01813724083881988,-0.033448044310042516,-0.09838185207396292,-0.024690501397526692,-0.03633837970125442,-0.12032928206146472,-0.03378336895285216,-0.03649974489639548,-0.13494596311722865,-0.04580329098042736,-0.033248482823278816
0.0,0.0,0.0,-0.021938165243878743,-0.0072088418578794096,0.02917480916493412,-0.04936433010655021,-0.012735093959703101,0.05292248533038136,-0.07940974759769313,-0.011806754112601138,0.07025796954177425,-0.10845129816315836,-0.012537669615774467,0.07810049966557106,-0.09806481891127372,2.0997928150870323e-18,0.025662198486037336,-0.11374148280820108,-0.02054127243692041,0.02740300403840284,-0.11630261729118067,-0.033703227389850404,0.02816192914236492,-0.10257305878318441,-0.05377297963086965,0.02716341170358221,-0.09947983630245368,8.650548346575697e-19,1.0551544853125796e-19,-0.13627869852392324,-0.01982442658402707,0.0016640991133760252,-0.1563769262268045,-0.03899017051827844,0.0007196973849677295,-0.17331525344127316,-0.06028271760992035,0.00273980577351084,-0.09371387332852744,-0.01013829809719525,-0.018110947630699203,-0.12390028830354412,-0.024581231983396228,-0.019159616479261937,-0.14453019193428362,-0.040963021088493826,-0.0178013779123526,-0.16181995573025745,-0.056282444519420445,-0.01444967314416317,-0.07676182724130629,-0.018493689496416263,-0.03380962478234351,-0.09894345538808895,-0.026203159009613095,-0.03768000017004594,-0.11993213879833965,-0.036513256507226914,-0.03837652053760017,-0.1345409797427331,-0.04858591086546406,-0.035272302598468495
0.0,0.0,0.0,-0.02158699832667935,-0.007565299112407838,0.028790700492714077,-0.0488653040917647,-0.013072977215011723,0.05262178745685392,-0.07887288251782153,-0.012341413731460272,0.0698634833780045,-0.10761593354642286,-0.013357239156469195,0.07763625202627236,-0.09724301882702174,1.3726103924879063e-17,0.02547495986248976,-0.1127557284005114,-0.020637716082748617,0.027391643419119996,-0.11548666472648556,-0.03419901498481203,0.02796219309250945,-0.10169785006650474,-0.054411020531289433,0.02643702152324715,-0.09909133332110735,1.3532118930146503e-17,8.635263309013682e-20,-0.13565214699881925,-0.019705823307883577,0.0017498220667081785,-0.15555160155288086,-0.03902330968723973,0.0007584290685222327,-0.17230329899792754,-0.06091647218376539,0.002483302805728033,-0.09334175661569098,-0.009978820494558118,-0.01798675342860499,-0.12356139441616719,-0.024392821273225222,-0.018932899794733855,-0.1442208595271348,-0.040706392150961064,-0.01751195483713978,-0.16165876612500038,-0.056250313179852136,-0.014646897336716494,-0.07647309841867908,-0.01820664037719549,-0.033813249714282775,-0.09873304868918639,-0.025966402409367133,-0.03752447256773487,-0.11956093698616188,-0.036313295749055514,-0.038164298266627976,-0.13432403221507774,-0.048382819107947506,-0.035107232233667296
0.0,0.0,0.0,-0.02382556586557363,-0.007998438447631958,0.02996659306562405,-0.04787781098979194,-0.012434511838200083,0.05264831200948642,-0.07643599871031281,-0.011907628693658323,0.06831450324774313,-0.10263831882799421,-0.011489078709129616,0.0772160041973199,-0.0939271376498519,1.0111100947365425e-17,0.02386788195074209,-0.11557230411520787,-0.014802079568389146,0.029404175795970166,-0.13009374551561675,-0.03044806884265155,0.03079261622157317,-0.12928059305525622,-0.05793387875273832,0.028467697419467156,-0.09657591818893531,1.1069106894636191e-17,-2.7817686565723383e-20,-0.13194873892696007,-0.015220423311890342,0.003875028869389408,-0.15149522602307844,-0.03657056644209489,0.0012859037902274877,-0.16895719228236472,-0.056902558877182416,0.0049394591076926805,-0.09038263694275561,-0.009706433750560487,-0.016474642572289405,-0.12092503237944753,-0.024796017810564355,-0.01762001261395345,-0.13870908177635904,-0.04213630269977366,-0.015596956581610758,-0.15278877768875368,-0.060649075046150684,-0.011940838199095378,-0.07512914144875157,-0.019014531581510768,-0.03334753903837947,-0.09748622459938178,-0.02429340995200563,-0.03569318812300708,-0.11695853180262927,-0.03444464342862424,-0.0363592666195521,-0.1324961034193894,-0.04684809568387142,-0.031236457924592915
0.0,0.0,0.0,-0.025382721522544595,-0.00836828857248803,0.029943146182419982,-0.049145767783855425,-0.01227731785834323,0.0527406553828136,-0.07651028290198968,-0.011621112698309122,0.06823350512239791,-0.10386791851991908,-0.009465411269671934,0.07869123345553178,-0.09529521564239275,3.3785942931568884e-18,0.0234893741829583,-0.12122481285406973,-0.011950738351602888,0.031248835898905317,-0.14124970720459276,-0.024783742998566723,0.034107692981668554,-0.1467063300093932,-0.05302753945713235,0.033958510346615844,-0.09747730641630499,4.088630104348039e-18,-6.460797571921992e-22,-0.13399868605702106,-0.012971631143664241,0.003615870903249473,-0.15404583930922763,-0.03458006068159697,0.0021139039988422106,-0.17259908042565575,-0.053100395627003014,0.006855182387693652,-0.09048813140889249,-0.009818510188955992,-0.016430290839974427,-0.12224565124349715,-0.02490308881024186,-0.018007793462444646,-0.13872352488461778,-0.042249692926522996,-0.01597474989804798,-0.1538211691001842,-0.061911092891748745,-0.011575781074198637,-0.07574661696413068,-0.02018883392454994,-0.0328817954331245,-0.09777307467615631,-0.024828899697975196,-0.035498549980763315,-0.1174511507784392,-0.035354744257849756,-0.036646093025420004,-0.1328594205769724,-0.046272870259621776,-0.030835630737168614
0.0,0.0,0.0,-0.026324741965006865,-0.008225133027254038,0.02926289233483085,-0.050636543398420365,-0.012082189569343134,0.05141694454908655,-0.07763566305673059,-0.010991377261494194,0.06678043957256052,-0.10512589259887783,-0.008099646138092595,0.07721414374195494,-0.0953007260698685,2.0932793235251513e-18,0.02312820638099596,-0.1225372095357354,-0.011005595169138573,0.03120520092384606,-0.14378598506207654,-0.020772599364371622,0.035040641064591024,-0.15200300082902213,-0.04714525295547407,0.036054824173838734,-0.09693627785337089,1.2944450919650648e-18,1.84115876994796e-19,-0.13315287241468474,-0.013318969239083475,0.003253487942533674,-0.15338310123534996,-0.033990980774717,0.0009005712384996243,-0.1721338120126244,-0.051446682724305776,0.005634467098019642,-0.08974441582040982,-0.010047073432317026,-0.015703018840263608,-0.12120017304651107,-0.0250273447398279,-0.01809295964921376,-0.13781936329650166,-0.04158378726697687,-0.017231653579286608,-0.1540221576896195,-0.059315807233828004,-0.013837856153158938,-0.07487704000576187,-0.020225774365569497,-0.03175074008115515,-0.09666875398308591,-0.02536768676662802,-0.035075192154950884,-0.11598304388925064,-0.03558789206421829,-0.03672671927118191,-0.1307473545178607,-0.04564355155281402,-0.031281968358845405
0.0,0.0,0.0,-0.02630181060804515,-0.008639121508358497,0.02880703644111501,-0.05038312095891131,-0.012007145325793564,0.051531814324563864,-0.07723422663589341,-0.00968988651353783,0.06657530371823527,-0.10474488277570027,-0.00611393568571508,0.07613404311786336,-0.09424001772549336,2.6812414742769513e-18,0.023076286772966494,-0.12181059944416409,-0.010110708967716904,0.031155880284039303,-0.14386163210104988,-0.019140641154800117,0.03528268535904445,-0.15319254255490952,-0.043366640928312924,0.037369708349861114,-0.09599456038724866,8.582381167777026e-19,7.298890118471272e-19,-0.13252725940226204,-0.01246824815678139,0.003119279600072383,-0.15299712321147566,-0.031222878426172947,0.0012557025495013648,-0.1729499943884204,-0.04814488077297336,0.005457530003603353,-0.08888846792676879,-0.009500129068200002,-0.01574431411083282,-0.11970830333531998,-0.024448236539914785,-0.01788299946994919,-0.1376502650761868,-0.03945860849658765,-0.017171013691618428,-0.1540982486155851,-0.05529196747286738,-0.014043312957874499,-0.07408926177913266,-0.019228821841125503,-0.03076985761997644,-0.09604979993033226,-0.02386560221897732,-0.03461476419927086,-0.11522366440232244,-0.03314328322965293,-0.03635598538986539,-0.1301087021712881,-0.04187000872857823,-0.031132404029797334
0.0,0.0,0.0,-0.026496711033629494,-0.009479503354179698,0.02931981829991039,-0.049752840267969875,-0.013593052429545638,0.05180551777908939,-0.0784715583528358,-0.011513440261277074,0.0670266288675856,-0.10602946015698385,-0.01033771266980395,0.0756766041846107,-0.09573421934339486,-5.2584470211964305e-18,0.023440283734615576,-0.12316745786148904,-0.012144789048344696,0.03042365685337937,-0.14417644021375034,-0.024721509664444606,0.03531450601876606,-0.15213301656739084,-0.049686962288496686,0.036945195990962264,-0.09784098126859196,-5.031212777959265e-18,1.1023264105648802e-20,-0.13271580703260458,-0.015159196858328387,0.0027877124186581727,-0.1513652428996217,-0.03699141913756262,0.0009477876243681789,-0.17006949290471557,-0.056803198501236614,0.0046827239435510825,-0.08914670429769529,-0.009704682303062487,-0.016101948198941576,-0.1187013546017044,-0.028084048952674443,-0.01871503269993752,-0.13484932886949955,-0.04471979120289513,-0.01812067664916256,-0.1494479729929877,-0.06385926866295177,-0.015347549753973951,-0.07346128528961322,-0.019522028033044873,-0.031202743417788736,-0.09542750667110128,-0.026128988872717914,-0.03466121466706181,-0.11375939235753021,-0.03691700932001173,-0.036894184916564536,-0.12852343608421632,-0.047303618099513,-0.03178101559545094
0.0,0.0,0.0,-0.026249584905945655,-0.009525695046219605,0.029778103579638907,-0.04952987850324175,-0.013936359543620087,0.05198779457980761,-0.0786812527411343,-0.011616553208570543,0.06702028034793889,-0.1068104766990125,-0.01045798113131473,0.07566500504294725,-0.09644765806390178,-2.3190132550016014e-19,0.023673019060441787,-0.12372014806990743,-0.012436800438588164,0.030893789561092573,-0.14449875991191238,-0.025393988100837872,0.035815674391519385,-0.15217342568936965,-0.05007398515377668,0.037488216843885376,-0.09868995258606042,-5.247216079827068e-19,3.5946478979456923e-19,-0.1340282174406101,-0.015129994229145266,0.0031104213797763613,-0.15248191694380286,-0.037263545261060564,0.001458103593152104,-0.17078708950765875,-0.05758532347605838,0.0056204569684026855,-0.09005692642287699,-0.00997071348277465,-0.016180946300446194,-0.11986957740352527,-0.028732509250002067,-0.018550980155283097,-0.13561551486423679,-0.045667977182015596,-0.01770930749909456,-0.14943540809753134,-0.06543399207311502,-0.014706965564553164,-0.07436040265595537,-0.01983005419791524,-0.03159131111933051,-0.09646356792949584,-0.026710589053730065,-0.03470788141456181,-0.11499953030966235,-0.037936000035396794,-0.03688597507068428,-0.1294607134138653,-0.048165457788053125,-0.03169130573265822
0.0,0.0,0.0,-0.026347234970481068,-0.00978014605331227,0.029263324464146524,-0.050227183655187906,-0.01332899123641173,0.05138332263837821,-0.07843438409506326,-0.010770654977938023,0.0664283877143758,-0.10603440639609478,-0.009573595410039338,0.07538898519665127,-0.09534544009750026,-1.248494459305314e-18,0.0232608230983197,-0.12256990077613951,-0.011453196675491583,0.03018368752311011,-0.14404952707623767,-0.022588566231738046,0.0351310120224194,-0.1530217458173609,-0.046203517171061984,0.037061961149418274,-0.09729354226853681,-5.931356614201334e-19,4.741040675433716e-19,-0.1325891509161725,-0.013678099293227731,0.002311264274846674,-0.1519186519576259,-0.034625790400944004,0.00016143049987070112,-0.17150215726391846,-0.05236129323698323,0.003622853365199734,-0.08899279115539424,-0.009306278441703172,-0.016301085981953654,-0.11933119563954651,-0.026334525562182264,-0.01934791347873763,-0.13575812189910214,-0.04209502102030694,-0.018682820776916104,-0.1511527226226014,-0.05996462502365524,-0.01614400088321476,-0.07386756903972395,-0.01881110014922956,-0.031151676794498838,-0.09548532603078184,-0.02469629307626442,-0.03514941335140209,-0.1141455680412017,-0.034274918565439634,-0.0372688251792579,-0.12865992552386196,-0.043868511843147044,-0.03238688594167963
0.0,0.0,0.0,-0.026638216494540273,-0.009662712950940611,0.029314326294467848,-0.05003399684456991,-0.012896576510996996,0.05188919582153002,-0.07753360110323217,-0.010325019686171716,0.06718161254206367,-0.10514636385853249,-0.008350149811364088,0.0761069612227858,-0.09538738044609925,3.9251622581050035e-19,0.02305610781185159,-0.1224757410668376,-0.011402762430618033,0.030821406577791605,-0.14375728933623838,-0.02317082373156027,0.03630165227015596,-0.15218671289248561,-0.04817506516982563,0.038648142612945705,-0.09754777637010677,-9.422097444019354e-19,3.376052884122396e-19,-0.13218328828192508,-0.01451559933948828,0.002886092033932812,-0.15141418101416595,-0.03582459183061606,0.000703616744707953,-0.1708616801115759,-0.05485157788502024,0.004284515689168114,-0.08927821792764119,-0.00958052264337145,-0.015697638704299393,-0.11868107271483555,-0.02729241357349167,-0.01848857312944335,-0.13530155577232372,-0.04396941224019873,-0.01785683499436672,-0.15043311658866235,-0.0626135887626394,-0.015165313388300124,-0.07388167447693857,-0.019368900097759413,-0.030616920108894514,-0.09540640199424165,-0.02550438639530516,-0.03436161938131891,-0.11352501492934056,-0.03612639617683761,-0.0365693845420326,-0.1283545917115748,-0.04677094695237991,-0.031191400544724288
0.0,0.0,0.0,-0.026456342331313016,-0.009422834015941108,0.029361858308347876,-0.0496800358929818,-0.012909390825015625,0.0522346302517471,-0.07690463816237773,-0.010339615028621268,0.06748878805395321,-0.10479027646538465,-0.008441501495309627,0.07648774824475447,-0.0950243780668927,4.941583881180023e-18,0.023004027786588457,-0.12212105384143145,-0.01116884755279597,0.03111153845090397,-0.14319298974364109,-0.022729267465403536,0.03673945907267005,-0.15155150845280677,-0.047900967230770544,0.03954566581659019,-0.09700409768931649,6.228260299627143e-18,-1.720827526694861e-18,-0.1319690458060308,-0.014436461533416534,0.0034099313077013992,-0.15142663911024618,-0.035514633084937124,0.0016784983409058017,-0.1706527468233169,-0.05447900327215007,0.0058565663039437015,-0.08907385638030459,-0.009411550811146505,-0.0156121075696312,-0.11844715061630982,-0.026956803813837343,-0.01787279825411146,-0.1354400818299495,-0.04377457073628596,-0.01701155036706971,-0.1506653112502356,-0.06215677075583687,-0.013806531580765644,-0.07369760070351417,-0.01924406867747554,-0.03023976288769748,-0.09519632858627508,-0.025322627592315527,-0.034092178415935474,-0.11348127643810464,-0.03598660470723336,-0.03607599768719659,-0.1283878100134488,-0.04673210731960335,-0.030730437559180025
0.0,0.0,0.0,-0.02575191940457976,-0.00879992023050301,0.03003225057083258,-0.04886345376448401,-0.013340044721987993,0.05205923192756012,-0.07741743861710253,-0.01140626510130592,0.06686976360770851,-0.10529680449020075,-0.010975391855008896,0.07597427835656387,-0.09560780882771791,-3.963404110293037e-18,0.023834496680515058,-0.12319561688217726,-0.010869154905471266,0.031498534763606374,-0.14413700130799856,-0.021890406869226758,0.03716097192108375,-0.15307514693280627,-0.046161931229747565,0.0396657839544945,-0.09752878848322889,-4.484809964790325e-18,2.8863696516857607e-19,-0.13367651020335536,-0.013546883087180146,0.003139557223299975,-0.153319771993643,-0.034371329009707643,0.0021576438407669304,-0.17214946202960624,-0.0538578703631148,0.006613672697027962,-0.08934244939444526,-0.010191651937879041,-0.016118777806567886,-0.12001124545723027,-0.02810837804680487,-0.01801695859581752,-0.1364492727160469,-0.04383786079886453,-0.016731579290377892,-0.15121472692679247,-0.063045501450471,-0.013314633788183634,-0.07401019490524884,-0.020342601573876313,-0.031124269266034735,-0.09622157043974153,-0.02708668184726986,-0.03389081810987875,-0.115367425309012,-0.03780175028403765,-0.035631940310725606,-0.1295715165254144,-0.047392368467506954,-0.030279166169918808
0.0,0.0,0.0,-0.025375326674869754,-0.00868705480310542,0.030178993092029177,-0.048235619201049545,-0.01318805949188677,0.052336998376434955,-0.07703064815811264,-0.01139755281785128,0.06723937734682797,-0.1049411940541381,-0.010973556326639353,0.07630177127565686,-0.09616972370257801,8.849098059970449e-20,0.0241556852448339,-0.1239853935436847,-0.01091063483319297,0.032095899162499504,-0.14461605256268506,-0.02194836372379312,0.03827691966870931,-0.1534978268883649,-0.046589231978963544,0.04122366886659828,-0.09816748034822227,1.5485893041367759e-18,-5.708325521225795e-19,-0.13469367713104516,-0.013899817205880844,0.0036983380145935814,-0.15421170661184835,-0.03510566634150892,0.0033509325375398686,-0.17255850071299103,-0.055264787065543074,0.008184943359891495,-0.09006842984406882,-0.01054385346534023,-0.016200368458101976,-0.12078235502901725,-0.029219181011565676,-0.01765768996717824,-0.13712659189497786,-0.04558727300075954,-0.015951662804915,-0.15145871463283572,-0.06549662899761045,-0.01208889105644825,-0.07458668688451722,-0.02097858554093047,-0.031222058348316067,-0.09690804738377413,-0.02835431056798329,-0.03357585988702002,-0.11619766078412701,-0.03961220287094427,-0.03517785042233612,-0.13026556058589137,-0.04961502574148968,-0.02960659887309806
0.0,0.0,0.0,-0.025624443165860353,-0.00846815537470844,0.030429263641996853,-0.048360566000225785,-0.013013937081149958,0.05281918840620204,-0.07698268476067524,-0.01126456405355426,0.06745340704574726,-0.10489477133259137,-0.011073732131515825,0.07628277440354493,-0.09617424616259296,2.560103678227825e-18,0.02463194705173381,-0.1242287157757612,-0.010494039330298376,0.03253085228791585,-0.14511920716927232,-0.021029995047238455,0.03881294836621319,-0.15412153945183685,-0.04523347815266896,0.041925147337651694,-0.09796157876889604,2.95220145404595e-18,-4.140324278515749e-19,-0.13509534887487284,-0.013475438123986931,0.003785415337586286,-0.1549199869230089,-0.034317437384058326,0.003797976245050759,-0.17336372033217126,-0.0545918212265854,0.008576841649843478,-0.08997812583631795,-0.010576652409149739,-0.016135192150686227,-0.12111379145753057,-0.028967968791200668,-0.01740502831362179,-0.13788337214583055,-0.04520089872872359,-0.015289646421444243,-0.15221279930305925,-0.06516701677792974,-0.011604745403121825,-0.07446148242511368,-0.02093497033297644,-0.031135794852190292,-0.09701622613594253,-0.028467010810456824,-0.03343419931038366,-0.11656006805606493,-0.039651179125372894,-0.03465792417436014,-0.13065391389925146,-0.04970396693924539,-0.02923734266688964
0.0,0.0,0.0,-0.024778308555093866,-0.007932071508947933,0.029903288512601756,-0.048165770291053234,-0.011898485111523199,0.05275348632411312,-0.07767577345919804,-0.009331745959000243,0.06804677881969899,-0.105846205781812,-0.007868910650859609,0.07663620790185137,-0.09597276277598626,-7.864074739532476e-18,0.024381128357120828,-0.1233675994798481,-0.011140498209763913,0.031970470428328485,-0.14374649676165208,-0.02296183326582539,0.03819516803125797,-0.15196402431244438,-0.04908931023038512,0.041335934741273665,-0.09790561214365932,-1.1168477445790682e-17,-2.471789765977995e-19,-0.13366623627479948,-0.015757690361057623,0.0033737122488986075,-0.15221279673520577,-0.03765781275136293,0.003156790346121008,-0.16980810643460928,-0.05858059531801121,0.007932772735207008,-0.08961290110754849,-0.010654796164464637,-0.01640461733402723,-0.1193748146543706,-0.030378770552820303,-0.01749871584029005,-0.1352406522230589,-0.04790063819243222,-0.015696445892585925,-0.14904425212243994,-0.06872925201803172,-0.011567072805503741,-0.07354910753251255,-0.020910019335252775,-0.03110209486290271,-0.09550437121441412,-0.029378170638142336,-0.03378044404094192,-0.11409238509636242,-0.041322621796409935,-0.03501752738741396,-0.12770195123969336,-0.05178514340787711,-0.029399501337703565
0.0,0.0,0.0,-0.025270700472287164,-0.009318311578757644,0.029371127657363747,-0.04823605309828174,-0.013538372892540783,0.05206955379954121,-0.07635379349406533,-0.011835922810904037,0.06694215712985634,-0.1039398544993886,-0.011127063750669722,0.07651018047822017,-0.09480731331120998,-4.719394457402454e-18,0.023575559463659152,-0.1224039309004847,-0.010689865418626036,0.0313851912417355,-0.1433698635726596,-0.021439037487208094,0.03715562793098728,-0.15269923140135466,-0.04514156917407392,0.03977388728019205,-0.09657831833299772,-5.296056959095262e-18,1.2313472637010311e-19,-0.1330978876298024,-0.013057789233484001,0.003131678988908942,-0.15316911126738172,-0.03334806241380186,0.0024016942628079315,-0.17249844949962134,-0.052402301769076655,0.006506696380759405,-0.08869718552800902,-0.009919506867181141,-0.01639849157898125,-0.11975609690458916,-0.027734679194636826,-0.01813973667551442,-0.13651712426266507,-0.04321726197057546,-0.016492193290282953,-0.15188487819913027,-0.062084128649494155,-0.013245317867135793,-0.07357472421845278,-0.01975843185100719,-0.03111619170125439,-0.09577846848310226,-0.026393027820714385,-0.034181003926046255,-0.11541079685261324,-0.03641746633910956,-0.035771440595792195,-0.12998104642001648,-0.04594718616776931,-0.030372116447198658
0.0,0.0,0.0,-0.02484789453371795,-0.007855923489594964,0.029861080198130323,-0.0480985784213352,-0.011560463797817685,0.052809064782720926,-0.07751049726925226,-0.008494849483590252,0.06821356994351775,-0.10553769412287625,-0.007494872527253658,0.07685143113099718,-0.0953976136769564,7.080832772046135e-19,0.02407396726806056,-0.12240545856994745,-0.010974981385902633,0.03181521391824812,-0.1429462549006753,-0.022777430741155583,0.038675353707235495,-0.15099130676874606,-0.04860428612832478,0.041597238773662955,-0.09751463023962141,1.1360488193045625e-18,-4.53590175760164e-19,-0.13272478190756729,-0.015564146674863739,0.0036125945306861276,-0.15129347346781497,-0.03786539982363862,0.003586357344839178,-0.16895894722922514,-0.05857460260997625,0.008821575283831748,-0.0893342285680609,-0.01068408028793911,-0.015912583375682434,-0.11870665257808236,-0.030293365773229296,-0.016964861946889263,-0.13455970873456005,-0.04772651789968385,-0.014987371281769645,-0.14802937294003926,-0.06878042617554234,-0.010884195823695696,-0.07335771520213583,-0.020925807227438385,-0.030551263381256345,-0.09500661431592969,-0.029362744011002216,-0.03314556240815197,-0.11352534763747656,-0.04113509476624578,-0.03455006238361315,-0.12718955412666663,-0.05169124677132152,-0.028893995350137314
0.0,0.0,0.0,-0.02553055536353123,-0.009631081215202095,0.030192230276211936,-0.04862903820555787,-0.013895439343049104,0.052652586404589447,-0.07695387744571679,-0.01203284300333583,0.06744806888270341,-0.10516394677877075,-0.011306909827395203,0.07722422541519845,-0.09580828222200738,3.320302978787853e-19,0.024024470819281486,-0.12370927941592572,-0.010691082749007682,0.031956589806308784,-0.1445115162257963,-0.02181138135137362,0.038123367732811914,-0.15338226209620065,-0.046712798832018836,0.041336165599605505,-0.09756241816705011,-8.89473930123171e-19,4.568067838943501e-19,-0.13434350120000216,-0.013397743548508681,0.0036209950206330973,-0.15407937050547194,-0.03533947612905434,0.003088899896668212,-0.17289324398041395,-0.05550294009068459,0.007843398840092365,-0.08943286717644774,-0.010054705046569436,-0.016146605972672215,-0.12051432927036429,-0.02860480618911328,-0.01776917618429227,-0.13681379832582352,-0.045748015864812266,-0.015864789991419243,-0.1516351283210232,-0.06589070884939006,-0.012358777932195022,-0.07415678736425493,-0.020273961611917354,-0.03103335954038904,-0.0963382281916863,-0.02725102321360995,-0.033835141089011915,-0.11570430202628354,-0.038308889772312275,-0.035132283566535576,-0.13016750368088517,-0.0488964284336598,-0.02978997328001554
0.0,0.0,0.0,-0.024522678794661093,-0.00977503794082358,0.030821573213188583,-0.04800014086339794,-0.013194393165576154,0.053674493277232525,-0.07718202025143532,-0.011778658963114978,0.0689394731747914,-0.1053533292830323,-0.010228176631336551,0.07868908836509016,-0.09622844512477186,2.291058686200372e-19,0.024525106756010065,-0.12210741391759604,-0.013013436014756777,0.03165013404671568,-0.14093683041433103,-0.02640770772320433,0.03723412315574523,-0.14580928385136208,-0.05418428032503489,0.03899954119609822,-0.09887688226378777,-1.5810779859175324e-18,1.6950917923386225e-21,-0.13552344052803172,-0.01456596106467237,0.004035685905505685,-0.15410654819817235,-0.03802087629833016,0.003536037736895824,-0.17139288714534462,-0.059141753230787616,0.008873344488578124,-0.09093749228733913,-0.009950411684124071,-0.016913212338711,-0.12223662589699613,-0.02877668608544163,-0.018438123530394472,-0.1377029951515218,-0.047830439414761616,-0.016274577926123607,-0.15134123879798483,-0.06969361452757854,-0.012195466628962752,-0.07555418092666093,-0.020029217033317136,-0.032210809591231584,-0.09847081164938423,-0.027625137573489562,-0.0351256994736975,-0.11706879600785061,-0.039441717834443994,-0.0359038180307061,-0.1312595915759114,-0.0518799413599254,-0.02967238627504009
0.0,0.0,0.0,-0.02433690950299169,-0.009864056142186857,0.030787522241951474,-0.048163427284121055,-0.013468125947273493,0.054055641665441426,-0.07700713056147034,-0.011975514216989136,0.06944814799720461,-0.10514797911016677,-0.010184378699003648,0.07960778021429275,-0.09622409791075345,1.2618006158858127e-18,0.02451437304678912,-0.12144607429573662,-0.013723798350671485,0.0320697694790905,-0.13978350533022071,-0.02808103622148592,0.03720090807974159,-0.1435273709875055,-0.05699236015525046,0.03916938715447818,-0.09931218597493455,5.956326611954896e-19,-1.0497500191933141e-19,-0.13503062376140296,-0.016122071841549287,0.004614098975681556,-0.15228265416927417,-0.04038091547060576,0.0037419226574735127,-0.16926387504179455,-0.06217311000075149,0.009136428406318687,-0.09108409173757114,-0.009727466268547535,-0.01649004114578723,-0.12114068703032647,-0.029150450519136718,-0.017967290891419286,-0.1364731670155955,-0.04967882692186397,-0.015953352586119098,-0.14986664613895076,-0.07127736597412487,-0.011959608375073434,-0.0756411891800178,-0.019766905046977548,-0.031747005457501705,-0.09765895283349214,-0.027427253110917312,-0.035102241483520584,-0.11573740390294415,-0.04030914007850483,-0.03586674480884808,-0.12943597814455515,-0.053956671483734675,-0.029298471840661047
0.0,0.0,0.0,-0.024084597170367282,-0.008900617548673547,0.031332789963536924,-0.0487049551789577,-0.013158827305276602,0.053946866353883356,-0.07595966917495119,-0.015291928709230636,0.06988465676626276,-0.10173607224752731,-0.018158456562172173,0.0782987129003373,-0.09941910076798323,5.897919983438592e-18,0.025663388082165603,-0.12267699814542687,-0.01643742829415891,0.029437701273895046,-0.12998876980887292,-0.03072127852945223,0.030985525628667288,-0.11903487817486284,-0.05830731846745701,0.028677748347036538,-0.0993705404572756,5.356228610092995e-18,-7.866168046088338e-19,-0.1415368450556254,-0.01210180248925776,0.004444992857075185,-0.16287567468920724,-0.03141222833310847,0.004428088679282039,-0.17857837650247377,-0.05300228021591573,0.008666785942695519,-0.09356484322251937,-0.010644664070778766,-0.018951089170007485,-0.12866473117455815,-0.02175808138778978,-0.020647392524375117,-0.14800107646990376,-0.037873899007536294,-0.01791812608213815,-0.16358772842266883,-0.05589807942364225,-0.013545761009125844,-0.0772006467790593,-0.020365424940235303,-0.035696303291218034,-0.10202114580273922,-0.025458683533478275,-0.03835781758491568,-0.12458681537845136,-0.035068142069846014,-0.03924310037828864,-0.13945650027442616,-0.0484962857570043,-0.03561446491378736
0.0,0.0,0.0,-0.024396570416205614,-0.007385799808140258,0.029065358511225346,-0.050662697370956626,-0.010320268624890607,0.05105152275942735,-0.07725241346537992,-0.014252045391542326,0.06687349043010372,-0.10365429478877086,-0.017948217983507132,0.07442434720733974,-0.09743815395875663,1.3839776997511267e-18,0.02397230269610757,-0.11677270874236655,-0.020245138355964025,0.02571444950228776,-0.11493871521835868,-0.02807615056368266,0.026108614216008116,-0.10018231160598881,-0.046172463840503115,0.024131903697970955,-0.09614353364029489,1.1985155346106124e-18,5.1514327007964905e-20,-0.13562059667377535,-0.010081937531311832,0.0023640875017051114,-0.15994178997573227,-0.02398482179845693,0.0012227885650940014,-0.1814929941502462,-0.03685562747029123,0.00493558945597373,-0.09241602274512595,-0.00955436051749934,-0.017579964056678297,-0.12419471360048827,-0.014625577583697306,-0.02041252977339836,-0.14643739864571728,-0.026098058002640884,-0.019785256299075397,-0.16846000985823106,-0.035178266265076266,-0.016585773801092538,-0.0760959329992109,-0.01861849651289026,-0.03285387581784663,-0.09936735517944474,-0.021469237172512274,-0.03665091309874381,-0.12328041829561606,-0.027920107911452618,-0.03730537429428146,-0.13785643122605112,-0.03818168817967452,-0.03463628567443787
0.0,0.0,0.0,-0.021001725575380638,-0.005243255616670321,0.028607459538003303,-0.04821387657365728,-0.005614630213199361,0.051546673176017584,-0.07411846532005543,-0.005699987928107365,0.0679048174273267,-0.10235465115750807,-0.005549965923844169,0.07573234670436446,-0.09130760182014219,-2.462895441818033e-19,0.024888971675717436,-0.1089176198194446,-0.016921741943449153,0.028102535088704444,-0.10621011379854775,-0.01963330312413042,0.027044444227594024,-0.08788731141939055,-0.02707540295353551,0.023063285088549792,-0.09099766414960837,-1.2083558755103478e-19,-6.251373923140377e-19,-0.13286068445712354,-0.006080903308853874,0.003690838439492869,-0.15834655052889623,-0.011685121784323236,0.0032779482415667438,-0.17984493049228337,-0.018996010387336622,0.0069159149333975,-0.08861905422976636,-0.007371609543540474,-0.01825840111550447,-0.12276196868835801,-0.009167140033181856,-0.020184736510232573,-0.1455258499148967,-0.013028347247333575,-0.018550427114696084,-0.169377525872204,-0.017171382920447974,-0.016382741356346847,-0.07376210862945551,-0.012859650899504332,-0.03395950599793649,-0.10072970803565734,-0.015088445446426787,-0.03620777179791494,-0.12475127403796071,-0.017121798406408317,-0.03596494451194158,-0.13826193919679428,-0.02091414469179063,-0.03267244607157598
0.0,0.0,0.0,-0.020178101876461525,-0.007630428847018682,0.031265453503182085,-0.047429110132718964,-0.009151159366812827,0.05352509246662503,-0.0732868408794818,-0.012491517019560545,0.06954292616686267,-0.10407675229569953,-0.01193769767142709,0.07628999468694012,-0.08985398684481548,3.8011473340149616e-19,0.0267354978732896,-0.10464923789636847,-0.023420090545524606,0.0292657654482416,-0.09897737147568872,-0.027058593770528428,0.025911152799642272,-0.0757917899799374,-0.03186553590500119,0.021779131692025566,-0.09114860913437088,-5.395857754028205e-19,-1.7189188268184405e-19,-0.13236272179260872,-0.006445081862779534,0.002410883016499133,-0.15673299513194947,-0.014168744779352104,0.0028475068823373703,-0.18007108448232614,-0.02253313910019877,0.006727775515872522,-0.0889180457865515,-0.007806213124334961,-0.01904675793864639,-0.12317122077781827,-0.009329990637132883,-0.02192004918928075,-0.1467733063011554,-0.013857902012953702,-0.019228427215567383,-0.1718360624107588,-0.01758352381334084,-0.018121001444899733,-0.07452336950533531,-0.015552979774560891,-0.03322052426394324,-0.10083676120954349,-0.016613613918490037,-0.03654482417779391,-0.12458775608771809,-0.018550433008560338,-0.03547019682043032,-0.13694410383769387,-0.026317482399440865,-0.03166235681671087
0.0,0.0,0.0,-0.0174458311335662,-0.006634622416153288,0.03028233777242272,-0.04412558060427258,-0.009945275692071006,0.05336396553501148,-0.06949539743549092,-0.01249925329525806,0.06958274425773484,-0.10052993690456112,-0.01441287967137297,0.07654551451536742,-0.08787890005222687,-3.4763309558064336e-19,0.02609451138901519,-0.09772619892295924,-0.024962302667085573,0.029510065026108128,-0.09126203494992646,-0.02879372886084542,0.025850068068409122,-0.06763790792020544,-0.029980822291608027,0.02000423002132528,-0.09069283017851394,-6.337111710619381e-19,-3.6637035850445187e-19,-0.1300071010022793,-0.011889875581842315,0.0036038813142593475,-0.15317584542268908,-0.024059360644273727,0.004758838121884639,-0.17582655116850693,-0.03629360732167573,0.00888071500960769,-0.08847489194527727,-0.008358673427475882,-0.019035782891116838,-0.12294614672698272,-0.013584480108545478,-0.02014752260833983,-0.14588297168993908,-0.02025595020954267,-0.016536270146923333,-0.17107138353955237,-0.026391653582049136,-0.014578614720527643,-0.07426662319729081,-0.01609104292328698,-0.033600220900282106,-0.09969892599141159,-0.019519285957273026,-0.035797270326443635,-0.12306513225823608,-0.02394864959521125,-0.03427232224298949,-0.13609822959925008,-0.03181711024959463,-0.029730496700534077
0.0,0.0,0.0,-0.016946170657463983,-0.006435249861546833,0.03067152777681884,-0.043214836091086624,-0.010298527542878003,0.05405604068419241,-0.06870389848543028,-0.012460137719902429,0.07038669205805341,-0.10100677698311665,-0.013675551647598075,0.07768725094853722,-0.08901582521745756,-1.3082545362495137e-18,0.02657512426990528,-0.09736594682782967,-0.02630345110429353,0.030652087288845463,-0.08974997979022595,-0.03081945527708151,0.026672818243946197,-0.06493208660418542,-0.032466582843314745,0.020109868772764893,-0.09204748859806769,-8.065153402553744e-19,1.3430556919055418e-18,-0.1312198798658247,-0.013755301930479545,0.004099059290035232,-0.15347732153046556,-0.027807952630435843,0.0057081130667353906,-0.17532523446961007,-0.04345502793046457,0.010210997235559459,-0.08942458488464522,-0.009148360231815285,-0.019234232958768506,-0.12380852066000214,-0.016492039574346643,-0.01995575190630761,-0.14597456531458544,-0.025237432689010828,-0.015974527156657075,-0.1708127127196796,-0.034026062467183885,-0.01355108369976047,-0.07463179063388128,-0.017447337787117923,-0.033923408970502986,-0.09988642842723382,-0.022118706128527135,-0.03572188715667556,-0.12317437079307339,-0.028767594912873423,-0.03420891025056276,-0.1357670735617528,-0.03778275125490958,-0.029118311497484946
0.0,0.0,0.0,-0.017325842088815695,-0.006682677071452415,0.031180182774901546,-0.04341240184631693,-0.01111566646759967,0.054306210799241694,-0.0684112231715962,-0.013417940355130546,0.07087774513810838,-0.10106085157555841,-0.01413868702007032,0.07769680353158155,-0.08942780957516841,7.155383174384906e-18,0.026617208516906684,-0.09618806349948494,-0.027387476454908338,0.031014632112746233,-0.08726147907576762,-0.032528838772570456,0.026566746318629077,-0.061644333893869516,-0.03345103549719925,0.01978244481438269,-0.09260785992989913,5.700720332201103e-18,1.1970527690948889e-18,-0.1307980152414277,-0.015339530140569324,0.003555844099526858,-0.15263460716188842,-0.030791815991920227,0.004618345038214023,-0.17415989143113336,-0.048036578405972745,0.008904976870788558,-0.08949393111691216,-0.009092338571604398,-0.019332762823686796,-0.12406912809751894,-0.016980580034366897,-0.020817987990478046,-0.145999812199532,-0.02613004124133084,-0.017513590775282875,-0.17144101740944487,-0.03647485447857238,-0.015110816866858756,-0.07448225213159941,-0.017626435373142003,-0.03436496885278438,-0.09959965978381191,-0.022652953071508684,-0.03664192798835137,-0.12302548560293923,-0.029734964331484065,-0.035138957423453285,-0.13570627624096368,-0.03931399338625855,-0.029855690064227218
0.0,0.0,0.0,-0.01753626207759825,-0.00796567340905768,0.0315011797985159,-0.04337519886796466,-0.011978629074680437,0.054720277765193115,-0.06848270649742191,-0.014364955030563795,0.07148591992395147,-0.10112859492653702,-0.013796956253494847,0.07838923851747613,-0.09062558417184571,-7.325473868051742e-18,0.02698695205779935,-0.09541104052651754,-0.028535925091398993,0.031621838696344225,-0.08434250852486921,-0.03504687864351199,0.027611071143297992,-0.058420915935775246,-0.037039470920391185,0.020131511283328924,-0.09322694344233202,-6.85419086767574e-18,4.387281506085899e-19,-0.13145239368928782,-0.01541435632755164,0.003555820685326183,-0.1518170877558135,-0.032101177629706226,0.004363743537163466,-0.1737782580331579,-0.051303028627964056,0.007546660282643851,-0.09001700238211242,-0.00924618604314188,-0.01923376443086095,-0.12424735488679448,-0.017551120522453386,-0.02025562308017601,-0.14553077018117644,-0.027593036133714655,-0.017694064485455893,-0.1706540638166422,-0.0391223295034935,-0.015860472043612194,-0.07440546652004273,-0.018567965475504798,-0.03444646292168672,-0.09941867261088856,-0.02318892273674709,-0.03697035857853936,-0.12225468738135181,-0.030189223198810827,-0.03550649714664857,-0.13541005476055512,-0.041254252706768156,-0.030401551419458665
0.0,0.0,0.0,-0.017698602282803812,-0.007753594088899116,0.03077565491143779,-0.04433646271243547,-0.012605318652550638,0.05414911754659543,-0.07046711370472412,-0.014302366304493618,0.07013037394611517,-0.10196579213573542,-0.014369382364724733,0.07724431487895868,-0.09061167773764668,4.888480100775644e-18,0.02649809616718166,-0.09739506500135026,-0.028333172107714428,0.030356785070673475,-0.08818646290684275,-0.035613610652905664,0.025817720544746032,-0.06333121497308974,-0.037530293705762816,0.018553860163342685,-0.09380742598645957,6.010655808737985e-18,2.8220424650104113e-19,-0.13146962533778767,-0.015792600678240284,0.0027927439617741368,-0.15257726739056976,-0.032104311507569226,0.0027620219248854767,-0.17404782892992673,-0.04865419122168715,0.0055545339661812335,-0.09031594706204121,-0.00933691437632071,-0.018888798262161947,-0.12403093587600458,-0.01797962782571501,-0.020576405636995976,-0.14477490205719887,-0.02760216017007553,-0.017779995410691068,-0.1696601749247834,-0.0376072078930532,-0.015562948718474951,-0.07463414702169442,-0.019007835602480247,-0.034438713962920836,-0.09904385359680822,-0.023418803300816728,-0.037051325690247036,-0.12157723263962796,-0.030444919090405396,-0.03552768859190001,-0.13517572796650673,-0.040808273966148875,-0.031245903119077555
0.0,0.0,0.0,-0.019460082730239445,-0.009006768029617643,0.030080833310025427,-0.04717733466631693,-0.011495521959033009,0.05288113503022456,-0.07279147462479835,-0.015319367522194958,0.06914989691879783,-0.10324725601778946,-0.0156642175291443,0.07586159284983453,-0.09192971115733324,-7.797647796877426e-19,0.026879680141881978,-0.10434822594919833,-0.02595789016061533,0.028852340134836004,-0.09646936713227176,-0.03164911993423038,0.025126064871024038,-0.07376384992213407,-0.036422855082035965,0.020661880953606552,-0.09292216057750567,-9.995718602932609e-19,-7.7788726548976765e-19,-0.1341100475595479,-0.010333306235841598,0.0021075479200531105,-0.15756095240787718,-0.020072030261965967,0.002797620262238161,-0.18117311070179187,-0.03094538185142848,0.006280570747891098,-0.08999862365122599,-0.008125187149119362,-0.01900421012909731,-0.12492245400187466,-0.013335400733058724,-0.021282435739882078,-0.14776819455954693,-0.019833245362380722,-0.018910972275341564,-0.17231048966775797,-0.025147473827676077,-0.01716645115455762,-0.07463537921065656,-0.016845146684029845,-0.03452039131637489,-0.10129825543963503,-0.019000616999389406,-0.037342197846962376,-0.12604820487965127,-0.02237153641205806,-0.036159446097477795,-0.1397681038547978,-0.030815165482965257,-0.03204247238520804
0.0,0.0,0.0,-0.019765944748591,-0.009472496852245127,0.031284088616411035,-0.047698305453577505,-0.013380295332330875,0.05338526623920191,-0.07298511878311917,-0.01707874597057038,0.07070315073931153,-0.10500578283871635,-0.017723533389734175,0.07795103991712736,-0.09435553980995683,3.2588157745740367e-18,0.02769583410344388,-0.10513565965003283,-0.029152238190230974,0.03065192762240508,-0.09555367189087631,-0.036471072776984054,0.026689320682934056,-0.07129932186774317,-0.043194981774547135,0.02106679043032245,-0.09462920395957523,3.704359150259982e-18,-6.430389378628777e-19,-0.13625395071197088,-0.011685285693752762,0.0035293435420029663,-0.15938776206758148,-0.024426128370715314,0.004252174685744411,-0.1826269963651774,-0.04137442208400431,0.00831827041873171,-0.09045140249366825,-0.009095850837874894,-0.019336883452417655,-0.12617689204792035,-0.015894307739948033,-0.02110272144216924,-0.14872224610947254,-0.02559022154919558,-0.019121426814143198,-0.17345828038760985,-0.03567334144940208,-0.016693534068182043,-0.07406641264547048,-0.018239760297361185,-0.035004041397567486,-0.10164726794470381,-0.021802147449996576,-0.03772665607366998,-0.12707994217867463,-0.02741391737163368,-0.03696595526810775,-0.14025926106484984,-0.03869586563465414,-0.031906221767442726
0.0,0.0,0.0,-0.019843780325387517,-0.00922383979941841,0.031242897981711853,-0.047905072670738354,-0.013374776174773418,0.053496022319531975,-0.07311412816342121,-0.016926666822776645,0.07064819059046301,-0.10544445339890138,-0.017298344095786324,0.07771173026646645,-0.0943067093663304,1.32865872966633e-19,0.027713289586395955,-0.10528411960645334,-0.029153837149657313,0.030411879338055406,-0.09553608978824234,-0.036483883925016954,0.026552280280532862,-0.0716463576898556,-0.04324832383469234,0.021239555911060963,-0.09452788536469196,-3.541672084967014e-19,-3.0632476853960206e-19,-0.1359815341452895,-0.012006632402534424,0.0033697870502254756,-0.1589116808489749,-0.024903463687859086,0.003930156498314103,-0.1820802303917418,-0.041712724433314356,0.007974221195221615,-0.09050422529340364,-0.008984114484406336,-0.019236867853258482,-0.1257805748909408,-0.015958307983525304,-0.021128343523789814,-0.1484220359464242,-0.026135662092933463,-0.019443450277877996,-0.17302576705434713,-0.03578363450803959,-0.016933079131585736,-0.0742013743533183,-0.018106071117836006,-0.03473088319906686,-0.1013386624299753,-0.021779830246343324,-0.037599325576739784,-0.12669025948088528,-0.027461560144436716,-0.036853864862184796,-0.13984928702102548,-0.03877813691269664,-0.031907363691981556
0.0,0.0,0.0,-0.021182276272913216,-0.009152129138785351,0.03172940829115151,-0.04919840570476896,-0.0129101058295366,0.054619503113090856,-0.07841677955620976,-0.012959004817899121,0.07195873828257145,-0.11046059658406984,-0.012789630643399693,0.0801423397822852,-0.10075018399637037,1.0083139140733836e-17,0.02703963459774478,-0.11253262356331006,-0.025030763805364887,0.02942972517235373,-0.10970176409425564,-0.03623737068561899,0.02924006712934944,-0.08896235852124024,-0.05415471815238149,0.02828667614887514,-0.10186272299591813,1.2588456087902253e-17,-2.256584253961605e-19,-0.1411924764471831,-0.01843935987741052,0.0037461015969015607,-0.16099288138937545,-0.038419151983013385,0.0045229645682065625,-0.17763643991868983,-0.06021462257782385,0.010531347845452245,-0.09502054076769409,-0.010000349902498021,-0.01903250119232964,-0.1288065868015712,-0.024739104249643012,-0.02152464208062353,-0.14829838462528236,-0.04032074619729367,-0.019855532354775975,-0.1669036607610798,-0.056541481550277314,-0.016001369946364905,-0.07789911454820576,-0.017984854874617963,-0.03488972111266391,-0.10393486609145756,-0.027265582412169913,-0.03860319441025312,-0.12734589198287952,-0.039202685063063764,-0.037763994387449235,-0.13788604485902087,-0.0511363448053286,-0.0326318587175835
0.0,0.0,0.0,-0.021865410653580893,-0.007728764818225429,0.030415272538710646,-0.047385255338501506,-0.01078135795540987,0.05278542619608695,-0.07588190265232563,-0.01114185601444772,0.0702994252399681,-0.10297515549759831,-0.010194695720127305,0.07932697607646577,-0.09498243440818194,9.681537628364147e-18,0.024523787288840544,-0.11470196565690736,-0.01631760074310825,0.027910926061494687,-0.12503724264317295,-0.030699793986324123,0.029247554060145287,-0.12033920953579681,-0.05679247720319142,0.028406965489399118,-0.09715877703292382,9.090719352204172e-18,-1.7071427960436258e-19,-0.13375397870139255,-0.016203241431029986,0.005630383345317708,-0.15355693121627834,-0.03708638356819831,0.005040297285603991,-0.1719920125103221,-0.05884540194530813,0.010594411025904851,-0.0913602843680995,-0.010038109575761553,-0.016508338503557988,-0.12268207026865309,-0.02402370895773222,-0.01862588546684983,-0.14249512751207133,-0.0409599610780166,-0.017772984160948264,-0.15852685038938838,-0.05857008236788923,-0.015029788120624036,-0.07542139027684543,-0.019133768942955855,-0.03277728806719465,-0.09881047077203277,-0.025581675514391118,-0.03513733404294197,-0.12007365110321382,-0.03559056249453868,-0.03515752130596806,-0.1334956625337482,-0.048901266890338704,-0.02964660867823793
0.0,0.0,0.0,-0.0240605748134713,-0.006692095627778034,0.029536801538764448,-0.047094837041823885,-0.010365239320230916,0.05312329465710794,-0.0755310089444331,-0.008934702899897055,0.06898331642793326,-0.10189678090575,-0.006754327761350101,0.07835652149219961,-0.09294243920595319,3.668774215124166e-18,0.024671243302720816,-0.11905727350414956,-0.012051180636499983,0.031108094745804206,-0.13814645249236793,-0.024227619799209035,0.03496718406522012,-0.1436909308459886,-0.052566315869166866,0.03570552969688244,-0.0959415542125191,3.838217407317131e-18,1.2415968069723874e-19,-0.1325534704494813,-0.01405415745164648,0.006816112723605994,-0.15197940011889033,-0.034925506903172435,0.0063495335491394475,-0.17134700264114458,-0.05480665835712076,0.012734351670019642,-0.08922310631361542,-0.010464957424563657,-0.015960505783623544,-0.1202593987648848,-0.026738735770109937,-0.016885462017660016,-0.13924215843551987,-0.04388830834875995,-0.01567437010589606,-0.1544695823159088,-0.06227097988925113,-0.012054725253499198,-0.07425625494786989,-0.02087537593745424,-0.031975695023097495,-0.09753535832629356,-0.0267266414931319,-0.033881200439186236,-0.11638973281690304,-0.03803760269838349,-0.03390368434064175,-0.13086972366120572,-0.049600968964258856,-0.026784120690142982
0.0,0.0,0.0,-0.025441340039647684,-0.008591699431424989,0.02998891141556081,-0.04880256396904914,-0.01269095949424162,0.05309469608514067,-0.07662301673088869,-0.011743307775390075,0.06821982878653612,-0.10410485370265338,-0.010340390088784965,0.07806619172507975,-0.09543472507387227,3.703843984759423e-18,0.024585642133004956,-0.12286067817028909,-0.011041879344557677,0.03131142875827103,-0.14419030977119002,-0.021785950633976602,0.036109757719902505,-0.15269902492506582,-0.04785732395919789,0.03811465893496752,-0.0978270136740898,4.4096933896340035e-18,2.704767802754712e-19,-0.13462691420369788,-0.01375644980169923,0.003932930712219413,-0.15406991293458105,-0.0354437009790016,0.003468080776642625,-0.17386204401343178,-0.05392150202715534,0.009239159546740577,-0.08979406688916522,-0.010590780852491086,-0.016364786064029586,-0.12158396952278054,-0.027896564469249006,-0.0189227857086635,-0.13838863994236988,-0.04445993261070856,-0.017961868346967134,-0.15391294213673004,-0.06316301987637499,-0.01523213156277417,-0.07456153229008451,-0.020944255778298487,-0.03194864225224603,-0.09759816312134668,-0.02756079596839269,-0.03448341192654105,-0.11695657267492758,-0.03900244708435417,-0.03497850166128138,-0.13176149990344743,-0.049321271763703226,-0.029248449924372453
0.0,0.0,0.0,-0.02535302301310967,-0.008418988666264036,0.030525609333646196,-0.04870412909485745,-0.012124380471422032,0.0532444306296708,-0.07644678122050427,-0.011536552718661911,0.06762579628091375,-0.10283395706852973,-0.009588124894804168,0.0779374764159761,-0.09524012793497537,4.077860600513511e-18,0.024305797505022084,-0.12315916885702931,-0.010048703473178848,0.03226590496197446,-0.14449094900272139,-0.019945908632143412,0.038090648466567845,-0.15320150113851766,-0.04526214804677775,0.0410681743480643,-0.0977607677119971,5.7152710595613705e-18,-5.606319999154714e-21,-0.13459439286991345,-0.013306526176256153,0.004779864793518521,-0.15454116275779795,-0.03553738413982456,0.005102267607513101,-0.17369453103668522,-0.05368154345145292,0.011277516077798018,-0.08957118372194653,-0.010402386140704835,-0.01620303229015709,-0.1219521102079732,-0.027925601765508457,-0.01813496624038965,-0.1379046896997816,-0.04479009321157134,-0.01674858748609266,-0.15372653316660695,-0.06407447553427058,-0.013466461214045499,-0.07475787040006773,-0.020930930460192267,-0.031616928238572685,-0.0973465422484602,-0.028475282308762742,-0.03401734723547744,-0.11604214664377036,-0.040016381095514565,-0.03402662143332935,-0.13075990213345792,-0.05068906001063128,-0.028060775629462877
0.0,0.0,0.0,-0.025364904402580178,-0.008854710623006542,0.030702638221287482,-0.048362018142941006,-0.012736092795973859,0.053450651805028455,-0.0763549588592528,-0.012229976802510471,0.06782421499012696,-0.10282582658997615,-0.010741848413218076,0.07799653779516544,-0.09517752040531922,-3.747497097418414e-18,0.02462071868737915,-0.12328138566113303,-0.010206555822601888,0.03250807783486033,-0.1445833015460607,-0.020121057513116745,0.0384702851664913,-0.15328120125888384,-0.044915182461879866,0.04161656403948175,-0.09781614752233946,-6.3333003983988606e-18,-2.2043627263039986e-19,-0.1350778824811752,-0.013251701304326928,0.004996763043973811,-0.15472736721739933,-0.03520572486581047,0.005445834419416351,-0.17376445877465446,-0.053774688404154024,0.011760772186639687,-0.08989427767506508,-0.010543449026563059,-0.01614250227944072,-0.12189823465181955,-0.02841046277396086,-0.017823991071207138,-0.13846525089583914,-0.04528888047129588,-0.016210219596277727,-0.1534431875853974,-0.06444082155174105,-0.012592691355381443,-0.0749979716022847,-0.021048315871965772,-0.03119182488642136,-0.09796817034106457,-0.02834086724025056,-0.03361411897304746,-0.11676411218309468,-0.03977181788016269,-0.0338533190980989,-0.13101722928957785,-0.050575251264970214,-0.027677101985492003
0.0,0.0,0.0,-0.025107423021237404,-0.008426685513537582,0.029515150355488247,-0.04909938124049235,-0.01242721269479659,0.05197182815074931,-0.07605549785998716,-0.012918531800018788,0.06617404905436866,-0.10181011988736159,-0.010864065569898553,0.07664411967259586,-0.094395807357169,-2.2829019098787747e-18,0.023332203957121815,-0.12189077219180561,-0.010278162002840442,0.03183109370060499,-0.14314863626522198,-0.018650744646522693,0.036136188870807565,-0.15321666824140232,-0.044734241804251555,0.03823820146193682,-0.09611646836422649,-3.4435260066883462e-18,4.9879538944103385e-19,-0.133138647717038,-0.012453721672782893,0.0036264710857662123,-0.15419115332760983,-0.033305812155133875,0.0027762059667693056,-0.17391642737408175,-0.050813793325641385,0.0074887935100837084,-0.08862271528351731,-0.010122411104221345,-0.01703751272971215,-0.12089584906291127,-0.02604240824078021,-0.02028309894082301,-0.137523711232012,-0.04196308352391861,-0.019888267308578046,-0.15498452959046902,-0.0589822608863497,-0.01691926967786547,-0.0736944121320879,-0.02062615021787597,-0.032685090990375386,-0.09584990255460558,-0.026593215648915668,-0.035549186114918196,-0.1153859163221872,-0.03768275758541096,-0.03678247380641318,-0.13019474981724616,-0.04790832750708955,-0.03145530890582171
0.0,0.0,0.0,-0.02498924059787336,-0.008483853968266659,0.029489138680059982,-0.049371760819334996,-0.012289445851323539,0.0515264994430178,-0.07629262320398617,-0.013270997614533604,0.06598008783745367,-0.10191766080644105,-0.011068937507279155,0.07640192895762074,-0.09487428324815599,1.9256214585127137e-18,0.023342124660509705,-0.1224103038617772,-0.010398881671591644,0.031948079991339,-0.14383206599215115,-0.018847148231725636,0.03604752567217831,-0.1538351531736577,-0.04550046808671408,0.03816165802944405,-0.09674982543347778,1.862207001019831e-18,9.909864460868222e-19,-0.13389995508414412,-0.012629582318876547,0.003602337638360142,-0.1550124326100938,-0.03341028741803356,0.0027321475534068627,-0.17491378768274915,-0.050943761557203975,0.007486993229093593,-0.08925718629104698,-0.010116509900966679,-0.017055080354055778,-0.12125782042766654,-0.026009164344454966,-0.02011677910950622,-0.13802916238836183,-0.04207227496776928,-0.019842846354377896,-0.1556721507279566,-0.05932358680156598,-0.016788218639830654,-0.0741813956675562,-0.02069633810933194,-0.03267963780445901,-0.09632295976830277,-0.026667269689345137,-0.03559155401454511,-0.11568086982823939,-0.03743463272602889,-0.036785728215793366,-0.1304253938161889,-0.04804847979764196,-0.03164785306405669
0.0,0.0,0.0,-0.02559158576384098,-0.008723631303087587,0.030078256975018456,-0.04959370020049608,-0.012685823762836387,0.051903888123885904,-0.07650411479983918,-0.013370572261802372,0.06657557407338392,-0.1019310184186373,-0.011410876233185515,0.0772750428071501,-0.09544382926348545,1.682181738949263e-18,0.02365554280549949,-0.12307881317313853,-0.010534939882948277,0.03270375466726467,-0.14425369927524248,-0.019008401468984297,0.03724771726909992,-0.15406943090939437,-0.045307421838780795,0.03983914486737049,-0.09699326880219718,1.5468830631776262e-19,5.411073579837405e-19,-0.1344837213675718,-0.013025917865015363,0.004092061379282765,-0.155269252841027,-0.034105902303394525,0.0033836574409041764,-0.17517574043544923,-0.05229004255017164,0.008416226997712406,-0.0893377234125394,-0.010302185268848216,-0.016746468453962327,-0.12151400733773778,-0.02669045787581538,-0.019665461318741074,-0.1383204223335505,-0.043083962765648895,-0.018891680070154026,-0.1556477167682937,-0.06097340296174941,-0.015537541262830553,-0.0741625547891354,-0.021108917759187645,-0.0323009340633685,-0.09640607210801734,-0.027153861125596195,-0.03505234074024435,-0.11598907063438539,-0.03799904980592501,-0.03603738425880597,-0.13054426868785857,-0.04856801152482979,-0.030751881916855028
0.0,0.0,0.0,-0.025875877979717198,-0.008662623330197707,0.029738974487132967,-0.050301557022823705,-0.012469156661752996,0.05172681161389008,-0.07778071751520133,-0.012820177470640135,0.06671636680943924,-0.10387751230612416,-0.010775999442567142,0.07699825377830033,-0.09617500608606316,-4.0167462091867116e-18,0.02361990456740426,-0.1238327047086048,-0.010825081019849735,0.032117009237166684,-0.1445197756068411,-0.019639290714434987,0.03663911091025668,-0.15465412645247242,-0.04627978309926158,0.039041027313414245,-0.09726070913646183,-4.374733712568398e-18,-3.432737632796094e-19,-0.13464100239558635,-0.013471151456200977,0.0034959331253880815,-0.1551116427146235,-0.034908047112280925,0.0023366481489894573,-0.17488516592291795,-0.05352084387896063,0.007079767725778291,-0.08943745995896277,-0.010175225444760747,-0.01706244195443877,-0.121208249361768,-0.02656863883534622,-0.019947792226022335,-0.13819304127832877,-0.04366254786793799,-0.01957324360904098,-0.15517920926139006,-0.06114790940864703,-0.016457150944051778,-0.07373695598313353,-0.0206418736007257,-0.03225125334442533,-0.09584167900515,-0.02685437443622168,-0.035238555387681544,-0.115505546095469,-0.037683134862177746,-0.03652005909514681,-0.1298432886188084,-0.04864609829614426,-0.03152975310820563
0.0,0.0,0.0,-0.026103469820746277,-0.008983969811814143,0.029334212307426045,-0.05017061651177343,-0.01278174757145939,0.05121407909244096,-0.07722763839464826,-0.01349241570861958,0.06592024191801453,-0.10294849341941781,-0.01213104905811132,0.07643551486857492,-0.09571511059989166,1.0011282943198332e-18,0.023263196825694825,-0.12346048418206829,-0.010511334232143255,0.031719293685852024,-0.14451866845682437,-0.01893433020825193,0.03587995486721717,-0.155039759835322,-0.04508156772576961,0.03798263029141208,-0.09691034764259703,2.985137537140521e-19,5.929162000638655e-19,-0.13427739557615767,-0.012641732996171426,0.003141898541768873,-0.15523149595892966,-0.033526004918698345,0.001601075019400659,-0.1757457249226692,-0.05133801911098595,0.0059230352182285855,-0.08902654112915231,-0.010166429209605064,-0.016909581623055885,-0.12112970501999411,-0.025886120459880563,-0.020382061973404843,-0.1384702622063522,-0.0423426063188074,-0.02011719358581626,-0.15615758333572652,-0.05971614188288608,-0.017242259278700725,-0.0735779160919691,-0.020908519114714752,-0.03245282771904692,-0.09581680527261313,-0.026509536108288066,-0.035543999589481054,-0.1156017513603228,-0.03694316928784995,-0.03672788233484741,-0.13078081920361673,-0.04758167899894777,-0.03178974635106828
0.0,0.0,0.0,-0.026114615092405223,-0.008883727917481607,0.029407684458667607,-0.050004955445295256,-0.012613702215778901,0.051278992350174774,-0.07661952397609216,-0.012955353410567968,0.06623950480488705,-0.10246683465177077,-0.011226488474156804,0.07678956439921024,-0.09568286545475835,-5.1727256222333125e-19,0.023218339848981587,-0.12331018596609716,-0.010840398273647711,0.031981631142676,-0.1442017615790514,-0.01928039623025062,0.03629271779638264,-0.15452146413443751,-0.04542641795558978,0.03842690736356553,-0.09693883843655172,-1.312614837902828e-18,-1.940852063713014e-19,-0.1340746683266503,-0.013108189035337722,0.0036502671045644257,-0.1548779423217081,-0.03404550069604818,0.0022217007834155764,-0.17505176918277454,-0.05201320862070392,0.00661827232636952,-0.08918489677693027,-0.01020693964012231,-0.01694009582135819,-0.12108243853418633,-0.02615337579040577,-0.01998255784539221,-0.13830567425421098,-0.042790962360915716,-0.019704073317729328,-0.15568098378564846,-0.05959753665824655,-0.01674516248723342,-0.07380422969807554,-0.02082462989021376,-0.032392882497552324,-0.09597469199584979,-0.026573438930908955,-0.03528791261333344,-0.11577844015469087,-0.03703764224071372,-0.03646112566679069,-0.1306140908500268,-0.047435045088226324,-0.0313240959223437
0.0,0.0,0.0,-0.02643339260047057,-0.00835996716829192,0.029602054986368923,-0.049912786306444266,-0.012760704337021542,0.05156170561463379,-0.07698517867001832,-0.013476927723404558,0.0666265568261701,-0.10287128384562684,-0.011470127026730163,0.0764762746936513,-0.09634469174712151,-4.634391697445886e-19,0.023399045422024388,-0.12454742853150799,-0.010810305045689876,0.031938731270914025,-0.14480022364284195,-0.01924922176604121,0.03628496327550257,-0.15559642465680198,-0.04614103448584003,0.03828364042622999,-0.09729167465827754,-2.134083199639506e-19,-1.4114945349119509e-19,-0.13459938764693846,-0.013881698994777161,0.003915428911925784,-0.1554900239994764,-0.03433334594943838,0.0020105470577484667,-0.17519666981493207,-0.05227453200897996,0.006632684954133976,-0.09003068266196576,-0.010560606819382581,-0.017068494313959126,-0.12149383072294719,-0.02578232749050727,-0.020182288315603533,-0.1395806845961838,-0.04287644740599942,-0.020281243193537798,-0.156508188197814,-0.05887315960098479,-0.01664003603347191,-0.07429250804505709,-0.02076822002488939,-0.032602572957165676,-0.09633447241205863,-0.026515756607734225,-0.03537187120817042,-0.11665260281608056,-0.03643372533367377,-0.03694025042490891,-0.13166537033729003,-0.04688138122716843,-0.03190962778845557
0.0,0.0,0.0,-0.026100145534109435,-0.009166087743614246,0.030016335914016444,-0.04991643109261267,-0.013391141961673497,0.051953196181254546,-0.07663821029429581,-0.013662289294720862,0.06700811178246048,-0.102997407119987,-0.012172483364669199,0.07762974699671771,-0.0964284801519625,1.0749863981846863e-18,0.023744726968914824,-0.12397450582642267,-0.010938087030602568,0.03275171677418543,-0.14475377303829,-0.019877654422645177,0.037170235943317344,-0.1548772186175835,-0.04670951998962266,0.04002028459736947,-0.097597339844617,1.0536143000536064e-18,-9.476931376072465e-20,-0.13492413747124807,-0.01369333372343126,0.00396410579488627,-0.1553687139739464,-0.03542820239272961,0.0031441537784727535,-0.17525157919452983,-0.054494780834514665,0.008080180650048787,-0.08968273133938474,-0.010466562702864292,-0.01669952243768668,-0.12171821467434003,-0.02715396749760014,-0.019410093721650534,-0.13894000915092636,-0.044598518176817196,-0.018548831453515845,-0.15602834412810598,-0.0624504495775054,-0.015292788452939004,-0.07415715022014512,-0.021193469858274302,-0.03230640369778768,-0.09639340504118203,-0.02736970234888104,-0.034785949373804664,-0.11620473368214283,-0.038741661299630435,-0.03533905065552871,-0.13091627390434632,-0.04976793486148522,-0.03003248928395602
0.0,0.0,0.0,-0.026201663996772498,-0.008932796557983602,0.03005301139566265,-0.049955571620933975,-0.013073197377906418,0.051793644199014055,-0.07669275674066535,-0.013649923840592038,0.0667790186650569,-0.1026722125055588,-0.011977257784006328,0.07748305910492172,-0.0960625291051586,3.187321158363795e-19,0.02362933020460325,-0.12380220783904303,-0.010972835575621393,0.03272171572163555,-0.14468773019468412,-0.019692927313894368,0.03709929057045232,-0.15492813064933736,-0.04648657386894145,0.04030182752958683,-0.09741423711123931,-1.2385293756917964e-18,1.0356805978584535e-19,-0.13438174344623832,-0.013625421922379666,0.004336034461323333,-0.15504358205624122,-0.03525234136729547,0.0032555685568439884,-0.17506881022962656,-0.05376440491523446,0.008060993047992765,-0.08949329255372718,-0.010574376113440524,-0.016182554072726365,-0.12134816508286336,-0.02717311412640588,-0.01885014579216888,-0.13820796616611172,-0.04465300768594015,-0.01796149146501906,-0.1552812429623359,-0.06236083160580918,-0.014870995039790719,-0.0741941607736928,-0.0214759531196568,-0.031648122824933275,-0.09633766522233717,-0.027609364998994426,-0.034235279355462785,-0.1156677964041511,-0.03866531462765222,-0.03473847284763251,-0.13005975915412923,-0.049344233126155976,-0.02962649397696177
0.0,0.0,0.0,-0.025994219120180063,-0.008998961976456667,0.030341500113051718,-0.04984184822834432,-0.013025810952818595,0.05241914684855872,-0.07682694851053332,-0.013574278255408011,0.06705447535061161,-0.10299670059611925,-0.011602556344226888,0.07760955700808037,-0.09631031415371624,4.331199112919201e-18,0.023924506207385874,-0.12401913938610275,-0.010980594152442808,0.032823558213552234,-0.1446455489225653,-0.019582428586415967,0.036912951582117465,-0.1548278683492662,-0.045988474204656724,0.039811292051265414,-0.09758137739258231,4.180703681728893e-18,4.878737619219782e-19,-0.13509527898047974,-0.013525855932686352,0.004303736304763459,-0.15559275032836362,-0.03499268152108367,0.0033184374380527326,-0.17500798926974231,-0.05367199663925139,0.008337612180121,-0.08999429248656045,-0.01037949765501776,-0.016793475197501812,-0.12204930884199632,-0.02658553259707641,-0.019221892316712477,-0.1392806641583861,-0.04462757113372277,-0.018165437854344654,-0.15595615327937828,-0.061763763351961015,-0.014379695925037628,-0.07458487458182522,-0.020813418258886385,-0.03237091802661866,-0.09683797765884748,-0.0268652622078534,-0.03479616188232615,-0.11671204885679738,-0.038012526190218936,-0.03518051851482862,-0.1310247235761381,-0.0490166360990321,-0.02971569288852966
0.0,0.0,0.0,-0.02509948050813594,-0.007801481465903192,0.030385866144585133,-0.048888310256771636,-0.01133915106056672,0.05264856524061121,-0.07762922213314069,-0.011331510572914509,0.06830757260234521,-0.1040711411548082,-0.007559738403994376,0.07831456880942936,-0.09672334952805446,3.640317030703234e-18,0.024026164252775817,-0.12248117188287658,-0.014160856159727188,0.03182373629697031,-0.13915113734339918,-0.026443798456472795,0.035572764429240955,-0.14427756139532613,-0.05677251661349931,0.03695892100620539,-0.09862648726173874,4.311371024949634e-18,6.672346299396044e-19,-0.13587180940853633,-0.015508583828140047,0.006173421516450561,-0.15542832874667836,-0.038141508904999795,0.005517887244981946,-0.1725956153228241,-0.05901725998474447,0.011675861573637657,-0.091669492956951,-0.010680294609609585,-0.016930392189007982,-0.12312300777223506,-0.02698370356879767,-0.018027728341108894,-0.1402628172617785,-0.04736014842012941,-0.01660481450194084,-0.15558402625289286,-0.06602677757722214,-0.011722975205911675,-0.07584733224456533,-0.020442816643703086,-0.032528793981288155,-0.09784740571160466,-0.027679397969997768,-0.03442815475622737,-0.11754821168159608,-0.03900437309403933,-0.0343967908870269,-0.13179312683508362,-0.051223844108118345,-0.028399523495166643
0.0,0.0,0.0,-0.024890900720176582,-0.007891610868989388,0.030371194006584598,-0.04844261944705513,-0.011480671090812779,0.05286619642911657,-0.077278532847894,-0.01204353292700334,0.0686476789442632,-0.10329364185161319,-0.008852884205476814,0.07792633935922054,-0.09609737264865024,1.0187645863106821e-18,0.0243142099343266,-0.12201834535147811,-0.014277105374239409,0.03212202336402688,-0.13904617465834235,-0.026854783546012395,0.036314123446631576,-0.14357948073184204,-0.05634381094536733,0.03779023554016903,-0.0981786644264175,-2.179701564186952e-19,2.1086683338127556e-19,-0.13604716001464365,-0.015871066272522667,0.0069311983500555015,-0.15540400396650297,-0.0380830546679667,0.0060480679755667045,-0.17248031852193918,-0.058837942673564646,0.012442831819281817,-0.09114624053703191,-0.010922190495403768,-0.016499511644874308,-0.12276901386643985,-0.02774990568098144,-0.017341774363008988,-0.14024254239405598,-0.047005847244499056,-0.015584178923411119,-0.15575575487917315,-0.06625018793110418,-0.01134226833368862,-0.07512485414084927,-0.020708678312758456,-0.03223284575220231,-0.09798595562232329,-0.02833238167009479,-0.03390545218488743,-0.11749438261534208,-0.039320627238345965,-0.033745364186122374,-0.13183940193044938,-0.051655647346768564,-0.027988015635993718
0.0,0.0,0.0,-0.02328939910708974,-0.007822032781212731,0.03121153168482372,-0.048524098550663676,-0.012132587925676362,0.05387351748961706,-0.07731747054712476,-0.01213156408753827,0.07051786870366922,-0.10466976660888101,-0.012321170587952693,0.08033870249611418,-0.09882817056446405,1.0861956777617572e-17,0.025647333146570785,-0.12094600545189083,-0.018491786449245307,0.029652154995726585,-0.12886054489059143,-0.03313085406892846,0.0316496384310121,-0.1183238159378439,-0.0617061286886489,0.03178971217454048,-0.09923878708397417,1.1990617323088388e-17,-5.96050726678127e-20,-0.13906268638654276,-0.01611309763039381,0.005635956547593396,-0.15928338094476516,-0.037603816494103715,0.006213059873416951,-0.1757154088230716,-0.06021039345191382,0.012346147455028761,-0.09339374547934344,-0.011168619400156581,-0.018092789531651363,-0.12574876717338962,-0.02550750630570075,-0.01983317103754957,-0.14415632572636283,-0.04341276044983084,-0.01648726432321658,-0.1597386743749258,-0.06344865129200603,-0.011294879735246078,-0.07662161535093827,-0.021131237466331106,-0.03447719385445686,-0.10025577810853263,-0.027589126826453318,-0.036753249710729685,-0.12173750546473441,-0.03844421283871342,-0.03707656932872295,-0.13541970410495957,-0.052635861958814464,-0.03377482768409516
0.0,0.0,0.0,-0.019530574987973576,-0.006328265581097881,0.0313973585411906,-0.04764392496336777,-0.012365955738861083,0.05372669138872035,-0.07468712077869276,-0.015200362640085474,0.07210800067430756,-0.10682288540047302,-0.014780226272488246,0.07829509990358642,-0.09675842227039207,3.111491908948622e-18,0.027478933618665595,-0.10188126986367807,-0.030700436668117507,0.030236560457258053,-0.08973003461748302,-0.03889941889253398,0.025218851475480454,-0.0635570465409835,-0.04018726209840448,0.018264328094800837,-0.0978534829011727,5.19334639479895e-18,-1.9389667704629894e-20,-0.13559591966929435,-0.01696761433978853,0.00442641660061526,-0.15937334734088235,-0.03094946032210906,0.004861783550679162,-0.18345104774840948,-0.04844593525041211,0.00929496659664727,-0.0922637802928684,-0.010198310829729948,-0.018575402498010977,-0.1251514033410778,-0.020431886107884416,-0.019164532993380758,-0.14569536502704858,-0.030853018042722856,-0.016432693600561172,-0.16949092702746085,-0.04322288233788969,-0.01352198848654697,-0.07433691337572497,-0.019556335781043693,-0.034480451594763775,-0.09953090148627475,-0.025197403231803396,-0.036870281249692105,-0.12312908148148191,-0.03163514634487364,-0.037414571664498804,-0.13686245721347692,-0.04107966413966324,-0.03375198616991366
0.0,0.0,0.0,-0.016928761688764535,-0.0047313531619335766,0.030731619882063722,-0.04520135280963336,-0.009882185727172959,0.053532094044679734,-0.07278717092227556,-0.011003492969534427,0.07131928296203963,-0.10442037235588303,-0.010019890847932254,0.07859113733040354,-0.09422018890114453,2.0097617534337248e-18,0.027372867029728323,-0.09394335448602578,-0.029797200228345783,0.02810385678187537,-0.08123949033316166,-0.03526444867580097,0.022308019492554156,-0.05663819732954034,-0.0311662318915122,0.013977419840557304,-0.09624464984965024,5.8259632317598744e-18,6.8332481796801515e-19,-0.13242928232963166,-0.019378019177169293,0.0037577569541678043,-0.15378770670037742,-0.035085329504595315,0.004915177705157167,-0.1754568129242821,-0.053585630381437176,0.008623604988499832,-0.09187114988540676,-0.010832059166724039,-0.018298585083946887,-0.12336713630104666,-0.022542979616297438,-0.01870010479737894,-0.1446510232678444,-0.032974470164706254,-0.015033800957420646,-0.1677022059019696,-0.04357370369029601,-0.013192967887622642,-0.07375265888169329,-0.020176032820407218,-0.03385354113891269,-0.09731424389421214,-0.02524500162407018,-0.0354167764613253,-0.12171311579586522,-0.03271392898434976,-0.03624204278696289,-0.13488290361559052,-0.042888283734470393,-0.03305723431099565
0.0,0.0,0.0,-0.017268836899556675,-0.005698884360137828,0.030985645746221042,-0.04554713691694111,-0.009788943891815732,0.053908401256421726,-0.07232978028489015,-0.009363858543795506,0.07095970300559637,-0.10567857312138394,-0.008644997094967643,0.0782734431913967,-0.09506836319566675,-5.147007284519332e-18,0.02623547324028374,-0.09289607531676883,-0.028177645433128163,0.02918087578271051,-0.0803145524230735,-0.03254397880027463,0.025069580100573616,-0.05496967199978374,-0.02877830042975334,0.017488712845300285,-0.09805137613114792,-5.231539714749481e-18,-8.701893256654454e-19,-0.13202634960030116,-0.020268860057747425,0.004961212364741679,-0.15084949814578757,-0.03884720525174965,0.006013676716765179,-0.1701497844759083,-0.06080082074280999,0.00931008254840545,-0.09362179800823306,-0.010929773586202991,-0.018808436483935986,-0.12443502533281649,-0.022948376898197,-0.01755180571708228,-0.14458626014389958,-0.03527899100763517,-0.012972673589584096,-0.16765232931059132,-0.04884482691622636,-0.010664870391994872,-0.07586869135836993,-0.02066806807522069,-0.03321513148804221,-0.09863932350520553,-0.026907359995842196,-0.03421229009264471,-0.12231448468401201,-0.03556225587052354,-0.034116343933672466,-0.1342175263651894,-0.04800111697387983,-0.03046657385411566
0.0,0.0,0.0,-0.017995788611696203,-0.004918949322417734,0.030988210323817992,-0.046987407704096054,-0.010462562246048503,0.053664888177769404,-0.0745685994162601,-0.009258633687753511,0.07099299929397532,-0.10873756847970387,-0.010355286315933021,0.07837997879833829,-0.09748449715943434,-7.578573506206163e-18,0.026333071015805225,-0.09499825423492621,-0.028741260965672123,0.028641001693891565,-0.0819795474128701,-0.03206461213848216,0.02428514470559439,-0.05766663212794957,-0.026743844420436768,0.017347653446746915,-0.09999204222805207,-1.0610608823657203e-17,2.909142192443287e-20,-0.13225090333756337,-0.022432302289137607,0.004073693900108326,-0.1503042084738333,-0.04205547876288965,0.004122281704408157,-0.16918448356673715,-0.06346880801345617,0.0076626823418969115,-0.09486039404237041,-0.011172287600488842,-0.01896636995791305,-0.12515575067103568,-0.02425955620775591,-0.01814321465497605,-0.14421662922083367,-0.038025531108829336,-0.014350452013640002,-0.16692192544710882,-0.051332263106084394,-0.012053265232613122,-0.07661420566862794,-0.020071866231751927,-0.033472196427309774,-0.09852163938187182,-0.026957385219007975,-0.0351338006216402,-0.12245062600341453,-0.037517211701669245,-0.0357458712511674,-0.13396270051605913,-0.0487562470766941,-0.032390586883850804
0.0,0.0,0.0,-0.018388993768337247,-0.005173694969757062,0.03104966672360757,-0.04721858434361668,-0.010603014086488392,0.053825948335767086,-0.07457616477100043,-0.009762821086819124,0.07101077493072955,-0.10848083236601412,-0.01056309354571575,0.07816201692306288,-0.09730746836806244,5.838227993798563e-18,0.026344299903194313,-0.09583268634224172,-0.028317451551755277,0.029026970067463274,-0.08321829058024464,-0.03230981911417927,0.025161506777619667,-0.05886718028740071,-0.028488171439652214,0.018319871942189075,-0.09951526845409162,1.5801263146227902e-18,3.3819884220053466e-19,-0.1326889512868008,-0.021135912176596213,0.004211443541745423,-0.1513446295663533,-0.04054662657211926,0.004494460397813372,-0.17061190591312217,-0.06137027455623785,0.008043082896240065,-0.0946303614058004,-0.010943598246843912,-0.018819995116592086,-0.12539998683214001,-0.023533656705544203,-0.01819590043147136,-0.14475536078444054,-0.03684985727891031,-0.014201808353401369,-0.16762455305978793,-0.05020292212639089,-0.011986440901593494,-0.07678597042095538,-0.020081850046617847,-0.033356298635851475,-0.09905067177226776,-0.026715390879150844,-0.035118941308988634,-0.12284716811301538,-0.03629999978591178,-0.035398694414533374,-0.13457717983622686,-0.04750508797175707,-0.03211383476528923
0.0,0.0,0.0,-0.01726047800294672,-0.005326160311314118,0.03096476090568313,-0.04564643113252562,-0.010087940965511438,0.05409700451855102,-0.07250011561406212,-0.010256594705645435,0.07122617557810232,-0.10578395839818673,-0.01082205617003245,0.07883048644734593,-0.09544666842312269,-7.765261397918116e-19,0.026496444465457663,-0.09470498980458583,-0.02954236260957216,0.02911914446439678,-0.08158230128974836,-0.03441275391974729,0.024654935226460544,-0.0566948149099219,-0.03082143357167996,0.017430291957493595,-0.09808226703749663,1.1213379290981898e-19,9.901923203870286e-20,-0.13229940590328904,-0.019963956020267952,0.004213696415002735,-0.15194456525561678,-0.03817669429344261,0.004766975411534784,-0.1720662396011189,-0.059314924034896015,0.008743139617662645,-0.09382324840540987,-0.010856953046024962,-0.019058785132612503,-0.12486222435994607,-0.022679646288490226,-0.018074609593671992,-0.14509814092483045,-0.035286861324766834,-0.014051574703617325,-0.1683236068071754,-0.0475382055849749,-0.011134384703759392,-0.07609785679715905,-0.020107688046985026,-0.0339459033520104,-0.09869903049223637,-0.0260682508526966,-0.034997033924065356,-0.12269525194302931,-0.03560915872771078,-0.03536694185200845,-0.1352839093624884,-0.0474135924834098,-0.03169194164629328
0.0,0.0,0.0,-0.01761951392506578,-0.004927811294466811,0.030994338989296592,-0.046294645157747755,-0.009722072505616868,0.054009258292418115,-0.07366163537347699,-0.00947699484781565,0.07146119430470217,-0.10735113009251927,-0.010263469144030484,0.07924658263002174,-0.09641746571494186,2.8344999084330365e-18,0.02668946677870487,-0.09506730783774893,-0.029615780156524416,0.02919785180697832,-0.08112285117637469,-0.03398730534655676,0.024435804546826992,-0.056354447858487665,-0.029659559497642273,0.016923021136125763,-0.09833901095799918,4.885253036561527e-18,1.9697958888280688e-19,-0.1326075296077169,-0.020188075959579513,0.004037007846228564,-0.15244873850032467,-0.03864246844069533,0.003941773484648194,-0.17221407633316205,-0.060486593422731355,0.007600905891350298,-0.0937131799955594,-0.010859099592752292,-0.01904810539252368,-0.12473504064001853,-0.02302395135092722,-0.018349821890393074,-0.14487840813097588,-0.03616319571201969,-0.014681869687149957,-0.16786416504784046,-0.0490336799584114,-0.011779173213795251,-0.07565834831441941,-0.020231113219235878,-0.03397680797856724,-0.09829131504909917,-0.026282788170017023,-0.035127734289401545,-0.12260686906389537,-0.03573970633176932,-0.03588952803214834,-0.13515994035138576,-0.047889080498804616,-0.03236392307184026
0.0,0.0,0.0,-0.017230280783508335,-0.004649772048078432,0.030972978208675898,-0.046091541008001856,-0.00960709407763213,0.054170115481354225,-0.07408658877597162,-0.009295051411358104,0.07147006905235515,-0.10765762214520803,-0.010518747286273089,0.07929164302904473,-0.09708216899622847,3.778684494848654e-18,0.027338394418234796,-0.09546526623217076,-0.029511535187306624,0.029041913470224445,-0.08152876792808121,-0.03416464427808348,0.023632297166462132,-0.05708589084373437,-0.0297117718258007,0.015521620322901802,-0.09913620222318671,2.2829233131771245e-18,3.8204521785483007e-19,-0.13359053656501887,-0.02084822952290871,0.0036941869263449434,-0.15306229756212203,-0.03991151639494117,0.0035140724585362667,-0.17271668878993396,-0.06128085405638275,0.007503733639246205,-0.09409551458015906,-0.011114898268482908,-0.019064823463575492,-0.12505833962000107,-0.02414229589703182,-0.01871615754887961,-0.14477035635169483,-0.03727089136853489,-0.014722937087424903,-0.16738557743089344,-0.05035496230724036,-0.011615759356058832,-0.07564592259639044,-0.02043834554496435,-0.03433646599997353,-0.09859584395444952,-0.026385163937125946,-0.03559115607928175,-0.12334620196067275,-0.03585266267376507,-0.036489931230564425,-0.13594265280572762,-0.047575913366502964,-0.03314854539811399
0.0,0.0,0.0,-0.017737174870417705,-0.0055959297950246446,0.030667704169124694,-0.045800597660304025,-0.011601216659276357,0.05362717714470239,-0.07288876421317506,-0.012307918776297064,0.07089191752410143,-0.10655218752958623,-0.014454051854274492,0.07876109141653702,-0.09631562638767192,-2.630620654841969e-17,0.026725825531378686,-0.09668632832091496,-0.029628324585779454,0.028764927255171324,-0.08415747359806702,-0.034930084254012984,0.024230060002290756,-0.05989132592911117,-0.031162737155003797,0.01697831529481292,-0.09870541745248564,-2.464337597611807e-17,4.940864570089226e-19,-0.1337695653466805,-0.01997949058751886,0.003774722754549508,-0.15373111390831687,-0.0385300314005773,0.003963096339285163,-0.17388828408184906,-0.05915723656534314,0.008080315648043101,-0.0940676469413616,-0.010608637421629196,-0.01925517582978975,-0.12582904278886337,-0.02326699775312732,-0.01908317136593563,-0.14573057039483164,-0.03603818213768518,-0.014971393118820642,-0.16883255420598417,-0.04876492100378821,-0.011399827122261312,-0.0762575799674858,-0.01963089475603525,-0.03439133295452539,-0.09938897624966635,-0.02647908446471813,-0.03606463056624731,-0.12360102248265935,-0.03582688217285385,-0.036665784508493504,-0.13671049732043938,-0.047830260375511524,-0.032828917798480794
0.0,0.0,0.0,-0.017596818286938945,-0.006537217306504816,0.030672354110656067,-0.04548783091397178,-0.011188238784664104,0.053950825692783436,-0.07278767584292355,-0.013647658900356813,0.07076453920964726,-0.10475227548939417,-0.014427122651394394,0.07838995588685879,-0.09262919228107448,-4.540844420255586e-18,0.027495691527445142,-0.09914392364544514,-0.028349160262790954,0.029748462495807208,-0.08880894346698798,-0.03474520621873727,0.025175274055773435,-0.06402686399540175,-0.03326076455749728,0.01887804797037294,-0.09447684786073303,-3.953350996567768e-18,6.541545844720167e-19,-0.13320201015602007,-0.016055102713142,0.0031364709442145175,-0.15584767517750187,-0.0302718736913421,0.003891179607036299,-0.17838973560396396,-0.04669851413068651,0.008028650862654469,-0.09080859976344259,-0.009627817773859945,-0.019358212298842842,-0.1236819674230781,-0.020043455588505007,-0.019082163236716552,-0.14581741227386158,-0.030593510708901848,-0.014506294154531944,-0.1690596033472626,-0.03993142375593634,-0.011382084205045011,-0.07391583967673532,-0.018582230243806928,-0.03427291464751428,-0.09825640105609114,-0.024385155563353047,-0.0357987811958256,-0.12230250708386056,-0.03206172881295731,-0.035666537431972234,-0.13638589571584753,-0.04177105526103187,-0.03181089418198985
0.0,0.0,0.0,-0.01774638077726046,-0.007002701125733971,0.030760976474889963,-0.04553170343867946,-0.01163158362626081,0.054273519725799906,-0.07303395299175508,-0.01397689652687186,0.07123802009638824,-0.10569968225962419,-0.014958223689560485,0.07877486696087393,-0.09318200654609037,5.497438473618301e-19,0.027771722429320425,-0.09944604569041993,-0.029179436092478642,0.030006247978299223,-0.08826137882139619,-0.03605861900130944,0.025091940567002154,-0.06333503963047368,-0.033949845114624094,0.017862858067513226,-0.09503432774660864,-1.0784915631056827e-18,-1.804252362084802e-19,-0.1336776093435881,-0.01605120209290795,0.0029383718410604396,-0.15670280670530648,-0.030633142142876074,0.003547007258161003,-0.17995443398453598,-0.04690667113537631,0.007795545180072298,-0.09137844074027318,-0.009413146828570364,-0.01955760419391854,-0.1242861073654902,-0.020053639072959168,-0.019256409346114566,-0.14652013512541018,-0.031070919447839008,-0.014867734008936848,-0.1701485112716428,-0.04096378351931586,-0.011621453663405792,-0.0744386903335905,-0.018297733307869043,-0.03463400661209236,-0.09879273153661243,-0.024245920599714102,-0.03626755916963906,-0.12306165847155101,-0.03216109319728273,-0.036305221976586505,-0.1375245453077584,-0.04248394671079726,-0.03217818890407713
0.0,0.0,0.0,-0.019416429399969945,-0.007140818824921473,0.030264027416855566,-0.04759360562963464,-0.011755615339193,0.05364149924249374,-0.07435341533671198,-0.014078477026740609,0.07122677040049603,-0.10579758642235612,-0.014606357207455565,0.07785829437645213,-0.09321905771678053,3.546612279003819e-18,0.027403623166027024,-0.10236381608178363,-0.028601293464061903,0.029307482976382894,-0.09210880125651125,-0.03651978867769781,0.025081302636985662,-0.06631297301895772,-0.03715324861140284,0.019770427821708757,-0.09449230100331367,3.2558886021060618e-18,2.641818647281088e-19,-0.133745290191133,-0.014521485930937085,0.0024323974395906406,-0.15759060151665233,-0.026866869268585253,0.0026548490546473083,-0.18202227565939175,-0.04161112919490771,0.005849544288698339,-0.09079513814572511,-0.009229429235747997,-0.01882973526036579,-0.12427257945687041,-0.017395192610653174,-0.019602607170148476,-0.1469454474679785,-0.026175784910060177,-0.015599546136051605,-0.17095753061385022,-0.0349633421651118,-0.013174027072510981,-0.07381023569902281,-0.018243275190950207,-0.03421628213046247,-0.09902687921800392,-0.022252442149788724,-0.03670346964946708,-0.12337030356058509,-0.028012096990081902,-0.03687250425764582,-0.13890636290724695,-0.0373527217051222,-0.03338964477871788
0.0,0.0,0.0,-0.01982546324281602,-0.007134194842928615,0.03214957707700987,-0.04636056964432951,-0.011337516007970505,0.05537053983787091,-0.07288845354098102,-0.013787829275685334,0.07284705565055177,-0.10397541311785839,-0.014763171442543308,0.08068465802928468,-0.09516067356067352,-5.578631885908303e-18,0.027545250892620412,-0.1049730234004196,-0.028928907563742657,0.031116548924714632,-0.0953010693213447,-0.039433462387007845,0.02945671922783694,-0.0705914919127887,-0.04739273855587879,0.02511556523275086,-0.09590069900349608,-5.960569686605775e-18,-5.0365541158190674e-20,-0.1353817740786251,-0.014718996412937791,0.0055106489054440565,-0.15804815648440054,-0.030930798032817286,0.006664952524014984,-0.18062410047946645,-0.050541324745544645,0.012742600486631226,-0.0921500260330861,-0.010838495708459244,-0.019387718530632328,-0.12553527577860005,-0.019526460915254812,-0.019002273893180818,-0.14750877411771077,-0.03156437780745471,-0.01450176274040162,-0.17031606595656343,-0.045885672695290945,-0.00898309125276578,-0.07487177682601132,-0.019959315775158196,-0.0349335965817607,-0.10061215414722202,-0.02506616598041481,-0.03665764132349802,-0.12575937212159688,-0.03324272858782864,-0.03705997652325304,-0.1398260895687561,-0.04541319739686203,-0.03193756703771539
0.0,0.0,0.0,-0.021335596745369435,-0.006403351379354677,0.03142160596981019,-0.0481217374831754,-0.009507028697071625,0.054427687244140696,-0.07761975181686788,-0.008539138106713301,0.07276038528356427,-0.10657934782294327,-0.006971512363039087,0.0826687446893342,-0.10009069934127125,-1.613795677820753e-17,0.02654530945999946,-0.11540487404681783,-0.021383197288768314,0.028668485553937577,-0.1170177319956605,-0.034187487670076254,0.030395176867696355,-0.10159631607840529,-0.05654467058901614,0.03023355740798473,-0.10034859125418212,-1.725892177809643e-17,-1.547144077434978e-20,-0.1404063835504195,-0.018948807505816727,0.005560595986395479,-0.16035440858052044,-0.03998809369836711,0.006577442569172805,-0.1753067583929996,-0.06480735800563156,0.01232352371648185,-0.09478145156942001,-0.012516280615579087,-0.01842550974762568,-0.12650513151356174,-0.02731310323267366,-0.018169975742984297,-0.14553173380654677,-0.04465680978462813,-0.014028685627998918,-0.16190048818192862,-0.06351352102216268,-0.008315185615471182,-0.07722341167035132,-0.02086413480985327,-0.03439912881189033,-0.10080631654566037,-0.03069689994783942,-0.03584530284673762,-0.12358457876203424,-0.04312174450315749,-0.03584515879080292,-0.1355687034641513,-0.05574661926784041,-0.032519947091895575
0.0,0.0,0.0,-0.022614122075595412,-0.007334851434049425,0.0298091778344277,-0.046440090577943606,-0.012160918521134179,0.05432628151318459,-0.07513746440813353,-0.011956985500685774,0.06979986421443658,-0.10145073289160803,-0.011843145672577993,0.0798311574795719,-0.09504746316152005,-6.546131178274187e-18,0.024921297324738394,-0.11819269419898934,-0.015247411471828563,0.02898003055980503,-0.13397834091690294,-0.030943569631923865,0.030388706812141217,-0.13470386056714323,-0.06097944410246688,0.02899598839895543,-0.09783291792087477,-7.93792211589876e-18,1.4471476349001202e-20,-0.13431227375950627,-0.015955766505077018,0.005636024771634114,-0.15299290516673214,-0.03891053776955098,0.005762731077622117,-0.1696792342154263,-0.06233042463965478,0.012454081720685397,-0.09130610336698455,-0.010652656132664485,-0.017172540001008825,-0.12200686499785067,-0.026954932377667985,-0.017391800691029122,-0.1393009543493084,-0.04622259500729418,-0.013589962507787825,-0.15287108656495987,-0.06703860491453309,-0.007648011564936156,-0.07546672618900352,-0.021223744554678868,-0.03371543703483044,-0.09753526046947457,-0.027382204237833763,-0.03520578230854213,-0.11648547435438272,-0.039411145150894715,-0.03536507039367985,-0.13145932458726042,-0.055427014195898974,-0.03061727689845554
0.0,0.0,0.0,-0.02543267393710974,-0.00757482074578796,0.029209797241745585,-0.04974880657977779,-0.011960438820657239,0.052273526282002776,-0.0774845670820153,-0.01205239508730939,0.06782172438787416,-0.10379803640069055,-0.010033475782445579,0.07752594687876144,-0.09583930165205544,-6.316423535758518e-19,0.023527796235478834,-0.12289783747365195,-0.011920669349657992,0.02857613772153285,-0.14298360524977952,-0.023774120550206425,0.02976838590868495,-0.14985620314405154,-0.052065414447847506,0.028597132997453208,-0.09753919965374327,-8.121334863523492e-19,-9.923504863039677e-20,-0.13371011293121798,-0.01370689829772443,0.0030405841486633475,-0.15430391723572318,-0.034607088493082354,0.0010411792263718006,-0.1725666749801762,-0.05368500335216816,0.005636436108768567,-0.09012332071161186,-0.010005387316697499,-0.017240537632229096,-0.12166640444580448,-0.02467198342155923,-0.019430118827512256,-0.13904983621093772,-0.04167483583521522,-0.01752975529346336,-0.15573713384098015,-0.060411983796505385,-0.012786549371620087,-0.07472846535300502,-0.0208037881689753,-0.033355411355520656,-0.09636960733302677,-0.02563066756288404,-0.036194824577212466,-0.11626026796768972,-0.03486960156814492,-0.03811846807913523,-0.13318905058837008,-0.047099239561032936,-0.03377878972567003
0.0,0.0,0.0,-0.02551172860577456,-0.007709791777356015,0.029432014795965987,-0.04981338941149166,-0.012437777100037047,0.05215964114127858,-0.07770555691672808,-0.01232996874140458,0.06772204913649832,-0.10428814578341918,-0.010659275372984979,0.07717957402745067,-0.09581848317066972,5.3688416151695684e-20,0.023419746610655583,-0.1231320640436772,-0.011822450447243038,0.028324677134756636,-0.14360086365821495,-0.02359064383793372,0.029497371703381164,-0.15061271739376483,-0.052084005892546,0.02846378023986021,-0.09755945488595094,2.7337512743780325e-19,-1.5554184297258312e-18,-0.133776298046898,-0.013532668992202691,0.0026311310997230697,-0.1544468501426054,-0.034414279126016516,0.0007534897571021182,-0.17300527189102688,-0.05308530532078478,0.005022086476712325,-0.09001136907800866,-0.009725460350880582,-0.017461739171860384,-0.12163474880132946,-0.024451435312033844,-0.019917142397741908,-0.13877522207767842,-0.041383028343428156,-0.018060186426192018,-0.15530491053646153,-0.06048684689975483,-0.013302361297064942,-0.07471130522009543,-0.020540492777716732,-0.03382084252707099,-0.09642166437320462,-0.02527597774263818,-0.03670491918374677,-0.11618064268661926,-0.0344978039265549,-0.03862116323457317,-0.13294827478024585,-0.04643367226222212,-0.03414844792434808
0.0,0.0,0.0,-0.02567279862862908,-0.007411932543914318,0.028719162928781086,-0.05041635272945773,-0.011583700923515917,0.051504978272152196,-0.07822359131096121,-0.01216997399756729,0.06701631638818967,-0.10469087861133736,-0.010348649360961136,0.07699774867863317,-0.09650362414676686,1.5036568661875925e-18,0.023043465446680157,-0.1249109801984169,-0.011205462683676354,0.02939527088283294,-0.14485973857410642,-0.02028119620233306,0.032522255937497635,-0.1545505156836562,-0.047392642201126656,0.03333213518251754,-0.09761052571329412,2.94902387203457e-18,-2.6849074224295127e-20,-0.1344328621881592,-0.01334450449993997,0.0037040168639259205,-0.1555470963625435,-0.03309762839578286,0.002122111573885336,-0.17388099359198209,-0.05184756262512772,0.007371153721429117,-0.09051026662344876,-0.01076575354553139,-0.017052511159617565,-0.12185825868189458,-0.02486254550848347,-0.01851620965666946,-0.139834542261086,-0.04153861770781877,-0.01678701292821297,-0.15712734796481256,-0.05880377523763335,-0.010909636756708346,-0.07519531079498594,-0.02186544502594616,-0.03246018266147593,-0.09761847907170057,-0.026897347062538938,-0.03499845174368706,-0.11713484731319689,-0.036078881135779034,-0.03649813679100854,-0.1336196942862904,-0.047936173668954515,-0.03196162566672197
0.0,0.0,0.0,-0.02626736375627805,-0.007428810183374782,0.02960320261369969,-0.05062435185734529,-0.012258292505613333,0.05201769582390006,-0.07794815713222426,-0.012799411260157312,0.0672669657855121,-0.10450926930982841,-0.010907559099488848,0.0772084464755289,-0.09738978132968854,5.565562483928754e-19,0.023605146305669105,-0.12603242893781452,-0.011299812199054857,0.030557777545583354,-0.14593330821849546,-0.019839730747635977,0.03430287691053459,-0.1560439301277866,-0.046630345794603935,0.03588125072294338,-0.09838375423645968,5.027431864626256e-19,-8.67490804013356e-20,-0.13546851295168236,-0.013679919120451495,0.004316968962327952,-0.15679073014909314,-0.03364181446098372,0.002895017821474567,-0.17516091923342972,-0.05330031504766544,0.007922727066640932,-0.09120765411343139,-0.010917700630696135,-0.016854509663513303,-0.12258460826018493,-0.025803831710693288,-0.018349480258101236,-0.1404657536056031,-0.04364647520671492,-0.016608596818780755,-0.15719538856310697,-0.06121958302624768,-0.010719530384897728,-0.07580093916015405,-0.02169549200888287,-0.03259609925535147,-0.09829449688509209,-0.027557418568673005,-0.03485288867414869,-0.11742056047036066,-0.037299283037823906,-0.03588377963590344,-0.1334161668884131,-0.04929280729820084,-0.031335330601969656
0.0,0.0,0.0,-0.027090598763193134,-0.007517552467268687,0.02974882999637986,-0.051363328527930775,-0.012397436222975533,0.051960229232682516,-0.07871006424154081,-0.012945041136473719,0.06715545750201118,-0.10533401481675449,-0.011101737871644778,0.07680603735906974,-0.09784361972729198,1.1320315649609105e-18,0.023536850903395367,-0.12663428221277012,-0.010623675653562712,0.030564009590275328,-0.14706564126383723,-0.01896035281799425,0.0343698366220063,-0.157425638447343,-0.04500074963557594,0.03572072715747996,-0.09870821686513452,7.901675824013814e-19,2.715464508232987e-19,-0.13641306004452586,-0.012165297456830058,0.0041045899280895935,-0.15802227698253735,-0.03163925921680682,0.0024670586054867556,-0.17685213322732113,-0.050448435234011706,0.0075300465970534695,-0.09159172529793781,-0.010549436426838673,-0.016727688557716575,-0.12372889294123401,-0.024478476409202077,-0.018503689352161845,-0.14160379623851918,-0.04129855861316741,-0.016588502753144867,-0.15868640092282468,-0.058673068892579165,-0.011087962821779726,-0.07618680402870802,-0.021000509316784613,-0.032355044301168444,-0.09889833933971319,-0.025982147679706274,-0.0347554481253215,-0.11846095409483853,-0.03466085582327915,-0.03626658822440863,-0.13465351405434148,-0.045683259317760495,-0.031972220721440806
0.0,0.0,0.0,-0.02725347927343911,-0.008068196673376384,0.030095920644156744,-0.051609614999080525,-0.012493847080752895,0.05200384888226005,-0.07846154569620581,-0.013641009853248677,0.06679845204275865,-0.10479206510558335,-0.011571375230001695,0.0763418341653055,-0.09782019707364517,-1.074808114913287e-19,0.023437378961955434,-0.1267536452908433,-0.010389928307349798,0.030728081211972767,-0.14767917347267945,-0.018445246202696903,0.034198235408558625,-0.15851783871304026,-0.04513787674980459,0.03594058218815582,-0.09876729013768974,6.742327200934708e-20,-1.411789411875629e-19,-0.1361357750119788,-0.012234561452907728,0.0034430024940608106,-0.1578771827501232,-0.0321988516299466,0.0021488871422563763,-0.1768711980192712,-0.05064308314205623,0.007049761607048509,-0.09130771703627515,-0.01054434219950394,-0.016804622022234577,-0.12350297123818935,-0.02468520971975935,-0.01903482017654703,-0.14106867571773327,-0.041751286172572455,-0.01703579592012355,-0.1583573481318844,-0.059068114745089266,-0.011703261423666348,-0.07592186127103887,-0.0212095408548211,-0.03244268130872833,-0.09843313149762052,-0.02632980166148622,-0.03518022741862451,-0.11813506417269565,-0.03528336368144294,-0.03688721482761493,-0.13418553662288862,-0.04646627108508509,-0.03207994608848652
0.0,0.0,0.0,-0.027238550221007154,-0.008409413374826166,0.029781355111487523,-0.051980857239073704,-0.012501403764070539,0.051822314866961344,-0.07885825252378711,-0.012628379809539042,0.06703318555659574,-0.10610515355880373,-0.010109504102861648,0.07642018171370316,-0.09763324280557069,6.443384127558043e-20,0.023292274128654474,-0.12637425402006236,-0.010086586914065911,0.03045922283276039,-0.14759675517324394,-0.0183956419243576,0.033534128268186573,-0.1587198814056507,-0.04500059905533153,0.034958462889889144,-0.09867127872321961,-8.665731569836535e-19,-6.444830271913333e-19,-0.1354867334639583,-0.012040463982352935,0.0027746582637329493,-0.15712287477365194,-0.03231309222803623,0.0010092441308713748,-0.1763692700943708,-0.05018696402347682,0.0053577547660380595,-0.0911013682778178,-0.010129296609381475,-0.01704991615842151,-0.12299545106687548,-0.02429225611137407,-0.01970567069345399,-0.1404069652388877,-0.041441560051451075,-0.018303888328810167,-0.1577814530734744,-0.059155989620386935,-0.01334600596484658,-0.07570714093742005,-0.02064919835876272,-0.03303528526421361,-0.09776997921452936,-0.025692990207987126,-0.03593661262407409,-0.11739357963749092,-0.03475028868804633,-0.037818778460663775,-0.13341994253466008,-0.04604906781872239,-0.03304895244402579
0.0,0.0,0.0,-0.026533045017920778,-0.008622836135360232,0.030505420199512183,-0.050936930228890516,-0.012600093208232622,0.05252629157410904,-0.07753433045582324,-0.012296890741731554,0.0677631483963532,-0.10481847676199006,-0.009875356609709682,0.07746659805040244,-0.09788783963495414,1.560910495402877e-20,0.02386037941648886,-0.1263488550896245,-0.01050802641194546,0.03158531111690208,-0.14732869609646304,-0.01951124588036874,0.03553474835871385,-0.15707919846940493,-0.04629830993686921,0.03740995114766905,-0.09886763531136443,-1.170295027242447e-18,-5.416450641559911e-19,-0.13635204422269687,-0.012400873544819307,0.0036699545502724383,-0.15737885600172766,-0.03344408073719546,0.0028422876782884143,-0.17593260525445847,-0.05241775494727177,0.0077377418901979295,-0.0912678114394434,-0.010188353984198177,-0.016970845812653953,-0.12353225105813408,-0.025751039787347052,-0.018760489105061055,-0.13987719544995245,-0.04306845375044381,-0.01664010383177837,-0.1564708342558174,-0.06174177219243323,-0.011944496410422672,-0.07578979509179475,-0.020941889928873435,-0.03300734245632053,-0.09813764982161056,-0.026618413768809468,-0.03554799103340994,-0.11784735453403766,-0.03644845923624241,-0.03683496126823477,-0.13346948571949058,-0.04743103153171821,-0.032036460949195086
0.0,0.0,0.0,-0.026427832122217446,-0.008450298388137576,0.03066465113666379,-0.05110488186785505,-0.012920362069730873,0.052830442858984986,-0.07831650008312917,-0.013180786633652746,0.06772703516704412,-0.10604772769206557,-0.011011403847660932,0.07743187244132868,-0.09858113296045933,4.063533741831213e-18,0.024162926241043995,-0.12699583012692867,-0.01135665703791508,0.031701065822839804,-0.14761095909339472,-0.02147736064196349,0.035721654528138094,-0.15613011847625424,-0.04884761613077438,0.03804526187561512,-0.09975334709439744,3.966019203025532e-18,-7.881654498898336e-19,-0.13728116224069425,-0.013469640400481554,0.004047942792812929,-0.15761104514118973,-0.03533087490555274,0.003152336543824812,-0.17564424021342426,-0.05515001244183144,0.008546123159951765,-0.09185120928987689,-0.010143500664502106,-0.01679046265263811,-0.12390125223488026,-0.026916103748080823,-0.018302357898337864,-0.13969781393319036,-0.04510617663512306,-0.01605899852120161,-0.15553123541989833,-0.06501610492305122,-0.011096388215220005,-0.07616747761083878,-0.02093636463666466,-0.03281125909943958,-0.09841373699853487,-0.02734643563082032,-0.03536890414529366,-0.1176512155323371,-0.037787639800991805,-0.03635439656635931,-0.1327553035558,-0.04922165272217552,-0.03167132882426201
0.0,0.0,0.0,-0.025571616048468734,-0.008777425619195919,0.030277936246228036,-0.04996367511813042,-0.013354342808009565,0.05301305147617365,-0.07721888038154191,-0.013060031149723707,0.06778257103529219,-0.10519618853534193,-0.011527579791454422,0.077965735150124,-0.09734392385506344,-1.5684774919477239e-18,0.024303691307079708,-0.12576686820097202,-0.010967776432717707,0.032033677576988794,-0.14674836032368174,-0.02131118287670016,0.03666998216334533,-0.1550831172692146,-0.048459442427028064,0.03974344391165677,-0.0988769038841513,-2.389328906194408e-18,6.377217433372044e-20,-0.13636291003048692,-0.013621791651571308,0.004322168182902019,-0.15612927348724284,-0.03592963892670224,0.003974881745816425,-0.1743047612277457,-0.05598789447073686,0.010054654653857333,-0.09098209456339394,-0.01017620055816977,-0.01622057240257349,-0.1229384739143508,-0.027570427752983975,-0.017386674173931815,-0.13873903144661126,-0.04538934577754408,-0.014699615539559827,-0.1545636729239882,-0.06570592270882257,-0.00990867475867122,-0.07556690465957264,-0.021143399410754864,-0.03175692295325,-0.09794063604703422,-0.02749936073172593,-0.034520535030668174,-0.11701333568826675,-0.03826854252737444,-0.035315720821455766,-0.13203744248876714,-0.04981292730640184,-0.03038757475336477
0.0,0.0,0.0,-0.026701977212119195,-0.00878909701567637,0.03039610064451107,-0.05138261737394062,-0.013748606710923325,0.05236387514463254,-0.07872915275137982,-0.01449769385041423,0.067075865268223,-0.106343212872186,-0.012426986207976687,0.07689463789776012,-0.09845733455889805,-1.4368720612888627e-18,0.023838966783621317,-0.12713065723777978,-0.011398714171440389,0.0307919389508908,-0.14792711276879789,-0.021043175255987413,0.03407726485271408,-0.1573263852318333,-0.04813562273055094,0.0360251872847148,-0.09969091783996803,5.249515124942083e-19,3.6073767858562056e-19,-0.13681035831170277,-0.01323460327331987,0.0028823010966692758,-0.15762315332588128,-0.0349460109148208,0.0012695428172667049,-0.17594215824032727,-0.0541176775038937,0.006010747010976895,-0.09163082608760788,-0.010021286973071924,-0.017264035072074694,-0.12351565586473577,-0.026058419796906963,-0.019773174654347,-0.13985829564816907,-0.044211649711027666,-0.018007638722764854,-0.15635509834972944,-0.06364083520761316,-0.0131771550060055,-0.07592230131949806,-0.020698930604447476,-0.033228032146697395,-0.09778766287870394,-0.026881924240567647,-0.0362137790990484,-0.1172769099341166,-0.03662975121608767,-0.03775272092999333,-0.13301586451326763,-0.048427384386558386,-0.03333617294363613
0.0,0.0,0.0,-0.025008171397214608,-0.00890978215811014,0.02942182864252148,-0.049317376187518164,-0.013453353129461726,0.05266439939349002,-0.07709459894075192,-0.01254571581221268,0.06738009157327296,-0.10473424312777188,-0.011726950654539502,0.07720931507665807,-0.09581220449021406,3.03849894553162e-18,0.023899420024780384,-0.12358499455776815,-0.010717415942477694,0.031577235237706995,-0.14534219120845904,-0.021317453094704713,0.03669087351928264,-0.15373416651030408,-0.04650495742413974,0.03956065337410881,-0.09791760080636935,2.9281772403876146e-18,-3.7343047751073694e-19,-0.13458503976816377,-0.01363003614709748,0.003990914180452032,-0.1540475975442333,-0.03505643160563606,0.00359342282781982,-0.17264842690789314,-0.054115123212606996,0.00915687766238092,-0.08997706295325628,-0.009994106918659087,-0.016004241820135615,-0.12112308123288373,-0.027234460398101613,-0.017386783443849477,-0.13745041033408242,-0.044359667395218974,-0.014889693812441256,-0.15303447093625144,-0.06335051881438149,-0.010926481191728062,-0.07474603403644059,-0.020157713006147496,-0.031028262434929142,-0.09704501933380581,-0.026236323851979784,-0.03411110325470414,-0.11576346327955844,-0.03677780589344631,-0.03537839547339463,-0.13049922651059648,-0.0476984360530789,-0.030211129860555935
0.0,0.0,0.0,-0.025299871114373304,-0.009402050437514832,0.03006648326993086,-0.04962252947482082,-0.013347754410672508,0.0528857947857359,-0.07783017374942221,-0.011936329640714607,0.06758077111676757,-0.10539215047611546,-0.010693058032215706,0.07715935792160007,-0.09655894733432092,-4.007745437221672e-18,0.024324182755139204,-0.12478230190965255,-0.011020668906953131,0.0319127186604694,-0.14624854462625436,-0.0221535829066727,0.037320077596192734,-0.15459890608298346,-0.04728963830993176,0.04059502962515636,-0.0985439912766603,-4.480980260725872e-18,-7.988378504752664e-20,-0.1355135718159109,-0.013894823088172565,0.003868448603157265,-0.15493794677325876,-0.035787346525602046,0.003993538842276801,-0.17340115138937698,-0.056074864671299636,0.009315751820729155,-0.09010412021797883,-0.010128456726562644,-0.016078479315838213,-0.12168389034356633,-0.028260503384052806,-0.017453329847397538,-0.13785766798659035,-0.04589466717510094,-0.014681034142653298,-0.15297361830388873,-0.06536901610665695,-0.010613866579949182,-0.07487203514072688,-0.020099785470207337,-0.03109785741541864,-0.097461125379784,-0.027043474180489007,-0.03399534612161707,-0.116026556042522,-0.038274121576495596,-0.03482681506267703,-0.13036717176480564,-0.048806506049124565,-0.029192469453072814
0.0,0.0,0.0,-0.024755791405629016,-0.008570848827986496,0.029918083351075354,-0.04896353238434468,-0.012890975607755546,0.05294658537323267,-0.07874793735593467,-0.010802200530117413,0.06799554994857324,-0.10714535033367135,-0.009427763800108572,0.07705794167255835,-0.09765754128570327,-1.8664456295749178e-18,0.02453336209397064,-0.12551579329899146,-0.011609899596649705,0.03172799077195206,-0.14623765032516425,-0.02387100271041281,0.0378391537985361,-0.15367726372116383,-0.05016481908760087,0.04127184516105765,-0.09967726440619278,1.6393400129230045e-19,-1.5445730966935866e-19,-0.13560078617190802,-0.016005284765928204,0.0040334247139757985,-0.1538243685735201,-0.038580070623941067,0.004953996981387375,-0.17154204107480472,-0.05929722133154595,0.010487811391338857,-0.09078845799982382,-0.010512477650914702,-0.01668601167128415,-0.12127057383826716,-0.03058530715886489,-0.017033774542514504,-0.1366790151603273,-0.048463953236820366,-0.01379683777901037,-0.15062138389968735,-0.0694798835151175,-0.009576095443558325,-0.0749258642120434,-0.020829538556670364,-0.031557066239802804,-0.09731100691610212,-0.028990842029902743,-0.03365463029301943,-0.11554866643925757,-0.04126852471587712,-0.034511509768629316,-0.1296163481405584,-0.05256169906141677,-0.029023532493580532
0.0,0.0,0.0,-0.0239407524825127,-0.007385595554032901,0.03045509038365782,-0.04826271651479659,-0.012116705335447302,0.05360780459964738,-0.07774690409684938,-0.009850482699071636,0.06830416185492218,-0.10633067997109663,-0.008721302351899945,0.07759154121856814,-0.09767930627565503,-3.3736399982755786e-18,0.02515452141406858,-0.12524004599339741,-0.011051479322260794,0.03230157461544518,-0.14540644583901777,-0.021733465809400172,0.03876500271815172,-0.1541646282896387,-0.04802516226468275,0.042359071105853824,-0.09923664303626105,-5.4804336564769534e-18,-1.2723268575344165e-19,-0.13565676870345922,-0.015701287293241974,0.004814382892545893,-0.1544736692024367,-0.03788997691752079,0.006699945191422308,-0.1717266566582661,-0.05944304250447042,0.012944836497070036,-0.09129724360414339,-0.011252323627690762,-0.016707613767590508,-0.12243864782843926,-0.030623804386870818,-0.015749240027884425,-0.13764594636584862,-0.049081249435305736,-0.011835515180916875,-0.15174637831000193,-0.07005047776586514,-0.006594531510918278,-0.07568514847127333,-0.02144624965927948,-0.03153094210149525,-0.09830833117050347,-0.030051165954656494,-0.03297248588732472,-0.11647092585178485,-0.043093850049744115,-0.032872878885606756,-0.1301365492161734,-0.05368671675285029,-0.02719614484022739
0.0,0.0,0.0,-0.023556842201555336,-0.007346991575738082,0.030264273313679094,-0.04760585406374391,-0.011808007726936843,0.0536319334227952,-0.07703948654916017,-0.009829345659756242,0.06826837334618518,-0.10537703558573953,-0.008970587516231362,0.07719474159180464,-0.0975502220375908,3.5205220460563134e-19,0.025015979957958876,-0.12480232498979453,-0.01122628712981745,0.03168089237149196,-0.14460713011968027,-0.022365410734816644,0.0380218511734991,-0.15301326843520444,-0.04911094014309584,0.04106920960975811,-0.09908194971483933,-1.1366308959618584e-18,6.033314379516738e-19,-0.13557869018898738,-0.015527554229405783,0.004769833463711194,-0.1543134669006809,-0.03790615873590877,0.007017078362688965,-0.17126226685582752,-0.05964983044312243,0.013357357286984993,-0.09132153338508572,-0.011406487768985013,-0.01687827907464712,-0.12250734806683931,-0.03070797321087897,-0.015797616827098473,-0.13759377103703976,-0.04933658109517148,-0.011703477404825819,-0.15130707622755246,-0.07065631725108,-0.006248359421910824,-0.07573096227818923,-0.02168438745501287,-0.03189851069554173,-0.09837088466436428,-0.030090600688593244,-0.032974050136813794,-0.11679671243374924,-0.043321729401120994,-0.03290971658701139,-0.13044235331545073,-0.05418996094325967,-0.02685000355909927
0.0,0.0,0.0,-0.023728999192846538,-0.008647826332342597,0.030174446670272106,-0.04801830697840133,-0.012197758199573992,0.05361259973513342,-0.07823331126592697,-0.010583226066119552,0.06852728152378768,-0.10683586906807802,-0.008584527800488935,0.07747424489834598,-0.0975167173894219,-4.114350458314763e-18,0.024617914194451584,-0.12413117963888674,-0.012500498072692108,0.031242031079273074,-0.1435361684048481,-0.025470930407473297,0.03686117526259959,-0.14950062796935396,-0.05353441203154128,0.039050217839335405,-0.09960540106284187,-4.975461502606833e-18,8.720163091446336e-19,-0.1363476581040933,-0.016046487274932724,0.004443079694447988,-0.15446555713792703,-0.0387120540712212,0.005611818892852154,-0.17167176861445083,-0.05905188200036491,0.011571026449049185,-0.09161289069752863,-0.01064849987668397,-0.017376962793635518,-0.12247805935288533,-0.030364282756761663,-0.01699370602406073,-0.1378769474163698,-0.04873562204857638,-0.013335463245927966,-0.15138859128703042,-0.06966295157236098,-0.008162349518186996,-0.07597429808276902,-0.021008642095900774,-0.03228956155710859,-0.09865136747858427,-0.029116911747628756,-0.03429668741125368,-0.11738564420136458,-0.04139080176221505,-0.03458640618787235,-0.131198800481083,-0.05284314565794945,-0.028472037756845984
0.0,0.0,0.0,-0.02255916721968867,-0.009426524188809536,0.03237354582897909,-0.0467977659048408,-0.012513770434270051,0.05593324131776197,-0.07478596592024343,-0.01339083498250117,0.07068355008915042,-0.10201141531378229,-0.01309851953213539,0.08095281742913095,-0.09750494283501679,5.6164521861766645e-18,0.0258145960819689,-0.1198502644795053,-0.016219230100417314,0.03201419714514602,-0.13238880856769786,-0.03207955583540876,0.0351970964970865,-0.1278643898696692,-0.062477270158579706,0.03645333888897882,-0.09979154435869704,4.304471252966388e-18,-5.622177116120841e-19,-0.13903010681906652,-0.015170646132785893,0.005991286177649471,-0.15761162334601803,-0.038131824863907496,0.008222711479365988,-0.17324176465193789,-0.061472849482062254,0.015698414979273982,-0.09328180150788656,-0.010781789384987708,-0.01721190885815446,-0.12435280155780357,-0.028135073552043432,-0.015719020666208366,-0.14086394488372922,-0.04834438023315268,-0.010616225688369878,-0.15354626869937266,-0.06959485545808186,-0.004122607576888123,-0.0770698444124336,-0.021058935354250095,-0.032417345363431285,-0.1000522084029419,-0.028350252413393978,-0.03420126668758605,-0.1201107220004612,-0.04087908893119861,-0.0332643737984735,-0.13381668279683465,-0.05550029259173517,-0.026915142051247006
0.0,0.0,0.0,-0.021038340682675013,-0.007846954861092267,0.031121455816557966,-0.047344363534711296,-0.012400347186603664,0.053415751527883255,-0.07334333744080836,-0.016294410723687546,0.06974114623856646,-0.10102883484107336,-0.019969525219304708,0.0779260739467009,-0.0955919669780943,-1.5959157191009613e-18,0.02607921361401725,-0.1109824544149197,-0.024145249626644147,0.028225261161885444,-0.10691296299389619,-0.03508810077467032,0.02715881740312554,-0.08838399985596686,-0.05324487954116777,0.024756132854368725,-0.09524541525214922,-1.5820868231474203e-18,5.492628386044562e-20,-0.13526792445420105,-0.012064455826777752,0.004067475017179499,-0.15917231771063262,-0.02806083274068843,0.004440071076734656,-0.17965386060682081,-0.048458361263257935,0.009059578399396353,-0.09107855708165415,-0.010606675597517984,-0.017896745662414396,-0.12381783024297775,-0.01906184421993666,-0.01793938685900725,-0.14519347011992131,-0.032885428067233,-0.013755594266581721,-0.16605069711486908,-0.04902777328517107,-0.008782479228617683,-0.07480217636126116,-0.02026702927054825,-0.032481008143006244,-0.09884669680382682,-0.025703474562946103,-0.03498199920161946,-0.12247512645099243,-0.03515524487992086,-0.03551662819155963,-0.13635514287027142,-0.04896461260653214,-0.03297335758318357
0.0,0.0,0.0,-0.020847949616018647,-0.008170972816315257,0.03081156001941391,-0.04701095979622729,-0.012368778636206328,0.05370419013152542,-0.0731518909309799,-0.01528340341840496,0.06988960296626114,-0.10058859199228139,-0.018504372866428215,0.07839143491620904,-0.09543639603944334,1.5696681667407057e-18,0.02579570818119783,-0.1107658010834403,-0.023786580594651295,0.028154740286476052,-0.10737651760570369,-0.034916651270612054,0.027308146266531937,-0.08797809034605605,-0.053060462123348175,0.024847550518133553,-0.0953908774243351,1.1697975298027846e-18,4.132204983815658e-20,-0.1350586867389442,-0.012914214930745849,0.004010775304023266,-0.1583284448007417,-0.02975975793651091,0.004826984474040132,-0.1783614338427014,-0.05046674981799528,0.009158403583214871,-0.09086207551076936,-0.010367939669698763,-0.017937652576154393,-0.12355163298101735,-0.019515142209700347,-0.017794434848002534,-0.14483991483160527,-0.03416084624476818,-0.013337375068256701,-0.16517007865237945,-0.05051663984735001,-0.008435301680991793,-0.07472398941163812,-0.01989885879539525,-0.03235965734737932,-0.09883949690250751,-0.02531459644818716,-0.03499771441012343,-0.12204717931374062,-0.03486432547532199,-0.03544944472057928,-0.135897440818346,-0.04887224786056027,-0.032525803369632504
0.0,0.0,0.0,-0.01870417998422474,-0.007407134336336608,0.03153436893900333,-0.046376216873918706,-0.011753097322745537,0.054380853127096174,-0.07206231087530583,-0.015705155623683645,0.07102418789007058,-0.10227753992678226,-0.015175642158184451,0.07784595620456108,-0.09351457238925784,-2.3159881391792213e-18,0.027192931791173682,-0.10066152981352869,-0.030209804084704292,0.030597209409852884,-0.08974521739250108,-0.040168662000218514,0.0260111682790553,-0.06404667986324127,-0.045492758174757786,0.01936003979659657,-0.09506809838163076,-1.4689712120869407e-18,5.18460051078485e-19,-0.13438415025627162,-0.01325635767365226,0.004970621987605662,-0.15845965660769532,-0.02621813854966731,0.005549615403361986,-0.1838426390730403,-0.04399209711064394,0.009429310127918223,-0.09203422861121308,-0.010411323441613482,-0.018040556814950412,-0.12445758040179843,-0.017021122671932662,-0.017029578403303033,-0.14692567619279237,-0.026860337633252015,-0.012844921880461215,-0.17240908275851588,-0.037532566294218445,-0.009619142949979153,-0.07484467704198845,-0.0205418646588151,-0.032853329936531055,-0.0990931486540341,-0.02406075687664813,-0.03472258451252701,-0.12362673074377416,-0.030638450769580074,-0.03452623385594097,-0.13820047932282375,-0.042011962841147055,-0.030616555236686716
0.0,0.0,0.0,-0.01734184947909713,-0.007863097143128089,0.03182166105973066,-0.04431271426250275,-0.009575815934967813,0.05343629586123317,-0.06906337024896453,-0.011893329010554593,0.07075479147054498,-0.09963428221096306,-0.010921267579289339,0.07978302524691086,-0.09119964079579868,-3.2009880949383374e-18,0.026119268175942734,-0.09201138116135202,-0.029105559048052183,0.030253180670310683,-0.07952157540182528,-0.03597894973555469,0.027155609025148603,-0.05356302531995053,-0.0364951908324862,0.018624156763958163,-0.09379320563784631,-2.6786437006385314e-18,-5.939162808114877e-19,-0.13192889535248226,-0.013785385144199016,0.006370738293030357,-0.1538687842947199,-0.027998359497998927,0.008522033697926014,-0.17812343968371677,-0.04640417695763605,0.013281561149039727,-0.0913457480635366,-0.010575992857673078,-0.018146192867055582,-0.12247600936291925,-0.018047470561368423,-0.01610109268969645,-0.14445457759370867,-0.026659891209901667,-0.01050678849280027,-0.1692825925701753,-0.037307392108673454,-0.00737680986785656,-0.07476163899630002,-0.020860552569180176,-0.03186226893363341,-0.09899414072016727,-0.024792585811664224,-0.03264379102261178,-0.12303165001773327,-0.03009422168440942,-0.03204882666708501,-0.1353546537015748,-0.04269870879046978,-0.026533918207263037
0.0,0.0,0.0,-0.017554343949660964,-0.006411355302946747,0.030733702460437475,-0.04597047092665145,-0.010834088437031401,0.05266187969766798,-0.07258554619930356,-0.011634394202130402,0.07089933740184293,-0.10459504728623333,-0.012170297385821939,0.07922021508042408,-0.0957260817011571,-1.8940228023915488e-17,0.025982888222013677,-0.08875932420409828,-0.026987300460385995,0.027587843434375592,-0.07449658118084004,-0.030049943421699202,0.023790134566189693,-0.04865351815374021,-0.023062208824264963,0.014433435791920326,-0.09781926121416776,-1.670254042670432e-17,1.6795678740629896e-19,-0.13221373516857632,-0.019914433712231398,0.004669526319256343,-0.15185106628268177,-0.03604654908722064,0.004731904674161647,-0.1737465949485301,-0.05635385471570453,0.005612610232770859,-0.09293162360763219,-0.011343200188486367,-0.01884703312048533,-0.12296615744385,-0.021915205015777765,-0.017336472082449695,-0.1449750938635708,-0.031231972816868497,-0.01265131370784084,-0.16962249004318003,-0.04395473942234677,-0.011349435345350484,-0.07376826905441752,-0.021617527607085137,-0.03336867641729327,-0.09718982673946652,-0.02675352359287119,-0.034733834099085585,-0.12183493210622649,-0.03228519882344807,-0.03485569428613065,-0.1337921688023818,-0.044661801104739045,-0.030671055846020846
0.0,0.0,0.0,-0.018135237043330026,-0.006194285220167848,0.03090313607466384,-0.04696426750241419,-0.01099808552210062,0.05273246415805319,-0.0741742741531957,-0.011877781511750365,0.07065088938175386,-0.1064780543019259,-0.01302144167959862,0.07925745770263062,-0.09794107652926315,6.65401517569065e-18,0.026090426967979228,-0.08998334047625095,-0.02666624840373995,0.027843683948202733,-0.0755221424645229,-0.02897316697575929,0.023853832317418017,-0.04986006326642662,-0.02161226890935329,0.014529605299960537,-0.09983139262057633,-2.639196465352249e-18,-9.540523470601893e-20,-0.13380305512375698,-0.0209231198692468,0.004419321456882716,-0.15280920615555982,-0.03840942257476985,0.003730065796621547,-0.17380844929034656,-0.05995392429704117,0.004987977799419302,-0.09421756692187966,-0.011723944817444449,-0.018774566402773755,-0.12467444146851658,-0.022865131657109048,-0.017646305704085707,-0.14605467193754823,-0.03328240933472945,-0.013631918457167084,-0.16984493071924164,-0.04742742755860507,-0.011779837620515496,-0.07437119852610304,-0.022017150848605997,-0.03318651268104272,-0.0980279825871693,-0.027361384585552435,-0.03512796423935893,-0.12273267291985783,-0.03393218943381192,-0.03544581741580447,-0.13423720874196426,-0.04688501411727997,-0.03136064808768703
0.0,0.0,0.0,-0.01799787236109942,-0.005403661501298504,0.030297749531718616,-0.046661450761430544,-0.01058374002574822,0.052409773824942656,-0.07346007005330957,-0.011658398965957854,0.07051383008151267,-0.10525627590032834,-0.012689090313910802,0.07845126810984222,-0.09581998029956473,1.8612964509412905e-17,0.026161717712403512,-0.08946528809639258,-0.027217421898074454,0.027867885755271573,-0.0751658874537011,-0.03013048368586756,0.023204948582644786,-0.05031450993905942,-0.02315081506913322,0.01379667666053741,-0.09734800733582093,1.3072577681017509e-17,-1.9011006715305566e-19,-0.13193642002834544,-0.019985363164356895,0.004099007674010891,-0.15157572437943412,-0.03629101725358921,0.0036358479599318573,-0.17271288823854136,-0.05659467612960347,0.004762888514900822,-0.09238528554106958,-0.011184479966518359,-0.018521380269600433,-0.12296656654436472,-0.021646379408515968,-0.01762515378207128,-0.14456393775887164,-0.0305804632335282,-0.013518306344399267,-0.16923836410456974,-0.04294263515760866,-0.01153400841953888,-0.07315296352192882,-0.020903415564204168,-0.033483332670426726,-0.09695927718291411,-0.025713129132988056,-0.035032120600073935,-0.12216799081923303,-0.03150199407919491,-0.035388636711928594,-0.13519392768754426,-0.043085847502680095,-0.03174741148672413
0.0,0.0,0.0,-0.017961536173298317,-0.005204388968357811,0.030349067040840363,-0.0466482104198505,-0.010705218932573042,0.05256689401056843,-0.07350055976238651,-0.012235174456208238,0.07063962307728483,-0.10547897484936938,-0.0137514177827107,0.07828525884561276,-0.09602920039182075,5.253507615566147e-18,0.026304575339771926,-0.08969963417255768,-0.02774884178110272,0.02770521495381935,-0.07469180416848852,-0.030426334063300062,0.02289675304429695,-0.05001676227799445,-0.02306531926384629,0.013628679762164326,-0.09747987568957292,1.221232912761039e-19,1.658639816824486e-19,-0.13197619949779665,-0.020332091966900768,0.0036872639908856857,-0.15156961509999833,-0.03705363631251578,0.0031773315032180894,-0.17229599904492116,-0.058365843959186745,0.0040819895868243585,-0.09232414179480537,-0.011156982448997174,-0.018690007796555035,-0.12338263791499722,-0.021818705613868894,-0.017933391560582976,-0.144741725819232,-0.03145074582061861,-0.013993774805243985,-0.16928990580888761,-0.04445635344824604,-0.011813590679072457,-0.07311625844488603,-0.020615405248581485,-0.0336959208286125,-0.09691444005089458,-0.025547372186241087,-0.035268346540944295,-0.12178291834935505,-0.03199287734407162,-0.035929508880094156,-0.13495345787373564,-0.043865894761176735,-0.03246932268837068
0.0,0.0,0.0,-0.01732987037601445,-0.006437462750322336,0.030649009390085892,-0.04571917434415909,-0.011096340603816724,0.05326717429895837,-0.07236107131489086,-0.011879342985629142,0.07075870679521594,-0.10408439442813397,-0.012890566994508938,0.07939545174276043,-0.09589510906303088,-8.201542819360608e-18,0.02616490675541931,-0.09058483700054248,-0.02721240340454616,0.027919863494135323,-0.07737495742738877,-0.030956934142972826,0.023905447582905436,-0.05167729838793048,-0.02504308075381722,0.015232878198316528,-0.09858797284819405,-1.2629586945927811e-17,-9.668164547702214e-20,-0.13331204190821427,-0.019724624062726317,0.004540306316107062,-0.1524436008546364,-0.03729885926962295,0.0044382891536168655,-0.17292802904031945,-0.058726795017437904,0.006435402173904423,-0.09358899974888084,-0.011208208709565237,-0.018317260001164577,-0.12506315267671714,-0.02198730686421448,-0.01697782961074987,-0.14587486268464286,-0.03234353041115088,-0.0122584028753778,-0.1699410854305086,-0.045871590277267,-0.01017556677085451,-0.07478713706196886,-0.02122889125589394,-0.032905070739743275,-0.09858123046547107,-0.026590590257422605,-0.034518981012135755,-0.1228988823246243,-0.033401373752360616,-0.03452745965902455,-0.13471561016346872,-0.04638092582326097,-0.031012174513833958
0.0,0.0,0.0,-0.01711018183341179,-0.007247384082615508,0.03038760375308629,-0.04477309324101373,-0.011782684675174375,0.05363229661961136,-0.0702463793813497,-0.01319763968602717,0.07095327139133385,-0.10047974291594837,-0.01448921361941061,0.08009617537352083,-0.09341503715824438,1.421280298693364e-17,0.025997703586029167,-0.09162211291532196,-0.0280012948816451,0.027961764852960796,-0.0796673215511998,-0.03409342791767851,0.024335423217905466,-0.05420270157138349,-0.03339637408500313,0.016237027334830307,-0.09633984423749782,1.0658640125750254e-17,7.320302528732516e-20,-0.1318820670262369,-0.017938200306560556,0.0045708672590721155,-0.151939411105178,-0.03546542149195423,0.004602324586257204,-0.17290736381553695,-0.05658475188580626,0.0070591244982844996,-0.09236065295369732,-0.010547507353477837,-0.018237211737563784,-0.12372203091750668,-0.02058186017616492,-0.016839506825909418,-0.14505606951785338,-0.03112268957341105,-0.011951832354830477,-0.1692393702002806,-0.04440839646867843,-0.009392492574309162,-0.07478763869299788,-0.02058384305659595,-0.03254630552459356,-0.09796752694212792,-0.025439648886059932,-0.033906694202735406,-0.12240103170818346,-0.03224969910738951,-0.03379434914023388,-0.13523026566263688,-0.04610184517199876,-0.030182390143744933
0.0,0.0,0.0,-0.017545352646332044,-0.007704782667511307,0.03039978231486161,-0.04546237961415566,-0.012210456132023744,0.05329985145409286,-0.07098407168340401,-0.014178595247821103,0.07049994313098175,-0.10114578538538196,-0.015680780477503816,0.07960066725371118,-0.09281883274673616,-5.2483635861318325e-18,0.025919335096527163,-0.09616739564442407,-0.02883808014769108,0.027837005347038108,-0.08637130009555055,-0.03707440076451242,0.025157582565847953,-0.0624115809111988,-0.04014152899278495,0.018828277209720197,-0.09582979044064933,-5.160005729911961e-18,-1.1920033225937414e-19,-0.1325449901844872,-0.015704988952552155,0.00419761021335524,-0.1540934593178882,-0.032850847005809786,0.004492328435831612,-0.1768068956215564,-0.0513482382082208,0.0073759281423519535,-0.09257068594984015,-0.010225986541763439,-0.018257571079213296,-0.12412376775566354,-0.019224757374681316,-0.017349275632320263,-0.14583991155379084,-0.029875556632208065,-0.012570908892831141,-0.17097301040043977,-0.04166429104998505,-0.009376439916914265,-0.07578544534532095,-0.020021337589117512,-0.032726444888071755,-0.09912969608344406,-0.02507506604106342,-0.034474056277778664,-0.12349841207167395,-0.03182047063082511,-0.034061505406083624,-0.13799381658435064,-0.044724671676539554,-0.029924013185495382
0.0,0.0,0.0,-0.021134087490076916,-0.00854866313197012,0.0317384126181097,-0.047869682228088496,-0.013812922255954959,0.053799701774499414,-0.07361461652371118,-0.0170413665874507,0.07050312481266438,-0.10230456944771527,-0.018644669404148592,0.07977526012008268,-0.09629788186233573,-3.0576024103598935e-18,0.02618710669376658,-0.10480341932857838,-0.028151586060827134,0.028747014745858356,-0.09699108117341079,-0.03821012133624241,0.02658854366283384,-0.07520398145362091,-0.04881186535520689,0.02209785430249533,-0.09747898713390336,-1.2935500049941e-18,-7.785156125625782e-19,-0.13604578087208416,-0.01538429805845649,0.004129853049385345,-0.1583060728283618,-0.03281298918442957,0.0043212117355934405,-0.18013812675387453,-0.05213950626677114,0.00823120437706196,-0.09298041997249215,-0.010514817002150375,-0.01899625685687969,-0.12602291589033232,-0.019325926219953726,-0.01892074686847207,-0.1468750211129844,-0.03187340531685407,-0.015095004414341565,-0.1703386654026095,-0.047047725003977234,-0.009884731982998983,-0.07597479200186914,-0.01994131808603854,-0.03352545155106474,-0.10039116928061267,-0.025864142837622155,-0.036367185209482296,-0.12459924378898353,-0.03461679613916778,-0.03611830152519967,-0.13805278669334295,-0.0489332728034084,-0.03266620387230887
0.0,0.0,0.0,-0.024002477228943466,-0.006713216226353706,0.030121419074761034,-0.050243179197706156,-0.010107643052298164,0.05296325044791995,-0.07827503393764927,-0.008937751755464015,0.06953092358223262,-0.10397661199226858,-0.009398759150149408,0.07961509262665174,-0.09745841937715097,-2.48282789671645e-18,0.024799224804733278,-0.11978845326258328,-0.01552331162830931,0.025839381964261793,-0.13096692316891034,-0.02803613253185427,0.025580949651182624,-0.12567383793277456,-0.05373015221422518,0.02381552890798588,-0.09759608391940908,-3.1772242040660605e-18,-4.874709281948392e-20,-0.13534372873725106,-0.015747129866046167,0.0028404272402839147,-0.15616131085783924,-0.03563887531847884,0.0006576959848642616,-0.17494616627117415,-0.05635080888700578,0.005688726561338789,-0.09143150885053268,-0.010795146523800796,-0.016787256698637357,-0.12254779718659875,-0.023167735432304246,-0.018604207782415606,-0.14194016124273268,-0.039210657373121294,-0.016823890929474967,-0.15916818147042053,-0.05633069342656868,-0.013117587803827052,-0.07488773569586174,-0.020864385435509964,-0.03308700785667319,-0.09664972354794565,-0.026030332186513214,-0.036045410562292816,-0.11737430589090173,-0.036146967632361304,-0.035892301663909304,-0.1327733741868464,-0.04941967354786834,-0.033478603621367065
0.0,0.0,0.0,-0.02396421396722082,-0.006662357976214662,0.030048727115651243,-0.050074593578841496,-0.010083356829928836,0.052849803285885004,-0.0780575559303461,-0.008840145259193568,0.06945508093943435,-0.10360876119549388,-0.009272999682798122,0.07974185778401334,-0.09740114600054917,-2.746549438664847e-18,0.024691885544470618,-0.11983062242327347,-0.01543652363184137,0.025811524086581373,-0.13096889698757105,-0.028046567645466397,0.02573475807650711,-0.12586310481063412,-0.05394020684413537,0.024076184626967524,-0.0976296430166468,-9.795670820212084e-19,2.834508206088556e-20,-0.13533344162543384,-0.015550323604789973,0.002949390849585667,-0.1562597259791149,-0.03549632541126017,0.0008272917393901876,-0.17505640644313708,-0.05619666512443049,0.005972331181445545,-0.09152359356271703,-0.01081691725794283,-0.016768229523493026,-0.12273308048252797,-0.02308859882741499,-0.018522173906872167,-0.14209065065739934,-0.03914841942675793,-0.016689444584807905,-0.1593715289829381,-0.05641824541896797,-0.012859073647934685,-0.07502257365009732,-0.020946760671293422,-0.03309704679207611,-0.09678103182430305,-0.026080918649574524,-0.035894359149544974,-0.1174851129050066,-0.036242066388922196,-0.03579754279234692,-0.13306560911008172,-0.049624741057769775,-0.033304215730005395
0.0,0.0,0.0,-0.02640988538146513,-0.006758529311028364,0.028718163826452568,-0.0504141380247888,-0.011282279719953527,0.05113245793989061,-0.07811621760474577,-0.012136973701317172,0.06688268795613903,-0.10416868692628939,-0.009583676888089485,0.07647046885771648,-0.09668740689048338,4.178349318910414e-18,0.02335226616891586,-0.12529888677795498,-0.011257653934064091,0.02850169345502998,-0.14519825727999794,-0.02071284012240137,0.030169167165168397,-0.15446912413409297,-0.048632038376317355,0.02914083104925989,-0.09752014697101401,3.2729754781491136e-18,-5.370260811531465e-19,-0.13436798256683513,-0.013472125005519262,0.003365567916869522,-0.15564622173446432,-0.03266618205794032,0.0011242744875092762,-0.17421624146176093,-0.051271044982828765,0.005892555132125534,-0.0905894777883367,-0.010183508492283114,-0.016985217914205368,-0.12218685128788402,-0.02373957794739686,-0.019063471985464712,-0.140413650800715,-0.04060178373672907,-0.018214363456168697,-0.15799551559060696,-0.05725440570326765,-0.01306678520625745,-0.07508343797609252,-0.020655568258757976,-0.03285984510162275,-0.09717215014654691,-0.025541102692159902,-0.03586589810710363,-0.11757480152447769,-0.034127138348040466,-0.03749531792502764,-0.13400233853564208,-0.0448924235978969,-0.03312664694085857
0.0,0.0,0.0,-0.02670391167093241,-0.00825134462793701,0.029719672010331478,-0.05065763350298537,-0.01276147271658597,0.05130511077443795,-0.07788158228344831,-0.013017601832575009,0.06639844962452891,-0.1049687704728441,-0.0107407505125656,0.0761041478894907,-0.09718695318328814,5.950801433203954e-19,0.023227283602604124,-0.125109988973309,-0.011203685825419354,0.03020633588458021,-0.14584671653755224,-0.020564065773422464,0.033303330837275706,-0.15602408185792543,-0.047436448504405815,0.034458317483985576,-0.0980211400722329,7.4426480343253645e-19,4.118482509817801e-19,-0.1348160541566202,-0.013354237816963925,0.002684286750291531,-0.15586415730078446,-0.033622188187435495,0.00041203529809809064,-0.17489726353108737,-0.051157517381514056,0.0047171686310366985,-0.0904609674248414,-0.010009662815498883,-0.017219405375913686,-0.1217849001287475,-0.02502269102027208,-0.02015295978603384,-0.13893655143400838,-0.04201323747706695,-0.019408780185997464,-0.15575963294116366,-0.05938805672123915,-0.01496572938855993,-0.07472419914748396,-0.02025942490363029,-0.03287578687215636,-0.09616120571850179,-0.025815822357415308,-0.03608121948164403,-0.11644916989520201,-0.03487331378100492,-0.03799908681327345,-0.1318676826330521,-0.0450358470948742,-0.033489618745629605
0.0,0.0,0.0,-0.025860882816913365,-0.008238006296743768,0.028467806365296045,-0.050761348720538654,-0.012889331839426178,0.05073734493415734,-0.07774456700961446,-0.012321977999433294,0.06558926208630704,-0.10508164674480781,-0.012498246255279764,0.07596733787772048,-0.09479667866770415,1.9235706192802533e-18,0.022788707629318238,-0.12150750364084878,-0.010399851701812228,0.030313382659005836,-0.14306694915564516,-0.019977165655794854,0.03478654302403193,-0.15289434210835398,-0.04451072191433892,0.03669972538079769,-0.09644408766617218,1.7207178218661212e-18,-1.6943117868703791e-19,-0.1324414705621233,-0.012516331671403876,0.0032770223188849507,-0.15260882732384676,-0.032504394591294165,0.0012299638014747797,-0.17313682509749462,-0.049999686860179776,0.005733558013281836,-0.08893843572200553,-0.009950985876857754,-0.015971364589778995,-0.11994580711936428,-0.0247821029325837,-0.018823597772160226,-0.13763604216771463,-0.03986686642876955,-0.018139104293479376,-0.15475376287759932,-0.056850429048663664,-0.015204439666419167,-0.07414711640212603,-0.019973535178077248,-0.03119654851115759,-0.0958658126707793,-0.024802073236166674,-0.03469033896192667,-0.11512612186084965,-0.03424854270394125,-0.03690652958474005,-0.1304960594678057,-0.04419233250221307,-0.03249395673851001
0.0,0.0,0.0,-0.026533953665910246,-0.00852417523318771,0.029678267586331988,-0.05098548569427,-0.01244239338684268,0.05130032154344109,-0.0785114597259235,-0.013085413904875854,0.06606287343706951,-0.10514018050082409,-0.011495069751222574,0.07637156804933795,-0.09636037448646659,-4.478376826070135e-18,0.022866676180222596,-0.12364941995711502,-0.011314989942350636,0.03094045350910842,-0.14422835322600133,-0.021400347075733895,0.03497032153859349,-0.15273783084213693,-0.04915798210362613,0.036419464619372524,-0.09763442056545488,-5.062087346021595e-18,-1.9198904022621254e-20,-0.13418331375603357,-0.013180005190687705,0.003251218447203012,-0.15446633822271397,-0.03514136968266924,0.0017521900286501103,-0.173660402404971,-0.053419800127190255,0.006473225987875413,-0.08978025137540481,-0.01038903560634393,-0.016399328065806764,-0.12180985986904004,-0.025880912706360903,-0.01929036116430339,-0.13771049010137384,-0.04260385876743472,-0.018058947952199044,-0.15441096478674943,-0.06136159565618368,-0.014506693529981074,-0.07475580589721374,-0.02154649721550008,-0.03234386809822334,-0.09631012975474935,-0.026798853812854552,-0.035243232773980296,-0.11572201340830729,-0.03689350376009332,-0.036786311049737466,-0.13109500636448976,-0.047450914119784894,-0.03195107630666944
0.0,0.0,0.0,-0.026684403043584413,-0.008479805904463475,0.02988063675186449,-0.05137079304734202,-0.012304525221734856,0.051409239242747325,-0.07923437414024292,-0.012580602884768491,0.06617647129067276,-0.10641845678649184,-0.010180186061246361,0.07669207065538662,-0.09698202437903158,1.5099518140466976e-18,0.023104670748007854,-0.12461719276315521,-0.011224755505445798,0.031075108310259243,-0.1451930860253674,-0.02126978061452094,0.03499620922437516,-0.1540188464920584,-0.04837684647419007,0.03680805525714136,-0.09808293176386468,2.8812771077822295e-18,1.0064237074997673e-18,-0.13475151895351498,-0.013377248999768413,0.003291651853014664,-0.15526331388785766,-0.03505058170275825,0.0015795355792260401,-0.17442427474512803,-0.05330804776919451,0.006064020085347449,-0.0902555860559411,-0.010241694251849757,-0.016552836460532464,-0.12215870001045408,-0.026083722728928983,-0.019370822688262623,-0.13812345240299906,-0.04277556098799513,-0.018281927888170263,-0.15477647465182737,-0.06153822431666143,-0.014825737763931748,-0.07501884053458266,-0.02132603679731421,-0.03250501387262888,-0.09665966983800445,-0.02691668593204491,-0.035620758615137034,-0.11606568175619981,-0.0367670952991534,-0.03731255375631474,-0.13128178647469677,-0.04681513914812893,-0.03266446737512381
0.0,0.0,0.0,-0.026572876961008567,-0.008469170629350353,0.02965543870039164,-0.05132556144066847,-0.0122207616816752,0.05121522564916428,-0.07900352683764356,-0.012320262964878348,0.06607899655394567,-0.10620090604073595,-0.00998270466387415,0.07658399109562541,-0.09655852807237762,-1.5952785961588394e-18,0.023021630463979405,-0.12405921262967905,-0.010991514531688663,0.030991136715391054,-0.14480859530305337,-0.021067220876970747,0.034898383183463354,-0.15365609728118898,-0.04807131317572829,0.036700234817677146,-0.0977416639676902,-2.3482456950646032e-18,9.847004421180903e-19,-0.1342407273405608,-0.01316659293401794,0.0031512602751595773,-0.15471963003574468,-0.03483492007398781,0.0012419031299874983,-0.17404903092148788,-0.05295638961994532,0.005688225915844263,-0.08995192895625087,-0.010180692226189161,-0.01638331598826768,-0.12166699350720958,-0.025767904112979814,-0.01927763929917518,-0.13768078537556852,-0.042313402842806054,-0.018345511474123583,-0.1544155392297038,-0.061087859031457685,-0.01504610966880571,-0.07475543028992071,-0.02110075821400532,-0.03222575137906354,-0.0961708125169142,-0.026588959419138063,-0.03550636856721267,-0.11558266443072535,-0.03627479669858812,-0.03723593592661673,-0.13089237840105747,-0.04623589975415267,-0.0327345040931952
0.0,0.0,0.0,-0.025142297018016315,-0.008763896590183787,0.0290689576399157,-0.04928656665650212,-0.012830466526034517,0.052100558785879235,-0.07672951736947889,-0.01289816583621609,0.06638663266080361,-0.10390528826555728,-0.012063720881283681,0.0768940522880118,-0.09489810680160313,2.120582991657181e-18,0.023107889965015407,-0.12190862471414451,-0.01079749214255276,0.03137226848745902,-0.14311811024833532,-0.020901787692968354,0.036285709825293735,-0.15161323449999214,-0.04692839079338632,0.03874000804556218,-0.09667940251531862,1.6950435832185471e-18,-1.7227229205956468e-19,-0.13304486731369197,-0.013371811204475547,0.0038546596331006204,-0.15282376833258862,-0.0348361940881337,0.0026122630664378553,-0.17200267053693757,-0.05321496391619803,0.007673258614612913,-0.08928294301763712,-0.01037504514612496,-0.015991402747280774,-0.12037566892506422,-0.026413315312868252,-0.018011232757762743,-0.1367237793848238,-0.04275848861371765,-0.01623231444667556,-0.1528187749139171,-0.06100069981556861,-0.012771945171739752,-0.07435285882747321,-0.02081289758314426,-0.030888869193289637,-0.09598007690225377,-0.02607517800333941,-0.03433961435814368,-0.11536726508357582,-0.03608381937243517,-0.036001582620433965,-0.13066112774460542,-0.046134013741080136,-0.03098089351666781
0.0,0.0,0.0,-0.02569378323855618,-0.009087994336279484,0.028958429917222812,-0.050172311058958204,-0.013178252518999806,0.05165751675267152,-0.07801762374367795,-0.012269620925620815,0.06636367533150092,-0.10572723928312845,-0.011310970237663894,0.07654752470517563,-0.0953599042262827,6.310024001250713e-18,0.02311087782174368,-0.12228059005399976,-0.01097306306428695,0.03094701451078403,-0.1435664238866523,-0.02149609625739279,0.03615051520049465,-0.1519842316282901,-0.046289087404317704,0.03871059426545405,-0.09734940678101756,4.563378732996697e-18,3.088096449491055e-19,-0.1335239200353395,-0.013675419497649896,0.003579882497935262,-0.15273636070263907,-0.0347539167607933,0.001984490944198832,-0.17200723407296262,-0.05313715160975847,0.006688991361426636,-0.08967995046119452,-0.009964435602934677,-0.015867617993971527,-0.12036290819025798,-0.026481941334551017,-0.01831234856344552,-0.1371071887519239,-0.04276650561842577,-0.0169777624267395,-0.15302942956265678,-0.06059696253168667,-0.013925950753426427,-0.07465545756174137,-0.019966815406914615,-0.03077490634828555,-0.09619771625355313,-0.025353220198014413,-0.03470194114004717,-0.11527057254152964,-0.03505262834364619,-0.03619561039533986,-0.13056169593042719,-0.045204675735033936,-0.0313090704176668
0.0,0.0,0.0,-0.025359347004918976,-0.008676458577261358,0.029090264308969382,-0.05002467058478754,-0.012634501105112552,0.05191648499843569,-0.07771300609285349,-0.012303637170593084,0.06655535336530098,-0.10531412310399593,-0.01105786436176628,0.07708391097091308,-0.09551904879295914,1.5042294948913294e-19,0.023286058646578386,-0.12258899805281409,-0.010759427889761869,0.031007106408651994,-0.1438096495531311,-0.021025923705496566,0.035651445404840026,-0.15235053238908686,-0.04685189080649758,0.03804835974767905,-0.09726472168437102,-1.742844774004944e-18,-1.4478070206329472e-19,-0.13366545066808522,-0.013260874305713696,0.0036026107318237353,-0.15342485029493488,-0.03417556738013602,0.001704590465229064,-0.17292194379616974,-0.052240357421755736,0.006422623559684788,-0.0897417186223504,-0.010244386280867884,-0.016015717325494172,-0.12061371371388166,-0.026219439510395844,-0.01841539458483601,-0.13722625635799862,-0.04232257856248366,-0.017167597467347008,-0.15327276599582043,-0.06025861726651969,-0.013985713988928053,-0.07460436305218013,-0.02056509108681978,-0.031082676454292715,-0.09609387333558576,-0.025980832722478954,-0.03467648064293914,-0.11517234155844826,-0.0356106431857667,-0.03629473538665161,-0.13022150553586015,-0.045799179716763054,-0.031522088713338316
0.0,0.0,0.0,-0.026604569422029156,-0.00860309224462781,0.030447721453496328,-0.051278510094650565,-0.012269446942647519,0.052007208013883525,-0.07939058063504623,-0.012543176963913796,0.06674979860620996,-0.10654840428985565,-0.00975161909620687,0.07729578974449432,-0.0973648811116223,-4.410548481129882e-19,0.023486665064616528,-0.12497190987570654,-0.010956434240884917,0.031535549518597564,-0.14559965254350388,-0.02105479021644265,0.03552278424762161,-0.15401421568750043,-0.04850859245432217,0.037618557688515304,-0.09861314831119374,-1.1980407846377952e-18,4.36378447143405e-19,-0.13532421024991848,-0.013477106696049804,0.0032115643526649273,-0.1555564540425603,-0.035595648504437645,0.0013562290236102028,-0.17462984020517497,-0.05402422535454193,0.00619062322063876,-0.09075971955659398,-0.010367080770737355,-0.016494238343514087,-0.12243541836037881,-0.02652114217767832,-0.01932077665555852,-0.13820055829713496,-0.04340664056657939,-0.01811481444842982,-0.15442086191188503,-0.06271302031434517,-0.014371150370271982,-0.07530333915097263,-0.021476691813357294,-0.03251476228487482,-0.09679938157797627,-0.02691045117898206,-0.03575921871844078,-0.11633707910467644,-0.03672426628029839,-0.03709874851986046,-0.13164393608590075,-0.04717179147028341,-0.03220573731014685
0.0,0.0,0.0,-0.026676790319966507,-0.008771826603468875,0.029626293709430245,-0.05157458342102126,-0.012710047741321546,0.05156303945010118,-0.07941650988058954,-0.011761226892090255,0.06694235712257814,-0.10752239182712173,-0.009281347507551592,0.07720375808595528,-0.09684219291471236,-1.5869415978612823e-18,0.023700499851593677,-0.12416611167453216,-0.011495038771925984,0.031237699185947095,-0.14441358981255323,-0.021531259813014254,0.035586651406792506,-0.15371600762298016,-0.04759871539557505,0.03800480167787962,-0.09829174169499336,-1.0558652265214252e-18,1.3313928847082445e-19,-0.1349758476788813,-0.014168945056632153,0.0037081193200445787,-0.15454331278932634,-0.03470478712606791,0.001085811140261217,-0.17410427340355253,-0.052542618866343156,0.00513257877112165,-0.09094881720794377,-0.01028569301259016,-0.015815408055488173,-0.12099201567525493,-0.026197683648811882,-0.018364284060082853,-0.13886294686687423,-0.04297729338532198,-0.0179837390043236,-0.15476866964207286,-0.05944462725160215,-0.01461704795685693,-0.0752639567438992,-0.020369626546328363,-0.030831783394293176,-0.09644444367723871,-0.026180850965712054,-0.03490570507315011,-0.11559863138851237,-0.0355727754917155,-0.0362643385404846,-0.13021207799997234,-0.04579139878568485,-0.03176875028670699
0.0,0.0,0.0,-0.02638261994604823,-0.00861462217650246,0.030373857205947267,-0.05165898009975063,-0.012938446510562515,0.05255280760903002,-0.08006835744894951,-0.01196939593934383,0.0679790383893151,-0.10836372993260716,-0.009432334075486472,0.07775429956057346,-0.09809542896386511,-8.250301678501188e-18,0.024378026598453242,-0.12538122844589614,-0.012030054826252724,0.032160384061920975,-0.14478804900147627,-0.0222291828249214,0.037378614548467574,-0.15371004838403624,-0.048740670679002035,0.04084609932959537,-0.09961183560394432,-9.281247158491264e-18,-1.480093172410599e-19,-0.13661998531885794,-0.01505476519784086,0.0047305664638198595,-0.15550388376728186,-0.036772124762855116,0.00296654461984667,-0.17407695916046476,-0.05695840679560518,0.00800044233191984,-0.09235283701381802,-0.010401695926653926,-0.015794454770036177,-0.12226097052237875,-0.027613038239140714,-0.01753666079086299,-0.139716332678759,-0.04628939733272495,-0.016435312874351547,-0.15477447625169702,-0.0641897952390581,-0.012148471833298839,-0.07653397233003664,-0.020767054379800393,-0.03092753331129595,-0.09796016943998782,-0.027446114811136013,-0.03438187094794136,-0.11662014226388676,-0.037928935797716126,-0.03518921508096737,-0.13066892027737448,-0.049507294508322926,-0.03005289855935731
0.0,0.0,0.0,-0.02575396695995063,-0.009344914870340905,0.030644344696128215,-0.05053959904475204,-0.012951603722954903,0.053130360244683594,-0.07904072579479615,-0.012405903304596677,0.06786376125242673,-0.10704912164775474,-0.009343032447788753,0.07853628544732669,-0.09783683556895548,-1.353860622334742e-18,0.024323168225706068,-0.12508413379816227,-0.011663528645760222,0.032379849291800836,-0.1457327921894445,-0.022278092150329904,0.03746728422597565,-0.15340173140760283,-0.04947311273272087,0.04084377082960814,-0.09989722815555827,-1.907503928351118e-18,4.372048393494367e-19,-0.13688616664925113,-0.01445406901329861,0.00409173875011747,-0.15584912976352328,-0.036993708733876814,0.0034257330034609956,-0.17439158027954818,-0.05729232447039503,0.008868671945700795,-0.09207013846220685,-0.010659022439718493,-0.01625576440296341,-0.12309654363422755,-0.02852402070850445,-0.018101631417094574,-0.13911532524863435,-0.04622484131462339,-0.01571464118067258,-0.15431072355165024,-0.06587948450812837,-0.011748434083584943,-0.07640947684912905,-0.021581395125127995,-0.03169444818002934,-0.09828467486004011,-0.02828713009090659,-0.03472336295532501,-0.11704756288652125,-0.03959513659724807,-0.03525377280547393,-0.1312556727342639,-0.05123217213911997,-0.029954234560012203
0.0,0.0,0.0,-0.026124052765871684,-0.009309121337378828,0.029947114236245978,-0.05099533971716444,-0.013247632115040686,0.05214272712481861,-0.07920052958101792,-0.012363793369946169,0.06717876820820942,-0.1073181961997925,-0.010027935996499055,0.0773193410527807,-0.09686225332613722,2.7573120924099277e-18,0.02385040570031521,-0.12411688271293649,-0.012001324244596321,0.03128821402322649,-0.14461153895815568,-0.02233407837244365,0.036181069180240874,-0.1529644610802287,-0.04887403129189854,0.03888549472301271,-0.09873534816896037,2.321974160928932e-18,4.212093925817316e-19,-0.13525359660801417,-0.014456433560616488,0.0037521626402287553,-0.15429452716830616,-0.036308715821501455,0.0017155012539893848,-0.17315495482382193,-0.05527400532092009,0.006305678670736468,-0.09095226334887223,-0.010046667792622385,-0.015965329043327186,-0.12105514145499476,-0.027214688599377937,-0.018163583604539905,-0.13775981085274075,-0.044882723131382536,-0.017195232146349618,-0.1535015163124002,-0.06261077560403777,-0.013622875290605541,-0.07533595927814193,-0.020187412053945065,-0.030857981671554877,-0.09662765882916947,-0.02680117945622034,-0.03482852368984855,-0.11516950477630096,-0.03731546378231115,-0.03557731431119762,-0.12928048881960813,-0.0483034824203786,-0.030890297888689883
0.0,0.0,0.0,-0.026482473535600664,-0.009829637224361183,0.03013860463624853,-0.05109584667753896,-0.013242613261751964,0.05241479590183575,-0.07919263682214996,-0.012575916882358831,0.06740052983243146,-0.10752023513739946,-0.009667502368900389,0.07767979577577605,-0.09745170472721622,-1.707134340060567e-18,0.02386526064721176,-0.12470641754890123,-0.012073053415336437,0.03131511255733,-0.1453736408412436,-0.023177366445802434,0.035742714878526774,-0.1534117110176778,-0.050204736781090914,0.038175855395540116,-0.09931813581333432,-1.5191713494343634e-19,-2.5239983689385304e-19,-0.1357075432360295,-0.014674848384033977,0.003151936559511861,-0.154563434963019,-0.03718125996264597,0.0014130818843973683,-0.17310692244819587,-0.05659882725001585,0.006109335823522337,-0.09115545111271954,-0.01015391121605054,-0.016382839351862372,-0.12145441762522806,-0.027602516733838685,-0.019095029538195023,-0.1377105845990609,-0.04536764839140198,-0.01760721127397844,-0.15288498581267876,-0.06403032758238564,-0.013979632962150504,-0.07529616736199718,-0.020537809155582645,-0.03164817853732536,-0.09674467421049035,-0.027028745844211895,-0.03519067400738179,-0.1155888728735642,-0.03785875612574644,-0.036230803056750575,-0.1296734729211766,-0.04906346864968432,-0.031036526506365843
0.0,0.0,0.0,-0.026964042998723337,-0.009194473256914595,0.031844309111159354,-0.05086840690660081,-0.012583189032020378,0.05332581949048751,-0.0792251662449277,-0.011639732138217323,0.0682184049179458,-0.10681918091257499,-0.007371814290588367,0.07865010654177582,-0.09892152863029331,2.3276609630167487e-18,0.024330994423614895,-0.1268737397449519,-0.011906542608363864,0.03283960128956098,-0.1469586045999425,-0.022620382179538448,0.037295757972459216,-0.1548440882777352,-0.050439377486314246,0.040310269744324036,-0.10052062136245322,4.1317995489932335e-18,-1.0834317991477533e-18,-0.13751679528780675,-0.014804298309357908,0.0043463302835583684,-0.15750526961194503,-0.03747001176909338,0.0033629433444562758,-0.1755796999111159,-0.05688008672298474,0.008467884132762267,-0.09254798202956144,-0.01053482668484409,-0.016908013034325015,-0.12380852824097836,-0.028515070062818306,-0.01890938206692203,-0.13927872305415318,-0.047072285763077835,-0.016566468297911863,-0.1542356503639556,-0.06696321017173748,-0.0117830234334515,-0.07669451654131221,-0.021431649087131986,-0.032995018610510414,-0.09838403615904466,-0.028546618022863686,-0.035302393019144535,-0.1176524876424275,-0.039390014264368986,-0.03567920580190465,-0.13209759512336702,-0.050266437898892895,-0.030187088782570527
0.0,0.0,0.0,-0.025783916795827717,-0.00897472033530032,0.030946980362002108,-0.049937011175248534,-0.013168551204034921,0.0531511520200549,-0.07950722440513704,-0.011896496895394135,0.0690448178545332,-0.10760301936234208,-0.00842202480832643,0.07830807535130282,-0.09825435028475415,-6.976338819273855e-18,0.024387955703889935,-0.12579898460740213,-0.013519731774753819,0.031468466296761824,-0.14447082293059393,-0.026701154277308087,0.035459226265105045,-0.14935568382495998,-0.055168712882619673,0.037290835567568605,-0.10091685485724343,-9.833863661948823e-18,5.853106943840952e-19,-0.13752646933517126,-0.016085233801079398,0.004526187146792222,-0.15649598530904238,-0.03819775401598675,0.003029664586577926,-0.1734198960994118,-0.05872678257103049,0.008338164777040616,-0.09297155242146864,-0.010414148751685592,-0.016679046016621586,-0.12315301505425785,-0.02847808103469528,-0.018327887475541524,-0.13920837665662014,-0.04750184383783397,-0.016333241948948446,-0.153070496885518,-0.06777091044143738,-0.011450278111413048,-0.07689915950956211,-0.02085657401871218,-0.03246702158434832,-0.09856943846151961,-0.028293354869413406,-0.03514872235414269,-0.11696384850000349,-0.038665262638247794,-0.035674175262916066,-0.13157703687567704,-0.05055345257209334,-0.030275663317510047
0.0,0.0,0.0,-0.02590913320214218,-0.009144541138663535,0.030759339612895693,-0.0502905580757995,-0.013473204354445968,0.05312411975957731,-0.0800269349805696,-0.012181146958689845,0.06909946025511361,-0.10826961404712726,-0.009264987876151974,0.07816598065269252,-0.0987936474957538,-5.718389788964637e-18,0.024452925556759805,-0.12605827388657043,-0.013890425050117344,0.031129125394856173,-0.14445067986949048,-0.027160655357118396,0.03500435685446506,-0.1493110265051135,-0.055619126966273726,0.036539575127970216,-0.10123927155230063,-5.486891972507038e-18,1.3198338757531256e-20,-0.1376377550429715,-0.016556464269081476,0.004273676506528839,-0.15625714216234246,-0.03886440559134075,0.0024528320352739806,-0.1730605562865451,-0.059557605773080766,0.007618830519290938,-0.09308370508662263,-0.01035191867835742,-0.016744669591497674,-0.1229708221025176,-0.02857253628283278,-0.018575136253129676,-0.1392096691940647,-0.04788052539752173,-0.016929233534944143,-0.15301566228845334,-0.06787065518811293,-0.012169294806815847,-0.07683647469638306,-0.02066896188987339,-0.032362976165337475,-0.09834393655703659,-0.02810206921663016,-0.03527374627614799,-0.11671539110814831,-0.03853875380349244,-0.03590691967412845,-0.13109590969571053,-0.05078273563954358,-0.030825486844054912
0.0,0.0,0.0,-0.0251630870598034,-0.008538585353055102,0.03180123230597433,-0.049093411891043284,-0.012608645962461631,0.05354536964110594,-0.07919503992815047,-0.012607796015242331,0.06965990749195344,-0.10664174684336242,-0.009835187578692076,0.07983425349835814,-0.09879734907411865,6.444765777674948e-20,0.02483565486270644,-0.12207109247047973,-0.016023814699120842,0.03032018896893127,-0.13694780354567615,-0.0318214989381613,0.03219905983703801,-0.13626722599893343,-0.06308280605169912,0.03121796197781217,-0.10116717272870537,-2.8607369400898763e-19,3.3309160937878206e-19,-0.13681488926989688,-0.01628576370828278,0.004722133549412071,-0.15558890357387273,-0.041447937578125656,0.003355478273841867,-0.17084542682054304,-0.0636604170596594,0.008857389554506488,-0.09409698284569246,-0.010344384444132427,-0.016984137210434163,-0.12438104781124926,-0.02775547301426872,-0.018108916528300694,-0.13931473083369922,-0.04833963047472745,-0.015237664117166604,-0.15186041660551872,-0.07064003265023408,-0.009763635642825693,-0.07776193194807061,-0.020657820398550016,-0.03367522158309475,-0.09943552241386143,-0.027530847308276776,-0.03641805512262154,-0.11863666722156092,-0.038658215893710726,-0.03636744310416543,-0.13349032286965698,-0.05229285142669422,-0.030791266323474807
0.0,0.0,0.0,-0.023604038348004393,-0.008599808576408753,0.03171033899216707,-0.04963074333387628,-0.013751672203648816,0.054558028839562865,-0.07814576874642533,-0.014790993678574662,0.07196780138965746,-0.10659611630928728,-0.017094288601357855,0.08155447021979557,-0.10086620605033222,5.10166227731494e-19,0.02649182032703982,-0.12116018990113638,-0.020994217451493352,0.029040600285998433,-0.12421616429966284,-0.03623749673914935,0.02997245660620858,-0.10763069397992768,-0.06270271019368283,0.028467294250813804,-0.10086913488405544,-2.345568337603968e-19,-1.0738802509105498e-19,-0.1404851445222123,-0.01721511181592876,0.0038777416941001915,-0.16054575353181838,-0.039539626530402966,0.003215728535485932,-0.17589371142892532,-0.06321401211578194,0.006797011460112935,-0.09509196483109868,-0.01112952169453902,-0.018454097756455977,-0.1277052090189555,-0.02392504601427476,-0.01895458772533427,-0.14654173285713729,-0.042461812887396005,-0.015165350075982057,-0.1616151808689901,-0.061444060027698824,-0.01027628751978457,-0.07826627994855255,-0.020337128301280382,-0.034737059798550615,-0.10127767810895125,-0.02770124027108697,-0.037890765663061064,-0.1236132295026137,-0.038809994981209024,-0.037525624966390045,-0.13722827739138355,-0.051876684849070945,-0.03363861620192808
0.0,0.0,0.0,-0.021298959370998728,-0.00758346273704383,0.030852965609002733,-0.04849755105639261,-0.014210734776179618,0.054099748426446305,-0.07639061305726821,-0.016558461718312243,0.07016918226893712,-0.10698428040867933,-0.02003773929141559,0.07724423103629946,-0.09810688783583434,-1.6763709502424429e-19,0.026758354831271022,-0.11045042615734828,-0.028193431657309795,0.029290059253977267,-0.10274942016057419,-0.040070791764848006,0.026475023993916595,-0.07980254253308666,-0.05378984193583812,0.02209901238907325,-0.09859434621005056,2.0050375698590696e-18,-2.4181823876769353e-19,-0.1373424541535083,-0.015554180092503493,0.0031638079033722544,-0.16018448079503514,-0.03368311967995737,0.00224365656539754,-0.18096110578611327,-0.055900355280070445,0.0048313308203653225,-0.0937387348877673,-0.010752102380036788,-0.018325686369966333,-0.12627065099364654,-0.02034159888770294,-0.018614417292827087,-0.14722395526353424,-0.0352960122589076,-0.015921994244777877,-0.16788828169076495,-0.052212406037584765,-0.010674389187924538,-0.07627297886233673,-0.019812310607138253,-0.03437475797580869,-0.10117346890722327,-0.025547214183717363,-0.03691112308170498,-0.12408254417013323,-0.03574011128189529,-0.03661449630691283,-0.13828463949239592,-0.0485597074908598,-0.03324160663926352
0.0,0.0,0.0,-0.020263041067546957,-0.0075200306830336345,0.031219270883121916,-0.04810266589355553,-0.012986608120102354,0.053950135496305354,-0.0754922247469632,-0.014766876600112512,0.07065286055647402,-0.10675044901038441,-0.018041159727097803,0.07796724188474671,-0.09578479245698467,-3.5014510351423854e-18,0.027591998327019883,-0.1058537390710872,-0.02821755556715283,0.030452380248987606,-0.09573984365018805,-0.0370711696449628,0.027783597106036527,-0.0713103760656065,-0.04342288410810735,0.021531379185775048,-0.09651784466792586,-1.6584265076240238e-18,5.032958465093876e-20,-0.1364727204593492,-0.014018067575944149,0.0034929573838432555,-0.15998311693325856,-0.028774240422268282,0.0030336918658331008,-0.18233294798034796,-0.0481291466967694,0.005519226960207481,-0.09251987803308492,-0.01051023721438778,-0.019392100659338,-0.12580648236217598,-0.019374675134395284,-0.01896536814633917,-0.14722025598256247,-0.0303863591205781,-0.01478355297611742,-0.17033008290378773,-0.04392169205806666,-0.009760761092814183,-0.07543443239447024,-0.01958142839204225,-0.034973050385846235,-0.10142308100271866,-0.025613142525072137,-0.03673770631698133,-0.1256041323097283,-0.0328668336839728,-0.036890183937397535,-0.14009555249534142,-0.04318845362168277,-0.03196566731349233
0.0,0.0,0.0,-0.019310250164146375,-0.006666563698452834,0.030500576422895588,-0.048753399584998885,-0.0115238739358707,0.053547446438694656,-0.07673502499290515,-0.012434019172105149,0.06934568086398712,-0.10795095174708344,-0.01283787558498712,0.07587174985774806,-0.09383443822902958,7.459905529294452e-18,0.026755201750467625,-0.1011958971145292,-0.027733098589983393,0.028309446913706644,-0.09209687854043794,-0.034509617415298996,0.024223960445764164,-0.06796590783963342,-0.034651044502190975,0.01919061698824095,-0.09557364580765705,5.233671294564545e-18,-1.046805336991982e-19,-0.1320974130754159,-0.0180323332434005,0.002104957674732639,-0.1540126708439611,-0.034194239861789176,0.0011659420802926299,-0.17571360087453294,-0.0516950200114152,0.0027915230451147615,-0.0913054954134233,-0.009996518575905526,-0.01842303188889976,-0.1230377598211408,-0.020744686999379792,-0.018925013096157125,-0.14413256502409877,-0.0314214791547929,-0.014855032937929639,-0.16828339629467212,-0.04197880247363295,-0.012632553577766308,-0.07429675467992326,-0.018641468368648627,-0.03367677482557171,-0.09789757014524529,-0.024954365251003394,-0.03636050409944587,-0.12133668328515913,-0.03256710102073514,-0.03604144865109119,-0.13498301765154475,-0.04163157638874891,-0.032734975753544525
0.0,0.0,0.0,-0.019267886114136695,-0.006142165740813317,0.03008891870241615,-0.04877749020305303,-0.010236671862776025,0.05251296403368588,-0.07623223728320698,-0.011438293948199143,0.06832825455411745,-0.10686466820701442,-0.011944966056001887,0.07525502862441402,-0.09149635052045015,3.717357401782155e-18,0.026233365874398954,-0.1016887334320997,-0.025820319322902175,0.027762283174264806,-0.09402348844519609,-0.031157992700906727,0.023990787975449096,-0.07086679778709118,-0.03146442994153084,0.01968838000034279,-0.09296222376953811,6.285997894124257e-18,-1.0214292775681878e-19,-0.13108728118838583,-0.014810922728050804,0.001985802299819954,-0.15487593102731786,-0.027734158238416132,0.00119800894734521,-0.17759159788796203,-0.04094331734037663,0.0032370912676672743,-0.08982379872121758,-0.009025632386778877,-0.01844712786680824,-0.12237183196419939,-0.017490596489768424,-0.018669415948183752,-0.14426935035763105,-0.02560453973902752,-0.01470422723419253,-0.16926788740972368,-0.03312817838917006,-0.01255432600925183,-0.07402743810192063,-0.017260443292541252,-0.03369415127650483,-0.09816144972005145,-0.02246500182861923,-0.03621336618302531,-0.12202831380626558,-0.027996130621425665,-0.03596171380211101,-0.13607495671705297,-0.03485747820250679,-0.03266883391281888
0.0,0.0,0.0,-0.017646908141835373,-0.006234074094933632,0.030886028211333974,-0.046041083242406085,-0.01098976365225159,0.05407611873513952,-0.07320549331992696,-0.0118594747532751,0.0707854418601644,-0.10562791403206787,-0.013023778906629774,0.07840291647928167,-0.09324662527476434,1.1442048098045777e-17,0.026568895463726185,-0.09559626280603405,-0.028941991554852844,0.030211859425946095,-0.08378112864419912,-0.03533632673315227,0.026453346959580695,-0.05902365918709492,-0.034827277058069935,0.01906605999368082,-0.09540811138971066,8.189273042539456e-18,-5.887605222145815e-19,-0.1307283112902471,-0.019234821172139965,0.004529726104518665,-0.1513514363262392,-0.03708714055809068,0.004687154693806967,-0.17212621306973158,-0.056822187375528965,0.006532464637815122,-0.09189950729167455,-0.010552896763163126,-0.01881836986483712,-0.12256450687943002,-0.022151431265934753,-0.017119149804264898,-0.14294896337402546,-0.0346561652699375,-0.012029138586360734,-0.16679170484355565,-0.04735765511733617,-0.009330340038763941,-0.07493495831745653,-0.019145140748239104,-0.03296239809398686,-0.09793973700538955,-0.026008301484278764,-0.034220236361494766,-0.12231286251241476,-0.03519699449463304,-0.03295640351481835,-0.13471054911107308,-0.04647679491829929,-0.028449349441054126
0.0,0.0,0.0,-0.01760279449894693,-0.0069184409612069765,0.030962555721411912,-0.04530872494985807,-0.012112609380895572,0.05445840905767671,-0.07287738080302188,-0.013797658114503543,0.07100820240755594,-0.1055182652653631,-0.015402376349770892,0.07906282585423949,-0.09369323211828239,-7.678278290026914e-18,0.026969086993621407,-0.09583227373631689,-0.029737637381442437,0.030246847182199554,-0.08307692371321157,-0.036719464475966114,0.02625498901116323,-0.058422051401644685,-0.03537826737120908,0.018368553945952777,-0.0958468087787508,-8.694062079301473e-18,-2.8966882774629622e-19,-0.13224413057364925,-0.018178284012014604,0.004941753722957645,-0.15295064317673104,-0.03528520429722728,0.004711333263136978,-0.17415862963551043,-0.056255552146290085,0.006244282701117069,-0.09240247937421178,-0.010605907331911104,-0.019450768232837787,-0.12289745310636634,-0.022251486700025518,-0.01744789185835447,-0.1439425623114946,-0.034178938284785354,-0.012495249261801379,-0.16785554858109866,-0.04754942694326723,-0.009143644562933309,-0.0750716945089962,-0.01921477381171961,-0.03335282975249755,-0.09874792062529807,-0.026365929418373006,-0.03436819917549144,-0.1228614284867744,-0.03576509117793504,-0.03331904027131033,-0.13548164349346212,-0.04840364861322942,-0.028396022338036647
0.0,0.0,0.0,-0.017009862844455083,-0.006533573825043585,0.030734281155769642,-0.04425896280510664,-0.010816929343781236,0.05452297058316896,-0.07071384060586602,-0.012331450821566189,0.07095934064824203,-0.1024093378030243,-0.01326838498803147,0.07887810203057621,-0.09313614118887115,-4.346734857292654e-19,0.02663430199060685,-0.09297569593333362,-0.02895590063155184,0.03158529226615231,-0.08033669904141097,-0.03637557705968751,0.02784858859085259,-0.054408043237895186,-0.036331930902415245,0.019626214202658546,-0.09621984154592353,-1.6721011214686266e-18,3.319992979928602e-19,-0.13062664287374087,-0.02125024208268288,0.004852633994594568,-0.1493388818530422,-0.04033424864832935,0.006127241645831189,-0.17001244150687236,-0.06205360245163027,0.008393012230496343,-0.09280375765432661,-0.011156079475658434,-0.018452037125897547,-0.12192030701079945,-0.024032957919894314,-0.015779089328577054,-0.14237053871686367,-0.03764402130946888,-0.010030250801495687,-0.1646593568186206,-0.05181998717847176,-0.0077346057846202155,-0.07558695013934202,-0.020199895202898402,-0.03196752632881576,-0.09812985292960251,-0.027107758496215616,-0.03313014117037199,-0.12202538314442248,-0.03728066793882734,-0.03164762679901764,-0.13473490426285561,-0.04990305743053486,-0.02572525525391526
0.0,0.0,0.0,-0.01723702608064139,-0.00609732636708252,0.0307203281028303,-0.04469046364578811,-0.011334616459342904,0.05452835247911077,-0.07121098710930696,-0.014145374167059445,0.07218290073383545,-0.1042723432151942,-0.01752943768169795,0.07959221075820745,-0.09465640330307552,-1.8082044113317302e-18,0.02786476474485365,-0.09471753039529368,-0.029920504089017672,0.03155923111684874,-0.08065560106211031,-0.03590097345410802,0.026445263916138894,-0.056009526262828825,-0.03402627266945021,0.016870508682740856,-0.09581627088484139,-3.739966031531425e-18,4.563352392464066e-19,-0.1329089220450249,-0.019218474147456605,0.004919481887722181,-0.1546430734308467,-0.035954124309634974,0.004809645575609152,-0.1758853706891163,-0.05748185976212354,0.007029567097464514,-0.09242126223613373,-0.010826568728677781,-0.0201391080318108,-0.12284464099526751,-0.023939091105446418,-0.016777229334129777,-0.14363690405883622,-0.036824924951350216,-0.012200012479512936,-0.16679665841139574,-0.05012410597708083,-0.00861633437446575,-0.07482951141138224,-0.019543685976499976,-0.035303285422572474,-0.09770825317776892,-0.02671526408315263,-0.0348494665784705,-0.12328701002940932,-0.037248532432758365,-0.03356716168917661,-0.13678237343802194,-0.048953381534863276,-0.02791330481190903
0.0,0.0,0.0,-0.01776014679528482,-0.006462289726110763,0.030808326124889134,-0.04574145217390811,-0.012430623300592202,0.05415047912878743,-0.07396601088815491,-0.014755378187967879,0.07163807209078389,-0.10733889409554924,-0.016884451341632738,0.07966024698233322,-0.09596178099476442,-1.8811055551157996e-17,0.027652836283037333,-0.09554474049086441,-0.030305108098786587,0.03058831322705264,-0.08196552520288593,-0.036347581289422344,0.02521947336788337,-0.05651818621599183,-0.03154508048701646,0.017267243330824945,-0.09764719214295949,-2.0350281713597948e-17,1.5394456754950088e-19,-0.13269004776021695,-0.02058347996413194,0.0034551367547309237,-0.15443622099680276,-0.038061010971541645,0.003211228038157615,-0.17510364956408386,-0.05842958882820831,0.005145366695762836,-0.09265508562744988,-0.01045393894360647,-0.019712547924419923,-0.1237726587601506,-0.024547987741371777,-0.018475968439584673,-0.14386633205704297,-0.03664853381088302,-0.014076688014680932,-0.16702674039429966,-0.05019457864000629,-0.010781591287361171,-0.07466602509777556,-0.018987369838487016,-0.03573423228963657,-0.0982956281253595,-0.026408937700217763,-0.03599151284207626,-0.12281588014716223,-0.03648293095943654,-0.03503401297515076,-0.1371621872010812,-0.04690461899448939,-0.029750039310211484
0.0,0.0,0.0,-0.01766332956495883,-0.006416392661627598,0.030809500974132677,-0.04558328858591038,-0.012330613652318275,0.053925676420092786,-0.07363149786635152,-0.014572705916677135,0.07118869962260621,-0.10678504593881635,-0.016449701035388006,0.07937049114611218,-0.09516639220010223,6.058488561634629e-18,0.027490752736990327,-0.09522309903802086,-0.030304225120825628,0.030510121931504968,-0.08167902301349018,-0.036690968373337934,0.025195803313547843,-0.056098734659355484,-0.032192024809458715,0.017518801714135303,-0.09694054230570541,8.902012803755466e-18,-5.296859841277321e-19,-0.13195032842272147,-0.020002338865011064,0.0034554021124981395,-0.15378083915313606,-0.037415270447623834,0.003061627169580002,-0.1745596260103971,-0.057545064435730674,0.004862967647894295,-0.09215392493147688,-0.010357516468616794,-0.01945254986421396,-0.12328894557933442,-0.023801218937475287,-0.018431539357545313,-0.14349907279814472,-0.03572529714160268,-0.014025084835969766,-0.16665139260579254,-0.04923864527902255,-0.010815932706363827,-0.07433479696690286,-0.018961314018216536,-0.035504792876365675,-0.09794642579087129,-0.026001340611776405,-0.03575511747525015,-0.12251254610095334,-0.03567245912720778,-0.0349416742721124,-0.1368419351074515,-0.04613280416669053,-0.02977976110422581
0.0,0.0,0.0,-0.017697970883108222,-0.006669857212189972,0.029510014929266276,-0.04588440107906687,-0.01148526888370816,0.05348773167918223,-0.07338245818321971,-0.013871258749069255,0.07084230743662476,-0.10444376326119989,-0.01678695300682617,0.07861693202501573,-0.09401433026331842,4.8659304851932004e-18,0.027108092702681677,-0.09740351222105231,-0.028368656363490126,0.030604479008268404,-0.08586649600594591,-0.03521176349986098,0.02695638858342988,-0.06187501416314843,-0.03360482352053859,0.019942543451466895,-0.09628578239220936,5.270286353906325e-18,5.333388783362516e-19,-0.13232784566637235,-0.018531152641772186,0.003926813573823531,-0.15451215000039195,-0.033552711542206536,0.0036561489872233583,-0.17588319176112477,-0.052443245657404984,0.005988382759679596,-0.09176474998675052,-0.010339657734237277,-0.01843435468550486,-0.12322993429449346,-0.022669389318090753,-0.016872406891743904,-0.1451981249989937,-0.03413385652773408,-0.012445374827503991,-0.16858915915129605,-0.04544309747571171,-0.008383095973571973,-0.07437328399070502,-0.019657934350555135,-0.03354477667277278,-0.09812595540950066,-0.02697256739394716,-0.0342648453667907,-0.121650210681793,-0.03513247238615866,-0.033448642350693066,-0.13635262322021713,-0.04572627793492535,-0.028031938427560396
0.0,0.0,0.0,-0.019998249855530257,-0.008288040308844936,0.030257373827709887,-0.047932217942328506,-0.01378588222171519,0.05408879080128846,-0.07653918658759373,-0.01489418366190107,0.07065877276672662,-0.10691458364774757,-0.015917341895948078,0.07830713045006002,-0.09564474642488804,-6.003229432897272e-19,0.027271553385595265,-0.104533947939008,-0.02818127941528828,0.030618938389574,-0.09584041670111487,-0.03925890764269169,0.02819486331481776,-0.071952073378379,-0.045726889713009984,0.02505471540937982,-0.09760100455087214,-2.504725254536501e-19,1.758959279850894e-19,-0.13600063429964593,-0.01751732753323659,0.003238436168601777,-0.15799170665091425,-0.033982614192509836,0.003142229121357833,-0.17929776767424202,-0.05322293794788839,0.005696482043469083,-0.0924038565101312,-0.010150498035543905,-0.01833012383310529,-0.12484068942366282,-0.022275909113983805,-0.018398502778565206,-0.14650359871600735,-0.034452631058928616,-0.014450761116784947,-0.16831879602694397,-0.04892849022060705,-0.01042386662403105,-0.07460315745292065,-0.01975640484962206,-0.034191278320317244,-0.09926436473217178,-0.026383617583101062,-0.03629386719350038,-0.12226613300108444,-0.035387437800825275,-0.035090386533157464,-0.1369917996843778,-0.04712253527142474,-0.030940612481383013
0.0,0.0,0.0,-0.023321485367248616,-0.006269217645408993,0.030338213233657377,-0.049914577852150976,-0.010412950848943087,0.05430432301614302,-0.08048646604559935,-0.009465685074163685,0.07253543824037188,-0.10789651870458963,-0.008473591089774019,0.08148168086971194,-0.10143475263684343,-2.0379989078117178e-18,0.025807245771007747,-0.1192991291118402,-0.01966249513188446,0.028738787912035803,-0.1237283277150124,-0.032867545328056615,0.030015231090487603,-0.11112648212216364,-0.056487754063839164,0.028296693335922985,-0.10236353656924597,-1.3109778733199797e-18,5.748693550705517e-19,-0.14027300057479822,-0.021108396400883585,0.004542598171147685,-0.15962758140400235,-0.0423758406396615,0.004666275580203027,-0.17489995373352715,-0.06556170964010918,0.009104298278847988,-0.09590676398498306,-0.012037050942087868,-0.018085427992216345,-0.12592128398373006,-0.028234275839608882,-0.0181973806777974,-0.144553943477722,-0.04645930755520063,-0.0150132193335264,-0.1596666274476811,-0.06455577893779559,-0.010189267056393116,-0.07805267243199232,-0.021244774977962767,-0.03382328962981561,-0.10024340452606227,-0.030734859920479356,-0.03592439214823078,-0.12121698116234386,-0.04333320647244451,-0.03536885758246258,-0.13413840378909048,-0.05642486008286451,-0.03200223824770267
0.0,0.0,0.0,-0.024716550034663422,-0.008109339244842468,0.029704336376768194,-0.04904025076156786,-0.012241361678594893,0.0526246399300294,-0.07737015999829952,-0.012453386853424507,0.06766337741960074,-0.10336282819799952,-0.010109803366650228,0.07796292925850495,-0.09647160014109515,-3.4482686984292073e-18,0.02374761886095459,-0.1216771062501292,-0.014082716646689562,0.029030581879396115,-0.13965450404709945,-0.027148457098641304,0.030562573232144456,-0.14385365738549552,-0.05589340049885657,0.029194103014467808,-0.09874231013209381,-1.6066962347773942e-19,3.5825737186432534e-20,-0.1346735464477854,-0.014876960256081479,0.0036667121524790996,-0.15504556230994368,-0.03721991945332739,0.0026466212038741294,-0.17141497482919812,-0.0583331197917812,0.00765939905763148,-0.09165204861586616,-0.010349672190452637,-0.017600640330107768,-0.12299001600538825,-0.026011919733285458,-0.01911329744631756,-0.139422499264769,-0.044474618397633815,-0.016567261293140297,-0.1544446935278109,-0.06306063088673582,-0.011007497163357718,-0.07632809292763175,-0.020737192120862048,-0.034112792073746706,-0.09828740539978574,-0.02674736691876242,-0.03622835696245922,-0.11769158631914563,-0.037244400163240696,-0.036500960942144944,-0.1330157980209882,-0.04951344887793289,-0.03125635468661688
0.0,0.0,0.0,-0.02671324533507062,-0.008846569720653705,0.03051706968715031,-0.0510151947198028,-0.013070760151965134,0.05142071924747758,-0.07928163859867322,-0.013085730494669913,0.06651679169005259,-0.10622872633901093,-0.009524694083493709,0.07721906863032821,-0.097826127906692,-2.784392770743389e-18,0.023636678832599643,-0.12578032787381419,-0.012529195221191702,0.03045336406708286,-0.14665850818733575,-0.022574729563142222,0.03327625606764078,-0.15513670039636868,-0.0500464714571408,0.03392280667507033,-0.09930935821285258,-1.6101901681366358e-18,4.049151462047874e-19,-0.1362861420400537,-0.01413780718541074,0.0026268978732912327,-0.1570228277879689,-0.03562820509061566,0.0006593445492501642,-0.17505830964871086,-0.05405247068706708,0.004817712233775617,-0.09162630498064106,-0.010316997149322526,-0.01721911069591308,-0.12343889503441763,-0.02606549632412478,-0.02020350789064042,-0.13936196727075945,-0.044145627141193994,-0.019008955700862418,-0.15498969693148704,-0.06277188186806022,-0.014751040578005203,-0.07596377770621043,-0.020435274601994,-0.03371733421149356,-0.09766531331345582,-0.026895944465550627,-0.03649866022580946,-0.11762300845018958,-0.037042241205943224,-0.03744356963516975,-0.13213746818232863,-0.047478610090066056,-0.032204083716702595
0.0,0.0,0.0,-0.026488825374366406,-0.008927989939200126,0.030603611364257065,-0.05085426363842032,-0.013142823379032498,0.05158400090298846,-0.07914606501547684,-0.013107902842582404,0.06652257878397748,-0.10612748852231514,-0.00958339522917456,0.07737925184415051,-0.09778222450021697,-7.030691099565913e-18,0.023791157159403043,-0.12579404459978802,-0.012507512509972474,0.030767040862373012,-0.14662147693739686,-0.022523815541010704,0.03389882071579353,-0.15489782099799912,-0.04974649605671632,0.03496087335888539,-0.09940195205736847,-8.662011829094763e-18,9.228424089582573e-19,-0.13662278645256806,-0.014148284469456766,0.002925494675040275,-0.157077882737272,-0.03565223689174457,0.0012464488842760797,-0.17523495894347596,-0.05413076786731141,0.005633655752353986,-0.09170578540254688,-0.010305264575589966,-0.01711867673733782,-0.12362359771295937,-0.026411087295312132,-0.01983382501692117,-0.139612482931228,-0.044533651559451166,-0.01839739308525553,-0.15521992325454814,-0.06306756474008411,-0.014092306532441309,-0.0761467359228145,-0.020552146450018627,-0.03356864342732597,-0.09794350598990641,-0.027153668011433426,-0.03626342092399613,-0.11766554005507417,-0.03760143134900351,-0.03692033717826066,-0.13202365592134352,-0.04825256647191232,-0.03158274010103458
0.0,0.0,0.0,-0.026965195807619403,-0.009225151502782518,0.029723836994633636,-0.05123801024329663,-0.012809565681233853,0.05129486475785859,-0.07929241283070651,-0.010968362355657117,0.06651401655581861,-0.1064535461004168,-0.007667911741439397,0.07737752650438663,-0.0969110796222338,-6.3142731763586096e-18,0.023276831144210784,-0.12423564919806994,-0.012220923618852872,0.031100819223085375,-0.14489549525675505,-0.022966022108031222,0.03584694705503441,-0.15407288358158286,-0.04906696607274344,0.0385293610639562,-0.09848852185230995,-4.9253261890775705e-18,1.7032413954533451e-19,-0.13415988284454924,-0.01507014992411742,0.0040164879955088195,-0.15348607051520205,-0.036727102932138295,0.0020602390190232914,-0.17265668152934652,-0.055414173375752676,0.006755539149159287,-0.0903373828601907,-0.010173627844365494,-0.015634482094263814,-0.1203559841835562,-0.027510435613399765,-0.018213408920657335,-0.13722314938334193,-0.04484858726943606,-0.017506345329673205,-0.15271924753013244,-0.0623012058302125,-0.013811859771370774,-0.07474642827256292,-0.020344491999420337,-0.030532414009458324,-0.09621229920370424,-0.026750040632252184,-0.03405642039643968,-0.11482275327172271,-0.037723582120619006,-0.03556992572327969,-0.12848772019298224,-0.048290780270048225,-0.0302502915913375
0.0,0.0,0.0,-0.026716169182580733,-0.009398734713384533,0.030020677364872045,-0.05072896894847277,-0.012711519241399794,0.05153098822416188,-0.07854745094292005,-0.012048478959559484,0.06602179731830268,-0.105229422032703,-0.008393952449774113,0.07688204726338072,-0.09599108224431101,-1.265135523772291e-18,0.02353924931074321,-0.12367205766773065,-0.011798968327318094,0.03179385824609838,-0.14501444016018458,-0.021969813454424645,0.036384844701210145,-0.15397608943242297,-0.04891467000645665,0.039708821403808194,-0.09781760975358443,-3.2221987377536046e-18,8.447435956620891e-19,-0.1339389602663633,-0.014609822218721216,0.0037092953584456417,-0.15378040790055436,-0.036500054749185745,0.0024843884664013578,-0.17291440553281595,-0.05511648503520345,0.006860501885921984,-0.08970672933516526,-0.010602015135999284,-0.01573303193727371,-0.12085471233399331,-0.02775809317277473,-0.018572342336597557,-0.13709966631454157,-0.04433167404031513,-0.016981415590505554,-0.153090648740874,-0.06253916472678456,-0.013829328893140716,-0.07450275348167926,-0.021248615463253167,-0.031047928750394242,-0.09633471481519766,-0.027707171029991914,-0.03452522803094755,-0.11536371449897863,-0.03858100390197785,-0.03569066117360522,-0.12908144610782016,-0.04867112260504032,-0.030140129214895332
0.0,0.0,0.0,-0.02679978201659243,-0.009250557146723324,0.030657137715891975,-0.050956876875984686,-0.012082769320850324,0.05191726051045566,-0.07905795011318172,-0.010615996361625898,0.06670955917803255,-0.10617805522156142,-0.005974393609075539,0.07796834945916346,-0.09727399680885901,-3.3064694170186694e-18,0.0238492237025805,-0.12484747924109754,-0.012239630963837981,0.032351727749043754,-0.14546556882306733,-0.02241336551501356,0.037198734127830785,-0.1541037658261009,-0.04977824154191252,0.04052272047514597,-0.09862440212474508,-2.5988184709310856e-18,4.7452329947991965e-19,-0.13499644348458834,-0.015423675388096763,0.004453166843447614,-0.1546527669092035,-0.03770463133441283,0.003176034631721416,-0.173319878458731,-0.056954443943212106,0.00803135558266691,-0.09047810203242536,-0.010881034784000614,-0.015834914301051748,-0.12101538065427742,-0.029034332150014292,-0.018065328402886358,-0.137015285576552,-0.04693326217457616,-0.016421139125283053,-0.15204232702458562,-0.065289915170045,-0.012769014268593466,-0.07476240628918436,-0.021617938212287188,-0.031008193413023435,-0.09648092919190653,-0.02862400243169788,-0.03418448289275361,-0.11517700255008476,-0.03973454268557986,-0.03494241759487924,-0.12853894720094836,-0.04987519183991963,-0.029545800359005867
0.0,0.0,0.0,-0.027733967075371894,-0.00869865515487088,0.03140114532907996,-0.051695526445679325,-0.010905749286215067,0.05233606330622408,-0.07967238918367969,-0.00964295563806913,0.06727402965320589,-0.1065448812055389,-0.0036509110539974174,0.07831949837681573,-0.09865818906129108,-2.0639982801388134e-18,0.023732031877061188,-0.12679849999967904,-0.011392705984409113,0.03321082082050055,-0.14693507236967657,-0.020966115380768445,0.037918565172365734,-0.15570299466400914,-0.048435295362062245,0.04125197811205551,-0.09941283777443802,-2.7868625511067135e-18,-2.6598192929447208e-20,-0.13643791440936853,-0.01513607320809926,0.0045708438611503,-0.15693071124602992,-0.037040097243633406,0.0030544180715100294,-0.17415746207684363,-0.05616388444190679,0.008149489359205883,-0.0915991038553081,-0.01075827844697118,-0.016493399684569848,-0.12278052898344909,-0.028533584475768405,-0.018427869341223015,-0.1384742327170287,-0.04700632387126199,-0.017073179410849453,-0.1527059161636601,-0.06487330326623758,-0.012639876433934761,-0.07559488668422261,-0.021081650641033626,-0.03237998029980171,-0.09746077603091895,-0.02849300670214329,-0.0348822772171127,-0.11711925378628672,-0.039744643296290884,-0.03571200893188269,-0.13077814661562542,-0.049144824107829915,-0.03016620909784969
0.0,0.0,0.0,-0.026818630178430555,-0.008938033564204556,0.03158969436149631,-0.050994083454282184,-0.0113928845606614,0.05271085792464683,-0.07956083591308388,-0.009549122242007572,0.0673703896806758,-0.10700324983262027,-0.0037951363215364704,0.07864864459484965,-0.0989321166830812,2.1353551707770652e-18,0.024472074648572102,-0.12687672780260822,-0.012276461022132795,0.033648148232847855,-0.14671381828382285,-0.02272012469716945,0.03884099234355132,-0.1546824650413704,-0.04993922712315376,0.0427363490345844,-0.10030494348804776,1.9195983428824088e-18,1.8442528131798204e-20,-0.13746233169099395,-0.016075645553048325,0.005649042748161069,-0.1571907792271703,-0.03870499277636563,0.004691547927374546,-0.17394664000504753,-0.05840968400854393,0.010388359957619966,-0.0920865972952497,-0.011109486414539248,-0.01648861669247075,-0.12298157559654563,-0.03024179267955148,-0.017681018190576613,-0.13816581618365467,-0.04951571702212741,-0.015594380489729056,-0.15187556400093705,-0.06836657732778721,-0.010776507208322681,-0.07620014421970192,-0.021467890400101337,-0.031816097695107355,-0.09827249485078159,-0.02955544329515669,-0.03402439057383427,-0.11722920150221726,-0.04104939014551089,-0.0344752975546712,-0.13059484196164195,-0.05136291584666844,-0.028630430246807694
0.0,0.0,0.0,-0.02815983289758786,-0.008952834380683342,0.03253575577365618,-0.05143887908929992,-0.01211392427918452,0.05327625326908626,-0.07969755763349914,-0.011642274374136192,0.0685278732830555,-0.10731891372076911,-0.0065995859361994485,0.07865620923839517,-0.10121217759684617,3.1465071622116335e-20,0.025075784660734124,-0.13019922051124022,-0.011890667925560724,0.03413485306961421,-0.14868276679026834,-0.02238826002212166,0.03928839683917789,-0.1569162580959234,-0.0508822250513945,0.043244290057150886,-0.10148926137729919,-5.548308788820605e-20,3.8175680808644896e-19,-0.13985877731399438,-0.016093874514212726,0.00591871207336096,-0.15969232149027124,-0.03840389717974136,0.004427061777509958,-0.17556688725506056,-0.059836926244054435,0.009618359001496728,-0.09353945966211093,-0.011214619378855388,-0.016674469242090467,-0.12467558088512386,-0.030035816821194872,-0.017984780100020383,-0.14061905974161756,-0.050945586960457936,-0.016212713786789484,-0.15424665883987737,-0.07047917852264593,-0.01042033462101708,-0.07705265935831178,-0.021786167116062075,-0.03206238773018292,-0.09939832756041911,-0.030014705569550836,-0.03426949117790451,-0.11937699525912758,-0.04154945554196936,-0.03478673206493927,-0.13279338973997215,-0.05342575155494909,-0.029282221356892107
0.0,0.0,0.0,-0.026724432362115077,-0.009822830827028381,0.031274454934059386,-0.050379904827622855,-0.01294024153129606,0.052511412370378575,-0.07857938481451292,-0.011905772345705588,0.06708255327777915,-0.10595744419874445,-0.00732739857756573,0.07847923612683709,-0.09784517618688264,-6.499393819303716e-19,0.024269310885918514,-0.12564617658893742,-0.012389074630406807,0.03322420169601279,-0.14641503922357355,-0.0231039328028116,0.03822688729438957,-0.1542849901428216,-0.05085939228175096,0.04161029609460787,-0.09947870141035911,-1.3243856309441547e-18,-4.400049523516795e-19,-0.1363046505988032,-0.01583565672337979,0.00435509703626856,-0.15567978744215138,-0.03929323972346812,0.0034494978608257043,-0.1732908210390611,-0.05944480551349047,0.00838414059520442,-0.09120540448988099,-0.010929168837417236,-0.016197404033082365,-0.12264201065263705,-0.029851103450042455,-0.01828991856356226,-0.13745967567908335,-0.0483569617890603,-0.016107629425474335,-0.15187284233320367,-0.06878299715421983,-0.012293615806745532,-0.07545574193421804,-0.02165506020678786,-0.03202262043954077,-0.09777822969506725,-0.029271468558239054,-0.0347705561059764,-0.11659515854214521,-0.041325564627404075,-0.03543621618852578,-0.12995299337305163,-0.051940088322214625,-0.029880128112186283
0.0,0.0,0.0,-0.02725204471044557,-0.009581518896300252,0.03217433834177414,-0.05091377126424585,-0.012692433451557836,0.05302591223396667,-0.0787662118983915,-0.012514584205939388,0.06760444775091311,-0.10599721643685439,-0.007630180510402573,0.07845579209880123,-0.09967607181769815,4.048663115293738e-18,0.02456028159221651,-0.12795240977691347,-0.01198351305256924,0.03348922420686104,-0.14867530398327217,-0.02220016094860839,0.03792701158497097,-0.15705739342444064,-0.04995493579574218,0.04106071234575979,-0.10085429112630717,3.3352276951825708e-18,-3.716719916948515e-19,-0.1387078565555142,-0.01523455038401389,0.004154853128590285,-0.15893963107893838,-0.03795715572387807,0.0031109793892903823,-0.17611965700323004,-0.058185654885426895,0.0078019175999833055,-0.0929450603149607,-0.01073266393841891,-0.017304086008277673,-0.12472961639204828,-0.029303223787805272,-0.019323694302811344,-0.13982583853980846,-0.04841467189062636,-0.01726627253956099,-0.15431454591996896,-0.06911758882915743,-0.01243542511197135,-0.07689298645333499,-0.021365159225324896,-0.03367006038733915,-0.09928001329749077,-0.029173406931578123,-0.0358900208482009,-0.11867543769815074,-0.040831079008144734,-0.0364543118863981,-0.1324410680900722,-0.05186828155549076,-0.0311704762168451
0.0,0.0,0.0,-0.026750780372891105,-0.00895130837967797,0.03223681103034959,-0.05037535865463705,-0.011575817842093316,0.053237033068052456,-0.07782451451163742,-0.011617605414312417,0.06783044408070561,-0.10439159187109674,-0.0070411046506676,0.07824941577603503,-0.09992037476451693,1.0835012661633365e-18,0.024641801941855,-0.1280353389909296,-0.011697411371786575,0.034049596764467414,-0.14825954093875154,-0.02180525846555489,0.0396260598579152,-0.15632848175791922,-0.04944717728720272,0.043190224175921214,-0.10098193776507243,-3.1181464994284287e-20,-4.151613185535888e-19,-0.13915933592507979,-0.015443813534248257,0.005488594470268876,-0.15907913003267066,-0.03759874919487715,0.005014750152632736,-0.17599428588472474,-0.058389886497932454,0.010255275854231574,-0.09314103021853287,-0.011299435427491795,-0.016757417674915644,-0.12472058382665571,-0.030362842066226508,-0.017916150741154102,-0.1397466057652952,-0.049260194859165836,-0.015353124094124296,-0.1540273398150239,-0.06948933488594038,-0.010251807013434294,-0.07711003675939385,-0.021993429263805514,-0.0327908418228315,-0.09927450250585816,-0.03044516349608122,-0.03461934308384618,-0.11905075204913824,-0.042284281892263145,-0.035075441261728006,-0.13265211416235562,-0.05344681825702034,-0.02950610513092437
0.0,0.0,0.0,-0.02629868544050583,-0.009395284632522373,0.03270862342792362,-0.050262159551901206,-0.011808155605509517,0.05375685603584618,-0.07798579041643029,-0.011616394825465531,0.0682452265680185,-0.10537521445323218,-0.00667382575869875,0.07924673719612867,-0.09990062087460153,-2.614243683295186e-18,0.02498397413615195,-0.12773624354814986,-0.01203565517431951,0.034631301705259035,-0.14803597804261157,-0.022657299669676927,0.040094736963664064,-0.1552655418192082,-0.0511268684641562,0.04447859127991889,-0.10123875656345833,-4.5637094889194446e-18,1.0518597659638505e-19,-0.1392362220397811,-0.015624668176821196,0.005594726764043074,-0.1586051644847602,-0.03889205676504473,0.005645687423094005,-0.17532138350027449,-0.060555447972199035,0.011474502033929962,-0.09310195181168422,-0.011371489487181786,-0.016680084221958325,-0.12460709476060933,-0.031206762047802133,-0.017584355875749316,-0.1389719007127611,-0.05042655181711428,-0.01451893654886761,-0.15306226507706203,-0.07176151176804155,-0.009065289535594316,-0.07715865481699255,-0.02267943871042862,-0.03275485660297766,-0.09938872096167571,-0.031216591616003764,-0.034385509397997095,-0.11888754780457944,-0.04348014426550582,-0.034385406264947765,-0.13198278187858278,-0.054830307889326545,-0.0284521939529964
0.0,0.0,0.0,-0.026478841896588976,-0.00918626710157008,0.032199351985707086,-0.05055125163374511,-0.01149299929063131,0.05331206112364651,-0.07830549561826737,-0.011271535076006527,0.06801971310386165,-0.10535597981863563,-0.005963930498500936,0.07870620283398248,-0.09936806302617662,4.545476114698e-19,0.024475695247897555,-0.12770287399999053,-0.011443672969144338,0.03376137123693549,-0.14812946595324475,-0.021413872274617475,0.03881753876280913,-0.15642407961610702,-0.04966424877318875,0.04294513210597149,-0.10053340920740228,-5.941901486800766e-19,-1.1067130527508255e-19,-0.13834778798571898,-0.014889474703134562,0.004798899982107088,-0.15838062184886453,-0.03726850295329478,0.0043885060805393125,-0.1755477256657109,-0.057730658432136844,0.009935017511814182,-0.09245156595981803,-0.011111409830501141,-0.01686291375788059,-0.12427903193481729,-0.029648693343352923,-0.018073068630194998,-0.13930754476316928,-0.04835260649007407,-0.015332671289050163,-0.15409146997858744,-0.06835748237379975,-0.010108893607031858,-0.0765273399439948,-0.02222618431298873,-0.03262650959986335,-0.09871600269095544,-0.030184103257188954,-0.03478629101366678,-0.11848189852760864,-0.041256029886939556,-0.035126982774723564,-0.13226643573505953,-0.05199509834906896,-0.029190391698704705
0.0,0.0,0.0,-0.026801825992572904,-0.009254725424294374,0.032182220292934806,-0.05068875278341419,-0.011594862687531887,0.05338432661167532,-0.07829600122146398,-0.011370399495368444,0.06814789043491983,-0.10538630397903262,-0.006098699630910492,0.07878074926479466,-0.09955150841354843,-5.1278572261581166e-18,0.024398113850343617,-0.12775967701809499,-0.011536766552929772,0.033648562037794025,-0.14800349757772002,-0.02177565069187574,0.03864399633467312,-0.15616147261843671,-0.04983915843928415,0.04263810980673734,-0.10064021777569451,-6.0490323104201055e-18,6.553304863362462e-19,-0.13850772380294432,-0.014849132324959312,0.004861668635058622,-0.1587224182315046,-0.03705938457261271,0.004420880253662146,-0.17564786374243488,-0.05774141975686118,0.009930978213414621,-0.09263882969957234,-0.011051899151635576,-0.016860119126409345,-0.12418516190490773,-0.029631699765731295,-0.01825181445438909,-0.13934464968691232,-0.04838431419617555,-0.015466254623960748,-0.15397604298719703,-0.06842390884957035,-0.010188722351227041,-0.07656578255849669,-0.02209662255031936,-0.03264484656941613,-0.09862792065281965,-0.0301715834958596,-0.03469482438088216,-0.11855709067753212,-0.04132420994011344,-0.03519759242495977,-0.13234843241290511,-0.052286618648460355,-0.029284114338328567
0.0,0.0,0.0,-0.027282748434492826,-0.009284383467690293,0.0313964974576759,-0.050409754396483444,-0.013485297877275452,0.05242542591188097,-0.07729517134326797,-0.014570500455683866,0.06688864920070256,-0.10374196427271437,-0.011439212166237533,0.07729873328900475,-0.09915080049708629,-7.503034028499325e-19,0.024206366230240816,-0.12729997157671383,-0.012383256509500923,0.03274608749707521,-0.1473921066102041,-0.022424144023135223,0.03737651789837081,-0.15551812946497953,-0.050317594964704455,0.040187533228324114,-0.10005753339292561,9.941306823797584e-19,-3.0179728592967257e-19,-0.1374673388735472,-0.015125385309039842,0.004615412633491838,-0.15806693331063415,-0.036781122793470074,0.0036257019912880836,-0.17510039658923524,-0.0576957140400108,0.008261316480736245,-0.09250527076786569,-0.011067660146726816,-0.016654257408018142,-0.12370516158942217,-0.02832514448960995,-0.01897659610226433,-0.13985644994440463,-0.04674150129294134,-0.016696920415017674,-0.1548284089666171,-0.06648757321358148,-0.011622779276375497,-0.07640855944358875,-0.0217118238588059,-0.03257247947515585,-0.09866674222213367,-0.029024562500036825,-0.03520611891191341,-0.11859685145514152,-0.03952582964977938,-0.036082526638669975,-0.13260930611279137,-0.051046391728400954,-0.03116862411095698
0.0,0.0,0.0,-0.027158407224710444,-0.009298253134839615,0.031774126736284235,-0.050083589472427574,-0.013284516610460283,0.05302953328083913,-0.07684335449373549,-0.014184158220921467,0.06768591039964918,-0.1034903526114873,-0.01094241943591132,0.07802350146208692,-0.09957366384572655,4.0372524689362986e-19,0.024486594335173188,-0.1277519155417487,-0.01206368740620215,0.03328207623502168,-0.1478823856943138,-0.022188092163154805,0.038271933790595264,-0.15561340039311486,-0.05013835487133696,0.041452330373546356,-0.10046071517937072,-9.217328883381852e-19,-3.2581979999034303e-19,-0.1382445234370749,-0.014870256841496576,0.0051016918085720194,-0.15874556298860837,-0.03658154119508346,0.004363142622465755,-0.17542200715494857,-0.057899953689539416,0.009192137580595136,-0.09299527398879973,-0.01119934907832925,-0.01648521033061358,-0.12427034260408476,-0.028625291937542006,-0.018557681098290806,-0.1401774840540742,-0.046911092932233146,-0.015962663879392387,-0.15467530858553197,-0.06708895006575441,-0.010796046162573538,-0.07677118109528634,-0.021872209400859252,-0.03258581956916933,-0.09918288602001843,-0.02925561663934243,-0.034962139122936026,-0.11938139883851658,-0.039814720417607696,-0.03566881099774187,-0.13322630230836066,-0.0512343016181505,-0.0306342482147092
0.0,0.0,0.0,-0.027649246041353354,-0.008753574159653612,0.03129447258658929,-0.05107712928328256,-0.01286898460857515,0.05229137813098214,-0.07846926075398904,-0.013691869734738477,0.06701082658911398,-0.10537561775048378,-0.009865072053929584,0.07713346922759666,-0.09980304522637294,-5.205729042999624e-18,0.024490910720247134,-0.12823768866264257,-0.012402658678631506,0.03258275868337224,-0.147382427444306,-0.021883069156956127,0.03690642585678561,-0.1562568639622937,-0.050076710466242444,0.03971192492035537,-0.10049772141883123,-6.1455983832559175e-18,1.0225626119426135e-20,-0.13791331371690696,-0.01521597832291478,0.004524454927114213,-0.15855326430368782,-0.036517449726878905,0.0029766250714913685,-0.17537852441512564,-0.05693599928113772,0.0073573020100072785,-0.09309387480619959,-0.011115744609820918,-0.016585818118933626,-0.1236843620259782,-0.028317479154444228,-0.018605009259654186,-0.14036126699550022,-0.047679211051236604,-0.016996393527651314,-0.15531899822417725,-0.06599239618169293,-0.01190823731936485,-0.07684901876908194,-0.021444839925192513,-0.0321417024189244,-0.09852463401266329,-0.02899603022549703,-0.035116252221986194,-0.11832560229675622,-0.039512986587488176,-0.035879840031896544,-0.1323811580930333,-0.050989535127985874,-0.03138659253353465
0.0,0.0,0.0,-0.027709867146543533,-0.008627849258573081,0.03143515273684001,-0.05126900337907717,-0.01275705519611613,0.0520488191253498,-0.07875865106267534,-0.013440418475485853,0.06703555794237016,-0.1055111363194274,-0.009380441300850318,0.07731734116528147,-0.09951503423653443,2.925602530871118e-18,0.02433178753298369,-0.12823227091355502,-0.011890787190393784,0.0325530914447514,-0.14781101049537373,-0.020684482722323795,0.03693832992143865,-0.15764962530715002,-0.048452717032819365,0.039621298646867684,-0.10028282299794865,5.580181014249856e-18,-6.90402104203185e-19,-0.13767558724577617,-0.014802440225944846,0.004099777794830656,-0.1586989856458193,-0.03561356003496178,0.0022544714568482112,-0.17644357020204718,-0.05484094813291469,0.006466785085910931,-0.09291831036623895,-0.01094743602325257,-0.01682303883536287,-0.12412557889495503,-0.027465541416145697,-0.01915142377815842,-0.14106810308881532,-0.04610988717312749,-0.017916909736394395,-0.15662155141968367,-0.06383451026128405,-0.013249258049657387,-0.07682450902948526,-0.02113779259036006,-0.03266832618177364,-0.0984972074551286,-0.028336183959588555,-0.03559054011706364,-0.11858059938322314,-0.03815512077538008,-0.03637376103977121,-0.13310432339421024,-0.04884787069907339,-0.031790950012594806
0.0,0.0,0.0,-0.02767515012932792,-0.008583675947009942,0.031090347587522285,-0.051218644451788156,-0.012812512785868852,0.05222814864869075,-0.07855510200009222,-0.013408490998619453,0.06695406945334736,-0.10528366806141504,-0.009370559636428992,0.07714931133586198,-0.09954141809080407,1.854796936146822e-18,0.024348612528808152,-0.1279042678826044,-0.01233934682698645,0.03244352708238589,-0.14706004158241828,-0.02180617999945465,0.03680843098292577,-0.15582818320470262,-0.050113877981644406,0.039455337859451954,-0.1003639920216452,1.5078923669659878e-18,-6.61716314202807e-20,-0.1373372958054651,-0.015608173654552379,0.0043780449782930865,-0.15780851428244944,-0.0369339007226924,0.0027541515784312797,-0.17465454287097065,-0.05733662766600556,0.007088416339973653,-0.09289003317972727,-0.011085184765062855,-0.016700439797002267,-0.12340770776938628,-0.028232311445598127,-0.01872990912196435,-0.14022169904902848,-0.04753955101564083,-0.017285818978626452,-0.1551952731655869,-0.06573952736507978,-0.012188796145895398,-0.07672792286031374,-0.021407232592367643,-0.03223069049580387,-0.09818196313371498,-0.028908889805375548,-0.03524675135921892,-0.11783450637352881,-0.03927954737783143,-0.036056163034197786,-0.13220548622631445,-0.05090780211918276,-0.03153582633705038
0.0,0.0,0.0,-0.02778459897262241,-0.008705019706414276,0.03169166378861706,-0.051044116174715666,-0.012772969339487922,0.05241082884516062,-0.07852123561774525,-0.014087160032698783,0.06736451201808288,-0.10526847219547131,-0.010484944490324744,0.07741145620136901,-0.10001682175032067,-1.754586202134525e-18,0.024622373328798363,-0.1287291287658567,-0.011965411255084504,0.03301781642218373,-0.14779408404533018,-0.02110349781665277,0.037667893315593726,-0.1571985497077198,-0.04907343805109228,0.04106225791640306,-0.10056019400314399,-3.1516740683597636e-19,-3.721661868744122e-19,-0.13839840443788679,-0.014949746159820617,0.004896657988209193,-0.15907955886313532,-0.0358434000971216,0.0034050390759317395,-0.17635123030397962,-0.05648379001570032,0.007950772199561723,-0.09305230097567495,-0.01125102833075039,-0.016709557357835383,-0.12428600371806524,-0.028293887862872395,-0.01851712521505696,-0.14114232022582454,-0.047290042644504184,-0.01678567869415803,-0.15635651713068716,-0.06588884508570265,-0.011589926379814949,-0.07685099034502217,-0.021791991387410243,-0.032336512293559556,-0.0989477284600148,-0.029222070603588276,-0.034982913027148385,-0.1191431588928973,-0.03956994679789027,-0.035717432835967754,-0.13325585463763026,-0.0508557543840461,-0.031148609539894477
0.0,0.0,0.0,-0.02748122771703247,-0.009023019579864542,0.03228065329861193,-0.05064680543425153,-0.012641188977201194,0.05293003251103867,-0.07811116175506265,-0.013392443658792181,0.06795600331203418,-0.10464179400792012,-0.00901626611552231,0.0783300240940219,-0.09986504992735638,-1.5659306545404614e-18,0.024850322814515033,-0.12845879534485843,-0.011839816416686723,0.03382198802710177,-0.14816467523063606,-0.021458310622217,0.03871295380838237,-0.15662818829035272,-0.04918115727244899,0.04229788477907778,-0.10084115855271687,-2.9805120724020953e-18,6.356001866247193e-20,-0.13885520311473845,-0.015317378800318308,0.005326928603960586,-0.15922122065528344,-0.03681979385509031,0.004312391986227673,-0.17618943163678505,-0.057421382765172925,0.009333604850938699,-0.09329745703241143,-0.011228304363238234,-0.016570490101693206,-0.12481391297082056,-0.02889340915498534,-0.018265463842313142,-0.14070602164335433,-0.04773215930680015,-0.01594112687293523,-0.1553753879097438,-0.06748794446049428,-0.010377977268293216,-0.07718861853721876,-0.021925610239659166,-0.03269459502449499,-0.09964854319453867,-0.02958355918558961,-0.03487234489198864,-0.11973040922142923,-0.04024247005353395,-0.03521680696238531,-0.13362590044142397,-0.051514872358800014,-0.030154980135275927
0.0,0.0,0.0,-0.02692315397192551,-0.009253074023163261,0.03127873417391637,-0.051212434432755444,-0.012236711469342345,0.052538382171742906,-0.07985804117824138,-0.011441805016627072,0.06789765240284536,-0.10709739513999543,-0.005783404145304642,0.07883553763444788,-0.09862934653369261,3.2829917047889417e-19,0.02385968980311976,-0.12710849858112783,-0.01176926175671534,0.032396401262289695,-0.147520570202588,-0.02241541512335439,0.036633745068221306,-0.1560774015234583,-0.05058403047142913,0.04017275851559314,-0.10046537986763475,1.0529086891417046e-18,-6.556240772925657e-19,-0.13701031500319413,-0.015172157801405359,0.0033824242945706875,-0.15730405013297621,-0.036866978080547404,0.0018187019327025615,-0.17547365055706032,-0.05596659117269163,0.006779086918511449,-0.0921686347234008,-0.010390541651487216,-0.01673438013915132,-0.12317026893751859,-0.028001416954243557,-0.018942846643978457,-0.13899978803709348,-0.04649442063148839,-0.017154814804887973,-0.15433278982424767,-0.06591117991651042,-0.012320300758464329,-0.076154508436474,-0.02121423609088614,-0.032523707196698906,-0.0977288400389543,-0.02851822655816979,-0.03553335518812227,-0.11682013324527045,-0.038699181457240536,-0.036235737287223097,-0.13149479797125754,-0.049263058916335374,-0.03074694461579561
0.0,0.0,0.0,-0.026879573830153304,-0.00892521109390112,0.030385306041347433,-0.05126143076341373,-0.01233160161007403,0.051912889811968024,-0.08007729364348999,-0.011220001721769294,0.06758599060295087,-0.10780417758467961,-0.0068004712092900235,0.07823996648209725,-0.09864160950888182,2.0694913280928366e-18,0.023751082241138827,-0.12719894004622212,-0.012311449451834856,0.03214760053216632,-0.14662466229732274,-0.022605974360543138,0.03719216975912396,-0.1557634782458325,-0.05065471640187605,0.04106952545258455,-0.10009908445559725,1.805325512607316e-18,1.1249096045103142e-19,-0.13687088649560972,-0.015849425217174324,0.004558534296950889,-0.15665142008324884,-0.03715779454559024,0.002428787223836477,-0.17472326285647488,-0.05686596871198637,0.007864621540368653,-0.09205173966122795,-0.010804466979795141,-0.016107605298232495,-0.12218619381113073,-0.028520168359567968,-0.017437949928102655,-0.13919230215465594,-0.04787599130340957,-0.016317675233083525,-0.154257858283628,-0.06568257788996439,-0.0112290705037832,-0.07598152377430142,-0.02144165011633124,-0.03087499064601949,-0.09783825870693673,-0.028939857309940815,-0.03394274832791298,-0.1165083282145444,-0.039089037623239044,-0.0345753077404318,-0.13075028266323874,-0.04954253983656159,-0.029425951322703602
0.0,0.0,0.0,-0.026396962670257994,-0.009156029576310377,0.029824028257370083,-0.05132104067839042,-0.012769297649096708,0.05179187436297211,-0.0805024896269384,-0.010352383195446622,0.0678073073841524,-0.10919608922039738,-0.006611997851756508,0.07840985403714897,-0.09831435636559002,-9.355788578165572e-19,0.023534934538280927,-0.12584249529493835,-0.012775965606098819,0.031752783936556436,-0.1454021256922829,-0.02391673370402789,0.03723308754542446,-0.15379267069517075,-0.050978121798566964,0.040863647191568916,-0.09998887403471104,2.4159438301442137e-20,5.578154434673798e-19,-0.135821682980148,-0.016467925009187652,0.004240366773730732,-0.1544423132012279,-0.03813636841427463,0.002343418662511598,-0.1725708958480916,-0.058240003262321795,0.007223841552693321,-0.09168715297029056,-0.010262142141559369,-0.015927970212927644,-0.12095466152253984,-0.028811743757142454,-0.017351270210298537,-0.13762719730264708,-0.04753039275571877,-0.016299841093965834,-0.15236754570914077,-0.06564119503430244,-0.011698553484337454,-0.07566887471526916,-0.02061869657731311,-0.030693818477426537,-0.0969960524347304,-0.028481911252635803,-0.03368282618593659,-0.11495145772961178,-0.03939182604822157,-0.03422334261502288,-0.12869249276630207,-0.05015082615182938,-0.0294071733774825
0.0,0.0,0.0,-0.02622455027472762,-0.009843374357326292,0.030337065677565358,-0.05124644355364164,-0.013432789979127186,0.052543075176581085,-0.0807187102485991,-0.011409524096301445,0.06794611982752877,-0.10955418192770025,-0.0081716550348682,0.07870599708088337,-0.09902272905239909,4.937248239848721e-19,0.023830957665288723,-0.12637347392540985,-0.012997670134542262,0.03209448910241807,-0.1461671840187061,-0.024704690268069658,0.03782987316073589,-0.1537192441941337,-0.05163850177734222,0.04183937064826878,-0.10107185909880678,1.054042805460303e-18,-1.9789320340702316e-19,-0.136940707246366,-0.01659190708884469,0.004186636426685594,-0.15500390277324186,-0.03915416973257783,0.002669018561137745,-0.172718151669094,-0.05927337438553136,0.008246758707445512,-0.09239179301058205,-0.010167338808185804,-0.01595613472612115,-0.12198926684195578,-0.029335060080419136,-0.017554421453841125,-0.1377580658350672,-0.04802108598447134,-0.016063047715742778,-0.1521289020967678,-0.06700478880873006,-0.01125653210532161,-0.07632635681230925,-0.020643668045324293,-0.030813375584429772,-0.09785020707129667,-0.028416895611061532,-0.034126580007013754,-0.11565214735545332,-0.039688070962543724,-0.03459521523436456,-0.129376852505812,-0.05102674507661737,-0.029468002217856105
0.0,0.0,0.0,-0.026509771995911664,-0.009756793790040545,0.02999358206013858,-0.05162393245399401,-0.013580099882735447,0.05224060439794138,-0.08106848422093474,-0.011596658283060774,0.06767133396247123,-0.1098752331162348,-0.008742527684269842,0.07814658707001935,-0.09901974146926394,1.9987649558765034e-18,0.023728553640799694,-0.12638959315827675,-0.01300042169002168,0.031611684966021264,-0.14596806168375853,-0.024474338546820032,0.03723300580492253,-0.1539138695072868,-0.05135663161257623,0.041047547156622836,-0.100882835818696,-1.9478811989892453e-18,9.679259107668082e-20,-0.1365729084342077,-0.01661757405510223,0.0038257770687789355,-0.15475955519929882,-0.03888584837597703,0.0018374094338830748,-0.17257154946350267,-0.05874775831451479,0.007080766537449797,-0.09220806351624991,-0.010014724968258382,-0.0159901260501191,-0.12175709209711429,-0.028808567458378936,-0.017929552851342203,-0.13791418009550302,-0.04752906697788813,-0.01700488640395007,-0.15248853795895256,-0.06611093147310436,-0.012290422114138583,-0.07621150264286879,-0.020313418894351332,-0.03075165235281281,-0.09761891977187429,-0.027847978874506206,-0.03441350698797418,-0.11539128227100091,-0.03873704453287306,-0.03507417933781844,-0.12925878088744577,-0.05019209679932182,-0.03016747838662466
0.0,0.0,0.0,-0.025991897004069363,-0.009848138171125401,0.03050436280748732,-0.051230626340369054,-0.012855265955402394,0.05224321722596619,-0.07985767730236122,-0.011130729118012897,0.0674244719640342,-0.10799208482320712,-0.007176109976988469,0.07841711030251806,-0.09777009402960822,5.992180367865095e-19,0.023853302844085624,-0.1253766399120812,-0.012177293117252653,0.03212739660157953,-0.1462122117064966,-0.02298500989217378,0.03716175444412145,-0.15406548057922959,-0.049799603436888294,0.04112393941951244,-0.09978454601257894,2.4951748210544197e-18,-1.6766661987911618e-19,-0.1359380251175901,-0.015391526171910933,0.0036273779826464137,-0.1548432609237685,-0.037394969455692054,0.0022703895347276648,-0.1732464884022524,-0.05638963166221156,0.007410924979038779,-0.09118495830887859,-0.010288453849195535,-0.016101427910698067,-0.12153728723772807,-0.028702693105788307,-0.017962153244341778,-0.13720080893800626,-0.04625392019421337,-0.015899887662862006,-0.15228209579278332,-0.06537622848006994,-0.011704130134619158,-0.07559214445224526,-0.0211006452164592,-0.03115141844823391,-0.09737409014810075,-0.028388041366895413,-0.034517125430993785,-0.1155117159807699,-0.0387997548088503,-0.03492529548219633,-0.12934192197452535,-0.0495357110871124,-0.029890505443827677
0.0,0.0,0.0,-0.025545429976187334,-0.010047001879291608,0.030618659887309312,-0.05073732418745159,-0.012945817332018583,0.05269230744669158,-0.0795427801455202,-0.01077409572193206,0.06788358887160038,-0.10781877768326271,-0.0065633310909413226,0.07880920285316474,-0.0981344730952772,7.92004550209057e-18,0.02421982555789287,-0.12564805210847665,-0.012208971049444198,0.032863259267088996,-0.14621500966025142,-0.02329919489377487,0.03862463850643007,-0.15395566279859968,-0.050206329806284776,0.043347905203810225,-0.10035266710460247,9.723372520488564e-18,5.911775019591959e-19,-0.13669802217101099,-0.015786959761150667,0.004401910653300347,-0.155176196287207,-0.038162839285177164,0.0038627067800898604,-0.17328061396058345,-0.058054297082561886,0.009401894269854435,-0.09181771735310587,-0.010140248006875574,-0.01594581420112819,-0.12208146444706898,-0.029625948318947007,-0.017035508515453317,-0.13762663671538497,-0.04758367596893422,-0.01462667981155974,-0.15227139311433938,-0.06716471060319756,-0.010041338777317714,-0.07619061864883264,-0.020793444411906857,-0.030980573756584258,-0.09824367441473045,-0.028670715962594167,-0.03411095351538867,-0.1162840273655534,-0.03973707396297691,-0.034087892107367755,-0.13000421031956597,-0.05077963210771337,-0.02855566948201522
0.0,0.0,0.0,-0.025779139247545033,-0.009819710263206067,0.030634607030777573,-0.05053601464547297,-0.01258886067341015,0.05276599939102383,-0.07937676886441265,-0.010929923313681852,0.06805327853031479,-0.10772229170927027,-0.006761493125581828,0.07861898389222077,-0.09886964117688266,-2.5549655941541634e-18,0.024079900180219726,-0.12653403172983174,-0.01217404445431976,0.03308513932969461,-0.14662477043734978,-0.023090493893171714,0.03928155772590906,-0.1543187812259069,-0.050193672732575446,0.04411293376178772,-0.10058669077383765,-6.945037322617871e-18,1.6746567153581548e-19,-0.13773896915788075,-0.015679654027516254,0.00504251980426986,-0.1564482921993558,-0.03787579441487985,0.0048565101380800245,-0.17412868931617892,-0.058197053830922045,0.011197344800304881,-0.09211398066229594,-0.010607511619226084,-0.016034027959689216,-0.12237130168053724,-0.03000499974388805,-0.0164572321906956,-0.1381283853012461,-0.04855021896222172,-0.013990883486002416,-0.15262522970454234,-0.0676388232789433,-0.008506232721675984,-0.07613337488151586,-0.02128384933569735,-0.030713647610571434,-0.09824523436757586,-0.02950687717705536,-0.033285834591412586,-0.11648430413852012,-0.0409351770083876,-0.033086460870800596,-0.12997968858867942,-0.05182081277366907,-0.02737817627886541
0.0,0.0,0.0,-0.02603080500270751,-0.009692344635791472,0.030315247037544197,-0.05117439822495726,-0.012728255956350213,0.052270622969166056,-0.07985054312871022,-0.010434999570261323,0.0675591728991625,-0.10830587419182984,-0.0067319522272961995,0.07862975474334916,-0.09818398116542709,2.374841303054636e-18,0.02371340138107823,-0.12555470564561924,-0.012589340906539749,0.03249792816032991,-0.14577684088010529,-0.023700577991138932,0.03822802987027169,-0.15359890803486675,-0.050594364659780094,0.042777702676495645,-0.10004984262882334,-6.382524055495513e-19,-3.848015775263128e-20,-0.13602658462771217,-0.015933782700987664,0.0044781918069701455,-0.154573569447055,-0.03821784927504305,0.0036308444692585012,-0.17273774663216782,-0.058070064939930485,0.009053638980917529,-0.09143620970619942,-0.010139215805725542,-0.015728096237795256,-0.12150525847942596,-0.029175705552655706,-0.01682201022023896,-0.13728310617634248,-0.04728725901326747,-0.014990019887418117,-0.1522216367089598,-0.06624122477394055,-0.010476710286279835,-0.07578388948651094,-0.02073632962479247,-0.03044414193203181,-0.0975038839686608,-0.028615021180507124,-0.03383432328473576,-0.1152433237876834,-0.03978874361080642,-0.03396427302651038,-0.1288378625823895,-0.05072430401043131,-0.02868368620354055
0.0,0.0,0.0,-0.02587552485911734,-0.010037929775180072,0.03037825223942402,-0.050937188104324065,-0.013395261847746701,0.052606399214126326,-0.07943407814384369,-0.011312214832511039,0.06760788836965888,-0.1079698049806563,-0.00811797321727975,0.07875508855415664,-0.09777285827095644,4.405300537131116e-19,0.0237905264375114,-0.1248758432956079,-0.012417778144346504,0.032197462859736875,-0.14544210678340147,-0.023845904773827205,0.03791226312279139,-0.15296337019911851,-0.050294115881242545,0.042295467392074335,-0.09988463381334935,-6.329403809027065e-20,-1.0420376101128942e-19,-0.13545567156764474,-0.015853655115898826,0.003943703404064809,-0.153671874964193,-0.038531785240295185,0.0031036570959303207,-0.17166014653687392,-0.058391438153439675,0.008411157980618653,-0.09122594377759727,-0.009852489864654784,-0.015969771344075134,-0.12121441570363489,-0.028788287698882878,-0.017477630487978325,-0.1366873904094682,-0.046840582102927096,-0.015448389874447157,-0.15141921827926194,-0.06620811759885105,-0.011088652928811001,-0.07562188451533237,-0.02035780261725003,-0.030849642615033677,-0.09708600476015627,-0.027942693719335766,-0.03441921590313388,-0.11491148199284949,-0.03908478223499284,-0.03481153214756574,-0.1287283180279015,-0.05015855769437532,-0.02938062330195285
0.0,0.0,0.0,-0.026005276092241993,-0.009915742386620664,0.030639273386660747,-0.050828499992373835,-0.01337730030867579,0.05273194210278068,-0.07938343414129873,-0.011641107908923278,0.06768417467300733,-0.10790752629185275,-0.008500240823632847,0.0785486372337419,-0.0979311036122295,1.4139645996186108e-18,0.02398573217488225,-0.12536335518483532,-0.012540616496763175,0.032563135101087694,-0.14571076517237966,-0.02392172557998055,0.03826098225484239,-0.15328533309810888,-0.05054593014530727,0.042885223324455525,-0.09991097626009957,5.435578546990347e-19,-3.1621021016976723e-19,-0.13601507408093572,-0.01582400954221559,0.004504741042509648,-0.15450154600889054,-0.03838860314503799,0.0038177072184466003,-0.1725196766769604,-0.05853797466720788,0.009456744174338262,-0.0914237809910657,-0.010070617534352044,-0.01581149529275707,-0.12146651441568052,-0.029023142776271802,-0.016966095166616076,-0.13724008930022447,-0.0473279416999485,-0.014822007583293257,-0.15200596238557482,-0.06656699326817778,-0.010234998343393451,-0.07578541655833251,-0.020688775519541836,-0.03054962039623412,-0.09736567918180859,-0.0285482451162832,-0.03383917969575523,-0.11521266331360958,-0.039796960496220085,-0.0338809039567402,-0.1287658794322623,-0.05099390118852745,-0.028451903055264776
0.0,0.0,0.0,-0.02611885657927867,-0.009678440518339474,0.03072308031446368,-0.05065644866157631,-0.012825944753814015,0.05264400342187644,-0.07857072659799166,-0.011929154906450608,0.0678217086234278,-0.10633060326730114,-0.008219586085324295,0.07839342027009225,-0.09715843724691213,-1.1117741702534282e-18,0.02396885807258647,-0.12544148160427657,-0.012154406621726054,0.03231028551144026,-0.14589679553163626,-0.02316681002612669,0.03755876042584037,-0.15347019366299203,-0.05039124424743709,0.04146076504033331,-0.0992973723601301,2.688829551002721e-19,-1.220254771686695e-19,-0.1360773989168657,-0.015070184333855336,0.004040225954784348,-0.15510251222870552,-0.037261236099357345,0.0029806089274182577,-0.17330156880809441,-0.05724674530061804,0.008666862741838652,-0.09105684603822409,-0.010207881376553556,-0.016003888185341937,-0.12177551792612452,-0.028475973162053636,-0.01743803824215047,-0.1373885913332428,-0.04651096192627129,-0.015279440351803893,-0.15240735973750205,-0.06592053134222343,-0.01079933074800699,-0.0755215470403487,-0.020950333646691653,-0.031234025988519133,-0.09734715046930033,-0.028635272213204888,-0.03440108225273423,-0.11528987481876335,-0.03939191414855717,-0.03447287645698923,-0.12930662816702998,-0.0502821738299726,-0.0291602538414142
0.0,0.0,0.0,-0.02744293236970977,-0.008570909608653017,0.030977289497726886,-0.051779816849089375,-0.012078101122082055,0.05225504111246837,-0.08024861671358435,-0.011373348317163938,0.06778594133365914,-0.10752572926188761,-0.0069020714742645565,0.07793757093774818,-0.09831989790094293,-2.6050014392147663e-18,0.02391011618443652,-0.1267387352177753,-0.011549828688318156,0.0314159005482869,-0.14668228239139006,-0.02231229513909567,0.035606294209768664,-0.15528306621743276,-0.049562680266597915,0.0383050506556367,-0.09993351679588006,-2.6424371134229875e-18,2.0677909097097176e-19,-0.13620853982501405,-0.01471779171878943,0.0028723901959863034,-0.15617119893919554,-0.03612610852032218,0.000359754884739232,-0.17424195309985396,-0.055244717018759694,0.0045720205308647024,-0.09177204475627856,-0.010210101490055874,-0.016469434769939555,-0.12230518371467658,-0.026974827099283137,-0.019262677240815023,-0.13864847373205288,-0.04519619002510821,-0.017994916117959264,-0.15385574827051143,-0.06419609669787096,-0.013647251064940214,-0.07586980371940574,-0.020536051412264243,-0.032394194867543906,-0.09680563479550432,-0.027513814310159652,-0.03562872504454284,-0.11585722157412597,-0.03714383195601111,-0.036566870225248925,-0.13101888605492823,-0.047983683156263744,-0.03170474904229384
