x0,y0,z0,x1,y1,z1,x2,y2,z2,x3,y3,z3,x4,y4,z4,x5,y5,z5,x6,y6,z6,x7,y7,z7,x8,y8,z8,x9,y9,z9,x10,y10,z10,x11,y11,z11,x12,y12,z12,x13,y13,z13,x14,y14,z14,x15,y15,z15,x16,y16,z16,x17,y17,z17,x18,y18,z18,x19,y19,z19,x20,y20,z20
0.0,0.0,0.0,-0.028066471022559672,-0.009975401415507693,0.03150293033144804,-0.05202635687757723,-0.013362633415048817,0.052248834067574475,-0.07800320676189866,-0.015964470615756433,0.06514987325955764,-0.10438825007380914,-0.016531036821584123,0.07285782418002396,-0.10163017161438609,-3.959574733550976e-18,0.024366082154022608,-0.13029668936546154,-0.009789917706036148,0.03238417065383534,-0.15152002543439294,-0.018027230986799453,0.03661839638529256,-0.16213793098226886,-0.041503627982283214,0.038961727480910695,-0.10128189883342063,-2.8780418770945233e-18,1.6681779995666903e-18,-0.14095385999191148,-0.011396740995538203,0.004521921392578838,-0.16210063199676447,-0.032130378135865695,0.0035497934880908645,-0.1803616772685258,-0.05154547777592487,0.00857739785139432,-0.09401255099792363,-0.010960893153858937,-0.016408985833465728,-0.1263969921392902,-0.02604921773609224,-0.017452050335502088,-0.14307665717867868,-0.043355094445097386,-0.014666151334420048,-0.1587069397982929,-0.06336564026989538,-0.009937522509180879,-0.07772347538100403,-0.021453188730923133,-0.03203438598339848,-0.10064136564009718,-0.02683546032766329,-0.034859092569072846,-0.12247983970726449,-0.03625492988381178,-0.035360502069261175,-0.1376432564952762,-0.048589335340282015,-0.031170413102524348
0.0,0.0,0.0,-0.028023059631302402,-0.009980747678997435,0.031644671186572326,-0.05180298516493597,-0.013723608567186815,0.052379803426303204,-0.07791257538787753,-0.016166757802267905,0.06568506610209467,-0.10483259539878136,-0.016869403771543483,0.07320836114843135,-0.10187820259104836,7.714189357123479e-18,0.02453436416098175,-0.13057476874083315,-0.010260347312894536,0.03247879853993642,-0.15140462219655162,-0.01894942024952409,0.036690175941119195,-0.16173414362115543,-0.043170266165922275,0.03916655022457462,-0.10160438356536221,7.373117192099555e-18,-3.3772143988989607e-18,-0.1410731647329806,-0.012100182923564195,0.004749606925963737,-0.1618392771285131,-0.03338242777546885,0.0036613292247549365,-0.17971525612324785,-0.05361392121319364,0.008722947218901352,-0.09424919258595174,-0.011124508837297615,-0.016389741762365403,-0.12644286456961074,-0.026714004137531003,-0.01740472048959536,-0.14299917754070504,-0.04492947431530134,-0.01463610513623306,-0.15825073882141405,-0.0654474009156792,-0.009594998145461327,-0.07791541314949198,-0.02179152259880928,-0.03201436285031785,-0.10067730066958797,-0.027476705097179404,-0.03468403374662036,-0.12227629365191235,-0.037347538432078706,-0.03510608709515931,-0.1371773292654448,-0.05026857825826443,-0.030754178278023087
0.0,0.0,0.0,-0.028009979274726936,-0.009980686074282588,0.031777785397412786,-0.05162255252669633,-0.01400242044805401,0.052489718889419716,-0.0778818846525105,-0.01626673867103035,0.06614673675141569,-0.10525276097676257,-0.017012119655107388,0.07354838030963858,-0.10208983504386779,-5.065804122635613e-18,0.024664217526291655,-0.1308316550407321,-0.010613497380319295,0.032579923857684205,-0.15135685518704137,-0.019698946200863616,0.0367821800237905,-0.16141672884136182,-0.044508352370010114,0.03937498304581967,-0.10190145312263092,-6.461202258689395e-18,-6.474178038871253e-19,-0.1411931610904461,-0.012636728484882634,0.0049227891326358904,-0.16167654380261326,-0.034362541091725436,0.0037200684285120435,-0.17924373604183716,-0.05517227765014953,0.008822538296112873,-0.09446509221645381,-0.011246135887467909,-0.01635894609855119,-0.12653245731968893,-0.027242729537818165,-0.017359505457649364,-0.14295947472989273,-0.04619273273364865,-0.01460707436317307,-0.15786626137651186,-0.06714391320307504,-0.009309971080492151,-0.0781047945349071,-0.022066268341498056,-0.031995917084056816,-0.10072471577896543,-0.027993530069550625,-0.03455221391453824,-0.12209518112698547,-0.03820545309597133,-0.03493649544642813,-0.13679605031540737,-0.05156263539852189,-0.030420302620029944
0.0,0.0,0.0,-0.028050434019182027,-0.009956921903004737,0.0318720463603212,-0.05153416657453018,-0.014155014326660265,0.05254195292731495,-0.07794702917443642,-0.016226394500892503,0.06647541996586812,-0.10564634821422028,-0.016885938270047054,0.07383659565151021,-0.10221943755782331,4.4635310125656464e-18,0.024729323356147845,-0.13103651461574045,-0.010779504419903004,0.03265464107942225,-0.151375604097276,-0.020154511707111415,0.03686004458696952,-0.1612619584349377,-0.04532788742232104,0.03952775170180679,-0.10211036481665987,6.0592329130947564e-18,-1.02759320357168e-18,-0.14127065746884868,-0.012921619246463059,0.005004901421686625,-0.16162971270592347,-0.034922354194832764,0.0036762347665285603,-0.1790340195083423,-0.05598500271822665,0.008804694131859758,-0.09461977059241669,-0.011304411726997367,-0.01630966366529157,-0.12664103656705245,-0.027539841997870605,-0.017318109569646575,-0.14298878958375988,-0.046978557459758104,-0.014605975915898265,-0.15764486924541088,-0.06821411516154535,-0.009148373344723236,-0.07826473027221703,-0.02223112418828387,-0.031959308274299034,-0.10075833296003354,-0.028310291125965142,-0.03446683179388441,-0.12193147655846888,-0.038701102914991806,-0.034883783488773905,-0.13654927371724832,-0.052286947915850035,-0.030230424779391165
0.0,0.0,0.0,-0.028147674807115323,-0.009897444622484989,0.03187918289124377,-0.05156370779188984,-0.01419625643645592,0.052498202217747696,-0.07810655322000153,-0.016082967472812088,0.06663586313413726,-0.10601337409362718,-0.016577476380556917,0.07401453591105987,-0.10223996850001488,7.58111566043891e-18,0.024719200309621905,-0.1311505539315268,-0.010772265563399584,0.03265664863123895,-0.15139555967225624,-0.020292330379590558,0.03686071972722286,-0.1612778310851666,-0.0456089888457703,0.0395407298654048,-0.10217762318305763,8.87337036752915e-18,-3.5600250929946626e-18,-0.14123772346390423,-0.012965691164576298,0.004997100054318946,-0.1616356067634751,-0.035048981870078044,0.0035072635626744657,-0.1790424586945163,-0.05609414975187754,0.008613116477742787,-0.09468204240944389,-0.011299088109819468,-0.01624461282823271,-0.12669841830254247,-0.027571060126429098,-0.017284313708430542,-0.1430790513227497,-0.04726880852095405,-0.014667591056915508,-0.1576380162340289,-0.06857614325138886,-0.009160638013326946,-0.07836130866976829,-0.022266474951723902,-0.03188692829654146,-0.10074308449469185,-0.02840285418159933,-0.03440560706388032,-0.12176007648044251,-0.03881499005302573,-0.03493040015413425,-0.13642586488962435,-0.052442542315399694,-0.030212037806013496
0.0,0.0,0.0,-0.02827259273760357,-0.009822154212198828,0.0317737884463747,-0.05169088220252604,-0.014180212759511927,0.052353410978281306,-0.07831340387682119,-0.015916882567759947,0.06662313970968341,-0.10632455970882441,-0.016268880119079916,0.0740381315835992,-0.10215200887266086,-2.2770290520720343e-18,0.02464289335154983,-0.13114069238554252,-0.010653541528817537,0.03257824176318892,-0.15136441535950054,-0.020170796815393303,0.036754472691879,-0.16141459894909668,-0.0454251020244669,0.03938557789466729,-0.10209601632120857,-2.872032042484153e-18,-3.694635269750982e-22,-0.14106669316431497,-0.01282943468347568,0.004929511966963245,-0.16162790072179478,-0.03481451743350304,0.0032359763828134305,-0.1791781666512941,-0.05568471446018824,0.008251546102675464,-0.09464487018058414,-0.011241901108374875,-0.016172846094533327,-0.12665166601762323,-0.02737353579077348,-0.01726011918538672,-0.14319546434257024,-0.047124878226217706,-0.014801228426276056,-0.1578249379898267,-0.06828911686380744,-0.009350375811363273,-0.0783724430144611,-0.02218690916970015,-0.03178680195019159,-0.1006776322442306,-0.028289357154830806,-0.03435624376657287,-0.12157898671343781,-0.03860993764425486,-0.035044600179964754,-0.13638333729241728,-0.05214757428963194,-0.03035485865815238
0.0,0.0,0.0,-0.0283779832541332,-0.009770439845031252,0.03159075877394411,-0.05185412578219475,-0.014148233398788668,0.052166494453623265,-0.07848961605015364,-0.015789436921795283,0.06648256633717362,-0.10652406181940531,-0.016121003685086083,0.07392078267203683,-0.10199003272979378,3.9478773178884577e-19,0.024536989129599434,-0.131015775540925,-0.010468983095677566,0.03247607817005126,-0.15129198169092764,-0.01985975316717125,0.03660188415311156,-0.1616108110909432,-0.04486246821899,0.039167599640570275,-0.10191316563046801,2.6017843261323203e-20,-1.1173058354110165e-18,-0.14082068100780587,-0.012571564996588144,0.004857179655442508,-0.16160126775393893,-0.034323932559716344,0.0029534730776382403,-0.1793833295716289,-0.05498222877884415,0.007841375545226032,-0.09453727027553059,-0.011156049457717717,-0.016099712510226172,-0.1265098181641602,-0.02704510543809595,-0.017224494986136984,-0.14331617165584243,-0.04667468376459365,-0.014945526115235665,-0.15812830364345265,-0.06755159000563737,-0.009615724826268353,-0.07831155095236117,-0.02204094240580961,-0.031675308750951224,-0.10061004201019604,-0.028029575701362178,-0.03430762497055833,-0.12143373383513535,-0.03821505184374847,-0.035170513422029856,-0.1363874184337253,-0.0516067853665352,-0.030572400361345755
0.0,0.0,0.0,-0.028437281997271035,-0.009763467533118964,0.03140119157460536,-0.05199281307377192,-0.01409895521983752,0.052021602236773816,-0.07858489116883315,-0.015687479361283445,0.06629769451926494,-0.10659615489777029,-0.016140499806990363,0.07374239496893391,-0.10180286151280286,2.807851376414681e-19,0.024446403450733768,-0.13082952758449243,-0.010236481221708105,0.032423416195106906,-0.15121863780435724,-0.01942452671995702,0.03651463882195248,-0.1618113749326693,-0.044050687047390416,0.039063519733303846,-0.101699760425733,9.828939259754784e-20,-1.5078321458944098e-18,-0.14060008162352067,-0.012252263749212315,0.004833001911011812,-0.16158306735099146,-0.03371662613461335,0.0027675684091849153,-0.17962809296171847,-0.05422138042096081,0.007563968779379431,-0.09440795387894246,-0.01107246825005723,-0.016017646151806918,-0.1263171623933025,-0.026714782210989142,-0.017135328615939985,-0.14343580837870012,-0.04613074931633145,-0.01499970319903848,-0.15844726439953755,-0.06667294347919224,-0.009790622323832364,-0.07821948271277973,-0.021893985915621614,-0.03154265379797416,-0.1005914077328777,-0.0277238488687991,-0.03422783328279559,-0.12135499461975055,-0.037805083645170726,-0.0352269006797868,-0.1364046707576526,-0.05106732951929272,-0.030719782045452528
0.0,0.0,0.0,-0.02845763506670922,-0.009797170644447134,0.03125690968888199,-0.05208016595708552,-0.014016635428115277,0.05196005225896338,-0.07861162448231769,-0.015545634390022904,0.0661413851554615,-0.1066035077238408,-0.016183565171061134,0.07359945268784016,-0.10161715541857873,-1.5053215655683438e-19,0.024389406213630397,-0.1306343772870037,-0.009977815305108075,0.032444248931284954,-0.15116997145190164,-0.018959253645715612,0.036556174678206814,-0.16196745148739822,-0.043202038788270274,0.03916928409687065,-0.10150884572560645,2.11820997244618e-18,-7.938000561956309e-19,-0.1404478252372963,-0.011945905889002774,0.004860409494038758,-0.16156553692377043,-0.033162703118876376,0.0027116217094960504,-0.17986991855660067,-0.05359842321426418,0.007513549785733029,-0.09428854700239368,-0.011008658066328792,-0.015913253954972777,-0.12610636101975167,-0.026488611444726955,-0.016967878695034105,-0.14353712566662363,-0.045711907839779416,-0.014913272578698716,-0.15868587142213605,-0.0659491254889767,-0.00978238854643093,-0.07813060368782361,-0.021792819745580092,-0.03136157154597989,-0.10062774792126179,-0.027468840526076618,-0.03408758101961539,-0.12129736996382022,-0.037529362874584214,-0.035159859388800827,-0.1363775823205848,-0.05070682904325332,-0.03068826146982015
0.0,0.0,0.0,-0.028457931014960004,-0.009864988210693357,0.031175887782416437,-0.05211543407975121,-0.013917985512038007,0.05197224907586525,-0.07860270093889783,-0.015343474459003378,0.06604334846135161,-0.10661661960216104,-0.01613239954295604,0.07353312974370091,-0.10143824003150591,-5.155274817356538e-18,0.024358698557512454,-0.1304580238131093,-0.009731725638015635,0.03251344366961224,-0.15116431871910174,-0.018567976204658703,0.03670445926800438,-0.16206089700219567,-0.04252975651088537,0.03944184958684241,-0.10136655308374892,-4.271413981233857e-18,-4.2286228164792452e-19,-0.14035119646319658,-0.01170690269083696,0.004893407908606713,-0.16152142408125944,-0.03278914484884713,0.002740402625002109,-0.1800694001492896,-0.05319831511660465,0.007644528902945557,-0.09418570745519453,-0.010958956362638614,-0.015788574362886717,-0.12590835798890979,-0.026398253116827173,-0.016744997849499673,-0.14359969992837107,-0.045509088057058514,-0.014720016924423665,-0.1587954640405227,-0.06552221820969824,-0.009631568993765816,-0.07806098843680064,-0.02174345970595978,-0.03113667934675485,-0.10069724938651867,-0.027299603947841432,-0.033906503920351765,-0.12120248551062851,-0.03742879146938154,-0.03499094895670023,-0.13626717481744027,-0.05054929943934208,-0.030478973221777627
0.0,0.0,0.0,-0.02845189940309073,-0.009963243989924694,0.03116430500524689,-0.05209645579148601,-0.013863155410269994,0.05204201806610921,-0.07854209371827162,-0.01519446985163635,0.06599475404293398,-0.10660297784006957,-0.016085553746999912,0.07348199169731777,-0.1012883506491548,5.711268406542039e-19,0.024358710212905667,-0.13033738040671744,-0.009523926895969575,0.03260636600906759,-0.15124108594185406,-0.018271891685203864,0.03689647920954933,-0.16214682769475552,-0.042096540589287426,0.03976298919823208,-0.10128497085205564,1.056259775382831e-18,1.1416272110505193e-18,-0.14032781677327022,-0.01151579949884483,0.004892496255513074,-0.1614960904810167,-0.032574402247004225,0.002807504341267998,-0.18025960320645268,-0.05295738628890571,0.00784959248674285,-0.09411282847002544,-0.010914502586701211,-0.015674350214013075,-0.12579810005509084,-0.026383377330941805,-0.01653402339976382,-0.1436626359530983,-0.04543636431832636,-0.014501203561977566,-0.15884542239898583,-0.06532997972596552,-0.009444956291884929,-0.07803121561193813,-0.021725006821863756,-0.030933973220716098,-0.1008058441666991,-0.027182550492623844,-0.033764643963638874,-0.12113028738697068,-0.0374238188391122,-0.034807454573120566,-0.13615317746034478,-0.05050332210923631,-0.030196937278548743
0.0,0.0,0.0,-0.02845639365541485,-0.010079777122570327,0.031218545879684888,-0.052014144729674555,-0.01392929605082104,0.052158757055110395,-0.07836140681685878,-0.015329902350263264,0.06595726865657983,-0.10642731449138439,-0.01636608488220046,0.07328939197796983,-0.10120585903902167,-7.148207671251696e-18,0.02441193725081444,-0.1303282775282899,-0.009331876810882923,0.03271572586171209,-0.1514464703918131,-0.017957979309787014,0.03706891163025765,-0.16234990759505133,-0.0417556220505851,0.04000563860727391,-0.10125768531185939,-6.755385630773464e-18,-1.7957590819213716e-18,-0.14044185602645756,-0.011268629232833501,0.004851715263308009,-0.16162048376165278,-0.03232477000561829,0.002890082271354027,-0.18056582326505172,-0.052679193088596754,0.008014657487699734,-0.09410037961986793,-0.01087666051209086,-0.01560948134864528,-0.1258796726021743,-0.02631057974183387,-0.01641450539856872,-0.14384315954728003,-0.045288587717096214,-0.014347022141582138,-0.15903735822863133,-0.06514603332426787,-0.009335919817211718,-0.07807401487038652,-0.021710297659253967,-0.03084164303333929,-0.10099295309573686,-0.027044722233693228,-0.033757133530463286,-0.12125816131089125,-0.03736528560605749,-0.03471307605335803,-0.13623274406799904,-0.050440401426489284,-0.029996407724088132
0.0,0.0,0.0,-0.028507188026675193,-0.010191305192744136,0.03130431934947045,-0.05187208720424285,-0.014178308977474371,0.05228117203543892,-0.07800188432639224,-0.015980194387944797,0.06586266205024838,-0.1059655944033215,-0.017330170769447126,0.07276497396011844,-0.10119237926887123,-1.98924628089999e-18,0.02451671414524488,-0.13045068569709586,-0.009095081661878548,0.03282020755276388,-0.15177888322735653,-0.01745573048723057,0.03715469879108559,-0.16278879041128208,-0.04126236664642163,0.04004677805806331,-0.10124106214290364,-2.7961692822518923e-18,2.400754972889359e-18,-0.14071368949314472,-0.01083398957098264,0.004777935270439464,-0.16199936477151883,-0.03178195022519151,0.0029422353190916685,-0.18112472248985778,-0.052104195471870694,0.00800379674169852,-0.09416554122001147,-0.010845998972453764,-0.015597176782160257,-0.12620042057705408,-0.026022116565463785,-0.016428565118673404,-0.144258498720448,-0.04484665306017699,-0.014337414601309705,-0.1595991086815481,-0.06468464367615093,-0.00942181014455979,-0.07820811681668281,-0.02167375092001748,-0.030888224715515472,-0.10127459467652161,-0.026801665179510707,-0.03392473178368783,-0.12172597011793172,-0.037090947402205345,-0.03477749525404824,-0.13668147444956827,-0.05022217919429871,-0.03002124354238647
0.0,0.0,0.0,-0.028653901713256016,-0.010268022066565389,0.03135794959229369,-0.05170336074757549,-0.014632725845308957,0.05232245765427943,-0.07747795594904858,-0.017250208792310002,0.06563049469800222,-0.10521417723637208,-0.01914662203073741,0.07177371449836321,-0.10119954477650213,-2.9399430419787253e-18,0.02462470764871755,-0.1306633649745311,-0.00876214131204801,0.03286613758003532,-0.15216801593083296,-0.016665508849194793,0.037082611736415624,-0.1635045733356911,-0.0404459032221061,0.039781110004033164,-0.10117304365901293,-5.1769065765626745e-18,2.603730755710384e-19,-0.14106984317720297,-0.010138998620703008,0.004678187321039886,-0.16262287628925598,-0.03077525096127851,0.0028806740249926895,-0.18199016184464992,-0.0510299980468693,0.007679033507753885,-0.09430246545751253,-0.010814524086603316,-0.01559147374983729,-0.1267041613799885,-0.025403172581103695,-0.016552978144786425,-0.14494503227492347,-0.04398622653934415,-0.014523679845267805,-0.16065280512296812,-0.06373907532785286,-0.009804353479307233,-0.07842491741830829,-0.021599119565624696,-0.031009708991204105,-0.10161161859256501,-0.02639514099629192,-0.034222710935475444,-0.12252333910260008,-0.036487208872306304,-0.03500843547386939,-0.13754093088524985,-0.04972813218953212,-0.030355574766432865
0.0,0.0,0.0,-0.028921166899018486,-0.010286187000088348,0.03132104447637876,-0.05156631000018502,-0.015251318625226535,0.05219583115763111,-0.07690324763923667,-0.019026754607017544,0.06521391606435833,-0.1043308922661905,-0.02165963820998685,0.07033298709146357,-0.1011777023854017,2.980381528518658e-18,0.02467518498247633,-0.1308997446942517,-0.008327051055187032,0.032805103252059244,-0.1525205643290693,-0.015631618637141746,0.03682609237248329,-0.16443254494365914,-0.03930157345128559,0.03919482894808283,-0.10102910566716135,2.8606830541430695e-18,1.740113502806865e-18,-0.14140026187929686,-0.00922149687091378,0.004566223511180895,-0.16337860316678252,-0.029323244535010434,0.0026422731588202453,-0.18309500371106646,-0.04943808086892428,0.00699586714947519,-0.09449794646820069,-0.010771394132845096,-0.015530433554030809,-0.12726820294604985,-0.024455400669012074,-0.01670845799836697,-0.14583370390356015,-0.04274856973797092,-0.014891203733362817,-0.16213231692003366,-0.0622976689600766,-0.010500225144840886,-0.07869715869972374,-0.02148830418979101,-0.03109682253246279,-0.1019417092032993,-0.025835955572915577,-0.03454627211916872,-0.12349914479479668,-0.0355623666650906,-0.03534554499573489,-0.13869314606187363,-0.04892155127437658,-0.030974092705275055
0.0,0.0,0.0,-0.029268336984903963,-0.01024878242006175,0.03117404746983365,-0.05151568096621707,-0.01591350233831719,0.05188179473828332,-0.0764445228479876,-0.020936357706473646,0.06464296072898619,-0.10357253104644035,-0.02436755980887999,0.0686663687430791,-0.10110589510803482,5.49927325563035e-19,0.02464016226291775,-0.1310920348619538,-0.00783294270158372,0.03264834635618103,-0.15277740193040848,-0.014528192388173945,0.03645834627806932,-0.16540319495256384,-0.0379837459833905,0.03844155221901466,-0.1008415131207938,-3.4040976669873706e-19,1.6212466864624389e-19,-0.1416273645343844,-0.008219882845696434,0.004465770627724263,-0.16410180349181733,-0.02765083881480149,0.00224993712806939,-0.18426120846747834,-0.04755002395592807,0.006083972021865796,-0.09471885973124192,-0.0107104238574996,-0.015373248503110623,-0.12775758766566084,-0.02333838259895192,-0.016787385437552853,-0.14675985713859324,-0.041340556856008404,-0.015329525136167345,-0.16376530560694544,-0.060579332365244154,-0.011386693923438437,-0.07897575345091658,-0.02136033436913961,-0.031056345877887945,-0.10221669133250073,-0.02520972379835061,-0.034777804932604656,-0.1244198634421247,-0.034482176551785454,-0.03567184898223239,-0.13987122208239938,-0.04790274425341026,-0.03170956063551254
0.0,0.0,0.0,-0.029597755139631747,-0.010189594393247115,0.03093725427389158,-0.05156366242775618,-0.01645517583881646,0.05144989548411476,-0.0762143093808497,-0.022469988487091388,0.06402050126546523,-0.10314267094738923,-0.026609680972682872,0.06712262298518648,-0.10096943130889188,-1.0297891306159195e-18,0.024531541609640085,-0.1311669420412498,-0.007353324275702124,0.03246008454595147,-0.15291598363742023,-0.01356716383282984,0.03611985528268714,-0.16619810701368892,-0.0367255262308404,0.03778254943525384,-0.10065073704756476,-1.852781136905671e-18,-1.9294265881577046e-18,-0.14170948932866279,-0.007307879672740442,0.004394233518885641,-0.1646229732041096,-0.026091937414033668,0.0018051350594716872,-0.18525862452129066,-0.04572893715042769,0.005193587888454238,-0.09488773655174787,-0.010631105327983623,-0.015120641142416295,-0.12805935931388762,-0.022303271609309224,-0.016711095025940828,-0.14751920444987002,-0.04004028220407356,-0.015686577771255608,-0.1651832996532348,-0.058922084592782815,-0.012256868246830858,-0.07918476471723751,-0.021228624918137335,-0.030846649011528164,-0.1024016371511148,-0.024622270871085566,-0.034838310239112935,-0.12504909194883967,-0.033494949930041255,-0.03586577874556285,-0.14074399607575222,-0.04687090686671848,-0.032317077851258376
0.0,0.0,0.0,-0.029804954468214056,-0.01014899043308435,0.030641568759780805,-0.05166812312528811,-0.016755828090650647,0.05100518147547531,-0.07621508809826441,-0.023259364287074882,0.06345466972860726,-0.10309690066651217,-0.027897460219577584,0.06598563134518887,-0.10073238248034272,2.4759608653490836e-19,0.024372938370731904,-0.13104698050471397,-0.0069762515647956835,0.032290204644649316,-0.15290150655194576,-0.012911993587479178,0.035905857082526076,-0.16663898553845413,-0.03574673725997999,0.03739900514531024,-0.10045621839891075,-2.4655062872484513e-21,-3.789834460469677e-18,-0.1415994754296097,-0.006629248781233639,0.004334512553008068,-0.16480135666355675,-0.024941915924338035,0.0014047648824876474,-0.18587966577913692,-0.04428492967872967,0.004522980256583953,-0.09490393314791512,-0.010530029966038891,-0.014823849278525453,-0.12810262114406817,-0.021544544851755446,-0.01649619820552858,-0.14795004767614633,-0.03905491709241397,-0.015888937294896672,-0.16610899860380077,-0.057578138966192904,-0.012962602108636827,-0.07924469766865407,-0.021070018205435227,-0.030494515684556054,-0.10245703926239699,-0.024129100888037373,-0.034731477493196154,-0.12522415363480988,-0.03277951923700822,-0.03588121857188053,-0.14106818426767215,-0.04598810140386112,-0.032631766876563675
0.0,0.0,0.0,-0.029828444978287613,-0.01014715836566966,0.03031354354619224,-0.05176224617861474,-0.016787526248546288,0.05062284567552612,-0.07636741052661686,-0.023230679930519506,0.06300608820429593,-0.1033543042586838,-0.02809124500065231,0.06536917433390356,-0.10036736588798659,-1.4792306558587442e-18,0.02417846314221119,-0.1306882612132792,-0.006785748987691184,0.03214495052104539,-0.15268148162380898,-0.01265114151772526,0.035817536450689184,-0.16664640188316118,-0.03520371760042137,0.03729646902535588,-0.10023485836874345,-5.668845317825698e-19,3.0203065685452795e-18,-0.1412554836003748,-0.006275788102450465,0.004252489605313872,-0.16457006318142497,-0.02437488182247004,0.001092576416718345,-0.18600991329306615,-0.043378713539737296,0.004125696802030957,-0.09471198584579767,-0.010403713057052,-0.01456155273548509,-0.12787568088992682,-0.021128010375213807,-0.01624091645754999,-0.14798719294039314,-0.038466961845039484,-0.015976314651455707,-0.16645056464392696,-0.05663856704067096,-0.013475074212460473,-0.07911801532407663,-0.020844855046145243,-0.030081120027945524,-0.10234963584745924,-0.02373576593330143,-0.03453564698631036,-0.12490617557273838,-0.032378585813522855,-0.03577064819402795,-0.14079328891544735,-0.04530850733356677,-0.032659173029576986
0.0,0.0,0.0,-0.029673796567277495,-0.01018024920981288,0.02999989844365441,-0.05178741536602598,-0.016596105456366795,0.050348688691051385,-0.07653636463119563,-0.022542430139137128,0.06271849299797522,-0.10371532682296236,-0.027347172021576632,0.06528174787878889,-0.09992423822660507,8.152387155241093e-19,0.02396860900950714,-0.13014402480122048,-0.006819573602899136,0.03203285548261995,-0.15225978876480648,-0.012777490150468418,0.035831047610614036,-0.16626311919100853,-0.03515694086963647,0.03739925799714209,-0.09999570789863714,8.406652261766063e-19,-1.019872783497755e-18,-0.1407327869937358,-0.006275038925156894,0.004159947266962921,-0.16400939216633206,-0.024420637397040607,0.0009011874451377858,-0.18569763953932558,-0.043061226069075455,0.003990424637018073,-0.09436104929511843,-0.01026873454883307,-0.01439444029298967,-0.12745008856709597,-0.021039489864266125,-0.016039298086330315,-0.14768534554527207,-0.03829145670740037,-0.016010401767564842,-0.16627703083126147,-0.05614294664903822,-0.013798169172873897,-0.07884585902377743,-0.020562995855199776,-0.029707347118799847,-0.10209676764214769,-0.023460268456344614,-0.03434540892902567,-0.12422200757286868,-0.03226379120223037,-0.03562711675662703,-0.14007575692787275,-0.04486755772997418,-0.03251678928413574
0.0,0.0,0.0,-0.029399112293474566,-0.010234487785772944,0.029771043638975613,-0.05170733604463308,-0.01627884388627065,0.0502216342105714,-0.07658048848188972,-0.021481145867850233,0.06264081935478623,-0.10393362457721865,-0.026007436517240193,0.06570077370134698,-0.09951978743241555,-1.38176135596709e-18,0.02378602695549086,-0.12955690551790713,-0.007038679741222431,0.03198943103861969,-0.1517333826283844,-0.013187204544541895,0.03594863163548498,-0.165631358556543,-0.035554521522700916,0.03765522182107546,-0.09978854850634081,5.167297406217256e-19,-9.189532072299504e-19,-0.14019953308838348,-0.00657827082358128,0.00411419975756129,-0.16332938485275306,-0.02497625832214404,0.0008737278501125086,-0.18512816919697694,-0.0433191111344541,0.004115081401232425,-0.0939814652769224,-0.010158011230368334,-0.014343866488992387,-0.12696496762569165,-0.02123830292887791,-0.015931364916640968,-0.1471925445630119,-0.03851556492105842,-0.01600431847278845,-0.1657575837031263,-0.05615154872625134,-0.013904584688399935,-0.07853156860085904,-0.020297163251320288,-0.029458762200658503,-0.10177952866310426,-0.023350447883012576,-0.03421950071439391,-0.12342328015090571,-0.03241078254784334,-0.03551543899734124,-0.13919556124717092,-0.044757376825493606,-0.03232119973700464
0.0,0.0,0.0,-0.0290833461568048,-0.010295985647421195,0.029675859453966842,-0.05152510840204493,-0.015952687839124194,0.05025335594046578,-0.07644493624325038,-0.02036648668330785,0.06277781479143126,-0.10387027373064808,-0.024480159584834182,0.06654139994058127,-0.0992448287545283,1.1932921040594506e-18,0.023675219240929073,-0.12907093255195046,-0.00734013906495397,0.03203915953658519,-0.15124098532674632,-0.013724160926809552,0.0361691287151482,-0.16493521923401455,-0.03623944578167553,0.038041232569684676,-0.09966285731715442,4.793374749610697e-19,7.609002885109327e-19,-0.13981999199894432,-0.007070174173683784,0.00415060759879075,-0.16273673247106865,-0.02584156550200923,0.0010197662209198556,-0.18450570548191003,-0.044050661291653824,0.004474308499289077,-0.09369315399787029,-0.010094188817891328,-0.014391019781304196,-0.1265576221582269,-0.021654495750421852,-0.015907983357742926,-0.14667738378383052,-0.03906334669529132,-0.015943147446853847,-0.1651034543211935,-0.05665904854741246,-0.01378789526100489,-0.07827542546681515,-0.020127739628662933,-0.029363906273533635,-0.10149985738161868,-0.023434913665807466,-0.03415999151616939,-0.12274949876278318,-0.03279993071222822,-0.03544277810611582,-0.13841619954365478,-0.045048286182752875,-0.032122592373007644
0.0,0.0,0.0,-0.02880635957399349,-0.010351709346485995,0.02971723874159398,-0.05129617477479887,-0.015697509552433618,0.05041038097830808,-0.07619015070120452,-0.01945092283640898,0.0630697051829453,-0.10356242363248945,-0.023110994018946028,0.06762598915155821,-0.09913427063372425,3.4736002304163755e-19,0.023659362616241488,-0.12879129807516834,-0.007606237210496635,0.03217242059241515,-0.1509150435404464,-0.01422474390087226,0.03646577795714247,-0.1643662384252719,-0.03699026208051876,0.038534557271519505,-0.09964603608650932,5.743243463140164e-19,-5.358060647467434e-19,-0.13968510156055822,-0.007600082061181269,0.004261561182138293,-0.16236642546679977,-0.026764519086422762,0.0012995660509613483,-0.18399960127635134,-0.04504125675818939,0.0049949789554155225,-0.09355905738906124,-0.010085191557906582,-0.014487647800887462,-0.12632305561922622,-0.02218400913137481,-0.015932256325455682,-0.14628227109108896,-0.039781597959715836,-0.01582106287056352,-0.16451710393224514,-0.05751533854721772,-0.013500936200369193,-0.07813544157656822,-0.020098431136377454,-0.029386432455239968,-0.1013417652785259,-0.023691518165183736,-0.03413327635790548,-0.12235338768104816,-0.03336898471891775,-0.03538301118143274,-0.13791100429313516,-0.04567586943821487,-0.031925951231282924
0.0,0.0,0.0,-0.02862809808858417,-0.01039668999095264,0.029868196604833603,-0.051099242489331974,-0.015538258000897528,0.05064079025269724,-0.0759192486662852,-0.01887104609207492,0.06343991774676119,-0.10314083582156776,-0.022113583117920048,0.06874813061440394,-0.09920072817130951,8.776400894217377e-19,0.023737255353148867,-0.12878703249654527,-0.00776921885575359,0.032364682515899613,-0.15085307812730697,-0.014571136809353107,0.03680454226432029,-0.1640788718882336,-0.037626250671292945,0.0390961476252329,-0.09974889405303562,9.642894597295175e-20,-6.681341583205752e-19,-0.13983298130162938,-0.008039068093861073,0.004428216860409675,-0.1622976875412095,-0.0275289049110523,0.0016550825463093703,-0.18374772388219912,-0.0460349227612667,0.005589679284570652,-0.09360086009838824,-0.0101351573263757,-0.014585066045391662,-0.12631362317519376,-0.022724702964883037,-0.015965971884209604,-0.14610326583436384,-0.04051194525523632,-0.015643700754461785,-0.16414284191881737,-0.058496253269154135,-0.013116147673934313,-0.07813400369740091,-0.020210218706646372,-0.02947154340780063,-0.10135496326498379,-0.024065705495343113,-0.034112945527662815,-0.12230701501599804,-0.03400320146661388,-0.03531961717406248,-0.13776116274897954,-0.04645508581851041,-0.03174284110324938
0.0,0.0,0.0,-0.028562817817241477,-0.010444445169650807,0.030082386676632704,-0.05097755146610017,-0.01547932752749758,0.05089857084719859,-0.07569206969308409,-0.018653924746388693,0.06382509371994972,-0.10271510400217422,-0.021569783787736687,0.0697495302963443,-0.09941319794108838,1.70081594899245e-19,0.023882013290016556,-0.129038769411736,-0.007840990265260823,0.03258564246976663,-0.1510548588036812,-0.014755129983076263,0.03715103640906403,-0.1640977149575417,-0.038101719969846466,0.03966067497301183,-0.09995119767295581,1.0566085117222615e-18,-4.051363868627652e-18,-0.14022439827420174,-0.008331447427965957,0.004625505035912173,-0.1625165633897063,-0.028048734726315104,0.002021138833639218,-0.18379816202905516,-0.04686034164354861,0.006170919231945931,-0.0937920634174037,-0.010234996691000127,-0.014656897494825924,-0.1265114296982213,-0.023207809455090097,-0.01599088171039677,-0.14615034556747664,-0.04115911250999554,-0.01543067213368099,-0.16402433100365574,-0.05942332071309028,-0.012707510807518857,-0.07825461691054617,-0.02042158027547437,-0.02958172885847196,-0.10152607721915069,-0.024486796878160657,-0.034094115546228765,-0.12257261488459574,-0.03458780066340957,-0.035258357859466447,-0.1379364587657664,-0.047198104705477445,-0.03159545378793567
0.0,0.0,0.0,-0.02857160716259205,-0.010519022917276672,0.030294832906323035,-0.050911728592242626,-0.01552550161183887,0.051134212890110144,-0.07550461381584565,-0.01873041696250912,0.06416034229231384,-0.10233264237192381,-0.021441713252546967,0.07052981290470382,-0.09965590097771007,7.50882650819993e-19,0.024041822158793306,-0.12939262837548743,-0.007882230139319492,0.0327877895361248,-0.1513833297285055,-0.014879784455104164,0.0374555451220415,-0.1642813771057587,-0.03848418605247303,0.04013772311750548,-0.10018343794866662,1.7605652546418564e-19,-1.248599243783473e-18,-0.14069820067405125,-0.008494011379422949,0.00479677172498661,-0.16287039447090132,-0.028373925429900186,0.002312092409597731,-0.18404930893115276,-0.04748973684167567,0.006630523038522719,-0.09403421206230685,-0.010346162963571062,-0.014702841683405504,-0.1268007014423545,-0.02359225203897048,-0.01601660460806058,-0.14632116525037983,-0.04168478335310761,-0.015241053295291192,-0.16409539939282647,-0.060209497296881895,-0.012383310494338603,-0.0784259086710165,-0.020651235791018525,-0.029694516089349244,-0.10176152858762691,-0.024866908637960042,-0.034084741427025986,-0.12297300327042958,-0.03506003489436738,-0.03522256293121321,-0.1382843007653002,-0.047805099720542435,-0.031499011954846175
0.0,0.0,0.0,-0.02858857818676461,-0.010629516128153011,0.03043839908436488,-0.050853048627036775,-0.01566083047842523,0.05128687753083069,-0.07533527553847381,-0.01895213628369992,0.06437382923438197,-0.10200836558502187,-0.021579246672171818,0.07103218350599984,-0.09977972823006441,5.619517565383338e-19,0.024158405804589972,-0.12963298745963786,-0.007943908157267837,0.03291670813075447,-0.15164417906947839,-0.015065158691555362,0.037661564469139486,-0.16442716398167276,-0.038836907785820614,0.0404450720172505,-0.10035740917966145,2.569926787595262e-19,2.9001701124010034e-18,-0.14103911239884925,-0.008567774793230341,0.004865535262585789,-0.1631505279326764,-0.028585786056414337,0.002442144940641843,-0.18432728675833326,-0.047958507647829086,0.006856542547606058,-0.09419460604647754,-0.010416987601375547,-0.014739181975519381,-0.1270221982087301,-0.02384981564881854,-0.016067624451618148,-0.14645586602456653,-0.042056977795702125,-0.015166596850171306,-0.16423445589343222,-0.060818821630459,-0.012277731224941097,-0.07854791221271976,-0.02081098448870767,-0.029793346955350814,-0.10194021276884366,-0.02511753922464239,-0.03410246464426111,-0.12328143090220016,-0.035399386754638835,-0.035248430025109634,-0.13861758397776877,-0.04823782236586769,-0.031470554436514316
0.0,0.0,0.0,-0.028571354073314216,-0.010757093848745706,0.030465743494341037,-0.0507787462842234,-0.0158264232993648,0.05129561584815627,-0.07518939407914398,-0.019140543156810273,0.06440712405103903,-0.10174945629400119,-0.02177714636894904,0.071241021564768,-0.09969705645346852,-1.0036410475465787e-18,0.024184982246460842,-0.1295970892253336,-0.008025558243504377,0.03293564611411056,-0.1517040022917831,-0.015335184287717487,0.03772149960705554,-0.16440611870394214,-0.039115275459552554,0.04052159409599363,-0.10041125943259976,-1.3406381615843455e-18,3.461351397187925e-21,-0.14109028696872924,-0.008556254007628232,0.004782969121365909,-0.16322664433422354,-0.028665361030182645,0.0023626690265320834,-0.18452246323683621,-0.048209738357182785,0.006761977238426427,-0.09417633073697834,-0.010417797916067574,-0.01477672660048884,-0.12706195759112235,-0.02394053177602047,-0.01616384377485204,-0.14643837607073804,-0.04218016427526684,-0.015281662987346359,-0.16435342596297636,-0.061169468538096176,-0.012499662897852008,-0.07854233053109091,-0.02084488060015191,-0.029863630914255687,-0.10198349066765304,-0.025161770923647426,-0.03417224673956719,-0.12336375475395898,-0.03554379102624997,-0.03538403506455752,-0.1388419974475545,-0.04840349012276198,-0.03156317896646714
0.0,0.0,0.0,-0.02853529265016525,-0.010862129407706035,0.030338042276635724,-0.05071505167436445,-0.01592255076507051,0.051096767351258544,-0.07508998295377939,-0.019132318456206773,0.06421576083254027,-0.10154841451432785,-0.021852935793930547,0.07115411570200114,-0.09938752393119749,7.681121953013711e-19,0.024072705599268485,-0.12917575810722384,-0.008072613646335056,0.03281494263242776,-0.15148317855367727,-0.01557892282693094,0.037565756399732045,-0.16416868174284915,-0.03915433247618837,0.04025189734969995,-0.10028984656410485,1.3967108813998829e-18,4.886448296984855e-19,-0.14073443858069498,-0.008395327468172039,0.004539771679895473,-0.16304225242191778,-0.028451859802951403,0.002036436996644646,-0.18458145379810786,-0.04801844608429113,0.006230519597446046,-0.09392020631875139,-0.010346211078289317,-0.014797224796271238,-0.12684015464499124,-0.023763713309144383,-0.016312021361896616,-0.14621742086551687,-0.041841570195147816,-0.015626920503558288,-0.16441554871956646,-0.061035194101177574,-0.013138403206107516,-0.07835199653991862,-0.020718989182824242,-0.02987981759363425,-0.10183073943842644,-0.024900516744882993,-0.03431312961983256,-0.12317840140432045,-0.03530172729639934,-0.03569187763047125,-0.13895015648890702,-0.048073266774462886,-0.03189800809210704
0.0,0.0,0.0,-0.028538337520902405,-0.010888914164191145,0.02999200894282996,-0.050720212721593154,-0.015816150075516816,0.050605850249704064,-0.07505058028569378,-0.01877522380725778,0.06374028457456236,-0.10139302553000465,-0.02165451438370748,0.07072384484474162,-0.09883813582994096,3.4930206656818303e-20,0.023749631605935295,-0.1282419570624946,-0.00800596099055699,0.032504944994754266,-0.1508552723490923,-0.015590264980932338,0.0370709085383011,-0.1636440380328769,-0.03873446383944381,0.039393237101021286,-0.09989310825884376,4.196245642804615e-19,1.2832282134647976e-18,-0.1397986983793199,-0.00798302023295233,0.004143324654973957,-0.1625006998505902,-0.027709096684683,0.0013807071148387957,-0.18436926884654312,-0.047050620077365844,0.00504825316234393,-0.09336392021296382,-0.010204961857750475,-0.014748785892817135,-0.1262226321053285,-0.02313563641772402,-0.016493772301611028,-0.14572903608435112,-0.04074522750863427,-0.016237029565896573,-0.16434369100036353,-0.06003443765695033,-0.014309092581870839,-0.07790725123960401,-0.020380600831650837,-0.029789660488235597,-0.10135783236094198,-0.024184668746230282,-0.034520542031764155,-0.12264348502108681,-0.034366096136823135,-0.03623476119750944,-0.13887561482584634,-0.046923409769821185,-0.03265603649793195
0.0,0.0,0.0,-0.028631094253816686,-0.010780396340934592,0.02934723688662838,-0.050847406839781444,-0.015367593708500951,0.04973114953346784,-0.07507913786568009,-0.01793954082812716,0.06289044320331984,-0.10130188522794942,-0.021036812020270575,0.06980286760567433,-0.09803419226719301,7.906766661144284e-20,0.023142181372293433,-0.12666586363447246,-0.007763571817468718,0.03194854353122881,-0.149636930963621,-0.015161670246778738,0.036101060025387,-0.16267916543564653,-0.03769256566497506,0.03763645241436234,-0.09910070835917274,-1.0154296358938983e-18,9.981172034493478e-19,-0.13808419068399727,-0.007242733075837927,0.0036080026489183053,-0.16142875347722668,-0.026233661383674535,0.000291228059392972,-0.1835761012465189,-0.045014002467354305,0.002973844219262313,-0.09245899811913263,-0.009987870455020939,-0.014572005873183835,-0.1250184092225824,-0.021860925328686755,-0.016651746224106097,-0.1448310053975627,-0.038644240386558976,-0.01713638884218932,-0.1638977164193044,-0.05778675885949593,-0.01612425977365457,-0.07713400916091152,-0.019749806929170603,-0.02953182394982494,-0.10037655404656826,-0.02286497096232741,-0.034761385079671525,-0.12156346378948325,-0.0324600728130175,-0.037034205048014954,-0.13836708912333895,-0.044692644906889525,-0.03400592342319013
0.0,0.0,0.0,-0.028813273559412406,-0.010533511580667298,0.028372814545466963,-0.05110523499180095,-0.014515590506927595,0.04844236953578036,-0.07520325656901941,-0.016616960660543245,0.061565522822501155,-0.10134965145205596,-0.0199086211672775,0.0681294034395029,-0.09701860992631205,-3.034868590056616e-19,0.02223982031339085,-0.12445006624784825,-0.007336865211962342,0.031134769309420655,-0.14773004672263748,-0.014223777608115011,0.03460769839523083,-0.16108356815643246,-0.03607476203438756,0.03479467454468568,-0.09788548551764943,-2.8593356564739684e-19,1.7167520506172341e-18,-0.13554782088298586,-0.006188280977852523,0.0029631931541864135,-0.15966629113292746,-0.024007839829584182,-0.0012395487350948882,-0.181739963134259,-0.04190893376670827,-4.2718276711257464e-05,-0.0912458574274576,-0.009679019804223015,-0.014244248080249327,-0.12311492435992026,-0.01989514484374687,-0.016689830883594325,-0.1433118718208178,-0.03554324106072711,-0.018265181639461944,-0.16260288967307024,-0.05424704528213502,-0.018551237932168348,-0.07601007470561932,-0.018760421389374213,-0.029089113297237654,-0.09874557812477906,-0.020917684320860188,-0.03497648338017915,-0.11969554032957215,-0.029578347731288517,-0.03799981908733987,-0.13697543003950569,-0.04143839208489236,-0.035957671084891604
0.0,0.0,0.0,-0.029029366148865803,-0.010254008347044643,0.02717651415715668,-0.05146250194523409,-0.013386604991013249,0.046865096653069545,-0.07552188537470518,-0.015039982686733067,0.059703380056544714,-0.10171219823231441,-0.018327220766928536,0.06540600356406992,-0.09595963919626713,2.7380429784731694e-18,0.021165922788697025,-0.12190650939946819,-0.006778074672856377,0.030157183647728618,-0.14531647454407154,-0.012970540680462524,0.032728774840278946,-0.15875162470623003,-0.03429892347404071,0.031048111611055727,-0.09642212106393443,2.8799909163291683e-18,-5.529949015363258e-18,-0.13251384602433613,-0.004990932237619467,0.002263059071774541,-0.1572121762406551,-0.021452871335122525,-0.002997140579042631,-0.17838935381261847,-0.03841642324230476,-0.0035898245277154648,-0.089914779904807,-0.009261678649022668,-0.01381487580955277,-0.1206645336397301,-0.017543795951237454,-0.01649875267472653,-0.14099250421772908,-0.0320100597855871,-0.01937473559143412,-0.15980726910423,-0.05016430875459113,-0.02118338938339734,-0.0746263766922732,-0.017438493262144614,-0.028534421854190747,-0.09651710723636438,-0.01862650865790371,-0.03508016628069384,-0.11691109582808983,-0.026305329310207574,-0.03885515653257608,-0.13416566073377809,-0.037913240078842184,-0.03815821104383502
0.0,0.0,0.0,-0.029201155693888765,-0.010115760938873002,0.02605515048855731,-0.051932108560480084,-0.012322974484664509,0.04530105681281146,-0.07628964995955814,-0.0137035280339578,0.05731010362488687,-0.10274611967989243,-0.016612760254309737,0.06142413640364523,-0.09516644068272409,-1.357553836174279e-18,0.020206710459074864,-0.11972788622302866,-0.006154607220440876,0.029211190294296762,-0.14293904848956043,-0.011894374028730751,0.030798718062606572,-0.15574130920847568,-0.03325479178531032,0.02712332628346149,-0.09508910348343096,-1.854663185703153e-18,3.095369087671848e-18,-0.12974757725181824,-0.004040465300749611,0.001548962826571742,-0.15431157122557673,-0.019675029520272273,-0.0045304324661567,-0.17325239519392663,-0.03622157477224527,-0.006657827316346393,-0.08876844307524144,-0.008751887185344582,-0.013408724781675678,-0.11817784608147817,-0.015589191218434178,-0.016055132925466772,-0.13787867122182387,-0.029455708308828397,-0.02001682429463875,-0.15489881670393746,-0.047397769638267036,-0.0230791800063175,-0.0731793628336945,-0.016000850770518812,-0.028044760744668343,-0.09402427086774916,-0.01675961990870474,-0.03500255047894498,-0.1133668665539282,-0.024067109881289746,-0.039177902114794966,-0.1295452398602475,-0.03585389298063972,-0.03977911546829441
0.0,0.0,0.0,-0.02921096010589567,-0.01020678610537243,0.0254306693401842,-0.0525879106692344,-0.011746930299192049,0.04409081686520351,-0.07781545371007616,-0.013259756389303733,0.05447607697544347,-0.10485246596966383,-0.015549182066344511,0.05613073208282711,-0.09497032855923072,1.7601895179400328e-19,0.01973244685194833,-0.11868531012757874,-0.005545065234264443,0.028479357867811576,-0.14117203289688818,-0.01171659763991802,0.029235119805150856,-0.15200945265141427,-0.0340930258269508,0.024238235386122593,-0.09430002990840902,-2.9143106127350907e-19,1.5819719320084464e-18,-0.12813972945677676,-0.003972230647206949,0.0007944065494720716,-0.15120934457024876,-0.02025289239706703,-0.005237849530707723,-0.1662115679296141,-0.037415305649614684,-0.007768045076392032,-0.08804875961736124,-0.008246908664437162,-0.013194659913905142,-0.11628081568606935,-0.015118513407726514,-0.015515467725414666,-0.1340551462115186,-0.02971499053545944,-0.01963401846827478,-0.14742051700833234,-0.04814246927035219,-0.022842778083579006,-0.07185710249682932,-0.014866072269468093,-0.027873161187276955,-0.09177319078721143,-0.016440216065589885,-0.03475374311961076,-0.10941986246202891,-0.024707426792900118,-0.03853352079346301,-0.12295626910641659,-0.037288297424049786,-0.03962722216542755
0.0,0.0,0.0,-0.028799766473623,-0.010410817399880062,0.02565366888266793,-0.05331559620512818,-0.011998919226090109,0.04349879655568344,-0.07998162916429327,-0.014430534742258838,0.05156730003663417,-0.10792511945020297,-0.01657161521260606,0.049875129484376474,-0.09548049175376867,4.538998300043894e-19,0.020028242750451845,-0.11900456061198005,-0.005258037981470021,0.028063524982301268,-0.13986267662628526,-0.01317293676546028,0.02853073519414412,-0.14684188081887845,-0.037270144312749824,0.023778159523949554,-0.09428659541169777,3.2369555776521564e-19,1.1367441157913621e-18,-0.12804407581492447,-0.005598334926363585,0.0001023364746982913,-0.1475159495193561,-0.02416223789307434,-0.004303798264950228,-0.156843379344823,-0.04230590984587711,-0.005296603313816929,-0.08783723132586625,-0.007911458126760171,-0.013345932846434594,-0.11515021011797229,-0.016986478700090648,-0.014973471333360779,-0.12916288463898737,-0.03354086810618939,-0.017508451896495206,-0.13686579076985148,-0.05241830902265346,-0.01900321389318221,-0.07081501966525312,-0.014425700132676123,-0.02826157921555522,-0.09012407462134461,-0.018459521141595332,-0.034298396505755786,-0.10511793929587987,-0.029027232349195305,-0.03638757418697119,-0.11418375059705317,-0.04233580211274948,-0.03643894345833294
0.0,0.0,0.0,-0.027688039322710974,-0.010465291099072205,0.02671073404957532,-0.053682858227485045,-0.013259894018727863,0.04367627910982924,-0.0820533232824715,-0.017732864353918756,0.049319119692642806,-0.11106220313893676,-0.02112340382339283,0.04375136952727958,-0.0965364557951948,1.091444905862943e-19,0.021137575834399878,-0.1201297326262525,-0.0059706901908769434,0.028143091376495656,-0.13784361482849777,-0.0164662043841643,0.02922455958475138,-0.1390582917671374,-0.04133726301417338,0.026304958602010854,-0.09511773450489416,1.5948137742517852e-18,1.1194523344991223e-18,-0.1288683846142832,-0.009524537998660966,5.9564493550670765e-05,-0.1420087898747782,-0.03048504903868557,-0.0009723566521800369,-0.14456456076853322,-0.04762541069919884,0.0011891066527807354,-0.08822640122293758,-0.00787436859548925,-0.013967804119648057,-0.11423510991879297,-0.021227997775464715,-0.01410068878148558,-0.12227495745332753,-0.03928535459304391,-0.013168705891889681,-0.12300317520751529,-0.0562923217748614,-0.011541015672105807,-0.07034542264167723,-0.014751245329377674,-0.029307367587503467,-0.08904260149183146,-0.02258955581954505,-0.033389942882960114,-0.09989048231567588,-0.035601371827916235,-0.0322738069893006,-0.10301978530127608,-0.04775242509618558,-0.03006816603511912
0.0,0.0,0.0,-0.026029581457766588,-0.010187019584890598,0.028073389091888844,-0.05344942220501272,-0.015336300012962727,0.04440050596170862,-0.0834448872589319,-0.02273511257067133,0.04813192319992093,-0.11325057682044992,-0.028909500949734487,0.03886865397176305,-0.09789421952007593,4.990233165924477e-18,0.022744125537716035,-0.12106537721598801,-0.008183457920173132,0.028952768742881267,-0.1337283320297699,-0.020683589656501588,0.031196298510869566,-0.12839071963859663,-0.043445368066959596,0.030211123467365274,-0.09669574964756943,5.937755599768975e-18,-8.557697809212834e-18,-0.12919953685931404,-0.015400105975089515,0.0013719485863639247,-0.1335226307728247,-0.03653921487976947,0.004251102955837268,-0.1299983118699037,-0.04859701829133049,0.009109593775459791,-0.08923778378984001,-0.008138351478328133,-0.014976078389852926,-0.11250391091565208,-0.0267804656452079,-0.012503157556071781,-0.11276299421340268,-0.04376737158946478,-0.0075850572905085826,-0.1071410130121214,-0.05469529975559728,-0.0035509272602110013,-0.0706504285937659,-0.015602146421984205,-0.03082604954721277,-0.0879838690272995,-0.027680275710109448,-0.03183661618071449,-0.09300683678229504,-0.04163031220903085,-0.026719629725138444,-0.09016242596384637,-0.04935974718685168,-0.02286191803955937
0.0,0.0,0.0,-0.024439502267902806,-0.009648975906199935,0.02911056453992182,-0.05299196094897309,-0.017586034694513912,0.04505256850690207,-0.08438055861682608,-0.02797630794247425,0.047537046688232686,-0.11418305445438787,-0.03754480735131714,0.03518803655306772,-0.09919244711904865,8.039564995560046e-18,0.024274887273510494,-0.12077800323996933,-0.011636419036526234,0.03037623638483965,-0.12689165101449315,-0.02435677925463946,0.03333825335880628,-0.11603625855502238,-0.04176584333822888,0.03281360845875868,-0.09843423641345078,4.39480041470917e-18,3.2476424290505616e-18,-0.12743276125913974,-0.021851919812331155,0.003974566499801268,-0.12199208358497343,-0.039945894090369416,0.009621633789290604,-0.11529495564564969,-0.04330829194672429,0.01473290529708831,-0.09030031305437378,-0.008588401909665004,-0.016096558530191783,-0.10891854848449255,-0.03205452673861828,-0.010275939053758364,-0.10101633152211541,-0.044971029205513866,-0.0026778736587519674,-0.09193696998804987,-0.04642734954388146,0.0012749257624375032,-0.07120235427717525,-0.0166550490297282,-0.03237377724632375,-0.08598803609798754,-0.03247022987340126,-0.02978403638869497,-0.08426552725226408,-0.04526318693212543,-0.021162697602591526,-0.07731048025081681,-0.04611834191251552,-0.017802474190881747
0.0,0.0,0.0,-0.023364304818109045,-0.009057511411671259,0.02960965647357238,-0.052804025555521335,-0.01936694303907076,0.04526098637166962,-0.08535630882755237,-0.032058636542537766,0.04702860511851394,-0.11411069635112321,-0.044621644074964724,0.032148966528993385,-0.09996107219264705,6.015537408580226e-18,0.025315056992675344,-0.11873669239766994,-0.015620963629941859,0.03198771179491275,-0.11782145873675332,-0.02673566658277304,0.03472389155162841,-0.1036257900046427,-0.03674661385760521,0.033076160031748736,-0.09947729581598426,1.014974257879939e-17,-3.8270757994013504e-18,-0.12290439262384287,-0.027548907819323943,0.007146195553111327,-0.10859531558314466,-0.040283588888574896,0.013993092327938616,-0.10242057422172092,-0.033638896272603316,0.016833631081595034,-0.0905278441691369,-0.009075848240643258,-0.017070080641706446,-0.1031972574133511,-0.0360229187875379,-0.007769616200878969,-0.08826338986677693,-0.04330474274601347,0.0006536830516005464,-0.0792857484019594,-0.03454613821425082,0.0023023637353838562,-0.07109973130978674,-0.01764209778163926,-0.03359124499900998,-0.08248026540086005,-0.03625225362693567,-0.027567951533893496,-0.07439723930360462,-0.046651157393767066,-0.016659119983749672,-0.06601301220424313,-0.04030376014148829,-0.015691288487629775
0.0,0.0,0.0,-0.022783950465750227,-0.008547293210738714,0.029719844110997925,-0.052938756837958574,-0.020413194234495974,0.04520910131939442,-0.08642932549697147,-0.03441692427209603,0.046719310710742555,-0.11332594468241833,-0.04914937898569805,0.029711985300471543,-0.09996086357192685,-5.98949252536138e-18,0.0258293687343696,-0.11534645939152992,-0.019457415140310887,0.03342635073205932,-0.10800259444304947,-0.028022200680935375,0.03530755477170507,-0.09254270987914591,-0.030278575246306255,0.03186723524120218,-0.09944357803935876,-6.532620403293752e-18,2.0972906201737357e-18,-0.11644901344159377,-0.03191319198105561,0.01018585995283378,-0.09524191038268146,-0.03869782831103857,0.01729466832342736,-0.09216071535639106,-0.02289657179206938,0.016599875771992113,-0.08962937637891563,-0.009493922522340872,-0.01778767432996561,-0.09624478670753847,-0.038574477610030244,-0.00532851476481657,-0.07615678098692497,-0.04043955786903535,0.0026571606411171103,-0.06962432488381672,-0.02298012923449614,0.0011759938322809264,-0.07006874146944672,-0.018392654656547935,-0.03440979373426693,-0.07792917816991875,-0.038886219456960476,-0.02554399674079934,-0.06488645405940721,-0.046933302876509035,-0.013515788837150185,-0.05708432826812496,-0.03467222401635928,-0.015597607680127006
0.0,0.0,0.0,-0.022457331688644118,-0.008151209884637458,0.02967957460671921,-0.053156875772123496,-0.020732515271520865,0.045268598918329156,-0.0873106496277522,-0.035134701039681464,0.04694462198047098,-0.11210423214450498,-0.05117453682472883,0.028172839066146527,-0.09929704679466377,1.0224425294366763e-17,0.02598732599156132,-0.11159733828337284,-0.02259285427174903,0.03448564881682662,-0.09926183833866918,-0.028689571612751003,0.0354539722843162,-0.08378595845471297,-0.024286859161093716,0.030484922412748226,-0.09851750977655604,1.1948749613221627e-17,1.7162955900853074e-18,-0.10965364080233171,-0.034897864769821374,0.01264998896495937,-0.08377297889897961,-0.036599234134838426,0.01968683419099264,-0.08450458046121112,-0.013705726623026786,0.015562195098929093,-0.08795945865421854,-0.009797814951981633,-0.018234167131368422,-0.08950520285156445,-0.0400554716626439,-0.003300682949833789,-0.06618480849561456,-0.037780325925362984,0.0037606584641818393,-0.06271512457926275,-0.014160404089572259,-0.00047085243896987885,-0.06848157427330137,-0.01884388341949863,-0.034872486223630525,-0.07335400934461472,-0.04050251662972633,-0.023976934086369098,-0.057120166662664534,-0.04695665757319104,-0.011614637451996868,-0.050682260532354285,-0.030666283490385183,-0.016394934832690725
0.0,0.0,0.0,-0.022170380257496295,-0.007886196152501069,0.029656530206218196,-0.05327200588219008,-0.020444560680421324,0.04562833596797125,-0.08778300297064744,-0.03456381782740322,0.047747890499255576,-0.11080047647644412,-0.05111831654208917,0.027592899398157514,-0.09823005545021697,-1.888251618828934e-18,0.025956128044570717,-0.10836802115492734,-0.02468664280851608,0.035097385935345206,-0.09283341378546914,-0.029039749050956114,0.035487637695290924,-0.07768475347368066,-0.019845976776327347,0.02970543076991686,-0.09706929348308474,-5.7541755682796894e-18,3.3198859481475616e-18,-0.1038130632900241,-0.03665229004167513,0.014369516060805217,-0.07521366041745497,-0.034837969999525015,0.021245281301811525,-0.07903951911519762,-0.007198085012683015,0.014583265268954471,-0.08600448667942669,-0.009983306247246021,-0.018428601161330226,-0.0840354312303613,-0.04083512042017874,-0.0019112902972641655,-0.05904295628793527,-0.035923312063363674,0.004267209007090582,-0.05805046588386081,-0.00870814487300488,-0.001810340891340871,-0.06679032213805888,-0.019016412795116233,-0.03501001839050937,-0.0695516787325197,-0.041320888371634994,-0.022948958254358304,-0.0517034241796378,-0.04698998213958558,-0.010616864320842113,-0.046462637458126836,-0.028428414121130837,-0.01734197107705927
0.0,0.0,0.0,-0.021849053684102445,-0.007805847048654433,0.02968784142342043,-0.05326133942366343,-0.019821958179380286,0.04621766628710845,-0.08786826435964408,-0.033267167778574344,0.048802044057605604,-0.10975347233723944,-0.049669132744444636,0.027640504346726845,-0.09705242100065953,-9.808069070106263e-18,0.02584761980965375,-0.10614048715357263,-0.025717658926468545,0.03532383066712171,-0.08903993381428721,-0.029239244963747635,0.03558227943343552,-0.07395492280569244,-0.01721055299942052,0.02969241600119445,-0.09549829769739465,-1.2182080720049403e-17,2.4532624619801635e-19,-0.09957692548194942,-0.03744944765912337,0.015366353201133179,-0.06966970027053714,-0.033705419099985215,0.0221197056607293,-0.07522668431885572,-0.003312813707152455,0.013966369892853624,-0.08416966481856582,-0.010055522017693618,-0.018437148262287987,-0.08025394977216387,-0.04121252790124991,-0.0011788425591712486,-0.054604180903670294,-0.0349133043087787,0.0044401605154800435,-0.055009102535834964,-0.0061118002543407105,-0.0025878873180291227,-0.06529767613252978,-0.018988959423401813,-0.03490565838801198,-0.06689202740013481,-0.04161208095570039,-0.02241104860554552,-0.04853081322146677,-0.04707192992336818,-0.010161156608464282,-0.04390104120278222,-0.027494261007240804,-0.01807940411610098
0.0,0.0,0.0,-0.021551904424103038,-0.007979384765245316,0.029740135629389746,-0.05319716025981958,-0.01927444932400646,0.046826165761484,-0.0877365354059922,-0.032000629213253355,0.049651113482447,-0.10913935711306642,-0.04775635257872635,0.0278264137331716,-0.096050857822203,5.780439169305805e-19,0.025722985865485666,-0.10505596902386878,-0.025928717913274776,0.035297046294153714,-0.0875954417882284,-0.02941918766001401,0.03577602834202816,-0.07209626752681879,-0.016209430464133052,0.030275011934878925,-0.09420555898620926,2.3310273639793563e-18,-8.500951423118966e-19,-0.09711059091443794,-0.037621469245240624,0.015741922213306704,-0.06673735546656902,-0.03321190438982291,0.022580496172540383,-0.07268269638793752,-0.0014769563200627556,0.01378864478417298,-0.08277452675745041,-0.01001473599669214,-0.018364227181207376,-0.07816053982057854,-0.04141452329076772,-0.0009770844667263785,-0.05233613405765027,-0.034575055319488436,0.004531235721919722,-0.05308911332374018,-0.005471929855808515,-0.002783941530635707,-0.06418666053295362,-0.01887157839308027,-0.03469668283278211,-0.06543912432104787,-0.04164099487910709,-0.022263791256686757,-0.04716777942615537,-0.04722065948033248,-0.00998337879216588,-0.042558907039178334,-0.02731657933325669,-0.018483820811709194
0.0,0.0,0.0,-0.021362763567617633,-0.008410494950537058,0.02979985409945345,-0.053148478562580974,-0.019106849311812703,0.047273157541043574,-0.08757139381303805,-0.031368511973548674,0.05001696369532411,-0.10894672961992402,-0.04619926548481059,0.027818585838339564,-0.09542101693015469,6.825935459560168e-18,0.025608461979245236,-0.10495670876187108,-0.02567196175039133,0.03513951560733528,-0.08786161423198428,-0.029659161203394933,0.036005142691065216,-0.07158673467812103,-0.0164114656665743,0.031158412415689406,-0.09345501973956498,9.703851969795272e-18,-1.0991745917498254e-19,-0.09620457735550529,-0.03745301723503516,0.0156556545140492,-0.06578298764872012,-0.0332057091353113,0.022873438256841277,-0.07120552105693999,-0.0009976465760096961,0.014001968580425985,-0.08197376506141896,-0.009875873595846758,-0.018299697327027287,-0.07747275083715241,-0.04156148543616419,-0.0011259720126632867,-0.05159905839746316,-0.0346492945565797,0.004697262364673012,-0.051993620796073246,-0.005926492018285339,-0.002503727111752966,-0.06352354592911297,-0.0187553089416277,-0.03449827331777514,-0.06501371727159304,-0.041592690771376895,-0.02238236643097214,-0.04704519810628472,-0.04741756043802082,-0.009920637590123781,-0.04208636963562656,-0.027470259261668472,-0.018581146950053477
0.0,0.0,0.0,-0.02131099450309555,-0.008970739628828923,0.029870101569317246,-0.05314766726698764,-0.01931733018050427,0.047491448512600176,-0.08749445533228178,-0.03144839019359628,0.049920368397158035,-0.10906051843468952,-0.045363050712341126,0.027558257598561578,-0.09519140943263729,1.3232435910861499e-18,0.02551986358958465,-0.1054546918154089,-0.02527453595668547,0.03494117168539191,-0.08900272906727491,-0.029953355142890586,0.03617368903982799,-0.071888346889444,-0.01723543915017709,0.03201111134656153,-0.09325262266391464,4.370559099693451e-18,-3.286764221218199e-18,-0.0963482245062452,-0.03716211227136085,0.015330261777104698,-0.06604672095809407,-0.03346171782807477,0.02308799511983308,-0.07061172781636084,-0.0012408350281461343,0.014416634823722676,-0.08170814115699353,-0.009695233512308936,-0.01828913429926819,-0.07769549732723496,-0.04168319833327635,-0.0014507814449630516,-0.051771607827544495,-0.03489810681965697,0.004922218890538837,-0.05154931810873501,-0.006804159667259542,-0.001988363745943234,-0.06326798803076969,-0.018683853339181083,-0.034380820283950814,-0.06524297055868518,-0.041570283486169424,-0.0226338856580538,-0.04755603001743266,-0.047621093014067375,-0.00990265455510148,-0.04215918124553659,-0.02771101039109586,-0.018518182218910925
0.0,0.0,0.0,-0.021372164178284882,-0.009455790228335995,0.02994111772217756,-0.053212927831980686,-0.01967504520553223,0.04750455562584049,-0.08754798685222566,-0.03185942493546127,0.04956717365432383,-0.10934936107793365,-0.04517839843008641,0.027149532895436066,-0.09525780435009276,-2.2444322603190466e-18,0.02546593557853863,-0.10611860198731,-0.024960872717391572,0.03477476049822275,-0.0902489568323684,-0.030234537254293304,0.03624396032552187,-0.07251380101423678,-0.01815778043578796,0.032574748801427716,-0.09340931130041064,-4.91940347052804e-18,7.84441483090738e-20,-0.09696229667647417,-0.036926584627385114,0.014999323527524762,-0.06681035505414464,-0.033812662499562454,0.023197021595114286,-0.07065248849435354,-0.001763673744345307,0.014797067039306487,-0.08180133753156957,-0.009557486297757514,-0.018338395266088093,-0.07830742575637453,-0.04178944442701864,-0.001795851183668724,-0.052349964196597265,-0.035202441648379074,0.0050926726787475915,-0.05160132044963615,-0.007681408483770724,-0.0015254914957788662,-0.0633368593608812,-0.01867512475756554,-0.03436983380854587,-0.06571749030983574,-0.04163576649164686,-0.022893887327674403,-0.04820960068954253,-0.04781836279803199,-0.009906509092192251,-0.042487140831024596,-0.027966649337587003,-0.018461708678243805
0.0,0.0,0.0,-0.02149697449211161,-0.009718820083533817,0.02999785395395741,-0.05334724526394734,-0.019946105536331277,0.04737513366261953,-0.08770781902015462,-0.0321670206218318,0.04917660096870381,-0.10969912823986641,-0.0453803867213732,0.02671679185178671,-0.09547548595344824,4.485361400594394e-18,0.025440130198873485,-0.10664780027401242,-0.02482736505144051,0.03468618555265717,-0.09112907908134053,-0.03043553546856252,0.03625137209033358,-0.07312303933550734,-0.01885688963366156,0.032767408510647536,-0.09369938039511685,3.9786804374377525e-18,-2.4792155987339842e-18,-0.09762361772121471,-0.03685928414918532,0.014819711561996879,-0.06757075254953673,-0.034183218660861985,0.023175796736076854,-0.07104974720024786,-0.0023351914030923467,0.015001144624478631,-0.08207517778921122,-0.009525496360304241,-0.018422749671973576,-0.07893542563938212,-0.041902685277876085,-0.0020393409142202353,-0.05299933504457626,-0.035541289664499015,0.005137403843157795,-0.051963786834996424,-0.008377069802662366,-0.0012962305629603303,-0.06362870095571278,-0.018735790293591136,-0.03443848962989353,-0.06614273336174643,-0.0418142194730117,-0.023062238534978418,-0.04872421745492541,-0.04801740326567306,-0.009901530206648964,-0.04284165275561186,-0.028247751356111763,-0.018482664768714133
0.0,0.0,0.0,-0.021637909120888726,-0.009744222534258377,0.030019212874685283,-0.05352260547443536,-0.020036392220184093,0.04716341944801684,-0.0879126337188494,-0.03217071449915839,0.04888013997962842,-0.11002401544224442,-0.045699609987488565,0.0263580921427586,-0.09572252388181288,-4.770715173227699e-18,0.025419654728075867,-0.10693294689478393,-0.024853098442839953,0.034673097280605684,-0.09151700986603145,-0.030524706156520056,0.03624593587747137,-0.07355550834417986,-0.01922984301044823,0.03267211696607015,-0.09395827206294052,-6.012753769739087e-18,1.0093367521551162e-18,-0.09811990453068842,-0.03696793286046305,0.014827056837934031,-0.06809159185427173,-0.03453478593702041,0.02306062495807873,-0.07155471665610943,-0.0028593969403659567,0.015009017876717325,-0.08238188685339332,-0.009601065661469137,-0.018495995715949884,-0.07938952403375767,-0.042033544009308414,-0.0021185822212160506,-0.05353423921923339,-0.035905970917733725,0.005084218831464623,-0.05243253594312383,-0.008865586199896917,-0.0013207354176340248,-0.06400088238247466,-0.01884938998819169,-0.034523786459037094,-0.06637577451714909,-0.042072254199466357,-0.023079409531530582,-0.04899745351269141,-0.048213832433617446,-0.009848165270137536,-0.043070962386685833,-0.02854649037031958,-0.01853844195888574
0.0,0.0,0.0,-0.021766163226646505,-0.00960839853652696,0.029976507619680282,-0.05369749528428483,-0.019980241594133495,0.0469068081296505,-0.08809792105672717,-0.03190642669489237,0.048714767931966246,-0.11026919343258265,-0.045962365306073456,0.02614702139267681,-0.09592744492419326,-4.901975976113521e-18,0.02537704830158208,-0.10700660330789344,-0.02495420570668929,0.034697439372010634,-0.09151170815740235,-0.03049658434428579,0.036252150416506375,-0.07379733009729549,-0.0193111723378904,0.03243236943655391,-0.09410138844185048,-6.123585848929383e-18,3.162222100638119e-18,-0.09839512799537742,-0.0371732129060578,0.014969186556706477,-0.06833646602953962,-0.034825360450627445,0.022930702023212644,-0.0719929770258597,-0.003292992461471333,0.014873007336698427,-0.08261002080505823,-0.009735835264245409,-0.018514671395992777,-0.07961437792729671,-0.04215971054059304,-0.002028560064623961,-0.053873141950671284,-0.03625516387117375,0.005023701420426579,-0.05283804803284271,-0.009169482435013383,-0.0015107922096780373,-0.06429689569243414,-0.01898020476356164,-0.03456379350329083,-0.0663866677891063,-0.042333849455934595,-0.022934107126972105,-0.04903663641992014,-0.04838526793531205,-0.009723179651790693,-0.04310804033295756,-0.028816048106276436,-0.018542843755771973
0.0,0.0,0.0,-0.021875036852010962,-0.0093962354557576,0.029860157720555936,-0.053845785393728335,-0.019861900873312976,0.04662587005298809,-0.08822512641554088,-0.031535332987500345,0.04866230233129235,-0.11041645752242427,-0.046137838846588446,0.026107683915754295,-0.09609050453497156,-6.461304337722904e-18,0.02530239921254585,-0.1069612320741288,-0.025060821302376187,0.03472037351339531,-0.09127919670994604,-0.030363248968923298,0.03627179539630574,-0.07391947142758934,-0.019174746072127106,0.032156803752737745,-0.09413082604782125,-9.631323610724334e-18,-1.4757030247302654e-18,-0.09848886231942072,-0.0373758107575896,0.015168267364314855,-0.06837359666347283,-0.035006897041167925,0.022856222747829755,-0.07230890025738525,-0.0036055050189053943,0.014674447534659539,-0.08271780428393705,-0.009874970505777476,-0.018471607495063356,-0.07964123315501342,-0.042240807301531534,-0.001809015087228465,-0.054012452743058284,-0.03652139094821828,0.005033839366454604,-0.05311430387960709,-0.009309684429401504,-0.0017450639252042965,-0.06442805809384868,-0.019096848146319876,-0.03453384646769921,-0.0662155233527634,-0.04253194228965224,-0.022664661255353196,-0.048901775819672734,-0.04850307324025706,-0.009534455725839507,-0.04297590243785335,-0.029012656913435107,-0.018450293122281906
0.0,0.0,0.0,-0.02197139305613779,-0.009165931615930299,0.029707535092949915,-0.053959734545241875,-0.019762254808635075,0.046342378231125046,-0.08829474509028784,-0.03126069176457808,0.04867521244162452,-0.11049821584164969,-0.046314183530950695,0.026196373210228375,-0.0962798345257134,-4.137853422107658e-18,0.02521316814777309,-0.10689773061036938,-0.02515131088115766,0.03472722924834155,-0.09097262174142783,-0.030154945130451225,0.03629273467312338,-0.0740152029744775,-0.01889350782815825,0.03188886295894958,-0.09413961388420289,-7.454785930852131e-18,3.858262444473928e-18,-0.09849527906796554,-0.03750822844239731,0.015357081312847869,-0.06831326887043056,-0.03504129296807815,0.02286031156799518,-0.07257061422073037,-0.0037779722516756973,0.014492354444451343,-0.08275626237397786,-0.00998406296165794,-0.01839782815166155,-0.07955706993253008,-0.042248700734713734,-0.0015309100321795701,-0.05400434461042566,-0.03664183896753315,0.005132631206355462,-0.05331573444938023,-0.00931464762567591,-0.0019272377764237435,-0.06441941766779415,-0.019187457961383166,-0.03445114308774846,-0.06594844572303787,-0.04263911595007455,-0.0223450665059439,-0.04866619684406552,-0.04854307286283576,-0.009317457868184442,-0.042772430717595164,-0.029126379844699648,-0.018277413976642634
0.0,0.0,0.0,-0.02205991628892794,-0.008958754890018588,0.02959052946389679,-0.054033990059116625,-0.019727473142191733,0.04608480592104976,-0.08833007158353816,-0.031237552313338066,0.0486867292650987,-0.11057669426334359,-0.046610556181582524,0.026346553371511525,-0.09657336626024741,5.785228299037937e-18,0.025139899737191156,-0.1068865477681113,-0.02523484653018836,0.03473452377654956,-0.09070262023815104,-0.029907161672633416,0.036293860032870745,-0.07414138596215236,-0.018537928542503454,0.031614651212806315,-0.09426202127700785,8.804075638775701e-18,6.787976048927718e-19,-0.09852310534358676,-0.03754823309532927,0.015498323683230186,-0.06826679940309927,-0.03492984905680155,0.022918413118376165,-0.07289936479038438,-0.003828588153698741,0.014369854362993432,-0.08283173618097738,-0.010052248557425023,-0.018327307683905152,-0.07946851633589384,-0.04219092131295673,-0.0012619791046950158,-0.05391501020115418,-0.03659888880161613,0.005287200956090628,-0.05353861782618186,-0.009232763937533792,-0.002028807556852747,-0.06437381876468706,-0.01926193225157131,-0.03435069251291019,-0.06569221099101247,-0.042668952372469614,-0.022046878173352134,-0.04838632923196793,-0.04850692358401355,-0.009114317055253186,-0.04260867548129614,-0.029185934511209505,-0.018063579158144435
0.0,0.0,0.0,-0.022133418624159913,-0.008804721757313165,0.029565403540477653,-0.054063363141133434,-0.019753867279414295,0.04586647043663785,-0.08835664873012343,-0.03148979500979285,0.048606806336206336,-0.1107063658894269,-0.04709645600049515,0.026504483935070988,-0.09699952575478307,-8.419116991912055e-18,0.02510561856170163,-0.10695582184271092,-0.025328810879871967,0.03476773247414729,-0.09053128026176543,-0.02965253501692286,0.03624462130010813,-0.0743025357229802,-0.018190227408947664,0.03127667016120685,-0.09458925938170791,-9.674828973202515e-18,5.5672760703783834e-18,-0.09868259429171822,-0.03751671238995559,0.015583098657882285,-0.06834008150912808,-0.03474129316819911,0.02297313587932542,-0.07338361901934627,-0.0038427718953462347,0.014306808179221154,-0.0830386842616545,-0.010091992624080637,-0.018275006152246913,-0.07948416646261595,-0.042117992943975106,-0.0010433997716187784,-0.05381309299777872,-0.03645189846701119,0.005444696479071086,-0.053830907988322414,-0.009125619288388051,-0.0020921400129597406,-0.0643979056286049,-0.019345384852781915,-0.0342733200478644,-0.06555241926898886,-0.04266868182122966,-0.02181448521739863,-0.04810203109362111,-0.048443546932165356,-0.008962157367229287,-0.04254799893126015,-0.029239565551665313,-0.017844651073296594
0.0,0.0,0.0,-0.02218206613272415,-0.00873469205392489,0.029644861293444923,-0.054059709292107995,-0.01982015787400557,0.04566593590120353,-0.08840512541862802,-0.031944378598585794,0.048305115057446286,-0.11093892199517719,-0.0477533113882902,0.026574001725739923,-0.09752389404063991,-2.5838947537413753e-17,0.025117277543991134,-0.10713961987523883,-0.02544531581996655,0.03481073507727222,-0.09053829004383548,-0.029444858420057916,0.03608192466726041,-0.07449847418340477,-0.0179787812442358,0.030808430710769795,-0.09512572811940183,-2.6186238756650328e-17,-8.227782964603742e-19,-0.09912718534946884,-0.0374621718986043,0.015572399440278148,-0.06869030028096035,-0.03462300027417973,0.02293160503936308,-0.074040259008053,-0.003961953015775958,0.014294804280211777,-0.08342324968513577,-0.0101277428866934,-0.018245354135953903,-0.07975254806344245,-0.04210797229748291,-0.0009249527133047948,-0.0538237207655606,-0.03634917526902284,0.005547940792860962,-0.05417456632963642,-0.00907399233335791,-0.0021626334913723935,-0.06455535876605996,-0.01946198219090943,-0.03426142870700867,-0.06565497001983975,-0.04268879456275845,-0.021697816863180792,-0.04790788292066762,-0.04842988603485684,-0.008908203555240366,-0.042619007159561774,-0.02930848262073805,-0.017649620384371068
0.0,0.0,0.0,-0.022211803639165778,-0.008806646289493826,0.02981704055377066,-0.054055905924200565,-0.019909907987860267,0.04546031364467192,-0.08850600821129372,-0.03248567086339738,0.04766588481537767,-0.1113363142515314,-0.048395234477286046,0.026411484232650457,-0.09803713881415498,1.8693329471857152e-18,0.025164502111801854,-0.10751199181889454,-0.02556012934626393,0.03476232291976286,-0.09089871867491377,-0.02936917200062167,0.03569222467312222,-0.07476757933622777,-0.018084049428087348,0.030188435765556104,-0.09576982531453612,-8.744650455401577e-19,-1.249564591619318e-18,-0.10006355051907968,-0.037408801331252566,0.015327153485423399,-0.06957581820094418,-0.03477212899219565,0.02264822759466462,-0.0748110346889833,-0.004324286552133,0.01434068695885284,-0.08395507432236049,-0.010169342185235925,-0.018231064933019663,-0.08048636873685171,-0.0422210233259036,-0.001020566942720669,-0.05418228602115815,-0.036503403886569905,0.005537558280918987,-0.05451127321451943,-0.009205052775287704,-0.0021916929911780054,-0.0648442191513293,-0.019614602948780122,-0.03432117290829691,-0.06617731163638704,-0.04272090840231452,-0.021794393422996067,-0.04804489022236473,-0.04850073946802561,-0.009023324060865801,-0.042876144837949326,-0.0293518109922933,-0.017469424980361824
0.0,0.0,0.0,-0.022252088171639154,-0.009069910616163631,0.030053271884895087,-0.05409572399785913,-0.019905660103164167,0.04527272751864797,-0.0886569121070915,-0.03279728716653175,0.04672425392691423,-0.11193174790115801,-0.048489304274211505,0.025988591811333582,-0.09831598084143724,-6.178602003903887e-18,0.025203553879410635,-0.10809322351563994,-0.02556337830527758,0.03441143424114274,-0.09181858555182992,-0.02945681768733712,0.03492059449160605,-0.07519419293058399,-0.01862126874891893,0.029438239852703323,-0.09625480398697658,-1.1702929990329484e-18,9.165928917203117e-19,-0.10160628131787716,-0.03727776051403627,0.01460673229273016,-0.0712857648654484,-0.035313880343715694,0.021893738945790362,-0.07559556729800544,-0.005005342201155782,0.014417502357000204,-0.08445024525016834,-0.010198447253924348,-0.01818079125662355,-0.08185643816258913,-0.04241205162184501,-0.0015237316028238357,-0.055208942501884815,-0.03706253314267765,0.005317109513062573,-0.05480057624524173,-0.009664457175962675,-0.002037575376655623,-0.06514718978777079,-0.019756015142822433,-0.034370034746606416,-0.06726878461303487,-0.042638580451850684,-0.022239890641792534,-0.04886615213996005,-0.048558623445543785,-0.009423728266862424,-0.04341680321669569,-0.02925744267153253,-0.017251535442464994
0.0,0.0,0.0,-0.02238212440357912,-0.009447276057245123,0.030277654948214473,-0.05424302006244752,-0.019438580968513215,0.04514295324107617,-0.08880655554777561,-0.032139381521611166,0.04570922975561929,-0.11265225891613169,-0.04707125651485789,0.025547209301724022,-0.0980294668361192,9.911381009981514e-19,0.02512041645230795,-0.10869886643551192,-0.02522326722640177,0.03345120668157723,-0.09339245288221208,-0.029500947218675255,0.03357611141804215,-0.07598276104139387,-0.019419748671388293,0.028516606478504992,-0.09611109736473183,2.8649948170018783e-18,1.978726786617253e-18,-0.10356981634588588,-0.03680108890324195,0.013141148511375846,-0.07402531758828584,-0.03609068492714839,0.02034331924335282,-0.07638076995812244,-0.005977047817877178,0.014388084532286814,-0.08450969143265348,-0.010174245547023867,-0.017961057804652417,-0.08382576162890622,-0.04239217180827896,-0.00265398123259416,-0.05725978687721121,-0.037871298745125175,0.004693767780396515,-0.05518472149252763,-0.010486795018668312,-0.0015939711888816321,-0.06518514389357351,-0.019764594758082038,-0.03420743020560188,-0.06887534093204369,-0.04213653606124438,-0.02315222732811076,-0.050695291651133165,-0.048267569528996745,-0.01029819605318783,-0.04437911171965727,-0.02882616093582887,-0.016965555417577986
0.0,0.0,0.0,-0.02277202178025445,-0.00968953764346856,0.03034008464616597,-0.05455327784717116,-0.017956431090373533,0.045049384049676,-0.08881185903503104,-0.029495401671702514,0.04493257477750288,-0.11321040609039106,-0.043016016516605006,0.025584256109272823,-0.09682233099595504,1.02956100947093e-18,0.024712936334818292,-0.10893229798587477,-0.02417296574941525,0.03157610459998861,-0.09560408726583786,-0.028898976518998393,0.03143589564768575,-0.07760931807477463,-0.01989682346656465,0.02719019223354986,-0.09476579232910555,2.8106582704277357e-18,-3.7702193781976367e-19,-0.1054577627001201,-0.03542272692729669,0.01072720173541015,-0.07794988065101793,-0.03646783649015346,0.017626907163003084,-0.07747699413919343,-0.007026502546461477,0.01396259072947438,-0.08362350773135666,-0.010028132063240242,-0.017358251001642684,-0.086134474689576,-0.041478959187344566,-0.004547731831875248,-0.06076034242657205,-0.0382657930952133,0.0033669550572562037,-0.05622749659305505,-0.011431009519074938,-0.0009362797233154463,-0.06459850167855019,-0.01943397981829621,-0.03351784689165832,-0.07069908805739537,-0.04062512592058706,-0.024553412980456584,-0.053802527618501794,-0.046913678363714864,-0.011891077804875475,-0.04606689194413245,-0.027714100944364037,-0.01666923959860985
0.0,0.0,0.0,-0.02362710584596181,-0.009508456752296498,0.030008607148822978,-0.05495015433738134,-0.015052842026070627,0.04487390906319083,-0.08830860413699401,-0.024138286217370603,0.04464936443477137,-0.11300037384452015,-0.035600524514226684,0.026681916042946334,-0.09442326692199741,1.200989830554903e-18,0.023733458659724992,-0.10833374901640747,-0.021914137840183524,0.02863795257184183,-0.0984187513830589,-0.026664285605403633,0.028295681796222202,-0.08082112610224655,-0.019113968883664872,0.025016373144034463,-0.09178580050658161,4.757204586152708e-19,2.0108914504380458e-18,-0.10666836906169272,-0.03225772708289543,0.007306094856079264,-0.08324868522386783,-0.03524069834895707,0.013392255550708589,-0.07967918691372364,-0.007558374533989234,0.012673953507940974,-0.08146874620380717,-0.009638440091023865,-0.016165264479105827,-0.08841320740541826,-0.03856861922497053,-0.007178158322812225,-0.06616999117305064,-0.03699562321272293,0.0009502668387960443,-0.058959481384413356,-0.011818404767266411,-0.00045001866102846374,-0.06319194912721703,-0.01844594782895692,-0.03196992655719811,-0.07236071470095755,-0.03715137528590215,-0.02631624920141505,-0.05843506696665621,-0.043283846759277024,-0.014466770283509013,-0.04912215949556387,-0.025287732339243897,-0.016610449963953406
0.0,0.0,0.0,-0.024979537800345824,-0.008747356075306195,0.029009347534033475,-0.055093465192038116,-0.01085638103558696,0.04447937239932653,-0.08663236076294072,-0.01630161888519233,0.045075728285691896,-0.11118077893378399,-0.02519555625276644,0.02938522623063611,-0.09082097280948885,-2.7278641283334388e-18,0.021999540010293285,-0.10651780927334147,-0.01793881544859981,0.024868370402910733,-0.1016430497695038,-0.021626128074097115,0.024199183951817915,-0.08622887028326373,-0.015801433011395027,0.021588294041595825,-0.08722809360493577,-2.868022195038424e-18,1.2859274896540568e-18,-0.1066510508732099,-0.026295588360763213,0.0031508689184469763,-0.08988725792202333,-0.030658255824701455,0.007502774098616373,-0.08401090359498432,-0.006272396506440387,0.009968305092700136,-0.07826396466587383,-0.008819474850026269,-0.014337328392119054,-0.09017945551601761,-0.03239088367766794,-0.010229206015767172,-0.07353656730272644,-0.03226771395333544,-0.0028635872978485435,-0.06442315086804161,-0.010335700995880583,-0.0008422680051120376,-0.06119504745520453,-0.016370600958195862,-0.029436756704944382,-0.07350437940053028,-0.03055348967733716,-0.02808757054267731,-0.06448729967600123,-0.035711806178910316,-0.018129058538796025,-0.05429607911622537,-0.020422851517320373,-0.017291101208045844
0.0,0.0,0.0,-0.026459589158865086,-0.007446473473142782,0.027245015300280916,-0.05440862175585681,-0.006306736881077375,0.043955001101980036,-0.0830709072421356,-0.007695817239012886,0.04662525301967144,-0.10717930199569098,-0.013939643920318183,0.03425716126198114,-0.0865306648641055,2.4538629753348756e-19,0.019590716269393883,-0.10329939829163416,-0.012262326958826288,0.021169981790226344,-0.10453263361240116,-0.01312504673071079,0.020013073056190708,-0.09350564061534823,-0.008652112704188105,0.01729924921542887,-0.08195341178932335,-6.782302820886938e-19,1.0825847265714536e-18,-0.10495569968205187,-0.01718417823052567,-0.000707629234332614,-0.09697407749518827,-0.021084780448704515,0.0007627496323669683,-0.0908626096040516,-0.0012779706118782367,0.005822196159936464,-0.07487852795586596,-0.007412317092306168,-0.012095033994632689,-0.0907397247933203,-0.022379214056800278,-0.012741377798034404,-0.08176394920718398,-0.022465811086109243,-0.0075988658682692705,-0.07273983314174655,-0.005268897982019952,-0.002570627379238361,-0.05923639339458881,-0.012889331919965793,-0.0261567259989056,-0.07369568384573219,-0.020246984424395494,-0.029069918926911173,-0.07084777968179448,-0.022901594545362225,-0.0221604020328236,-0.06159479766765853,-0.011779055947084269,-0.018975202511155437
0.0,0.0,0.0,-0.02740603374142277,-0.005902413985155656,0.02511948922014632,-0.05254046278017992,-0.0030317014588330023,0.04371123230178848,-0.077655592342448,-0.0013140498385609076,0.04973656702393565,-0.10150450779325292,-0.005556704480412991,0.04144496388431464,-0.0826305788683136,3.6907336467795027e-19,0.017009298505526113,-0.09908245914806611,-0.006186569023859624,0.018954206043279596,-0.10609774327198478,-0.002505895256413839,0.017721952312182005,-0.10121672918206452,0.0020133441994147926,0.014212258381189924,-0.0774344843035355,5.940739117693607e-19,-1.478638534616401e-18,-0.10164629042917195,-0.00650417666781811,-0.0025193425298142324,-0.10290669272795386,-0.00709291294523765,-0.004371621215933267,-0.09939719989108943,0.00815284003436852,0.001810771621073428,-0.07235927951677062,-0.005559203082177402,-0.009830913738440602,-0.0895984701949895,-0.010186009560717448,-0.013140222543186964,-0.08887697973984557,-0.008308043110065985,-0.01125306844417147,-0.08270699563044631,0.0038067649220628707,-0.0047441581600430735,-0.05786745288471965,-0.008361441367754834,-0.022602983220730764,-0.07258228830839335,-0.007700379633143206,-0.028080710657671815,-0.07568846941017923,-0.006090299213497508,-0.024507849438623434,-0.06983300636131741,0.0005752274122899179,-0.020724135831810264
0.0,0.0,0.0,-0.027503702871095607,-0.0046178197051861165,0.023371147988306466,-0.05004555430571116,-0.0022671393603544746,0.04390887097701035,-0.07186754694575172,0.0005387471996034128,0.05382274111371848,-0.09599108290335007,-0.0029532067404981293,0.04955260857363686,-0.08023379296968618,-5.589074133560393e-18,0.01498149031826262,-0.09526958774658358,-0.001822235601735345,0.01890906606702171,-0.10663691613049917,0.006577399372810663,0.018755474286501626,-0.10848411594142934,0.012578167994126312,0.014656159223270685,-0.0748885722193103,-2.6134425058598594e-18,1.0837070613846916e-18,-0.09808887236514464,0.002393123757769788,-0.0014460835074446856,-0.10728433552472619,0.007070184123830777,-0.005502361256215849,-0.10874914588896015,0.019276401672287617,0.00028990995369442636,-0.07126990683231924,-0.003880110712789457,-0.007957994005683654,-0.08758569114522081,0.0002795145567526105,-0.010865841086815693,-0.09419788669650125,0.005779275339914429,-0.011879539532997509,-0.09323790122324102,0.014061309660100281,-0.005724872516554047,-0.057285502847906254,-0.004144351702086743,-0.01936120416398125,-0.07079144229493638,0.0033196738438966544,-0.02489376007297254,-0.07858884707359945,0.009833048579972163,-0.02361363316446026,-0.0780306540556907,0.013443229899814616,-0.021097520291019134
0.0,0.0,0.0,-0.027165487732643268,-0.0038300653564270317,0.022394290939953862,-0.04820159788849919,-0.0033957964388105803,0.0441193670147653,-0.06789563395759333,-0.001128652935384619,0.05724909394413589,-0.09269822138921362,-0.005010721525197805,0.05613645314877808,-0.0798533401566571,5.95911799001223e-18,0.013966620136085538,-0.09363967021815084,1.0400473004612248e-05,0.020170189317120824,-0.10808866629310689,0.011322639134983404,0.02176595713498132,-0.11617728642343177,0.018574930098064633,0.017823726564511182,-0.07464087380145158,1.1416345762995125e-17,-7.023899800013219e-19,-0.09652652884678793,0.007253720873148385,0.0009888473456454083,-0.11185033203349601,0.016494935289052225,-0.0036434049349838844,-0.11933364801605956,0.027271442956063062,0.0009951222239178068,-0.07164914660430519,-0.003001660152802342,-0.0069055326134894865,-0.08685961217189102,0.006099470692636894,-0.007878584514392484,-0.0994234039435457,0.014815353523963262,-0.010691953340109561,-0.10469363422678343,0.020942973398316547,-0.00601059821613207,-0.05765779605199333,-0.0016650417996515877,-0.01728942620160176,-0.07010980369283455,0.00962541526608017,-0.02157757469892102,-0.08148784279070456,0.019777766021559333,-0.021377315020553924,-0.08671757821341897,0.02219832518533252,-0.020888059223611387
0.0,0.0,0.0,-0.027006766640465734,-0.0033334499672768607,0.02210124322027916,-0.047884395711297253,-0.004630427487771562,0.044129440669333365,-0.06699845284424541,-0.0031110093571399947,0.05922209053492739,-0.09251808056387781,-0.00774442725099254,0.06023529029806389,-0.08134686462722877,1.993294391173994e-18,0.013966506915009743,-0.095094979630837,0.0003329787229456894,0.021558940608140023,-0.11203715600501415,0.012135447118987251,0.024226883339818272,-0.12527158730011675,0.01864886893023186,0.020607230941512403,-0.07634889786877146,7.380728656421443e-19,5.478829907157086e-19,-0.09834211317212575,0.008566851123596477,0.002636024132745075,-0.11836087251942497,0.019646064694499595,-0.0021208845162194547,-0.13164563499228543,0.02921953809904717,0.0010401871185367186,-0.07330934782991479,-0.0030048382971429913,-0.006929106818202911,-0.08904621466908709,0.007509657212623683,-0.006677822811936593,-0.10636149688108383,0.01717105809357376,-0.01080274490237895,-0.11756367902002123,0.021713256226667726,-0.008010980908126332,-0.05915442102115535,-0.0012890816421919353,-0.017087870683541728,-0.07193648497619196,0.010963142414863064,-0.020652557046522253,-0.08633572318967608,0.022368635565485868,-0.02137652176609746,-0.0966402531119885,0.024338018708250902,-0.022676408897611508
0.0,0.0,0.0,-0.02724814683926022,-0.002975372161855996,0.02229082657197849,-0.04900727578523349,-0.0051635437189175995,0.04420630506105163,-0.06892503629987089,-0.003763123312051145,0.06020307271690584,-0.09498239572612821,-0.00878065615806647,0.06263721457213588,-0.08420471810823209,-6.448899725274364e-18,0.014767747408788064,-0.09931492900315789,0.0001985651790762875,0.022681820163203175,-0.11840468737837075,0.010543863382335041,0.02529771509141273,-0.1353406258910717,0.01390848191326451,0.021727823861593283,-0.07943258572555209,-4.4268669653533044e-18,-4.183760014128439e-19,-0.10330014400208189,0.007702014956095153,0.002878578532147374,-0.1268175806949153,0.017588591417300976,-0.002418023176436689,-0.1448519037403834,0.024772156383458418,-0.0009105910517238679,-0.07592572681183953,-0.003657079606400324,-0.007894740369681158,-0.09408219288619957,0.0059151600289921065,-0.007803352999004324,-0.11500541528877319,0.013745546205740136,-0.013220305161792808,-0.13097309586506,0.015949811364228576,-0.012324165697975583,-0.06161655161377869,-0.002635404908374161,-0.01861327729105557,-0.07618017568299436,0.008594031476501686,-0.02251259148098106,-0.09318041050190869,0.018870856548372394,-0.024557691186089983,-0.10730577590622421,0.01993831583355265,-0.02710922720139355
0.0,0.0,0.0,-0.02770948830817465,-0.002827937284616406,0.022799888015796306,-0.05085281547728207,-0.005413443888572811,0.04458345836100498,-0.07244557601806256,-0.0036633650276478203,0.06081854930372668,-0.09888307788120342,-0.008454513614060051,0.06424883056874475,-0.08773682768765473,3.918322701631543e-19,0.01610697577445892,-0.10515746675488803,-0.00022489631763790479,0.02361267031909374,-0.12587068924449152,0.007387373778209278,0.025666137565445193,-0.14492232310942468,0.005925747286479669,0.02219260773234381,-0.08322564253452068,-2.296299869338815e-18,-5.0994940750526405e-18,-0.11004221654090574,0.005463202481767541,0.0023154494834118334,-0.1358040198508723,0.01191775015835113,-0.0036041812916395794,-0.15705501450546752,0.015109345389337645,-0.0034704464755659064,-0.07903417581537513,-0.004726098369678467,-0.009409273090115312,-0.10063268303575484,0.0022878056833613913,-0.010210098266566261,-0.12389497414043475,0.006203318910033294,-0.016520729178058448,-0.14300185538443613,0.004922642333170139,-0.017004919921602107,-0.0645338129533397,-0.005140491474203616,-0.021064278130737666,-0.08162310438445192,0.0038040873955116996,-0.025777006449627705,-0.10059707671183164,0.011243021827036691,-0.029103493265973605,-0.11722616460067821,0.010688410752848702,-0.03227875240879832
0.0,0.0,0.0,-0.02810683370622411,-0.0029324988567881937,0.023456678620445006,-0.05262108402652204,-0.005880354988895849,0.04526006989979999,-0.07611415236460468,-0.003752361169634574,0.06143535812502235,-0.10287871676796825,-0.007849798956078005,0.06556761347000414,-0.0911793032330345,7.805139252487685e-19,0.017625954324453134,-0.1111243919876793,-0.0010572870884792166,0.024450982521700866,-0.13275983073298941,0.003362560855505576,0.02611605218558328,-0.15248760260023037,-0.003299555118665042,0.02308906619061029,-0.08700123259390334,-3.932523033927437e-19,2.335423426861905e-18,-0.11680858667121607,0.002464875314401,0.00167489009008989,-0.1435474770110555,0.004606498778938265,-0.00440813688260277,-0.16636561640549688,0.0029938444078318983,-0.004920132348322337,-0.08208192495256923,-0.005945336352015597,-0.011015816637408502,-0.10699241261139189,-0.002364454217696142,-0.012650686650458846,-0.1313074984037217,-0.0030605916740766956,-0.01908835455798991,-0.15189049406941074,-0.008280260970117328,-0.020087949201287245,-0.06730604682947945,-0.008069836333024442,-0.023560214232941138,-0.08679362375362498,-0.0019402394097523948,-0.028916144100918858,-0.10692428323712035,0.002037751951760128,-0.032984668831455004,-0.12491488382311519,-0.0003973506544412993,-0.03616939971161552
0.0,0.0,0.0,-0.02827596040724454,-0.003174258553812963,0.024061697895271485,-0.05379809163648648,-0.00652711772993676,0.046039998422023755,-0.0788537489797532,-0.004170689761598458,0.06213556856024859,-0.10590505358550953,-0.007402455891351132,0.06678404893142002,-0.09382101686323906,1.8794294087005757e-18,0.018906540205222352,-0.11582440955180176,-0.00210971163549618,0.025166873660804456,-0.13777239066151709,-0.00045888431530715794,0.026823504735262495,-0.15719542887857615,-0.011387480211113576,0.024442846937668697,-0.09003513692812896,1.4501295984124193e-18,-2.6375529235128066e-18,-0.12206863575620233,-0.00045227231144501917,0.0012911102552353145,-0.14882055384805687,-0.0020860550288210713,-0.004492945388901635,-0.17190877819027275,-0.007901969007328643,-0.004972583684644506,-0.0845174076713458,-0.0070049521261792225,-0.012326587268625256,-0.11182331804808418,-0.006700488248329757,-0.014442815737919227,-0.1361934362069373,-0.011292450624607151,-0.020430416015031996,-0.15700984020555678,-0.0197947877707448,-0.021255692015457284,-0.06946717264045298,-0.010631401654852947,-0.025496460477588277,-0.09063609812832481,-0.007019719164327868,-0.03113405722344197,-0.11116470135275176,-0.00600350916845309,-0.035414483872963885,-0.12968853527514482,-0.009962760212700454,-0.038218120372323576
0.0,0.0,0.0,-0.028197108493198713,-0.0033911457209254976,0.02445284168431043,-0.054239316295900626,-0.007005435217432362,0.04666493184714339,-0.08017430688825515,-0.004500198490241733,0.0627987728096958,-0.10737967431692225,-0.0069969492308631035,0.06788239199514519,-0.09517957718207178,-3.0905199835029907e-18,0.019637630743629307,-0.11839318366886853,-0.002954248400320556,0.02564309596011202,-0.1403351736949125,-0.003044337110305138,0.02753774934171424,-0.15906777915279327,-0.016465294444082568,0.02569025396170641,-0.091783244087222,-1.838332876667652e-18,3.7139761997433127e-19,-0.1249643355545623,-0.0024658775676654637,0.0011554301805283044,-0.1512912758597007,-0.006421544333215532,-0.004222882594559285,-0.17401522558904492,-0.014739748457829284,-0.004366011940021982,-0.08593519907881417,-0.007674936738066294,-0.013107510675478398,-0.11449860124153632,-0.009564899469751345,-0.015464937229944443,-0.13842448344871552,-0.016481319087348425,-0.020876468977346394,-0.158874460253215,-0.0268605593654984,-0.021276389127269774,-0.07077280691950842,-0.012275861586332544,-0.02660542853972743,-0.09273594147942577,-0.010247355067148385,-0.0323056360649006,-0.11317800735033849,-0.010977409414773192,-0.036568685495858996,-0.13175891657277444,-0.01576138700476986,-0.03888810221149714
0.0,0.0,0.0,-0.027909415208650375,-0.0034934341539943716,0.02457201401417303,-0.05403370202503613,-0.0070868088698732455,0.04698437394977149,-0.080058383713863,-0.004409175683643404,0.06330617514358645,-0.1071983335814138,-0.006530993837707257,0.06881063453802812,-0.09515243447358929,1.1358034742203006e-18,0.019739439406340275,-0.1186907807246874,-0.0032951824663384533,0.025833811459790107,-0.14055778226792512,-0.003951671943146866,0.028055926581393432,-0.15864545533154398,-0.01790813162711685,0.026501630620701693,-0.09210087639493736,1.917545852803009e-18,-3.4024462449231645e-18,-0.12543310457050144,-0.00318784605710982,0.0011896572327236771,-0.15131889675236618,-0.0078082139493091205,-0.003946543690132307,-0.17360740709054803,-0.016638324393012365,-0.0037346169480746466,-0.08624097280930758,-0.007895303824295688,-0.01330243915109953,-0.11507582835129682,-0.010506572022284813,-0.015825111010060882,-0.13847772634812863,-0.018038169318153635,-0.02082712128703332,-0.15845939805161668,-0.028753048933156063,-0.02085483167799921,-0.07122865643449722,-0.012856510286103384,-0.026881636260157934,-0.09320737832943526,-0.011274047677060833,-0.03258120092057917,-0.11335817284932691,-0.012386827256874944,-0.03682468808301373,-0.13178196805551676,-0.017284679870775168,-0.0387180962465374
0.0,0.0,0.0,-0.027457736933955715,-0.0034833030719455564,0.024471824787158813,-0.053344631889820374,-0.006809411194819397,0.04701906349963164,-0.0787771098178788,-0.003923879729041173,0.06364113752246846,-0.10561727957060826,-0.0061009876788067656,0.0695747290932158,-0.09399812387021249,-1.867636991397946e-18,0.019344682040966742,-0.11719237014295016,-0.003150218800797778,0.025835401246777377,-0.13902432474230897,-0.0034347684399784997,0.028424111398413388,-0.15663171558054692,-0.01637242894244948,0.02701893316303562,-0.0912732217629282,-7.8081930294725e-19,1.4469437508075796e-18,-0.12402772389088527,-0.002792730168533433,0.0013799437016618473,-0.14960735644407977,-0.006786728696874862,-0.003691001166556473,-0.1716114257675134,-0.014559482738486175,-0.0031835376117979844,-0.08566861772982569,-0.007760929260019288,-0.013013067814044859,-0.11408389088684402,-0.00983662541156431,-0.01567084597436946,-0.13704424576796234,-0.016658629190891505,-0.020448304534472786,-0.1566561705294693,-0.026498494489677043,-0.020235340963481608,-0.0710506220950974,-0.012585174882739508,-0.02650237074039416,-0.09248758789126617,-0.010543695762537364,-0.03216535709599055,-0.11228083167184696,-0.010984864991845375,-0.03644281921539116,-0.1304619476730469,-0.015451796385473622,-0.03798431804411902
0.0,0.0,0.0,-0.026896922549595234,-0.0034296717743320334,0.024277775471466326,-0.05234887300227626,-0.006369345610506013,0.046910023707887674,-0.07678537817293404,-0.003303679257489087,0.06384905369843645,-0.10313499831421788,-0.005847654099339972,0.07021298397755099,-0.09218400972954285,-1.0801980870175432e-18,0.018697745385885117,-0.11471184578543603,-0.0027648885444123287,0.025810147729133797,-0.13659864288159487,-0.002217830615093829,0.028800497751803978,-0.15378662730846535,-0.013386414877602644,0.027556734757950972,-0.08983183260876348,-2.915718492761292e-18,1.376877114332743e-19,-0.12162701000807799,-0.0018465496549438258,0.001711208952515683,-0.1470112156464777,-0.004641374825087695,-0.003333044914572991,-0.1688464726212976,-0.010616832107859247,-0.002571033010758456,-0.08461749736101921,-0.007458127515846678,-0.012449545657496895,-0.1122835552263924,-0.008377055219914996,-0.01520054006664325,-0.13484055823000207,-0.013821130923969879,-0.01979216071970112,-0.15418365216526,-0.022197854676634036,-0.019440009272727307,-0.0705323369342433,-0.01190417295599663,-0.025763176336255158,-0.09115489686958662,-0.008996504270978077,-0.031321369980352225,-0.1105640505700205,-0.008286292007127464,-0.035664858597347825,-0.12846467351868227,-0.01202504390141142,-0.036877074789931914
0.0,0.0,0.0,-0.0263043374157546,-0.0034334296832095835,0.024130448499805078,-0.051241069621186436,-0.0059679197183634455,0.04683971989260856,-0.07464195554942273,-0.0027887571726405505,0.06400559695863198,-0.10037834336475338,-0.005780751474546654,0.07078468690942517,-0.09022732328420653,-6.763410820446969e-19,0.0180592234195759,-0.11212470382816726,-0.002424905529285203,0.02588796664031939,-0.134231649999405,-0.0011602318886015485,0.02926540253020487,-0.15092618780119463,-0.010743602482927205,0.028262289627699087,-0.08832851486699361,-7.675344913839688e-19,2.741266030485943e-19,-0.11917345034081006,-0.0010014231027542578,0.00208809235249857,-0.1444351517482031,-0.0028606212675392076,-0.0028551927620631785,-0.16613746613350416,-0.00724016450171803,-0.0018780426600424687,-0.08346552446263025,-0.007192199540816922,-0.011862623083521293,-0.11046030378650401,-0.0070900235316742905,-0.014690753242082164,-0.13256468689676978,-0.0112160595701923,-0.01898706851902835,-0.15170641570848584,-0.018296016926666023,-0.01857339278888518,-0.0699139128529947,-0.011315097991345712,-0.0250078686588284,-0.0897836701029701,-0.0076659758146689705,-0.030403481142698866,-0.10884521888762366,-0.005956256131064915,-0.03483641782948359,-0.12647148738188255,-0.008978314770207685,-0.03569147650443709
0.0,0.0,0.0,-0.02577093295626289,-0.0035749819886000847,0.024133317409703172,-0.050234257613116236,-0.005750230428009304,0.04695973243434734,-0.07288658690616522,-0.0024977699152752084,0.06421914322181901,-0.09796956847268665,-0.0057972131019322064,0.0713717762854711,-0.08859000001537565,-4.974041588022046e-18,0.017645254568198265,-0.11016293632302951,-0.0023287563242181514,0.026132045887025935,-0.13270881138016466,-0.0009386103771821763,0.02979850829582864,-0.14879984046429712,-0.0098394679790895,0.02907496456586689,-0.08719920854163042,-3.597883248465557e-18,1.3132208358465057e-18,-0.11745085376816548,-0.0007418057376934623,0.0023780904143882644,-0.14264742216871476,-0.002578269957935506,-0.0023722498915771727,-0.1642337513279028,-0.006310232103702693,-0.001255397133069993,-0.08250135796122895,-0.007111198426252695,-0.011469624067575405,-0.10924458869429556,-0.0067077387202663,-0.014407481323337669,-0.13083620479194275,-0.010172147140826739,-0.018258272980132082,-0.1498325297218713,-0.01675483372506008,-0.017856416004786088,-0.06936217821175467,-0.011180133894645686,-0.0245349854721986,-0.0888328600361528,-0.00728477122997253,-0.02976354109310785,-0.10768618382051905,-0.005202318322378466,-0.034309945080761385,-0.1251097176723473,-0.007816636077374562,-0.034770704391062696
0.0,0.0,0.0,-0.025384631871111632,-0.003885518623452734,0.02432952262116097,-0.049538512836282855,-0.005854924759392135,0.04733720654506781,-0.07191933894514496,-0.002547557343603645,0.06460372264059716,-0.09644190178045842,-0.005890859730535725,0.07202443137474009,-0.08765347792155541,-4.595309785928553e-18,0.017603129615716754,-0.10932432397352758,-0.0025903818318476625,0.026542061286607927,-0.1324321185159579,-0.0019136981983328674,0.030356339869840196,-0.14785986909111068,-0.011343224611012568,0.029884580226860965,-0.08674833602621522,-2.510391355404026e-18,-2.1057320329268686e-18,-0.11693855936201782,-0.0013199418576190659,0.0025065993456369526,-0.14205285124755598,-0.004298750640568262,-0.0020016694984741038,-0.16352397417425274,-0.008697984125494164,-0.0008454787066832259,-0.08196460537404565,-0.00726423096848363,-0.01139707218699767,-0.10898265724932987,-0.0075500818946131875,-0.014478590329595248,-0.13006893703554853,-0.011356846649061812,-0.017812998304911756,-0.1489231338803514,-0.01855129104644806,-0.017461770573327748,-0.06902416608233991,-0.011611154638960215,-0.024507907940674197,-0.08856595538562417,-0.008117603233718879,-0.029605819386095345,-0.107397744836836,-0.006496617723053037,-0.034246907633290656,-0.12472871374454965,-0.009221741338319534,-0.03432770369366742
0.0,0.0,0.0,-0.02521005902310589,-0.0043442757740848395,0.024696992538957845,-0.04929715816999362,-0.006403292297675444,0.04794290471596097,-0.07190402453657935,-0.0030879657112307924,0.06521453938211771,-0.09613900100309246,-0.006209725951682159,0.07271365210995713,-0.08767456258798391,-2.9944591178620166e-18,0.017985130116202102,-0.10981916888151336,-0.0032598430457655104,0.027064864460614017,-0.1333650823554664,-0.004102131256121367,0.03090078788493915,-0.14812484460702133,-0.015205537074633048,0.03062434097809912,-0.08713759973820642,-3.2397136567817555e-18,-2.21133223157691e-20,-0.11773935051863266,-0.0027770224219674407,0.002487056275180694,-0.14261047650179606,-0.00791152262750805,-0.0017858860747556324,-0.16388445435831317,-0.014267715101568216,-0.0006726874101953201,-0.08203565768281505,-0.007619298191003348,-0.011653964619345748,-0.10968677401929335,-0.009545698891505418,-0.014857922280880514,-0.13033908169175074,-0.014780166921623348,-0.017734852602168266,-0.14893060558046883,-0.02363167073576093,-0.01740593592013931,-0.06901704112981343,-0.01250801757983701,-0.024914197741530645,-0.08900294475312683,-0.010040243392281021,-0.029931674069837932,-0.10794009535136241,-0.009672273020747867,-0.034570969138290546,-0.1252569150131347,-0.01311029023101219,-0.0343704966124463
0.0,0.0,0.0,-0.025255406645834012,-0.004860057394921747,0.02515447408290649,-0.04949697033721681,-0.007333957855668698,0.048672885439688826,-0.07268886412524826,-0.004081559568038569,0.0659930298174782,-0.09702137529323704,-0.00680315254543029,0.0733524189786151,-0.08864532115205313,-4.840389563133909e-19,0.018702315693847768,-0.11146892143750711,-0.0042497226124479925,0.027617189444198807,-0.1351047705109888,-0.00707634444023689,0.03139387545706979,-0.14922500297363894,-0.02061247253041819,0.03127803167623316,-0.08829390690003,1.6674718352122135e-19,1.0190506488207573e-18,-0.1195438485654864,-0.004883081744940117,0.002394842497357982,-0.14392768172427572,-0.012702071537282936,-0.001677963938213627,-0.1648215847809981,-0.021895460894344708,-0.0006414162313819913,-0.08272151621074658,-0.00809733163639335,-0.012128724384252608,-0.11106094972517079,-0.012278758039661318,-0.015365807553762847,-0.13135653875328224,-0.01978401345615036,-0.017936087179902555,-0.1494742320514354,-0.030913475710279335,-0.017551858469679237,-0.06935022161284356,-0.013647953192002753,-0.025574940310003735,-0.08992994735625497,-0.012640330406104261,-0.030562922629835072,-0.10898765141578533,-0.014060881733383884,-0.03506634817696964,-0.12629932978597597,-0.018711344813894783,-0.03472943549927263
0.0,0.0,0.0,-0.025470366801175495,-0.005308965676286131,0.025601209788547106,-0.04997942409286947,-0.008368207000100845,0.049396479548090906,-0.07388822494600265,-0.005214549666119433,0.06679641356664656,-0.09864673711810333,-0.007488039007213478,0.07385309038129256,-0.0902421828953538,4.431616235919852e-19,0.019547059215547277,-0.11373018862617532,-0.005323642996363751,0.028117492082911977,-0.1370761085110016,-0.010092742640751388,0.03180302857518768,-0.15064102096370535,-0.02623701841215772,0.03184957641391051,-0.08988036264102395,5.685099141421627e-19,-3.2795514503748055e-18,-0.12175292491440813,-0.00716111993098786,0.0023241276610826114,-0.14550080529067133,-0.017584091918334207,-0.0015809990110900569,-0.16583841959008058,-0.029834549518159354,-0.0006045838260932277,-0.0837971829252189,-0.008604122678645918,-0.012642449623651766,-0.11264236280244316,-0.015124227812798414,-0.01578216613382162,-0.13265402855428815,-0.02523196540054071,-0.018217692392847824,-0.15015530306806624,-0.03867399166247954,-0.01770176197924428,-0.06989450448445311,-0.01478219450167414,-0.026233614895608257,-0.09101164953801322,-0.015343970388216307,-0.031238269228848203,-0.11013933061017475,-0.018701946701490075,-0.03550577075745423,-0.12742277088351373,-0.024809005196335786,-0.03516060637330458
0.0,0.0,0.0,-0.025790017246978304,-0.005620754992566887,0.025966669912596874,-0.05056775549739801,-0.009217526403974502,0.05000748894371192,-0.07513934101449471,-0.006128906828583523,0.06748049609972166,-0.10047216854927513,-0.008026918545285354,0.07415920657281339,-0.09202380106715366,-3.1021278309455937e-19,0.02031307045941414,-0.115982189832611,-0.006239618631899942,0.028507438747219536,-0.13880626902161983,-0.012525578606938375,0.03208669023275345,-0.15199108194645058,-0.030953363955365434,0.032294378103620895,-0.09147344526186561,-4.395591009567849e-19,-2.4775345563226982e-18,-0.12379083583816813,-0.00913180928113647,0.002331976354179139,-0.1469673457250061,-0.02165689799378158,-0.00144935384104684,-0.16671805015575544,-0.036604319718352187,-0.0005043841646856483,-0.08493114146846632,-0.009064542498393377,-0.013051135604115941,-0.11402416120506645,-0.017538872833232362,-0.015967509422677835,-0.13386254066251796,-0.030078215785001312,-0.0184235266407573,-0.15079275702363848,-0.04545652847056244,-0.01774929443835206,-0.07045146519917918,-0.0157323249881363,-0.026702094196148954,-0.09195767625546078,-0.01765412784953421,-0.03176531647288686,-0.11112389552715625,-0.02275384220323995,-0.03576295171015028,-0.1283802621152161,-0.030312759648072028,-0.03550901628232109
0.0,0.0,0.0,-0.02616480962334494,-0.005785945146750843,0.026207834173024944,-0.05114277030014092,-0.0097312833041273,0.050416279043891205,-0.07623053362303035,-0.006636543356432833,0.06790970325333158,-0.10209624122048175,-0.00830498266610925,0.07420749295718423,-0.09362007835395594,-4.595803581135072e-18,0.02086790632907249,-0.11774892219037798,-0.00683986803663473,0.02874260409565482,-0.1400169552842408,-0.014048156337409717,0.03216525685642483,-0.15309823262084393,-0.034143125302855855,0.032475883178228804,-0.09273165591201153,-3.9281210575319506e-18,-3.690292991356349e-18,-0.12527354858015394,-0.010473354966079965,0.0024090755497441873,-0.14813949162944007,-0.024416099449590785,-0.00134697321474977,-0.16748129337210751,-0.041354418466178586,-0.0004503346015013574,-0.08583460087943982,-0.00942325290786605,-0.01328259126802656,-0.11494236766169987,-0.0191832803487439,-0.015891065200608612,-0.13479350960226782,-0.03364302565332956,-0.01851820706921591,-0.15138015769466762,-0.05041642716739987,-0.01774041715107455,-0.07083625953973614,-0.016390012495227622,-0.026906600961454932,-0.09258177054127396,-0.01924898598860259,-0.0320662157896243,-0.1118201552241046,-0.025668753291027413,-0.035819863126486204,-0.12909437720136183,-0.03449466037504878,-0.0357622626466836
0.0,0.0,0.0,-0.02654741535907555,-0.005819947162592565,0.026267115633194442,-0.05159490436704994,-0.009864302626353884,0.05050027322166061,-0.07696476930526794,-0.006719456981782587,0.06791521161322618,-0.10315935169960944,-0.008356875578761603,0.0738836436583833,-0.09466597858967062,-1.9761046466685678e-19,0.021098091377263307,-0.11856905934893808,-0.007002265602667124,0.028760134899113082,-0.14042230383056184,-0.014454111360459576,0.03190671522843886,-0.15378391139151845,-0.03537389369620536,0.032150131745438806,-0.09332279578258613,3.391723902521864e-19,3.251853906568509e-18,-0.12583429505043295,-0.010924923539469271,0.002501328332293396,-0.14879879695422643,-0.025452271500673057,-0.0014305430725453303,-0.16813368095429262,-0.04341555695172716,-0.0006865683177341994,-0.08622971972486083,-0.009612077680835015,-0.013271566541816493,-0.11512237323473858,-0.01975695184038025,-0.015554911459288554,-0.13527960006748363,-0.035334447108419056,-0.018548349009893716,-0.15189374872241906,-0.052855051881476246,-0.017832266591738755,-0.07085316973532353,-0.016629057305600964,-0.02679152629130249,-0.09268207546086583,-0.019823608466830952,-0.03208272216129386,-0.11209725344489632,-0.026938050244789426,-0.035674795726122824,-0.12947838951785845,-0.03667677527803806,-0.035964647344595924
0.0,0.0,0.0,-0.026875401044460734,-0.0057664676563595405,0.0260680024651517,-0.0517620508042639,-0.009608093152824198,0.0501227612008736,-0.07702842117356187,-0.006421482130584658,0.06733017586901408,-0.1032062043702963,-0.008276878059999285,0.07307206517113721,-0.09473249223352954,-1.2979493662588544e-19,0.020853514614817988,-0.11785875285647947,-0.006626318702704879,0.028480394100292024,-0.13955254491257496,-0.013566440988281397,0.03116734790074725,-0.15363785662232407,-0.034205184338932326,0.031009291002054726,-0.09284980364992589,-4.42087666016766e-19,1.0083456630412353e-18,-0.1249595225346058,-0.010234074834215779,0.002561939080924295,-0.14851042664615596,-0.0243145059177588,-0.0018748228881000867,-0.16838882032216818,-0.0420662107478883,-0.001483558728386551,-0.08579816444410404,-0.009542327004260168,-0.012906465912787664,-0.11413364289062482,-0.018927741125757347,-0.014914505028737743,-0.13496752760884737,-0.034507925875990914,-0.018561623621342845,-0.15204805446764255,-0.05197515203657114,-0.018204107004635633,-0.07025099766029644,-0.016270846993165528,-0.026234532133322185,-0.09192457658379628,-0.019004916677924172,-0.03169019456752748,-0.1116575169160671,-0.025961832169655693,-0.03525906259763919,-0.1292505567345236,-0.036088971700897934,-0.036116184132414096
0.0,0.0,0.0,-0.02707057381611807,-0.005708007435379307,0.02556325634454212,-0.051436772499546625,-0.008999482927055812,0.04923930098252758,-0.07606450116455278,-0.0057940019857032786,0.06611108711158947,-0.1017983191623349,-0.008110812474367174,0.07178119129257944,-0.09346846348870874,-2.9493326596993884e-18,0.02000742467738227,-0.11510634832843808,-0.00574271822663679,0.027872088097962554,-0.1368817513249141,-0.01140079492113289,0.029914074333280367,-0.15200775906740494,-0.030454905761862737,0.028885005015672687,-0.09101289616719149,-2.1679356102968302e-18,-2.121627375055875e-18,-0.12215294215602175,-0.008333086875754852,0.002604625448350995,-0.14667165433459675,-0.020815881511849738,-0.0027232432576061918,-0.16752372028581838,-0.03696517657943294,-0.0029227459218921837,-0.08430593218064712,-0.009143842170298525,-0.01207721045527035,-0.1115111924477299,-0.016545684219012216,-0.013859229434458628,-0.13328879069114394,-0.030796485505651304,-0.018496339144469746,-0.15113106997800416,-0.047265408972820146,-0.018875790457999274,-0.06880902867228082,-0.015158754803047925,-0.025093805141071696,-0.08993000303283467,-0.01653826238202604,-0.03070626328484427,-0.11004428025539403,-0.02234931315650327,-0.03439706326599417,-0.12787063753758274,-0.03221285808170496,-0.036074227776754626
0.0,0.0,0.0,-0.02704052071538656,-0.005744429714181925,0.024771912854563913,-0.05043654483537355,-0.008186798727660299,0.047973599082113315,-0.07384976472726872,-0.004946716688115854,0.06441624243163907,-0.09873793708680766,-0.007855949760633373,0.07021377682660021,-0.09077571182345395,-2.3366103483722583e-18,0.018571597365305278,-0.1102116607211416,-0.004603863176720573,0.02700085171449464,-0.1321286135592119,-0.008356556739833494,0.028335229872710723,-0.14822089930676036,-0.024576639149896797,0.026008073460602195,-0.08780946529085924,-8.60712394434864e-19,-2.8994169897134305e-18,-0.11726534199440593,-0.005535021280162529,0.0027113642333619933,-0.14275586071201768,-0.01539278692528058,-0.003755587824412021,-0.16452466722422224,-0.02871553349407897,-0.004670814794894383,-0.08175567064572016,-0.00842289381195891,-0.010773522504366728,-0.10705558790997433,-0.012893816669095615,-0.012276070948290193,-0.12968480707582042,-0.02453141122498299,-0.01810026990271495,-0.14813837083112572,-0.0390283455777543,-0.019502343432713908,-0.0664767170493266,-0.013293292966766793,-0.023331367049041613,-0.08650332514187162,-0.01256785498589369,-0.028979015458562817,-0.10682655379233541,-0.01634252958857198,-0.032829750921112566,-0.1246785158334555,-0.025244562907563144,-0.03548423646190292
0.0,0.0,0.0,-0.026715052094695962,-0.0059550445591276735,0.023793611443950365,-0.048760609357532674,-0.007420190593329854,0.046589289220296495,-0.07052156480420814,-0.004076614112190008,0.06253970256496055,-0.09430131210165862,-0.0075210108256416235,0.06866613607199254,-0.08693066258019934,-7.95679687020776e-19,0.016761562292245978,-0.103765507574138,-0.0035780740288102065,0.02599283475831035,-0.12558607837206764,-0.005196220519492553,0.026789456237343193,-0.14202843502682516,-0.01778138143515735,0.02304989086325529,-0.08361122698727298,-5.461966349322795e-19,2.9225528831284973e-19,-0.11080561301561212,-0.0025140264545970284,0.002956392241396462,-0.1367129241308747,-0.009222503491296401,-0.004537686498050199,-0.1586330753077494,-0.01912578665261433,-0.005994238849016772,-0.07843687025094573,-0.007503851064132404,-0.009132360353458912,-0.10114063019654058,-0.008744238237324958,-0.010180264725843914,-0.12403419343644853,-0.01696328459925901,-0.017000261315519596,-0.1422922522149281,-0.02873858758377575,-0.019355288389871647,-0.06345299291754672,-0.010956377268566552,-0.021092694985978662,-0.08188724440832812,-0.007807110876412234,-0.02653847358199373,-0.10194316033099021,-0.009091377151289605,-0.030374589824664303,-0.11927595109082031,-0.016452975010344373,-0.03388229244714615
0.0,0.0,0.0,-0.026156534900766013,-0.006352336244540406,0.02285015016496115,-0.046799725222824266,-0.0068739701152968815,0.04539377780588614,-0.0668670293061061,-0.003345326637103465,0.06073340446138778,-0.08952864562728215,-0.007073503373984517,0.06728257160318164,-0.08273893647880337,1.3518444175106781e-18,0.01499767622144326,-0.09723842261915572,-0.002879319175717794,0.024979193856313947,-0.11843605012348178,-0.0027715506333434075,0.02555541596450422,-0.1341224268142855,-0.011789477418341871,0.020743209583405992,-0.07924619367473108,8.828761002747966e-19,-1.8027849502177652e-18,-0.10420324835639978,-4.649517024821942e-05,0.0032423297332274214,-0.12945456580862053,-0.004020017162804701,-0.004771929949068566,-0.15011908006836575,-0.010903074076174085,-0.006259445929239105,-0.07499977015212211,-0.006610384272048573,-0.007446040091621632,-0.09499469904004143,-0.005167885893315394,-0.007939995755873884,-0.11713406647252675,-0.010138922257968717,-0.015083790440420608,-0.1337746208666486,-0.01901642885354565,-0.017810085620373152,-0.06028092775953614,-0.008740751125377902,-0.018785863784924053,-0.07701876900908511,-0.003481538466728225,-0.023857714135404072,-0.09613436000313985,-0.002594802266901867,-0.027331972860070053,-0.1120741664926743,-0.008217777807718754,-0.031162298643740337
0.0,0.0,0.0,-0.02562091490849501,-0.0068140925416920115,0.022328924420086844,-0.04532784223143462,-0.00644092556468888,0.044650509078110856,-0.06432495138559916,-0.0027165360517367953,0.05905629286475166,-0.08622937446313063,-0.0063037800092770125,0.06584709696893237,-0.07953209779412436,1.6196838075959027e-18,0.01384922131847542,-0.0927954681231844,-0.0024547284598876776,0.02409754108695357,-0.1126140589957998,-0.0017159149246556795,0.02462841356923225,-0.1260575694915768,-0.008308420189593354,0.0193844494597569,-0.07601778266791223,1.2281869980116371e-18,-4.301340354975432e-18,-0.09965354182600324,0.0012239629681965074,0.003202660887280221,-0.12280559748616882,-0.0015457497106158024,-0.0046300586353620644,-0.14041697671119005,-0.006628602533653107,-0.005467325002020796,-0.07250746337039665,-0.005966046380107791,-0.006164953924097561,-0.0906129608670017,-0.0032139424069436325,-0.00643224781335043,-0.11066567646736375,-0.006313121575539208,-0.012920152226632248,-0.12392560695978012,-0.012818469308054652,-0.015051481537412292,-0.057901628949649134,-0.007407758594218039,-0.017160751469983592,-0.07348714080994541,-0.0010353481821272045,-0.022023135379972143,-0.0909257057580052,0.0008230079830986469,-0.024797102038269583,-0.10437958510873153,-0.0033763581249190394,-0.02806151392489228
0.0,0.0,0.0,-0.02539568130851133,-0.007131193268588587,0.02267683496266977,-0.045060673842014884,-0.005962062086110661,0.04452710567675401,-0.06426807530809586,-0.002300113677941445,0.05743168200202117,-0.0861412044591178,-0.005283126597147523,0.06383544362197136,-0.07859822947982129,-3.0068918414111632e-18,0.013869490136607739,-0.09227424529932032,-0.0023403463859479282,0.023484384222801837,-0.10968654704572907,-0.002474482290438863,0.023934040054556446,-0.11911762627983818,-0.008434692299298973,0.019007100468306434,-0.075203162232768,-2.658986167101532e-18,-2.2988087295254723e-18,-0.0990040105492193,0.000712792517065083,0.0024694742730035878,-0.11829714847637866,-0.003022829764482992,-0.004331097566209839,-0.13099103341228432,-0.0074375574569764845,-0.003778711476606957,-0.07200965118421879,-0.005694072415458006,-0.005795616809718446,-0.0897025722173735,-0.0037267188325883446,-0.006599133134051126,-0.10605962320500056,-0.0070462660283855325,-0.01129852552894602,-0.11422093497320397,-0.011883911540216504,-0.011783104039015477,-0.05724697030654594,-0.0075645342702271795,-0.01705414588591083,-0.0726844524728645,-0.0016941322590422383,-0.022169162877800953,-0.08759914297988203,-0.0006402776113191435,-0.023891780824920616,-0.09739022273637192,-0.003883141483052127,-0.025562061628679723
0.0,0.0,0.0,-0.02556818656303067,-0.007287690111498161,0.024057946892274956,-0.04619247258592868,-0.005895470939264838,0.04507777806073067,-0.06714167036713314,-0.003080245965198881,0.05599130305167037,-0.08980676124431962,-0.005365018615473537,0.060919358196066115,-0.08032599043957214,-2.342974483361958e-18,0.015323341614285382,-0.09586246054447431,-0.003127846855535655,0.023311950774923797,-0.10956018070122372,-0.00551744010551147,0.02380641653980311,-0.11326933471498762,-0.012108741185288652,0.020055692835267182,-0.07716918400315163,-1.5620378046172997e-18,1.3456540809999017e-19,-0.10234900329083486,-0.0021727981975671576,0.001311739476102056,-0.11581394541927509,-0.00857183023086657,-0.0032636758621914183,-0.1221940824466178,-0.012163865505808783,-0.0007131098123498655,-0.07374552287437865,-0.00585394995130962,-0.0066699963374260455,-0.09231126960201837,-0.007266439678225904,-0.008414493026695188,-0.10323224212161362,-0.01244183083490121,-0.010032428732331492,-0.10514974979401287,-0.015519402543617064,-0.008146440102209496,-0.05852801383432256,-0.009334345580541954,-0.01879347225219828,-0.07471336231967646,-0.005920874901380106,-0.02425716177353359,-0.08607193298031011,-0.0073565251998010985,-0.02419634731766867,-0.0911627813703289,-0.009527256685422786,-0.023526591883221017
0.0,0.0,0.0,-0.02601758841758448,-0.007504633968075202,0.02616027344170779,-0.04845732050246599,-0.00690859246611131,0.046223148152584506,-0.07240514423268822,-0.005947641350735732,0.05512250931737559,-0.09641764188383985,-0.008012193440069275,0.05743721659053997,-0.08396182467991846,-3.8480678340924834e-19,0.01793227276115273,-0.10190693077395063,-0.005478915503089698,0.023839896301739185,-0.11061231703212825,-0.010794191424903333,0.02477819533979589,-0.10760340655584337,-0.017736657064533052,0.02285641293328799,-0.0810731242352027,-9.244095737835894e-19,1.262667163276439e-18,-0.10789170013788403,-0.007484411429500481,0.0007224568239841163,-0.11376099088451803,-0.016938294896239294,-0.0004593397379746112,-0.11352973333548848,-0.01783555018538331,0.0038553226295210056,-0.07693525883866222,-0.00645261876265027,-0.008698179180123758,-0.09671770660985338,-0.013597471884661596,-0.010607725919915208,-0.10076578396575293,-0.020978668945926916,-0.008139958810370917,-0.0964044750209916,-0.021016832358786756,-0.004103740386717726,-0.06111056137287268,-0.012225037462892264,-0.02194586745493845,-0.07834228073613896,-0.012958550529154561,-0.02694587900123173,-0.08512772402719457,-0.017811536908469813,-0.024031725262042527,-0.08498510661784892,-0.018021734288288165,-0.021177215065903192
0.0,0.0,0.0,-0.026562020620552382,-0.007920786146556197,0.028417816294720608,-0.05140520878138721,-0.008815591099237489,0.047605515300329866,-0.07892099238552952,-0.010235940033664036,0.05487022664399348,-0.10441139366891197,-0.01276309835946751,0.053919086000268755,-0.08821488588743241,6.958560284903313e-18,0.020922697589888205,-0.1080755242126385,-0.009234295883542224,0.025170954013986915,-0.11105251815776451,-0.017150262018275644,0.0268365536478086,-0.10151574336226699,-0.022862377758361443,0.026618415292056854,-0.08552255595837055,5.7093951991034966e-18,-2.82045864072489e-18,-0.11319342512901541,-0.014282783160706178,0.0015926782936235403,-0.11044907603255018,-0.02600862480488985,0.004186382184986996,-0.10459106043626025,-0.02149460383358444,0.008723624648386793,-0.08047508358248341,-0.0073151136983693466,-0.011354674046867514,-0.10062332648298614,-0.02135290763737586,-0.011651626411781314,-0.09714003347956661,-0.030166807971692414,-0.005120440743321232,-0.08763890496018807,-0.025321094508481332,-0.00033503517277105204,-0.06411013275718688,-0.015335684500708512,-0.02561916658276082,-0.08193231640257766,-0.021116829382959727,-0.028771421468057452,-0.08352316661436221,-0.029287802925445895,-0.02227844573337834,-0.07841727690105882,-0.026491956648752972,-0.018498954745761846
0.0,0.0,0.0,-0.027067234714356226,-0.008473283338516185,0.030313199187648212,-0.05449894386917139,-0.010859095516130294,0.04868908442302466,-0.08529529991266364,-0.01454783354154003,0.0548547331381659,-0.11207271617544164,-0.018120182884786083,0.05066128096973651,-0.09208250246511396,1.4691362851154803e-17,0.023460035350538463,-0.11268120618134109,-0.013566634955967537,0.027099599465075723,-0.11003289228080437,-0.023010895309511267,0.02944437213328579,-0.09527966376714737,-0.025841430513626765,0.030018419870586486,-0.08948068896159977,1.32242468085857e-17,2.487516513654923e-18,-0.11654406458110757,-0.02110786523653328,0.004087867743855879,-0.10527464522259114,-0.03379383327937786,0.009885988672146365,-0.09565813468029193,-0.02183682879610408,0.012448600100268875,-0.08371523639525458,-0.008123943712008454,-0.013986199709328146,-0.10244426974547992,-0.028717838792936778,-0.01074357137180555,-0.09177347460015582,-0.037737159877210213,-0.001279547992653145,-0.07894987736496739,-0.02667453436679541,0.002321073496163479,-0.06697052108033816,-0.017818254262028044,-0.028921026705109504,-0.08431308615286877,-0.028658916769780038,-0.02893139363497202,-0.08076258948834672,-0.03918639131089801,-0.018984684871341403,-0.0717597575765117,-0.032840790128420345,-0.016008989105492623
0.0,0.0,0.0,-0.02754193553828896,-0.008988066384851934,0.03156149590663928,-0.05729896644758152,-0.012474519231756359,0.04912591646965087,-0.09045420781662997,-0.018016474017431894,0.05472238552400133,-0.11821035834954535,-0.02315833282369537,0.047855690307086717,-0.09525437261187303,4.43009746432114e-19,0.025071018563186147,-0.11526833957441769,-0.017669952888525187,0.02932660813932733,-0.1078386553762785,-0.027390573035614728,0.032141031788877526,-0.08982751153137913,-0.026698063037162163,0.03229963423864022,-0.0926265037558517,-9.01616614391694e-19,3.2308841160037653e-18,-0.11756768174450369,-0.02672072588942232,0.007721880351227177,-0.09899968603960449,-0.039190128640531015,0.015660736625146235,-0.08773008788756645,-0.019531064211422394,0.014523613179497854,-0.086576694504846,-0.008643361751456673,-0.016106461222290577,-0.10192849769482284,-0.034348808697895375,-0.008047927918513099,-0.085375586832986,-0.04256363968182207,0.0027260812131632813,-0.07111554214469921,-0.025293580302751896,0.003631634517046137,-0.06955899396188236,-0.019272342916570737,-0.03129849124115936,-0.08510745929568843,-0.034478897837904504,-0.027360673189000987,-0.07722801632476971,-0.04599915872120126,-0.014871408831542414,-0.06586097279983052,-0.03632245039497009,-0.014006496394200563
0.0,0.0,0.0,-0.02814581494615353,-0.009306965989685043,0.032119912902600294,-0.05968772379742241,-0.013497946481901986,0.04886896044373252,-0.09410249862673678,-0.02050726273153534,0.054251440080209754,-0.12257036009912461,-0.027727088753243465,0.045508064864968834,-0.0979343976305531,-5.461441090967509e-18,0.025716952150887075,-0.11634308207378966,-0.0211230936926945,0.031638734657851775,-0.10532132588263199,-0.030134093313204637,0.03476265755630868,-0.08602133495491857,-0.026404765395598113,0.03342823982301088,-0.09511966188745324,-1.4933482866516358e-18,5.260762862659927e-18,-0.1169231504368339,-0.030511873020922314,0.01177426409457229,-0.09305642127997112,-0.042111880741445076,0.020822210532207223,-0.08185197712924548,-0.01617645348863331,0.015311635413615736,-0.08917928300579588,-0.008838474390676976,-0.01748394991944492,-0.09985796724428661,-0.03776481425191704,-0.0043169431966534446,-0.07932630759785803,-0.04471914138636324,0.006348481572991823,-0.06514712072518582,-0.02256733201005435,0.0039342672859854965,-0.07192313963246823,-0.019786857218465747,-0.032606313447754456,-0.08455217664492304,-0.03828373168535876,-0.02448167251453819,-0.07369130504365731,-0.049522840123167246,-0.0107141161099483,-0.06149854058940817,-0.03734067646084377,-0.01245829966577783
0.0,0.0,0.0,-0.028976180252536326,-0.009399383229578648,0.032062443479465304,-0.06173460539963746,-0.014045685538702096,0.04801664363398199,-0.09647500440031616,-0.02232690222498184,0.0532287775387599,-0.12547795524463093,-0.03195128172150772,0.04324949041751291,-0.10034587361881898,3.102917280934056e-18,0.025605388610806048,-0.11663870874876273,-0.023858067379577626,0.033831597050586096,-0.10314239219176621,-0.031567138333019426,0.03713096380799416,-0.08400586401273111,-0.025795724252912582,0.033616456220413204,-0.0971879604212116,2.77896885819019e-18,-1.7676162686058606e-18,-0.11552636114845351,-0.032573366807964535,0.015541203797466657,-0.08850139669682011,-0.04315399293451769,0.02493468477896073,-0.0783516165189593,-0.013069220433313976,0.015391363271621016,-0.09152399194155691,-0.008798167814610233,-0.018100905418068393,-0.0972457728894584,-0.03927033800218665,-0.000435779671835622,-0.07459236585692514,-0.044966415082898774,0.009249533033984396,-0.06144592767071229,-0.019772535073343284,0.0037066012568835963,-0.07405413035577373,-0.019691575627413783,-0.03297919930297914,-0.08312859226305246,-0.04042260993225541,-0.020968765479434263,-0.07065125291596666,-0.05049508977199959,-0.007097321474069677,-0.058817506650539975,-0.03679227675304727,-0.01129022702185508
0.0,0.0,0.0,-0.02988265626796534,-0.009352942751308675,0.031511441607916725,-0.06337041276683501,-0.014348272661932731,0.04672144865357636,-0.09780344999754577,-0.0238751589995726,0.051537620200778476,-0.12718008381478524,-0.0358688970588662,0.04055724373330444,-0.10239336109876744,-2.101906497535767e-17,0.02501715298658306,-0.11657164613122768,-0.02595066386586525,0.0356167230343203,-0.10146914497303151,-0.032131719953960636,0.03888527418992252,-0.08321103497651604,-0.025207483847850026,0.03307439902380139,-0.0988751673767843,-1.6970601603527686e-17,4.5809281240954026e-20,-0.11398099985941237,-0.03345490087661585,0.018437972498619788,-0.0855534074449945,-0.04310566291436285,0.027684480522009076,-0.07677677992535917,-0.010741527617636993,0.015175923270009347,-0.09343988460393808,-0.008651356093924853,-0.018075670326177275,-0.09478652747267234,-0.039603291686831084,0.002854055017118385,-0.07129400464261058,-0.044195873852648115,0.011252069244908838,-0.059597932540301865,-0.01748175365067128,0.003304877119158882,-0.07583950867693906,-0.019345455500736564,-0.032670848548748875,-0.0812848613759556,-0.04154757561661513,-0.017571734783429542,-0.06813626749685255,-0.0500141528870845,-0.004383867412363525,-0.05732417208340921,-0.03549290781759486,-0.010500747508139497
0.0,0.0,0.0,-0.03059844804584841,-0.009258419697466653,0.030690246981358138,-0.06439077875203669,-0.014597107181360671,0.0452407138292089,-0.09821623284215975,-0.025316618009631295,0.04937873806276787,-0.1277297723247166,-0.03930505000232642,0.03731534974082724,-0.10379790556592455,1.2413063286154644e-18,0.024257920366542934,-0.11623398697201122,-0.02743953565286303,0.03676155442322708,-0.10018188323982789,-0.03217221436619714,0.03976403884496745,-0.08286563301420555,-0.024643489802485177,0.032104161998974826,-0.1000835101884107,6.593369231194074e-19,-4.45637118789306e-18,-0.11250545901276272,-0.0337080822151351,0.02018545454665738,-0.08383011429879192,-0.04254145776359002,0.02900619220776741,-0.07633762167627717,-0.009120864407484183,0.014885775884288646,-0.09473357533925082,-0.00854201361559442,-0.017611170794009756,-0.09275689954996602,-0.03946018927562574,0.005138010490506977,-0.06902557180183246,-0.04303487703845283,0.012379104530719574,-0.0588008455478751,-0.01567941328391518,0.0029276813742425004,-0.07716613133906816,-0.01905119517502398,-0.03197743143635196,-0.07931544499050946,-0.04223767247724512,-0.014888187176838489,-0.06595065127017341,-0.04901152081852134,-0.0026607529234658786,-0.056307736546794385,-0.03396150506036874,-0.01003754283097449
0.0,0.0,0.0,-0.030999574268697122,-0.00915408544700988,0.029897705385851285,-0.0647414920443719,-0.014859421352614132,0.043894960764029156,-0.09794478730635715,-0.026530778915212966,0.047218502396629086,-0.12731721366584428,-0.041955543470303926,0.033999959313050346,-0.10444492528527002,1.0859617642403074e-17,0.023606975462793972,-0.11567152539557031,-0.028331404595346228,0.037278311292309116,-0.0991897656025042,-0.03192674868255641,0.03986205762625125,-0.08248126104778937,-0.024052531705239105,0.03113013918935074,-0.10077439056786465,1.1708800791633533e-17,7.954399481697784e-18,-0.11116190823415595,-0.03364214415205094,0.02090796889334978,-0.08282830012624876,-0.04177345896739829,0.02920644748850261,-0.07634980904862519,-0.007940370164584118,0.014660979503534753,-0.09536693234310507,-0.008569968134288931,-0.01694737171294857,-0.09117385486073912,-0.039242890053015296,0.006391510026489664,-0.06733628868945206,-0.041809090428840685,0.012870468326740037,-0.05834947687374788,-0.01418444813994036,0.0026889207015269668,-0.0780223728871027,-0.018988981049180637,-0.031194207466277896,-0.07740429922345694,-0.04278845729304705,-0.013164399787299299,-0.06396854614241998,-0.048031101987665935,-0.0017522086159346738,-0.055286985702011196,-0.03250410424548248,-0.009737033786955824
0.0,0.0,0.0,-0.031154895574331733,-0.009058788518354432,0.029345398502388653,-0.06461492601949768,-0.015086187927713055,0.0428979374033752,-0.09733975822935162,-0.027364530199442835,0.04545018025237606,-0.12634839214663,-0.043642894205964386,0.031205902197258346,-0.10446197571792533,1.5366460908984068e-17,0.023218503984018042,-0.11501875221299106,-0.028704349412602956,0.037375011867608866,-0.098549464926667,-0.03163856114680836,0.03950567821653377,-0.08198913020231467,-0.02355926558124204,0.03050707971288828,-0.10105129892106153,1.2507915626184812e-17,2.415087264062163e-18,-0.1100694587197832,-0.03343479268472408,0.02095778364650872,-0.08226715465558916,-0.04106610617960724,0.02880696152442623,-0.07646816127353115,-0.007104252107927248,0.01462918160598567,-0.09549099519826366,-0.00874024626925441,-0.016288119748681728,-0.09003736324290718,-0.039141766225479595,0.006853933870583421,-0.06602179840215426,-0.0407480385749853,0.013054779488374298,-0.05790356221642621,-0.012995499922694394,0.002671715855021331,-0.0785098728889054,-0.01918777645949349,-0.030539949174549743,-0.0757461025843846,-0.04327364780116516,-0.012310317290603603,-0.06226024158105761,-0.04734337344944861,-0.0013661979209562175,-0.05420635688347363,-0.031361612230705146,-0.009427278678336837
0.0,0.0,0.0,-0.031182877027981826,-0.00899734082512371,0.029064235497692947,-0.06428062206326286,-0.015206961169270365,0.04228430720703983,-0.09669603445362092,-0.027827932613704344,0.04418598648463199,-0.1252119512409072,-0.04447832390491621,0.029178574899838695,-0.10405260609351419,4.964168446945317e-18,0.023096591508095853,-0.11441251697600308,-0.028713187784827607,0.03726428843676558,-0.09834822450677083,-0.031528992473611295,0.03897932888136484,-0.08154159791584562,-0.023419769744232103,0.030345182341251487,-0.10106977109464438,2.1304630229286828e-18,-4.454095225077745e-18,-0.10938635920641684,-0.03324857410193542,0.02065458583197278,-0.08208194877109512,-0.04068025057712876,0.02824876177015729,-0.07662743525157302,-0.006705558816239589,0.014859453814980605,-0.09532741589224324,-0.008989778435877036,-0.015756909685062135,-0.08939722296500821,-0.03926007757977307,0.0068157319730957535,-0.06508390334032314,-0.04006105144902858,0.013166037021847425,-0.05742670816932249,-0.012269797600586605,0.0028919817273853417,-0.0787642375776393,-0.019566660193754946,-0.030122096702573434,-0.07452851726887762,-0.04369283473136226,-0.012095937190214139,-0.060977866073241856,-0.047084385807145426,-0.0012691406984860797,-0.053264283612902905,-0.030711920516255774,-0.009046199091486025
0.0,0.0,0.0,-0.031146269375314464,-0.008980291944167685,0.02897022034020869,-0.06392639117685149,-0.015216573874110389,0.04197830235693307,-0.09616479727686573,-0.02804432373325153,0.043354094668098274,-0.12415704924038076,-0.044746925508662466,0.027837450166122286,-0.10340533444507799,2.3360271819099664e-17,0.023159171631762367,-0.11392292903141284,-0.028505928183920472,0.03706974871897573,-0.09855225929078507,-0.031662405612469795,0.03844528853309467,-0.08124661369124676,-0.02373791011963574,0.030565411761763056,-0.10094731627749479,2.1189382673238778e-17,-6.06424542065862e-18,-0.10916715854128672,-0.03317300248570895,0.020202846778424495,-0.0822315246960387,-0.040701339366867685,0.027764007883471952,-0.0768347424838215,-0.006797412962243871,0.015321179547579262,-0.0950512358042374,-0.009243966365233109,-0.015391050913393772,-0.08923173904275582,-0.03959725838683201,0.006520377906895422,-0.06453934620306583,-0.03982110586574946,0.013294591663313706,-0.05697413989182743,-0.012083426938742554,0.0032838297723221353,-0.07887477478006337,-0.019997686719466574,-0.029940497944845046,-0.07381023056829376,-0.044027983105452584,-0.012271542587620731,-0.060165744285680396,-0.047232087498708636,-0.0013114322559265867,-0.05260934625958206,-0.030567682283010864,-0.008621075113781417
0.0,0.0,0.0,-0.031061800076353414,-0.008984217484445767,0.028962429011778992,-0.06363317616683085,-0.015164689254018746,0.041863834037981607,-0.09578888784656163,-0.028128517745237166,0.04284243801263394,-0.1233277291215274,-0.04470289683979211,0.02699451323837152,-0.10271120194419249,-3.001928217713083e-17,0.023300241905051977,-0.11358410837461778,-0.028187601959495122,0.03683923249227258,-0.09899848189407115,-0.03194126028893784,0.03800208075295047,-0.08109899338086596,-0.024344109964915206,0.031030065640256392,-0.10076377581321257,-2.3783163384031567e-17,-4.1243239822433314e-18,-0.10931619807886732,-0.03319055831585189,0.019734975573999503,-0.08260719549801956,-0.04099229647329541,0.02742427545068035,-0.07706581906707506,-0.0072738696441864165,0.015909423990232485,-0.09476803471344036,-0.00945694304426073,-0.015162332118140815,-0.08939012501783411,-0.04004531217546923,0.006158896797781366,-0.06433652647463374,-0.03992798335520177,0.013445463256162277,-0.05659617415932663,-0.012329235563476018,0.0037495431435610976,-0.07887840729535336,-0.020371812337691086,-0.02991026211697982,-0.07350143180160316,-0.044265686744317016,-0.012595004065156384,-0.05972994102264762,-0.04761252496762413,-0.0013747253375202926,-0.05223642339643336,-0.030769122954988473,-0.008204491919039757
0.0,0.0,0.0,-0.030940903572049087,-0.008978665523800899,0.0289650359977729,-0.06340533339151526,-0.015097728830216801,0.04181993400834095,-0.09553601790796915,-0.028142999952002448,0.04252781317861197,-0.12275561961494694,-0.044494578100706415,0.026459316470617358,-0.10213013139510066,3.357935490916885e-18,0.023423871882881607,-0.11339512087899997,-0.02784438224435822,0.036580792982470973,-0.09948852232817747,-0.032236571706495215,0.03768678452255905,-0.08104343959330348,-0.024973432162946348,0.031565884351000495,-0.1005845575731749,5.612048923970228e-18,-6.1508181772950526e-18,-0.10964575764833417,-0.03325361459326946,0.019321057937385644,-0.08305671644202517,-0.04135939161634032,0.027192650583279847,-0.07728301652010434,-0.00793797469398127,0.016486923490255847,-0.09453106893334812,-0.009625195570492035,-0.015019856455472944,-0.08966380203256631,-0.04048946586053602,0.00583533877403128,-0.06435348266766298,-0.040218434210947625,0.013573833448019941,-0.05632533595158667,-0.012808659338936696,0.0041943042692781565,-0.07880065998730063,-0.02065145734299044,-0.029927395652983677,-0.07344387358407527,-0.0444256842197122,-0.012898555124781556,-0.05952198357974059,-0.048034770556018305,-0.0014044638207971133,-0.05206165803751016,-0.03110600823606214,-0.007872622744005511
0.0,0.0,0.0,-0.0308022556299378,-0.008963102538516229,0.02893149070971928,-0.06320442023803541,-0.015035195233385172,0.0417566099449266,-0.09532218615007554,-0.02811128953092287,0.042284939066241777,-0.12234505103242288,-0.04420606361727767,0.026078438849085374,-0.10172295604274748,1.1253244829559985e-18,0.023464714044204107,-0.11328757452314574,-0.027547384326548272,0.03629630381116604,-0.09986487410071931,-0.03247266760263643,0.037455576685053234,-0.08100639534544836,-0.025452220577655563,0.0319765837381994,-0.10045552230541448,-4.108103955750497e-18,-6.67899475710966e-18,-0.1099565033205306,-0.033338956044214996,0.01896693300386275,-0.08342965110406513,-0.0416908408434574,0.0269677364475032,-0.07746028698331314,-0.008607270303940191,0.01692793987633227,-0.09435347583102391,-0.009772721286402627,-0.014916489661190547,-0.08987264091048401,-0.040880228711893146,0.005555689973531099,-0.06442260121355455,-0.040558508458535925,0.013614242732168819,-0.056156368367284624,-0.013347253292618802,0.004540718670498718,-0.07868024589645901,-0.020870478342472302,-0.029920355067542977,-0.0734736146135469,-0.04454730331882976,-0.01312382315869225,-0.05939315659870227,-0.04838086976054679,-0.0014322001070660034,-0.05199126857469971,-0.03142055809551795,-0.007698756994001786
0.0,0.0,0.0,-0.030655871224710585,-0.008952178998186684,0.028830636791255707,-0.06298741632419354,-0.014995434774399663,0.04161961642245838,-0.09506050750652387,-0.02806680294007465,0.041993667206008806,-0.12193999069375654,-0.0439216332754836,0.025727476679574566,-0.10146396350457572,-1.3047521590024861e-17,0.0233922717681408,-0.11315725456354274,-0.027331960224649388,0.03599232540916357,-0.10001660790599959,-0.032615292549131494,0.0372293446437551,-0.08089664429459717,-0.025697169241802473,0.03212478494387295,-0.10038856382964036,-1.1401594733547241e-17,-9.417212698576784e-19,-0.11010108407514232,-0.03343838032386565,0.018647515460677912,-0.08361275297438116,-0.04194031058280671,0.026658449439676976,-0.07758022714154723,-0.009171116993121379,0.017161270564002913,-0.09421523411141525,-0.009928507433967278,-0.014815999972003894,-0.0898897037506344,-0.04121332900888188,0.005285335302758082,-0.0643935357731592,-0.040864324969409255,0.013525809556610714,-0.05604739361068223,-0.013834398253564847,0.004754270042001256,-0.07854238375228947,-0.021094019581454307,-0.029848105029612514,-0.07343120733929827,-0.044658572758511435,-0.013268573817138654,-0.059201649833015,-0.0485876683341098,-0.0015091143027997718,-0.0519383103548043,-0.03161519210081587,-0.007702216237176859
0.0,0.0,0.0,-0.030479128621542905,-0.0089410034711431,0.028638604884396023,-0.06272519493640938,-0.015028550023106489,0.041380497938747915,-0.09470140564321979,-0.028097385774746363,0.04154952815803817,-0.1214127478346671,-0.04375886312878345,0.02528209200580222,-0.10128922632427083,-1.1908530687535933e-17,0.023216617328340943,-0.11292321450839685,-0.02719288467865253,0.03568156780228288,-0.09986382546531918,-0.03265126117492419,0.03696193348989275,-0.08062820362297168,-0.02566652060577524,0.032006622838993214,-0.1003530036920917,-3.685441659436004e-18,2.148076090776495e-18,-0.11001467023145413,-0.033548239773024575,0.018338077503107744,-0.08354815992391543,-0.04207229433753423,0.02623569827149048,-0.07762929656007714,-0.009612128125975637,0.017185908643467713,-0.09406764449613327,-0.010111603436717048,-0.014705287793051467,-0.08964069319836725,-0.04149463937379355,0.004998760699733081,-0.0641897835655903,-0.04110321331671363,0.013307713243416681,-0.05594406327564836,-0.014218838548028544,0.00484746903874121,-0.07836673851721697,-0.02137578588405623,-0.02970187540579011,-0.07317712359562138,-0.04477193197867408,-0.013345940745918886,-0.05882235300731937,-0.04862861509918775,-0.0016526901982304276,-0.05182424413516935,-0.03164000973805804,-0.007853475601817192
0.0,0.0,0.0,-0.03022496859969694,-0.008913351659218617,0.028359720933665913,-0.062401249027627496,-0.015198696432764471,0.04105756004903169,-0.09424429430493446,-0.02830723959137623,0.04093098257870312,-0.12071428974046775,-0.04382975118244928,0.024662937016675206,-0.10111653308404994,-7.68863463355882e-18,0.02299439539514729,-0.11254976736541777,-0.027102056840419872,0.0353907580760656,-0.09938264663519053,-0.03259458380435845,0.03666345254702416,-0.08016976502698388,-0.025386377314052813,0.03174524610731179,-0.10028527315496502,-1.014512524912919e-17,2.0077450851001375e-18,-0.10972352334218739,-0.03366618893117794,0.018024634381724806,-0.08324800896596904,-0.042070741664492366,0.025733415710938838,-0.07760146876531811,-0.009993886500996927,0.017054426829068013,-0.09385797848573142,-0.010315901987140245,-0.014599049551146846,-0.0891432896908675,-0.04172333640290785,0.00469165737294361,-0.06383474085958034,-0.04128387271123589,0.012989587931637547,-0.05580791849345144,-0.014509756125182745,0.004855543396958547,-0.07811363435696202,-0.021720228873844283,-0.0295216194454601,-0.07266391451384593,-0.04488154517234036,-0.013389449986334139,-0.0582018697885428,-0.04852137780550282,-0.0018427930386029237,-0.05159852233508835,-0.031507622774909025,-0.008094915577348401
0.0,0.0,0.0,-0.029864982042895016,-0.008874526899238509,0.02803881803593283,-0.06202003200973966,-0.015527509263802251,0.04072069212620556,-0.09373586892042379,-0.028725779346965512,0.04023315470446706,-0.11988772704883484,-0.044154698340940435,0.02388451106874289,-0.10088484748939941,-1.820602263572487e-18,0.022798737740897305,-0.11206138098877726,-0.02703606527764807,0.03514589251883771,-0.09864078638461904,-0.032479002360061605,0.036371551777153,-0.07958320926096321,-0.0249532096082564,0.03150647120267209,-0.10013399188354861,-2.0332725930652437e-18,7.904990306443532e-18,-0.10932775954931061,-0.03378118122486444,0.017698028846258165,-0.08279988844146961,-0.04196289793071579,0.025220109115257253,-0.07749892207879053,-0.010409899151355415,0.01684313252792346,-0.09356924310747994,-0.01050669722322453,-0.014521864879145922,-0.08853374760240856,-0.0418827022132143,0.00437570706121376,-0.06343959319040346,-0.041435670077511484,0.01261630668513679,-0.05563456593150784,-0.014766861814566939,0.004814730709030539,-0.07777450107370633,-0.022070645753530235,-0.029371492641834373,-0.07198352661907138,-0.04495874640204504,-0.01345257190687267,-0.0574117889457023,-0.048320563144887654,-0.002039357701354046,-0.05126654552509958,-0.03129675289735928,-0.008352208474084417
0.0,0.0,0.0,-0.029415020356736352,-0.00885982033933859,0.027739208950674686,-0.061611072662690114,-0.015976645148040976,0.040457155024295866,-0.09324854155934897,-0.029287138639790457,0.03960637060237421,-0.11904218591993752,-0.04465037399591719,0.023039078093603525,-0.10059538355239413,2.901662353584973e-18,0.022674991708866048,-0.11153873681976202,-0.026988311913861942,0.034961141414329315,-0.09778202428395835,-0.03232505668997418,0.03612244397091515,-0.07900432744415724,-0.02446727843393715,0.03140740871387722,-0.09990120864797908,-1.3214399331027146e-18,2.2485115915977456e-18,-0.10893974529883114,-0.033871084565411505,0.017355498410044298,-0.08232622738322093,-0.04180086973161399,0.02477378192094457,-0.07732571136004335,-0.010915832058162872,0.016631798544347563,-0.09322930388342636,-0.010642127857844103,-0.014487389196773445,-0.0879993361516703,-0.04194920390593408,0.004071980418103836,-0.06312842844396832,-0.04158809284254284,0.012235606853309018,-0.05543738261701549,-0.015050703541855294,0.004753992850970229,-0.07738358128235195,-0.022343002937459402,-0.02928805297305107,-0.07130397628256291,-0.04497234053624137,-0.013586608074557381,-0.05660988962040682,-0.04809984357828151,-0.002209918281711952,-0.05087724162030625,-0.031116975784779077,-0.00856565150257416
0.0,0.0,0.0,-0.028926931998330418,-0.008907168582585431,0.02752636969972111,-0.061218646798769816,-0.016484858075917416,0.04034741380943309,-0.09284918318253742,-0.029893597508410346,0.03920596817683341,-0.11831172410594529,-0.04522569040411989,0.022296837293739494,-0.10030610331004468,-8.082860821296598e-18,0.022633652542673185,-0.11107551904769852,-0.026954486028717067,0.03487349976251311,-0.0969669485308348,-0.03210766474546581,0.035966806029980876,-0.07857761634248257,-0.023975972947007082,0.031485749602787654,-0.09963653527630112,-7.335883154033309e-18,2.351891947502081e-18,-0.10861328043629241,-0.0339108483743298,0.017041541200812506,-0.08191119082619049,-0.041612512811834416,0.024490833727804775,-0.07707842539017812,-0.011463245670635648,0.016496234001671488,-0.0928905412980653,-0.010696129130885829,-0.014496724331465954,-0.08766684895177465,-0.04190488615951561,0.003832252649142295,-0.06295272218672356,-0.04174105412196598,0.011913437403059708,-0.05522603160152836,-0.01535750322217723,0.00470212798264425,-0.07699922308162763,-0.022477908742780144,-0.02925966361080681,-0.07076989427201917,-0.04491428583888989,-0.013792358643305242,-0.05594162324222086,-0.047922479662929396,-0.002322721007392111,-0.05047500980776415,-0.03104687418627715,-0.008705563997348831
0.0,0.0,0.0,-0.02846333755896046,-0.00902182071041061,0.027457720241216035,-0.06089151974628172,-0.01699676196317887,0.04044732665736889,-0.09258555511019066,-0.03045873038788747,0.03917346574818028,-0.1178316395138738,-0.045850276449782894,0.021899286189614005,-0.10011251883688066,3.089481946737094e-18,0.022659131640507178,-0.11074971566705737,-0.026926842162594392,0.034953469221025324,-0.09631001649081924,-0.03176572310584812,0.03598263778538839,-0.07839150000571177,-0.023453527050930855,0.03171742119203334,-0.09941123887465447,5.4296682149905766e-18,4.0333194936737165e-18,-0.10833390225321594,-0.03388346087128089,0.016870240345300443,-0.08156635024299323,-0.04137372035286008,0.024484937933601077,-0.07674831503026007,-0.011886399235521393,0.016486637980670564,-0.0926195483838632,-0.01066563944405237,-0.014544351446849358,-0.08755705830052672,-0.04173633598043356,0.003756008027658922,-0.0628783029851192,-0.04184720124812238,0.011744254620475144,-0.05501742668842212,-0.015601952128457651,0.004687608567492497,-0.0766905799057787,-0.02246772323925719,-0.029243245003547233,-0.0704646348082339,-0.0448036356923169,-0.013983465398778814,-0.05548969010938537,-0.047808766760048034,-0.002316665700191176,-0.050081722254462134,-0.031090550975502333,-0.008759497277984205
0.0,0.0,0.0,-0.02806841344086738,-0.009170459408409392,0.027552578613150285,-0.060669123357320165,-0.01746505546562545,0.04074984194211677,-0.09248085222396388,-0.03091717693559332,0.0395581769748329,-0.11769334132417734,-0.046523216050125056,0.022018661510610375,-0.10011366412748818,1.1677188069296215e-17,0.02271339201838807,-0.11061146831631573,-0.026921489701699716,0.035235742490056156,-0.09584249426876343,-0.031282230261033724,0.0362200370492539,-0.07843528790522673,-0.022844670224601512,0.03203037066315351,-0.0992938563078529,6.8622555856856095e-18,-4.214198852161746e-18,-0.10807408022632733,-0.03379953027654303,0.016949726528203403,-0.08125717076922734,-0.0410576408888697,0.024814706273722693,-0.0763420896614229,-0.0119979965946663,0.016591163680286063,-0.09248444499322471,-0.010572952286468623,-0.014623206491060841,-0.0876181745464428,-0.0414567908101644,0.00392353601494831,-0.06282425727747562,-0.041853853593264684,0.011797816618319993,-0.054838122785485485,-0.015679203804827253,0.0047091551003168135,-0.0765177333133349,-0.022349802826976354,-0.029210145749563057,-0.07041189420804615,-0.04468431477393102,-0.01404927601696056,-0.0552779236422221,-0.04775316904059368,-0.002142891873790519,-0.04971322903953528,-0.031193797491172816,-0.008749101973688111
0.0,0.0,0.0,-0.027760225833822795,-0.009310152426853435,0.02777433776380575,-0.0605717604856005,-0.017859713977642244,0.04116764045759675,-0.09253283796691178,-0.0312531877431934,0.04023144879234428,-0.11788226493221604,-0.04722329002459719,0.022570277455387613,-0.10034881276891139,-7.39151710467041e-18,0.02276408404065526,-0.11066459294448631,-0.026994789117585963,0.03565247485811529,-0.09553485771789703,-0.03076903290072071,0.03663064901060614,-0.0786046995452777,-0.02217784912608452,0.03231568993293454,-0.09932051736595308,-1.2807207941006017e-17,-4.171960446913113e-18,-0.10785040652919446,-0.03371921243299667,0.017275004149677118,-0.08094667276170628,-0.040727418553593076,0.025408681986727858,-0.07589177424277452,-0.011733980514462934,0.016738310333530265,-0.09251705374704863,-0.010462879186958996,-0.01473833006046229,-0.0877842472564132,-0.04115549038901222,0.004293430140384704,-0.06270340199176497,-0.04177947181197578,0.0120492583802103,-0.05468777546466279,-0.015550680965662316,0.004718956201663523,-0.07648985433644348,-0.022186819654363824,-0.029194361155732037,-0.07058349887689286,-0.04462294586613253,-0.013981929510718055,-0.05528509119859755,-0.04778712709258358,-0.0018599113262225207,-0.04938455800966621,-0.03130630228879081,-0.008762315334771507
0.0,0.0,0.0,-0.027542075794384353,-0.009419190205996818,0.02806146462778109,-0.06060101904200391,-0.018176294621709038,0.04159237003806298,-0.09273553748338187,-0.03149738407773082,0.04096573694900818,-0.11830709035292604,-0.04789174297439276,0.023267502134823093,-0.10076831691900899,-1.0000241973283484e-18,0.02281822565156919,-0.11088277583991794,-0.027202746563562762,0.03605977136121531,-0.09536578690265034,-0.030433324585304376,0.03709366788292217,-0.07876769521090334,-0.021599881735636105,0.032484442384194394,-0.09947949798430937,1.8629913513397236e-20,-2.3073018191945248e-18,-0.10773770358402815,-0.033734493875095486,0.01772831255197596,-0.08062749682363922,-0.040539204643501796,0.026105688328390587,-0.0754361429789821,-0.011197160787998256,0.016862238890233718,-0.09269070158931232,-0.010379433890099312,-0.014911720562979274,-0.08803032009659813,-0.04098023385962154,0.0047095200351500634,-0.062473501266892696,-0.04171864559506011,0.012392700732603791,-0.05453001207225654,-0.015266070644635596,0.0046629198281518,-0.07655136594070634,-0.02203595957841173,-0.029279421103832203,-0.07094177833442747,-0.044672776741422636,-0.013903962685651007,-0.05547983496476537,-0.04798934684193442,-0.001628026000150734,-0.049115864289330555,-0.031427093993069144,-0.008913069581708654
0.0,0.0,0.0,-0.02740500055058882,-0.009498163691392413,0.0283857153212321,-0.06072865755606289,-0.018413339015571618,0.042001500814319255,-0.09308982259697457,-0.03164791147649997,0.04165588794616331,-0.11889592117657162,-0.048411816751865976,0.023943916145429903,-0.1012497564029264,-5.576399933529319e-18,0.02292397738630377,-0.11124466016082915,-0.02751594291050251,0.03633612874265787,-0.09537371258603487,-0.03042726629779787,0.0375179640153886,-0.0788421106255007,-0.021281807454792512,0.032547028997281416,-0.09970543178506872,-3.4414416762326905e-18,-3.765046592915594e-18,-0.10782172178059626,-0.03389456000794578,0.018172681148778267,-0.08033086603388069,-0.04061857133865234,0.026761712422301565,-0.0749964525135325,-0.01057553259356187,0.016957820828049183,-0.09292100272294244,-0.010336584574469015,-0.015162585816937807,-0.08838897038323647,-0.041025172927312906,0.005005617612859954,-0.06218662494947755,-0.04175398411796957,0.012714951567358955,-0.05434730868579156,-0.014929411824298607,0.00452988377017047,-0.07660340398127957,-0.02191831339480344,-0.029529090103621335,-0.07148403956512211,-0.04480940277263212,-0.013970952353442959,-0.05585899098421698,-0.04841010434731061,-0.001589455625659233,-0.048946220034766626,-0.031600463507822585,-0.009239674808503247
0.0,0.0,0.0,-0.0273234345248738,-0.00955251278168744,0.028775771780604153,-0.06087121459725806,-0.018539238888456856,0.04249685309081119,-0.09355315444130143,-0.031611531356725675,0.04242484537537161,-0.11959161491648156,-0.048579175778688914,0.024755718794543708,-0.10160609031250963,-1.324132223503091e-17,0.02315335270041285,-0.11172360943291904,-0.027761449910079432,0.036435390412357604,-0.09565892906284583,-0.03073539841563675,0.037869030899936845,-0.07885101268804731,-0.021363087592909173,0.0326022768976547,-0.09985408244094614,-1.0315895583699042e-17,2.31513502443412e-18,-0.1081355758941711,-0.03414222119607973,0.018479404236897853,-0.08013503454674582,-0.04095595596110368,0.02725296443450096,-0.07460113964985975,-0.010080235517190688,0.017046220625960763,-0.09304995955468481,-0.010317397006148659,-0.015492348170689448,-0.08891873610953768,-0.04124844373576604,0.005035105868279065,-0.06202155601277735,-0.04189898670719389,0.012892335045939585,-0.05422398068252288,-0.014695377377466881,0.004336437882256647,-0.07650262027635027,-0.021825334670104838,-0.029952038879248924,-0.07223372650411358,-0.04490775939929932,-0.014321501243002337,-0.05646825970036643,-0.049011332152104375,-0.0018266322163232292,-0.048944216277867277,-0.0319008251915061,-0.00967875017844256
0.0,0.0,0.0,-0.027259103422505832,-0.009575002183860983,0.029283556399363166,-0.060877482248195953,-0.018472713360097492,0.04322773043633873,-0.09397499090098592,-0.03121399995587693,0.04351007538912616,-0.12026338856845764,-0.04808036853989535,0.026078605974895967,-0.10162914065452346,-1.668907040453108e-17,0.023567606035771797,-0.11227529185707724,-0.027670793933061207,0.03631566563575427,-0.09635500709348709,-0.03119846087649812,0.03808691007091543,-0.07895749737954265,-0.021973395326371898,0.03271175912676078,-0.09970976960808484,-1.5499000386000368e-17,-9.751753618647297e-18,-0.10868219807903184,-0.03431762065465832,0.018458921669787676,-0.08023206684341894,-0.04142125394720033,0.027361975755623193,-0.07440523466468611,-0.009947335931897075,0.017094764107772692,-0.09286367397938768,-0.010297968991668082,-0.015893998549766513,-0.08969293155682632,-0.041481883653264766,0.004581937230476951,-0.06233041405007025,-0.042126276855173804,0.012699431180599005,-0.05443999730978599,-0.014800066950402322,0.004073606627699072,-0.07606788378096833,-0.02173966778125717,-0.030534906426457918,-0.07322900740940513,-0.04477306458074729,-0.015140890807251402,-0.057450890138329234,-0.049669981382333174,-0.0024714678358695734,-0.049253142991377216,-0.03241065030345787,-0.01016661601749706
0.0,0.0,0.0,-0.027164726760036485,-0.009527641568500606,0.02991749677435513,-0.06054554721839849,-0.018073809366681168,0.04427447788362783,-0.09408174152664825,-0.03021177962791942,0.045081350391182134,-0.12065786754659712,-0.0464816503825975,0.028305580050813323,-0.10117191362005071,-1.4877353371163978e-17,0.024159336485935577,-0.11287460714197295,-0.02698644522146603,0.035834883282494526,-0.09761206015638427,-0.03160043668861205,0.03801070613050014,-0.07946464338479414,-0.023230127476208208,0.032811579727097584,-0.09906021357927017,-1.2027087794919742e-17,-4.8796820112543086e-18,-0.10953234119855769,-0.03419193301305217,0.017803775779383857,-0.08103919191732929,-0.04184444586328766,0.02669737954091176,-0.07482029789611527,-0.010487850903386095,0.017013069419483814,-0.09217385485202806,-0.010267221242744267,-0.016345479767804157,-0.09084324296940988,-0.04148597334297044,0.0033000343424565218,-0.06367110629851176,-0.04243457154420528,0.011781399462601148,-0.05549522887491762,-0.015604044292657191,0.0037153838935822807,-0.07513743192896086,-0.02164044870593436,-0.03126037387048275,-0.07452867027110925,-0.04418471874736971,-0.01670095646771968,-0.05907680174491042,-0.05020443305237128,-0.0038052183421830805,-0.05013626972209537,-0.033186755239425735,-0.010728483632209192
0.0,0.0,0.0,-0.026985914381434026,-0.009336619872996584,0.030563830763500503,-0.059677771173473296,-0.017161695901709396,0.04555727657163575,-0.09350537575570161,-0.02831444384876058,0.04712029646565162,-0.1203921577095613,-0.04329857940115195,0.031684785090069355,-0.10016195397108575,8.52019492961147e-18,0.024795217771851293,-0.11352788969036219,-0.02550349240156631,0.03476067484181177,-0.09960545138081178,-0.03169091881272096,0.03737790773253004,-0.08079316212192403,-0.025167911161106407,0.03275292978891601,-0.09776461108316331,8.751931367826839e-18,-1.8404019712736675e-18,-0.11084134219765748,-0.03348385903962749,0.016119881084169996,-0.08322328104832918,-0.04205850144091219,0.02475764956433504,-0.07647279781153728,-0.012153281550290784,0.016728262882351432,-0.0908811839107279,-0.010228465816917352,-0.016744100684030094,-0.09257531838506242,-0.04100304679720847,0.0008224647090490016,-0.06672309083276141,-0.0428783195331847,0.009777587824055481,-0.057960701589090564,-0.017602432545497437,0.003293913695102942,-0.07363091934379362,-0.021507385732577974,-0.032019451778870424,-0.07616870177889769,-0.042937678229766886,-0.019238446659213537,-0.06165678313868214,-0.05038961099333703,-0.006189713417879987,-0.05192511955586698,-0.03424295637554151,-0.011444130043429123
0.0,0.0,0.0,-0.026692517561008898,-0.008922769514804649,0.030960206582373206,-0.058175907281301655,-0.015559954669689053,0.04683134969213255,-0.09188428599356467,-0.025259179607223202,0.04944763274684819,-0.1190419103717874,-0.03819086760353287,0.03630236705293207,-0.09857678151800732,-9.38255709136353e-18,0.025192364357113573,-0.11419977633819864,-0.023049451026410702,0.03293848620551126,-0.10250927118703895,-0.03110138897866767,0.03592835041349163,-0.08344476007956043,-0.027571914893324175,0.03234800253175618,-0.09580140369160073,-5.707083629438704e-18,-3.643002529165171e-18,-0.11270491081721652,-0.03182705571527604,0.013136045010815603,-0.0874935365804038,-0.04178925361697608,0.02118266611005488,-0.0799599369737406,-0.015323679756807432,0.016186551248457234,-0.08902262095005778,-0.010172223741291592,-0.016839572762624433,-0.09506597982123838,-0.039707457553665185,-0.0029222002550116856,-0.07203233815103448,-0.04336992453348865,0.006542717531890441,-0.062244170281033774,-0.021161078863073196,0.0028701924487820954,-0.07161643983444813,-0.021284401180618633,-0.03248687896841626,-0.0780879199540455,-0.040813041893220034,-0.02265152206313488,-0.06542130187330118,-0.049875441080419664,-0.0098115085412041,-0.0549263283244712,-0.03546148672939551,-0.012371646083183516
0.0,0.0,0.0,-0.02628666342185252,-0.008268509952709816,0.03081142722870819,-0.05606284390183893,-0.013195496798214397,0.047819350374466635,-0.0889490001461891,-0.02096042027236552,0.05189564787196293,-0.11622805215815363,-0.031237628867136262,0.04218988085816965,-0.09643271832983003,2.7588848694630256e-18,0.02499145047745447,-0.11462273516067865,-0.01949456315649418,0.030524481044705887,-0.1062726552201504,-0.029234668052341102,0.033633266494221055,-0.0878405579729892,-0.02972226419288677,0.031370355402423125,-0.09328982038679963,1.3270310224030756e-18,2.323324290528268e-18,-0.11488629327899756,-0.028700638462906155,0.00906490879771102,-0.09407185974082222,-0.040358555694782965,0.016089005371909854,-0.08559294973607999,-0.019611287276578883,0.015213051394864585,-0.08681550147649561,-0.01003586254653114,-0.016328184966535098,-0.09819326070054457,-0.037041596884617514,-0.007381634196417408,-0.07959954869659608,-0.04321803199123028,0.002308685950587831,-0.06846026545000898,-0.02583467214070733,0.0023136073239372694,-0.06936528781349424,-0.020799167489516924,-0.03220629528373936,-0.08004827508789975,-0.03745856971059345,-0.026281833973952683,-0.07037507990125895,-0.04799085423026634,-0.014419349168975956,-0.059360338983272386,-0.03632793479034573,-0.013563832250703125
0.0,0.0,0.0,-0.02571682543099549,-0.007464575326692006,0.029992813712030622,-0.053357509640058566,-0.010280416074397771,0.04836237359629055,-0.08447607031564862,-0.015750349429904838,0.054375317539366676,-0.11154989777698118,-0.02318671640676998,0.0491826726800828,-0.09375789033737096,1.285643855992435e-17,0.02396040409322088,-0.11413988958888888,-0.014906963454396604,0.028038730562217423,-0.1102564695746063,-0.02539165786911438,0.030876538192831038,-0.0939406584117206,-0.03023752981479403,0.029655432269864942,-0.09045516647042934,9.120372876044028e-18,-2.515094919458256e-18,-0.11659240766682652,-0.023643795838042724,0.00476985749426087,-0.10207738679496633,-0.03661924951938114,0.010207502248084597,-0.09321181822909547,-0.023240527104585813,0.013467055111887815,-0.08459607777697596,-0.00970310628078494,-0.015102367138598513,-0.10123817598447601,-0.03234961679055197,-0.0114425432633063,-0.08844765223370347,-0.04098666957826493,-0.002319083259971947,-0.07635545862489909,-0.02979986206035238,0.00122700967780021,-0.0672801896357405,-0.01976890995727526,-0.030931300916717263,-0.08159966591887552,-0.032491298110444475,-0.02916728506741714,-0.07601710333342156,-0.043778836620991274,-0.01931245167944361,-0.06518432689650519,-0.03573557451468159,-0.015141479791616261
0.0,0.0,0.0,-0.024898557689615877,-0.006660563164743681,0.02863713695195213,-0.05011796036546768,-0.007347251511149512,0.04843322379729218,-0.07847802994634315,-0.010395999386071768,0.05674149601174308,-0.10485253204194966,-0.01530758402249423,0.05661328885377269,-0.09064543522234643,3.335498156240238e-18,0.0221770971097501,-0.11208246927495889,-0.009812190180144521,0.02609957514767512,-0.11342117105615065,-0.019375604822762463,0.028354576933584102,-0.10104854909979524,-0.027635661047041116,0.027363791093872162,-0.08758336149711501,5.545033150785241e-18,-3.681269718034174e-18,-0.11680114305087472,-0.016926744301184883,0.0014288584152888214,-0.1097305542790526,-0.02982664118776595,0.004675563193295397,-0.10208024722418481,-0.023762751207324278,0.010760878821378822,-0.08262072107148966,-0.009079714162810445,-0.013348107659853047,-0.10309300217227066,-0.025607245454024968,-0.0139678674716747,-0.09675204359473755,-0.03548395285184038,-0.0064968585735319965,-0.08518215218665572,-0.030594388248025038,-0.0006824124105337344,-0.06566384360995609,-0.01797567405218353,-0.02882017102421884,-0.08229455500814774,-0.026002432811401455,-0.030595674136659964,-0.08133100499332423,-0.03670367694385407,-0.02359817714095202,-0.07189703723075659,-0.032519347619764744,-0.01723039549387496
0.0,0.0,0.0,-0.02394264447248588,-0.0059962364547253445,0.027022546435272785,-0.04676200456772803,-0.005041832930777251,0.04809129278722371,-0.07173398147204153,-0.0057715173683245405,0.05879530358372443,-0.09694893988725457,-0.008864601478509117,0.06349734230711318,-0.08741987162743337,-1.7413426988809756e-18,0.019996761062833126,-0.10859264270002356,-0.005153443301723482,0.02504830914121702,-0.11533634711065029,-0.012104283058266463,0.026714064275883253,-0.10846747203051525,-0.021816987310101236,0.025104949171750664,-0.08498107093329219,-2.0527599462213898e-18,-5.5152154124810894e-18,-0.11521339947190955,-0.009804468470860434,-0.00016071478617387758,-0.11581543835111205,-0.020823199974804914,0.00048513196863658406,-0.11144498131229867,-0.020177199476593514,0.00737030372578449,-0.08095796098603333,-0.008226853062474282,-0.011404384666841207,-0.10319435208766098,-0.017914209938043626,-0.014472749042734715,-0.10314052787877899,-0.02723006901424367,-0.009570627601621329,-0.0942080050917663,-0.027286900692307,-0.003327787342306375,-0.06458554389685482,-0.01552128421255366,-0.026292003094061392,-0.08212696043268171,-0.01885043834772614,-0.030475295528247678,-0.08559600070698586,-0.027513549874912183,-0.026654224819411994,-0.07897534493995685,-0.026689485533359897,-0.019888186840695276
0.0,0.0,0.0,-0.02323298378967892,-0.005626941298784591,0.025446616036926377,-0.04410581539880836,-0.004005413391294128,0.04753199840995453,-0.06586350704530783,-0.0028067102991651887,0.06055304546677453,-0.08978182938906265,-0.005027818681848244,0.06914693537402994,-0.08481153177994176,9.829712841870893e-18,0.017927331632160256,-0.10498852614763805,-0.0018699914455011088,0.02486058835597689,-0.1168407701286488,-0.005407753721263009,0.02626493468379661,-0.11634326537668167,-0.014870615591295412,0.02364310490949134,-0.08309894402026013,9.224567246456841e-18,-5.133548825627832e-18,-0.11286997397734028,-0.003804389553491473,-2.1963801457198784e-05,-0.12082432382812544,-0.011847007597344864,-0.002024763533091131,-0.12150638400913293,-0.014087821439481557,0.0038874778394836175,-0.07977556819526467,-0.007413739036858487,-0.009696622709492977,-0.10229714519320217,-0.01097784627519686,-0.013464094794725868,-0.10800832349996525,-0.01850504194241601,-0.011596817339385385,-0.10375737007720316,-0.021718996689051293,-0.006537882879211136,-0.064134567416857,-0.012969050694280646,-0.02391701692024483,-0.081766845905736,-0.012352224236002794,-0.02937278123331845,-0.08919796048452044,-0.018142244550968602,-0.028525570500728636,-0.08662247224650572,-0.019889238331909094,-0.023192609720475602
0.0,0.0,0.0,-0.023099826642636108,-0.00563158402208071,0.02420424607361464,-0.042822520309709566,-0.0045699022721965,0.04704552188079965,-0.06238278633327704,-0.002260337372761147,0.062203976659550984,-0.08530667653806064,-0.004561959478876073,0.07331676027913521,-0.08368765346600943,7.836237275684279e-19,0.016533251675995602,-0.10301838307232773,-0.0004366963472626009,0.02530665183000431,-0.11922529281001203,-0.0009404281632801003,0.02691453997936908,-0.1250075461755244,-0.009622828330481222,0.02342648355922082,-0.08253298397462021,1.7553596939149786e-18,-3.25774245940296e-18,-0.111513441940461,4.9454038791372984e-05,0.0011388374372722327,-0.12603551911063926,-0.005080390060866494,-0.003150553543725358,-0.13273020485430098,-0.008282353367953594,0.0009136980142726018,-0.0794986205555514,-0.0069458903085615935,-0.008709883712914038,-0.10197151797751382,-0.006239807533474215,-0.012150760327674254,-0.11279037952040682,-0.011812654631766081,-0.013235016101957466,-0.11460320380836188,-0.01689308346855504,-0.010278380345139351,-0.06456983428832655,-0.011129679884525427,-0.02237464040957778,-0.08216187755855184,-0.007770057396961281,-0.02827515431770729,-0.09307024954684816,-0.010697430851275412,-0.029816300836626206,-0.09530940764980018,-0.014206235188713974,-0.02714115709041823
0.0,0.0,0.0,-0.02346940665767855,-0.005785911898126322,0.023509179525620604,-0.04292110734055781,-0.006144596181828644,0.04678107143645259,-0.06161223756439346,-0.003612121002397572,0.06365958987857338,-0.0840855681491464,-0.006493933661373644,0.07590469263917302,-0.08427708040166897,-2.0310366952003493e-18,0.016131794209250944,-0.10349874162931891,-0.00046341535550087457,0.026014070983197794,-0.12289193337575692,0.0010325651513073992,0.028141099673449677,-0.13382103709843277,-0.007240469829280601,0.024294428972451702,-0.08347332687654337,-4.786178941499731e-19,-6.660552344132477e-19,-0.1121765955389007,0.0016796388008072996,0.002364593666978002,-0.1318657477891617,-0.0013413468564860297,-0.003533270180527024,-0.14433169314849992,-0.004452020065584148,-0.001207572490523014,-0.08031892993380309,-0.006892961424461952,-0.008664954009098655,-0.10324286530013256,-0.0041133161672824835,-0.01168971023681147,-0.11822661145100287,-0.008236278870781733,-0.01512040439377809,-0.12634128732999617,-0.01430862509040424,-0.014339998589976848,-0.06596519733514064,-0.010466144087539899,-0.022051754024637837,-0.08378790972575796,-0.0056639150743284395,-0.028053037611956294,-0.09757264573780258,-0.006303554713845578,-0.03121667319661181,-0.10471532546855546,-0.010687204125126198,-0.03135423498852437
0.0,0.0,0.0,-0.023983028141623695,-0.005754197519556083,0.023347361216933697,-0.04384026508660218,-0.00762189792342977,0.04672213578197573,-0.06267914385409289,-0.0052380252166308655,0.0646895876219075,-0.08514670160511893,-0.008614460343148644,0.07712506628049866,-0.08588523471721506,5.6257515365794505e-18,0.0165072745948147,-0.10573362197998758,-0.0009959905356980122,0.026654525253777036,-0.12703778902108098,0.0015186745296237346,0.029359460072739978,-0.14139346322881155,-0.006828701502142857,0.025791378873084303,-0.08530194268471028,1.2608832266993335e-17,-1.8556293425895562e-20,-0.11441234757813891,0.0018840664197090648,0.003095515355850041,-0.1375186514861849,4.029293081427592e-05,-0.003642573173885785,-0.15447333266327817,-0.0025650184740683363,-0.002377655464569276,-0.08178460403363072,-0.007083659779820618,-0.009259010433950629,-0.10580891723679887,-0.003848833342674386,-0.01233155370441912,-0.12380338289127171,-0.0071463464827966295,-0.017216753935138576,-0.13726777836170784,-0.01348896027082474,-0.017954259967976196,-0.06788835840302418,-0.010741486367126678,-0.02261990500257406,-0.08625450560308197,-0.0055091137348980855,-0.02876946279956923,-0.10219214725517549,-0.004602063780595858,-0.032894829971353,-0.11361198796442902,-0.00909760197415381,-0.03502233352597816
0.0,0.0,0.0,-0.02434955701233866,-0.005444986792294325,0.023489022674624598,-0.044914014073435225,-0.008424523348457861,0.04678547264401529,-0.06437145991720239,-0.006086002712611269,0.06527183217026379,-0.08698922793695138,-0.009671305428371484,0.0775132428782191,-0.087527970238995,-1.2662758397623884e-20,0.017150135575515726,-0.1083378113966999,-0.0014026522923913831,0.0271142124640393,-0.13048668461497362,0.0015214475847379057,0.030333445864351126,-0.1466224761147353,-0.007017909942873715,0.027547385269869898,-0.08707649976302614,2.224941110226078e-18,-7.695364130300931e-19,-0.11695558466083253,0.0015411096300666403,0.003403799913781843,-0.14187645766340864,0.00023656244864759518,-0.003510949912963959,-0.16165331008809447,-0.0018037384283524382,-0.0026249690051524145,-0.08316300745519588,-0.007319022008004481,-0.009990770832965814,-0.10856008449987396,-0.004390368585105145,-0.013444757139941668,-0.12844866757148213,-0.007280508770849551,-0.018923233040753388,-0.14559825063771673,-0.013361760866423359,-0.020275662024556492,-0.06965433983438343,-0.011349894155264573,-0.023406949160335307,-0.08869093390979657,-0.006248813989312708,-0.02976907003017321,-0.10605324655215126,-0.00442139323643683,-0.034423988694916544,-0.12062664424801157,-0.008575589139772844,-0.037430195593748994
0.0,0.0,0.0,-0.024497709325557223,-0.004958261250089906,0.023703165517515713,-0.04575690428970881,-0.008577562614546612,0.046883841946351694,-0.06591893976985067,-0.006056536274547363,0.06551432254902795,-0.08861403375810523,-0.00960477362996324,0.07753700922529917,-0.08866571893640582,-7.568281054408564e-19,0.017699540675344076,-0.11043596935614072,-0.0015848518220949214,0.027409193040983926,-0.1327230175993779,0.0014084794965437842,0.031056330242818467,-0.14944600610449402,-0.007220245883042122,0.029238816835331288,-0.08828383346505245,-2.4273221682038414e-18,5.014848766091098e-18,-0.11896357620895755,0.001053815212596754,0.003527166500241678,-0.14455135269991068,-6.775337780848385e-05,-0.0031049097062343075,-0.1657067606292016,-0.001729962119811269,-0.0022103260328155184,-0.08405604862281231,-0.007502033250367131,-0.010587921832670183,-0.11070721008131518,-0.005149421109702774,-0.014408109487678036,-0.13159143556391373,-0.007883369245651087,-0.019851399114739515,-0.15070969944059126,-0.013488263480366462,-0.02114149712294253,-0.07086025195490271,-0.011877718652240058,-0.02405833520556536,-0.09053102953042054,-0.007176615657784715,-0.03051652803644443,-0.10869151425368707,-0.0049260940533220115,-0.035454485286091006,-0.12518584882947414,-0.008555108997130804,-0.038503543280334035
0.0,0.0,0.0,-0.024506228530992626,-0.004433182480981311,0.023893701615405664,-0.04631928123587876,-0.008339902897238084,0.04699237366441738,-0.06715278264733028,-0.005446753691747359,0.06556357281757841,-0.08978964172150748,-0.008727990211004165,0.07746947443142706,-0.08931645914914285,-2.6132515304499034e-18,0.018095569397842657,-0.11197397571003592,-0.0016949121380951465,0.027605294399770428,-0.13406695674774818,0.0010493064398557153,0.03157274423305318,-0.15068105187220562,-0.007774950230321045,0.030621800517569478,-0.08898994593656141,-4.1423008437313626e-19,-4.902709690636997e-18,-0.12041916528357868,0.00038921275831435684,0.0035636976307208256,-0.14601699212299413,-0.0009481666180317186,-0.0025442120996783508,-0.16761621428468207,-0.0027547256963422044,-0.0015516823663274668,-0.08452346715491459,-0.0076613627942922116,-0.011053820352520805,-0.11220465830582561,-0.006115701089310852,-0.015048944307355122,-0.13348772578398668,-0.009037022447196784,-0.020094931104935612,-0.1532623968599456,-0.0143872256010101,-0.02100365131650339,-0.07152712012678382,-0.012322545525642837,-0.02461739739227822,-0.09177559579933989,-0.008227723009882648,-0.030950893827358595,-0.11028867153525387,-0.006054952763572756,-0.03603981995133856,-0.1277058893257403,-0.009223862813471616,-0.0386923596149625
0.0,0.0,0.0,-0.02447376853778282,-0.003999740977711682,0.024069786594126705,-0.04668836819431973,-0.008012936848669662,0.04714381095032587,-0.0681753122124725,-0.00462481203139352,0.06557400155563305,-0.09066901111202334,-0.007417589951962867,0.0774430820818968,-0.08972353233240492,9.043960933499839e-19,0.01844765168671571,-0.11324382225373875,-0.0019343895450276984,0.027791009043108633,-0.13509499362979624,0.00013661391980433564,0.03196434504508222,-0.15125876634583513,-0.009354792279494319,0.03164914254293273,-0.08949750656818231,8.726139406345383e-19,1.7290507202814743e-19,-0.12166439419762604,-0.0006468650170863638,0.0035400387473704213,-0.14697214316527987,-0.0028183072880005604,-0.0019631728734368697,-0.16856541182525475,-0.0055955609382936115,-0.0009421669234089687,-0.08480893074418622,-0.007886132307896926,-0.011488182768929284,-0.11335484605685356,-0.007535000711916011,-0.01544755523580725,-0.13470661487916202,-0.011176856649394105,-0.019932185466071492,-0.15434601958479108,-0.016885904538149175,-0.020404640937336054,-0.07186422459822021,-0.012897029352506192,-0.02522806408757774,-0.09267857447864354,-0.009652119514272101,-0.031237500287879683,-0.11129096434053969,-0.008098699255829902,-0.036400473950179986,-0.12899786312786105,-0.011095480471376575,-0.03851436423265774
0.0,0.0,0.0,-0.024444668566621475,-0.0037588331777120188,0.024264915679933864,-0.046917007380868896,-0.007846559980071909,0.04736867702071014,-0.06903857908638675,-0.003933326335194362,0.06565407740443142,-0.09137678966589473,-0.006103154643162704,0.07750493227823083,-0.09005529062358097,-7.013408434298807e-19,0.018841385512007276,-0.11440055465507423,-0.0024412414416827184,0.028039919236676494,-0.1361033139594891,-0.0015144779195863825,0.03234084375973215,-0.15165332967674672,-0.012294869055911121,0.03244713471147192,-0.09001591406240149,2.1053966049713515e-19,-4.235476780151007e-19,-0.12287676847502627,-0.0021401090044530016,0.0035165121700679583,-0.1477810223746444,-0.005838030497612675,-0.0013875194409195234,-0.16920482278232063,-0.010443755822265362,-0.0004138866966989447,-0.08507784156115296,-0.008227601327207833,-0.01193218890848206,-0.11433615077006615,-0.009512170320793153,-0.01567905550204678,-0.13557316961400068,-0.014436029258323031,-0.019549530583526528,-0.1546965271187064,-0.021252925319651825,-0.019648541274520936,-0.0720371301434048,-0.013730713189427174,-0.02590856177337228,-0.09339758557016173,-0.011562872567361946,-0.03147982665241723,-0.11198802397668223,-0.0111019285188946,-0.03665816143060901,-0.1296657861626232,-0.014325093540088455,-0.03825861342392381
0.0,0.0,0.0,-0.024418760063754614,-0.003754899139536138,0.024488259855364587,-0.0470162456955842,-0.007959077071738341,0.04766535042284339,-0.06970246130073829,-0.003599998366960705,0.06583945565615765,-0.09191435818211693,-0.005156040557587593,0.07765208295914759,-0.09035163209275052,5.6746877064842505e-18,0.0192659590201074,-0.1153867024947173,-0.003205007682053207,0.028371478055539898,-0.13704845789494974,-0.0037794761216625233,0.032768642070962486,-0.1518997611996033,-0.01629567517047443,0.03315785270049851,-0.09057637063887831,6.384551776076589e-18,3.573268038553218e-18,-0.1239776872064541,-0.003938789832224566,0.003562101841374793,-0.1484327944185042,-0.009645431934291291,-0.0007943418791629854,-0.16962184678418443,-0.016633862205367837,0.0001224873595400689,-0.08535364399849991,-0.008651524604388108,-0.012344487065233183,-0.11511305928686509,-0.011832455606762179,-0.015767198215826568,-0.1361038221596496,-0.018392369346912647,-0.019030703541921403,-0.1545823015248729,-0.026879923953573436,-0.018835419030926177,-0.07210676663134045,-0.01474455601333215,-0.026546620045534933,-0.09392825887141379,-0.01375044964389448,-0.03167446293468992,-0.11244198793826701,-0.014643636466149395,-0.03681381340431083,-0.12997702289125213,-0.01844470810000031,-0.03799397056766614
0.0,0.0,0.0,-0.024382691987571488,-0.003960392007235934,0.024729447770647853,-0.04700282547817041,-0.008293111528717107,0.04801575921768606,-0.07012736195934104,-0.003632451085129034,0.0661126625440834,-0.09223788567728766,-0.004686282198272943,0.07787037879824628,-0.09058848759890266,-5.305807339010482e-19,0.019663454129407055,-0.11609617641509841,-0.004072116090055404,0.02875388044534626,-0.13779569153498689,-0.006262665239120328,0.03323658437892911,-0.1519278718885527,-0.020590021802843493,0.03384584587763887,-0.09110489540682637,2.7796081297360885e-19,-2.3597539680522208e-18,-0.1248362370010076,-0.005731135670329204,0.003687385758249395,-0.14882946567892183,-0.013551014174571661,-0.0002036458316404914,-0.16974727773456563,-0.02299125376056249,0.0007043045872039892,-0.08557984114990323,-0.009070154253711011,-0.012668334027250759,-0.11561712878956373,-0.014097486950931593,-0.01574707382634622,-0.13625952342968317,-0.022306710709874188,-0.01844429800070367,-0.1541125336564393,-0.03264958607843159,-0.01801945424133549,-0.07207848405709728,-0.015740402109348576,-0.02703038099706862,-0.09423850404603497,-0.01583620421673071,-0.03180608184122897,-0.11266009443426543,-0.018085346407206295,-0.036860247264125096,-0.13004414430694533,-0.02264851722899327,-0.037713417700335886
0.0,0.0,0.0,-0.02433045805857789,-0.004314242481573551,0.024985339148825593,-0.046916703816469285,-0.008697490763021995,0.04840540961603377,-0.07033472488677588,-0.0038775589128163335,0.06643905048749714,-0.09233630571645692,-0.004554520289178307,0.07816213080700132,-0.09073947673570973,1.308499544051784e-19,0.0199929508371566,-0.11650386643017044,-0.004873465705814016,0.029142124859996323,-0.1383227680097627,-0.008573767016675905,0.03370400337816137,-0.15177253454044695,-0.02445147661886176,0.03453125901768921,-0.09153184948659197,4.0755146353664304e-19,-7.08835827797781e-18,-0.1254310615942715,-0.007256950848982852,0.003845454185254637,-0.1489868614575804,-0.016987186768108252,0.0003314464321526298,-0.16963119506875116,-0.028542493929026226,0.001303227494054294,-0.08570310899653871,-0.009410074787697117,-0.012887625874060105,-0.11587918166075159,-0.01600905707353624,-0.015684787089294317,-0.13610553972630504,-0.025582070491984774,-0.01785942033334542,-0.1534462732497258,-0.03763586254003484,-0.017260831473451047,-0.07195778142654027,-0.01656482461238274,-0.027338876446499693,-0.09435971611962883,-0.017545664614464745,-0.03190036124967831,-0.11270347490582872,-0.02096954052868423,-0.03683764500131699,-0.1299669206076727,-0.026299613648735152,-0.03741509295325635
0.0,0.0,0.0,-0.024277651371754288,-0.004769359779172309,0.025258749718026434,-0.04682307682397622,-0.009050916185244399,0.048817985845085045,-0.0704111841516725,-0.004190737573710418,0.06678920680884647,-0.09226150003742825,-0.0045913809019180905,0.07852937728944426,-0.09080348858508948,-3.919512970510743e-19,0.020239845862916318,-0.11666527737299381,-0.005518692490782949,0.029494361118998152,-0.13871073016895688,-0.010507160896262453,0.034128639689799276,-0.15154464768190948,-0.027496753279936097,0.035191068613368494,-0.09184027550218722,-2.7822966845526416e-19,1.1878484928570935e-18,-0.1258267406560525,-0.0084035082608243,0.003970325088519918,-0.14899901992685274,-0.01969394561007954,0.0007483112560125349,-0.1693993743256809,-0.032826850292650714,0.0018446528555460906,-0.08571085178376245,-0.009640634953477913,-0.013023269031193156,-0.11598540840177315,-0.01745722760619194,-0.015657233726740296,-0.13576678640104575,-0.02794918545916462,-0.017346854501959236,-0.1527555690935331,-0.041404382159630534,-0.016631638939254397,-0.07176215351041339,-0.01716197891281722,-0.027521125725835493,-0.0943527425423638,-0.01878132135770958,-0.032009695040743885,-0.11264616466336773,-0.023110514748516883,-0.036819106146475405,-0.12982746047103064,-0.02909926672755626,-0.03713100891922328
0.0,0.0,0.0,-0.024253241359571846,-0.00529011721446923,0.025539142461736764,-0.04678724773681106,-0.009306281568936248,0.04922695535375304,-0.07045453969931235,-0.004512905719666406,0.06714582267730627,-0.09209563507468613,-0.00473062130072325,0.07894717738226531,-0.09078874490210238,2.6021980891632174e-19,0.020401029515144598,-0.11664426889155287,-0.005980827056207474,0.029771603649792682,-0.13902596891913485,-0.011987274939426558,0.03445918067128238,-0.15133120949331777,-0.029612540864103705,0.03573652385654913,-0.09203089142670758,3.7354525744917803e-19,-5.928691140310455e-18,-0.12607232487449244,-0.009150973394480488,0.004010875842482063,-0.14893714775246603,-0.0216027038082296,0.000981992321182602,-0.16913470025591174,-0.03574094071859046,0.0022191139524068643,-0.08561398349743522,-0.009761416604619027,-0.013102111448177398,-0.11599115935054213,-0.018416979611678968,-0.015722800002458296,-0.1353502920628805,-0.02936720268667829,-0.016983083280149632,-0.15215404671602467,-0.04387125563645881,-0.01621069324293871,-0.07150939902171906,-0.01752593803299317,-0.02763243908312295,-0.09425579175020417,-0.019532246147250944,-0.03217483205503061,-0.11252727286609511,-0.024461251323404997,-0.03686963808565542,-0.12966635570845353,-0.030967023548963434,-0.03692766792586524
0.0,0.0,0.0,-0.024271861428936576,-0.005827823306197759,0.025801719184190375,-0.046823528983018774,-0.009480979853524439,0.049613781206500916,-0.0705034085868043,-0.004840074560162046,0.06751571665801952,-0.09190528724085335,-0.004976214537209291,0.07937681685703095,-0.0907133887649421,1.029245978152754e-18,0.02048982296062706,-0.11649059635976639,-0.006262118349733831,0.029954358559216104,-0.13926572263502043,-0.012998032650122643,0.034660010928590564,-0.15115330159819274,-0.03086251317591849,0.03607104328010976,-0.09210023265291978,9.448670572473726e-19,-4.694143808480307e-18,-0.1261734113811678,-0.009540600365969295,0.0039628905692709465,-0.14882445981667147,-0.022777621688923697,0.0010031272453047111,-0.16884300081212872,-0.037437374485362,0.002354164783225009,-0.08543698383409294,-0.009792361418432026,-0.013143817926089048,-0.11591641207319008,-0.0189031156515846,-0.015886099228364845,-0.13493482211260552,-0.029975656740325582,-0.01681413606740364,-0.15168800523909795,-0.045214578173270376,-0.016026378002033326,-0.07122112042037922,-0.017670477669805347,-0.02770143692245881,-0.09409007324773935,-0.01983963746816931,-0.03239380981760218,-0.11236713436731821,-0.025081907333638433,-0.036994273427394316,-0.12950669243321358,-0.03200444488899339,-0.0368569032378534
0.0,0.0,0.0,-0.024325973477317752,-0.006314922938037114,0.02601751751595869,-0.046890965365077114,-0.009619965839328485,0.04997598664508417,-0.07053690944659664,-0.005160941368545472,0.06792197287135178,-0.09173919240029393,-0.0053139084763235,0.07978520183771046,-0.09062870995153481,2.508623745892966e-19,0.020537341629895695,-0.11628144139849327,-0.006382357473750434,0.03005307972253789,-0.13940488192457015,-0.013567679193545644,0.03474366895624279,-0.1510046680034943,-0.03143249087282211,0.036169993981007786,-0.09206367127984103,-1.654966642961107e-19,-8.67478882398048e-19,-0.12613903092794415,-0.009673453699129577,0.0038751078338662014,-0.1486716153080995,-0.023400107696030875,0.0008480775102150655,-0.16849792951065276,-0.03825652455438627,0.002270530108508257,-0.08522639100857883,-0.009768483325862477,-0.013162491465925746,-0.11578398139948669,-0.019001412481847845,-0.016085524344255177,-0.1345853552562834,-0.030071918895039972,-0.016820865906669466,-0.15135710724463333,-0.04580863571237036,-0.01602305073397498,-0.07093429341850928,-0.01763533743135235,-0.027728101815101245,-0.09388845668445564,-0.01981406538451166,-0.032617956841559305,-0.11219265129446024,-0.025161570377068662,-0.03712670099840882,-0.12937450262317804,-0.03247010650524079,-0.03691169922344686
0.0,0.0,0.0,-0.024404425458870994,-0.006694510702490922,0.02617108715491174,-0.04694999113346621,-0.009767871671561816,0.05031408635519388,-0.0705412082717605,-0.005457807533369347,0.06837109805123516,-0.09166126598625815,-0.005702826415683634,0.08014010275931453,-0.09062156119089594,-3.381725045164311e-19,0.02058323587177712,-0.11614908150711753,-0.00638559517377584,0.030098770108720942,-0.13947224768299601,-0.013791949784539204,0.034763596590953634,-0.1509203983334552,-0.03160593765828594,0.03610092491218009,-0.0919868889432644,-4.2372550228187356e-19,3.6034096941209206e-18,-0.12603712256966923,-0.009689014070211194,0.0038123791723918806,-0.14851936932489274,-0.023725127118227288,0.0006034590532611589,-0.16811892354062824,-0.03863770785387863,0.0020585163540332227,-0.08505685473760213,-0.009730715916636688,-0.013167428798380983,-0.1156454695989635,-0.018888975328156456,-0.016228989650968993,-0.13436132246386437,-0.030043108038242398,-0.016931173951347026,-0.15115397079288692,-0.04612075616450124,-0.01610173086523655,-0.07070383051026385,-0.01750218380907174,-0.027698759891850232,-0.09370701310463961,-0.0196392029874371,-0.03278300471429394,-0.11204429653933635,-0.025005488699852436,-0.037177944657990625,-0.12929822090390514,-0.03271572145562147,-0.03703011754079464
0.0,0.0,0.0,-0.024496558622581436,-0.0069452007367108,0.026267955517132197,-0.04698568792196243,-0.009960322570366012,0.05061219191199609,-0.07052226175820317,-0.005743554734789043,0.06882466681683265,-0.09172443859655999,-0.006130182081975312,0.08039540348340644,-0.09075511051619328,-3.2918763666221593e-19,0.02065718265090038,-0.1161971801730838,-0.006333159677189992,0.030116329471591277,-0.13952174403647508,-0.01382037352318539,0.034763040630055156,-0.15095173704908352,-0.031701891505374634,0.03595636787397422,-0.09195105600880583,-1.596504079068136e-19,-5.468081443709596e-19,-0.12595433615221027,-0.009706463004806277,0.00380672480418652,-0.14841277861779067,-0.023986049915671145,0.0003472740781121489,-0.16777804805073843,-0.038977387034526294,0.0017998872743206652,-0.08499620469879719,-0.0097110646982491,-0.01315942366186524,-0.11554740432493509,-0.018763491682154784,-0.016251855302457662,-0.13429058948902178,-0.030221246321027306,-0.01707348897825802,-0.151076094934662,-0.0465522607403081,-0.01619125286400771,-0.07057630347395677,-0.01737297376176214,-0.027601967244506878,-0.09358966700509315,-0.019505257717511704,-0.03284544546996478,-0.11195422491443655,-0.024924105358370804,-0.037092830576782906,-0.12929098753485097,-0.033060118745402226,-0.03713295091050586
0.0,0.0,0.0,-0.024578597314057895,-0.007073041326769593,0.026306574476388435,-0.04697333466531688,-0.01020145756642215,0.05080670283440283,-0.07043891889168506,-0.006042235025823402,0.06917574938924,-0.09186677354540532,-0.00662098612816689,0.08047627767570799,-0.09096151706513825,2.6309402313784626e-18,0.020736006045933557,-0.11633096108072617,-0.0062601491862062705,0.03008363627364297,-0.13949908870398078,-0.013742617863690675,0.034708761009232245,-0.1510483075333734,-0.03185479316870525,0.03573470412461024,-0.09193797157415846,2.22351698221522e-18,3.3498090309305897e-18,-0.12584571178242318,-0.009728576675321038,0.0038275429316217764,-0.14830376775185536,-0.024204310523405673,7.38765597678036e-05,-0.16751741199424652,-0.03931922925198527,0.001482384457535536,-0.08501367385526178,-0.009710743634746884,-0.013120795942699052,-0.11542688217145622,-0.018682252915246066,-0.01615094274317799,-0.1342928736824481,-0.03063601685898154,-0.017228393476535514,-0.15107922721530956,-0.047140171069836444,-0.016307683202572126,-0.07052598533126302,-0.017296538208672593,-0.027422594859456417,-0.09348472445295955,-0.019462784890136756,-0.03278653980800107,-0.11187952966413836,-0.024994556277139864,-0.0368751547932206,-0.12930074824663984,-0.033526203368001314,-0.037173198941665465
0.0,0.0,0.0,-0.024614603930690857,-0.007106031891333334,0.02625868541745825,-0.046858556330370574,-0.010439811345085198,0.05078214081243353,-0.07016463705866992,-0.006339200244161445,0.069247144602561,-0.09185516775533181,-0.00719371904399213,0.0802805883443979,-0.0910057396475379,-1.5363760070795963e-19,0.02071324067392255,-0.11618254484579732,-0.006148371278983089,0.029914171343327123,-0.13916488596456067,-0.01351516434671956,0.03447234737530855,-0.15098227868764763,-0.03186479603422914,0.03529271358291368,-0.09176489181100629,-6.573465754159464e-19,1.200440999884644e-18,-0.12543235376398582,-0.009606799194953799,0.0037893742491899884,-0.14797755323161882,-0.02411451838276533,-0.0003245487761387742,-0.16724667422909587,-0.039211582620142134,0.0009808342109128682,-0.08491599322258446,-0.009690154760544214,-0.01299766954943429,-0.11503110736222738,-0.01848462171572809,-0.015963130284576018,-0.13411212816620785,-0.030911392980011658,-0.017417809877374346,-0.15100608402866744,-0.04742579800320237,-0.016546353317228365,-0.0703993248842512,-0.017216863173476097,-0.027107499153679094,-0.09318226618100295,-0.01934626243799384,-0.0325793485056351,-0.11163835457274758,-0.02494252656577789,-0.0365604492955337,-0.1291553115696164,-0.03372755338212432,-0.03714276614623439
0.0,0.0,0.0,-0.02456730495901058,-0.007071210869843719,0.026074415321378854,-0.04656091712482402,-0.010538181071330852,0.05040470967687155,-0.06949658369885311,-0.006500144388656981,0.0688364835492886,-0.0913108689530814,-0.007746274345934572,0.07970829460308575,-0.09055133595230633,1.297094095512388e-18,0.020411328685199574,-0.11519240161765507,-0.0059334500949474395,0.02948342433431312,-0.13811049632155456,-0.01296941228384824,0.033890230638221205,-0.15035667982114923,-0.031207342496999146,0.03443339102266114,-0.09111632063461599,1.3951265343363126e-18,7.212290155300521e-19,-0.12421650693161207,-0.009108045592219371,0.0036121553795300464,-0.14704218400112265,-0.023263591172302193,-0.000974290188428762,-0.16666329087858994,-0.03785804682223826,0.0001410756906243067,-0.08437252564871231,-0.009576249781275999,-0.012679663302083722,-0.1139214748726889,-0.017853808643098802,-0.01568145223816842,-0.1333210508760202,-0.0303895372978411,-0.017625420363546702,-0.15053910582088528,-0.04658235866015902,-0.016979260117788237,-0.069925314096935,-0.016969842559236663,-0.026518582313604593,-0.0923376230000653,-0.018825755062852653,-0.032126888013910754,-0.11091094516777592,-0.024241042762917126,-0.036133922618208386,-0.12855491150004297,-0.03301192274131228,-0.03701196616407442
0.0,0.0,0.0,-0.024392864036694942,-0.006927009531024321,0.02567474025425088,-0.045961642106660115,-0.010243713857319807,0.049550221124270294,-0.06814904710922046,-0.006187256564562749,0.06778257546100294,-0.08975293140311662,-0.007936619369264633,0.07869787773941,-0.0892330561883404,-5.025039898461839e-19,0.01961902993363457,-0.11274266965525737,-0.005505468498456899,0.028673930256051597,-0.1357879344205229,-0.011785462406979863,0.0328560496376326,-0.14864960320991755,-0.02903204476560195,0.033042976649394,-0.08959469432905381,-1.1195260880665462e-19,4.9894250712409875e-18,-0.1215642263975834,-0.007985046551457597,0.0033037307265093847,-0.1449734493800946,-0.021056567798522795,-0.0018900502012658606,-0.16525009225189485,-0.03422363875937214,-0.0010792039348370892,-0.08299826160942551,-0.009275496427601906,-0.012000953954831452,-0.11154472535183292,-0.01639222449144908,-0.015164156717257193,-0.13140617648972214,-0.028267816066251394,-0.01771660864678087,-0.14922479743863623,-0.04350881841927157,-0.017527176398411174,-0.06879368217879377,-0.016298419137050758,-0.025420295763800383,-0.09056125248143122,-0.01747594928347247,-0.031220186497450425,-0.10930045095472031,-0.02222156807188714,-0.03545921729743513,-0.12711707385134374,-0.030573811632906258,-0.036668826543617826
0.0,0.0,0.0,-0.024035685209148196,-0.0065551788752788095,0.024971134689784524,-0.04492057749109978,-0.009279942683717518,0.04814823017603632,-0.06580785093188818,-0.004984638287343474,0.06603481538714849,-0.08675257722007028,-0.007314083081188809,0.07725025285714415,-0.08677123952565016,1.262917052855673e-18,0.018172850428526535,-0.10836512597338381,-0.004746744334882343,0.02742449051512485,-0.13165047830244384,-0.009554958336858712,0.03137501014318407,-0.14534307494112095,-0.02438593655100332,0.03115150879728374,-0.08684659401963962,5.11593165971866e-19,-2.8877572795422683e-19,-0.11693381625842884,-0.006043068567465009,0.002979116186265699,-0.14128039735133632,-0.01685617114650311,-0.002922664402210624,-0.1624194310044178,-0.027250002775929063,-0.0025200042778234636,-0.08051328251748949,-0.00870453331414322,-0.010807076365064758,-0.1074323670656521,-0.013722734937457497,-0.014157926958599194,-0.12794951748479788,-0.02380039987655451,-0.017452547927111237,-0.14660954867224768,-0.03706880881297047,-0.01792709935951599,-0.06679168482271698,-0.014918625218915727,-0.023578211576295784,-0.08755447029732515,-0.014870222246867534,-0.029618707447712844,-0.1064581314695215,-0.018218002470919942,-0.034312016271981334,-0.1244698745539376,-0.025603799024243167,-0.03593726652348046
0.0,0.0,0.0,-0.023446781586547755,-0.005895807760782899,0.02396181177109517,-0.04336510543967407,-0.007621619516250357,0.04629255197375226,-0.06236584260623707,-0.002798838874443941,0.06376932777950127,-0.08228409315830996,-0.005731906500591998,0.07548977355321097,-0.08323488937883862,-3.7739962373785683e-20,0.01611780820595308,-0.10216833977690307,-0.0036888049458021284,0.025816030293671067,-0.12560879668914063,-0.00618663078574446,0.029609883332215686,-0.14024111373700937,-0.017024467102201003,0.028963661974319977,-0.08290817978634483,-9.32725822913934e-19,-1.7135965698915555e-18,-0.11039330192383731,-0.003333156460588025,0.002799740960401635,-0.1358835465404711,-0.010484042398404772,-0.0037895341046352586,-0.15783404971762738,-0.016694380421155425,-0.0038082246396060034,-0.07704924864125089,-0.007854341895772733,-0.009118500054255173,-0.10164725222283046,-0.009780439595800744,-0.012490951554592566,-0.12294362479504324,-0.016810586539265378,-0.01660386808221984,-0.1424833457923353,-0.026915770358776802,-0.017830605439899054,-0.0640231757501248,-0.012692088777067899,-0.02102007054009537,-0.08337896012862751,-0.010854314101875245,-0.027271363847559935,-0.10235264521219142,-0.012006045998842006,-0.03253249535308905,-0.1204716957062017,-0.01783199957820402,-0.03466686164612107
0.0,0.0,0.0,-0.022617065929382445,-0.005080396886318862,0.022825506638326495,-0.041386551372841314,-0.005653099953923036,0.04434433736142963,-0.05818242662386687,-7.339917837270753e-05,0.06147216624100598,-0.07697321273766493,-0.003508842380467097,0.07374022117484523,-0.07924525650483558,-7.732991394144715e-19,0.013835706609506214,-0.09519773802108117,-0.002606777460264842,0.024144211424565718,-0.11850907079638445,-0.002321315984251471,0.02792517696717836,-0.1338268970672519,-0.00821455187549262,0.02691964252654858,-0.07849468291834538,-8.616782395310035e-19,-2.0391504156334595e-20,-0.10307835877212759,-0.00035009499230471275,0.0028997039895466707,-0.12949325652291557,-0.002866883675154845,-0.00410875609098779,-0.1517822970484783,-0.004173952251873273,-0.0043786342634269315,-0.07335474000240161,-0.006849729735910635,-0.0072513732420226434,-0.09518169524528271,-0.005153535355208159,-0.010269418944072803,-0.11707838632684045,-0.008299995221847763,-0.015037116215828823,-0.13712945765501353,-0.014510911688221575,-0.016899591039252045,-0.061044782434131944,-0.00983286899240833,-0.0182246768442147,-0.07872202703658522,-0.00590700566911901,-0.024474248249461403,-0.09756148334067268,-0.004398664831084102,-0.030159287207020807,-0.11550007984631268,-0.008287063064963098,-0.03278631220082971
0.0,0.0,0.0,-0.021618724739337826,-0.004320893339783369,0.021858476931146262,-0.039254137061527146,-0.0037718302221549076,0.04278519915149892,-0.05400609780238257,0.0027519034115289307,0.05964676813314557,-0.07182827025577387,-0.0007970559348541382,0.0723285569931396,-0.0757001428377493,1.1453762135480558e-18,0.011892202086246919,-0.08901191325443704,-0.0017438178819993255,0.02277170136685411,-0.11183219847978995,0.0010620903077281547,0.026671407764074367,-0.1271496302476021,-0.00016403562000037627,0.025425160615288437,-0.0746479239098751,5.592865080765303e-19,1.7025942651578211e-18,-0.09674967061831935,0.0021822232540166437,0.0032533641180179373,-0.12336979802642521,0.004116629647791097,-0.003667405043976988,-0.14513765861063596,0.00715365417582548,-0.00385144440206706,-0.07041210582370605,-0.005900043525037571,-0.005639548503681924,-0.0895723575064288,-0.0009139793134141492,-0.007904169685942484,-0.11151694722105468,-0.0003038508640865402,-0.012849629034895902,-0.13126846001917558,-0.0029056030644050556,-0.015016506403141314,-0.05859420767157219,-0.006906048099933849,-0.015846586213941572,-0.07464626858705328,-0.0010995372625361459,-0.021777474813658257,-0.09309661634377686,0.0027851268460875865,-0.02749615035692189,-0.11035955373178383,0.0006873327763870187,-0.030397894627718934
0.0,0.0,0.0,-0.020609153851492,-0.003635337191019781,0.021260800859991207,-0.03730424025494807,-0.0018030619367375377,0.04179231526143699,-0.05054987545750093,0.005941093487300304,0.05816210830062342,-0.06767922608753037,0.0030850803365654648,0.07100887795575701,-0.07321381123771571,1.2910560557214921e-18,0.010672320787713456,-0.08472471446763966,-0.000967753646694771,0.021822063159341015,-0.10669479102953268,0.0035639426596558825,0.025748671635466937,-0.12103774891567953,0.005658361143781359,0.024229250374863568,-0.07202879727762078,-4.5233454387817785e-19,5.995610235157896e-20,-0.09265038364199607,0.0038096917485625926,0.0035059710352430356,-0.1183942452358376,0.008785324057799686,-0.002957315516638272,-0.13854922947531814,0.014637553809914427,-0.0027876871111907277,-0.06876378142287543,-0.005132412210179253,-0.004508408751600081,-0.08588855394924114,0.0020763963579710234,-0.006062341848149927,-0.10707507843292655,0.005310376162411172,-0.01069822534766013,-0.12541930733232431,0.0051948618782335,-0.012783786788695795,-0.05710604221726571,-0.004533813538473084,-0.014280966668291628,-0.07189548517313805,0.002472125468461028,-0.019831007569683853,-0.08967448759773337,0.007678094368315044,-0.025236526433775282,-0.10557958406363557,0.006665429026265436,-0.02805930129976816
0.0,0.0,0.0,-0.019786965805494897,-0.002864060483962143,0.02105136965780081,-0.03585214360381041,0.0006865434221815501,0.04102533314427396,-0.048295090958084035,0.009799454829517598,0.05604373731407632,-0.06507052821253596,0.008675848324886562,0.06853378845583973,-0.07200709134799702,-2.362397255605346e-18,0.010297296244818432,-0.08278862536080636,6.471482624041716e-07,0.02113115993545657,-0.10345037813553476,0.005346565014907454,0.024633387478786652,-0.1155921475893795,0.008921302062395206,0.022553721115503002,-0.07081676540217431,-2.744032560918781e-18,2.98956991273948e-19,-0.091130783309561,0.0043826390919710296,0.00312186419483877,-0.11458050577934115,0.01039656984530948,-0.002970482867337977,-0.13181285140501595,0.017507340575336632,-0.0023590060922826592,-0.06843593319706368,-0.0045107232743101435,-0.00388292691199772,-0.08438320013003552,0.0034486321615583146,-0.005493731734632958,-0.10376579761713232,0.0077125281834214314,-0.00964221552791708,-0.11938355837844573,0.008903188654036465,-0.011320404636035501,-0.05662762938458532,-0.00315034350162004,-0.013699171634943655,-0.07065966007289813,0.004072950965434248,-0.019268560391080415,-0.08731361651868133,0.009157778948688492,-0.024237563221480518,-0.10093005834071796,0.008358430040709222,-0.026553580829966363
0.0,0.0,0.0,-0.019419603638219436,-0.002088433542955032,0.021247018096733527,-0.03534009144567624,0.003185142818056242,0.040064024107173656,-0.047905983233175256,0.012845353480875208,0.05245006307266774,-0.0648101285535879,0.014032228537519271,0.06337968340566592,-0.07234394002168532,-4.179863165528046e-18,0.010931236067475224,-0.08368154089899608,0.0009573653367532286,0.02058138084293181,-0.10235660926501836,0.006000368702021008,0.02304001968091981,-0.1108149188469502,0.008923996343974793,0.0202597321919657,-0.07122250617684873,-3.3730448105854352e-18,-1.6850122587292841e-18,-0.09239056761043163,0.0035247267720228204,0.0019385807774761877,-0.11173907881938505,0.008469732579545664,-0.003984000777849263,-0.12454664633040358,0.01583418926830433,-0.0027769119462318346,-0.06944646449208511,-0.003983234219957926,-0.003942465743791315,-0.08517652921115344,0.0027636031465715703,-0.00658234157060714,-0.10139629966788992,0.006422320149561399,-0.010152208801919685,-0.11279483874510444,0.008236247533318197,-0.011064697604219017,-0.05717994219527989,-0.0030706254370990627,-0.014341384114757662,-0.07106729554096385,0.003099746752242162,-0.020401591078770986,-0.08583535202783654,0.006583750136637304,-0.024675401243095797,-0.09596351553431827,0.005432285046685357,-0.02591931666112406
0.0,0.0,0.0,-0.019858244514503774,-0.0019249351820175042,0.022073552420458692,-0.03649310181426363,0.0037170479512993477,0.039347260496619366,-0.05063036219285086,0.011534978899184029,0.04848991187957644,-0.0683946523568631,0.01421172810029799,0.05610043288930667,-0.07475485358128667,4.365058327574128e-18,0.012894105099547344,-0.08817107077394741,0.0010230587185859493,0.020518767061422184,-0.10407709952590413,0.004005365052341391,0.021717335348830084,-0.1074014078577088,0.003932679394835009,0.018956550184008433,-0.07370012605426166,1.974169301459143e-18,-2.959086544843314e-18,-0.09691475171614078,0.0005237753333739294,0.0006482607245220278,-0.11018436072028269,0.002235730263351391,-0.004653073453389235,-0.1172158314657849,0.009355688120094416,-0.0023979462078939206,-0.07202773670754353,-0.0037531153286944766,-0.005128142158491309,-0.08872272728695191,-0.0007719403915616488,-0.008817622881669901,-0.10023134556447906,0.0006204073342857652,-0.011187603134436425,-0.10598012504585808,0.0028369321198584508,-0.01088549427263655,-0.05897302366911421,-0.004578450208387911,-0.016461153869241674,-0.07351967738530604,-0.0009436110980347866,-0.02277506475949672,-0.08542289365783938,-0.0003991212233929544,-0.02540836528919515,-0.09081517434505948,-0.0020159120133771244,-0.024960898460301365
0.0,0.0,0.0,-0.02122080126918002,-0.002909801311263349,0.023788270813161334,-0.03979431705592438,0.0007567718488384817,0.040003170909421945,-0.05734752677046833,0.0038910268690463064,0.04658902410779913,-0.07687488044944692,0.0059573738801054835,0.04950303900357171,-0.07938027603936944,-6.3893378072599935e-18,0.01620801768059329,-0.09621055367607402,-0.0005682918741451395,0.021517034878425684,-0.10872936872971778,-0.0017234085172395863,0.0220573814272138,-0.10603519819341352,-0.006525810788793095,0.020864647524534742,-0.0783061558815326,-4.922197672055835e-18,-2.038364152279807e-18,-0.10445268393897097,-0.004908117087567358,0.00034935865288509264,-0.11004074304604415,-0.008235407029789348,-0.003058698420547934,-0.110773465030954,-0.0013329703150699406,0.0007228950599749176,-0.07609706398193378,-0.004221322847958288,-0.007583977187618532,-0.09492301941662931,-0.007461521863541377,-0.011003782449247634,-0.10036461789707363,-0.009727748386336466,-0.010896141294067989,-0.0996983115358534,-0.006968763656021975,-0.008992376578517805,-0.062021773563044245,-0.007685714651894741,-0.01993753738247273,-0.07803762534903619,-0.00792321745116065,-0.025369255790255327,-0.08608991510044135,-0.011271427062765295,-0.02486305037932104,-0.085932657482991,-0.013075750073440825,-0.022380397541924568
0.0,0.0,0.0,-0.022952231791830542,-0.004700912046073763,0.02615604147874057,-0.04439613990900597,-0.004896357134210597,0.042097937814561295,-0.06652904486975844,-0.00796573642424812,0.04713950791370133,-0.08843756988346482,-0.008527016537902653,0.04486634529626419,-0.08508488228405059,4.301663084681185e-18,0.020172882083491956,-0.10563028730054119,-0.003855189255847535,0.023604486881915465,-0.11425763224133305,-0.010271890443706088,0.02444080676198466,-0.10545433820430775,-0.019674971915524718,0.025915414880639767,-0.08395587881332899,1.0144787133189743e-18,-3.8410450120596874e-18,-0.11262501471942733,-0.01224205290536338,0.0016207965551334428,-0.10964359563988813,-0.020870997277321987,0.0011954950545333257,-0.10491405475186533,-0.013129499780437351,0.006135532169028807,-0.08067896414061335,-0.005456964215592347,-0.010740889962903928,-0.10172487587297864,-0.01646958438862141,-0.012101489691272917,-0.10020001199654746,-0.022562382538803133,-0.008542300911139167,-0.09366102172766297,-0.018343436738611125,-0.005246899883987227,-0.06555079015692944,-0.01179818438527137,-0.024091585184148945,-0.08312947081732476,-0.016896347777917542,-0.027283786569890257,-0.08635353886447258,-0.024187764162356445,-0.02251838825742113,-0.08076483691210463,-0.025236309747124416,-0.01838928501414801
0.0,0.0,0.0,-0.024142937653075815,-0.006450878288783196,0.02850684661835158,-0.04837990449381892,-0.011229131644828536,0.044482630025954414,-0.07471151061233963,-0.020251864004394732,0.048484394110024254,-0.09888522723754116,-0.024499466105472174,0.041264905441900694,-0.09002460767165857,-3.886165750614616e-19,0.02368842489330374,-0.11309577079938508,-0.008360045681068967,0.026278036606466364,-0.11726033755929763,-0.01933549821251068,0.027968577264036353,-0.10298605104055773,-0.031048082048439594,0.03173331214013412,-0.08900859032024108,-1.927273016576082e-18,5.43329641003637e-18,-0.11790635206357218,-0.0202997488915725,0.004336786570051224,-0.10622860640302693,-0.03216883644616375,0.006830786641943365,-0.09822469878211651,-0.021483833192067186,0.011317355830123265,-0.08443341812460668,-0.007051192716908128,-0.013729760200587334,-0.10587648847463865,-0.026073791122305266,-0.011583876003822139,-0.09703108668986775,-0.03428805637417381,-0.004871594049367187,-0.0865987078555538,-0.026788490808365432,-0.001374719706524138,-0.06834260077798658,-0.015852371792156175,-0.027983718924139814,-0.08624668328624008,-0.02624343145956422,-0.027992987128836383,-0.08376385361723895,-0.03614810200557678,-0.01900313851581008,-0.07404461755369347,-0.034704114153615226,-0.014536857796964526
0.0,0.0,0.0,-0.0244049093643277,-0.007593472359266923,0.030254759465525242,-0.050538658691788634,-0.016694649141643363,0.04608163809123233,-0.0797231801699101,-0.030313597940847432,0.04910307714509795,-0.10542331139609047,-0.038357590290923685,0.03762840924447302,-0.0932247734680106,-1.0183827659728896e-17,0.025995779315000297,-0.11665932669984792,-0.01323982612967559,0.028945512209278164,-0.11606136756424244,-0.02667808654295259,0.031359119812829975,-0.09777844042748438,-0.03754409281946584,0.035861986715521404,-0.09260456281179882,-8.217596516462078e-19,6.583126118430547e-18,-0.11850216309717337,-0.027538270656510332,0.007714504944207271,-0.09906859412258731,-0.0392617361975036,0.012096065196215273,-0.09081320633652464,-0.02372464406434751,0.014143631069126148,-0.08673847439758318,-0.008508960156525091,-0.01598220774018012,-0.10563986729228837,-0.034340705672122114,-0.009714957509842364,-0.08999021377627865,-0.041910505444647035,-0.0012163852775749484,-0.0785592943470751,-0.029470934810311555,0.000891846405961506,-0.06978949405227167,-0.01895476645587197,-0.03100989740654248,-0.08592183408272881,-0.03415247329370719,-0.02761182361531305,-0.07758723145018058,-0.04444749032563386,-0.015522576456610702,-0.06605330464771897,-0.038862441718537574,-0.012340860569325575
0.0,0.0,0.0,-0.02405492548117409,-0.008126449832561734,0.03120002926239252,-0.05112074898262362,-0.02071638721707915,0.046574398690689515,-0.08191467552385935,-0.03733915067147825,0.048527155489258636,-0.10820723478619595,-0.04863109183456337,0.03359766434252403,-0.09492660080924961,-2.2076033954827216e-18,0.027026177856430272,-0.11663761569266591,-0.017597136688370835,0.03116801949823187,-0.11165844664648986,-0.031223229698212323,0.03372370179639625,-0.09144334015062822,-0.038839341892026195,0.03733390037669527,-0.09485325656883185,6.522485451701039e-19,-3.2193208280801202e-18,-0.11539575567000225,-0.03273383188850141,0.010667408901370854,-0.09032083446140443,-0.04160732141971828,0.015896747219382956,-0.08458166852475177,-0.020836813993689127,0.014444777215134296,-0.08777688954825753,-0.00952655707808366,-0.017395486829876027,-0.10186806284095651,-0.03997598101847131,-0.007433719039022808,-0.08097296486388804,-0.04470439689616005,0.0014638635446352483,-0.07124783170446733,-0.027030084262362433,0.0012330679588311569,-0.0700809529301987,-0.020760371859434273,-0.03310534316609189,-0.08275339104197713,-0.03941698122331489,-0.026798784238015495,-0.0696192550400665,-0.04826343450533666,-0.013067902120571004,-0.05875732729828854,-0.03809382263976632,-0.012151694528131371
0.0,0.0,0.0,-0.023540056036552875,-0.008356874905362324,0.03151252507197584,-0.0509587513934913,-0.023378256914089533,0.046296439953509516,-0.08260384907653404,-0.04169225158833752,0.04711238492969439,-0.10869897998790254,-0.055305106751754846,0.029376369826726093,-0.09571601038970465,6.856002071677552e-18,0.027185460764006505,-0.1144442032019367,-0.020940900035721376,0.032814449944696004,-0.10597694269795187,-0.033220167333881494,0.034955366944266895,-0.08575754623750675,-0.03647429614897452,0.03678827668570177,-0.09611493211476296,3.1702985026953227e-18,-5.950434941010897e-18,-0.11081150217581608,-0.03562107844679677,0.012558983138181002,-0.0826337573722309,-0.040731050803098565,0.018238810863622553,-0.08078755982435577,-0.015888018727851224,0.013548512263971907,-0.08793338998447396,-0.010009930100730034,-0.018129844264098468,-0.09661659100332691,-0.0428301796755635,-0.005564323097868352,-0.07253938329658031,-0.04397558321674905,0.003087601210054263,-0.06596396781942004,-0.02214087258844354,0.0005689430210787225,-0.06964846788863036,-0.021368932071551477,-0.03445142970179951,-0.0783887858223766,-0.04192251035455563,-0.026097294191546144,-0.06221861714782907,-0.048652897886364996,-0.011780493005727278,-0.05360292959911202,-0.0347361276202018,-0.013154119315384728
0.0,0.0,0.0,-0.023035437097925996,-0.008534170275296323,0.03151829297227413,-0.05060328280510429,-0.024988115871601654,0.045815621963600985,-0.08268920821429682,-0.04407896092608412,0.04548923513802897,-0.10815638093189704,-0.059002958308528225,0.025478890307867583,-0.09597131873692742,-1.3349805166729193e-18,0.026973897622338403,-0.11144716095860936,-0.02321568212269598,0.03401464069564973,-0.1005034328739234,-0.03362353622776531,0.035499390023886114,-0.08140016706275024,-0.03248702405345775,0.03554596085411018,-0.09666226295480312,1.1107213693988071e-18,-6.8088518915085386e-18,-0.10651465336460385,-0.03677903553403448,0.013479311609623335,-0.07719872337457219,-0.03867515884798947,0.019688963560670764,-0.07902119930417305,-0.011448744707614832,0.012746904707427434,-0.08755538760078692,-0.010047352607837467,-0.018410805107701416,-0.09157284782226954,-0.043654603957828816,-0.004355065297066799,-0.06607176413942796,-0.04164790418786145,0.004083398309017761,-0.06263304175417948,-0.017230325500922464,-0.00010988855689184308,-0.06888035292074668,-0.021149323208070978,-0.035246426153889426,-0.0742587998096044,-0.04244934447642756,-0.025616362875624646,-0.05664548843125484,-0.04735708072668115,-0.011191975105872703,-0.050560499587680746,-0.031000382815242485,-0.014330562845791057
0.0,0.0,0.0,-0.022528004632276197,-0.008713463549969,0.0314820821738941,-0.050247396204916486,-0.025819041391475894,0.04554635773570074,-0.0825296432800068,-0.04509594899218335,0.04414818069707387,-0.10734578766154562,-0.06053333922829341,0.02248784605766749,-0.09586719134459419,7.365927909612222e-18,0.026746731506158812,-0.10860762820722478,-0.024544598418896335,0.03493173608639304,-0.09611856258240849,-0.03341483808624031,0.03584031037861498,-0.07832576295026025,-0.028668426428668826,0.03463765764004042,-0.09669785808760595,3.5138660010732783e-19,8.628088541455357e-18,-0.10333414613591774,-0.037019085275242246,0.013858325948852002,-0.07386938282084937,-0.03684440688702674,0.020672293174807198,-0.07819104799967734,-0.008551348021888281,0.012499580856313813,-0.08696074827581962,-0.009848614857734833,-0.018445564294999692,-0.08760470280093301,-0.04343404675633871,-0.003683465707215871,-0.06174208298004289,-0.039185922362444045,0.0047777436527979625,-0.0605187697310356,-0.01354238606080067,-0.0004279750211382069,-0.06809536006304079,-0.020586171765843094,-0.03567070824176633,-0.0711564804498511,-0.04206161857780136,-0.025256927599884613,-0.05308424250573209,-0.04580870669764822,-0.010845776965171914,-0.04890871694847003,-0.02808626863369095,-0.015142442436615113
0.0,0.0,0.0,-0.022014803923565997,-0.008842875945181124,0.03152988048317741,-0.049975800629104734,-0.026076902878409365,0.045614010407250244,-0.08228747046257154,-0.04518197570409728,0.04330536657657649,-0.10667970952875078,-0.060708812812995866,0.020753007841171744,-0.09548225519897564,1.9679797330738408e-18,0.02666797443763192,-0.10640859698819431,-0.02513663607070124,0.03565563569195553,-0.09311852183268328,-0.033252124913126,0.036249465646013654,-0.07622575607112762,-0.026090304628916344,0.0344331686769074,-0.09636519262836643,5.998928842944056e-18,1.4972592987796378e-18,-0.10140532989765409,-0.036953239629426524,0.01407258145792733,-0.07201166785824538,-0.035822023373484786,0.02136445675121256,-0.077477102376345,-0.0071337494701971356,0.012688871290519786,-0.08637347747780802,-0.009625761381898263,-0.018392854785651315,-0.0849493299905792,-0.04292076835739855,-0.003340973737531736,-0.05916618502556671,-0.03735595225238432,0.005262999900981083,-0.05899167796540636,-0.01136799387967891,-0.00046320928960160655,-0.06748961071875281,-0.020088940356833365,-0.0358849321000379,-0.0693271649218788,-0.041593680500244944,-0.024940880405756833,-0.051248479854949174,-0.04481685492182127,-0.010535847139533906,-0.048025268211502985,-0.026386401995768506,-0.015520439085613482
0.0,0.0,0.0,-0.021581638512003124,-0.008888118830777263,0.03167797386499519,-0.04990233247246433,-0.025952271092801245,0.045922375429498695,-0.0821470042467438,-0.04472235957256598,0.042942549782154754,-0.1063614964155746,-0.06021319947241485,0.020195634910264146,-0.09494711458440566,4.469149056395093e-18,0.026755102798777925,-0.10497603723088665,-0.025271303379226662,0.036230815513436564,-0.09137316671643107,-0.03337262287937493,0.03679102361597485,-0.07482730070009332,-0.02492743606418433,0.03480319141465946,-0.09583119949899456,9.988316433592247e-18,-2.7350210634103893e-18,-0.10054028512036875,-0.036882918173873715,0.014311437133724831,-0.07109056983977917,-0.035639538385227855,0.021874919389791362,-0.07662165903193734,-0.006761602373794296,0.013077815604846449,-0.08591515163634973,-0.009488729085129814,-0.018351681522680283,-0.08350886840033314,-0.04251715045720901,-0.0031543086449833443,-0.05787009275903641,-0.03638969034562392,0.005568557970896233,-0.057803296761552714,-0.010502577791495118,-0.0003801382748373491,-0.06713198810055279,-0.019853762604221933,-0.03601109384429911,-0.06864940767833323,-0.04142282913047235,-0.024650411397112895,-0.05073434655963337,-0.044600342178617546,-0.01022245848157857,-0.04761200472978973,-0.025847385989417878,-0.01559909823687355
0.0,0.0,0.0,-0.02136492791171893,-0.008877750065302215,0.03186248673032303,-0.05013914950842647,-0.02561741985697614,0.04625431119672486,-0.08231232602555794,-0.044051743206393594,0.04287764218981189,-0.10644948448784085,-0.05947656731788294,0.020356904351825317,-0.09448512691437684,-8.508457905619787e-18,0.02691767197053212,-0.10430034547925444,-0.025203586922762897,0.036657699309171066,-0.09064213982431508,-0.03366479460470337,0.03735730358269788,-0.07406012420674947,-0.02474918357784937,0.035399319084854844,-0.09531439548988051,-2.4217804467093875e-18,3.921743127197264e-18,-0.10046794972935472,-0.03685360948007516,0.014568706175763748,-0.07085663735716795,-0.03606177473899627,0.0222901642396059,-0.07578304101501666,-0.0070227582163008085,0.013495978889593849,-0.08562666284007467,-0.009435248821721995,-0.01835032962771234,-0.08306505535322806,-0.04233082480837707,-0.00303013257979221,-0.05748636047558432,-0.03621180669322961,0.0057678982419436175,-0.05699351904796662,-0.010564294273987845,-0.00025774424151598957,-0.06699988706061737,-0.019870921321946785,-0.03609389049717151,-0.06877960273061405,-0.041518944262861936,-0.024395718146273976,-0.05110193629440132,-0.04495661126254253,-0.009927916101028132,-0.047573560716408565,-0.026189982784293273,-0.015508506338234628
0.0,0.0,0.0,-0.021440651835656518,-0.00887192867359757,0.0319737669505041,-0.050671463491394536,-0.025213263652401,0.04637555219634099,-0.08284090226273663,-0.04340876672182869,0.04286076504568623,-0.10679059066895638,-0.058719663828598646,0.02063807770096645,-0.09425091582314322,-3.569488061062536e-18,0.027007419728802284,-0.10427756742643746,-0.025085486489220536,0.03688691647324007,-0.09066410833144711,-0.03386856606029488,0.03772605675647022,-0.07390570100137976,-0.024977663681342188,0.035856992911173266,-0.09496272628271514,-6.571143743327178e-18,-1.055924711211679e-18,-0.10085830789960182,-0.036791403243195374,0.014708423611824673,-0.07119392816169641,-0.03676638370295226,0.022613644760686457,-0.07518648584763685,-0.00761643802381021,0.013825440190406466,-0.08545257609213583,-0.009414717393703293,-0.018359226577873464,-0.08331451134150128,-0.042291496023107895,-0.002949724281162265,-0.05771974756227727,-0.03661106808057337,0.005946660835351184,-0.056613846629992165,-0.011154481038368465,-0.00010074008586747107,-0.06699369610111133,-0.020027522338580583,-0.03610076764202972,-0.06925472222712768,-0.041662374230912284,-0.02419483700961027,-0.051864300274438495,-0.045498571339086705,-0.009699430117313354,-0.04780899851176026,-0.02702990998694407,-0.015324073740017074
0.0,0.0,0.0,-0.02174730142472431,-0.008916048105403565,0.031933244170033355,-0.051307350396125044,-0.02485794582792671,0.046170901454518035,-0.08353431941960418,-0.042944414243673304,0.04271713967558916,-0.10701547009100772,-0.058084183251860017,0.020587979698710467,-0.0942173958299623,7.280448763899496e-19,0.026904801313534246,-0.10466570614095377,-0.024972446672988244,0.03688541906033787,-0.09111140575501478,-0.03378211997973353,0.03771743951815146,-0.07421139034137031,-0.02518030286591116,0.03595470126475974,-0.09478383176522133,2.0223152097390973e-18,-1.572403894950399e-18,-0.10132881561863684,-0.03663931261451577,0.01460032838424828,-0.07191599497303966,-0.03743785368401066,0.022773765307764322,-0.07489957057641261,-0.00833028491245964,0.013982284445852658,-0.08528788904016298,-0.00937910805628618,-0.018342581861224266,-0.08387019381463733,-0.04228108219100445,-0.0029276868652507912,-0.05826588672050065,-0.03732166089749217,0.006128225884184597,-0.056578989493976016,-0.011917315736656857,9.929540152048577e-05,-0.06698389782575069,-0.020199467974218246,-0.03598969929581947,-0.0696332621500983,-0.04164242157471714,-0.02406870259371353,-0.052552674838035746,-0.04585491178437513,-0.009582460524642912,-0.048123733884980056,-0.02795263139470426,-0.0150950638230846
0.0,0.0,0.0,-0.022137266109663524,-0.009029090801719588,0.03174929872092115,-0.05180842606350032,-0.024634767299955517,0.04570069506628954,-0.08407676617855177,-0.042736635351874136,0.04242222482333533,-0.10677347082379852,-0.05764673935344706,0.02006261676564716,-0.09425535624966686,6.408614482243633e-18,0.026594249797037346,-0.10517176068493024,-0.024881267543485127,0.036686836719142524,-0.09166749043242567,-0.03337491905903978,0.03733202071191311,-0.07472573900689114,-0.02516164654610973,0.03569601152905096,-0.09470047637491452,3.827640433457374e-18,4.883821350104406e-18,-0.10157246040995405,-0.03641030114568808,0.014223002776827524,-0.07273504671006512,-0.03785129461611475,0.02270858189052179,-0.07483888140755209,-0.008988379922721286,0.01394275970266149,-0.08506718890458208,-0.009296591969002689,-0.018299229566264077,-0.08436979260127701,-0.04222804202662555,-0.0029802971662575054,-0.05882163179215203,-0.038073940262545555,0.00626084914896342,-0.05671535824316505,-0.012576060747027709,0.0003320382376835986,-0.06687934363579846,-0.020294703580742944,-0.035769374796037465,-0.06965545659126372,-0.041365642824901676,-0.024035945703321508,-0.05285328799552649,-0.045813460948310195,-0.009587046974409262,-0.0482882822196399,-0.02861610973981417,-0.014850964836722874
0.0,0.0,0.0,-0.02248343367357785,-0.009196494762867824,0.03151315793115062,-0.05206144146209842,-0.02456054030366982,0.045150621460798665,-0.08429737738491301,-0.04276713342631089,0.04209216022608249,-0.10605784719478396,-0.05739196639456328,0.0192685604477603,-0.0942795446867282,-3.4605525487943357e-18,0.026183693030532126,-0.1056069313077396,-0.02482518288111227,0.03639008726190769,-0.09215042419504359,-0.03279642887704748,0.03676864974020282,-0.07522758946705978,-0.024952206426490167,0.03528156606755131,-0.0946528652667324,-3.8612443107241685e-18,-1.6461879660425173e-19,-0.10150703055114074,-0.03616472717611484,0.01370291010445995,-0.07338018142228403,-0.03794155567016336,0.02245892442047043,-0.07488276740951538,-0.009421686250322754,0.01375676815017333,-0.08482729481629953,-0.00916486102082367,-0.018257183647813643,-0.08462882774902063,-0.04213303108950594,-0.003087426542952909,-0.05917916053199766,-0.03864998697303362,0.00629211877362502,-0.05687570911578346,-0.012973586480938605,0.0005556790891831975,-0.06669358995307538,-0.020281195813486422,-0.03550637972727388,-0.06935737758239834,-0.040901633796624606,-0.024084560865333907,-0.052736198866351315,-0.045409848505748196,-0.009671386221185747,-0.04820737514818442,-0.028870264582205984,-0.014615665613003821
0.0,0.0,0.0,-0.02271193350008266,-0.00935154550617549,0.031346515203341696,-0.0520956115474848,-0.024583692688302527,0.04475038158895897,-0.084261584059877,-0.042917525610541796,0.04193929240777685,-0.10526103106573231,-0.05729354864669762,0.018695520515906845,-0.09428149040778089,-3.0591655339743835e-18,0.02584695672837834,-0.10590339785753361,-0.02479553890312656,0.03616005386973912,-0.09249509956016277,-0.03228211689999941,0.03634411363616864,-0.07556779774061131,-0.024729397485073915,0.03498010072034548,-0.09464371227312804,6.23178084685597e-19,2.2698536165902284e-19,-0.10126340399660605,-0.035969628587650265,0.013299859754758314,-0.0737045227632876,-0.03779023095254158,0.0222036050578934,-0.07495342112666356,-0.009545322699635693,0.013532221698437374,-0.08468447402433237,-0.00903359311193363,-0.018243415296670142,-0.08467432953010065,-0.04204523695687304,-0.0031476723106153874,-0.05929590446059008,-0.038938546974061045,0.006266876329189518,-0.05700006825945312,-0.013101815579487277,0.0007070504892939456,-0.06655212690188984,-0.02021669715774697,-0.03529425814325295,-0.06900851468196298,-0.040464900775792116,-0.02413232317547583,-0.05242250110377999,-0.04490280827228409,-0.009742051793019553,-0.04800710298395545,-0.0287916670150147,-0.014430125939885649
0.0,0.0,0.0,-0.022786950257382223,-0.00939608707339404,0.03132849949909295,-0.051996439548514274,-0.024632690914194278,0.044669295507323285,-0.08415685362834718,-0.04304047300156709,0.04215101565574919,-0.10489964631914768,-0.05738877285308979,0.018845540906751914,-0.09427066186570865,-3.975619933472391e-18,0.025725544456014153,-0.1060266905613145,-0.024756483915640604,0.03617718567099438,-0.0926639064706077,-0.03202258450796954,0.036345710481080644,-0.07566040562940013,-0.024695845983326314,0.03496896561222285,-0.09469798062523627,-5.915109082722671e-18,4.753937037035662e-18,-0.10103655087984194,-0.03587324987184497,0.013287855832387847,-0.07369310470627345,-0.03755711655225035,0.022176532489293566,-0.07502694830665312,-0.009439641764558833,0.013385498889815457,-0.0847343372336807,-0.008989269579621421,-0.018267381851311403,-0.08463907766625398,-0.042030398074308896,-0.003018318741026789,-0.05925577118264002,-0.03896156683914999,0.006317706254286615,-0.05709454536260701,-0.01308279424347589,0.0007293895253016697,-0.06659617285703641,-0.020222092848885587,-0.03521629409482045,-0.06888186622219046,-0.040312565444541655,-0.02405550910900008,-0.052173051217467833,-0.04463196767944664,-0.009690086993318137,-0.0479016968074981,-0.028597100277575782,-0.014352825108157777
0.0,0.0,0.0,-0.022719047591845384,-0.009261978594359281,0.031467447459884675,-0.051860219948752714,-0.02466666088907132,0.044939970727490376,-0.08415029647793741,-0.043045906897309874,0.04275453676332982,-0.10529226321919566,-0.0576992211834213,0.019916032171157554,-0.09426139473796616,5.597878661253613e-19,0.025874206111897398,-0.1059637552883124,-0.024684849019234584,0.036522996385672635,-0.09264633839906063,-0.032099330112072506,0.036886064621678795,-0.07551789600799348,-0.02497204042370847,0.035274464221223135,-0.09482387581925385,2.555086601135848e-18,-3.1814930789292968e-18,-0.10097088596227224,-0.03589597051685252,0.013778467373954287,-0.07342107093311558,-0.03740637728780707,0.02250477221871737,-0.07511487012683879,-0.009267063356403121,0.013374127330005602,-0.08498883240451656,-0.00909137657541239,-0.01832706925734971,-0.08464955184238389,-0.04213549875083032,-0.0026379640068439235,-0.059180190305482286,-0.03882983382639299,0.006527066211288885,-0.05719352704758761,-0.013081130804724313,0.0005930583800068896,-0.06687224229932923,-0.020386757544156198,-0.03531941534999379,-0.06909921250839074,-0.04058936887229842,-0.023792494628952464,-0.05214531585424089,-0.04483706793786029,-0.009467118716731913,-0.04802929781914111,-0.028506881325428682,-0.014443306368439393
0.0,0.0,0.0,-0.022569205330101896,-0.008966006047901681,0.03171893027961842,-0.05177893641490839,-0.024688738345542957,0.04545962046514085,-0.08431150934647001,-0.042941098494607755,0.043579663056337425,-0.10639266882020629,-0.058131489986884284,0.021653003903794123,-0.09429835136291449,3.055822765798899e-18,0.0262536967792286,-0.10577038493254677,-0.02460402926219322,0.03711341029383131,-0.09250939873538909,-0.03248340265890463,0.03783291216752035,-0.07528303861655881,-0.025533851501906492,0.035799553426043206,-0.095015880461983,3.838579891712066e-18,-4.8816472583008004e-20,-0.10112847442974929,-0.03602655693882505,0.014629555497349374,-0.07303226168832033,-0.0374380822786463,0.023109911423363664,-0.07525218618449352,-0.009131435108956885,0.013473454184481487,-0.0853876285128314,-0.009320498425230013,-0.018414421113769848,-0.08477716705487262,-0.04235311160099002,-0.002100162753909462,-0.059172519070974754,-0.03866006630719206,0.006835048962545057,-0.05733910284351875,-0.01319452634710899,0.00031935876659330544,-0.06730252559590219,-0.020689043832081463,-0.03558878726928329,-0.06963412817355509,-0.04122468534016625,-0.023411202121620265,-0.052404867802382044,-0.045529638239976016,-0.009133193932422578,-0.048410642185805736,-0.028644304290144574,-0.014719750322508768
0.0,0.0,0.0,-0.022416623473725757,-0.00861449437766813,0.03200275024284433,-0.05179620523379616,-0.024733116399428684,0.04604095626804813,-0.08459669807649889,-0.04282501027012357,0.04434686196041625,-0.10782537808851984,-0.05854607959571886,0.023467206132266532,-0.0944291511720592,9.600855767492098e-19,0.026738592360459397,-0.10555422857408785,-0.02456734439424135,0.03775337897230103,-0.09237083818667391,-0.033049480560242636,0.03887109914461329,-0.0751532353668458,-0.026221086089676295,0.03636884106452524,-0.09525635499047981,-2.10231821599458e-18,-1.2673049418943023e-18,-0.101483281608473,-0.03622922337862171,0.015531826717998739,-0.0727013743291515,-0.03765331793585845,0.023778356588591433,-0.07547239330947114,-0.00905073953847161,0.013618540960135084,-0.08582857644762455,-0.009589998655372273,-0.018507797290815923,-0.08502462415825633,-0.042616691985889556,-0.0015914406553435233,-0.05928760281149603,-0.03852655022619742,0.007114497728980981,-0.05755108138159773,-0.013398535015129661,-7.917269981502495e-06,-0.06774275590898736,-0.021007642100624276,-0.03593642568546773,-0.07034745596050615,-0.04198051342378144,-0.023059405196391592,-0.05292689989993976,-0.04648914786206202,-0.008815949707076073,-0.048963092294914634,-0.028996650752914906,-0.015115401930388446
0.0,0.0,0.0,-0.022323050688464255,-0.008335315815853162,0.032227493105034845,-0.05188327176440169,-0.024828916615702773,0.046494630683073815,-0.08489868948384918,-0.04280384001000509,0.044834437737151706,-0.10912371169574896,-0.05887420168592077,0.024807782582923946,-0.09464109708877576,7.76637490899102e-19,0.02716566539918309,-0.10540093565328112,-0.024598941700038145,0.03825744810109395,-0.09230961099218986,-0.033614890640341746,0.03968305582263815,-0.07523956478596698,-0.026824133814356697,0.03680610383823852,-0.09550442931691835,-7.030463102392127e-19,3.3982716632604226e-18,-0.10193092281921491,-0.03645916925745172,0.016213506375135453,-0.0725427698077117,-0.03797529813451487,0.02432510883284477,-0.07576820588570823,-0.009004684167062474,0.013755900604003123,-0.08620193868725816,-0.009813115414033602,-0.01856559068955818,-0.08533496081452233,-0.04283732430891822,-0.001248956937996602,-0.059515001039091575,-0.03845858832054173,0.007303099578629717,-0.05779519835764058,-0.01359718285389337,-0.0002812978480250646,-0.0680779803802474,-0.02122311093161437,-0.03623093163294099,-0.07103386024474208,-0.04262547980731366,-0.022835617572437617,-0.053569574708750504,-0.04741589448951195,-0.008609573158689352,-0.04953649744028606,-0.02945636342514837,-0.01549441087553604
0.0,0.0,0.0,-0.022318662886450034,-0.008194663484542525,0.03233474973304695,-0.05198859639460644,-0.024967119054390214,0.046715912603177756,-0.08513705648724611,-0.04289444221886507,0.04497971995216048,-0.1100141234767101,-0.05910405178423904,0.025471155696120743,-0.09487205130190615,-3.90326039201104e-18,0.02742156889786631,-0.10534524056147088,-0.024671623156997523,0.038526966712244745,-0.09234259032438673,-0.034026800070394984,0.040109949394337485,-0.07551666191829748,-0.027198265600860153,0.03702404907781632,-0.09571563384214044,-4.7479896598279204e-18,4.666625797798714e-18,-0.10234968398172913,-0.036672894148685915,0.016568437048290294,-0.07256160085206628,-0.03831320820382663,0.024672079609662317,-0.07608977234902946,-0.008972095441224664,0.013853183961800481,-0.08644526083990735,-0.009954451743014242,-0.01854712762936776,-0.085638319725979,-0.0429572681557887,-0.0010956054989306532,-0.059797662833216275,-0.038459274903998066,0.007421573147824421,-0.05800744594284191,-0.013731128300310518,-0.0004276882861770048,-0.0682811189454745,-0.021306160480929683,-0.03636927398177373,-0.07152566883781365,-0.043060211110849914,-0.02272653923105282,-0.05413785746218343,-0.048111876814565954,-0.008512924136118346,-0.04998931610065826,-0.029903214250969985,-0.015723481357784116
0.0,0.0,0.0,-0.022391881095037428,-0.00818280610760825,0.032319467221376526,-0.05206503370958957,-0.025121765315001335,0.046708769983173366,-0.08526649228981792,-0.0430511059258602,0.04483143992556201,-0.11044969201915858,-0.05924997520740984,0.02553456354866117,-0.09507070319288465,-1.4243809413343764e-17,0.027487020178605312,-0.10537205835551504,-0.02475017772234499,0.038550142809956854,-0.0924386291924729,-0.034233967687784805,0.040165820482946986,-0.07585912362310004,-0.027317430549423732,0.037037560718566925,-0.09586990779498318,-1.0818429304578489e-17,2.4968606932438966e-18,-0.1026439664926313,-0.03683993202231289,0.016625571775524643,-0.07267174163606611,-0.03859765420900092,0.02481063660142016,-0.07637940715183694,-0.008940755205886388,0.013885693367702021,-0.08656446819880048,-0.010018871300090416,-0.01844449422180103,-0.08587000651604183,-0.04298294614433892,-0.0010905417959268008,-0.06004265948453928,-0.038506777312743594,0.007503811447501942,-0.05813571669135524,-0.013794540665198644,-0.0004329246273313983,-0.06838172662729644,-0.021297905369918282,-0.03633200014058826,-0.07174233451039126,-0.043288060514546596,-0.02266752656217975,-0.05445479439088181,-0.048502978947612,-0.008463862746607542,-0.050218408809694436,-0.030219511817569527,-0.01573446734569805
0.0,0.0,0.0,-0.022488850604999062,-0.008260108995339537,0.03220405283307024,-0.05203092600214869,-0.02530036384426349,0.0465355875813624,-0.08520889966695255,-0.04326487071993216,0.04445386098195203,-0.11042474310506553,-0.059387738589525084,0.025103250526734185,-0.09521153873314883,5.1728723451308086e-18,0.027404263663904638,-0.10541697873831482,-0.024827303353833773,0.038365370101901594,-0.09250879972693986,-0.03427259137457539,0.03994378121748975,-0.07608908302668276,-0.027233178167194463,0.036901679482027584,-0.09597061613297225,8.153161459708797e-18,3.7511794547194754e-19,-0.10272540366126905,-0.03695962806628893,0.01646275601448587,-0.07272982022192948,-0.0387653353576836,0.02475372320995729,-0.0765983140686582,-0.008905773288443457,0.013841181025722574,-0.08658943341825998,-0.01001977267931775,-0.018283524124953963,-0.08593867494960351,-0.042976192544006926,-0.001188629275044207,-0.060117929161004835,-0.03854439928812605,0.007559195008891131,-0.058136374685857826,-0.013763838713964338,-0.00033127419800572824,-0.06839268906514093,-0.02123483990353084,-0.03616781539530033,-0.07162834968116938,-0.04333743257457062,-0.022614691671914235,-0.05434913599426543,-0.04856224732905622,-0.008412286588919658,-0.050118412142092214,-0.030276573748003268,-0.015541975709697162
0.0,0.0,0.0,-0.022544959624056837,-0.008395767636481076,0.03201531923315082,-0.0517804775942057,-0.02555113852068451,0.04626386959741945,-0.08487253555450763,-0.0436051062019616,0.043910626072993744,-0.1099215874637083,-0.059656856502316995,0.024225727480395833,-0.09530012202952337,3.945500025580963e-18,0.027233687833469133,-0.10543302699403265,-0.024917313702002036,0.03802830928009244,-0.09246257646115605,-0.03420957997405752,0.03954605873605408,-0.07605786512684441,-0.027005032567871713,0.036673229416560614,-0.09605634819007229,8.200143631263823e-19,8.064418962416214e-19,-0.1025367946458734,-0.037058559392547756,0.016155542673489093,-0.07261204945238577,-0.038750868982293976,0.02452327851668347,-0.07674822995867636,-0.008870296427349812,0.013737008405277721,-0.08655310396859417,-0.009969731152610796,-0.018107044874018506,-0.08575741385459815,-0.043011047051265,-0.0013616865834062653,-0.05991965439439682,-0.03850381020293765,0.007577857998059757,-0.057997663917371406,-0.013589873672761281,-0.00017755478406361459,-0.06830504540494348,-0.021121152080113666,-0.03594927195226482,-0.07114218726727325,-0.04323928337627966,-0.022568372658397496,-0.05369085913646544,-0.04827848617661238,-0.008356447391594888,-0.04961273269597706,-0.029983766531407226,-0.01522449292720969
0.0,0.0,0.0,-0.022532542784598875,-0.008571081747513632,0.03178693968697961,-0.05128194953352665,-0.025914699951725545,0.045947217698455306,-0.08427862315308983,-0.044160207019547176,0.04329236737509359,-0.10905172035337517,-0.06017399556429074,0.02297924619381268,-0.09540853032188307,-9.4673368573515e-19,0.027040270849661537,-0.10550126176411774,-0.02503956434811279,0.03759850251430987,-0.09233109075992495,-0.03411541198376862,0.0390729063068068,-0.07575580338914573,-0.026682835867181346,0.036417637292992425,-0.09622360548917683,4.24990413757413e-18,1.8687508301783728e-18,-0.10215641068820547,-0.0371640306473031,0.015767490740565913,-0.07233358754656002,-0.03851960994281568,0.02415673560843575,-0.07688922659281265,-0.008847635620360735,0.013616037020627244,-0.0865274285647996,-0.00988310712620843,-0.017965734680290446,-0.08536129166254172,-0.04312906366393811,-0.0015982048779842656,-0.05949809894992626,-0.03835984894102971,0.007540937874830379,-0.0578059013483168,-0.013270079954835508,-1.7134235545975884e-05,-0.06814833111170523,-0.020951014735867458,-0.03575023013141362,-0.07036365759083817,-0.04303116865076826,-0.02257222016017906,-0.05254101569083673,-0.04767901433531569,-0.008332958851767904,-0.04877709768127845,-0.029358570858809475,-0.014888045180172609
0.0,0.0,0.0,-0.022485929927186444,-0.00876179023123085,0.031556166427418576,-0.05065155538460017,-0.026363650650427107,0.0456222512573347,-0.08362917462108516,-0.04491432415412544,0.04270306485847689,-0.10812001680597053,-0.06090524437242522,0.021537114061505973,-0.09565979710521261,-3.881355765014865e-18,0.026888350280828588,-0.10583374869661517,-0.025209173005542075,0.0371364377325117,-0.09230795779508073,-0.0340673889164084,0.038614987469561365,-0.07535887200495449,-0.02635140430860393,0.03620462283133582,-0.09657706140676903,-7.396764792814042e-18,2.365627176021358e-18,-0.10184109080040459,-0.03729020863375596,0.015355440749040505,-0.07210134223988755,-0.03812564298930962,0.02371387607702808,-0.07710849632609677,-0.008873727125246426,0.013526595261184837,-0.08661776503185822,-0.009779202202974173,-0.017902328378021228,-0.08497266100250774,-0.04333477700623838,-0.0018898289805028374,-0.059102465517597444,-0.038179371027572497,0.007429150255312634,-0.057731821328702644,-0.012903434580554478,0.00013308115415246681,-0.06799913036068682,-0.02073280322352897,-0.035627457295360015,-0.06955681798857588,-0.042762482203598094,-0.022684916589738934,-0.05124282442676068,-0.046886522169162045,-0.008384026092599785,-0.04787088999025487,-0.028556242298259205,-0.014623332679853615
0.0,0.0,0.0,-0.022480306065667068,-0.008922026444081148,0.031348417732630814,-0.0501113690465187,-0.026760203599899883,0.04531876806479542,-0.08320629313117217,-0.04563511228022205,0.04225151633228419,-0.1074915109100527,-0.061571251561779256,0.020220087437052635,-0.0960882679317652,1.1666193861774044e-17,0.026820915190113766,-0.10660157171657518,-0.025400298027545853,0.03667797380781626,-0.09264690861906998,-0.03412650493923405,0.038215724599456935,-0.07513742335792953,-0.026187850321067012,0.036068379145817835,-0.09708252202405039,9.399693633000462e-18,-5.94391435990832e-18,-0.1018980463597163,-0.037430062932141614,0.014955975834740736,-0.07222076683478654,-0.03774286489901179,0.023243464956946146,-0.07743187120065756,-0.009037850200255377,0.013510737392612228,-0.08685281791187427,-0.009691530165974533,-0.01792091727358449,-0.08492060494700805,-0.04361372817364103,-0.0022258214501276806,-0.05908953789422171,-0.038133663396417314,0.007222887207410223,-0.057917115630133645,-0.012711037458209791,0.00028434801931002913,-0.0678997813955833,-0.02050222473086091,-0.03558186328977497,-0.06906737627370678,-0.042505683083823693,-0.02293283404049537,-0.050303825486515345,-0.04616410075254036,-0.008530372901464267,-0.047195870484026535,-0.02786133259341796,-0.014460663239560393
0.0,0.0,0.0,-0.02257895605137629,-0.008979224448044824,0.031159338597597907,-0.04987688235341123,-0.026827135159406202,0.0450673028696854,-0.08320266277541925,-0.045805376917299176,0.04207266140924649,-0.10742588734137555,-0.061589025625086766,0.01955789498023867,-0.09649193061203501,-4.901835427883262e-18,0.02682323204783474,-0.10775758552977419,-0.025470235042080392,0.036173079344843796,-0.09354138064645807,-0.034258369667860604,0.03781799989318834,-0.07531555781447635,-0.02644321200295026,0.03594924999740787,-0.09745189780544329,-2.2116307014785076e-18,3.808560619662098e-18,-0.10252737448212507,-0.037503608813320786,0.014530992216033923,-0.07298490323356689,-0.037605122929070534,0.022685507108552258,-0.07778998177230385,-0.009505226975502693,0.013588659596627894,-0.08707034620252525,-0.009670474601762926,-0.017964401961270242,-0.0855211134127726,-0.04389757548123368,-0.0026279660183593087,-0.05984293884828498,-0.03844735320443469,0.006863463307638804,-0.05842644439206917,-0.013031927890308997,0.00044984378652664244,-0.06778666947219449,-0.02031870515617977,-0.035522532418283785,-0.0691760378633535,-0.0423176787296771,-0.023303944238584392,-0.05022322483515183,-0.04584069205304943,-0.008796165346369131,-0.046972600632620695,-0.027633176159181618,-0.01435333324181407
0.0,0.0,0.0,-0.022807105196879153,-0.008842925288627755,0.030929598284416947,-0.05008874326297587,-0.026147102134472425,0.04486483333731181,-0.08365540169133209,-0.04463575731384845,0.042285663690436036,-0.1080374425941276,-0.06002488198531804,0.020181650345528688,-0.09649530723976565,7.911677345250423e-18,0.026792016783534545,-0.10909373485152478,-0.025110135337410428,0.03543419725462189,-0.09516842941067448,-0.034227548026113004,0.037221862855757126,-0.07612686996312673,-0.02728262912036586,0.0356570055496785,-0.09724540610531758,4.856917616072503e-18,-1.4858609387199703e-18,-0.10386078349805544,-0.03726130131428851,0.013886406758686996,-0.07477754082294169,-0.0378229798154207,0.021762686671842665,-0.07819630970830535,-0.010466159347594628,0.0137218015805701,-0.0869838469053033,-0.009738346858974088,-0.017919966555684397,-0.08709052247278902,-0.04394177119438903,-0.0032326930321765314,-0.06187028142268862,-0.039234754665587,0.006169235852893738,-0.05942968652735681,-0.014202155046540455,0.0006005694905355257,-0.06754629856133448,-0.020203314866947007,-0.03527658157838894,-0.07011224885393595,-0.04208459462581617,-0.023817971654596152,-0.05152995394518705,-0.04605422982158094,-0.009302680891888881,-0.04746061424460414,-0.028139289254648984,-0.014219166810493579
0.0,0.0,0.0,-0.023182872821761815,-0.008443504003277036,0.030525052142757452,-0.0507999008269853,-0.02423730919648828,0.04460318835783891,-0.08444905035709563,-0.041227095804613395,0.04284996743677969,-0.10927602079143357,-0.05563219084546433,0.022470795908499194,-0.09581312716580881,-6.758519447285993e-20,0.026532245283992072,-0.11045374843262731,-0.0238740358194721,0.03414197715397268,-0.09783173410037081,-0.033505448923166835,0.03605574873554097,-0.0780699618354395,-0.028515641118690465,0.03485907115026461,-0.09615763676852555,-4.3829487450034495e-18,-1.0497669182672259e-18,-0.10609700133962713,-0.03617904688364546,0.012621388298427154,-0.07828996179432898,-0.03810661171986659,0.019950544106402783,-0.07907429607017544,-0.011946727864891062,0.013756562552389471,-0.08641741654065,-0.009799894676485541,-0.01764298751493025,-0.08999844326446714,-0.043160009576680536,-0.004359050147775296,-0.06594147120288298,-0.04018518131785206,0.00477163007423232,-0.061498388504242746,-0.016235985320597477,0.000615979083150256,-0.06716747297729399,-0.02001176933508184,-0.03464465241893339,-0.0721558535589677,-0.041300667283265285,-0.024614168876517087,-0.05493032387744546,-0.04637970318190468,-0.010361983615946712,-0.049233941082990104,-0.02924310677669397,-0.014036803787060891
0.0,0.0,0.0,-0.02374024791873696,-0.007773961764809763,0.029752774265197405,-0.05189138296556835,-0.020716819598121623,0.044031045366735466,-0.08519230867118917,-0.034890657212077306,0.043459813281376665,-0.1106552822090643,-0.04720187014800951,0.02623966788769753,-0.09442478999599153,-1.4063706673105697e-18,0.025782212159693445,-0.11170967146037447,-0.021284474111895876,0.031938027266627526,-0.1017903848388133,-0.031227943692362866,0.03380756713302288,-0.08191245007823744,-0.029249710233104916,0.03304780484703646,-0.09420249427843508,-1.0838676331302038e-18,-4.385414100462318e-18,-0.10932405076171116,-0.03340930218124018,0.010217981026853784,-0.08432607273930695,-0.03744108881999807,0.01659616721129549,-0.08136804316798306,-0.013452956779319005,0.013334413183913395,-0.08542928968186174,-0.009606209652252033,-0.016987425731414315,-0.09439519262012495,-0.04052149836859897,-0.0064221138887467595,-0.07281872359174958,-0.04015687886927813,0.002159459754246531,-0.06559416979085936,-0.018379126793554676,0.00020171662703667563,-0.06678062889027966,-0.019352065956287884,-0.033463726755373374,-0.07546274796883207,-0.03895725476060363,-0.0259280235367072,-0.06107900632275931,-0.04552025884066894,-0.012465134764327191,-0.05319084536140324,-0.030045069271273664,-0.014015059616644654
0.0,0.0,0.0,-0.024455263829289947,-0.006883013546187181,0.028460732857635028,-0.052875264200534414,-0.01557144941764936,0.04291397696132277,-0.08499913811049555,-0.025632104597552066,0.04379504922031398,-0.1108690326920531,-0.03446575857312595,0.030958387837359682,-0.09251422004562848,-1.398868584911989e-18,0.024289569713075252,-0.1124439003213461,-0.017040420537373816,0.028698111329191336,-0.10667749661561941,-0.026335500700325868,0.030131468945085213,-0.08809605920940905,-0.027682814686494958,0.029651730320722824,-0.09167980461158129,-2.0914571132620597e-18,-2.221823518758177e-18,-0.11296309751320918,-0.027974323415197594,0.006443608597889581,-0.09292560231789353,-0.03394499398339901,0.011292105804666813,-0.0860992584561666,-0.013544131715578554,0.01184263790798443,-0.08423203595072538,-0.008861090175745543,-0.015848299248134908,-0.09959668856907185,-0.03475058993446613,-0.00953545848443866,-0.0823638915718847,-0.03702804653660343,-0.0020350637383801636,-0.07246965024033365,-0.018786742575043563,-0.0011604920977884789,-0.06653674199141942,-0.01768293020633247,-0.03164756891564634,-0.07957094247936865,-0.03377947895322661,-0.027819021522784742,-0.06975462623744925,-0.04135764455763898,-0.015998099080965306,-0.05995472230548185,-0.02871761626883081,-0.014715013208147235
0.0,0.0,0.0,-0.025094476301016848,-0.005885036152517727,0.02673453594218123,-0.05284872015639351,-0.00951212039320719,0.04147691612280333,-0.08260354898575634,-0.014731871613466339,0.04418415564523069,-0.10810383405778864,-0.019275119058815227,0.036595312700270395,-0.09030382196328321,8.812388527487924e-18,0.022001618925586768,-0.11182049586601013,-0.01143395835978911,0.024988666738256546,-0.11112198664409814,-0.018294790058073312,0.02558230247329146,-0.09582843095762722,-0.021847684360792652,0.02477296380455897,-0.0890274480486159,4.432047423741968e-18,-4.976186879615379e-18,-0.11548746508047499,-0.019551400206578494,0.0020623534676263086,-0.10242561840998558,-0.02574832046744329,0.004652081591869341,-0.0933681116597598,-0.010068997305698766,0.00885187853770384,-0.08305591676403733,-0.0074534472900573715,-0.01420319866342689,-0.10379638031501995,-0.02527173066449681,-0.012847511282267778,-0.09262629772386503,-0.028726481575038983,-0.007279678370908264,-0.08166958934979002,-0.015081951014984506,-0.0037752655792474255,-0.06645860788617304,-0.0146559998506163,-0.029188991916908387,-0.0831498554531298,-0.025097437797041978,-0.029664024866174456,-0.07905226145775374,-0.03201125783062098,-0.020480495402210516,-0.06884514145515624,-0.023141698369511274,-0.01659625335592741
0.0,0.0,0.0,-0.02528203177844653,-0.0050454739037173605,0.024946929297846015,-0.05113469819396619,-0.004070375433251961,0.040491211548439515,-0.07737275071050176,-0.00471730873024182,0.04564071020697825,-0.10158309120723481,-0.0055409558632543215,0.04370704388210856,-0.08786179747194434,4.911540610869929e-18,0.01923052387988679,-0.1091012631695812,-0.005771553808786226,0.02204094564991809,-0.11348749156640256,-0.008367145299147598,0.021909005206134174,-0.10323522303385083,-0.011699461655226518,0.020076825537831564,-0.08646079175920889,4.261644703731824e-18,6.152944151859423e-18,-0.11525609086913552,-0.00960567408701138,-0.0011029216336301039,-0.11010567524858664,-0.013257312776871515,-0.0012139049088805579,-0.10192868480958207,-0.0020245088964518125,0.005081911286743989,-0.08185166509181525,-0.005679422264702855,-0.012138327747610707,-0.10497946574672051,-0.013645558212320047,-0.01453214859843635,-0.10057436052278844,-0.015740954020668052,-0.011599219350252623,-0.09136109913224773,-0.006518771369932555,-0.006828505951590179,-0.06621909321178039,-0.010572514810220295,-0.026147883827392485,-0.0846350039873844,-0.014083578445338361,-0.030102599497289197,-0.08610364531250131,-0.018065474874844306,-0.024064457815545677,-0.0777665331901892,-0.012859627658992786,-0.019061690443857422
0.0,0.0,0.0,-0.024940648399601112,-0.0047020219726487955,0.02343788030883034,-0.04826732891502511,-0.0008161669236851936,0.04045451661624267,-0.0705613303237876,0.002028970060482299,0.04867707093282634,-0.09303494666685841,0.003164671692267141,0.052055346009525195,-0.08523511145361655,1.9666944139090626e-18,0.016531370244193697,-0.10467700586992496,-0.0017897160134554553,0.020679449433331266,-0.11370568644156556,0.0004279259960509853,0.02062036461191056,-0.10952438372155844,-0.0003890060733936248,0.017775255477484556,-0.08387074573882967,1.6402538131611763e-18,8.799512903874562e-18,-0.11223388649106762,-0.0009900514374825403,-0.0017661061678934133,-0.1149190843089105,-6.916013080580196e-05,-0.004225789023241811,-0.11087586360197303,0.008489927655394398,0.002153836440688861,-0.08029183444636498,-0.004168047907677781,-0.009949429766246434,-0.10286592310419652,-0.0032567144181055124,-0.013498782381891677,-0.10501411530320783,-0.0020668882259302444,-0.013163594779996323,-0.10034744644214282,0.0041899826164478815,-0.008880487696624214,-0.06534970247057642,-0.006459252895046057,-0.022809697828268038,-0.08369142205780113,-0.00363587155475921,-0.028318808438541804,-0.08974985664375826,-0.003339498660050206,-0.025045957513382178,-0.08531375770264517,-0.0005402833749660481,-0.0208573266028052
0.0,0.0,0.0,-0.024481021081454158,-0.0049262522776401,0.022312168806432362,-0.045751843895917486,-0.0002661192324796503,0.04109268486669613,-0.06482712995299733,0.004637516320839613,0.05268163339246978,-0.08584157951716737,0.005782365614568557,0.06012656467319842,-0.08306918887505003,-3.011304380771115e-18,0.014466857080029807,-0.10046740398794515,-0.0002200849896654044,0.020667537940415693,-0.1137899773075156,0.0055540850930834345,0.02149037239145463,-0.11607153890165088,0.007652850847350896,0.018333221435265695,-0.08164452100780915,-6.5143658766859746e-18,-2.0311780511629495e-18,-0.10856739886626934,0.004310325086639029,-0.00045875257468855726,-0.1186782400390966,0.009665349555001788,-0.004426351743560747,-0.12101926321993633,0.017243236633156352,0.0007296444351572005,-0.07862979371748456,-0.003432942174112411,-0.00821512606506803,-0.09961467882028167,0.003295546207395674,-0.010808053741764382,-0.10788744523750533,0.007752405461139399,-0.01251940059750729,-0.10955508136795589,0.012423310176896,-0.009852791844122761,-0.06415464421891574,-0.0035186028424527113,-0.019922616883871796,-0.08188994115246873,0.0035838383621767584,-0.025266750781852136,-0.09173709802980333,0.007747538191315117,-0.023966453560888695,-0.09235395668457555,0.009532234397271026,-0.02186426825684241
0.0,0.0,0.0,-0.024366767889142667,-0.005384698803392033,0.021629391110497963,-0.04468174696509721,-0.0016025328420606576,0.04184058797001213,-0.06210087092430738,0.003928949631821154,0.05643003829227911,-0.0823980160871966,0.0038388135171951734,0.06614248525073169,-0.08240976096243398,6.241254975681546e-18,0.013427523290491938,-0.09867094494366441,-0.00039313498002011016,0.021352373938759366,-0.11580915459103927,0.00673360763215415,0.02309438676002302,-0.1241187185403141,0.009981222872686801,0.020083703143607027,-0.0808179839769973,4.628568687317773e-18,-1.7471521649574087e-18,-0.10686407502996298,0.006290255449424962,0.0012753924233350079,-0.12357675452528473,0.014036015088503495,-0.0036921953709729504,-0.13295778221379304,0.020929308371623136,-0.00032261680135590206,-0.07783507230284735,-0.0035168627637791315,-0.007481002588917955,-0.09797269403582066,0.005664027962579528,-0.0086546461701197,-0.11169531636849825,0.011649101194978332,-0.012055936648127841,-0.12002546045643207,0.014975109852673633,-0.011395768136369194,-0.06366002718601677,-0.002481201577596375,-0.018444011861085758,-0.08130817599036665,0.006537931495641541,-0.023027212989823857,-0.0944070717012713,0.012902715061015268,-0.023230173547878725,-0.10022466620605458,0.014242804572861461,-0.02350311426182661
0.0,0.0,0.0,-0.024676128907483,-0.005709301049070059,0.021456562062536388,-0.04500809464117393,-0.0034689293039186467,0.042459077632655204,-0.06229406981236974,0.0017187761266818822,0.0590456422178629,-0.08260582633145572,0.00013561339907890355,0.06941817149959045,-0.08354412205222607,2.8875180714135423e-18,0.013452776268336271,-0.09997553811194043,-0.0011581020728083998,0.022335758113495918,-0.1200324597711934,0.005453131182043715,0.024369970929196415,-0.13293271423536862,0.007378326498051196,0.021355816238900576,-0.08185876501448844,3.3712799353219805e-18,-1.1460586780135783e-18,-0.10808974229323663,0.006116603349167533,0.0023430306046729097,-0.12986665545626266,0.013681528717969644,-0.0036244031696785147,-0.14532535187921714,0.019059621314560342,-0.0022041224511961245,-0.07844819453298282,-0.004133692372675608,-0.007787038298618584,-0.09905448687960233,0.004989064526444744,-0.008363041067162992,-0.11701220916791777,0.010266159008270576,-0.013380575928427011,-0.1309623468395041,0.011638617378515875,-0.014614647675807916,-0.06440957979228588,-0.0033150829111840427,-0.018741943399580224,-0.08272507019131364,0.005789892262459187,-0.02293563082997278,-0.09842769988917215,0.012456293445303485,-0.024604105681116713,-0.10873438047802163,0.013066339445105395,-0.026822981448568903
0.0,0.0,0.0,-0.02517506192186404,-0.005884383831331173,0.021711886827820163,-0.046024285218810974,-0.005147634177958,0.04306894518299617,-0.06406893471421983,-0.0006987077094391947,0.06058497745752794,-0.084819044625519,-0.003461204267727648,0.07073979852535166,-0.08572670088212443,5.537425570683726e-18,0.01423923634170508,-0.10333175252176624,-0.0018594436394344827,0.023459510466742668,-0.12527435222644973,0.003202869206048302,0.0252700010637196,-0.1408523978905305,0.0021014341163958887,0.02212613198846347,-0.08415202700829531,6.5502863981930376e-18,1.2726378394232493e-18,-0.11136568882955168,0.0049189301624689,0.002653471511021618,-0.13632123885144057,0.010371504131219261,-0.0041905705328957625,-0.15599755667877754,0.013248770243294407,-0.0043924086980472584,-0.08006978394907491,-0.005006905199228277,-0.008711849886537129,-0.10212449390741166,0.002587202881662485,-0.009600627851426074,-0.12279570147827513,0.0055190586220626465,-0.01587009371966187,-0.14061578603844246,0.004293017327334478,-0.018445258976068978,-0.066038156273314,-0.005413609122197558,-0.020229375909753915,-0.08548509027870475,0.002717243450586318,-0.024537373279620047,-0.10301403996507787,0.008259930850889588,-0.027540289752263896,-0.11663563060365208,0.007611529326655545,-0.03087348174203881
0.0,0.0,0.0,-0.025600976448046105,-0.006062270699226596,0.022216172290673724,-0.04705414718512969,-0.006549065004669848,0.043770481071641235,-0.06611703397111204,-0.002884388273095372,0.06147736985584685,-0.08740261739633173,-0.006358179729019057,0.07120074029459078,-0.08798301811626344,-7.015199783485368e-19,0.015364948471337831,-0.10718664775641028,-0.002403513689797979,0.024564618970330777,-0.13021620122896757,0.00075017328000901,0.026064339324910885,-0.1467992310530366,-0.003907425458632691,0.022977759293229875,-0.08672619853746007,-4.448422653659958e-19,9.166750115494427e-19,-0.1152474852540527,0.00333923219837583,0.0025439251767747175,-0.14173016056996823,0.005758511423613741,-0.004693487520711045,-0.16374017806901442,0.005674895855719921,-0.005799179264302883,-0.08195157814921959,-0.005931771286716354,-0.009788947858105126,-0.10583738983650193,-0.0005628591008681416,-0.011370860882528765,-0.12780695196082417,-0.0005886428561778944,-0.01812326010986358,-0.1477717640234534,-0.004588620344081915,-0.02129986860747304,-0.06785256042831003,-0.007970552273637792,-0.02201786048044681,-0.08849925561748177,-0.0012769766601316587,-0.026622684989914658,-0.10713838039872109,0.0024120587057131337,-0.030515069875584746,-0.12286156541252213,0.0002742742483373452,-0.0340699526162715
0.0,0.0,0.0,-0.02580380289223531,-0.006282620915639522,0.022845561912281206,-0.047746278157858674,-0.007690760179912351,0.044543141634586544,-0.06774683472481459,-0.004680220340096609,0.0619970505186907,-0.08950071814657991,-0.008379324359944505,0.07142122624301103,-0.08980093292996934,1.5268809187090285e-19,0.01654306312402815,-0.1106115441285277,-0.0028789075986155625,0.025516528994298317,-0.13425451129669222,-0.0016140781327483808,0.026847003521502624,-0.15074906896464238,-0.009600123657693038,0.024063217804540744,-0.0890042062969037,2.887537524041239e-18,3.997779565157189e-18,-0.11885971632587615,0.0016335710582496851,0.0022484989408510917,-0.14572038053668088,0.0008219763574174387,-0.0048429234082871106,-0.16863059633330138,-0.0021678189020390816,-0.006160949018757352,-0.08364869017754299,-0.006780119379980318,-0.010765395092678228,-0.10933195332972004,-0.0038917729058927336,-0.013029217457157391,-0.13153430646737618,-0.006746244751296028,-0.01948568846770236,-0.15232337995536643,-0.013281735605110942,-0.022672790207209057,-0.06943004250055909,-0.010392125127127713,-0.02360025773535416,-0.09109133522269543,-0.0052992442061953835,-0.028446223059593514,-0.11032140878658683,-0.0036888713929770158,-0.03270543870312094,-0.12715752668392574,-0.0072218969846647605,-0.03581574014199484
0.0,0.0,0.0,-0.025771155000507473,-0.006483465202729767,0.023537199009900877,-0.0480804745969365,-0.008653840502558397,0.04534978550573861,-0.06889171143330598,-0.0061511727693876325,0.06229229536792198,-0.09107629125282689,-0.009640775449498075,0.07163636141707365,-0.09122634629649623,-2.137726814633723e-18,0.017719613566272625,-0.11353992244540319,-0.003380793687701269,0.02629337053945573,-0.1375477248218897,-0.003887592140284858,0.027616217819193933,-0.1534391331173515,-0.014866903316134425,0.025265116204071698,-0.09096099518267697,-3.575769210056486e-18,1.3031312102222814e-19,-0.12213688779626866,-0.00020489944532693183,0.0018713063804483968,-0.14868553105603893,-0.004200179221236362,-0.004690445475563411,-0.17160828145362098,-0.009976039550686312,-0.005797471352245939,-0.0851741778854339,-0.007552229694737664,-0.01161357278173675,-0.11248545990219251,-0.007274641836950536,-0.014384202528072203,-0.13428950513124877,-0.01266914625557905,-0.020030849794836977,-0.15504593654825785,-0.021455932195660898,-0.022888016381362054,-0.07076420284252974,-0.012524926282504274,-0.024912684669555332,-0.0932046068877383,-0.009127518256713719,-0.0298465329628039,-0.11272571930435982,-0.009666858708663963,-0.0340570364811383,-0.13001175767625323,-0.014438575898029016,-0.0363686736842643
0.0,0.0,0.0,-0.025594649870787425,-0.006597321468391276,0.02421778188731167,-0.04821315871070282,-0.009591454350142326,0.0461601856594601,-0.06978201366716336,-0.007560211601280595,0.06249506538757097,-0.09246370257474766,-0.010543463910891747,0.071913339495894,-0.09252546098308685,2.625919503443101e-18,0.01892753944129262,-0.11624573684215965,-0.003966987808473878,0.026926995855785812,-0.1404469663448382,-0.00612352654337741,0.028361528245496665,-0.15566917726561394,-0.019916438138919117,0.02646976533295282,-0.09277958226618897,3.300818107878448e-18,-3.6850285967650906e-18,-0.12528565113878784,-0.002210197391954906,0.0015041397463216564,-0.15116217144367883,-0.009242317897291637,-0.004328200030311803,-0.17367087740860093,-0.017803420197880178,-0.005040698835472375,-0.08670642814972063,-0.008304548139298554,-0.012380250622155002,-0.11544492268834106,-0.010694724862730997,-0.015395389529005175,-0.13663686800437105,-0.018455012283692424,-0.02003603957061807,-0.15689322938753078,-0.02931962115794259,-0.022406354386521204,-0.07201229075800306,-0.014438224901653869,-0.026036063517414026,-0.0950453101287267,-0.012773330199446514,-0.030866768121681275,-0.11471432200587921,-0.015487271333876267,-0.03474191386433891,-0.13208576107311357,-0.021407398659125366,-0.03617988610530883
0.0,0.0,0.0,-0.02540006546639498,-0.0065977036633778465,0.024792334801941013,-0.048307975492727855,-0.010568883976248878,0.04690780955163681,-0.07060055818455875,-0.009061833082051928,0.0626936202848293,-0.09387033874150237,-0.011453041821266394,0.07223128325421495,-0.0938265105166059,-9.333729214490976e-19,0.020100850286610794,-0.11878085651688508,-0.004608121655757741,0.027407099834754815,-0.1429977334666161,-0.008183321909536233,0.029020180250117718,-0.1577819559098311,-0.024554729876871798,0.027550598198680123,-0.09447968020787706,-3.8864647458363505e-19,3.5777793888412e-18,-0.12823551458653926,-0.004195094019040505,0.0012321367810384834,-0.1533504784868996,-0.01386307853818582,-0.003868170291451082,-0.175354458618918,-0.025075106828430466,-0.004152740286263522,-0.08825351267604901,-0.009023978692406493,-0.013049734412185076,-0.11814572878727855,-0.01385534796635918,-0.016039284379174772,-0.13882987902056879,-0.023788635557302058,-0.019752628274135257,-0.15843390828644377,-0.03650994365362655,-0.021600615996800514,-0.0732080394574749,-0.016098941784692306,-0.026969650230742177,-0.09668313010201833,-0.016014474032711994,-0.03153855207767618,-0.11644692686882055,-0.02072606644819052,-0.03492910405720302,-0.1337495202742154,-0.02768875230988643,-0.0356389980192778
0.0,0.0,0.0,-0.025293159234395915,-0.006528794446043817,0.025210960570451205,-0.04847128237082504,-0.011506848377006386,0.04750971046969986,-0.07139978099493167,-0.010562905152546279,0.06289224078167815,-0.09526313891976036,-0.012474116654203652,0.07252633676141956,-0.09506528644768315,1.2980984881189382e-18,0.02109119298077789,-0.12096573416728253,-0.005198387246240247,0.027706791388872443,-0.14505123744697715,-0.009821682946632465,0.029494463732833872,-0.1597328873352826,-0.02828359585355394,0.02835815114773658,-0.09593196527427018,1.1493162402631042e-18,-1.0589604646887211e-18,-0.13070892769331197,-0.005820721009030851,0.0010690658843640554,-0.155196618564728,-0.01747510589890568,-0.0034739434843574536,-0.17681506973737973,-0.030877611633675896,-0.0033969096254124692,-0.08965204466537761,-0.00962614003282547,-0.013559274203888642,-0.12037306285821525,-0.016325014951205058,-0.016380551777278016,-0.14078652119246043,-0.028058264577552686,-0.019403971086804524,-0.159833355469173,-0.04227081862272882,-0.020792964879382893,-0.07425785742100816,-0.017382308719302294,-0.027668547622768373,-0.0980438856641136,-0.01850823512245188,-0.0319245337874918,-0.11789808856352292,-0.024775510743697014,-0.03483365577863489,-0.13510843838950312,-0.03259043451979005,-0.03507600912213511
0.0,0.0,0.0,-0.02533018645052928,-0.006507297713927563,0.02550509296163823,-0.04873539255030515,-0.012294851837001628,0.04792317775239434,-0.0721538689290927,-0.011888739659968733,0.0630427661994095,-0.09650419214511659,-0.013519568284132515,0.07275560952465962,-0.0961037612845246,-2.658685450772241e-19,0.0217869185326176,-0.12264372904369551,-0.005644688874413873,0.027860559296353334,-0.14656843472502798,-0.010940799378448768,0.029762557834296356,-0.16136995910527668,-0.03083916392304431,0.02884645758366095,-0.09705004856096218,-1.2931412966141637e-18,3.1963794676725874e-19,-0.13253985769843443,-0.00685766520205728,0.0009727258413571513,-0.15664059353107265,-0.019844906433091274,-0.0032544736154775764,-0.17807215901535156,-0.03476749264675505,-0.002922229584210982,-0.09075041187085578,-0.010038439884008295,-0.013872489276399273,-0.12202140443645755,-0.01791136551329287,-0.01656427500416011,-0.1423252058965263,-0.030905801302726004,-0.01913463826838919,-0.1610545107095961,-0.04619831878281254,-0.02019799457210823,-0.0750836642027562,-0.018247486346449193,-0.028142389688358742,-0.0990747955534917,-0.02011889662701332,-0.0321502798430089,-0.11902151309423842,-0.02738426508189084,-0.034691562460233,-0.13617558324536289,-0.0358125031676412,-0.034696945145128694
0.0,0.0,0.0,-0.025517012715040182,-0.006658909602220368,0.025746827194743162,-0.04906778300556151,-0.012884696219224376,0.04815440368987644,-0.07281087464979291,-0.012941418727261069,0.06309799697442374,-0.09748231415924115,-0.014454015189132254,0.07291744149825119,-0.0968294666807402,-6.935292249748594e-19,0.022160012587307473,-0.1237899616188051,-0.00593248382453479,0.02795484734884232,-0.1476574497589484,-0.011646420553953186,0.02990836171544843,-0.16257939513735434,-0.03236324690437843,0.02912222600531945,-0.09784284149437153,9.368021996891558e-19,-2.7893356845355074e-18,-0.13375294683103395,-0.007307685917995017,0.0009067819055843502,-0.15768171102237383,-0.021178758835882584,-0.003201899958056604,-0.17909711477518261,-0.036955588259741524,-0.002695416546494556,-0.09149319507951331,-0.010246048496285095,-0.014000745058389443,-0.12313255997951181,-0.018741884457516993,-0.01671482246204882,-0.14331198355950855,-0.03242651068184273,-0.018968376614214483,-0.16198359012182273,-0.04844858704711237,-0.019864134161420913,-0.07567232588268322,-0.018770486782911867,-0.028446092023927644,-0.09977817891508574,-0.020977544433153795,-0.03233578277966806,-0.11979607843091054,-0.02874957546783242,-0.034657376610605556,-0.13691820451974263,-0.03756444785622953,-0.034530520649562885
0.0,0.0,0.0,-0.025831296420017736,-0.00704077385249655,0.02599388051843385,-0.04942228366576604,-0.013295362505801486,0.048237473128291,-0.07335446090326118,-0.013707310710867312,0.06305237449551952,-0.09819667713649316,-0.015158683323747004,0.07302152608017315,-0.09722152830690216,-8.603157264374e-20,0.022255973658569787,-0.12450417523712111,-0.006123930204674067,0.028062628125078596,-0.14846113914989806,-0.012140974528855904,0.0300509105032261,-0.16334634011932694,-0.03322701242522803,0.029359593349667347,-0.09836756444215924,-3.870195922641656e-19,3.4126972708647983e-18,-0.13448024364912134,-0.007365862978188077,0.0008627933248141975,-0.15834974652388437,-0.021921767659617872,-0.003247920479610436,-0.17983886929793524,-0.03803850802290592,-0.002599522398375075,-0.0919059056436963,-0.010284255560331544,-0.013994441880714723,-0.12380003269492569,-0.01911816089868228,-0.016885397725040163,-0.14372275747097968,-0.033057176861620456,-0.01886424388910291,-0.16251402564115625,-0.04954418877682386,-0.01972039964914756,-0.0760461989660834,-0.019065782871830136,-0.028634308957102627,-0.10016793191846109,-0.02135770839834259,-0.0325382558673155,-0.12021792768705043,-0.02930170654845472,-0.03476608163407285,-0.13728598198291692,-0.03832881013265378,-0.034482244622150125
0.0,0.0,0.0,-0.02622292264497778,-0.0076013586731420385,0.02625269411918267,-0.04976978189779754,-0.013568053375374919,0.04821234675723168,-0.07381206868442489,-0.014194119493878473,0.06294824731295859,-0.09873599485042527,-0.015564466010679984,0.07304959534544175,-0.0973492968908016,2.255753901033725e-18,0.022167423472022878,-0.1249249050586774,-0.006296974691062402,0.028207090741883847,-0.14904295215603972,-0.012587257490608553,0.0302705978371673,-0.16373888689982186,-0.03376907663349079,0.029689063121862792,-0.09867148408301463,2.3447117715929337e-18,-7.856161043346291e-19,-0.1348532309895089,-0.007290923237029834,0.0008473469461997805,-0.15866786360165575,-0.0224735797365105,-0.0033366109141730552,-0.18025397031224444,-0.0386209268402942,-0.0025598562136531127,-0.09204634015143652,-0.010210277744494753,-0.013924602375893306,-0.12408296987288157,-0.01932508252305233,-0.017066846353258624,-0.14364456055393937,-0.03330233624271384,-0.018803343596555097,-0.1626153789858321,-0.050055579604583816,-0.019679291793399913,-0.07622078408517156,-0.019212903595013563,-0.028739810622437533,-0.10025160941633549,-0.021517964741073446,-0.032749791362029115,-0.120298401164242,-0.029449595226918746,-0.03497026595418414,-0.13727275761566549,-0.03856368197545962,-0.034454037006107996
0.0,0.0,0.0,-0.026602768418170903,-0.008191620758968456,0.02646399136259291,-0.050082299477919326,-0.013712129297605836,0.0480972904330419,-0.07419427801964575,-0.01438685659258366,0.06282490317607138,-0.09916110082176147,-0.015697922534286427,0.0729279065857128,-0.09729352799634275,-1.3682230119554462e-18,0.021982342876429296,-0.1250862881292997,-0.006468755344713614,0.02836609997695117,-0.14932245323302978,-0.012989297896271674,0.03056358382004228,-0.1638103155984774,-0.03406928718851722,0.030114491779779446,-0.0987428692344993,-2.6564808504031802e-18,5.5296596950174934e-18,-0.1349002747444178,-0.00723520774051559,0.0008602617390272588,-0.15862037238913104,-0.02291590691077063,-0.003461578398109347,-0.18031113681250488,-0.03893296003884674,-0.0026094689779030383,-0.0919460168371118,-0.010078097175679345,-0.013846341898213411,-0.12396304490710526,-0.019463371058423596,-0.017216109748260863,-0.14319609735317607,-0.03339528737661889,-0.01882925044537019,-0.16233319785450223,-0.05024498841754008,-0.01973657024044775,-0.07616892260232916,-0.01922696843185842,-0.02876278170990442,-0.10003048721579569,-0.021561991689202836,-0.0329233771055834,-0.12005313997455858,-0.029373233444392122,-0.03519966464043088,-0.13693452236496975,-0.038442118491931396,-0.03444686037364132
0.0,0.0,0.0,-0.02687520911348633,-0.008635177467398808,0.026534515183345573,-0.050315158332662674,-0.013691361208150432,0.04787470306879482,-0.07445029002486526,-0.014253529058066438,0.06266285010387478,-0.09941198596614725,-0.015665755083419344,0.07255949814047213,-0.09707656602728214,-2.6949819160380058e-18,0.021730981397381006,-0.12487294251827548,-0.006580557880607171,0.02849721699049195,-0.14913418418310395,-0.013191524512314739,0.030840220083654064,-0.16353119417409043,-0.03393849370794547,0.03050099612326837,-0.09851310281863195,-2.3272637092694616e-18,2.4926151349600637e-18,-0.13452233996599897,-0.007175436251103519,0.0008808463674657897,-0.15815903826094868,-0.02300797338726447,-0.0036610157740731065,-0.17996476823880792,-0.03875543753732877,-0.002861973296685476,-0.091583560735008,-0.009924866546641759,-0.013769492642623452,-0.12337601358939379,-0.019426457033276466,-0.017293485582933543,-0.1424293240467487,-0.03319598082461467,-0.01901425078511936,-0.16170498920915005,-0.04996901956050708,-0.01998168825124438,-0.07582860900496854,-0.019078130642896353,-0.02868033338858491,-0.09950054880358526,-0.02141288482320359,-0.033010728846889714,-0.11949193690757283,-0.0289879987186003,-0.035405006467659074,-0.13634188087303487,-0.037822275367261016,-0.03455707196082228
0.0,0.0,0.0,-0.026992900635518128,-0.008812347461678985,0.026399393323939417,-0.05042422498606414,-0.013478018732420513,0.04751406659518268,-0.07450224052804433,-0.013815760779366335,0.06240585111310626,-0.09935911517220364,-0.015600436539170811,0.07190624155904105,-0.0966760546452302,1.108850777697086e-18,0.021389294354533156,-0.12414757474189693,-0.006560301635434863,0.028560321016378808,-0.1483737638208833,-0.013022574279077924,0.030975688464091728,-0.16285077694300706,-0.03315631568015222,0.030645154660357884,-0.09792120476339175,1.1410573261826955e-18,-1.927651927271246e-18,-0.13359128211194465,-0.006998836336286133,0.00087234323315441,-0.1572594971072791,-0.02246531616234267,-0.003986815902283662,-0.1791687243165385,-0.037743098391085646,-0.003428491057970188,-0.09092851172659135,-0.009767726850355086,-0.013673342424765934,-0.12230626388414988,-0.01903786597163949,-0.017292931477484647,-0.14133949569914242,-0.03241994787114065,-0.01940262509112552,-0.1607292615623147,-0.04893708650327619,-0.020515578396764357,-0.07516730380115007,-0.01873641264040353,-0.028486588982902402,-0.098676038723321,-0.02092204384794433,-0.032996878899128716,-0.11864269300942656,-0.028101755891379625,-0.03557933423941593,-0.13555099555303904,-0.03646593576720026,-0.03489496122311572
0.0,0.0,0.0,-0.026973562706307533,-0.00870800995782405,0.026069973432552945,-0.050403639865623635,-0.01312852072783258,0.04702357368448063,-0.07433660052792067,-0.013233654952262664,0.06203955229901517,-0.09898176905469358,-0.0156423412676746,0.07103229937166314,-0.09609916819804074,4.652730389756108e-19,0.0209494912297441,-0.122941310982291,-0.0063981293712817005,0.028535040482808256,-0.147124860514494,-0.012454953263180652,0.030897755186750895,-0.1618422792637511,-0.03174077969719638,0.03041715520473715,-0.09700746676401768,1.0896585272988062e-18,-5.033158452058235e-18,-0.13213680956912618,-0.006641609365986599,0.0008090047829337947,-0.15601183116020115,-0.021241581869981936,-0.004452563993015048,-0.1779880136034058,-0.0358269203259494,-0.0043152328558819,-0.09003996928379794,-0.009613692933044175,-0.013552140947839917,-0.12088701619420544,-0.018236054060322342,-0.017240739984348868,-0.14000621220270318,-0.030970794739535193,-0.019971404619544424,-0.1594893819104197,-0.04706681024730497,-0.021342774513341572,-0.0742682149801,-0.018223323170440724,-0.028223099780915483,-0.09764850511285227,-0.020039671163813513,-0.03290552873307803,-0.11760906917555049,-0.026655257751549536,-0.03574170105397443,-0.13463917109809853,-0.03433805741066707,-0.03548206301639527
0.0,0.0,0.0,-0.026869902739797037,-0.008415928841652428,0.02564426142261493,-0.050294066664433694,-0.012790723121917607,0.04648806312072833,-0.0740468045253712,-0.012771238946275663,0.06162386451478752,-0.09845948778131314,-0.015899249183777123,0.07008860372008073,-0.0954461195749813,-2.1030405575061413e-19,0.020486753389539352,-0.12154391111470003,-0.006166423005696812,0.02844405500621894,-0.14570326086202712,-0.01166617238892984,0.03066126230833876,-0.16076929043560945,-0.030053653472532634,0.02990139430393881,-0.09597881790785312,-3.493451083760922e-19,-4.855110904782985e-19,-0.1304887293158704,-0.00617463478145473,0.0007020159084014093,-0.1546875437609201,-0.01964869008822691,-0.004981311357289099,-0.17670582672253954,-0.033433573332090225,-0.0053440259325041395,-0.08912624231358514,-0.00947757146416442,-0.013438230071730001,-0.1194382048102593,-0.017203113808580292,-0.017173343539870215,-0.13869634648894857,-0.02914969487368884,-0.020607784949083215,-0.15826175277671342,-0.04472281109862679,-0.022299916132227232,-0.07336120759593953,-0.017653674625397266,-0.0279701659807445,-0.0966315878748704,-0.018948912883890688,-0.03278313226459278,-0.11660720460962189,-0.024916433475310796,-0.03589497490847322,-0.1337574593239786,-0.03183430733613665,-0.03617877944830801
0.0,0.0,0.0,-0.02673187142960252,-0.008071966189169687,0.02525978646789278,-0.05014966909852504,-0.012603178810760635,0.04604056016390113,-0.07376433926776015,-0.012607723950488774,0.061249948890517145,-0.09804119913938243,-0.016344607941079482,0.06926229100399044,-0.09488340452630568,-2.824729316804262e-20,0.02013375319990314,-0.12036794965890477,-0.005962084278151403,0.02834900501701906,-0.14452913207999465,-0.010943789707983978,0.03041384113350132,-0.15995117280289922,-0.028633309583629973,0.029358021717901056,-0.09513507396839602,-3.0452853167186878e-19,-1.5981277150219729e-18,-0.12914249882445158,-0.005773294604596197,0.0005886059415356254,-0.1536450530197,-0.018231675595968676,-0.005429414928815865,-0.17571245233231747,-0.03134624206285684,-0.0062233980532605026,-0.08845504405695327,-0.009387162199073016,-0.013367532321542181,-0.11834213272073797,-0.016301021836835444,-0.01711353234911266,-0.1377512619120228,-0.027548769873320597,-0.021136404361842786,-0.15738796982368666,-0.04263507621587379,-0.02311161068877183,-0.07271751347211432,-0.01720601519411331,-0.027794638389520093,-0.0958871490402517,-0.01801504047872018,-0.0326724789773503,-0.11588622340518802,-0.023426055524655737,-0.03600781906992697,-0.13309959880729605,-0.029700303617770336,-0.03674936349471994
0.0,0.0,0.0,-0.026598712421739678,-0.007761839837299214,0.025017304550979346,-0.05001148051568923,-0.012594660745846855,0.04578870752939276,-0.07357239866315832,-0.012708206767789335,0.0609944277371302,-0.09787573007483046,-0.016790398298148407,0.06870536167370736,-0.0945455011641488,-8.07754320829639e-19,0.019988769926792847,-0.11970917401306032,-0.005835866054182721,0.02830288392455315,-0.14389486847051752,-0.010494710185775968,0.030280930221021223,-0.15957036363134322,-0.02785289604909787,0.02903294582669776,-0.09468712457754969,-6.731843133007555e-19,1.3319640080035718e-18,-0.1284370533318844,-0.005594112065222998,0.0005042538046607618,-0.1531190737482444,-0.017442796774063424,-0.005674744605379596,-0.17524895281089906,-0.030236129149079388,-0.006730052305008396,-0.08818844827622606,-0.009363585132445585,-0.01333312561169568,-0.11782734945583427,-0.01583178911086035,-0.01704849830270378,-0.1373762263730275,-0.026680389470007754,-0.02139748125184295,-0.15704838289485526,-0.04146592490172397,-0.023546450636669405,-0.07249074671790987,-0.01701004765676798,-0.027690015899954484,-0.09556920813354854,-0.017550320127072774,-0.03257968945239205,-0.11557815035712357,-0.022666941127886045,-0.03602667730863942,-0.1327881599166977,-0.028605114734904645,-0.03701203754336032
0.0,0.0,0.0,-0.02650770282260994,-0.007521936402026009,0.02495444893650531,-0.04990751970725639,-0.012710699984024897,0.045781308541671936,-0.07350123709594487,-0.01292264215598788,0.06090468900230111,-0.09799144835856334,-0.017035411994411314,0.0684908775084128,-0.09449429059041242,1.803573912778653e-18,0.02007280575839476,-0.11967505033435119,-0.005790782390817335,0.02832225365927724,-0.1438946103764286,-0.010374500980012155,0.030320309167550862,-0.1596506949435636,-0.027788586098433127,0.029064237333817623,-0.0946874981608695,1.868683747522083e-18,-5.742794234181471e-18,-0.12844906159504718,-0.0056940250744584985,0.00046816960576247625,-0.15315408868637753,-0.017451958224721866,-0.005658703252865506,-0.17533430036822606,-0.03035190140104933,-0.0067705526151515235,-0.08832831213508062,-0.009404247043438552,-0.013302492090402445,-0.11791223515416975,-0.015904404145925154,-0.016948923489571086,-0.13758139903246563,-0.026746837471321852,-0.021306727406803005,-0.15722145670322843,-0.041498826008125746,-0.02350448693312006,-0.0726702057888487,-0.017081495050068,-0.02760423453943977,-0.09567838473951322,-0.01766097855479886,-0.03248483716597925,-0.11567466230329937,-0.02282460449377046,-0.03590460134889338,-0.13284261307540632,-0.0288205400151914,-0.036892498026237605
0.0,0.0,0.0,-0.026486220181652725,-0.00739847961978473,0.025081746905025095,-0.04985387983942166,-0.012914202045085867,0.04602893062319179,-0.07356800741285746,-0.013169563011202538,0.06099471144454424,-0.09835938709134492,-0.017041852149829412,0.06863078964720373,-0.0947432330792278,6.526446384709284e-19,0.020358914090151694,-0.12025837217232051,-0.005831607609837381,0.02841066226706764,-0.14452959496865964,-0.010594502080497354,0.030556723153570626,-0.16014874772505663,-0.028421993813484356,0.029520427488362543,-0.09510864289642477,5.776595497381463e-19,-1.3147030004716199e-18,-0.1291310845000547,-0.006065334304838023,0.00047574537783633787,-0.15370533108298978,-0.01826339491030543,-0.005367917722523026,-0.17589495268640526,-0.031664398097782084,-0.006314431175604874,-0.08878452272452401,-0.009498066075364449,-0.013272872020413693,-0.11853133783807547,-0.016514020434800897,-0.016826549410390503,-0.1382679833968563,-0.02772405826762987,-0.02085954335073928,-0.15780959123321464,-0.04275111217511566,-0.022990994843866023,-0.07315322672338051,-0.01738398742272656,-0.02753808793454313,-0.09615120110501917,-0.018317617281559995,-0.032396127009586634,-0.11612873397775356,-0.023869134411679607,-0.03563992362923241,-0.1332534228704856,-0.0303031785373045,-0.036383789968019
0.0,0.0,0.0,-0.026528391054014475,-0.007435126951865936,0.02540010439808988,-0.04984592319651969,-0.013214624723742028,0.046509585232868626,-0.07377871063324787,-0.013483683159393323,0.06124519316545769,-0.09891643520532746,-0.016937573649784588,0.06909511857119455,-0.09525034240280515,-2.779353611837408e-18,0.02079815595046107,-0.12134967871674028,-0.005983883824244753,0.028578206340802083,-0.14572242509541847,-0.011173096662065682,0.03099347410177434,-0.16097056752866573,-0.02974421024449112,0.030403415119707268,-0.09588258899109899,-2.6173035719923966e-18,-3.2783188357193772e-18,-0.1303707607257338,-0.006681121421906032,0.0005087746839961154,-0.1546793938728991,-0.019801818310951576,-0.004824456930998338,-0.17682289131017592,-0.034012411825302215,-0.005383984446235676,-0.0894449672155073,-0.00963880095318767,-0.013283002545277567,-0.11959530300230917,-0.017593285354727924,-0.01673332161336037,-0.139283537290478,-0.029447067256036845,-0.02012154293712246,-0.158703763999707,-0.045080029105718095,-0.022084567133511163,-0.07382169697786918,-0.01788084337325641,-0.02756163730884323,-0.09691179052590862,-0.01942926625992738,-0.03235540906316997,-0.11688165902066334,-0.025653006252079186,-0.03528052311074919,-0.13398728777311392,-0.032811936949099146,-0.03553715240240677
0.0,0.0,0.0,-0.026590193251955545,-0.0076061669723400905,0.025857426276948647,-0.04985319435699625,-0.013594407771253324,0.04713509362201545,-0.07408609340747944,-0.013898642701811794,0.06159976029100366,-0.09953493584475458,-0.016864663331777344,0.0697784788542621,-0.09588735204139276,-1.216599815957979e-18,0.021309690311269728,-0.12268439277559462,-0.0062445266589108836,0.028817091346505758,-0.1472017352241473,-0.012015970121579029,0.031571314787071265,-0.1619236886745069,-0.03154711072242035,0.031570837791126995,-0.09684544668939137,-1.854312697499521e-18,-4.203539480391647e-18,-0.13190306928203033,-0.007450406032052511,0.0005568998709430172,-0.1558668488397436,-0.021765753433033944,-0.004115148557598195,-0.17791340207335096,-0.03692837828071014,-0.004141414491628486,-0.09017929773243963,-0.00980946048248705,-0.013369345417930762,-0.12089984126810913,-0.01892990979589339,-0.016699780883262592,-0.1404072212969429,-0.03153478628493373,-0.01924957728391623,-0.1597342539339467,-0.0480167627062577,-0.020967152046947116,-0.07454598477160206,-0.0184870961834949,-0.027721504963578485,-0.09782369690634943,-0.020780687876404004,-0.032386515630811345,-0.1177922539968146,-0.027816304708863992,-0.03489743740989568,-0.13491320039445798,-0.035807887213047965,-0.03451280218693616
0.0,0.0,0.0,-0.02662136602675505,-0.00782156766887514,0.026338528845972962,-0.04983406739968305,-0.013969142125833832,0.047762517404045184,-0.07438981364459303,-0.014357044405343822,0.06197152743760264,-0.10004089426761756,-0.01687220246196573,0.07050991195938044,-0.0964770166464719,-2.5604496411753295e-18,0.02179169438108403,-0.12391327186712157,-0.006542939298773096,0.02908035804717715,-0.1485593851961023,-0.01287254614931363,0.03215667234116527,-0.16276931560669095,-0.03337699736751876,0.03274435135939144,-0.0977533715175424,-1.6726376992801984e-18,-3.7176300647880085e-18,-0.13334901450244746,-0.008201534051069673,0.0006124293738708553,-0.15697932658223532,-0.0236506374107255,-0.0033950583325826466,-0.17890889181645075,-0.03968828815582145,-0.002885374783370658,-0.09084153699187532,-0.009982089867268258,-0.013525051864975093,-0.12213143794898498,-0.020200070722818535,-0.01671802448239792,-0.1413970755724977,-0.03348740646284202,-0.018463273546822524,-0.1606898701570392,-0.0508591564202429,-0.019907516655744247,-0.07518205914758541,-0.019071718046753526,-0.027982719331061837,-0.09868869693758144,-0.022066595251799333,-0.03247438512646592,-0.11865142032219016,-0.029855841641467457,-0.03456249955987608,-0.1358303488551238,-0.03858736925539586,-0.03355835649606971
0.0,0.0,0.0,-0.026598701594597544,-0.00801176374631552,0.02675009808487454,-0.049755356172446225,-0.014256090229115182,0.04829505442858792,-0.07459821611027426,-0.014776712280057893,0.0622953848029113,-0.1003065481682387,-0.016940664187501474,0.07116578057025612,-0.09690076545435962,1.8039720088209186e-18,0.022180893106998875,-0.12481350484916647,-0.0067897394853188514,0.029320672399611118,-0.14952747882273273,-0.013509009139386375,0.03263452326478873,-0.16336891200152723,-0.03485962235960469,0.03370606575286992,-0.098432284078491,2.101392837514411e-18,-2.232133057092141e-18,-0.1344579917647483,-0.008789018123535238,0.0006619228934417022,-0.15783524169443677,-0.025092715672768183,-0.0027855808896425954,-0.17966892992505676,-0.04180067822122947,-0.0018397665653405691,-0.09133772389129806,-0.010143841974594727,-0.013706713046386607,-0.12307102425193267,-0.02119268049717371,-0.016763596403658612,-0.142121598081366,-0.03501962592801605,-0.017900608273339468,-0.1614436443832211,-0.05317145441074978,-0.019092043004690973,-0.07563719881528659,-0.01956153020462696,-0.028270724409487802,-0.09936613894502674,-0.023096763510972892,-0.03258361026192885,-0.11932208179592442,-0.03146785520173463,-0.034302486297682296,-0.1366068656861916,-0.04075283136328027,-0.03282985522683598
0.0,0.0,0.0,-0.026527140400079093,-0.008169636985983456,0.027085206846837438,-0.04960115120428638,-0.014437607435564785,0.048744353450720035,-0.07467464507156311,-0.015136015315810849,0.0625737279309638,-0.10031034764997933,-0.01703885088343475,0.07173751209444723,-0.09715612719148409,-4.934556053501358e-19,0.022485734204242786,-0.1253898300237437,-0.006946086728146909,0.02953562663409463,-0.15011203171475768,-0.013865054762830571,0.03299786149216363,-0.1637340704525684,-0.03593311763827816,0.03444990854000906,-0.09887240694950433,1.885829490729102e-19,4.2015406733039446e-18,-0.13523796551846712,-0.0091846718795689,0.0007025737474219526,-0.1584465472090326,-0.026069710555225438,-0.002283442958484708,-0.18022219020052468,-0.043275799575201244,-0.0009978675304939972,-0.09167574823065933,-0.010304307818537058,-0.01387093620838142,-0.12371923072469265,-0.02192304787913284,-0.016802667780489774,-0.14261032790507674,-0.036187393227473844,-0.01752679070790884,-0.16200331575593316,-0.055010640640253336,-0.0184972241467073,-0.07592037577537121,-0.01998144009661049,-0.028531714138697026,-0.09985478638699857,-0.023888505432409505,-0.03267599823640117,-0.11981531448014815,-0.03269789507078173,-0.03407278270532132,-0.13724334800988336,-0.042393545601126716,-0.03228220018514323
0.0,0.0,0.0,-0.026426602462384357,-0.008313672374714323,0.027384468353257703,-0.0493889461268666,-0.01455390714437905,0.049164992657286744,-0.07465432959904993,-0.015464251973804079,0.06284088397913995,-0.10014166452050767,-0.017149125443159,0.07227074605109332,-0.09731548983988846,-3.545802337652856e-18,0.022750563958496832,-0.12578396515443385,-0.0070380444415664035,0.02974585762149772,-0.15048140802006502,-0.014041449402747585,0.03330673666493328,-0.16396433034644142,-0.03676334157362281,0.03509221767806809,-0.09917490503379256,-3.1213468310241578e-18,4.453395196507335e-18,-0.135841881842469,-0.009461253798116695,0.0007427390012571527,-0.1589278076345936,-0.026779299393080092,-0.001821620736715252,-0.18066975397650015,-0.04440916880304169,-0.00023875937526225745,-0.09192826469558106,-0.010472574861742655,-0.014007304797318543,-0.12420939114359136,-0.022520956838185478,-0.016816596478055234,-0.14297632922575204,-0.03718605175624667,-0.01722905293571672,-0.16245400541812427,-0.05663852721344884,-0.01799213842019862,-0.07610880498518764,-0.02038114346300234,-0.02875820574859334,-0.10024139051764445,-0.024559092412195498,-0.032737546417206144,-0.12021993595889062,-0.03374431535230052,-0.033825369912373865,-0.13780861847246537,-0.043793000403717926,-0.03179339940816404
