x0,y0,z0,x1,y1,z1,x2,y2,z2,x3,y3,z3,x4,y4,z4,x5,y5,z5,x6,y6,z6,x7,y7,z7,x8,y8,z8,x9,y9,z9,x10,y10,z10,x11,y11,z11,x12,y12,z12,x13,y13,z13,x14,y14,z14,x15,y15,z15,x16,y16,z16,x17,y17,z17,x18,y18,z18,x19,y19,z19,x20,y20,z20
0.0,0.0,0.0,-0.02594105458354515,-0.007185645781542197,0.028313093855363427,-0.049491224783331345,-0.009374095795169367,0.05344297083982622,-0.07555472405765899,-0.006105306816560847,0.07023401988015612,-0.10000426094912993,-0.000598823476092016,0.08342912095248466,-0.0969218000520493,1.810420530378646e-19,0.023278333293563887,-0.12603642241706467,-0.00656035547808359,0.03010406904079729,-0.14697249046095415,-0.014589971891275125,0.03397308935038096,-0.15801070174256687,-0.04062688422896941,0.0345811111403248,-0.09789229082941088,2.178716303422057e-19,-7.246164931524674e-20,-0.13482487866552498,-0.009981331929354355,0.001736172573124958,-0.15777843705952832,-0.027220466508429103,0.0007224778108674274,-0.17735013533018282,-0.044636256733734926,0.0037962353568301564,-0.09110262067281123,-0.00936766962454379,-0.017493169421137295,-0.12314327239583499,-0.021763412449378756,-0.019251125973630153,-0.142713565206007,-0.03673283466008526,-0.017626537899533657,-0.16121523934084164,-0.052560875468979695,-0.013667919090250011,-0.07580549203340345,-0.01947669137756201,-0.032238196963145054,-0.09771615803778434,-0.025206054679227183,-0.03575230791635115,-0.11801260691403766,-0.03336385367735036,-0.03748230909044419,-0.13709091239961912,-0.0429723178492503,-0.03443984982606212
0.0,0.0,0.0,-0.025813331123811446,-0.007161539363718082,0.02831585109082485,-0.04933615325110041,-0.009449526205704202,0.0534942813077805,-0.07541064733382255,-0.006315046346981485,0.07031162081436525,-0.09986882023884315,-0.0008820569903284522,0.0834936575477102,-0.09683047902089466,-6.866360848620979e-19,0.0232801472798035,-0.12597121644029372,-0.006597830201828715,0.030151069500345736,-0.14696566777743889,-0.014684079308184597,0.03405920367382546,-0.1579797596416233,-0.040813356069254424,0.0347041371082962,-0.09786450873636315,-3.234266019734411e-19,1.7925462575391903e-20,-0.13484067908780722,-0.010014386131652522,0.0017650073134928244,-0.1578343106701675,-0.027179081050193454,0.000829480475441775,-0.17739751556042352,-0.044643831899376006,0.003944121923983049,-0.09111133998516839,-0.009410359208688634,-0.017509412284658712,-0.123151105796459,-0.021891588428107563,-0.019173726000697444,-0.14272423039692766,-0.036841583832902335,-0.017504452083126554,-0.16122575558497668,-0.05274965819866196,-0.013545378955466217,-0.07581895836702589,-0.019564095486354176,-0.03224241542897782,-0.09775789924793002,-0.025356793009921528,-0.035691602368705215,-0.11805903885666448,-0.03356522506910168,-0.037418497163027795,-0.13713661577703898,-0.043133614745923296,-0.034359176987814245
0.0,0.0,0.0,-0.02581818743834439,-0.007187690847870231,0.028292791532070545,-0.049282100751338785,-0.009630119139209456,0.053468874171775455,-0.075361406546776,-0.00660007968793419,0.07028548233558415,-0.09979433665892912,-0.0012604638406833086,0.08348115066212919,-0.09682989800637212,-7.398806789429777e-19,0.023290574045940034,-0.12605188297843115,-0.006559359578040487,0.030177612205990863,-0.14713248959537198,-0.014617499870574015,0.03406582496404145,-0.158204702420226,-0.040669103877818975,0.03475765879843017,-0.09791962213295512,-2.0441115128154452e-19,4.237428972837825e-20,-0.13496121460140073,-0.009947687761627716,0.0017535344995354691,-0.15801675874373267,-0.026998069391598423,0.0008271855617051247,-0.17767540720883712,-0.044411221906664446,0.003919103543070199,-0.09116536009629196,-0.009442436421347674,-0.01748531255731478,-0.12325506495212651,-0.02190981416151338,-0.019169105426957,-0.1428752216786563,-0.03676158400326517,-0.01751246765623304,-0.16141270493220158,-0.052706857022106264,-0.013579806503192723,-0.07586020442385946,-0.019624551210239014,-0.032262784006742755,-0.09783544587723156,-0.02537149381658736,-0.03567941672921294,-0.11818703228193966,-0.03351226916764301,-0.037414917683367466,-0.13731252968139546,-0.04303380025557254,-0.03432925150296658
0.0,0.0,0.0,-0.02575179335518356,-0.007180217887461817,0.028296692786408346,-0.04916812620610448,-0.009687337524628258,0.05350213725699186,-0.0752754537103842,-0.006678726403166876,0.07035209140640818,-0.09967229728275251,-0.0013132179214495265,0.08359907971233929,-0.09675308046818971,9.755567834843202e-19,0.023285017081377948,-0.12600365109812836,-0.006603743286409388,0.030240452945736372,-0.1471387969666289,-0.014706610514920376,0.034172645049050376,-0.15815855740427956,-0.040806984768097083,0.03491776090036529,-0.09790012301102657,4.621854899477641e-19,-4.760486343276742e-20,-0.1349756526631434,-0.009997022066412637,0.001776853148665548,-0.1580449003984858,-0.027009785685006053,0.0009041252898308683,-0.17765441773081628,-0.04446762263624494,0.00401862776339792,-0.09116468905424428,-0.009472776761128388,-0.01746866659755062,-0.12323997067009854,-0.02204794833573343,-0.019120100763867793,-0.14283102590618507,-0.03689214544091077,-0.017443853814755796,-0.1613167594163067,-0.0529307976107352,-0.013506915811600824,-0.07585619416913308,-0.01968544765462317,-0.032253166098175474,-0.09782058602360069,-0.025489533047588223,-0.035628496001348646,-0.1181501362487917,-0.03366512041752817,-0.03738719356305114,-0.13724216417618076,-0.043157902282592996,-0.034261577284956025
0.0,0.0,0.0,-0.02576280578815567,-0.007244096742431886,0.02831856609817061,-0.04917660885115562,-0.009759867829226117,0.05357175855595625,-0.07527872502415553,-0.006724347875776917,0.07044689376510442,-0.09977060003738582,-0.001359767571606088,0.08369585111002623,-0.09687891399730929,4.612881411415272e-19,0.023342094448174863,-0.12615332922008243,-0.006581735011741463,0.030271906234143265,-0.14729833926439118,-0.014697680996298363,0.03420697352745048,-0.15835348007094885,-0.04078421719743029,0.034986468924571426,-0.09803445333386579,2.0299411357057217e-19,7.496947702519617e-22,-0.1351503342743338,-0.009949865644663807,0.001788813485093296,-0.15825146399540177,-0.026958207650752193,0.0009187029539206299,-0.17792122894290452,-0.044429310079058926,0.004040095801309602,-0.09130345471483761,-0.00948460613887264,-0.017495637599130868,-0.12340419030230022,-0.022048093450409284,-0.01915292830176481,-0.1430685295765503,-0.03689185033957272,-0.0174367247549989,-0.16161559889446045,-0.05293534011766961,-0.013503605513876471,-0.0759642516530999,-0.019701290450136057,-0.032298530470567376,-0.09794890405139728,-0.025505712109826703,-0.0356670289815314,-0.11833647164028009,-0.033649777902301316,-0.03737842145978287,-0.13746901216340737,-0.043186872703597466,-0.0342529196454913
0.0,0.0,0.0,-0.02578184707636132,-0.007246730648389625,0.02830988376468235,-0.04918122861421585,-0.009774835054793431,0.05357228823223879,-0.0752391189056508,-0.006867014827696842,0.07045835594596031,-0.09970494715951876,-0.0016005150241161,0.08374152781884515,-0.09688733710886531,5.473389842877853e-19,0.02333143228554717,-0.12618647370371633,-0.006551815624706083,0.030255016033951688,-0.1473574378588447,-0.014624494287902436,0.03418669550930483,-0.15847140068394058,-0.04072121841414201,0.034971600798068575,-0.09807315567306342,7.20114800585509e-20,-3.5395674032902105e-20,-0.13519199760192932,-0.009892387779955244,0.0017817125366830764,-0.15833027326772434,-0.026848887312472862,0.0009137269812740737,-0.1780470424838371,-0.04432135357826914,0.004075411190120755,-0.09138146123802102,-0.009496825250405438,-0.017475909359060814,-0.12348900006120243,-0.021958799903787005,-0.01914803479116798,-0.14320587970413698,-0.03670669454757978,-0.01741075921664777,-0.16181071773610073,-0.052697468861376016,-0.013439650114149422,-0.07606985302357237,-0.01973026453847205,-0.03227657244028193,-0.09808106995314818,-0.025511344296882916,-0.035644642739857194,-0.11847869731950511,-0.03365064737789792,-0.03732761204578777,-0.1376194718122433,-0.043165620660842154,-0.03418773353878418
0.0,0.0,0.0,-0.025766514908895147,-0.007201608277874907,0.02829535174045839,-0.04915253324050704,-0.009782174752513265,0.05355483867812248,-0.07522747748479486,-0.006979460578934989,0.07046116976813148,-0.09958456771606437,-0.0017571970708417871,0.0838275318864841,-0.09680178293514656,4.3016612518119255e-19,0.023285188387675973,-0.12616300762975383,-0.006508101895871957,0.030205037142751197,-0.1474028072611394,-0.014445769714022203,0.03412858235803747,-0.15857642252994522,-0.04054499928683022,0.034910588673578206,-0.09800240601569805,4.2170169939665635e-19,-3.8646863040104436e-20,-0.13515438237892097,-0.00979611446885567,0.0017645680256191151,-0.15838480523708268,-0.026610014957157167,0.0008507791905526773,-0.17812264921342616,-0.04398956479532712,0.004021741827101355,-0.091314226270768,-0.009504399856146194,-0.017475450804118456,-0.1234903869402007,-0.021875071595138875,-0.019147187466875673,-0.1432266185833657,-0.03651347524768694,-0.01742168993677798,-0.16192175274357357,-0.05243933689047747,-0.013487757910687577,-0.07605636516800925,-0.019782440003031723,-0.03225896978956047,-0.09811190112009749,-0.025510545049210857,-0.03567981526061227,-0.11847295443431805,-0.03357184464345087,-0.03741090143238686,-0.13764971931634326,-0.04304319593775156,-0.034308219467508616
0.0,0.0,0.0,-0.025665452095405487,-0.00715578670482697,0.02830969273336742,-0.04905323770383231,-0.00972674657771901,0.05360098470037237,-0.07504562798226079,-0.007004921100374842,0.07052981601045188,-0.09939137771752395,-0.0018527267197135547,0.0838467788635893,-0.09667988225930253,8.219368733639233e-19,0.023297569600659616,-0.12610532928805177,-0.006432014507798327,0.030202689976512792,-0.14732379914242127,-0.01435807208035377,0.03423707347899098,-0.1585405528560982,-0.040460405969530405,0.03507237515149914,-0.09791553371562035,2.453390364452411e-19,-5.829934837008838e-20,-0.13511211965294306,-0.009701775510833902,0.0018103204550753594,-0.1583633165138998,-0.02647943243456898,0.0009809070286957472,-0.17814958802430275,-0.043827002660346226,0.004234040915500863,-0.09130889341728216,-0.009484322401373951,-0.017476479974213813,-0.12348264945994464,-0.021803952836873607,-0.019054621653995452,-0.1432777500041039,-0.03636657172893256,-0.01725201665034741,-0.16200180080562224,-0.052248884418750134,-0.0132730716616684,-0.07609303563653307,-0.0197503724353375,-0.032228798300107254,-0.09820122347856068,-0.025471029701347063,-0.03557942385930795,-0.1185213835906938,-0.03353120801950538,-0.037275542297527,-0.1377117569053104,-0.04297654202064231,-0.03415229400267558
0.0,0.0,0.0,-0.025554876866098124,-0.007151902889824378,0.028251706112413875,-0.0489464226728438,-0.009702812284712902,0.05361336986682203,-0.07490061951390556,-0.00695587267863942,0.07057654567023602,-0.09922002159779827,-0.0018888275004667672,0.08387482176395722,-0.09654269588788611,9.197031912411117e-20,0.023287435460438027,-0.12598351638547886,-0.0064227720705563535,0.030132267306735353,-0.14716266001291997,-0.014408700189982176,0.034245462595307835,-0.1583249604517781,-0.040477926269117954,0.035108304438519956,-0.09780412127033024,1.0625282018054698e-19,-7.7914701926222e-21,-0.13499606154200092,-0.009695981310457296,0.0018768204406255035,-0.1582177496648614,-0.026488970494353253,0.0011083373262989833,-0.17800437277390577,-0.04386939765251243,0.0044003154211757056,-0.09125125536121534,-0.009476398061004098,-0.017500348290788247,-0.12337075816193944,-0.021815434243961065,-0.018990072934220625,-0.14322725082901372,-0.03630714371027268,-0.017097704670545534,-0.16195546630504834,-0.05214321992471237,-0.013150179358947117,-0.07605302986408638,-0.019740464330792528,-0.032191975588686896,-0.09818347119996265,-0.02548909192197054,-0.035467192473515055,-0.11845620615653966,-0.03357934485150587,-0.037159792641578065,-0.13761970451348432,-0.043060917012033566,-0.03406077710908062
0.0,0.0,0.0,-0.025357282724391937,-0.007102577442276143,0.028217940432181583,-0.04867201764284785,-0.009758192673590413,0.053703471795374005,-0.07465622146305619,-0.0072038472223564035,0.07054941792018646,-0.0988386620859703,-0.0022349925373148062,0.0837383392214621,-0.09618843993793444,1.0289688287076696e-18,0.023309322692335956,-0.12563366742613913,-0.006363788721926348,0.030257911242361973,-0.14696518597029437,-0.014435616564901992,0.034424436278137176,-0.15803352032329931,-0.04041879807702184,0.03551489306624407,-0.09758393972358799,6.382552434230623e-19,-3.463030092815388e-20,-0.13483112462615177,-0.00975494849870726,0.0019123181099175508,-0.1580043352030634,-0.02645665592979376,0.001335948687897458,-0.17783812549430864,-0.04385027104910905,0.004671729818665955,-0.09111416920318421,-0.009541052879195381,-0.017476166410157413,-0.1232532178122225,-0.02201130883928975,-0.018818452498378806,-0.14308871792195424,-0.0363395024774716,-0.01672899906334593,-0.16183718958209348,-0.05229829792070794,-0.012829991586441086,-0.075930313514228,-0.019864146707474595,-0.03215503409879499,-0.09810283779174925,-0.025631297137263826,-0.035297220055891955,-0.1183647239751413,-0.033782562050194906,-0.036961809775247274,-0.13756699821403034,-0.04312940355618999,-0.033790447323016684
0.0,0.0,0.0,-0.02522675853584061,-0.007080820440682644,0.02820709204249426,-0.04848825362162715,-0.00978840798023799,0.05376978674913859,-0.07452256316011478,-0.007254502836969826,0.07063385830576141,-0.0986905335550062,-0.002240014650019964,0.08373427405762891,-0.09603496022394299,-6.4520707824916035e-21,0.023339739585851216,-0.12551844410973648,-0.006380525991914015,0.030351248106864674,-0.14691277856370794,-0.01451644137752532,0.03453556170765325,-0.15790963800209717,-0.04055548776591635,0.03571207043068894,-0.09749854119763011,-1.2142116097749391e-19,-1.8471993882042485e-21,-0.134774025361658,-0.009894052559214883,0.0019418971258196066,-0.15788537662302918,-0.0265762639873087,0.00143174585038106,-0.17768724949679449,-0.04401092385820055,0.004796508153999317,-0.09104453045768432,-0.009576648673343112,-0.017475463900306725,-0.12318296940089078,-0.022203768748543812,-0.01872989184194841,-0.14297431885832257,-0.03653559207852755,-0.016643763593113713,-0.1616722607203093,-0.05258404122018518,-0.01273891212697519,-0.07584852611137252,-0.019942638773112344,-0.03219138223053543,-0.09803729478232898,-0.025777159788331137,-0.03523175245828623,-0.11826877050910041,-0.03396483649141332,-0.03691608098242116,-0.1374466692291959,-0.04322673369205484,-0.03373313821305725
0.0,0.0,0.0,-0.025282484841805106,-0.007079330277587379,0.02822499144743951,-0.048536392501391946,-0.009721211157973999,0.05378782498750429,-0.0746085839301788,-0.007118393918204432,0.07071281515158104,-0.09874097620208783,-0.001930310907495685,0.08384267503023103,-0.09605053667226685,-4.607030784371609e-19,0.02335980998365151,-0.12558114492829395,-0.006360694772118276,0.030399271883561094,-0.14695619499462645,-0.014472518476563263,0.03454976273732231,-0.15796620184286855,-0.04052087759910692,0.035738966503817686,-0.09748288013941699,-6.000823020103895e-19,1.1442289896505884e-19,-0.134803050952015,-0.00987427831599122,0.001956312978713087,-0.15792592457848947,-0.026493556735700228,0.00143620243488607,-0.17772987196387918,-0.04391096067887464,0.00476308167678574,-0.091030214809347,-0.009578268837312736,-0.01746242295580867,-0.1231890285365901,-0.022189841926037325,-0.018703878756871784,-0.14300973589387997,-0.03655140605936238,-0.01666298227852524,-0.16167854922068378,-0.0525854498040897,-0.01280760071077094,-0.07580689650287159,-0.019924127662200947,-0.03221481247695891,-0.09801918702512795,-0.025790281134798913,-0.03525256554763794,-0.11823469711993877,-0.03399237098998703,-0.03694328036523755,-0.13736587346279902,-0.043192373814293514,-0.0338124466233779
0.0,0.0,0.0,-0.02534554577609034,-0.007084139988996448,0.028259655139446494,-0.04854981004557703,-0.009759410961731977,0.053796157507569976,-0.07469154615762214,-0.007089182595446389,0.07071165786356179,-0.09879969890458165,-0.0018027735416691556,0.0838878038832696,-0.09612184871918793,-8.283441821369661e-20,0.023407126199084125,-0.12570155751079848,-0.00632616904382381,0.0304654541337812,-0.14707239905065583,-0.014414120396913085,0.034606444522611655,-0.15808752593136746,-0.04044107605775569,0.03587246086821351,-0.09754412357022244,1.8393237276810106e-19,6.233591855155078e-22,-0.13491136326810588,-0.009881983426904932,0.00200565709775667,-0.1580529507474614,-0.026512011847074742,0.0014862898045328238,-0.177890956188792,-0.04398948922260276,0.004789586314904532,-0.09106984561336812,-0.009624305876027322,-0.017416092320980764,-0.12328754607411142,-0.022274318452743656,-0.018684678135916937,-0.1431387168730411,-0.03670366444447831,-0.01661381437876411,-0.1617718306323724,-0.05278823252720477,-0.012746501779138629,-0.075819880012717,-0.01998512794219633,-0.03220974418777205,-0.09804424268004963,-0.02590104939160177,-0.03524282556846598,-0.11828010151774758,-0.03416771632433735,-0.03690867088884532,-0.13740485047268644,-0.04342960509572731,-0.03379741912037421
0.0,0.0,0.0,-0.025549986098714474,-0.007122824670691657,0.028258862322572024,-0.0488137515742033,-0.00981815297281175,0.053690096935592804,-0.07492864665885708,-0.00709918375406886,0.07061507978884142,-0.09915932092460301,-0.0019155766857822335,0.0838153881004994,-0.09647909581884107,2.8826367850665726e-19,0.02342321139279595,-0.12607699758054638,-0.0062033242576309405,0.03035984913211675,-0.1474398286964158,-0.014104748481468333,0.03443753721579681,-0.15870158059780384,-0.03994603375396872,0.03566754240704961,-0.09785214980508077,1.1948395793393301e-19,-1.777209462665667e-20,-0.13522394276792107,-0.009659944830060238,0.0019330676826087847,-0.15849195822073214,-0.026221826727540126,0.0012332038303834575,-0.17848631249405522,-0.04356533861375855,0.004479085254341357,-0.09135852827799266,-0.009631120846345296,-0.017383084502485442,-0.12359742433656358,-0.022038867913299533,-0.018828453130791362,-0.1435789819766152,-0.03646082813013144,-0.016865504238486657,-0.16234358382145417,-0.05239623764646487,-0.0129818516610981,-0.0760760561472769,-0.020002631473306286,-0.0322111866996277,-0.09826887767114911,-0.02578573556915408,-0.03532624037628909,-0.11858535992624679,-0.03391740383197292,-0.03700563435349858,-0.13773886338645713,-0.04327187299453795,-0.033924963533209646
0.0,0.0,0.0,-0.025675094458457903,-0.007156786978093799,0.028244939874068443,-0.04895126804744844,-0.00983989268343642,0.053626680559636104,-0.07503304766950429,-0.0070223036327084955,0.07059714257555343,-0.0993714358545138,-0.0019144913637385206,0.08379691228695481,-0.09676423786857598,1.763183062473234e-19,0.0234397059557017,-0.12637798635030364,-0.006159080677091036,0.03029574178011329,-0.1476548980797842,-0.014013081832853111,0.03436515729192673,-0.1590160395827991,-0.03972392640761394,0.0355794027060276,-0.09810168127275154,-1.7937210846625304e-19,-8.431331938486859e-20,-0.1354575425685777,-0.00958376714943889,0.0019167895084081185,-0.15876068127622214,-0.02613060595216733,0.0011231294603363132,-0.1787926035124295,-0.043444865944638915,0.004320203013137493,-0.09158043827656964,-0.009643777619881446,-0.017379603598426767,-0.12380614275371775,-0.021979687673601027,-0.018913390525711525,-0.1438803331912986,-0.03639926283014866,-0.01700846188223173,-0.16265496220750053,-0.05222840373697022,-0.013093659496113321,-0.07626283373209584,-0.020000148690430146,-0.032235541139343155,-0.09843095072378343,-0.025745493899719533,-0.035393581589245056,-0.11881303550735418,-0.03379737614049947,-0.037087024287203216,-0.13797724040068096,-0.043194331118268696,-0.03403741544791377
0.0,0.0,0.0,-0.025831560144572097,-0.007132465585182024,0.028248267579177356,-0.04912986342418103,-0.00989787325445923,0.05351279018821622,-0.07516264114556834,-0.007070778260251627,0.07056743121932814,-0.09959481856972885,-0.0020542013255386796,0.08378352188654341,-0.09708128451245743,-1.7372704824786772e-18,0.023471790421000265,-0.12663919225728879,-0.006211503840725473,0.030227989730859738,-0.14784416034587214,-0.013954509714991936,0.0342770845246486,-0.15938440073542337,-0.039596596764969266,0.035446265460761524,-0.0983305101806313,-9.683429743977638e-19,8.259536685571156e-20,-0.135691829720869,-0.009566274501207084,0.0019268694803067912,-0.15900070956154214,-0.02606533695014296,0.0009677876818023267,-0.1791638569515945,-0.04335943259102785,0.0040821210909065975,-0.09183634767026128,-0.009665480911150631,-0.017304765207969638,-0.12400408129884471,-0.021854193178576918,-0.01894064536505803,-0.14417696316016257,-0.03635682777164571,-0.017197385194005748,-0.16298598346124304,-0.05215881762965487,-0.013297129451100653,-0.0764543599695578,-0.019958485969993268,-0.03220185107632443,-0.09856329461647415,-0.02563206058060341,-0.035475161535967734,-0.11902083691183134,-0.0336095374467089,-0.037139580123424325,-0.13818525698495548,-0.043091897077590514,-0.034173585159665176
0.0,0.0,0.0,-0.025895042259679188,-0.007125514974281735,0.028245817179783778,-0.04911970202601261,-0.00990922846277894,0.05347997834457812,-0.07515991972812883,-0.007020528623152076,0.070525291416469,-0.09956996972636743,-0.002082312806183617,0.08364443702980578,-0.09708958714595867,3.523141243229791e-19,0.023470306758822987,-0.12666028501892254,-0.006242284132051673,0.030271631043913748,-0.14784324545224634,-0.014015769753086894,0.034310389926253924,-0.15933108377860233,-0.039604802626252544,0.03549072507227855,-0.0983668480259779,4.962767434784305e-19,7.681922165211527e-22,-0.13572272193005552,-0.009645811311564216,0.0019245645237834117,-0.15898279463924797,-0.026068775087313513,0.0009033804517840442,-0.1792013944521182,-0.04333918366854409,0.0039341919009170424,-0.09184982328929676,-0.009694024209840458,-0.017235287863986173,-0.12397766112483603,-0.021892299039900018,-0.018937422771143495,-0.14420669947483777,-0.03637466442293148,-0.017270871046990217,-0.16300970112803756,-0.052123358525161076,-0.013407871942314204,-0.0764773623312621,-0.020002854708533864,-0.03216200426059546,-0.09854198588096552,-0.02560416282916797,-0.035493070621509595,-0.11901045826221171,-0.03349295127040386,-0.03722354031082961,-0.13823184990355114,-0.04298298770832995,-0.03427574288546348
0.0,0.0,0.0,-0.025819477925916587,-0.0071747519863676525,0.028289471797453256,-0.04905008382825044,-0.009977094813364316,0.053551387763562185,-0.07520774679425694,-0.007059188265774581,0.07055744373931463,-0.09964150759091825,-0.001943606699824967,0.0836992496082041,-0.09695514841158617,-1.3977877353033228e-18,0.02349338267916187,-0.12655543042583525,-0.0063336678894076875,0.030335645216594737,-0.14785426325278248,-0.014186653633989164,0.03433756782444918,-0.15918514262973962,-0.03984028916493393,0.03556615261272125,-0.0983005790998745,-8.16886494865215e-19,3.0919596654405364e-20,-0.13569608943932504,-0.009835537720205853,0.0018764866926078943,-0.15886222421840324,-0.026351620246988495,0.0009265187156114122,-0.1789780199699353,-0.04368308871312559,0.0040022912845223595,-0.091728281561209,-0.009716460951606623,-0.01724028877751828,-0.12392468127020694,-0.022074998377894416,-0.01894628808812321,-0.1440373713974543,-0.03652972309082687,-0.0172597359343494,-0.1627726041353615,-0.05234907862320329,-0.01341672461201045,-0.07634232356039644,-0.02004963403569292,-0.03220594981631062,-0.0984556814660285,-0.025730889846235328,-0.035515563026792346,-0.11892022269448402,-0.03366473732425831,-0.03724658145367266,-0.13808073846855173,-0.04310800114617397,-0.03426727073071145
0.0,0.0,0.0,-0.025766286850980237,-0.007163506292832265,0.02833034874979698,-0.04899128806927182,-0.009989289062156438,0.05360157185962564,-0.07523632577029174,-0.007108043067998026,0.07059383135861647,-0.09964315116485065,-0.0018998614609027217,0.08375398975937638,-0.09680897547891587,-8.55965853466774e-19,0.023500201488630502,-0.12644591224678453,-0.00639936423412679,0.030348503468167684,-0.14783927076023703,-0.014273474327485523,0.03431714477290973,-0.15906633730735179,-0.03999567973485491,0.03553525357453477,-0.09818488151595348,-1.1400735303143736e-19,-4.9050375348617563e-20,-0.13562998094356127,-0.009984254487078952,0.001826423554900233,-0.15873341803974653,-0.02653301365159148,0.0008862594339011366,-0.17874449093484046,-0.04384878112366106,0.004022346554783634,-0.09158074976354867,-0.009730770792308953,-0.017235553478331323,-0.12384544458001467,-0.022155566171762727,-0.018969630505429786,-0.143873792480614,-0.036528694782642715,-0.017319064508194246,-0.16256378112483522,-0.0523648840705704,-0.013477710852784507,-0.0762024485039209,-0.02008196458763802,-0.03224014249825025,-0.09838731075983262,-0.02578250169223872,-0.035558432047048234,-0.11885095878789925,-0.03367897517386958,-0.03732694437719831,-0.13794724733165956,-0.04302438384239945,-0.03431139088287857
0.0,0.0,0.0,-0.025630625970013202,-0.007150881197680995,0.028293707876661855,-0.04891059934497446,-0.010003279032497859,0.05360634420403629,-0.07510414638196782,-0.0072634143257703536,0.07057187817771515,-0.09949205133061087,-0.00222179926219916,0.08374431344801721,-0.09669629118182098,-1.2340375138853503e-18,0.02347607834737286,-0.1263058527064282,-0.006378667634468416,0.030279916088336908,-0.14768399130963553,-0.014251063854765184,0.03429598630280986,-0.1589463461007184,-0.039998859529298665,0.03550894545984378,-0.09807627204348571,-6.158599006686326e-19,9.31072778856982e-20,-0.1354975792528744,-0.00990673283111673,0.0018892502120977652,-0.1586728511816662,-0.02642873730779782,0.0009999739578607537,-0.17868399084601425,-0.04374813943883314,0.004190421612587577,-0.0915082550298954,-0.009750738029265234,-0.017285425483700635,-0.12373041438568227,-0.022121173048778992,-0.018940174767136605,-0.14381314740020054,-0.03645601882333427,-0.017221498817666027,-0.16249213526547113,-0.05226129028242815,-0.013335536126845151,-0.07614174547071048,-0.020115185600501777,-0.032214888772040214,-0.09837396484450112,-0.025816641259849716,-0.03550572008303866,-0.11878515489333076,-0.03374968039632516,-0.03731885288905975,-0.13785364540277867,-0.0430987384748292,-0.034310892206631485
0.0,0.0,0.0,-0.025470131978003154,-0.007113646744104553,0.028244184063907895,-0.04885786524765164,-0.009942811464521834,0.05358640028008832,-0.0749791825449337,-0.007486264207754902,0.07039825211631393,-0.09947420347837191,-0.0025424825017490603,0.08337191249086634,-0.09644134064444902,-1.148658097449263e-20,0.023494811907682215,-0.12600730904635052,-0.006178754668117592,0.030184703171545604,-0.14750132804607877,-0.01392986366787167,0.034131038106995686,-0.1589162792712413,-0.03952330608191003,0.03546736840127631,-0.09781662998254487,3.1867969124689467e-19,4.6113822394579284e-20,-0.13528009979353245,-0.009700873599445386,0.0017385436248982854,-0.15846503480756946,-0.026093898187361953,0.0009572421011748076,-0.17854843323992237,-0.04320308229301462,0.004294875594504557,-0.09133840215485614,-0.00976494746036406,-0.01733490483570507,-0.12353071921704434,-0.02205554754293757,-0.01897087932268932,-0.1436525609505076,-0.036256470889718985,-0.017087990759191082,-0.16244554326521657,-0.05185797542912616,-0.013281780191530057,-0.07601336299567261,-0.020152034848718574,-0.032139629650419006,-0.09821144357750926,-0.02577007836625189,-0.03546015963995648,-0.11880378987614851,-0.033688461974304584,-0.037364779280878474,-0.13786348350219424,-0.04285368492274837,-0.03437032015758179
0.0,0.0,0.0,-0.025446018067042643,-0.006962196576441073,0.028078823783083098,-0.049007510271461975,-0.009926288939440994,0.0534687841634307,-0.07504809061971693,-0.007712639626070162,0.07019071419177755,-0.099798912554747,-0.0028906992063295537,0.0828330371071592,-0.09637919198313444,-6.387766131846005e-19,0.023526450172623496,-0.1259217161666124,-0.005953873261929405,0.03002994104679737,-0.1473564896960103,-0.01346956083494321,0.033994789049695176,-0.15914939112803084,-0.03891268373429682,0.03535951497150838,-0.0976116829485241,-7.107129898267808e-19,-5.987148860947278e-20,-0.1351765405145624,-0.00954628664936428,0.0015566420424377614,-0.1582968470548201,-0.025663122694740977,0.0008039504481694859,-0.1784980096449378,-0.042643302365300916,0.004213824910112517,-0.0912792214294422,-0.009688298732411752,-0.017337287201447196,-0.12330436395716014,-0.021883588317637,-0.018910185072986356,-0.1436926233675156,-0.03615579666028326,-0.017114939271247825,-0.16256552833224866,-0.051424508730353945,-0.013324559631283983,-0.07598100115992307,-0.020059077441840593,-0.032043637310746755,-0.0980730028274164,-0.02561670086467644,-0.03538891943003053,-0.11883512642979437,-0.033555488484772744,-0.03735427716305826,-0.13784205614253478,-0.04256829950342794,-0.03443137140448274
0.0,0.0,0.0,-0.025311836243203274,-0.0067368465706520095,0.02795695386238707,-0.04892029659013873,-0.0099141052486103,0.053435504032878146,-0.07487229424886159,-0.00799607251084061,0.07010287285285363,-0.09979277990145362,-0.00336382547965034,0.08247577886729593,-0.09629805769532455,-2.3287877176440003e-18,0.0235319282704062,-0.12581086396750749,-0.005823387152940961,0.02997706042345669,-0.14711098128158512,-0.013244763988041851,0.03399220396880788,-0.15919381987782316,-0.03885342541247707,0.03541368357520546,-0.09746542277413964,-1.3985609370119816e-18,9.25525695784111e-21,-0.13507190360395255,-0.009578127013323976,0.0015056599027104566,-0.1581322304405662,-0.025552541341631995,0.0009152360169974715,-0.1784009130572543,-0.04252120589076337,0.004424794142115836,-0.09130137357509469,-0.009702167579338127,-0.017334289055506828,-0.12313129407971969,-0.021875575717547297,-0.018700921118384083,-0.14373296839790073,-0.03638434617203986,-0.016897609790571484,-0.16259514658890142,-0.05155344202131346,-0.013010188838736928,-0.07603788724905904,-0.020065510932259525,-0.031905304707385417,-0.09802603559677774,-0.025662868623094214,-0.03518101893031262,-0.11887218405132659,-0.03378984894701887,-0.03708108699100045,-0.13781876577923283,-0.04276222909916483,-0.03416302770237333
0.0,0.0,0.0,-0.025168071627809027,-0.0067725726949122095,0.02799794697367516,-0.04879419157233357,-0.009933522507422321,0.05341875239049961,-0.07468726508395426,-0.008235581639549468,0.0699640208318916,-0.0994905413919961,-0.003922151838378645,0.08234608306512173,-0.09618309950097581,-1.928066152395396e-18,0.02348403080479214,-0.12550127134523795,-0.005896806665714383,0.02995376867902592,-0.14688124943780748,-0.013531986038193871,0.03397610435845144,-0.15880962462426976,-0.03917003651210788,0.03539194476503396,-0.09738795080613274,-1.9089662065076253e-18,7.398252381926623e-20,-0.13490704943715753,-0.009706482203643627,0.001543289388306029,-0.1579322410649972,-0.025872846082723815,0.0009946244040967235,-0.17812575821849283,-0.04288726229574188,0.004512208377313212,-0.0912306131315911,-0.009746453878720014,-0.017355044242362276,-0.12298724513861367,-0.02202532354886836,-0.01866254545178159,-0.14342489951051052,-0.03643864440357409,-0.016697526611096424,-0.1622875409282303,-0.05189749689305998,-0.012900564513481092,-0.07594909547081635,-0.02012156674311243,-0.0318631573607683,-0.09791702099289482,-0.02576348359703943,-0.03511085688425628,-0.11876083090386232,-0.03393333995515309,-0.037079161118036115,-0.13772594111768963,-0.04292533054807727,-0.03426004878180835
0.0,0.0,0.0,-0.025055909056126886,-0.00679032525680557,0.028043022421229552,-0.048709798929783374,-0.009949667518778247,0.05342009725729476,-0.07456573503654289,-0.008458100107670206,0.06986283566927695,-0.09930684825691537,-0.004370351029414266,0.08223763652476367,-0.09611366242059911,1.4095336634323658e-18,0.023460549608574438,-0.12529483320729826,-0.005927407560372212,0.029934760555248432,-0.14673468221289712,-0.013692063216705502,0.03397612003875855,-0.15858970187656046,-0.03933043170527061,0.03540529270562251,-0.09733663887496641,1.6265313370956503e-18,-9.16601711976379e-20,-0.13480126218514882,-0.009769721720460804,0.001567965412370517,-0.15781100321124703,-0.026053282144142105,0.0010602661203071096,-0.17796106068695755,-0.0430853809889627,0.004589679742942542,-0.09119926056428376,-0.009783629716912944,-0.017378224630261657,-0.122889824740861,-0.022114981344394696,-0.01863038402769499,-0.1432260929651619,-0.036456069632338724,-0.016519529600720614,-0.16211326664725456,-0.0520971886590636,-0.012807955514765018,-0.07589335245108894,-0.020167192950692876,-0.03182306885959212,-0.09783443513886261,-0.02584287549140844,-0.03504258205129733,-0.1187018175378812,-0.03404346276311495,-0.03707262192183683,-0.1376832216092949,-0.04303995876326429,-0.03433034588539201
0.0,0.0,0.0,-0.024775489896745086,-0.0067046027410105,0.027984441026295038,-0.04846502777040839,-0.00990314410413084,0.05345309561731229,-0.07436022224120535,-0.00850719074644231,0.06990930781529406,-0.09925009884688647,-0.004608534830389308,0.08206191277806209,-0.09597441728150918,-6.768458806882615e-19,0.023489103515859065,-0.12493196062082947,-0.006069403062903846,0.029945215295867182,-0.14622783429959843,-0.01412147256187815,0.03407129890747524,-0.15798229147716303,-0.04002910485869803,0.03551054510154978,-0.09719593335277593,-1.528804443573921e-19,1.3167424021105863e-20,-0.13450252835267323,-0.010176090923372415,0.0015969613339901002,-0.15725873779806482,-0.026706118397361662,0.001214823645322096,-0.17708768141059023,-0.04408914247609142,0.00482611397184294,-0.09117539178928244,-0.009855822072891245,-0.017348915009642564,-0.12252676203309121,-0.022397236656330494,-0.018329271576911964,-0.14286796296087195,-0.0371218813001154,-0.016144267895516165,-0.1614231566370174,-0.052964328940907475,-0.012306428393119146,-0.07582288200359193,-0.02016796058570889,-0.03163236253592707,-0.09752502600626116,-0.02613416808735989,-0.03471734344840188,-0.11841288089588481,-0.034770809331490564,-0.036735868941897905,-0.13706107414250468,-0.04396164770223638,-0.03393062520045637
0.0,0.0,0.0,-0.024450745925238607,-0.006818614682071309,0.027998273913425416,-0.048062132267039405,-0.010341178960518187,0.05359209089507247,-0.0741921632680176,-0.009066453185838454,0.07000271873999471,-0.09941133909352075,-0.0056047786272821355,0.08199512928140026,-0.09608630045798475,-7.625839753686795e-19,0.023629662605905356,-0.124672892004377,-0.006495751585123899,0.030018138501173495,-0.14570141617043236,-0.015135191720082389,0.034206733722877775,-0.1572077036436386,-0.041496433806091006,0.035444957343103746,-0.09737365345851458,-1.8595470706257172e-19,7.615123062465744e-21,-0.13438892000953506,-0.010839588121295046,0.0015594612034797236,-0.1566558692576387,-0.02792224129013862,0.001399367422976386,-0.17610377507427646,-0.04580584340938501,0.004899543229205669,-0.09143768280445708,-0.009973660038767259,-0.017421816902319424,-0.12233512755188711,-0.023065419293656672,-0.018069179152958713,-0.14245838530948657,-0.038512406591201566,-0.01573890729428973,-0.16044388725975398,-0.05497199428022461,-0.011867573055228953,-0.07594690226144499,-0.02022218709250541,-0.03163891185932175,-0.0973378261397982,-0.026686759792597724,-0.03455730526318663,-0.11813576942522892,-0.03602439846015392,-0.03646408179781217,-0.1364277961633904,-0.04557415847209518,-0.033642205880049965
0.0,0.0,0.0,-0.024168104447582474,-0.006914923374859828,0.028163446110397696,-0.04791562968276836,-0.010001251041873724,0.053934125549061136,-0.07428819637537865,-0.008430853695629584,0.07010081952380667,-0.10021098047324302,-0.004437030858237929,0.08171686087427893,-0.09601930215013342,4.506178050578066e-19,0.02384117173131691,-0.12399228254851953,-0.006239438452474119,0.030076648526412217,-0.1448577537777294,-0.015401355745335984,0.03441588249880877,-0.1562660640523814,-0.04230958589566455,0.035884092190055124,-0.0972936693349615,6.797207543408504e-19,-1.2351646590703915e-19,-0.13347749363362565,-0.011468473801033123,0.0014476635372263674,-0.15475755282171383,-0.029736420801175435,0.0019268465341308202,-0.17329531279469992,-0.04901497268274426,0.005779571211529415,-0.09133461728000522,-0.00993598182164523,-0.01735837820218845,-0.12177415885018876,-0.02395858127463806,-0.017638439709023228,-0.1409639389694647,-0.04060931573705059,-0.014620949598162736,-0.15791391555565135,-0.05803234758808562,-0.010676283254630464,-0.07578261960340255,-0.01999848365002144,-0.03163106717932079,-0.09686266429371976,-0.027098665388553617,-0.03408353059998605,-0.11731466092780779,-0.03789384085427228,-0.03559216429539129,-0.13475995728999957,-0.04816495359328562,-0.032338652962270016
0.0,0.0,0.0,-0.023855478571414762,-0.007020429386368332,0.028519416859479677,-0.047893696111095126,-0.009257591407513322,0.05417650643286568,-0.0750992281589871,-0.007298402234666397,0.06987275812552675,-0.10222602636307417,-0.002939913439288563,0.08050612170313813,-0.09571671699420913,-1.2229274557909167e-18,0.024035068837306994,-0.12281185417641591,-0.006041076489377031,0.030187799983911964,-0.14286610136960748,-0.016270359897146664,0.03477395614058657,-0.15261214721336328,-0.04412004090605983,0.03650325896288973,-0.09698160958833867,-2.8282686316525953e-18,-1.4931789133015855e-19,-0.1321191205211552,-0.012565561417132814,0.0015253299310990164,-0.15069028428995848,-0.03287745029597085,0.002948438543283806,-0.16518492639714114,-0.05362263749757141,0.007743889707671989,-0.09084100696735964,-0.009808363155423284,-0.017221118096588908,-0.12026255482435746,-0.02520418538379127,-0.01686169233355613,-0.13727479874988574,-0.04356750877969913,-0.013070706447523893,-0.15052212840675402,-0.062197816974955876,-0.00829113287530928,-0.07498888975222091,-0.019669559182522268,-0.0319128436296653,-0.09575378340908135,-0.027500488560727652,-0.033662674418134364,-0.11517790643726002,-0.040242112021166475,-0.03408582383648123,-0.13036654620544952,-0.05132353179597785,-0.02953690372311883
0.0,0.0,0.0,-0.02318906033516707,-0.007314903479618637,0.02883600876843762,-0.04771574816677383,-0.009736099370386315,0.05388758100852749,-0.0756254314949866,-0.009191132569305928,0.0687105377695251,-0.10379672415492257,-0.005840040401617257,0.07612747495136862,-0.09522136249992338,-6.646582055004116e-19,0.024487901581137828,-0.12169285765467568,-0.007165302751009016,0.030178932408519602,-0.14019854552650793,-0.01854403174380278,0.03494720121433051,-0.14719172834368122,-0.04646077188254573,0.037250330457528465,-0.09655829431691008,-3.056755044199639e-18,1.7679803857990654e-19,-0.13155360404632768,-0.014780214965175415,0.0013867663798791678,-0.1448291345604211,-0.03611904600321937,0.004608478982166223,-0.15186532658554103,-0.055030827260289836,0.011154538745240573,-0.09059079163107174,-0.009631330690668996,-0.017523166515229765,-0.11943499027161285,-0.0266866817585809,-0.016461245995137794,-0.13100609871287458,-0.04562289178412847,-0.010800509525047056,-0.13659540643322562,-0.061837281271413545,-0.00456122413995681,-0.07468011581075348,-0.019274602111156242,-0.032338972985406715,-0.0958095553632881,-0.027908032448927547,-0.03382175397181703,-0.1120929713715626,-0.041666526021505064,-0.032094565623059054,-0.12118083617773322,-0.05136414031044229,-0.02659512285387416
0.0,0.0,0.0,-0.02268530098726719,-0.0076747535932844765,0.02916840808799294,-0.04755516299070433,-0.010129924957118093,0.05364303231862689,-0.07602942708041895,-0.010969897089085445,0.06781978000892416,-0.10502500066112148,-0.008489377502452438,0.07282922922890167,-0.09485435657766468,-8.726775889081009e-19,0.02484080149992024,-0.120791114103657,-0.008059992160367442,0.03025912562585582,-0.13807703916231132,-0.020336664056827915,0.0351713937063934,-0.1428490131117089,-0.04814342870347582,0.0379694187685018,-0.09630090603372611,4.787197246049909e-18,7.431106119741977e-20,-0.1312561036426523,-0.01636335686865667,0.0013319642171082222,-0.14019064950910887,-0.038299924590373895,0.006088601136768115,-0.1411039272392817,-0.05547862731677654,0.014007440102950698,-0.09051246058450901,-0.009521580303890971,-0.01775278269366415,-0.11888926174855684,-0.027770065561508097,-0.01609883853586669,-0.1258888182228226,-0.0468222396840436,-0.008839578120035036,-0.12513368339721084,-0.06074228802370522,-0.001543345284796863,-0.07452684115052242,-0.01899626718475893,-0.03269280552873914,-0.09598500374303845,-0.028234053672777912,-0.033890796296947835,-0.10958871601456241,-0.04260598510004877,-0.03032815269383546,-0.11353897455750858,-0.050837825512207696,-0.02407338625948653
0.0,0.0,0.0,-0.022995276126843035,-0.007770741777443663,0.028850781272618926,-0.04913048604761922,-0.010743372807816502,0.05233438590215079,-0.07867634151338565,-0.01265255981689946,0.06502802005175767,-0.10792308895296737,-0.012143575304659713,0.06647853629032562,-0.09532277373048145,1.776029172942438e-18,0.024488858259834087,-0.12046330595867044,-0.010203320283813848,0.029442130389033188,-0.13365217549003586,-0.022442716633711855,0.03412818660889997,-0.1333565729506907,-0.04649647821472435,0.03665720791422654,-0.0959991581256023,5.039714878281878e-18,4.526680195758331e-19,-0.12978295885559285,-0.018618301362013926,0.0010709894142271708,-0.13349875245541734,-0.03943098455496657,0.006309701314498304,-0.12973155446399945,-0.05209272872073992,0.013892138902405204,-0.08941839622558212,-0.009664487350581051,-0.017899749197132737,-0.11679730754706359,-0.029263472549588342,-0.016334176364029156,-0.11851025431179697,-0.04727358811295207,-0.00849007739176686,-0.11280745675088925,-0.056829421724081515,-0.0012653911002600128,-0.07309456594852227,-0.01899905193240508,-0.03322021370193635,-0.09390486379802351,-0.029549955990579455,-0.03404220031181984,-0.10297946902561449,-0.04374931304839647,-0.029114796747627424,-0.10208578032793214,-0.04914837702770747,-0.022923035959592233
0.0,0.0,0.0,-0.023087922776557284,-0.008219762812544731,0.02915984070244557,-0.05071438015879551,-0.012119566279599701,0.051664606157306246,-0.08125932382254454,-0.01554822678393472,0.0624868622641303,-0.11078985609348331,-0.01711682584901193,0.06010345505738486,-0.09631358323050683,-2.4615094118169564e-18,0.02457927326799925,-0.11940707877986162,-0.013306083493922656,0.029681040690819907,-0.12716914828979664,-0.02517506348561101,0.03427343663417638,-0.12221697640760205,-0.0427801271245108,0.035541323939226856,-0.09692040776642484,-5.680959268187331e-18,-7.569714351067866e-19,-0.126494078936556,-0.02213064080751574,0.0026944750569547755,-0.12223571156822416,-0.04005936302634952,0.008464123169911854,-0.11797914372071022,-0.04385765349459759,0.013545217320841655,-0.08962024148382614,-0.009546409237680778,-0.018162554224818602,-0.11289866856379564,-0.03186425581638304,-0.014871447332253969,-0.10794462370138033,-0.04690449004662809,-0.006604698760740175,-0.10140531859040121,-0.04928277055598822,-0.0014638453110481422,-0.07308280709218892,-0.019322990910414544,-0.033739472908379045,-0.09151056422026867,-0.03222981305150417,-0.0329832113978186,-0.09489007336232876,-0.04562884107842987,-0.0266034169264078,-0.0915078534408913,-0.047055120064971125,-0.022694199809385807
0.0,0.0,0.0,-0.022796790414033073,-0.00868313903400003,0.02929626289183823,-0.05108645157212996,-0.013805874393072971,0.05120720027375427,-0.08235241541769675,-0.018880311159969413,0.060847550563190134,-0.11164866636951544,-0.022684878096830036,0.05544067396536064,-0.0966360090930764,3.911046696462299e-18,0.02493938851586694,-0.11804259956932345,-0.015798573917746275,0.030808424333785157,-0.12132514960958407,-0.0275548834831896,0.035409375603980144,-0.112396019967275,-0.040040160592938745,0.035073022932837164,-0.09744572019059149,9.451288828025624e-19,7.359746915628056e-19,-0.12309040245007266,-0.025330827086489163,0.0050004949259031895,-0.11201914345769659,-0.04019435423645497,0.011320679286771197,-0.10842684229868871,-0.036019516149372474,0.013593366600891606,-0.08965099886186656,-0.009579982348952718,-0.018417592782879032,-0.10886047050620629,-0.0342565763540758,-0.01268763477625205,-0.09854848638521693,-0.04619068089677064,-0.004112197236081416,-0.09186750783950635,-0.042620726310169006,-0.0014249324769430361,-0.0728646387137008,-0.019719111626221017,-0.03428655937142125,-0.08904057542824807,-0.03467919500190961,-0.03152630204873779,-0.08767380027451077,-0.04722750783487654,-0.02385332739895883,-0.08304220140320796,-0.04523856390066501,-0.022378910261631486
0.0,0.0,0.0,-0.022390729007012368,-0.00901769035932693,0.029431155585100524,-0.051301133219895365,-0.015310572440612952,0.05070654502262229,-0.08313384710882331,-0.021871555472832677,0.05905426421648214,-0.11189059697933533,-0.027625926684580596,0.05056853704570967,-0.09712654635859139,-1.9372032074320528e-19,0.02516410639576082,-0.11693118004316749,-0.01797376828943411,0.0318220456070925,-0.11644152751927948,-0.029663384387536216,0.03661186797471108,-0.1046016632054534,-0.0380056236308564,0.03501533710870113,-0.09833119052318536,1.72788634370518e-18,5.670997653841493e-19,-0.12001416355868037,-0.028402352910794494,0.007240918967635286,-0.10357630065990255,-0.04019078116293668,0.013994898087639387,-0.10129736411858031,-0.02950802249687345,0.014052001857041996,-0.09012788835250793,-0.00968825367536936,-0.018642112226552574,-0.10487892966706473,-0.03658750647097095,-0.010453524257500063,-0.09013585399332597,-0.04529615284877371,-0.0019834631961459623,-0.08390009449088923,-0.0363344264180525,-0.001515403694504025,-0.07309876653092788,-0.020024443701534066,-0.03458305026232817,-0.0865634808891408,-0.03705458386127528,-0.029791025558129125,-0.08105830746482297,-0.04860724070143566,-0.021420169619125073,-0.07592551519165792,-0.04344310690215609,-0.022178506486564546
0.0,0.0,0.0,-0.022062044126698772,-0.009238770030226398,0.029638374597705054,-0.051439538523256584,-0.016447210990272472,0.05034960786869536,-0.08357768318361615,-0.024380190869917044,0.057398229803066275,-0.1117165455556953,-0.03169003393504156,0.04648251360871749,-0.09741271721303531,-4.931625675655733e-18,0.025451384230413245,-0.11608438930883457,-0.019137666627377287,0.03264399932567847,-0.11351102340679638,-0.03062986775485852,0.03768408384631888,-0.09995102776454612,-0.03701361707372791,0.035277759573394026,-0.09890099650787311,-4.560251823381218e-18,-1.1983127876538694e-18,-0.1173991095138243,-0.030405817422768742,0.009145516850901474,-0.0972484707457459,-0.039520673180968975,0.016239564014129945,-0.09627094604380283,-0.024326989111550446,0.014675266378026068,-0.09051991927349586,-0.009692160284975132,-0.01885291438070462,-0.10153405262750383,-0.03813027592484173,-0.008427452055030074,-0.08367256732694416,-0.04391590607516703,-0.00021332088736370397,-0.07823786075281804,-0.03094068825614101,-0.0016069500912178165,-0.07337509022966031,-0.02013455844829045,-0.034631157031730246,-0.08456269967538774,-0.03870750029466973,-0.028186074405243733,-0.07582857358548162,-0.049197870174402795,-0.019232771809150017,-0.0706825509388691,-0.04160213475946915,-0.02201151404813816
0.0,0.0,0.0,-0.021797399216533085,-0.009441461939772581,0.029855242063713254,-0.05153992890963223,-0.017459296564443654,0.05017741077492872,-0.08390714211570482,-0.026657136510035616,0.05625826691020133,-0.1116787370079272,-0.035179515370906085,0.04351415465901583,-0.09774676876703314,-5.837874885830209e-19,0.025742078173009098,-0.11561374118773465,-0.019875871675550168,0.0333177170524629,-0.11180318107769951,-0.03138838841163848,0.03855018214564228,-0.09725823232582509,-0.03704430935783958,0.035540721043965925,-0.09955396799409537,-4.631381921594232e-18,-3.51631324080646e-20,-0.11533612506593177,-0.031839531166083575,0.010667150237625113,-0.09255596208851061,-0.038646722300193066,0.017951007202075583,-0.09301182996414312,-0.020345108955053898,0.015210213813122856,-0.09104744814880088,-0.009651478700170257,-0.019076314244700573,-0.09890258062351338,-0.03922832525051957,-0.0067969709958073,-0.0788533069946041,-0.042399858389904045,0.001070707698879077,-0.07448896604496352,-0.026520886616137947,-0.0017921864904959402,-0.07377608057499994,-0.02018236595971127,-0.03472525476913309,-0.08305634598495978,-0.03995414377127909,-0.026936686563267028,-0.07178332474344903,-0.04942663676729041,-0.017613216607215723,-0.06700476133000527,-0.039815283782036914,-0.022063121435796022
0.0,0.0,0.0,-0.021644416865823253,-0.009675508060842266,0.029962720845707135,-0.05160176932953169,-0.018278852127601233,0.04983109843599314,-0.08419645363886245,-0.028410802974433883,0.05500298320640433,-0.11117911797321568,-0.037822544420256815,0.04082486107101139,-0.09794794988323746,9.149053741568777e-18,0.025857990258873306,-0.11487765043281939,-0.020704454849066224,0.03391025320435729,-0.10957184959346399,-0.03186402959412099,0.039123262856848015,-0.09409411293164927,-0.03561471760684427,0.035255169046526626,-0.09998457176993313,5.7800257222279594e-18,-5.005014869949206e-19,-0.11342368554156261,-0.03278490258924688,0.011800037328257112,-0.08863508149054185,-0.03792341301354977,0.019119225222246263,-0.09051449122188744,-0.01715058585079279,0.01540907260115105,-0.09132381863904906,-0.009701748274258043,-0.019198509409730502,-0.09663250513955846,-0.03990149768498355,-0.0057365035953488045,-0.07491825259820868,-0.04106897903155487,0.0019728088302178623,-0.07157381452191626,-0.023313763614134182,-0.0019582359956276637,-0.07407065835280607,-0.020456845455043917,-0.03478426879712659,-0.08177040058677854,-0.04083398691026016,-0.025956041945867876,-0.06856292368136088,-0.049408668582153856,-0.016410080243135703,-0.06417677046228103,-0.03853591498464416,-0.022116552270624777
0.0,0.0,0.0,-0.021709587321529784,-0.009836901746964706,0.02994627312278782,-0.0518087099004672,-0.018894618757539266,0.04940930990572156,-0.08456484140435072,-0.02968304098230156,0.053771310905212845,-0.11082115607722749,-0.03944137422895616,0.0380582645548267,-0.09797334583390513,2.657476982639888e-18,0.02581154889317046,-0.11426750373039174,-0.02122232330504595,0.03411292036385454,-0.10784398099115113,-0.03185799841919053,0.03923612674434679,-0.09188973773775852,-0.033807490917114595,0.034737905318417486,-0.10001902132621508,5.0006647592560006e-18,9.358267889171644e-19,-0.11160650952861449,-0.03332718147786629,0.012342917003794448,-0.08536443861351693,-0.03699531975760618,0.019658596587227545,-0.08815481008828079,-0.014412362516279482,0.015475136110794844,-0.09122748229390906,-0.009715132299599728,-0.019329146652624047,-0.09437626801940258,-0.040223332542094155,-0.005271109138045098,-0.07159518074848652,-0.039849653386805586,0.002218699789182685,-0.06899469721608575,-0.020602174279708084,-0.002239495457613505,-0.0739707081727611,-0.02049095775654994,-0.03497258171359774,-0.08023501157266454,-0.04127940776541667,-0.025527201390740554,-0.0657554965760653,-0.04915360070007324,-0.015933223720134976,-0.061785658194541286,-0.037237611471256725,-0.02233158842665745
0.0,0.0,0.0,-0.021713904621032523,-0.00978776129851817,0.029821799906071523,-0.0519812545354886,-0.019122907784428458,0.048992033892056634,-0.08495490177832812,-0.03011169407772539,0.052785103633575484,-0.11081405486027403,-0.04008175835250877,0.03608232414911896,-0.09778019302797139,-5.2454288452308825e-18,0.02579967611942153,-0.11389493148765395,-0.02150632951141242,0.03428685103524802,-0.1065829279956803,-0.031661183092642646,0.03941388774370604,-0.09007055002902546,-0.03261779171472714,0.03460052717301524,-0.09969466679279067,-9.2358537652198e-18,-8.855535984432725e-19,-0.11002286057686331,-0.0336162557419449,0.013019348434045126,-0.08270195457426609,-0.03621017534817687,0.02023795685877439,-0.08585551249040722,-0.012356027381209523,0.015612261584767473,-0.09087789576974803,-0.009782322033855186,-0.0193278753688733,-0.0925290457626071,-0.040414162184857695,-0.0046454720583988685,-0.06898735575296211,-0.03905332379010792,0.002529709476971691,-0.06673951565700863,-0.018563247107071412,-0.0024005415331118337,-0.07372478326235389,-0.020603056714383478,-0.03499874069002922,-0.07887531236430746,-0.0415838412647403,-0.025118163898946347,-0.06349063226754079,-0.04897748173483606,-0.015530657819390175,-0.059747832981548746,-0.036267731108870674,-0.022437156878322352
0.0,0.0,0.0,-0.021803958197887722,-0.0099109541883383,0.029752783083596936,-0.05218848139261846,-0.019299782580982697,0.048642884436653315,-0.08545118549700456,-0.030535636474204875,0.05186530782026408,-0.1107049988266894,-0.04055508187697047,0.034305591798256006,-0.09765292932631481,1.4663123625661937e-17,0.02562806394963035,-0.11354992271769078,-0.021739932810984568,0.034427905571363486,-0.10565091008996481,-0.031531715233876205,0.03956201002692106,-0.0890431455348497,-0.03185138383181643,0.03437139942008098,-0.0995310079000106,1.897450825651332e-17,4.936163620950161e-19,-0.10868352855374568,-0.03393586239317959,0.01342808527735312,-0.0806329083792709,-0.03560577544873801,0.020524541559244033,-0.0841878671763355,-0.010787688128130286,0.015788304471212915,-0.09066137238436034,-0.009831217442323941,-0.0193865329073698,-0.09094316061951364,-0.0405360608801089,-0.004333333866886839,-0.06698473253666393,-0.03834127172007773,0.0025925403614175677,-0.06507715970744828,-0.016777711240837337,-0.0025137817422119673,-0.07353078001803913,-0.02079645389519456,-0.03495638216564798,-0.07773773136162118,-0.041852680891477555,-0.024782029722153157,-0.061717853411241155,-0.048779001875707335,-0.015211429776015388,-0.05823359745241933,-0.035498284636292655,-0.022560083125539934
0.0,0.0,0.0,-0.021730035106495744,-0.010086523384019054,0.02990679537110509,-0.052220276244486274,-0.019832499564021524,0.048685526622246476,-0.08557123334318194,-0.03190180033084061,0.05151205555554104,-0.11062536526126057,-0.042263997478592136,0.033315412146068375,-0.09783139677457026,-6.195210986688787e-19,0.025738407575412667,-0.11366747017764414,-0.021676197676174694,0.034652778972654216,-0.10647520031187752,-0.03212953000798866,0.03989416681346755,-0.09048043042936725,-0.03441362834281122,0.034715310268641275,-0.09989821486747517,6.58623644827005e-18,8.770512152813603e-20,-0.10808412983512257,-0.03408837697231206,0.01392472930299526,-0.07970082617032644,-0.03523419942474837,0.021019128096507196,-0.08371045134055499,-0.01039002047232014,0.016291644944219388,-0.09096658676171364,-0.009741652051328846,-0.01954635644872592,-0.09016900534744197,-0.040765806975401137,-0.003980311331591145,-0.06588195898141372,-0.03772544424071726,0.0028587919494730686,-0.06451551804232684,-0.015694515165959922,-0.0025162923162100597,-0.07380859766765457,-0.020817046489742443,-0.0350007185179744,-0.07723395975628336,-0.04215076631347507,-0.02453892402492546,-0.06059402205062769,-0.048609153508194065,-0.014843228507055729,-0.05745265653926172,-0.034816358577836326,-0.02268945048936798
0.0,0.0,0.0,-0.021692598136395812,-0.01017742154939669,0.0300126887692857,-0.052243807635713436,-0.02013516902913179,0.04870374627719307,-0.08574592908482113,-0.03265380217296706,0.05123134381737889,-0.110608950729987,-0.04323012864095557,0.032550638863818225,-0.09796363054814343,-3.80876392306716e-20,0.025771737234804058,-0.11360850744994674,-0.021802012674658443,0.03477770252825213,-0.1062966167035041,-0.03240872057319974,0.04011398485712242,-0.09033856768328054,-0.034878939639555455,0.03476102537599503,-0.10015080944607098,-1.5608599648535675e-19,-1.4049494795082316e-18,-0.10744268134630497,-0.034285053649085906,0.014313729119724441,-0.0786774248542804,-0.034788213176493506,0.02135256374804681,-0.08330023863550803,-0.009516751985873944,0.016511037017723412,-0.09122421688783958,-0.009718612184517111,-0.019635158795749882,-0.08941288524792719,-0.040984038697048385,-0.0037445911514576223,-0.06487211068338586,-0.037203039386831296,0.0030513766596586387,-0.06398506173127338,-0.014696897916724122,-0.002525862652902965,-0.0740160068505411,-0.020917032300999526,-0.03500436093813533,-0.07679048169021206,-0.04245725576559783,-0.02424486494738678,-0.05960789570084916,-0.048522192626754355,-0.014552428178285899,-0.05675832913731252,-0.03433534068106627,-0.02279633127855465
0.0,0.0,0.0,-0.021612346188825883,-0.010246979700244319,0.030081628078857482,-0.05227574378258008,-0.020337580757830397,0.048715555391187895,-0.08591941722206665,-0.033142229199621925,0.05101229410904824,-0.11074695544129413,-0.043741035613455374,0.032165936749006516,-0.09803039165349199,-1.568078869993842e-18,0.025812149881117,-0.11373176669409515,-0.02175954809602882,0.03492708368709895,-0.10630459485507977,-0.03259057785951443,0.0403876021180926,-0.0898204248881702,-0.03536540823537644,0.034996661622513164,-0.10037706107406642,-8.631847396674649e-18,-1.928783621626505e-18,-0.10698655850682527,-0.03435820824296434,0.014638167492172751,-0.07799194477359997,-0.034487775421596076,0.021723966910707843,-0.08268647947049074,-0.0090895633185291,0.01679941027918905,-0.09142508980378708,-0.009637195040905143,-0.01966420189472717,-0.08890067936945328,-0.041062833184605456,-0.0035182581800777403,-0.06421910915963104,-0.03672718826246592,0.003314184569118157,-0.06358146704721615,-0.01399491133152556,-0.0024397100880092846,-0.07421839484075503,-0.02091819175901546,-0.03494889897113385,-0.07658333428991285,-0.042626778457345485,-0.02397999329268475,-0.05902555046151316,-0.04847244107242493,-0.014253325334533254,-0.05628296496949981,-0.03410178101916985,-0.022587744501338984
0.0,0.0,0.0,-0.021593143131393176,-0.010307676543019574,0.030056527980221535,-0.05231864237018544,-0.02060984395430744,0.0486508424355863,-0.0861026936844691,-0.033733571338945195,0.05081620472371772,-0.1109324078968631,-0.04445645825579623,0.031773664215951854,-0.09844055696729712,-6.055347993816129e-18,0.02585117591319971,-0.1140324341162779,-0.021923140483946207,0.035070603236758986,-0.10633785316844171,-0.032776867481080794,0.040584709741518156,-0.08959545422731886,-0.03544730982695436,0.035134835412759975,-0.10084347310147612,-6.8408998278264485e-18,-1.2242863947655066e-18,-0.10687567403842142,-0.034519902799026995,0.014975639376373301,-0.07770478687026959,-0.03418766355013208,0.02198365345512406,-0.08274721763308732,-0.00854814790592694,0.01684910208368381,-0.0918293788148206,-0.00960965793370907,-0.019681334777862974,-0.08869173786749265,-0.041170408543619995,-0.0032534142329482285,-0.063961800418586,-0.036391998249944435,0.003511416121849971,-0.0636885085601402,-0.013421296100503428,-0.002475334135723348,-0.0745393448959848,-0.020925571602729513,-0.03489756657279054,-0.07648232995960746,-0.042782799412745376,-0.02370309475214269,-0.0586433257790257,-0.04837046159681659,-0.013932293122222956,-0.05603396042700392,-0.03379187772575452,-0.02245456509937675
0.0,0.0,0.0,-0.021541573684771012,-0.010261492663105073,0.02993960098272824,-0.05246257261646128,-0.020980192238001353,0.048481491235470756,-0.08630499418092602,-0.034442609053059285,0.05080035970799477,-0.11139840939162356,-0.04565065066305335,0.031757044967470116,-0.09914536277917202,5.580956457705845e-19,0.02600219477950523,-0.11402886479052325,-0.02250194239224605,0.03536623680013652,-0.10576596459452303,-0.0331818490438224,0.04065843589989095,-0.08958168787439597,-0.03545184672905439,0.0348345033942304,-0.1016296477484698,4.168752633836235e-18,-1.4470103206365761e-18,-0.10735908110454287,-0.03483414987312484,0.01520994204845786,-0.078213901513885,-0.034292123185520065,0.02227407508117432,-0.08367653276425868,-0.008738469811088079,0.016941284013312633,-0.09244757406208026,-0.009586073380417793,-0.019697410075293926,-0.0891882251689236,-0.041300526728171326,-0.002872383787670273,-0.06454090157814911,-0.036280963131777345,0.003958792602927645,-0.06465495873877772,-0.013281176535934932,-0.0023823845646985167,-0.07495686938420745,-0.020867715413962915,-0.03500778999775984,-0.07667600574580637,-0.04297893049922416,-0.023539425910912445,-0.05863591781457298,-0.048368260488932335,-0.013500944135687469,-0.05621586493895235,-0.033608840641972476,-0.02249806904626177
0.0,0.0,0.0,-0.021541986175952436,-0.01020675330756567,0.02985945230099729,-0.052671219190459,-0.02106423562964314,0.048345241070331585,-0.08656742414431313,-0.034354232471878354,0.05067552900866228,-0.1119005947213374,-0.04588953326074964,0.03182490892894885,-0.09960773537512105,-4.722479916595009e-18,0.025985953847706227,-0.11360725226432448,-0.02325727951392355,0.035326715740041745,-0.10427641804380687,-0.03338883665766352,0.04027399212983572,-0.08849330535896892,-0.0336765993521692,0.03430828712871368,-0.10206788993384634,-5.093785401395647e-18,1.7883026375655316e-18,-0.10766020680484438,-0.035042540978084645,0.015103463668845319,-0.0786458612114086,-0.03451175008845695,0.022306117097094017,-0.0844787749301591,-0.00873816721193083,0.016941094800800874,-0.0925361825186877,-0.009554698824817973,-0.01960365873245251,-0.08975384824639945,-0.041263731137089484,-0.0029401410422859424,-0.06528665535350586,-0.03631122820654397,0.0042249273719008155,-0.06556015303091975,-0.013266627354163481,-0.00209740113137361,-0.0748817460379767,-0.02082881779617332,-0.035203135785193726,-0.07685535634266723,-0.04314344346798852,-0.02372221224630101,-0.05882522424195138,-0.048672298101393716,-0.013336427437668998,-0.05635054997152801,-0.03379114579412879,-0.022319865595691813
0.0,0.0,0.0,-0.021742923910832445,-0.01019436706489764,0.029872341225037517,-0.053003055397874844,-0.021145905920988996,0.04830521174102293,-0.08695669650818706,-0.03446304663198382,0.05049916445992504,-0.11218457340986886,-0.04633821885162108,0.03113576269234419,-0.09968011092131063,4.6287509234346416e-18,0.0259484329431525,-0.1131592219286294,-0.0235949549202217,0.03496209756657871,-0.10295119396407205,-0.033340275195015284,0.03949610008634183,-0.08785070679134221,-0.031913107894387324,0.03362415962364606,-0.10186755496759368,3.3504065318652114e-18,5.886612054603646e-19,-0.10798705550509774,-0.03509454641542373,0.014493304330260599,-0.07909750215019809,-0.03484375579423031,0.02180037911967559,-0.08484868372100192,-0.008730473290407074,0.01654206125346215,-0.09205631955571655,-0.00942804724296403,-0.019555896452022214,-0.09034084856414969,-0.041119215797395026,-0.0036898704566191956,-0.06610442814709466,-0.0367273349222911,0.003861730222715079,-0.06624999542996068,-0.013511986633907043,-0.0020006267949417397,-0.07431291538602296,-0.02051946724434177,-0.03550184530294978,-0.07684794896129325,-0.04270833182503302,-0.024527542013989188,-0.059322820819666416,-0.04868593423268951,-0.013821564201205092,-0.05642433802891351,-0.033887382357751794,-0.02232643957297026
0.0,0.0,0.0,-0.02188519648753442,-0.01015714862175336,0.029807205309560814,-0.053278502377031606,-0.021150538183712226,0.04820645350155185,-0.08726341456165931,-0.03443054533435915,0.05025648041937984,-0.11235938672410221,-0.046551601415803764,0.030519339048388574,-0.0997285490152166,1.587622910673626e-17,0.025893478454591633,-0.1127236297344126,-0.02394100450180124,0.0346543933462366,-0.10168967261435437,-0.03330509140305518,0.03883131664687921,-0.08720275108549605,-0.030369053864842076,0.032961266649870986,-0.10166712223121498,1.6980424059958683e-17,2.603536796307896e-18,-0.10818290719646091,-0.03514454707335286,0.01394953737587364,-0.07940931673705906,-0.035120514361735744,0.021331159710000283,-0.08508882902809381,-0.008721122611416589,0.016134319685616023,-0.09159724616159445,-0.009342745903241351,-0.019524010079296543,-0.09073973993034758,-0.0409634042765719,-0.00437275106727502,-0.06669129731920986,-0.03707600723668266,0.0034731518010498183,-0.06675030984912457,-0.013655956055534076,-0.0019937247950546993,-0.07374217380937538,-0.020269775092046548,-0.03576646359756321,-0.07672411994100549,-0.04236461401468527,-0.025212922325625508,-0.0596270466970414,-0.04871416057377347,-0.014260542151426686,-0.056361532337522106,-0.03394824447758081,-0.022379818474326466
0.0,0.0,0.0,-0.02201407110773319,-0.010231588649307575,0.03007661034568418,-0.053808440652730986,-0.020150330121165815,0.04849660234409047,-0.08783057294205902,-0.0330003479807647,0.0504763851260804,-0.1132562808670789,-0.04452398872583948,0.031086663844271122,-0.0988233866827053,1.2036381884589175e-18,0.025607670765904353,-0.11260783437813231,-0.023965471193197526,0.033975531220016286,-0.10142848725477492,-0.03335843686169549,0.038248429300070164,-0.0858219990610309,-0.029011962840620624,0.03292497688307553,-0.100524856592112,3.1451947401157157e-18,1.2051409089266478e-18,-0.10875070511993458,-0.035152212563881555,0.013090445311442229,-0.07997386896206327,-0.03615589804274696,0.02064881543277995,-0.08353554603418097,-0.008865000876908717,0.01563041904359739,-0.09053610040513087,-0.009437793030269297,-0.019552325250157508,-0.0918592647095539,-0.041151836810516866,-0.005244951784965704,-0.06733691074197584,-0.03867742509204893,0.0030950579381582074,-0.06557004038156453,-0.015181856400814282,-0.001613881960764156,-0.07288166061959027,-0.020429472812822456,-0.03593903835517143,-0.07775262805127064,-0.04242135658230113,-0.026037614682429495,-0.06082534575104202,-0.04939800968338984,-0.014616641168325627,-0.05639105525572466,-0.03447940746652951,-0.021431089528521303
0.0,0.0,0.0,-0.02216491829748207,-0.009655570747726832,0.03030637193373048,-0.05396794147272352,-0.018686214573142634,0.049001208033600356,-0.08785968115374428,-0.030702530096291866,0.05195794621712715,-0.11379295947442399,-0.0418311328617042,0.033660831305245734,-0.0978253722106847,9.006440635712648e-19,0.025508044720676335,-0.1132631033677899,-0.022884882214199757,0.033637769750848694,-0.10346141969495484,-0.03296312804972583,0.037876649050693004,-0.08636008596079879,-0.03104923693897273,0.033681786323823605,-0.09928180637168173,2.930973312230226e-18,-1.06712398355864e-18,-0.11030514381270846,-0.0343011880852856,0.012457272599754113,-0.08263693053245842,-0.037744360934576685,0.019924501822745275,-0.08243123211102574,-0.012337659527690795,0.01568532670742789,-0.08953823716291504,-0.009456415278268585,-0.018950975352794906,-0.09476212600328295,-0.04050610589689246,-0.00578951946530378,-0.07061492899543942,-0.04057182196522465,0.002914386237968893,-0.06552291746860486,-0.01926844161862602,-0.000533960087977544,-0.07234615755834298,-0.020511142045396696,-0.03563203362163342,-0.07967711607029855,-0.04167477327420157,-0.026691546058117934,-0.06361880559636508,-0.049686246801613,-0.01476864439575691,-0.05698317224160579,-0.03600234847061662,-0.019705669146579924
0.0,0.0,0.0,-0.021926737776234172,-0.009023169284626696,0.02968586315702002,-0.05318194739068129,-0.016703311250854346,0.04909280992340681,-0.08665007796936307,-0.02711423646933068,0.05316680718965408,-0.1132171916490374,-0.03764072116538613,0.03666313176973593,-0.09591044497693677,5.464917355213909e-19,0.025346260624379866,-0.11285174064119584,-0.021563729121311076,0.032844353735488774,-0.10527955674685249,-0.03291606833186669,0.037360507213476654,-0.08830833228414771,-0.035012854772211055,0.034686970390543866,-0.09685149834228517,1.4503152913926793e-18,-1.1689573892956043e-19,-0.11168839653990553,-0.03329293733888701,0.011176323678056092,-0.08583632472164854,-0.039685201216930546,0.018760634958735464,-0.08171477265213102,-0.018351538497295587,0.016300865721501006,-0.08749373433604735,-0.00966110706587685,-0.018736502045295124,-0.09673388578676323,-0.03994608477076972,-0.007100809142369213,-0.07398164734137709,-0.042860456086696475,0.0019348262293833669,-0.06559451081349785,-0.024771544304385135,0.0001499302575206041,-0.07062172475623701,-0.020366859678535593,-0.03557492583869223,-0.08067912500711821,-0.04046731884824509,-0.027870164338614355,-0.06610618938781211,-0.049931140111190916,-0.01587921983230611,-0.05713039616239752,-0.037766564733947336,-0.018858875827730548
0.0,0.0,0.0,-0.022273085601156636,-0.008612734709954422,0.029161662160501003,-0.05268657437527606,-0.014688305115995918,0.04932084228710399,-0.08558421578866238,-0.023584436339365702,0.054724420806828294,-0.11238000078947638,-0.03317535289632682,0.03987204689145831,-0.09449536832410409,-8.751826621009103e-19,0.02513701547440805,-0.11310497755606033,-0.01983738409102871,0.031629324627479055,-0.10811221792307399,-0.03175035245508306,0.03622933188716376,-0.09141323327815676,-0.03756315986794181,0.03490230310167315,-0.09495960621985085,-1.3726120690281012e-20,-1.0242481136269506e-18,-0.11392103303910239,-0.03115975073190112,0.008986517475216026,-0.09115312470251426,-0.04071214981037008,0.01716033179021982,-0.08329157574954708,-0.024938201567994173,0.0170457905753113,-0.0860164713702423,-0.0096744767674286,-0.0185072118222971,-0.09934291280448623,-0.03821837271329547,-0.009042311955551023,-0.07939942633370982,-0.044420677199929925,0.0002967916717797199,-0.06782713062512583,-0.031004797510576814,0.0006640055362210622,-0.06936238102820416,-0.020130851973387973,-0.03517791125967594,-0.08200532174245424,-0.03825613089477209,-0.02948933910160029,-0.07041568028075447,-0.04900194704608867,-0.01786305408495717,-0.05975467473989977,-0.039602575014780574,-0.01818941295386818
0.0,0.0,0.0,-0.02235102251014906,-0.008490430857174477,0.02882760147313347,-0.05198507582234728,-0.013573422538863724,0.04993380993118014,-0.08408784481687175,-0.02078846156110436,0.056850675657348644,-0.11164726909636125,-0.028213249012603935,0.0443028109617587,-0.09388785009104915,-6.303404359630441e-18,0.02499841512408425,-0.11350763181956545,-0.01771280514435363,0.03088032919416666,-0.11229922538271439,-0.03007651266100421,0.03530053345184896,-0.09922842716998978,-0.04124433842174148,0.034750845888134166,-0.09422153607139185,-6.526565858117536e-18,-3.750433250884946e-19,-0.11549935324993228,-0.028726005859088202,0.007255589521123928,-0.09860498031878519,-0.04164183195312316,0.015679057460702587,-0.09177044074144408,-0.03411526428637404,0.017578606830598947,-0.08576651112708149,-0.00952608060061894,-0.018481292309711992,-0.101682616375322,-0.03648732275028614,-0.010121942720012132,-0.08710536046588709,-0.04644443206130396,-0.001171620355086147,-0.07699242883639251,-0.04046734787140479,0.0006557665932443674,-0.06924771698296303,-0.019755178243780577,-0.03503633969716793,-0.08352025105876495,-0.036357282012032976,-0.030911074584413733,-0.07742900016455034,-0.04876287152351942,-0.020369752900139614,-0.06926502473354317,-0.04350015279535593,-0.019047292137941384
0.0,0.0,0.0,-0.022391958687318286,-0.008426488568321814,0.02856534238671888,-0.051408105309674185,-0.012767885443464425,0.05048263278034398,-0.08286529925595734,-0.018654891843258484,0.05864715197996146,-0.11103184307598851,-0.02438389263604139,0.04797359168031786,-0.09345711111261003,-3.0532372377360267e-18,0.02489194552542722,-0.11381745977522197,-0.01604313226699199,0.030256116883186038,-0.1157759231155491,-0.028664863691937756,0.03445399602097338,-0.10598459477238713,-0.043936513674275215,0.03437615893405317,-0.09367901184501028,1.6019542801270379e-19,7.880988557290553e-19,-0.11677468719379283,-0.026714424428788065,0.00582667943842671,-0.10485109005803706,-0.04215470158913098,0.014308917315346559,-0.09937739050352039,-0.04108556169567103,0.01769768724595619,-0.08561527195781254,-0.009390018537443742,-0.018497952413922093,-0.10356932383409401,-0.035020796947978654,-0.011076766395637157,-0.09352432466405326,-0.047827694025806014,-0.0025745300861709187,-0.08504012500796523,-0.04768058807070998,0.00031195537932359607,-0.0691894026549821,-0.019441342706535674,-0.03493677049302197,-0.08475487604593855,-0.03474003512187624,-0.03213642081394949,-0.08329788137156663,-0.04834498440715537,-0.02259378252867114,-0.07754794085033341,-0.0464360479961515,-0.019943424895673037
0.0,0.0,0.0,-0.022821836300440736,-0.008163410783289186,0.028456444289844555,-0.05108287680594158,-0.011965204450194342,0.051223442929807954,-0.08166937512299682,-0.016744070772840593,0.06033275941486942,-0.11048085939580062,-0.021228847261018067,0.05229174149977371,-0.0932487788308198,-6.0022921305811056e-18,0.0248423192711076,-0.11481015677636175,-0.013741372319757365,0.0297318526328504,-0.1202743306571883,-0.025963271207556864,0.033689533484364945,-0.11495215769654991,-0.04441279082858563,0.03362263816289928,-0.09316989077035641,-9.250068513005688e-18,5.144857067867717e-19,-0.11873854244864414,-0.023647116211027084,0.004515670914491474,-0.11308356717332894,-0.040546995168353146,0.012488701873621442,-0.11165608618139583,-0.04429442687064531,0.016478618736934885,-0.08563423181991829,-0.009367731052471748,-0.018426474796140367,-0.10581311969150012,-0.032781305815507304,-0.012058915719713839,-0.10117822200882622,-0.04766779881193699,-0.004149208015980996,-0.09649219071806715,-0.051803093864110465,-0.000775401801906258,-0.06935790253686827,-0.01910294028217234,-0.034560269508678694,-0.08587375089343237,-0.032976687596557135,-0.032647971811720945,-0.08887637233776978,-0.04723194161040309,-0.024488783730088105,-0.08642478182987347,-0.048028914010990915,-0.02106911222506921
0.0,0.0,0.0,-0.023028347848444878,-0.008157459726687043,0.028127363305521253,-0.05060122593702904,-0.012012227323381247,0.051752705414198324,-0.08072441506557236,-0.01620807676109165,0.06159810136572229,-0.1098809513131673,-0.01985744998552076,0.05588709319741759,-0.09351597965379496,-5.07822886846207e-19,0.024813131909787813,-0.11615185509884444,-0.012200790233993852,0.02939574408727024,-0.12502133253861414,-0.024130689749877057,0.03312214514555539,-0.12379739597019425,-0.04478566753772039,0.03297470836127544,-0.09340132624452602,1.369094582470419e-18,-2.9187257591834293e-20,-0.12123491717647739,-0.021281827592089807,0.0032953555145371636,-0.1217175903871824,-0.03886894026249742,0.01034674106641245,-0.1255158205835259,-0.04620605297850558,0.014554616780637538,-0.08611649074743877,-0.009477619624817371,-0.018354776783379347,-0.10829916818093678,-0.031287351928669556,-0.013164853923017396,-0.10887506848735418,-0.047337431863323426,-0.0061541045759442945,-0.10896541034287634,-0.05500701130082722,-0.0025646786576438707,-0.06992876304930673,-0.019160766374293526,-0.03420157946568908,-0.08744224483556842,-0.03192031018590091,-0.033216621471147054,-0.094025371554231,-0.04637962359808927,-0.026722130621302197,-0.09517769141088135,-0.04912358631226322,-0.023236156464452137
0.0,0.0,0.0,-0.023720756392090706,-0.008117643189519479,0.027608853677367914,-0.05076327056534978,-0.012212922706418999,0.05152510062149416,-0.08024986681616622,-0.0159294210971748,0.061866884948664574,-0.10926027650169297,-0.018797666091939814,0.05849104368361771,-0.09390308038802114,-1.057831786404561e-18,0.024400540821443373,-0.1177909698955981,-0.010695937923312304,0.028648654437640943,-0.1295938574985759,-0.02186710703686887,0.03191542806180898,-0.13224310432135095,-0.04380922419883202,0.03149266220890749,-0.09366646182745524,4.4775045989900125e-19,-9.155160821816723e-20,-0.12368675089579166,-0.018397327481599574,0.0019362255180399815,-0.1297049093223358,-0.03615963668176816,0.0075673138464272685,-0.13792551179524828,-0.04581404897844572,0.01154714370873317,-0.08667384147576382,-0.009280607438070956,-0.018151565973466073,-0.1110394742592644,-0.02874455563790772,-0.01457624466160828,-0.11642577167945439,-0.045166147086524985,-0.008885632055338537,-0.12128852829459637,-0.0550669739081379,-0.005341079270537436,-0.07071965973830477,-0.018901662570527358,-0.033789680197537544,-0.0891027415440948,-0.029997667090887952,-0.03397675932709254,-0.09902256011998191,-0.04384468023461135,-0.029208038863702043,-0.10370983122493554,-0.048238705434234634,-0.02591673819378579
0.0,0.0,0.0,-0.023997216536078437,-0.007827994505261737,0.02719651717963164,-0.050579121426912795,-0.012151221056410835,0.05137646642895971,-0.07946497763760184,-0.015526462079992372,0.062383875753681914,-0.10799692422054229,-0.017972589807446992,0.06123169243405621,-0.09404961048001163,1.772141151018052e-18,0.02401871509062488,-0.11897509804892091,-0.009421518011973828,0.028184705163359722,-0.13305940268271282,-0.019719924983142057,0.031115589050259084,-0.13853878499777555,-0.04195632046932908,0.030441397880261685,-0.09394831705903127,4.696526643076906e-19,-5.24542729986559e-20,-0.12560113242387588,-0.016077978586967967,0.00116595252053143,-0.13586930242883288,-0.033322203112045576,0.0053875281735207645,-0.14749600519593772,-0.044022640389746216,0.009213400514968042,-0.08724501689024704,-0.009141065707083448,-0.017948857166146602,-0.11317581736137529,-0.0266201650395485,-0.01566002236168261,-0.12233302002113101,-0.04251591491800906,-0.011117861030155813,-0.13099192691902242,-0.05322367389275709,-0.007628967536426467,-0.0715145690694847,-0.018645992013821482,-0.033442088076424334,-0.0907359011021333,-0.028211757118197785,-0.03440033109127189,-0.10323569337740691,-0.04108793615696979,-0.031028632612724323,-0.11120128423625524,-0.046218098441695936,-0.027807765168591344
0.0,0.0,0.0,-0.024183049186800944,-0.007624207370374283,0.02695692952212772,-0.05029839783843668,-0.011917809022770393,0.05133942517028372,-0.07862453438833275,-0.014595232340324366,0.06309089090780544,-0.10654429653925182,-0.01627307313101289,0.06414941805333649,-0.09419823582730612,3.0868128670564504e-18,0.023710334632198085,-0.11988069269493704,-0.008679909649678762,0.028019158492145948,-0.135655059783209,-0.01842369721769342,0.030872628542874887,-0.14287816129030023,-0.04060031505291077,0.03007972789720349,-0.09427705317775868,1.4029214771976223e-18,1.4425788857201063e-19,-0.1270214669804565,-0.014556467940130631,0.0008451217295948163,-0.14039597635304038,-0.03133807581155232,0.004045779613094252,-0.15442382879766076,-0.04256273672771328,0.007707320432902934,-0.08770723062826336,-0.009077657074342911,-0.017795929273367886,-0.11485050016349305,-0.025271388559432423,-0.016470445743728603,-0.1265747873901783,-0.04042054025512486,-0.012607334928402561,-0.1380690399571921,-0.051547884861711885,-0.009258933673100076,-0.07214707293992277,-0.01856766781627926,-0.033151114521976645,-0.09198593426695878,-0.027112331185559866,-0.03463386897478264,-0.10628875077483858,-0.03908077608274381,-0.03230512200383428,-0.11688361981108361,-0.04468553269018449,-0.029121455295102978
0.0,0.0,0.0,-0.02433670193476129,-0.007454861924483107,0.026748388955969666,-0.050159506067435515,-0.0117555618743339,0.051278925297631214,-0.07802775908850106,-0.013921924125676537,0.06360326401107111,-0.10556201337517651,-0.015058561900788416,0.06647504987873476,-0.0943519328274005,-1.4137762858464248e-18,0.023499312533070853,-0.12075467633580918,-0.007858679529239108,0.027836693447860328,-0.13792213382445284,-0.01696908561268047,0.03060145553086462,-0.14668983018050213,-0.039168157015497966,0.029721583364868413,-0.09460603490892552,-4.1326889256697424e-19,-3.232468931013627e-20,-0.12834527424234213,-0.013027989408702234,0.0005559932365975023,-0.14420394893038185,-0.02937800113593731,0.0028427593091221756,-0.16006960514533752,-0.041169219228290706,0.006427072315792132,-0.08816739358678458,-0.009032319990876992,-0.017696115241835918,-0.11637709978909785,-0.02393112713153557,-0.017207088054721223,-0.13024960106543473,-0.038557652115654824,-0.01394954208583134,-0.14391598983792048,-0.05008880900156419,-0.010719331206592552,-0.07275472602374479,-0.01848720043508899,-0.03296419376084757,-0.09319131134649218,-0.02608610136768247,-0.034862368145704294,-0.1089609208238843,-0.03723468494067643,-0.03340035843304412,-0.12154682202403466,-0.0433084735732228,-0.03027068467796198
0.0,0.0,0.0,-0.02431405675470179,-0.007333353421021811,0.02686059452450698,-0.04983502492986449,-0.01151201509291897,0.051555436238839104,-0.0773359821390833,-0.013098011850091094,0.06443864655839263,-0.1041913920213877,-0.013428108564990007,0.06927689182381629,-0.09450357666548674,-2.517876803385435e-18,0.023424860812246526,-0.12139854366619107,-0.007545534346923673,0.027989936108028936,-0.1396361698467829,-0.016460860302077936,0.030878416019377672,-0.14913356290469681,-0.03900564680925281,0.030218134315224385,-0.09499722622015934,-2.18457306710853e-18,2.1392313159261478e-19,-0.12938155073316573,-0.01244047323841966,0.0006638891031904763,-0.14691743628288992,-0.02884887242764611,0.0025252443268763713,-0.16396264204156796,-0.041346331675073636,0.006238291518714203,-0.08859445694393302,-0.009117290958570674,-0.01767130692734662,-0.11755704832141689,-0.02351861313258029,-0.017571169840400257,-0.13278753707430332,-0.0380583862222635,-0.01455439363382647,-0.1477369489208788,-0.050226641145562335,-0.011308481823612215,-0.07324182646110064,-0.018639918942080842,-0.032786018154588065,-0.0940429093827374,-0.025824147363208507,-0.034865388622134445,-0.11078119611016349,-0.03665661946065506,-0.03399732688723338,-0.12485686133947979,-0.04324671882807524,-0.030863568210007724
0.0,0.0,0.0,-0.02434944091900544,-0.0073024559172773906,0.026914286971279233,-0.04950730059197323,-0.011271739979100569,0.0516743393166483,-0.0766394883338155,-0.012120761689527231,0.06520819477761673,-0.10273092093473059,-0.011734049084959713,0.07205338633510197,-0.09476379953270675,-9.575980779432408e-19,0.02323929910451751,-0.12196596541051055,-0.007409776394114722,0.02817097924155006,-0.14095927905725125,-0.016179165564271753,0.031342523309994354,-0.15091381320204073,-0.03908398281279851,0.030878551627789557,-0.09546546950276379,-7.825868618011387e-19,4.9772850770102996e-20,-0.13031779169617763,-0.012038427151944546,0.0009427118468198704,-0.14902324637937034,-0.02865311372949702,0.002523645202500528,-0.1668674078536988,-0.04160681900771018,0.006332479342169582,-0.08904679001346379,-0.009286049757570277,-0.017620407040694865,-0.11855375559365339,-0.023196120734309166,-0.01790878014716981,-0.13479884727080793,-0.037637386756057004,-0.015074551913125091,-0.15060932820515233,-0.05028550551439808,-0.011816348322175482,-0.07370892825896665,-0.018847373288912964,-0.03263441806740782,-0.09473586495509245,-0.025656345264556863,-0.03485659545456974,-0.11218484864584101,-0.036201898539899274,-0.034517316424400646,-0.1273176946493349,-0.04343726228037976,-0.031383332255391326
0.0,0.0,0.0,-0.024352713106740358,-0.007270006145603639,0.027145159261753933,-0.0492577780765601,-0.010781018408135914,0.051993013192208115,-0.07605065327280744,-0.010772165670444174,0.06613224747516687,-0.10166613690719478,-0.00927061568511383,0.0745263315566375,-0.09501299575579579,-3.2276498195741372e-18,0.023214271291856596,-0.12246635119964715,-0.007343459235785528,0.028371546309861148,-0.1420301348340347,-0.01600680532162641,0.03174701659107176,-0.15208777975325893,-0.03941247974040061,0.0315888209226513,-0.09585416420264867,-1.5664545803328217e-18,-9.570488814380293e-20,-0.13099267402838724,-0.011920504936106031,0.0011942336257160604,-0.15057050443889886,-0.028905825516182346,0.0026196719480221877,-0.16875975751640238,-0.042515738189277154,0.0066311994051524515,-0.08933748992608029,-0.009377338829733786,-0.017643214570432927,-0.11925025529111366,-0.023267383363818693,-0.01817080055308974,-0.13610438780778517,-0.03782523406530291,-0.015360044987148675,-0.1524753933755826,-0.05105376333537464,-0.012022512491498617,-0.0739919342181778,-0.01904068788938358,-0.0325256967068446,-0.09514887457052187,-0.025765605929929054,-0.034823546016589005,-0.11313605397523062,-0.0361816190439066,-0.03483691829318784,-0.12895084884672875,-0.04403831165637345,-0.03164496723810084
0.0,0.0,0.0,-0.024385610468846828,-0.0072749691160984885,0.027255239566592163,-0.048964815480824354,-0.010533400846511217,0.05215053054863243,-0.07539385555514493,-0.00994234403935013,0.06682212633420005,-0.1005035723599183,-0.007758831201845775,0.07647373601505669,-0.09524883566965889,8.555166197243556e-19,0.023118800462895737,-0.12284820602269016,-0.0072443876059564314,0.028529412923066228,-0.14281080175364078,-0.01586486259221096,0.032101160865106025,-0.15301077685876602,-0.039689869195191414,0.032133954704458276,-0.0962463903017871,7.391013572836972e-19,3.6824510729258555e-21,-0.1315758630197499,-0.011727523104068107,0.0013947023611784266,-0.1516982643792319,-0.029002374741750107,0.0026694890054261306,-0.17018962144868005,-0.043062236121827815,0.006741261762308843,-0.089734513584915,-0.009497002444145891,-0.01763827316952923,-0.1198451856570287,-0.023167187589287503,-0.018368127174241643,-0.13726202684599886,-0.03783619014173118,-0.015625779935264924,-0.15391631658158897,-0.05154556471303096,-0.012215289744921384,-0.07436149162497958,-0.019227392318539278,-0.03244136548284102,-0.0955568516783994,-0.025696233762531075,-0.0348197272282564,-0.11400672775550834,-0.0360010917368827,-0.03512871814226632,-0.1303716924869357,-0.04442926424204882,-0.03189689796147359
0.0,0.0,0.0,-0.02434578188079305,-0.0072543885456411526,0.02737442995099223,-0.04868613745362933,-0.010182283450371952,0.05236841640652183,-0.07479919812431804,-0.008852239236253235,0.06749947439806107,-0.09955113378764059,-0.005786200021729446,0.07815451200260838,-0.09531394612099553,6.050524773151284e-20,0.02306132574971254,-0.12306460679544781,-0.00719336956054234,0.02869086408484504,-0.14335111631281397,-0.015733857579974097,0.03244338756605495,-0.15358045365740644,-0.03990139700749142,0.03269792771316317,-0.09644984246311558,2.5563137378181253e-19,-1.1581152139054358e-20,-0.1319338691208325,-0.011635877082007518,0.0015972694127526338,-0.15244197799722012,-0.02918115245289711,0.002809045317132592,-0.17110067907162468,-0.043647924836523404,0.006988879600328414,-0.08994227602225645,-0.009540934709043958,-0.01765452280602689,-0.12020599051948741,-0.023127672937702397,-0.018503621585194474,-0.1380156100377459,-0.03790496733444076,-0.01579243570822396,-0.15485332377802463,-0.05190584609152653,-0.012302916372480885,-0.07456089309262656,-0.019283233429513488,-0.03235313283740651,-0.09578085978986624,-0.025625067992185304,-0.03477424907445913,-0.11456859995596125,-0.03585318160513412,-0.03532404545915593,-0.131265894029281,-0.04470299548706529,-0.03203239679658981
0.0,0.0,0.0,-0.02434271085354155,-0.0072230024928878036,0.027508772270029246,-0.04855403655304998,-0.0098495287013488,0.0525467153973591,-0.07443082879915647,-0.007901199276988267,0.06802767447338141,-0.09890173316084185,-0.004055439310441505,0.07954605235491259,-0.09540279361350787,1.0810393202265617e-18,0.023020272327239657,-0.12330669136845857,-0.007059517781733959,0.028820850993127943,-0.14385646374420466,-0.015506118621752628,0.03271544291175473,-0.15416518793189357,-0.0398955591817976,0.033205624721106095,-0.09663797079082362,1.0819641965430008e-18,-7.113836643980003e-21,-0.13226385217175157,-0.011496779149643551,0.0017780498664800698,-0.15311697187738443,-0.029262400976707195,0.0029051233376285786,-0.17187394572079323,-0.044070932967961364,0.0071933756674263435,-0.090136990416351,-0.009556514516870876,-0.017646689668350896,-0.12055787819060465,-0.023065025002736026,-0.018595597791685896,-0.13864137195328236,-0.0379624890813229,-0.015896442204824744,-0.1556771650374847,-0.05226980909888505,-0.012338173344453486,-0.07476719459077079,-0.019349857557926047,-0.03223697968432743,-0.09601146648124136,-0.025600383363477978,-0.03469583971161436,-0.11505617459405047,-0.03575267748315323,-0.03543941398025341,-0.132003859345404,-0.04496049907991674,-0.03212060338473116
0.0,0.0,0.0,-0.02447011615893744,-0.0072498260052215316,0.027517980117225487,-0.04851455377989147,-0.009693256176485577,0.05254596898548752,-0.07413024742756974,-0.007228480034929279,0.06843014366974853,-0.09835826186862287,-0.0029691209038318752,0.08056748081857149,-0.09559080736069814,-3.6021782454875605e-19,0.02295077096126253,-0.12363041639474213,-0.007040179287072238,0.02885095199831136,-0.14432992506984121,-0.015472482870480177,0.03280071332007248,-0.15465323868758907,-0.040054850901280255,0.03333402580580033,-0.09688455188327662,-1.567767297751624e-19,-1.0367351180943135e-20,-0.13262701896424095,-0.011345005366878576,0.00187634251837599,-0.15375626595492117,-0.029266367718632964,0.002768462338875776,-0.17261585702096124,-0.04431581423520146,0.007003816420060363,-0.09032246278634501,-0.0095757743482692,-0.017635673259228414,-0.120897621884846,-0.02288556371049762,-0.018813230363335706,-0.13926117467261973,-0.037803597829862104,-0.01624799348857762,-0.15642185184678503,-0.05233010186989256,-0.01267558640365068,-0.07493808030528276,-0.019391033243646664,-0.03220559259103364,-0.09627652318168374,-0.02540939868946006,-0.034768217381193484,-0.11551215219466254,-0.03535251645418767,-0.03578370961747675,-0.13271214947719856,-0.044909670137977094,-0.032541337738417976
0.0,0.0,0.0,-0.02460078566666481,-0.00721342842711974,0.027582076944000153,-0.04848762951142495,-0.009485247958770275,0.05264095238770238,-0.07392196743730411,-0.006654633175086391,0.06889093557461731,-0.09787334780896038,-0.0021256162992062356,0.08158529412032706,-0.09567115257833997,1.5114827048878472e-18,0.022924036337152166,-0.12393050359710929,-0.006926659668333586,0.028879175957808197,-0.14477039037401304,-0.015271071937491507,0.03290956632205297,-0.15518284502262517,-0.039970371846622235,0.03347477738337633,-0.09698998850958092,8.992392038215426e-19,-1.7734224587072388e-20,-0.13291753096371214,-0.011229698235254493,0.0019209057795912643,-0.15433075521777095,-0.02922505153831713,0.0025630811020603095,-0.17323094147330392,-0.04441853785188797,0.0068024240049654235,-0.09037773856146443,-0.009645466309794687,-0.017607688832769693,-0.12116233490262371,-0.022764668025137186,-0.01902139026080266,-0.13973317902379045,-0.037627310681665735,-0.016619550584059853,-0.15705362542344734,-0.052305121663377634,-0.013018483654655449,-0.07499795896664242,-0.019541998742817233,-0.03221417231159441,-0.0964916816638014,-0.025392117699038867,-0.03490541182159162,-0.11581347323539103,-0.035059368573114015,-0.03614715708725393,-0.13329571648932187,-0.044839927369973664,-0.032971545763920064
0.0,0.0,0.0,-0.02478186802384067,-0.0071482787771518595,0.02752746178535967,-0.04849936526308489,-0.009423702115885044,0.05263689976388211,-0.07385758918746635,-0.006259249734905834,0.06921741580340966,-0.097652437509506,-0.0016891202976512436,0.08234692336455139,-0.09590642620688318,1.240420125402437e-18,0.022896012542476713,-0.12441736791753953,-0.006746528385301637,0.028828674106012232,-0.1452131302206855,-0.015012797401064,0.03294183093351535,-0.15590821904424543,-0.03968341356198917,0.03351250003617016,-0.09723225457149456,6.456648848230579e-19,-2.3598559898848543e-20,-0.1334104893700328,-0.01101427401349005,0.001984325830241208,-0.15509949906704215,-0.028906488184094952,0.0023397966954554596,-0.17411341820046478,-0.04421540777734751,0.006513129591562448,-0.09061208203608212,-0.009734179320945086,-0.017569870064668258,-0.12158075906965309,-0.02254046529475087,-0.019198572648632995,-0.14056339509985047,-0.03733129560804688,-0.017011910245840544,-0.1580344520934042,-0.05200620690795896,-0.013315136829062012,-0.07519093444006603,-0.019677831364840612,-0.03221074992063064,-0.09684460556623636,-0.025267467986415337,-0.03502230099990985,-0.11625088950951568,-0.034647254997828794,-0.03641214043183243,-0.1341134467177052,-0.044657180569867054,-0.03334121601816993
0.0,0.0,0.0,-0.02484356654986394,-0.007043435486549709,0.027560835991222603,-0.048402813196068824,-0.00925905373051183,0.05268461462210606,-0.07363179212197846,-0.0059795670298009775,0.06947005081886083,-0.0971179307623965,-0.0012982500184053412,0.08296892507622224,-0.0959929956534629,4.0949943044943876e-19,0.022861531385932526,-0.12465440757564883,-0.0066563150151566245,0.028862135395448393,-0.14544637315858566,-0.01483406467348631,0.03309538281143438,-0.156217421559389,-0.03968076556697969,0.033700265416964914,-0.09732234279584477,1.8600923459682698e-20,2.5234972741572255e-20,-0.13362910357288407,-0.010891189719364543,0.0020919101949722816,-0.15554677632036573,-0.02874289174089997,0.0023119903127200147,-0.17454471169259286,-0.044187797069435396,0.006451767598206653,-0.09069800381211483,-0.009825248046153262,-0.017532764989842742,-0.12182376341894671,-0.022380170048300115,-0.019264048986266376,-0.1410150126393339,-0.03708517774798192,-0.017137775990989465,-0.15860471267319856,-0.05181964165940342,-0.013351799962545171,-0.07528827547267194,-0.019834315862001264,-0.03214439181778246,-0.09704699565514713,-0.02531292226832103,-0.03506079649600625,-0.11649913320794647,-0.034464082428677476,-0.03660197048034878,-0.13455503883092101,-0.04461346240373308,-0.0335226636407612
0.0,0.0,0.0,-0.024916404964737807,-0.007018490507044315,0.027609828468495305,-0.04841462684090538,-0.00913377643995408,0.0526784329777449,-0.07347870598812095,-0.005784782391460689,0.06966973750521127,-0.0968233402109015,-0.000973199603964663,0.08342475370548322,-0.09604450176464291,1.1096075233203023e-18,0.022853747365458307,-0.12475157163128162,-0.006530739327753853,0.02880123909819074,-0.14557280628576266,-0.014605792831490877,0.033124515991926534,-0.1564557957308512,-0.03944021881047367,0.0337739850202169,-0.09736118951997672,5.449186748646816e-19,6.537805841032108e-20,-0.13375298884147027,-0.01071736779598203,0.00204866087107213,-0.15578776386884038,-0.02857398631924164,0.0022338423307808612,-0.17484254437501698,-0.04403495775294087,0.006416797481143588,-0.0907289379279072,-0.009875860677327267,-0.01754522412280271,-0.12196515995139746,-0.022281661763031566,-0.019444142147719702,-0.1413197645835692,-0.03690201592779598,-0.01731310730733905,-0.15898596561855394,-0.05168776781697146,-0.013509791559897873,-0.07534981830366631,-0.01991930371260459,-0.03213683455434573,-0.09715746040938762,-0.02530761756091557,-0.03512054621999153,-0.11677626124326172,-0.034250982764012984,-0.03684821077430751,-0.13501011942003438,-0.04451367470989065,-0.03377599771421112
0.0,0.0,0.0,-0.024985417429738397,-0.0069952601065751295,0.027631651813005628,-0.048431093077444934,-0.00898117573468873,0.0526546249007756,-0.07335802583982966,-0.005511323705977484,0.069892463004001,-0.0965768954386449,-0.0005381699066964063,0.08392484720753908,-0.09610627113522913,3.817785015470054e-20,0.022835173098367485,-0.12487459272977251,-0.006378370962950134,0.028749504083323402,-0.14573420167957818,-0.014309938256205534,0.03311018873161709,-0.15675402773156424,-0.039128081202695814,0.03380678836297674,-0.09741991772394437,-8.617632058028885e-20,-1.0995761354584185e-19,-0.13385954063518815,-0.010519797894911344,0.002035520968537873,-0.1560466509932019,-0.02833083743615464,0.002112690852037918,-0.1752031583333168,-0.04381131096559019,0.0062966470325166645,-0.090787615437449,-0.009921035739476072,-0.017521103944890457,-0.12208781971955887,-0.02217582846043936,-0.019564349653079315,-0.14158665055577965,-0.03664817183869439,-0.01748827696562841,-0.15936782832455226,-0.051487142867856425,-0.01367876074803658,-0.07542586437300153,-0.020036717657357248,-0.03212722753526624,-0.09728583613183422,-0.025319577550653984,-0.03517713443533536,-0.11702574690594708,-0.033996653875242554,-0.03704851445192558,-0.13543765443876088,-0.04435119007976416,-0.03399597964675912
0.0,0.0,0.0,-0.025035923805537395,-0.006905531857712722,0.02754285073214311,-0.04861962608976262,-0.00890402949017616,0.052572194683183825,-0.07327360599299644,-0.005393256433557276,0.06994386176708071,-0.09662451358810238,-0.0003957947780359818,0.08403640669442863,-0.09619159528278177,-1.0734133950909224e-18,0.02277068863401863,-0.12494009076510486,-0.006089004591311505,0.028627612318116245,-0.14579481867607774,-0.013542129395343694,0.033055928096746234,-0.1573184341849027,-0.038174546250967306,0.03372458395665965,-0.09739227090018839,-8.65430255927129e-19,1.6746637831827967e-19,-0.13397881152038216,-0.01009568245759889,0.0018015404294725364,-0.15626117081748328,-0.02751908793004135,0.0017759027272372637,-0.1757684918322986,-0.04272413986054592,0.0059777116236754075,-0.09085992594480605,-0.009798385046866323,-0.01757670159782502,-0.12210007431624424,-0.02175897103320894,-0.019648146273358015,-0.14194383049891982,-0.036252030330026414,-0.017861166915620067,-0.1599321330855905,-0.050686670446132995,-0.01403458242483038,-0.0755690833323565,-0.019836094603246514,-0.0321011234248715,-0.09735862322829315,-0.024994100593902373,-0.03526594377465925,-0.11728454484292283,-0.03348441450291007,-0.03723866344841039,-0.1357348501983179,-0.04360968554058308,-0.03430715154972747
0.0,0.0,0.0,-0.025131933563170526,-0.006796345718697506,0.02744801811864385,-0.04874401826879254,-0.008962408120558275,0.05260466604344913,-0.07337882657606902,-0.005514695288963179,0.07001925160475576,-0.09671737159077476,-0.0004538247420734884,0.08420680445345423,-0.096266481847335,-8.781667762495775e-19,0.022812996029449792,-0.1250944424892936,-0.005759544561626894,0.028603804087289228,-0.14606626016884894,-0.012770803275531366,0.03300034138045508,-0.15804452125987162,-0.0373703211162028,0.03371572702426305,-0.09737619613082583,-6.205419981327012e-19,-1.319962850135029e-19,-0.13412823403403287,-0.009739152640104567,0.001615372573128528,-0.15659735506701897,-0.026628018204688214,0.00147461616264031,-0.1765097501091602,-0.04164255728438632,0.005566105977235708,-0.09094996680874595,-0.009731359577621123,-0.017573414287852984,-0.12227250956607803,-0.021441176489798916,-0.019708737755336672,-0.14245442647971718,-0.03583843459421096,-0.018162129162224448,-0.16075145026990345,-0.04995724970041763,-0.014525565281533969,-0.07571522345814809,-0.019800003085260292,-0.03212423435345741,-0.09749665927184568,-0.024803149465629438,-0.03540196512730137,-0.11765089075611496,-0.03312256393083619,-0.03746465283470002,-0.13625396579107313,-0.04295465927522926,-0.03467413724297549
0.0,0.0,0.0,-0.025056532334738226,-0.0067802874129350805,0.02730604895704651,-0.048580399619631606,-0.009238346947843503,0.05262294268448437,-0.07329248237377309,-0.005948208159624793,0.07007039943414796,-0.09639616776992598,-0.0008402430986933591,0.08441681558634426,-0.09601277694429919,1.2514437391221878e-18,0.022838630667132077,-0.12489393401491101,-0.0055865159762881955,0.028745262608280833,-0.14612252703600573,-0.01261074209183039,0.033056044657382,-0.1581466676946469,-0.037153113484689554,0.033881143023154335,-0.09730055025748693,1.8011189185993883e-18,-5.924376877747459e-20,-0.13403929591830926,-0.009581059466318423,0.0014439134252271773,-0.1566349768296923,-0.025970098132951758,0.00116958892033794,-0.17667303787367777,-0.04110120497759886,0.005015497298450566,-0.09096079456061243,-0.00968759049334745,-0.017484624181559997,-0.12237122630795569,-0.021251515558103614,-0.019627302590728764,-0.1427074087646962,-0.03532287910114143,-0.018073869917639984,-0.16118606220581375,-0.04952080348282321,-0.014577960874619038,-0.07575217864058936,-0.01969832000447083,-0.032091423102969814,-0.097630620122069,-0.024652170636746205,-0.03538452442662965,-0.1178638710163872,-0.032806278380071545,-0.037562347756866794,-0.13670438774611507,-0.04226871574343562,-0.03486237718945168
0.0,0.0,0.0,-0.02494828870444796,-0.006892051213070002,0.027309388153189087,-0.048351873131825644,-0.00946406216352699,0.05267338909604265,-0.07318955289994021,-0.0065596414127831746,0.07004736627903886,-0.0962153920629706,-0.0014047346084127429,0.08453892843557934,-0.0958318326128295,-3.2953226905035734e-18,0.022899140310029417,-0.12470244617459254,-0.00559509741383561,0.028966604803304406,-0.14608083570244876,-0.012838879922287022,0.033288007209701695,-0.15803771836110903,-0.037531432986211644,0.03430658076851448,-0.097328771308255,-2.1486627547593396e-18,-3.6308702352273225e-21,-0.13403610176766084,-0.009659478586380783,0.0013843992731420412,-0.15669561953025185,-0.025883638175221046,0.001069760520029841,-0.17677963361561297,-0.0413754656381685,0.004721273339474912,-0.09110074405146452,-0.009761124019208159,-0.017412863465990396,-0.12250241570534166,-0.02138480292413265,-0.01940604589604423,-0.14291688196663616,-0.0353761575235174,-0.01764442992600771,-0.16150579112349475,-0.04991367009209646,-0.014270546692852163,-0.07587252119232571,-0.01979962573588788,-0.031981711624498886,-0.09783224970942873,-0.02492997017715504,-0.03519104025381348,-0.11815073134485954,-0.03314579161649634,-0.037324550403119654,-0.13724542652784855,-0.042487130315475165,-0.03468359236232676
0.0,0.0,0.0,-0.024796170380338788,-0.006919703948574538,0.027421918070688243,-0.04815734168033818,-0.009480666754082942,0.0528630024684522,-0.07321913428762754,-0.006611786115102206,0.07022568634007303,-0.09665240647149893,-0.0013809760960836642,0.08466253751858227,-0.09592122685684637,-2.5354288178724666e-18,0.023113513771246538,-0.12458829379523889,-0.0056388043577087965,0.029205443584393958,-0.1458305163347234,-0.013135359331082666,0.03367891260595659,-0.1577839923226972,-0.03809327101521981,0.0348579387346929,-0.09736200749109525,-2.1065892681947327e-18,3.816766562727258e-21,-0.13394405266914583,-0.010090986155295373,0.0014557068268512528,-0.15628205556738273,-0.026506577460101027,0.0011257424015790097,-0.1762203506398092,-0.04262913994362248,0.004724434968252494,-0.09133180353829397,-0.00984143147483485,-0.017462290817021667,-0.12226120076935787,-0.02190145776374601,-0.019059911996178694,-0.14281788307664148,-0.036420962482482847,-0.01711852960992194,-0.16109514466232125,-0.05138753217205938,-0.01367559749175901,-0.07599362243828295,-0.01981420841311114,-0.03185772488691559,-0.09779750768023056,-0.02534825264895939,-0.034873272762522625,-0.1182385915764306,-0.03385668981353093,-0.036898877340346824,-0.13729320566024125,-0.04335735717575172,-0.034244878197262234
0.0,0.0,0.0,-0.02471169320947824,-0.006962955367487406,0.027515996271733192,-0.04804068477668472,-0.009502971959549624,0.05300996046543039,-0.07330578570696969,-0.00681729828630589,0.07033780188682019,-0.09704075837169318,-0.001532499971217998,0.08467813296300021,-0.09598838161203956,-9.95428630550516e-19,0.02330017698555225,-0.12452733633478667,-0.005625333497811089,0.029376912141711838,-0.145689366255107,-0.013306122508572556,0.03389976188641615,-0.1576667209409622,-0.0385052164116533,0.03524109116853263,-0.09738679617983174,-1.3147564415642267e-18,3.3200020380572506e-20,-0.133857373109815,-0.010390437438911866,0.0014775328237448808,-0.15599385697898155,-0.026921620010513375,0.001129817105884928,-0.1758320488437595,-0.04355769362836613,0.004656621172424414,-0.09150895378888037,-0.009912319035056863,-0.01749323629858815,-0.12208124512158955,-0.022257489163647472,-0.018824720201163884,-0.1427645914533433,-0.03716242700037623,-0.01670292094781267,-0.16084998128525388,-0.05252199344604658,-0.013242975761395432,-0.07608760367752303,-0.019851490359750645,-0.0317772923429821,-0.09778706308662577,-0.025675157798559955,-0.03465216923058856,-0.11834841190154746,-0.03437311748614644,-0.03655951531933982,-0.13739881047721755,-0.044004979510676674,-0.03390855644589686
0.0,0.0,0.0,-0.02461772210220354,-0.007283580475431894,0.027950790510848634,-0.04791314069644769,-0.00952189924358584,0.053382001601610524,-0.07339034248167967,-0.006783866530279652,0.07058921721219827,-0.09770107063907303,-0.0012396392827305706,0.08465549603707644,-0.0960912951595569,2.4040530141217188e-18,0.023594303777787103,-0.12417429168656118,-0.005637765797447689,0.02987741413213136,-0.14522173254752646,-0.013764222154624979,0.034384434585123774,-0.15694749617003112,-0.03952014741240999,0.036071949584521396,-0.09749284964974708,3.081861241606333e-19,-4.3416408840284466e-20,-0.13351967468213505,-0.011048604830522463,0.0015823273596457603,-0.15490992012490118,-0.028511396429309152,0.0014702682685479407,-0.174074619067951,-0.046044564657099045,0.005201677343267531,-0.0916381158574766,-0.009944116251410498,-0.017496927574830897,-0.12172552481557304,-0.02306796430957055,-0.01839043040027936,-0.14184698520055897,-0.03872871489526719,-0.015939907585629978,-0.1591943983773519,-0.05506112829093933,-0.012270274820169014,-0.07606301405040987,-0.01993229850867903,-0.031879334649726365,-0.09762383706104476,-0.026197297052208177,-0.03437613882444906,-0.11819100669175982,-0.03551881583514569,-0.035965804646061715,-0.1367188709876487,-0.04554961900610314,-0.033184003464449816
0.0,0.0,0.0,-0.024256855624277613,-0.00759100724964473,0.02883145338388295,-0.047850141159078236,-0.00867847888066754,0.05435838263626268,-0.07374876285107476,-0.005321422901452838,0.07150505952340266,-0.09990358733699575,7.609237148623917e-05,0.08392663116950831,-0.09615844514510731,-2.3020944245107267e-18,0.024244486750805053,-0.12357296726548604,-0.0053043681140865695,0.030396349349956876,-0.14391402263890402,-0.013925148937461513,0.035094704462388555,-0.15454646498470903,-0.04029888442247746,0.03696118980932451,-0.09744601870522401,-3.2282947333961025e-18,3.686322373390819e-20,-0.13283890003094997,-0.011485794789072084,0.001901310340358279,-0.15209295557958666,-0.030703927047790052,0.0026983935906760553,-0.16881011008075908,-0.04953068586977666,0.007198531016862139,-0.09147718501091494,-0.00980220994150631,-0.01778346452619618,-0.12070866105588736,-0.02410348428295273,-0.017456693759692086,-0.13927020135113236,-0.04101970544644765,-0.01415374829915777,-0.15403295989793397,-0.057949668131965434,-0.009606897861049343,-0.07570538929385752,-0.019633238295321022,-0.03233197353804188,-0.09677919752657765,-0.026813710499370213,-0.033878165312131545,-0.11648709490958797,-0.037410637572515615,-0.03445379168034254,-0.13321462969348996,-0.047964062524631944,-0.03056574747109825
0.0,0.0,0.0,-0.023632690325655584,-0.008001231296350254,0.02903194715049776,-0.047505591591367795,-0.009148055509719217,0.054388646508535844,-0.07398416207129632,-0.00680883097551315,0.0710099823555482,-0.10090031348927031,-0.0025938998374379703,0.08014990106620176,-0.09533665599175802,-4.86656767476593e-19,0.024504213246931205,-0.12226435855780492,-0.006007579690152404,0.030359943821014906,-0.14156124998556086,-0.016026720507066595,0.03508933965641889,-0.14913372688665713,-0.0431259096253466,0.03714156497180525,-0.0967396855268196,-8.454455396153492e-19,-8.918899555830543e-20,-0.1319206229789779,-0.012938569402246079,0.0014517746156759038,-0.147833020519443,-0.033844639947623587,0.003780127708111053,-0.15830381324471626,-0.05301555167719124,0.009312702559911235,-0.09065598941464315,-0.0095147859650311,-0.017791560607100156,-0.11993923797337028,-0.024953533997648422,-0.017061251028720217,-0.13499329672497257,-0.04337547825492433,-0.012528768935546103,-0.14370096160740373,-0.06054355597194933,-0.007150774641704842,-0.07487567659560386,-0.01921368991747274,-0.032528842057996936,-0.09623297649452577,-0.026805233792196004,-0.034012427830029286,-0.11416802729500343,-0.03887353026455921,-0.03322512819191209,-0.12654667219474752,-0.049883003428542974,-0.0280243808992045
0.0,0.0,0.0,-0.023303640045203636,-0.008319710405338628,0.028956034050161908,-0.047790442497155174,-0.010095719027425894,0.053654556571395534,-0.07543854951717627,-0.00996424824212693,0.06901536982307234,-0.10257419095798384,-0.007639761078876106,0.0736253633790558,-0.09491158261591864,-3.9641480653887544e-18,0.024807012545945747,-0.12158193669094768,-0.007212709958222455,0.03006701202154907,-0.13887178410557555,-0.018515983551258646,0.034766924251292484,-0.1422571672769207,-0.044818226115219136,0.03720796155941928,-0.09629456785372424,-4.324185672423573e-18,9.997082512043389e-20,-0.13188649899776422,-0.014246917626550084,0.0008310598904480871,-0.14356606075087835,-0.03585732468876008,0.0043902507300739675,-0.14709184638766276,-0.05337405797261086,0.010842933713826289,-0.09002765270830504,-0.009262746180371886,-0.018095770945963315,-0.11963390785355638,-0.025748378547795065,-0.017448290451138906,-0.1301025076268704,-0.04446259642330911,-0.011533376072088136,-0.13219747297530432,-0.059993052548377925,-0.005101713263371468,-0.07413610975594409,-0.018708668660734847,-0.03306690111261414,-0.09610469822012237,-0.02689027748086565,-0.03435583710539343,-0.11110796220124496,-0.04000651723809847,-0.03203166463338075,-0.11782135025652385,-0.05011640854793303,-0.026126242641153517
0.0,0.0,0.0,-0.023214867118016055,-0.008068320264708065,0.02869115461413013,-0.04914633945010289,-0.01064226712108669,0.05225460378677105,-0.0779663089945233,-0.01235406799920623,0.06550915141789745,-0.10614293402900167,-0.01200531905575355,0.06579618090339055,-0.0953000064463935,-5.25607554042182e-19,0.024702673299699378,-0.12131630202311566,-0.009045889852950394,0.02928129234368963,-0.13510183755520996,-0.02085463270833634,0.034033295134675026,-0.13333457247595404,-0.045113886877874196,0.03659096575715685,-0.09617394986854907,6.919034115679845e-19,1.183780705422651e-19,-0.13125562416705236,-0.016409094976729457,0.0005102160520354801,-0.13794618374121922,-0.03773074134809353,0.004680462106050956,-0.13536441923808973,-0.05235151841231243,0.011861507372795597,-0.08934796908608227,-0.009400103368591215,-0.018139410413405825,-0.11832118583022427,-0.027022261272870333,-0.017546326105743127,-0.12382069824470689,-0.04554637698478017,-0.010824536409581302,-0.12040681136422567,-0.057943868617147884,-0.0036804528228877504,-0.07305416792005132,-0.018600495214229438,-0.03327194963078082,-0.09464764803608602,-0.02817015701953889,-0.0344962710071366,-0.10570766847789512,-0.04175665085592756,-0.030759803573923886,-0.1071189667692031,-0.04960325242265441,-0.02444462804862448
0.0,0.0,0.0,-0.023166747953337747,-0.007810683681070845,0.02841873900498689,-0.050192005048524224,-0.011140167810837319,0.051061239126756225,-0.07990497788392628,-0.014468476749240738,0.06252934374482153,-0.10879130428657235,-0.015767140036028332,0.05937612811237068,-0.09556058443715246,-8.994024952662394e-20,0.02461726017653729,-0.12103300876267141,-0.010505842568847642,0.02865834904674207,-0.13191955753657303,-0.02252794859230555,0.03340113709572652,-0.12606536127190435,-0.04480812559167829,0.036060749537074825,-0.09606234965507399,-1.368525166666893e-19,-3.808947133278648e-20,-0.1306520693098898,-0.01810155050925181,0.000196892225864284,-0.13331355906654957,-0.03886066059186082,0.004870486517554537,-0.12615103711183795,-0.05085222292808261,0.012696116701873277,-0.08875605607168711,-0.009531185954416654,-0.01816835933730198,-0.11721886936117266,-0.028004805807753323,-0.017679959377023085,-0.11870417876827903,-0.046059913423767855,-0.01029329279581608,-0.11117539884568313,-0.055601535803714575,-0.002579479341542911,-0.07215474685081372,-0.018544952773802473,-0.03346762768605485,-0.09345255025675277,-0.029138952282722657,-0.03463350990956066,-0.10121653862215656,-0.04293071886049241,-0.029745983625222423,-0.09853574046902787,-0.04869886945126904,-0.023101487549347023
0.0,0.0,0.0,-0.023398522208686677,-0.007990986477676565,0.028586446843550935,-0.05144880508810966,-0.011608400712423254,0.05058507220864327,-0.08211939912299587,-0.016234041502767575,0.06040695922637559,-0.11046480485055468,-0.018982638745264575,0.053816250326334136,-0.09601816212717872,3.756101336253248e-18,0.02459086801635021,-0.12089754211806407,-0.01205562854036127,0.028667910723307346,-0.1278822614522197,-0.02373004532273943,0.03341016719119039,-0.11845363141858815,-0.0415394771749741,0.035414039949110625,-0.09623482734217557,2.5368379489750112e-18,-5.410821033622568e-19,-0.12907156986510282,-0.02008413752352366,0.0006095055558759797,-0.12617616597283182,-0.039007145915417,0.006036855297379963,-0.11716978666274562,-0.04494887774734217,0.012903242796612185,-0.0882864760558096,-0.009636075248442481,-0.018558717220930786,-0.11474964594067796,-0.029549397663619793,-0.01743368770631052,-0.11169547327781433,-0.04621559421893172,-0.009357558122784269,-0.10190197497164444,-0.050543468544482384,-0.0020205162965785456,-0.07134379285270012,-0.018600657502399892,-0.03396494897854224,-0.0916335300400834,-0.03046609528709576,-0.03456059216095263,-0.095336867666711,-0.04387816130628864,-0.02839040698134702,-0.08994090239823056,-0.04679191344994019,-0.02237372879984832
0.0,0.0,0.0,-0.023393258777240234,-0.008463364043661476,0.028773540329054777,-0.052463604034748174,-0.013049934900384376,0.050137113836067684,-0.08405016238362253,-0.019190021019739517,0.05873315078534426,-0.11160467212016352,-0.023513566932202478,0.04841345641306954,-0.09688831875763873,2.456845886509814e-19,0.024703339329442735,-0.12031688457342936,-0.014364287804005827,0.029756192253803448,-0.12339846441993182,-0.026032802438778636,0.03476877539457896,-0.11113725630807916,-0.03891651035135777,0.03530735736604351,-0.0971709912307473,-1.2868934736877188e-18,-1.1192588007957902e-19,-0.12643201434940443,-0.023447054047377097,0.002878873115296537,-0.11679822479972148,-0.03953728055118424,0.008952594646856759,-0.10889673030116383,-0.037020820491037526,0.013028800550306177,-0.08877371199575418,-0.009665289679345813,-0.01863518476937893,-0.11127582444894839,-0.032534035646909924,-0.015215988242493688,-0.10276860549763407,-0.04620825061875672,-0.0066729803723788415,-0.09314417290763809,-0.04393951511744279,-0.0019176275613913,-0.07146484743104566,-0.01912990001434532,-0.03422564800152717,-0.08931807948288942,-0.0330336335766001,-0.03293241185425222,-0.08843115064505508,-0.04547933126699832,-0.025661465887438235,-0.08220384708188697,-0.04461868599092909,-0.02236003078674703
0.0,0.0,0.0,-0.023175911698696823,-0.008966032103193175,0.02865671298061936,-0.05286276531761341,-0.014608213330016879,0.04965162028412897,-0.08498101295090117,-0.022044552323908857,0.05725895377901054,-0.11158430196226041,-0.027993677261070972,0.0441778193523576,-0.09736352417102243,-3.6512046358204296e-18,0.02484537258520988,-0.1188381452448668,-0.016967831103044485,0.030501314884889007,-0.11820126795201104,-0.02799039079409386,0.03525165077954256,-0.1046279432504589,-0.036394584519815566,0.03439187038728368,-0.09762852640556592,-3.0187149958698736e-18,1.745729677691328e-19,-0.12295569042293952,-0.026531644557619524,0.004842559654531961,-0.10786007636392324,-0.03945913959685098,0.011165408834333482,-0.10203611660806583,-0.029941346461513068,0.012762616536297892,-0.08879695546316513,-0.009671695034515782,-0.019061398002779412,-0.10717804455959681,-0.0346530874343412,-0.013220985368498491,-0.09424764072893642,-0.04549847135568341,-0.004916409377391103,-0.08571906038022463,-0.03752992320815613,-0.002569868379406147,-0.07130228550246709,-0.019219944334802373,-0.03477289097813326,-0.08663789313337333,-0.034898341022971784,-0.031734656307459974,-0.08223295199135212,-0.04666849228499522,-0.023660656920244133,-0.07557991064573166,-0.042792352894186925,-0.022909171767951576
0.0,0.0,0.0,-0.022910922841782477,-0.009314693769303876,0.028629093086300406,-0.052912418143866595,-0.015877620962238534,0.04906431896498287,-0.08571814393924472,-0.02414007885798258,0.055532445348824594,-0.11165336737547187,-0.031210457787477545,0.04046652406076985,-0.09764081440551962,5.5320296748517636e-18,0.02481752179601001,-0.11760807662301383,-0.018830248340913545,0.03109195198693711,-0.11417068154732522,-0.029316324683961385,0.03583612196964073,-0.09932662280037495,-0.03383769529110914,0.03366505933031165,-0.0978908531525903,6.590670423839009e-18,-2.427926477178934e-19,-0.11976602159605455,-0.028784243148608935,0.006623094961077708,-0.10057832309577351,-0.03918622841332212,0.013186984396458786,-0.09633583609817206,-0.024321243235301916,0.013138008195626877,-0.08881335423200329,-0.00967498270367145,-0.019228253040742625,-0.1034410654615317,-0.03639182122168708,-0.011342879560725922,-0.08699783112799282,-0.04441589191963097,-0.003325927667912612,-0.07935757293787539,-0.03239364625947774,-0.0026355225339351443,-0.07125692945967467,-0.019387563127029234,-0.03490195705705484,-0.08441565112461641,-0.03659130631261614,-0.030310024783261336,-0.0770990893452394,-0.04760289380259148,-0.02180673216285342,-0.07051928149023462,-0.041138456247062,-0.023267242832992002
0.0,0.0,0.0,-0.022775909267504245,-0.00957376851585238,0.02854344288795927,-0.05302000946975362,-0.016684458902828873,0.04850950025891191,-0.08639165064887977,-0.02559664130922304,0.05393930969971401,-0.11189635893375839,-0.03315407655361647,0.03729671732778917,-0.0977245802201487,1.240360288575556e-18,0.024826200689286704,-0.11666595923584919,-0.01998500057188745,0.03146846454748957,-0.11143111220608558,-0.029890787708235382,0.0362284402903174,-0.09574290941820615,-0.0322017583047418,0.03320361803179195,-0.09781465770518034,-2.3555107420953126e-18,-1.3509234271226047e-19,-0.11691568446141036,-0.030391334394598797,0.008023106157816833,-0.09479956388493406,-0.03849344222295888,0.014846356828604185,-0.09168725838928388,-0.01998360711376341,0.013756702068273315,-0.08855173422213154,-0.009682909965894023,-0.01927142135459157,-0.09999160227096839,-0.03760179838196039,-0.009695607826637195,-0.08117827781028143,-0.043098399089711026,-0.0018992911107543037,-0.0742530794818264,-0.027924274836039965,-0.002508702989483033,-0.07088035124391319,-0.019505414313615504,-0.03479557712645876,-0.08213723840922056,-0.037819477390710225,-0.029079484857898106,-0.07273050897505208,-0.04804923871757232,-0.020101499907253146,-0.0661725962083813,-0.03949939049727176,-0.023264088910400278
0.0,0.0,0.0,-0.022674402300228047,-0.009836494615858633,0.028589971809036035,-0.0531030110526251,-0.017387690223147227,0.04804300068215333,-0.08680187199132515,-0.026874829861974838,0.05243817852203583,-0.11177658455135707,-0.03480541555247228,0.034614368595233494,-0.09780107961550773,6.743093341823807e-18,0.024778484432287036,-0.11596680692062813,-0.020755638286535413,0.03178468270633663,-0.1096295652605401,-0.030322530325997816,0.03657888021602733,-0.09327986169225712,-0.031352234505675126,0.03303458542462076,-0.09791238776158855,4.1744635461735284e-18,2.355392820321228e-20,-0.1147479737549268,-0.031713980464532,0.009018665574590311,-0.09046776376576895,-0.037989080734728294,0.01600297582758549,-0.08853941972918623,-0.016630938204561612,0.014219726215926138,-0.08858359449494009,-0.009709247064743567,-0.01934164316288776,-0.0973797221367109,-0.0385704864026958,-0.008517524709033015,-0.07680676678087144,-0.04209593690969832,-0.0009445935325726194,-0.07072417108591861,-0.024395743526463568,-0.0025749869972590796,-0.07083687136202511,-0.019676049953208864,-0.034794789926936284,-0.08043843294859145,-0.0387981518005604,-0.028180959441578134,-0.06935283359021946,-0.04831737054937853,-0.018866080688827315,-0.06320182533277578,-0.03791930070697046,-0.023501658766397742
0.0,0.0,0.0,-0.022632250272913622,-0.009862699753836413,0.02856689297886732,-0.05324230227730229,-0.01757012470070991,0.04765696665731912,-0.08726007268378437,-0.02710515738494758,0.0514440359676724,-0.11190819814749939,-0.03528368137567859,0.03298007156884616,-0.0976464466434334,4.163064929420324e-18,0.02473378939465841,-0.11507510440410944,-0.021311828361770847,0.03193195954078942,-0.10740339661034246,-0.030306958270006863,0.036777623934649666,-0.09073358867744988,-0.029889290233981902,0.032609557050595914,-0.09766694399576917,3.0801479277196323e-18,7.689171101675475e-20,-0.11267170348397613,-0.03250989281655756,0.009794174091374864,-0.08682788440507277,-0.037533888981128284,0.017092334800833275,-0.0855771732765067,-0.014233853587210544,0.014846439429942708,-0.08824480388065986,-0.00972849384668946,-0.019323388672612116,-0.09492329998026061,-0.0391179221052582,-0.007512731769191259,-0.07315596555431748,-0.04122924740511194,-4.556605374146158e-05,-0.06758329874629246,-0.02184655781095272,-0.0023278119709092128,-0.07048344725358714,-0.01988045295454398,-0.034688145895370344,-0.0787493796414425,-0.039527852624104444,-0.02742312435080691,-0.06655419498420284,-0.04853922610180357,-0.01791938221873809,-0.06078993234152598,-0.03719619697984427,-0.02360079537962909
0.0,0.0,0.0,-0.02264292191284337,-0.009968011980281835,0.028696340571913847,-0.05334696518997815,-0.017787577292229507,0.047476022651823914,-0.08761029687184253,-0.0275505390970763,0.05073854567565349,-0.1117519898176277,-0.03594350755183464,0.031566660588636074,-0.09762089009983395,4.984855260210176e-18,0.02467555368135482,-0.11461771925684999,-0.021473047225139315,0.03217291062130896,-0.10647730575519737,-0.030256252882694117,0.03708310273271094,-0.08964738203751299,-0.02964429837113074,0.032583313014712,-0.09761173496000775,1.0155627892313814e-17,2.833347770791675e-19,-0.11114569219818271,-0.03306945438330254,0.010483934612704951,-0.0843609201242238,-0.03692375725263153,0.01802783354503272,-0.08363147718228019,-0.012517669212903811,0.015466708339986736,-0.08817817922982901,-0.009772705570822672,-0.019323998984595702,-0.09314945530924013,-0.039516127169506,-0.006597410734165009,-0.07080901402500092,-0.04035888243554089,0.0007504660212948706,-0.06562426844625653,-0.01974822652272081,-0.002066609315307175,-0.0703272750214681,-0.02000970356141428,-0.03451231441164171,-0.07741513084240624,-0.04004238513119702,-0.02660591463674454,-0.06455858334210858,-0.048497326259762885,-0.016935973887200324,-0.059227374026079464,-0.03611318504962789,-0.023624658742807156
0.0,0.0,0.0,-0.022563864545643488,-0.010020242710447666,0.028893939813981983,-0.05349544236903407,-0.017862170105620488,0.04760501704911437,-0.08826516866817544,-0.02775693628710969,0.05031046817828688,-0.11261921280106348,-0.03586410062958963,0.030952569295466463,-0.09762225178110409,1.5287649308117148e-18,0.02485310781561891,-0.11467395128898149,-0.021058931359759656,0.0326080844432716,-0.10699341586314448,-0.03028343598279638,0.03760082861110853,-0.08973814570919535,-0.031971468666330806,0.033174059458489655,-0.0975810343286755,-7.320383557438098e-19,-6.188404801112639e-20,-0.1101564776979559,-0.033348838848599814,0.011328136947138323,-0.08293191125998463,-0.03673009404406852,0.019138151624031416,-0.08182935993243927,-0.012689608118808381,0.01654851440570667,-0.08805791492651317,-0.00975520829319095,-0.01917560038544349,-0.09194586444006642,-0.03982419614935587,-0.00551243345489187,-0.06931467920385606,-0.039777422499419055,0.001738109892202674,-0.06407240763123408,-0.019079807014722477,-0.0014803319141521159,-0.07012250501122766,-0.020204434315861164,-0.034115947420671186,-0.07648476763179836,-0.040319984024975074,-0.02575250510934913,-0.06329934207576861,-0.04842341266985969,-0.01594458194133163,-0.057996812809941775,-0.035511016608052684,-0.022994515978226746
0.0,0.0,0.0,-0.02250610820241303,-0.010063876841383504,0.028934737931501805,-0.053648009345729164,-0.018060437732268928,0.047509355408823464,-0.08885139634615619,-0.027916417123280395,0.049821765272822914,-0.11353922083769753,-0.035859184757354674,0.030318635073544892,-0.09787508506739566,1.1274666218414833e-18,0.024940507158163715,-0.11468886936024265,-0.021164218400107706,0.03286124776719404,-0.10671779665893483,-0.03043551107426467,0.03775542609239252,-0.08890219389260828,-0.03247823893606816,0.033220914306559476,-0.09780241101352831,1.2209603120078426e-18,1.3043551445945032e-19,-0.10953233662485476,-0.03375642228780314,0.011871419464238229,-0.08188421525164033,-0.03652653554554332,0.01989236327478286,-0.08067585555880277,-0.012438359682978826,0.017116524067911996,-0.08816811389828087,-0.009725003064751762,-0.019117798441205935,-0.0911122625308857,-0.040103454282213034,-0.004757354526039995,-0.06819490535603574,-0.039340366467793195,0.002427907531126797,-0.0628951296646196,-0.018329949593688357,-0.0010984489040646928,-0.07011363193156565,-0.020246719685098266,-0.033927167552566695,-0.07583742850811304,-0.04065290483719181,-0.025158762122997346,-0.06220544464220398,-0.04846088513747005,-0.015155089478170855,-0.05686019002692043,-0.03484637965323695,-0.02262556927669765
0.0,0.0,0.0,-0.022297200119123294,-0.010071257534765963,0.02921849714302337,-0.053473545273913556,-0.018203474189462675,0.047712930033952286,-0.08902582280099107,-0.028193490358610646,0.049665004141091214,-0.11368955065564491,-0.03622201556620932,0.02992162012598513,-0.09791684756421598,5.961521484898346e-18,0.025017174157238944,-0.11435865791647024,-0.02133227188769161,0.0332558007663734,-0.10617187054775457,-0.030514232286706112,0.03819347155592951,-0.08829236318409482,-0.03270176012086853,0.03363731585446186,-0.09786505090903086,9.94277751590766e-18,2.1710635770249474e-19,-0.10878238051252213,-0.03408282304850651,0.012396099530725244,-0.08091947455714661,-0.036153097154541854,0.020555977291700195,-0.0799455795262402,-0.011624261505799925,0.017835512911952567,-0.08825095335278865,-0.009785742371114778,-0.01904247752823476,-0.09043746020840042,-0.04031168425533596,-0.004108301100322176,-0.06736610245878172,-0.03881585357707896,0.003085513756923396,-0.06210459681214009,-0.017492735754280092,-0.0005506470614906775,-0.07006976925615281,-0.020421475177624052,-0.03374213551671249,-0.07539695674294183,-0.0409729951233596,-0.02464337571978252,-0.06149943951058722,-0.0484308718540755,-0.014421717643578542,-0.056073540650598205,-0.03410653926914378,-0.022181821969320573
0.0,0.0,0.0,-0.022202934263320068,-0.010067811160907627,0.029380321544106948,-0.05351607106630653,-0.01830208113644282,0.04784549262211136,-0.08947049683555769,-0.02815077414149867,0.04954797127973317,-0.1140501323989775,-0.036202659465925165,0.02965143009769345,-0.09806613017661174,-8.796145227782255e-18,0.02508643376162685,-0.11406190113792239,-0.021596340196226742,0.033554222396833124,-0.10547830458339208,-0.030663185539466467,0.03845606925107289,-0.08747465907805946,-0.032589663335324745,0.033809522624807235,-0.09793686017839438,-9.294399262074785e-18,9.201615151311678e-20,-0.10813449738897675,-0.034363988266593856,0.012831571686225045,-0.08008305484819046,-0.035999027057652795,0.021013453691938477,-0.07927094823189614,-0.011231219883409358,0.018406741234895337,-0.08827068928013389,-0.009799963299651084,-0.018990323792207754,-0.08988987907029479,-0.040503081839882715,-0.003611289880905425,-0.06665867874066668,-0.03844387834222205,0.0035821894272482953,-0.06143731130974018,-0.016971210274451743,-0.00012029304874724957,-0.07000055943334807,-0.020611094053321684,-0.03360075900561727,-0.07506246805827337,-0.041210558439673854,-0.02417453504447912,-0.06089231916258931,-0.04833562110172676,-0.01382329436540254,-0.05551871439817666,-0.03349416684727101,-0.021953203596471155
0.0,0.0,0.0,-0.022257792169417197,-0.00996908554241136,0.029270794068485394,-0.05389723604123185,-0.018222587146060367,0.047768275211479784,-0.090163726074463,-0.027789726142937305,0.04931957930999966,-0.11467567321155843,-0.036287979791667105,0.029447124253270368,-0.09868560466849956,-1.7322675940156146e-18,0.02500239164252963,-0.11389608438397981,-0.022048373761744292,0.03357991884467566,-0.10452572370280322,-0.030502838032884543,0.03831443257963308,-0.08708410609079863,-0.03144448590110729,0.033466221873343346,-0.09834221923108659,-1.808209137870508e-18,2.055666339303802e-19,-0.10794817976828427,-0.034704275144319896,0.012838161899253258,-0.07996782160759885,-0.03585502397181267,0.02110119396426779,-0.07959454659368936,-0.01065406226976824,0.01863169412063478,-0.08846554498792715,-0.009836704436690623,-0.019098769512982467,-0.08957344318598295,-0.04057825299360302,-0.0033537674942164075,-0.06649733975382278,-0.03817062472215139,0.0038081384165980802,-0.06167498716658369,-0.016058304305300978,0.000109217154860343,-0.070104338162111,-0.020680371547480245,-0.03366075664202748,-0.07479737369134254,-0.04153337870690672,-0.02398904485295133,-0.060417615807599585,-0.0485743537768467,-0.013472862282634248,-0.055220530629774806,-0.033162435478983,-0.02196671318741823
0.0,0.0,0.0,-0.02226615046586441,-0.01005014960678195,0.029118716375613193,-0.054334105066434706,-0.017964730231045237,0.04759834463157943,-0.09072864906453063,-0.027275699613548914,0.04881278936402856,-0.11521436255217408,-0.035843242659019725,0.028933922171445865,-0.0989610858645701,2.9698947910402287e-18,0.02485984110923636,-0.11384336278430723,-0.02238155852164232,0.033362131922574326,-0.1041734148975557,-0.03041293986618406,0.03800492907922145,-0.08689753091726664,-0.030459971585977446,0.0330825336172812,-0.09855483167953129,4.352733351695706e-18,2.9764043194431675e-19,-0.10791549722626378,-0.03508074666973862,0.01259512602737825,-0.07984179252328903,-0.035801607143937535,0.020859301399797026,-0.07992343821020509,-0.009723260727491497,0.018564783333300413,-0.08860933354212605,-0.009903838758347203,-0.019161271769511323,-0.08947540456133897,-0.040851412001653264,-0.0034051465472177984,-0.06641350694579101,-0.038124519594327964,0.0038110549650730062,-0.061885716121321044,-0.015258072257670114,8.1144575136033e-05,-0.07016369390961327,-0.020777439886043837,-0.033730795802018224,-0.07479763391734709,-0.04181457948991339,-0.024061326163146858,-0.06026933935623804,-0.04880479461070047,-0.013407458110956026,-0.05511098302198267,-0.03278933738292118,-0.022149082943088025
0.0,0.0,0.0,-0.022224076301657642,-0.010121007360043314,0.029046368940747455,-0.05440396530497055,-0.018363163969091916,0.04754175197137136,-0.0909122494436858,-0.027940238352198332,0.04884948830412181,-0.11537993983700626,-0.03700628828306316,0.02881679497988668,-0.09959924692990375,4.293151748641527e-18,0.024840032523658257,-0.11378926880253908,-0.02313123458064769,0.03335090873911047,-0.10306497773720585,-0.030494535660982706,0.03778010675183922,-0.08642562799825572,-0.028424346956359068,0.03251137879727893,-0.09923548562735988,9.655650430226702e-18,-2.561816706806226e-19,-0.10787376019515162,-0.03539811214972361,0.01276357513102946,-0.07956958072066156,-0.03555355459935995,0.02090729255922674,-0.08057732418959883,-0.008697062934380313,0.018072909574382436,-0.08915315553699342,-0.009915110254379265,-0.019381918087535806,-0.0893645445887237,-0.04092104008773978,-0.0034909783590756924,-0.06621488866999464,-0.0379964444439321,0.00375971493718826,-0.062366743054835326,-0.014541492271445985,-0.00017292462882605975,-0.0706665063763635,-0.020674959690834483,-0.03400243307934026,-0.0747142309211718,-0.041944565021701095,-0.024070373778522263,-0.05995998992865151,-0.048876405507722986,-0.013433049585484799,-0.055123367130916597,-0.03273540047052698,-0.02261947009471618
0.0,0.0,0.0,-0.022149051991277792,-0.010606023112785615,0.0290417251592557,-0.054577526317154325,-0.018949114230456886,0.047470427044693175,-0.09090014425999667,-0.02888390478737919,0.048572219268850296,-0.11505053852072972,-0.038130279606464916,0.028221204095518447,-0.10007315092320301,4.420379772236516e-18,0.024728709907537706,-0.11337431150901134,-0.024164474858153356,0.033033332878785036,-0.10180915798695453,-0.03111347996185902,0.037122948656705436,-0.08596876554546551,-0.026491966945852104,0.03160256528210032,-0.09991593610761479,5.4807165433252525e-18,5.560961713358698e-19,-0.10808686289941966,-0.03562468795851849,0.012396829598203669,-0.07976280041753352,-0.035810452316839436,0.020631750205813818,-0.08164229196720783,-0.008220513781160942,0.017638523377653478,-0.08943142773197126,-0.009759872992554697,-0.01960068749535139,-0.08980261433783113,-0.04095542760810677,-0.004226147701242778,-0.06650994673169236,-0.037789191979420024,0.0035120455717920886,-0.06345113437767605,-0.014238552489699192,-0.00030154905495302664,-0.07095120200565218,-0.020386907919822905,-0.03440931512718213,-0.07490019497862106,-0.041949142734827534,-0.02464003914074518,-0.06004752877079975,-0.04891031497865181,-0.01387387979263326,-0.05535920010077722,-0.03274751351599487,-0.023082449699794456
0.0,0.0,0.0,-0.022219057866045534,-0.010646430474354875,0.02895408787357939,-0.05474204849678207,-0.01926975298761698,0.04744443589051996,-0.09088138354550289,-0.029317624311827634,0.0484264637083971,-0.11494685477287724,-0.03900760743854903,0.027873513430121795,-0.10049128828649409,-1.7426545116048101e-19,0.024620013585254685,-0.11319462719733163,-0.02469070429374356,0.032620878811562184,-0.10099797709387943,-0.031562637701306115,0.036525549634147836,-0.08574752638865694,-0.02554647626269573,0.031030839456366404,-0.10026596444566516,-1.2146140758051524e-18,-2.7738273694314293e-19,-0.10826916021424911,-0.03575374790173948,0.012027238141412037,-0.0799768805862678,-0.035881722001938426,0.020237640753398255,-0.08232282702355025,-0.00792832380008949,0.017444845459782102,-0.08943142537904439,-0.009695088124188471,-0.019701956214493648,-0.09014281245165633,-0.04088323654735076,-0.0048685414189790915,-0.06680601459490552,-0.03767260986089355,0.003115227159081973,-0.06416554702883842,-0.013956527268751245,-0.0003142799640923289,-0.07088717373319071,-0.02015415856338707,-0.034785510921720775,-0.07500001926302582,-0.041861380245214616,-0.025267600937157752,-0.06017277690306619,-0.049063710370090656,-0.014470818339685181,-0.05552871315699768,-0.032754148985467385,-0.023309364537759048
0.0,0.0,0.0,-0.022289742770095378,-0.010672897576359459,0.028867320027894987,-0.05490148409596382,-0.019548869011447187,0.047398659740839066,-0.090904265019839,-0.029689541240754333,0.04826768224086314,-0.1148868327296972,-0.039743537892625955,0.027540788140731624,-0.10082966037644855,1.1809357815610178e-17,0.024531778077816438,-0.11305409108854675,-0.025125632721196414,0.032295328649213216,-0.10032523902911554,-0.03195661882835922,0.036043900484455355,-0.08555866549341014,-0.024789957085128076,0.030573069851841835,-0.10054732084671134,1.1693767215749885e-17,-2.4899124225283203e-19,-0.10842318714002144,-0.03588148759096297,0.0117213102807083,-0.08013459507847508,-0.035968382955466074,0.019938248986891435,-0.08284694871555018,-0.007707896986777847,0.01728328689054161,-0.08942745341641967,-0.009628693435778633,-0.0197987702481374,-0.09043016192925542,-0.04082817130705233,-0.0054213656559985056,-0.0670568386895684,-0.03760697883707879,0.002779174657797554,-0.06473435738535767,-0.013760639979168526,-0.0003242202179480971,-0.07083974108016025,-0.019941919314588892,-0.03510324001851698,-0.07507817643895859,-0.04176698609921251,-0.025793833734936312,-0.06026536630683808,-0.049175043747075785,-0.014985101091695456,-0.05564976138391118,-0.03275238696710797,-0.023535284041857243
0.0,0.0,0.0,-0.022422616355598664,-0.010804512660331217,0.02900592976059458,-0.055087312981826196,-0.019772785877953093,0.047197163022334336,-0.09074889578400037,-0.03020174264366636,0.04808104606358149,-0.11498609182015047,-0.04060821362961524,0.027774303109625424,-0.10061433781542908,-2.562876546509979e-18,0.02447143107198346,-0.11272720875279042,-0.02558493551345808,0.03209245653191937,-0.09935892532749484,-0.032427032213941845,0.035574472431590835,-0.08516244504781592,-0.02395205832785688,0.03009393660090448,-0.10031681109907573,7.647340317711324e-19,-1.2521967589574738e-19,-0.10880506988794902,-0.035894416769670194,0.011296947668114114,-0.08041655856973758,-0.03648641669095273,0.019523192118406175,-0.08303624058628246,-0.008128205160408072,0.016320185587853378,-0.08924554043964525,-0.009558632742162853,-0.019909538016126074,-0.0911850274297408,-0.040678790716306756,-0.006296183528098148,-0.06793588543659947,-0.038389772915951435,0.0021159870466464455,-0.06552126958194118,-0.014170868335205217,-0.0007677399147058798,-0.07079853012570975,-0.019827054991210003,-0.03545143122187867,-0.07566938956754432,-0.04170833703752052,-0.026470826026136072,-0.06107237486819633,-0.049473977545828746,-0.015419215198429863,-0.056136276002934485,-0.03310523003510304,-0.023533051525774486
0.0,0.0,0.0,-0.02269623369501885,-0.010764421518421661,0.02949400274678838,-0.055311432670623065,-0.01919504032447834,0.0475975375207305,-0.09088302686499763,-0.02916193443105446,0.04880126603504047,-0.11580344026663501,-0.039473271196406444,0.0291920316746016,-0.10019236660604076,7.63657159897245e-18,0.024518374521148783,-0.11326226656009453,-0.025196478496901854,0.0316426758505522,-0.10043604017951795,-0.0327207626164449,0.034827041861985424,-0.08492772391714981,-0.024482263801742645,0.029815965689449483,-0.09996790582766503,8.573715842052012e-18,4.528838097760016e-19,-0.1104137606974252,-0.03534876458953123,0.010453788356065332,-0.08270078089971333,-0.03766002901009182,0.018499815811331758,-0.08308620465807674,-0.010091964208757015,0.015852008645508817,-0.08914295915709941,-0.009573057972390775,-0.01978098159095222,-0.09297212118903071,-0.040290516703904176,-0.007173767126181982,-0.06945350400393537,-0.03949076686696971,0.0016087501831546136,-0.0650809314446867,-0.016296096979269904,-0.0003494123683995441,-0.07085786975142418,-0.019914673256657404,-0.035533149551871764,-0.07746408180273581,-0.04153659367581246,-0.027097411719647222,-0.06281909566486721,-0.04985742243260458,-0.01569061104311503,-0.05649615461917624,-0.03414830105482929,-0.022464125144141398
0.0,0.0,0.0,-0.02262192967124267,-0.010048870427125493,0.02931628133771714,-0.054672034388214275,-0.01768809051560606,0.048138277967388156,-0.08962267846667685,-0.026630156839684407,0.05104272449755492,-0.11568337719573878,-0.03618941348068993,0.03376361304523937,-0.09922571803638526,4.298709775958088e-18,0.0245315831114661,-0.11377082774745992,-0.023685074796079203,0.030877156769930594,-0.10318746444521809,-0.032384266746847835,0.03435583800645873,-0.0873806498449786,-0.027835048402574173,0.030614127375764324,-0.09889450430389736,1.7520273584100205e-18,-1.0632233483794608e-19,-0.11255322014408349,-0.03416994692320855,0.00926739628556976,-0.08701777205154321,-0.0389651869329202,0.017367204510841238,-0.08404056713277368,-0.015087813523100293,0.01592216151575063,-0.08855350546878168,-0.009573789573830307,-0.01947954015338373,-0.09537428951030129,-0.03962781334025647,-0.00821523064555755,-0.07288423403807193,-0.04054257703776918,0.0009928069979046467,-0.06593325764885544,-0.0198002918593416,-5.352428973350678e-05,-0.07050318497834748,-0.019644738012167182,-0.035315318214683956,-0.07920174631446947,-0.04035547635414649,-0.027749277059482328,-0.06569562957872419,-0.049349906221974355,-0.016317218999852594,-0.05768059313786679,-0.03500196246996731,-0.021508020173635907
0.0,0.0,0.0,-0.02310993264044698,-0.009887795243672526,0.02894910036126075,-0.05439427601056276,-0.01673687729788994,0.04853578930227504,-0.08875476709359884,-0.02450992021677309,0.05306907348862867,-0.11585862907122083,-0.03247877391124437,0.03824470558987771,-0.09830084613405979,-5.256597675757727e-18,0.024687990839267367,-0.11498642921652193,-0.021968801842504423,0.02963052933943233,-0.10757179464999407,-0.03196968446712516,0.03292692100323249,-0.09187638494796775,-0.03266196410702591,0.030569029198134527,-0.0978855343126814,-6.425470488696794e-18,1.1741521526741241e-19,-0.11588032768136425,-0.0321689872776491,0.006687293871606617,-0.0937287069066642,-0.040666199653262125,0.015059858222545346,-0.08662430697439785,-0.0226021369572116,0.015980685167003985,-0.0880561793165093,-0.009244533085017173,-0.019230163561438123,-0.09945457086803755,-0.03798173940853653,-0.010623458628072499,-0.07973487211163041,-0.042389838313148215,-0.0011083908081478125,-0.06964364611642049,-0.02679872014005153,0.00016480619082452538,-0.0702803196368792,-0.0190065919104354,-0.03505024138194077,-0.08199349086272983,-0.03800711894887961,-0.029829991378550587,-0.07140247742645264,-0.04831333142777252,-0.01857305526137213,-0.06144692119298048,-0.03696769904390869,-0.02074908289780347
0.0,0.0,0.0,-0.0229656483091355,-0.009849654110870354,0.02878028284796522,-0.05333069085327401,-0.015515133776585347,0.049658370613533245,-0.08635944597201098,-0.02182053145385963,0.05616387036055043,-0.11451714149149914,-0.02828773272948209,0.044216484267722664,-0.09707538996420302,2.045437589753037e-18,0.02454958317580702,-0.11514776867485439,-0.01944340307351951,0.029392905248145775,-0.1125893100571707,-0.03037727040173597,0.032633101044751804,-0.10071187629570731,-0.03709942969187057,0.03077016235761096,-0.09674990049484909,-4.897088379436001e-19,8.2411686949096e-19,-0.11705055944533117,-0.02972300556725143,0.005647801949006509,-0.1006867545608942,-0.0420133791021334,0.013813066513273261,-0.09492929753602798,-0.03274366619691131,0.016038716440983734,-0.0874521722114371,-0.009070162263307466,-0.018971763473046206,-0.10163354301792256,-0.03647113899511711,-0.011151750084420715,-0.08744282900307654,-0.04461995370034608,-0.0023795784491586667,-0.07913075602887974,-0.03693882682197781,-0.00022468410085492576,-0.06997402624448218,-0.01863630874220937,-0.03483928987674794,-0.08351118887323179,-0.03606810808869366,-0.030842809213016055,-0.07828972046334688,-0.04828290562943002,-0.020716635429202976,-0.07092106539359366,-0.04183577786415972,-0.02092339725425798
0.0,0.0,0.0,-0.022879373090873366,-0.009867045585577234,0.028692534144264745,-0.052439452842235515,-0.014585018980940832,0.05059947108384091,-0.08432497075381003,-0.019765710774964366,0.05872746025007408,-0.113321472446222,-0.0249478782828916,0.04911046619555991,-0.09612058865901522,2.2940112470407144e-18,0.024435668515335855,-0.11526562643409603,-0.01737296331646374,0.029195814587252285,-0.11681259310805726,-0.02895383169354821,0.03234591664065771,-0.10832474973285947,-0.04034700731543297,0.030857818687922037,-0.09589019088627183,2.2506615323921982e-18,-5.482810089971505e-19,-0.11798055105152672,-0.02769668641562623,0.004775746572860777,-0.106455256358846,-0.042869771676974006,0.01268427671123839,-0.10213576045407909,-0.040535651586236836,0.015942121548904432,-0.08704322827826742,-0.008912072787530102,-0.018718645746161913,-0.10346568285794257,-0.03519238676932835,-0.011588640600666958,-0.0938590360368265,-0.04619136765946339,-0.0034392287684761776,-0.08726523152719252,-0.0448862330565843,-0.0006406180822595187,-0.06979730039734561,-0.018345499184058464,-0.03463135250059846,-0.08481631246989343,-0.03444459993436584,-0.03165648164993901,-0.08402874765787346,-0.04808026100265001,-0.022494559934905966,-0.07896820057442222,-0.04551677751573605,-0.021067062542709427
0.0,0.0,0.0,-0.023599212192079486,-0.00957073879391585,0.028646302385314387,-0.05209634927043216,-0.013308612604103928,0.051308392308645465,-0.08265497898613469,-0.01721909806637748,0.06066290570818801,-0.11205679818979168,-0.021364546481878858,0.05352476488432002,-0.0950703232881734,-2.819067321827686e-18,0.024333748328000775,-0.1161504942791228,-0.014363249817599443,0.02883263928349887,-0.1220701221693783,-0.02547147299238228,0.031632787870058195,-0.11773839640476993,-0.04011156226038833,0.030131060621130575,-0.09474849267203261,-4.147447212170969e-18,8.056503071109529e-19,-0.11999770656887192,-0.02366006129325012,0.0035257878081497375,-0.11503610198761638,-0.040167660720511214,0.010405109954983652,-0.11468695147522012,-0.04226106262896471,0.013939012596673517,-0.0866390620865858,-0.008694893557722745,-0.018520636803830048,-0.10628276830270227,-0.03193476296214698,-0.012750763792694164,-0.10229394686000359,-0.044810152965776374,-0.005303936712223483,-0.09926834116699443,-0.04788814097900431,-0.0022079449780454496,-0.06999072044738847,-0.01777245503478255,-0.03433257450854907,-0.08647366765345792,-0.031490472851473494,-0.032441028664633824,-0.0901158235153873,-0.045289891775034355,-0.024812406307105437,-0.08785182801344464,-0.04581424513657234,-0.02238730419488011
0.0,0.0,0.0,-0.024177460135042367,-0.009498099076866905,0.028167252991442564,-0.05171760163634417,-0.01290397674167995,0.0516574406729643,-0.08121565562112396,-0.016164487391764813,0.06187905944132597,-0.11047317510277072,-0.01991149411573026,0.056226494283326454,-0.09461597343995087,2.1564123224026925e-18,0.02415754896397677,-0.117238928501151,-0.012100228193207144,0.02826411035903095,-0.12686855138786748,-0.02238511085207716,0.03073196938638543,-0.1266433287165751,-0.03869862650319948,0.028945852886170628,-0.09439092382015757,1.0781875115498548e-18,-1.0787039833669116e-19,-0.12240132999231663,-0.019696260146767786,0.002130602129668939,-0.12377152506546475,-0.03641765661706608,0.007579169247983087,-0.12855053732077282,-0.04098109526404884,0.01101836407233625,-0.08685186059153828,-0.008417501351245268,-0.01834643088709096,-0.10912656811198115,-0.02867521581332317,-0.014049176756366851,-0.11046253161297057,-0.04221396545626005,-0.0078695043693183,-0.11205303673071264,-0.04830478995818334,-0.0049590070727688765,-0.07069479748117186,-0.0170776905294188,-0.033997114163431305,-0.08847597533270865,-0.028554128264471457,-0.03331275193690935,-0.09581169605615253,-0.04168005092333256,-0.02735704707165488,-0.09704148415741069,-0.04424300002147816,-0.02482476821235049
0.0,0.0,0.0,-0.024652630660339066,-0.008887975793597458,0.027678935744447235,-0.05154258067453302,-0.012463321153959137,0.0514535707081226,-0.08007705575246159,-0.01573977664277592,0.06246790264406485,-0.10901243600844569,-0.019662590416971062,0.05801404430199975,-0.09474012526006723,7.311817794076485e-19,0.023828560379500544,-0.11862125650759327,-0.010257717225634056,0.02776607244957762,-0.13107927629905236,-0.019200691511323763,0.03005414595036351,-0.13459501555784012,-0.03656541621838453,0.027963901945222573,-0.09444574676619766,3.468129450754248e-19,5.171156819028966e-19,-0.12473998727540417,-0.016276750228206228,0.001120879399227355,-0.13150274598076764,-0.03237840723755104,0.005074780540779621,-0.14032741489693182,-0.03850417584405998,0.008361849082738926,-0.08740909876440106,-0.008391256697581045,-0.018223517622164804,-0.11183459254526731,-0.025632874602508078,-0.015261593580449035,-0.11792646781719782,-0.03923834302611989,-0.010528786877519703,-0.12382879884505694,-0.04667162099106323,-0.007806535634585145,-0.07158556893605152,-0.01667426096911987,-0.03369052403878673,-0.09031457156279955,-0.026145206828275685,-0.03394754643653679,-0.10097967459010987,-0.03817564145517619,-0.02953493351185659,-0.10560082708037481,-0.04190217203104715,-0.027138248678872243
0.0,0.0,0.0,-0.024903130435185487,-0.008695983102068199,0.027328215889060807,-0.0512048435120224,-0.01244187428992306,0.051443406077520036,-0.0791700395450535,-0.015726320024135293,0.06281563515793999,-0.10764649899212697,-0.019626459349015885,0.0596858346701179,-0.09473504617677224,-9.289944974757014e-19,0.02351849587230058,-0.11958541368292633,-0.009065212779567277,0.027510334097109162,-0.13443604902886053,-0.017277759011326135,0.029562865153978116,-0.14039158910042893,-0.03541064810316809,0.02731575340922399,-0.09463631928191736,-7.242037489913628e-19,3.0404282704273637e-19,-0.12655079284130674,-0.013858497903094619,0.0004957271947793964,-0.1374166024465038,-0.029465919090305305,0.003313340161174193,-0.14955113395069572,-0.03686763075055064,0.006436584810486661,-0.0878591191495045,-0.008313295208331668,-0.018103082257381803,-0.11403277563884652,-0.023537878287611818,-0.016233119061447032,-0.12360355773680248,-0.03670446974992863,-0.012552510110295552,-0.133070072161982,-0.04526892973424998,-0.010114555664819209,-0.07226577339916672,-0.01652076142375049,-0.033460093676216364,-0.09187280932587148,-0.02446364434768534,-0.03444414624062446,-0.1048363052891364,-0.03563874720392811,-0.03127184252521159,-0.11238916821295128,-0.040161833504862236,-0.029002303371569924
0.0,0.0,0.0,-0.025074689967410597,-0.008620182927629727,0.026963268426916747,-0.05084702902102069,-0.012482022613104802,0.05136601038257924,-0.0783160146801631,-0.015751512127544994,0.06316658541276099,-0.10631302592505465,-0.019694325221650554,0.06121662665328968,-0.09494537012749873,4.844504057481509e-19,0.023224137308732656,-0.12055335515658801,-0.008261772152337789,0.027303210059280117,-0.13723340466098977,-0.01588964712933362,0.029408839761077853,-0.14510104907450747,-0.03456243272974162,0.027097479806289924,-0.09505262808433682,6.474386793550222e-19,-4.263154591763413e-19,-0.12825357939057608,-0.012083151298736378,0.00020207346936625877,-0.14228964580164508,-0.027375258621898223,0.0022687350078851518,-0.15694104752315427,-0.035605176924850754,0.005444547728094749,-0.08845190948240853,-0.008369438516815663,-0.018005439469254862,-0.11603218386359493,-0.021947328447568255,-0.016983219007129634,-0.12827281852673023,-0.03455097829488039,-0.014035835177541837,-0.1405236940040282,-0.043794426938917684,-0.011815485768155224,-0.07296404014019325,-0.016533347715919227,-0.0332372859543876,-0.09333827645362784,-0.023306501266619817,-0.034846149269972176,-0.10820560436112153,-0.033743608382837055,-0.03260417419681014,-0.1181293309194827,-0.038887522082872834,-0.030451521915066906
0.0,0.0,0.0,-0.025197819375110786,-0.008551470144866544,0.026705098365556613,-0.050548753456961436,-0.012574596116938603,0.05131496798687992,-0.07763893641779816,-0.015874000499730163,0.06340110936462759,-0.10523251785868963,-0.019866587889197665,0.06237078506944651,-0.09511812332105886,-8.139709163915901e-19,0.022987663487982965,-0.1213189990904017,-0.007833281213417182,0.02716052597353401,-0.1393975486552264,-0.015058463773014306,0.02937413768637134,-0.14855308777085985,-0.034216875069244666,0.027045723380900385,-0.09543761704728736,-6.430022341072381e-19,1.5901318867473397e-19,-0.129578872956584,-0.010893394563482584,4.5639212125871e-05,-0.14592977615410033,-0.026001919661830363,0.0015937123644438288,-0.16237593343203408,-0.0349314483158116,0.004825474990445902,-0.08893572313699935,-0.008433309060774363,-0.01794685800542471,-0.11756849752242843,-0.02088291667610223,-0.01754242014362939,-0.1318071219930328,-0.033067904014437176,-0.01514911671322383,-0.14610876661659408,-0.04268670125044056,-0.013059550765893371,-0.07355585553060753,-0.01663167678441757,-0.03305476711549677,-0.09446440429137752,-0.022558661898249878,-0.03516346943581411,-0.11067377377381975,-0.03246737917432838,-0.033628373969917476,-0.12239456106212278,-0.038148669435104504,-0.03152494108596348
0.0,0.0,0.0,-0.0251165375033737,-0.008495811932432188,0.026596919228492093,-0.05019995497099624,-0.012425354086294006,0.05145039671233865,-0.07705248956279097,-0.015306553878844538,0.06393335207786136,-0.10427682259377835,-0.018822188057555592,0.0643314376193495,-0.09533863048765291,-2.0992499270393217e-18,0.022884968827694942,-0.12203599266140866,-0.007549560611462365,0.02720757132059772,-0.14116948357451517,-0.014714310816079629,0.029620379287668114,-0.1511503125741935,-0.03438794940673026,0.027477890601423492,-0.09587000866208586,-2.1706385375919172e-18,3.104978640655648e-19,-0.13073412493633846,-0.010268800430185345,0.00015242523156205377,-0.14871191338037001,-0.025475682476122797,0.0013228799251184089,-0.16640251859841104,-0.03526898347947749,0.004655727682499892,-0.08939016156455294,-0.008515909853123265,-0.01794333891626236,-0.11876847308005746,-0.020561667984570844,-0.017874534882051988,-0.13435833223184537,-0.032701576621262454,-0.015712121127894073,-0.15003358728314145,-0.04306260538426873,-0.013675544700464639,-0.07403551584791765,-0.016858020058997888,-0.03295537579576478,-0.09538802738820248,-0.02236689575064236,-0.03523126917822037,-0.11249297806500749,-0.0320117091976701,-0.03418791080062254,-0.125642585678132,-0.03823985080792751,-0.032011663841095786
0.0,0.0,0.0,-0.024957383384530258,-0.008455857853694133,0.02666315817688445,-0.049769690728855946,-0.01212109913808966,0.05173128910649585,-0.07644870689681471,-0.014370705748017305,0.06460700194334495,-0.10338128158474576,-0.01725716516116791,0.06663677207566669,-0.09555098091755057,-1.1106665503047996e-19,0.022836911964545712,-0.12257487952472976,-0.007419326550448085,0.027381296463806208,-0.14237206574809805,-0.014682715895279374,0.030089365103996547,-0.15277145416583335,-0.03501555476833521,0.02824234414795945,-0.09625345940029009,1.6242850750716548e-19,3.8273751073651564e-19,-0.13158265365459132,-0.01003906352321175,0.00039544651179991493,-0.15066622033542607,-0.02559169503455111,0.0013886906843207664,-0.169153715000651,-0.03637956484931078,0.004883764251843938,-0.08979241340383264,-0.008620886402411676,-0.017962753880015052,-0.11961631780394795,-0.02062895630078156,-0.01814291308208984,-0.13620926418772153,-0.032982222310723196,-0.015959958690605028,-0.15276173987410813,-0.04403920111768351,-0.013821454511399364,-0.07442927489717624,-0.017179667806592885,-0.032823893281485016,-0.09599190900818816,-0.022551062848875585,-0.03519192486927698,-0.11381054018600648,-0.03215783950008741,-0.03452224044675129,-0.12804526697849433,-0.0390699269946852,-0.03208697028317975
0.0,0.0,0.0,-0.025016684796904654,-0.008267623271691497,0.026736737866738886,-0.04967742607133474,-0.011597320948427484,0.05190666008514104,-0.07619037027751445,-0.012902021985428185,0.0653612476027758,-0.10271297239681293,-0.014900625132583249,0.06897573701381614,-0.09596779780763152,-7.059118615338451e-19,0.022811283382833822,-0.12336034572866131,-0.007486459451078781,0.027594039473674434,-0.1432994791277318,-0.014865226477327157,0.030702804870943075,-0.15397164924891124,-0.03600407676615266,0.029040876533953774,-0.09667080945201578,-1.1314258783560106e-18,-6.357910739473962e-19,-0.13234648705205357,-0.010157630664919433,0.0006746116124263946,-0.15220226248035948,-0.026108166816992556,0.0014599424502960996,-0.17103187176915122,-0.037692175182355944,0.005060067847612697,-0.09020914225120734,-0.008741895824926174,-0.01798174048009202,-0.1203465821371273,-0.02073004957517815,-0.018391227965560072,-0.1377502035611478,-0.03341676192926825,-0.016404775487151784,-0.1548101074198532,-0.04491316980733591,-0.014022201458164782,-0.0748073839363377,-0.017446028277597125,-0.03275473066205211,-0.09654660110120397,-0.022829460653863858,-0.03525191326941172,-0.11477800599570634,-0.03247837501207695,-0.03496657064300379,-0.12973572977577497,-0.04003688051972322,-0.032385145609104445
0.0,0.0,0.0,-0.02494773604011135,-0.008088744460541027,0.02682203462001964,-0.049470454296525364,-0.011151955924783921,0.052084427738636946,-0.0758808639805703,-0.011486695008612892,0.066178729775977,-0.10205663767568617,-0.012404172566251663,0.07136954978308695,-0.09621280538969873,1.0645714876054907e-20,0.022856387117606163,-0.12381872998009467,-0.007722822724998949,0.027843837531203102,-0.14390171330723403,-0.015387769631814005,0.031277175560380455,-0.15454664615459782,-0.037521296090974474,0.02983421739402936,-0.0969788652328117,2.447138620199387e-19,9.789676969649601e-20,-0.13275060957291976,-0.010688394836135465,0.0009387033929900664,-0.1530454369170227,-0.027214240125176783,0.0015947234549665607,-0.1720015375264738,-0.03984787945986443,0.005332486658653803,-0.09042885432935052,-0.008960866769067247,-0.0179960175284057,-0.12069597127404932,-0.02130891084534358,-0.018589080334027588,-0.1386232008387916,-0.0345387063416914,-0.01671759902972172,-0.15596154218196281,-0.04673262960303689,-0.014100402805400569,-0.07495038722205825,-0.017846950588959954,-0.03271884394319441,-0.09676315664912488,-0.023486404733082306,-0.03529310849197359,-0.11522011660643314,-0.03334787289911558,-0.03535115613527398,-0.1307883233109079,-0.041546003586091944,-0.032615427678681176
0.0,0.0,0.0,-0.024838994667053818,-0.008085367315798245,0.026912387872298583,-0.049164938805093636,-0.010880429860828855,0.052215009909461624,-0.07546641972845503,-0.010358828060247856,0.06676488243087052,-0.10127466964691507,-0.010263776094118176,0.07344898541761073,-0.09621774722949301,-9.165301719504234e-19,0.02283195261740209,-0.12394093620018833,-0.007893334451786043,0.028111054279249755,-0.14425280013936803,-0.015907626298848437,0.03181490926032242,-0.1547395676751456,-0.03872990159644392,0.030616173121037166,-0.09719880336020777,-6.360890527851975e-19,-3.6538724928733925e-19,-0.13294456141293856,-0.011073189305165855,0.0011653804455524722,-0.1534678725194501,-0.02817706227107968,0.0017395689320304684,-0.17252508461317725,-0.041660446001020854,0.005579678738877942,-0.09054159132446776,-0.009155432225545601,-0.017996700060126162,-0.12094551454294522,-0.021809782733477275,-0.018753269433915226,-0.13902252135633777,-0.03544487222984014,-0.016839467895162875,-0.15641201824850362,-0.048307053235916705,-0.014067507829096985,-0.07506561076099519,-0.018134736705708834,-0.03269054048368504,-0.09685812020978175,-0.023960436530623092,-0.03532679545941042,-0.1155110724965639,-0.03396971251663129,-0.03567808029878591,-0.13147688464719173,-0.04260048216170084,-0.03276089712454861
0.0,0.0,0.0,-0.02479722190279614,-0.00807760512845768,0.02701166380740037,-0.04898498088288846,-0.010599711038617298,0.05237677346511124,-0.07526256650306262,-0.009314992134661356,0.06733833234833632,-0.10078521230227314,-0.008230339380650984,0.07530661590610982,-0.09634816231056541,-3.3386877537446025e-20,0.022835243224926884,-0.12414398439830693,-0.008045773339155377,0.02830593936893638,-0.14459878432428488,-0.01629262408283402,0.032226502579554756,-0.15494454124985846,-0.03979161058074989,0.031162663662094584,-0.09740976339486884,1.098075005409469e-19,-5.392888019316267e-19,-0.13317608054505767,-0.011439525016654848,0.0013658503963368655,-0.1538661713480915,-0.029029366179274145,0.0018060438236385463,-0.17296567124838633,-0.04318288080065356,0.005710074156437844,-0.09066552978065369,-0.009342326071128795,-0.018015222509718404,-0.12116265177255475,-0.02225203575882199,-0.018921831126152165,-0.13937951424833575,-0.03627637582742635,-0.017047730785680615,-0.15681195049187097,-0.04966569317015676,-0.014172467305642427,-0.07515258786018562,-0.018435455519149567,-0.032688024600285415,-0.09694389704448338,-0.02440567273524774,-0.03541075210171326,-0.1157153039039398,-0.03452644034259359,-0.03599748973226109,-0.13199679860091398,-0.043571523372226036,-0.03300795287343047
0.0,0.0,0.0,-0.024797041490543525,-0.007968523774161577,0.027121880585366433,-0.04890609210193014,-0.010229551793861445,0.05255634036652029,-0.07517697849730516,-0.008436267848374637,0.06779436535369494,-0.10032976376020603,-0.006689829724723851,0.0768200298744338,-0.09635379970005221,-7.63223056105011e-19,0.022796764497293395,-0.12433795193710948,-0.007947641540914024,0.028452641214552345,-0.14497861379015958,-0.01626132802532629,0.032559986062276426,-0.15533001546336042,-0.04009941165462185,0.031675285175484104,-0.09752092778689322,-5.861269905957218e-19,6.792666465712291e-20,-0.13338167351190428,-0.011484392450187685,0.0015265712986037509,-0.15431078622792002,-0.029291066687205842,0.0018851226899532576,-0.17344809662858757,-0.043948318014216184,0.005809868134182568,-0.09075393148061077,-0.009400347896300657,-0.017963333931671207,-0.12136726700478495,-0.02236058223417388,-0.019017828552353584,-0.13981090753199124,-0.036508098950965205,-0.017125217310534853,-0.15735933589365322,-0.0501907629243457,-0.014156615307299992,-0.07527250037929425,-0.018609487224986253,-0.03259623351955254,-0.09707155485095018,-0.02459747270548752,-0.03533831004395726,-0.1159336510752034,-0.03468551268052281,-0.03608355343040517,-0.13255804432987803,-0.04402848519160006,-0.03297661688585856
0.0,0.0,0.0,-0.024955497472749142,-0.007775218313553593,0.02729710222654036,-0.04903388307025206,-0.009858096112308564,0.0527450458741459,-0.07536853057748097,-0.007662386509774775,0.06821201696315579,-0.10022246558566392,-0.005296354294980733,0.07800961544047766,-0.096381209953042,2.556252978491389e-19,0.022795983204579446,-0.1246278849006875,-0.00776493025229351,0.028548153649754625,-0.14533096827370054,-0.016005591947203718,0.03271496990117688,-0.1557460400081531,-0.040032641019210655,0.031961566334298856,-0.09755087324669194,9.12534879644607e-21,-1.832010971221135e-19,-0.13353097717445114,-0.011395930560347694,0.0016421139782256474,-0.15476062429203222,-0.029221598194403856,0.0017527233438733138,-0.17392280243655625,-0.04422029263816873,0.0056304229956626465,-0.09075933883029065,-0.00939713910447798,-0.017868921582844973,-0.12157484723773869,-0.022306994162412358,-0.019106114602121794,-0.14016231081506036,-0.03657818305735026,-0.017346226264856046,-0.15790628101151952,-0.05051276409829112,-0.014314714059080929,-0.07533845238709827,-0.018749427457051798,-0.03255431782131578,-0.09715950315437497,-0.02468835118654466,-0.035354388101976705,-0.11598890743971699,-0.03463175022509632,-0.03621227075224216,-0.13294652508463745,-0.04415717353565906,-0.03307262870344871
0.0,0.0,0.0,-0.025054392772576654,-0.007666427415162298,0.027459631606118428,-0.04910394767900609,-0.00954051975902961,0.052938932956705174,-0.07544991627563673,-0.006988511935917992,0.06862789061893476,-0.10009535189633964,-0.0040492947167124526,0.07896850825973763,-0.0963862755339178,-7.885730723498234e-19,0.022829940359227155,-0.12490187974964106,-0.007577461985025303,0.02865651786409728,-0.14566005723916525,-0.01574925813611895,0.03284965405577809,-0.15609778104442057,-0.03997849598425518,0.03222600875624383,-0.09758331119760649,-6.039001591425855e-19,-1.0653404859559287e-19,-0.1337297047896734,-0.011262451747583191,0.0016911211704297292,-0.15523751091235125,-0.02910225507775542,0.0016001206969564268,-0.1744118464811505,-0.04440311035936333,0.005444582231695578,-0.0907700488584311,-0.009371092792603414,-0.017818103970119806,-0.12182789135739275,-0.02227571235562181,-0.01920235107751458,-0.14052418700583044,-0.0366600715366902,-0.017560180270067307,-0.15846040898740954,-0.050869358782794444,-0.014453535489744491,-0.07538748730361498,-0.01884639152341987,-0.03255517476717539,-0.0972634560930685,-0.024771585875524492,-0.03540726246828564,-0.11609382178072909,-0.034522211725603554,-0.036391591538357894,-0.13331366114671125,-0.044132303859714235,-0.033254975312505604
0.0,0.0,0.0,-0.025177193224758233,-0.007618687845867543,0.02766413453951452,-0.04917877451555896,-0.009374658168318695,0.0531187292246342,-0.07553306758390049,-0.006523966096034724,0.06899631161797995,-0.0999547561013841,-0.0030085721036196785,0.07988233762308208,-0.09642208694396298,8.646334118363875e-19,0.022879188140562282,-0.12509055205315409,-0.007578402214918044,0.02880208054185902,-0.1459068045478119,-0.01584912172544515,0.03298377845255682,-0.15617852931140958,-0.040363462198245506,0.032512622891733726,-0.09765124031885203,6.5078401581906235e-19,4.0693023646887636e-19,-0.13383724637440367,-0.011359530718160904,0.001744167260507789,-0.15547817522033938,-0.029337049896609006,0.001529480277862964,-0.17461731245812,-0.044987027385918095,0.005323753993905589,-0.09076217419010131,-0.00939390334148111,-0.017768857097995947,-0.12196767713925233,-0.022425818539386147,-0.019299467534340635,-0.1406496242939005,-0.03699789201657181,-0.017697161096555093,-0.15864260643884215,-0.0515817939772951,-0.014575097829623665,-0.07538508545640338,-0.01899513631380695,-0.03256480691749645,-0.09724420425128535,-0.024995209228684024,-0.03547043391822049,-0.11606970447859676,-0.034643164820787595,-0.03655061609316567,-0.133535909218346,-0.04441489961572317,-0.033380927332568394
0.0,0.0,0.0,-0.025267173825873634,-0.007456018542716562,0.027735100662941034,-0.049230587534891415,-0.009102294044253341,0.053187537521881316,-0.07557589557354645,-0.00599065171523366,0.06925372855990966,-0.09974537282389105,-0.0020698377706587123,0.08071751561142056,-0.09632123443275575,1.5701605624407193e-19,0.022821360285313275,-0.12512396599880776,-0.007464042221067381,0.02886829955709101,-0.14602870714101376,-0.015575811533959828,0.03313353489557661,-0.15625825934130902,-0.04005250693425048,0.032725087748858,-0.09755701820492267,1.5385896173402254e-19,-1.8688115483213235e-19,-0.13383629816490814,-0.011246030436590511,0.001745146008662509,-0.1556225061971471,-0.0290808001926629,0.0014268405604298514,-0.17467816347773618,-0.04473178211911585,0.005163589778369075,-0.09064048109137639,-0.009347220054817128,-0.01773104183660287,-0.12205237575665297,-0.022243274263065334,-0.019431218989622575,-0.14076559401624905,-0.03671471859173126,-0.017905345591664727,-0.1588096596591702,-0.05121047723057097,-0.0147742122485463,-0.07536252312454246,-0.018966503667067935,-0.03254904765514334,-0.09730324946865074,-0.024860067003150837,-0.03556382992676983,-0.11610255472909618,-0.034307186842978475,-0.036791011729400906,-0.13370837899889113,-0.044069950553268226,-0.03359518477929149
0.0,0.0,0.0,-0.025365641654165612,-0.0073809511089770186,0.027801415584197155,-0.049282988888508315,-0.008925856097700646,0.05324472037612294,-0.07562734839925446,-0.0056346371537721865,0.06944253096294208,-0.09961518875692885,-0.001364504430401129,0.08133620677170238,-0.09622316205643416,-4.530954236951093e-19,0.022769531604836173,-0.12514433979580192,-0.00738582526522548,0.028885216305552058,-0.14613413355262134,-0.01540686404607653,0.033182643983084924,-0.15630208438030527,-0.039895201765239065,0.032778008436218115,-0.09747399908098207,-4.0044361600924315e-19,-2.187306112590793e-19,-0.13381395680633185,-0.011168157757941673,0.0017092130681933232,-0.15571337593920137,-0.028931472384757607,0.0012355527111149287,-0.17475057824007534,-0.044565919172376775,0.004923128924822027,-0.09052679944363604,-0.009304738089880166,-0.017717019787088957,-0.12207584350406064,-0.022115671855090897,-0.01959743639578397,-0.1408058787938112,-0.036550575189770174,-0.018180369716121046,-0.1589145502109187,-0.05101375892755058,-0.015076322270549617,-0.0753134553676674,-0.018952368458364992,-0.03256537858045321,-0.09730262367389811,-0.024757452808798607,-0.03568833738033863,-0.116083320648859,-0.03404268046029799,-0.037054286788912656,-0.13384242671019003,-0.04380926723331132,-0.03385970143318181
0.0,0.0,0.0,-0.02541505387310311,-0.007289274663591092,0.02773707339010998,-0.0493319118628576,-0.008774431062151075,0.053229860571000785,-0.0755689813119953,-0.005319227769501065,0.06956903375735365,-0.099345105945052,-0.0009035139767024457,0.08178717035932764,-0.09614236532736732,2.0464681887290688e-19,0.022688616635872016,-0.12517406673371675,-0.007192109717906903,0.028822124940525384,-0.14618239662534072,-0.014981139779648387,0.033184541555392445,-0.15651043786301744,-0.039285342605582696,0.03272058778050903,-0.09737476746428216,-7.547415082257015e-20,1.224136170849046e-19,-0.13378962761370092,-0.010891376675888255,0.0017041339222677275,-0.15585861289886146,-0.028372546128125824,0.0010599318018653602,-0.1749618225302815,-0.04380522822471243,0.004651554332112527,-0.0904647761077714,-0.009203623400462218,-0.01772321656481331,-0.12212938370077374,-0.021744567436297848,-0.019714090797152656,-0.140987832541452,-0.03598084247654968,-0.01846213447914689,-0.159268412352562,-0.0502218246372232,-0.015357212018308964,-0.07532547266294866,-0.018834546044541163,-0.03257427280146719,-0.09740176624113983,-0.024448479423487657,-0.035813835569592826,-0.11615110017810061,-0.033436694764051415,-0.037296033921651525,-0.1340784120051372,-0.04312528149012406,-0.03419275163339016
0.0,0.0,0.0,-0.02565972557636645,-0.007227838846834612,0.027664953032749687,-0.04958790482813427,-0.008687383833205239,0.05309581390155854,-0.07574974746612496,-0.005197961594877029,0.06960478815479215,-0.09930052946552967,-0.0008259058310495586,0.0820397925591938,-0.09611196291518338,4.1223544279139343e-19,0.022608186150509097,-0.12526119953496043,-0.006875258915564326,0.028672666598077254,-0.14641312486387245,-0.01416502131271935,0.03292740650373978,-0.15702806147765744,-0.0379940539936476,0.03226753581424098,-0.09726792046032494,1.1082185642109682e-19,6.005381515444871e-20,-0.13379284242094025,-0.01036725999001954,0.0014771226204031488,-0.15613502148183497,-0.027281530352015762,0.0004826654394455959,-0.17549212271343936,-0.042162446448707654,0.003875231562064494,-0.0903744680596763,-0.009088495207573969,-0.017695976587915323,-0.12230750162105138,-0.021013700573319007,-0.019982299214140496,-0.14133458296442206,-0.03476230622732553,-0.01896872304021565,-0.15997106270926822,-0.04854461315632636,-0.016029197842978855,-0.07536081926344387,-0.018633862650112392,-0.03265822540949478,-0.0975551921251385,-0.0238322100181682,-0.03618422645530919,-0.11640406080910587,-0.03225205371259167,-0.037846160568116176,-0.13455906957355626,-0.04159064598758981,-0.03495766517988394
0.0,0.0,0.0,-0.025871281834202026,-0.007113425452674657,0.027575739295503523,-0.049789244684676964,-0.00864385017291464,0.05291435463097047,-0.07597302042679839,-0.00502733111547225,0.06961764191208078,-0.09946615380446305,-0.0005922540987738582,0.08229331155712702,-0.0961541210162638,-5.591080762715635e-19,0.022585879340939214,-0.12545418065014485,-0.006630044193532706,0.02858369742960041,-0.14662502378648445,-0.013470522969455893,0.03270680880176226,-0.15746737058063232,-0.03704302435142309,0.0319361666462975,-0.097259032348426,-1.0031082523234668e-18,-3.252556064850056e-19,-0.13388283511746008,-0.009933353682080755,0.0013561002806999755,-0.1564881984068333,-0.02628931089530452,-1.0900710579992685e-05,-0.1760866986822925,-0.040716199940881936,0.0032057629328756253,-0.09043847402338179,-0.009033842049820046,-0.01758970520771618,-0.12251641585724149,-0.020380092562370347,-0.020083204250643947,-0.14183925474365225,-0.03377926953691975,-0.01932898007216962,-0.16080209893365058,-0.04714341113568372,-0.01652041617632589,-0.07548164324547796,-0.018534937585952274,-0.03268031613640092,-0.09771983732408143,-0.023396283001283713,-0.03648859459944987,-0.11668102546429375,-0.03130734930017144,-0.03834599025617434,-0.13501587204805757,-0.04036035676523777,-0.03574606273443139
0.0,0.0,0.0,-0.02591096126981659,-0.006943778925351338,0.027464993300933115,-0.0498038177955088,-0.008626377886575824,0.052787372787956574,-0.07606278895814143,-0.0049926867077041736,0.06964005581529574,-0.09956677417361388,-0.0004905751644004449,0.0823813793100275,-0.09609848657372,-2.0001521056800473e-19,0.02259843778253368,-0.12550923527190738,-0.0063756027661656155,0.02859913443177185,-0.14666510148073575,-0.012957416317641754,0.03267507744159034,-0.1577475635685333,-0.036541145616294436,0.03199344035797503,-0.09715029066170379,1.2426929730700152e-19,-2.3171105706867016e-19,-0.13390424796284772,-0.009660512493197194,0.0013452275959119106,-0.15672038400971164,-0.025599980457771242,-0.0002265490620963003,-0.17656384463355376,-0.03991736075018617,0.002910371222875039,-0.09044372031985919,-0.009042603735765788,-0.017517712689760368,-0.12262873310947267,-0.019984270014838847,-0.02005696708086367,-0.14228183265028793,-0.03322206983561506,-0.0194699070988871,-0.16148605226744533,-0.04648892209267855,-0.01662799411150448,-0.07549298982137585,-0.018538739503647865,-0.032673694278998376,-0.0977787542728294,-0.023175831695626925,-0.03666985187603581,-0.11685979788462675,-0.030785932050811357,-0.03875100996417395,-0.1353550315311271,-0.039707932485278465,-0.03640840671890307
0.0,0.0,0.0,-0.025860452447562406,-0.0068818913246583915,0.027588086578865592,-0.04963613962395653,-0.008735529966688119,0.052800845482518725,-0.07582487609610944,-0.005512747027246444,0.06954689090775856,-0.09943330093227559,-0.0012030893817330049,0.08222903707855474,-0.09576399764434709,9.216934203368006e-19,0.022736993911150524,-0.12512495166633925,-0.006347888471163351,0.028708577750949496,-0.1465177621916577,-0.01280985040417718,0.03252326944243362,-0.1576154908277264,-0.03672157227702196,0.03195591053451452,-0.09680819174984802,1.016805936376584e-18,1.0750710432232421e-20,-0.13361175876077372,-0.009622105838273791,0.001231042024145325,-0.15656790451199176,-0.025608313573466115,-0.0004190995508478457,-0.176611738603261,-0.040210647140927556,0.002636851523483444,-0.09009029774807058,-0.009163823445453882,-0.01755648505285552,-0.12231955744267738,-0.020133452735901926,-0.020194107342170798,-0.14197122619887007,-0.03329338977354508,-0.019590135188790485,-0.1612582578161441,-0.04696195425918358,-0.016791788235228675,-0.07511669328426038,-0.01881991709092873,-0.03277657312551962,-0.09738399764386196,-0.023476924626199595,-0.03706322012203611,-0.11651952860114867,-0.03103682743656237,-0.039396942935715294,-0.1350023546096924,-0.03989641506661218,-0.03733124983216806
0.0,0.0,0.0,-0.025785094801314933,-0.006767256071990932,0.02771329228984417,-0.049475480017487694,-0.008799265137191361,0.05284037337702525,-0.07559490233540103,-0.006011363053973661,0.06953642527547409,-0.0992816213460818,-0.0018611360353501518,0.08219308445833917,-0.09547309730673059,5.99344950948204e-19,0.022816101388826192,-0.12482752465731939,-0.006349913860943856,0.028810552422370444,-0.1464212458382166,-0.01271774016226324,0.03246757292114843,-0.15748085248843638,-0.03701454202169504,0.03201006224286675,-0.09650660017971074,5.344637948758145e-19,-3.6950367191505554e-19,-0.13336340905364358,-0.009684617272977513,0.0011543904942448722,-0.15643710576225414,-0.025740391593487198,-0.0004884731173783646,-0.1765469356541771,-0.040645640368017114,0.0025999230999565236,-0.08978007779307615,-0.00926927403693647,-0.01758582783587797,-0.12208477752499133,-0.020270981034002485,-0.020251379844531438,-0.14171828800718167,-0.033408397080486846,-0.01962779038590729,-0.16108384694023226,-0.04745560837337266,-0.01680983351885808,-0.07480190977348063,-0.0190760104529193,-0.032843617783339156,-0.09710002502157099,-0.02379107473707378,-0.03736199914908818,-0.11622668345499672,-0.03137081867990725,-0.03994097102056695,-0.1346956892524743,-0.04017664397035827,-0.03806463714726117
0.0,0.0,0.0,-0.02546039032579663,-0.006491170470613534,0.027640828313886225,-0.0491991956665459,-0.008615048461989927,0.052996807171195266,-0.0751437448790291,-0.005516077396360282,0.06968554546009123,-0.09933645301748913,-0.0013571666459998612,0.08235654450490634,-0.09523633215694413,3.01462598591962e-19,0.022957095821936904,-0.12428770076727294,-0.006195710041002764,0.028938818820506685,-0.14562014626915507,-0.012838579205814908,0.03249369866584359,-0.15722652781862873,-0.037821306348128664,0.032139426924334004,-0.09603080334871196,1.1449727629470337e-19,-2.314774911377253e-19,-0.1327337672638255,-0.009834867746384894,0.0011388051122434937,-0.155609273860477,-0.026051035277237043,-8.443778720141404e-05,-0.1758383596241243,-0.04175787136088653,0.0029466037541510783,-0.08936440472847318,-0.00941746868302894,-0.017641608503659215,-0.12135825389500816,-0.020737207900942797,-0.019947213076951322,-0.14094378788624307,-0.034715351768455825,-0.019239689486607744,-0.16004836067677425,-0.049256797185050306,-0.016363645292120355,-0.07435176044721462,-0.01918296475823242,-0.03289927065484177,-0.09623446484422271,-0.024308733630136546,-0.03716487823723257,-0.11554098295652465,-0.0325773896395376,-0.03984659026210169,-0.13339059321478633,-0.04142450048351642,-0.0378673808504366
0.0,0.0,0.0,-0.025199079592516105,-0.0070363611375223074,0.027910534632856678,-0.04909458427312261,-0.00880929242304674,0.05340128683833339,-0.07527583702986425,-0.005618238765865471,0.07000531152738562,-0.10049630681655625,-0.0007508456536162151,0.08215966485764784,-0.094815223990345,1.7738426395589175e-18,0.023160374149572203,-0.1229735212253198,-0.006176286975728696,0.02888945725618663,-0.14406906416801168,-0.013833195277996377,0.03215428113677466,-0.1549818844747077,-0.03970323904181777,0.03179826602734747,-0.09555166895334073,1.2778332899397572e-18,-2.1413341679952653e-19,-0.13147834166973096,-0.010414957158902203,0.0009483490587117473,-0.15294536870858905,-0.028042799287387316,0.00040772132151208615,-0.1717884592092911,-0.04489392526048215,0.00375900533324802,-0.08901597953241702,-0.009379363317699976,-0.017580795476431783,-0.12025195798385532,-0.02179687685882709,-0.019379830136962758,-0.13846250018101744,-0.037280914829695394,-0.018067770465870988,-0.15499637152494658,-0.05334396720383771,-0.015178536016191546,-0.07389170150917704,-0.019212023318401574,-0.03303097109723194,-0.09541206809909357,-0.02492023914059343,-0.036973150270532294,-0.11431578858176784,-0.03482112322212362,-0.03883737411560268,-0.13007351669214043,-0.04448298147831713,-0.036056061515720016
0.0,0.0,0.0,-0.024686984371142213,-0.007182816447853408,0.028064324421732716,-0.049331917050208916,-0.008572833513301414,0.05331425643623653,-0.0763408187152155,-0.005623904802782076,0.06943145772852437,-0.10289697810701781,-0.0005638766929014072,0.07949849982619402,-0.09440029935464408,-6.146691971521072e-19,0.023449051380389947,-0.12153943510980322,-0.007077718185236927,0.028404000318319515,-0.14143054765667945,-0.016069848384368163,0.03170856103694937,-0.15011074608910913,-0.042891297265034184,0.03217445037968159,-0.0948959386276188,-2.503976045856401e-19,-9.79402312682113e-20,-0.1303753691738606,-0.012960423411406815,0.0009226446572655849,-0.14777028880172471,-0.032831140351544365,0.001967492288026296,-0.1608298626022123,-0.050820706436860916,0.0068338893983803705,-0.0884561591800587,-0.00932112957535462,-0.017472388212146236,-0.11860980963111985,-0.023535350321270982,-0.018435701729108352,-0.13301084075527636,-0.041068197914360165,-0.015619802811908928,-0.14231076348387786,-0.0577192150613933,-0.011127263117773942,-0.07296572777789331,-0.01915170892541186,-0.03274149725876196,-0.09419262995926338,-0.025895291227670356,-0.03649419801880527,-0.11080175147997985,-0.037527613269838236,-0.0363706646389077,-0.12127122225453105,-0.04791642993525149,-0.032229800922847524
0.0,0.0,0.0,-0.02411029484018231,-0.006997729338700581,0.028008689003697466,-0.0494464945576745,-0.00867514590293769,0.05265434642073055,-0.07750388575593861,-0.006216888941565938,0.06781580645737856,-0.10538664727402426,-0.002015374062012161,0.07600294737960275,-0.09364139013593772,-1.5789525671197917e-18,0.023610850811454656,-0.11975254714029072,-0.00894706535233559,0.027965404008428115,-0.13668474641343495,-0.019646335999773137,0.03153032494302949,-0.1404049955248862,-0.044964973584968634,0.032925137952179016,-0.09380341583090857,-2.485841257676902e-18,-1.8315008085007652e-19,-0.12842678283729145,-0.016052180666432988,0.0011523856865250002,-0.13932425204171062,-0.03628948355197501,0.0035433560509126774,-0.14490189346896598,-0.05145538145509828,0.00977099761348958,-0.08731285206339849,-0.009338423339998136,-0.017519397338275726,-0.11589284530316862,-0.026250511418989007,-0.017845129514749373,-0.12419097868334161,-0.04362010946563999,-0.013122519307174113,-0.12586339302904093,-0.056883702378851986,-0.007423468523220872,-0.07141305671785136,-0.018962682416033428,-0.03302189554219729,-0.09212612673768984,-0.02770089344761982,-0.03575866892252522,-0.10420031363438267,-0.040297373791716364,-0.03355630541078043,-0.10847905308355431,-0.04805222245108603,-0.028571952098914482
0.0,0.0,0.0,-0.024099049249407825,-0.007236799333003873,0.027875224756658823,-0.050559850745382606,-0.009235209152556762,0.05133200966418387,-0.07987169659701918,-0.007909112250589479,0.06466647559008225,-0.10819779816168419,-0.005855897329308929,0.06877228069168104,-0.09397761613617284,1.6375909722533444e-18,0.02333055745169724,-0.11874618572432785,-0.011241738982714257,0.02716447993336671,-0.13051867430757574,-0.021839469214145268,0.030611570721174316,-0.12906940747077245,-0.042335600496131935,0.031863243964541266,-0.09350629664622177,2.900254539367392e-18,1.9533843453117634e-19,-0.12667698935636817,-0.018513935902087286,0.000994747791222558,-0.13135728647680808,-0.03781274683783363,0.003991408208420201,-0.13165956723493608,-0.04777946864585418,0.010079895997679483,-0.08662811455357317,-0.00962017160876144,-0.017750185818510913,-0.113255974656143,-0.028159578318255624,-0.017813417371931848,-0.11554872256963565,-0.04443617538217136,-0.01223025618535496,-0.1121248974525395,-0.05280013800516104,-0.006466481966028478,-0.07029223774847498,-0.018947331924095638,-0.03349469596554315,-0.08985209184246677,-0.02939992836473646,-0.035381138481104836,-0.09697053737492418,-0.04217328055946526,-0.031558630833771514,-0.09613420564728838,-0.04603150329036804,-0.02701088198685093
0.0,0.0,0.0,-0.02413601318037571,-0.007422282538205333,0.027744091050820575,-0.0514778433987904,-0.009687809360553364,0.050135912578349436,-0.08179850400991451,-0.00931238305865537,0.06195078444872852,-0.11032223326349207,-0.009107846265988486,0.06265600015052407,-0.09423520846323351,-1.6967512439983878e-18,0.023057808494648294,-0.11789410904726258,-0.013087378568070069,0.026514535185734933,-0.1254163718466876,-0.0235646582970152,0.02998120214843134,-0.11982326661582143,-0.039979941739394634,0.031104350731172684,-0.0932272480674116,-1.8801350144884197e-18,9.583126522371158e-20,-0.12522400425442146,-0.02049127904519885,0.0009198328094512319,-0.12490626157034271,-0.03892763738294106,0.004497367965333787,-0.1212794206337069,-0.04449470071749444,0.010474461521376759,-0.08601319004789111,-0.009862333706322361,-0.01790534754705323,-0.111111819872361,-0.029664467199385838,-0.017797579885045572,-0.10855395713809204,-0.044928128512640594,-0.011389148787208198,-0.10139464141665876,-0.04924332320148222,-0.005555456060063068,-0.06933401388139171,-0.01897688363356298,-0.03393867668751754,-0.08795252693579034,-0.030731640366056457,-0.03507016156206633,-0.09107927505374848,-0.043529503225994096,-0.029812045816605997,-0.08636025563602424,-0.044134366728110636,-0.025588994332176235
0.0,0.0,0.0,-0.023479002948217885,-0.00839493338073708,0.027858462844280125,-0.051990109161868026,-0.011093617683265299,0.049534733872036045,-0.08306597077021108,-0.012463785396840761,0.05982282347509164,-0.11161118781715924,-0.014470843817472314,0.05690560596236482,-0.09465945394059024,2.150466683608829e-18,0.023327165544740028,-0.11565548888005896,-0.016108567110863135,0.02749368605631858,-0.11804060553949228,-0.026090372910359143,0.030861574689689322,-0.10934919156654316,-0.03629714810380209,0.030765302755293034,-0.09403162058836706,2.6601405381167036e-18,-3.5682880019610564e-19,-0.12192019292308337,-0.024140886167621993,0.002444580162135208,-0.11445659534345176,-0.039974389556779864,0.007241728735939267,-0.1105895261217154,-0.03768566826464919,0.010704673809205404,-0.08606239054773498,-0.009994431895250329,-0.018341288856175735,-0.10693486039052261,-0.03259450232954156,-0.015923156135378272,-0.09843564642929134,-0.04484537570847414,-0.008582153173256743,-0.09110665388956128,-0.04254627682732414,-0.005425570177467712,-0.06913810019541722,-0.01927927956316179,-0.034482221189029,-0.08552831028279798,-0.03345370208825311,-0.03354729401863064,-0.0843379453763892,-0.04583418982440665,-0.026857744165250032,-0.07816749009581611,-0.042634630894111354,-0.02513850993289267
0.0,0.0,0.0,-0.0230116326647319,-0.009298953502287937,0.02817921226827979,-0.05237469412638745,-0.012525322224904779,0.04934665256400712,-0.0843908309765691,-0.01612094724804331,0.057784101430756664,-0.11176371300293393,-0.019822721846595684,0.05046877840922277,-0.09496006260603922,-7.663221374745125e-18,0.023594086451338307,-0.11429092657021178,-0.018803990402237552,0.028792309934657558,-0.1133211843693773,-0.028702193142126638,0.03214720026251148,-0.10219778576010836,-0.03413925002245481,0.03089669601723842,-0.09480926778133567,-7.333753804562901e-18,7.36978028016967e-20,-0.11848371181295529,-0.02785434423686747,0.004643211528550748,-0.10505256828984728,-0.04048862019724672,0.010011082597723325,-0.10223852966230326,-0.030500003939391954,0.011392221140849158,-0.08618783645549068,-0.010127772562145023,-0.01864563333629428,-0.10301614587431156,-0.035524848547204224,-0.01351164257897509,-0.08969272519244789,-0.0444010097163682,-0.005882258893925985,-0.08267378892109657,-0.036198839697655895,-0.004936746441843557,-0.06909033761748748,-0.019580164723979596,-0.034802220610300715,-0.08334124701127621,-0.035930025702922405,-0.03172383313777605,-0.07862936982832461,-0.04746145728038903,-0.024106444734960212,-0.07217519359298764,-0.04076326430713425,-0.024347504140384203
0.0,0.0,0.0,-0.022818832679644924,-0.010073142631045168,0.028269388031236443,-0.05307844990028369,-0.013601607715201417,0.04897113314899731,-0.08590828163723878,-0.01846226811937537,0.05566665308077201,-0.11247766824068155,-0.02332685778180123,0.045088695899731454,-0.09534242026787138,-5.4932964543105554e-18,0.023813959739760165,-0.11339662595442802,-0.020470020714897716,0.029431466611912885,-0.10968484697270699,-0.030006110709628466,0.032917761653859276,-0.09687613521723905,-0.03171555375365012,0.030738091025449447,-0.09537382351129105,-7.998443494990236e-18,-1.0384265258808784e-19,-0.11580731782501676,-0.0302825167245631,0.005871199944426282,-0.09788980877395122,-0.04029563533158711,0.011713920955082453,-0.09617553126585433,-0.024938243563726065,0.011712501608096984,-0.08627363285666113,-0.010120280755653202,-0.01898806472427446,-0.09970774469386023,-0.037476304645592505,-0.01191734030085886,-0.08303211307803335,-0.0434697636272626,-0.004173930099774116,-0.07660786067713571,-0.030730820933408672,-0.004952619684810815,-0.06904869928427687,-0.01972494250009499,-0.035225586566769,-0.08136152351312995,-0.03762545970924842,-0.030570856320364766,-0.07374861075905086,-0.04848395804698403,-0.022217478479026137,-0.06731743150649129,-0.03880652268406018,-0.024131955867225587
0.0,0.0,0.0,-0.022649168906508022,-0.010576917854434608,0.02807176370372236,-0.05365383911296081,-0.014406282192446287,0.04858205528039235,-0.08691350357223174,-0.020543916293042603,0.054177557451400425,-0.11228109251320399,-0.026209731783113744,0.04078792451827072,-0.09564223436623547,6.406999415035657e-19,0.023928611871479596,-0.11245814573226276,-0.02172111533006011,0.029969903164063415,-0.10658791284902976,-0.030444871824096588,0.03339444438059474,-0.09294503233952843,-0.029252695758717952,0.03029438777901729,-0.09572471928665978,4.561801750315741e-19,2.6075917019522207e-21,-0.11332908216636862,-0.031976954442391285,0.0070453664252128016,-0.09202302873840719,-0.03960568210467775,0.012947614531950818,-0.09128537761890264,-0.020395339253612057,0.012154399423786686,-0.08627578408688355,-0.010190204621879416,-0.01917637438777406,-0.09670447605198193,-0.03865242036369467,-0.010337656617241174,-0.07768154445478008,-0.04266324995099486,-0.0028824670270313026,-0.0717866601087787,-0.0263554892369761,-0.004812955723793636,-0.0689508999641494,-0.019824688768189415,-0.03519916836159314,-0.07954370553716338,-0.038667304781332366,-0.02950355277291313,-0.06969888737066388,-0.04868989435724426,-0.02059071754946942,-0.06347965099444824,-0.03704465264592683,-0.023934809982029206
0.0,0.0,0.0,-0.022688828395559624,-0.011076260021611304,0.02798517190510393,-0.05429676733407295,-0.015142644667918119,0.048350138027178906,-0.0879262507290097,-0.022157430124367886,0.053093778445869926,-0.11196886465660165,-0.028351891697639995,0.037171774969726776,-0.09599548830769433,1.7082028902994201e-18,0.024078340324250096,-0.1117518874609612,-0.022678949620539127,0.03039819248738429,-0.10414570874975682,-0.030741312212086713,0.03369730237125863,-0.09007307372669707,-0.02736151160269797,0.029845277058285925,-0.09600385380409683,3.1248371980412956e-18,-7.324576782497938e-19,-0.11131131830461681,-0.033098339664266084,0.00779388741591697,-0.08754716005297972,-0.039033242876745367,0.013869147341684188,-0.08787875203701469,-0.016981662311092178,0.012567543711007536,-0.08625565784233734,-0.010162964348340478,-0.019352180510147275,-0.09424601763705195,-0.039410132659119114,-0.00940110877354388,-0.07362177269278601,-0.041926429622110586,-0.002005364673562832,-0.06836678890387335,-0.023111797124832835,-0.004653517998818564,-0.06882472853182037,-0.019928885588520098,-0.035272956115642434,-0.07799069983082152,-0.03930260934013763,-0.02883799807378859,-0.0664888722398842,-0.048653795258097855,-0.019481013209144155,-0.060487854325674266,-0.03564071630843212,-0.024103714688229076
0.0,0.0,0.0,-0.022667450268504263,-0.011457920478604175,0.027897994603169992,-0.05476438581389895,-0.01570067964375712,0.04814310082830766,-0.08868711464015855,-0.023513894064396457,0.052225319770144954,-0.11175305946656862,-0.03009644114546935,0.034452276383260046,-0.09633037819790753,-8.204765756473164e-18,0.024165862752065358,-0.11138416768248516,-0.023450269485020638,0.03067546842449717,-0.10240439621543586,-0.031030432196944374,0.03399416816548568,-0.08800591206586841,-0.025954316415864976,0.029620207591050652,-0.0962755559411613,-6.5977657148702665e-18,7.527663876158395e-19,-0.10979328976008774,-0.03403613601406272,0.008437101088823416,-0.08424117000736026,-0.038557294957352904,0.014714185832400337,-0.08541028140557504,-0.014258006028397158,0.012970744467706186,-0.08631424492828052,-0.010126510431188474,-0.01954051995264038,-0.09230093599365703,-0.040044888218477515,-0.008688247862056199,-0.07057881855228754,-0.04136953301880096,-0.0012876346266242043,-0.06591873337439047,-0.02064193708276874,-0.004471218157713159,-0.06877171910558924,-0.020004042716902853,-0.03535833133455956,-0.07678745406642021,-0.03992864751940334,-0.02828957318152322,-0.06406604684228775,-0.04875087052255545,-0.018651565216657076,-0.058331451305161784,-0.03463329993649111,-0.024296108458297994
0.0,0.0,0.0,-0.022812130246225592,-0.01172317936653908,0.02794399936544594,-0.055614463917620045,-0.016125135127810376,0.047933136174560124,-0.08968964659817068,-0.024449484112198317,0.05144597684186245,-0.11162276596778614,-0.031224331928062378,0.031851328335719166,-0.09675363133883542,-3.6217026441863454e-18,0.024247443456590162,-0.11098214626916356,-0.024017783154866974,0.031057543098975467,-0.10115904805228719,-0.03099884770579487,0.034291759839795904,-0.08709603016468605,-0.02496034294529794,0.02934395255551688,-0.09649645333679409,-2.911724704509768e-18,2.974841787077342e-19,-0.10856155571136224,-0.03479020739921982,0.008967262300829676,-0.08187955761758715,-0.038087039761637013,0.015218134973076823,-0.08403981300166269,-0.012057486574199432,0.013077183919915311,-0.0864511281145055,-0.010135642904477809,-0.019672641422995407,-0.0907662201873685,-0.040371218853670704,-0.008121918603044887,-0.06847496414634376,-0.04064861945696061,-0.000750002885960061,-0.06466394622604733,-0.01852308188572054,-0.004377821888409226,-0.0688692864822581,-0.02015361977243082,-0.035470882665503044,-0.07588470222814618,-0.04028880969233214,-0.02783826800567149,-0.06228751656441689,-0.048433186967014236,-0.017806072247232487,-0.056889021339512444,-0.03341868806026797,-0.02448093685287186
0.0,0.0,0.0,-0.0226249581899793,-0.011750306917578146,0.028015738075090425,-0.05564202893198574,-0.01662479737637204,0.047818648535471846,-0.08996327751034622,-0.02536403702840074,0.05099857449863318,-0.11167107462182815,-0.03263498163517032,0.03076716451628772,-0.09703905556265105,-9.095401231681698e-18,0.024327369499801844,-0.11076266432112465,-0.02419598930610191,0.03150725425259498,-0.10053305637364529,-0.030965988657512194,0.034730724757002125,-0.08614036204582912,-0.024700096006202526,0.029485318431422835,-0.09684208556939787,-6.853254051690711e-18,4.273296507790153e-19,-0.10757953432130443,-0.03521547647651334,0.009604076895408844,-0.0800807290088919,-0.03763774226598586,0.01612208678778175,-0.08248446161836294,-0.01088919120364574,0.013750368385564355,-0.08652466982893472,-0.010093832669423661,-0.019675490531892638,-0.08946994094043637,-0.04087561046690871,-0.007236172958382299,-0.06663179738319629,-0.040247583150601875,4.5916583897819945e-05,-0.06299400994715212,-0.017129592545291943,-0.0037830462397162343,-0.06880978925999871,-0.020299213756984354,-0.03525670123128126,-0.07493910228612062,-0.04085199126915096,-0.027112216916990024,-0.060573560472731124,-0.04859147262030129,-0.016916230702071405,-0.05537840791589113,-0.03298607097352022,-0.024095753793822134
0.0,0.0,0.0,-0.0225739294406209,-0.011890721552251071,0.027883114081451773,-0.05585244552129807,-0.016749900729753374,0.047718673795090746,-0.09029708797867735,-0.02580594738736944,0.05069107849032994,-0.1118586146414502,-0.0332513567933181,0.03000168205421837,-0.0973157101630931,-7.553816300199423e-19,0.024288776858915364,-0.11047662075226697,-0.024702464557293972,0.031394118868631006,-0.09925039881695054,-0.031000064239433668,0.034596550647021336,-0.0845905128930342,-0.02325476258713888,0.02924801125243463,-0.09705511188122247,8.875454893570379e-19,4.308750074459857e-19,-0.10671640883032718,-0.035643678705850106,0.00977447616426035,-0.07853803857694257,-0.03737207850372086,0.016584122201158444,-0.0810925909932507,-0.009749909242576611,0.014148121060550392,-0.08638603695933678,-0.010064225210221338,-0.019640664035809562,-0.08836995686976325,-0.04123096006885556,-0.006705919259279495,-0.06512480854034562,-0.04013475381989941,0.0005603877437600017,-0.06163390685493513,-0.01616575579261374,-0.0033312479416723988,-0.06858470911020326,-0.020295012464263944,-0.03506386896199654,-0.07404589317446512,-0.04124863099357999,-0.02671386164139184,-0.05910245721886542,-0.04881709792534036,-0.016342300898706,-0.05402848365008824,-0.03279775251436338,-0.023780680324774272
0.0,0.0,0.0,-0.022701360856657936,-0.012052762399779371,0.027678109989284133,-0.05619019669165714,-0.0170132291431345,0.047410226756946894,-0.09064032941845057,-0.02643600743966891,0.04998619816262743,-0.111646891649207,-0.03396345157296369,0.02861777780129094,-0.09745472785072701,-1.416896826107518e-17,0.0242315126389191,-0.11040228385006311,-0.024960349965498563,0.031210090762501818,-0.09868975628379649,-0.031011172048331877,0.03438500758173854,-0.08397025486029087,-0.022533656017937536,0.029027475914002242,-0.09709321045914086,-1.209278308744135e-17,4.2384362439710207e-19,-0.10620904194082487,-0.03594998634138347,0.009667607533154408,-0.077602524134782,-0.037335451095153176,0.016760074745526977,-0.08030928262756681,-0.008987402031615655,0.014313839929929293,-0.08624613382646842,-0.010008209353008004,-0.01971256685714175,-0.08768896111245926,-0.04144772572793762,-0.006695958166176125,-0.0641466798268221,-0.0399980326697107,0.0007955150011096628,-0.060819412291378064,-0.015507887476233533,-0.003180245758704645,-0.06839407150401625,-0.02023630927164777,-0.03513345657401653,-0.07351603149481718,-0.04145492820933102,-0.026624973101629555,-0.05823756472550194,-0.04887520314805219,-0.016116316392019974,-0.053357014069705784,-0.03237342106382192,-0.024004657310001665
0.0,0.0,0.0,-0.022676689581433464,-0.011786934103018468,0.027688540486663117,-0.05613256008339629,-0.017201208541222115,0.047240177584612734,-0.09075877092707635,-0.02671997087793475,0.04958238897581399,-0.1117991993236828,-0.03458340687099223,0.02804614234105498,-0.09768276701910916,1.9360288607470537e-18,0.024229596477718798,-0.11039546565699686,-0.024889832181865613,0.0315427842430458,-0.09843857043319965,-0.030759457531564054,0.03485336995591274,-0.08377157958323453,-0.022262468432757067,0.02930178665698332,-0.09722341173353173,7.334784563116016e-19,-2.2732777690326808e-20,-0.10577573212659194,-0.036114763830644256,0.010202342200430141,-0.0770676540438004,-0.0370008208074177,0.017535398565104672,-0.07970504063923353,-0.008589623780509061,0.014985319440180875,-0.08630145562969685,-0.010064841016633515,-0.019645770743382814,-0.08711289517473086,-0.04162822606449917,-0.0059837242952988515,-0.0635571379993142,-0.03973652888627393,0.0015783205089837625,-0.060194813849749604,-0.014976518137315483,-0.002442876069494187,-0.06831448882755807,-0.02035168326961447,-0.03497939938728386,-0.07283723844628875,-0.04177281433217514,-0.025930076594280566,-0.057393005189639475,-0.048919849460257236,-0.015263219424870108,-0.05261155633177599,-0.03192769254515374,-0.023430753925848296
0.0,0.0,0.0,-0.02263933658644788,-0.011717900472158566,0.027673692884570767,-0.0561508426773876,-0.017657812650248957,0.047092091924748954,-0.09085066336038043,-0.027439845553458117,0.04925419528720721,-0.1118117555329158,-0.03566886758506734,0.027450025304547914,-0.09802022063744309,-7.5638799508835e-18,0.02427678725756154,-0.11040319639308747,-0.024952388662364544,0.03185566474965197,-0.09839943258578912,-0.030705454189782752,0.03516286649922176,-0.08396791642064202,-0.022329606423991278,0.02943004569149584,-0.09752144149973649,-7.491338786076737e-18,1.0094680639897278e-18,-0.10553828448746083,-0.03627964903448229,0.010555142705806344,-0.07672212715407133,-0.036790699129912396,0.018017431579568755,-0.0795826918668916,-0.008371188269265358,0.01532456243779167,-0.08648703097557299,-0.010060262789165105,-0.01967515086672712,-0.08674529251318172,-0.04180279545144323,-0.005461044024115601,-0.06311873076439868,-0.0394594584245288,0.0020875091245859245,-0.059975082403481955,-0.014411420483484268,-0.0020728959782284305,-0.0683895978489502,-0.02037297809662853,-0.034934170716368014,-0.07237740386184431,-0.0419581125838291,-0.02548340608864973,-0.05676666529460116,-0.04887463984682603,-0.014678858022581337,-0.05222065318342194,-0.031522736809494994,-0.023184527639397733
0.0,0.0,0.0,-0.0226511561059709,-0.011901508771869691,0.02758676638734436,-0.05632401374584368,-0.01788064494964185,0.04704144122090029,-0.09110654537126599,-0.027774362289765674,0.04903128493848134,-0.1118404496270782,-0.036040238437207606,0.026724976112072505,-0.09821134329359106,-7.375373015120183e-18,0.024238948608323936,-0.11034833801343977,-0.025237869755807413,0.031662989255176306,-0.09796587078698576,-0.0308317165439536,0.03497417940103388,-0.08355933580273393,-0.02178482779949208,0.029290690526038318,-0.09765296826520549,-7.832033484107962e-18,-1.8138341048085952e-20,-0.10529788321957974,-0.0365959126434179,0.010388324426425568,-0.07628490887030161,-0.03676863095549671,0.01804354535904999,-0.07939121972302882,-0.008019425193058292,0.015394674055085909,-0.08645487359576796,-0.009992683640027528,-0.019748789487651,-0.0863718245781355,-0.04192991757944744,-0.005460919749556181,-0.0627137040182856,-0.039351937379022754,0.0021649025657654833,-0.059732493901110795,-0.014036276508383138,-0.0019322499689380685,-0.06827589075055918,-0.0202719509149412,-0.03503087945654374,-0.07202965114211077,-0.04203141010830256,-0.02549758880919791,-0.05619695303455041,-0.048905136740305166,-0.014510259774179954,-0.05171082207876554,-0.03120028822036993,-0.023205724363393455
0.0,0.0,0.0,-0.0226759551937989,-0.01191634432943016,0.02754419046665956,-0.05647063331426276,-0.018190492892988255,0.04693441328620987,-0.09123879235667466,-0.02840214408838134,0.048874940534684594,-0.11200466030671805,-0.03690099441963416,0.026381412010533765,-0.09856132184897354,-5.7993472089416866e-18,0.024218757288924288,-0.11072140554525729,-0.025375695908214806,0.03155227602753876,-0.09820038068860007,-0.030900039753983984,0.03501569537829261,-0.08391192160713509,-0.021660907387320752,0.029423864659547518,-0.09792092450823063,-5.241485554090386e-18,6.5667259579583775e-19,-0.1053666323575841,-0.03679235241945116,0.010504581011417673,-0.0764137429691049,-0.036626135757820456,0.0183195159648643,-0.07966747586592506,-0.007647106331609683,0.015403483109755688,-0.08664112281667688,-0.00991695286862705,-0.019871765253526165,-0.08638731183932602,-0.04199211811223702,-0.005355648100903658,-0.06279441134400769,-0.03922211088362237,0.00236669525433879,-0.06004328582214921,-0.013830433398029997,-0.0018103948150589473,-0.06836188359376344,-0.020116255301090066,-0.03512314870021923,-0.07200499881293665,-0.04214681602580366,-0.025391077765828607,-0.05616908485195141,-0.04893452878083024,-0.014271583926732969,-0.05181492461088974,-0.03110966973048079,-0.023186952209329367
0.0,0.0,0.0,-0.022700259296669405,-0.01232309110329219,0.027433223812918663,-0.05669163658079694,-0.01840153479801548,0.04677674137401051,-0.09134988682304536,-0.0289069940827843,0.0484009048590824,-0.1120575190908528,-0.03727295697682861,0.025933552380330245,-0.0986168842817853,-4.530359474330832e-18,0.02423323345049698,-0.11082236351919122,-0.025826206733068492,0.03147828799505376,-0.0981602182031226,-0.031614195142630586,0.03483286357559016,-0.08383980344557364,-0.0216178349418182,0.029336233363979978,-0.09806164041354504,-4.7939412654336744e-18,-5.375024167890581e-19,-0.10572123579179607,-0.03706474911760027,0.010370404036234657,-0.0767564212305351,-0.03715440795136326,0.018274979938779235,-0.08018595022441519,-0.0073115874555089375,0.015181516852028,-0.08671685516653534,-0.009858752726620191,-0.01999640978442496,-0.08683894083829545,-0.04223230371733737,-0.005827784176663015,-0.06312416394608951,-0.039311090624624595,0.00239461122565411,-0.06063169142338862,-0.013870611762421317,-0.0020555200954506304,-0.06845022651904469,-0.02006683138373466,-0.03550435923161088,-0.07237425270829323,-0.0422614707192221,-0.02577250172163885,-0.0566909128814607,-0.04914722338971236,-0.014540842841342138,-0.05228925499265964,-0.031178127266726266,-0.02348970901862992
0.0,0.0,0.0,-0.02284476569446925,-0.01215341127099032,0.027385409015654866,-0.05701209937013319,-0.01830650097915789,0.046729572157054665,-0.09177205093903561,-0.028726096075471715,0.048396169791967626,-0.11322762231430741,-0.03725888673279428,0.026398254952876718,-0.09914122381237397,4.8083571388388244e-18,0.024328148407392797,-0.11136943089843182,-0.025933911901826905,0.03161023186465404,-0.098135282839743,-0.03179661621681916,0.03498198106148395,-0.08387434758823448,-0.021437157581843322,0.02967139414802212,-0.09856239293784134,1.2784873186692728e-19,-1.75419618387097e-19,-0.10652847607744517,-0.037053440572388324,0.010405106370864052,-0.07778208429710752,-0.037181039030331924,0.018584894613766695,-0.08068389778953909,-0.007745060388432003,0.015200296050636363,-0.08690670380227719,-0.009781289480480074,-0.019972544464736227,-0.08761640909079695,-0.04212934863146724,-0.005926832106349638,-0.06418581474586713,-0.039384159224790945,0.0025771730715245457,-0.06163188427334359,-0.013856376301881848,-0.0018074802463401254,-0.06851118844569525,-0.01983445549711174,-0.03560880432859872,-0.07285815129040513,-0.0422299832648844,-0.025960334524553964,-0.057332596280991924,-0.049230787047845656,-0.014519997081657752,-0.05274352388264063,-0.03136917362990458,-0.02296106096444196
0.0,0.0,0.0,-0.023230558932610158,-0.011789813894273722,0.027764554472712047,-0.057531678438758664,-0.017723802817371202,0.04668544444837741,-0.09259951374415344,-0.0274447494631264,0.04845435084577945,-0.11514380332907088,-0.03629755374176235,0.027636484538650707,-0.09978853827028,3.5533239308641055e-19,0.024320556962006214,-0.11182638647129431,-0.025845418864672513,0.03125616088955144,-0.09801548578788205,-0.031672350784606625,0.0346816109784066,-0.08366114242346476,-0.020430522614473468,0.02939799128518279,-0.09905017525114146,2.355670501622603e-18,-1.4918054023132558e-18,-0.10778564600877925,-0.03675993062850465,0.01004481571220243,-0.07903037349750175,-0.037350838509850166,0.01826636405448672,-0.08130192094373653,-0.008141422014321718,0.014909310977014673,-0.08729481581396946,-0.009825494918390245,-0.01999915197327179,-0.08878646176934535,-0.04181882434743584,-0.006472878105147658,-0.06523173242965936,-0.03957257878177232,0.002337557575507821,-0.06222132687088382,-0.014070436420337677,-0.0017501557738290755,-0.06876848002900025,-0.019849230385943877,-0.035982444763863426,-0.07384820717068531,-0.04228474433585863,-0.026351159051733568,-0.05822473566657677,-0.04982395192321912,-0.01474615875004525,-0.05318641831557579,-0.03178818383249047,-0.02265088279276462
0.0,0.0,0.0,-0.023517471174481355,-0.011501066254305579,0.028049252422656667,-0.057923126553987715,-0.01724047271434186,0.04666178853589824,-0.09322330114744844,-0.026395253796960054,0.048481788463377314,-0.11673415551256802,-0.0354407289832218,0.02867368890782392,-0.10032793344144651,9.252682746165759e-18,0.02431495144857732,-0.11221355005794452,-0.025832050426940614,0.030943252128096954,-0.09791246323982368,-0.03162132896903865,0.03443682003137565,-0.08343319152594399,-0.019655939896320855,0.029144628324913237,-0.0994494165918799,8.309338369093164e-18,-9.150427823437789e-19,-0.10881146049246687,-0.03651262760795221,0.009668059406867041,-0.08007252111030638,-0.03747109099293894,0.017953578108242923,-0.08177707062611644,-0.00844390574467212,0.014595870958572987,-0.08760132937294274,-0.009850370120415002,-0.020062534567261103,-0.0897087610879526,-0.04155502543748223,-0.00704121048194686,-0.06606891583663742,-0.0397523483736495,0.002051711687437819,-0.06268790504549104,-0.01419691568173088,-0.001775621345206303,-0.06896525172871569,-0.019824310973546404,-0.03631442905662768,-0.07465063240840976,-0.04230620991049501,-0.026733466903240594,-0.05894364048279893,-0.050266885535410734,-0.014997687394550298,-0.05355169112390708,-0.0320626789292985,-0.022448148047206778
0.0,0.0,0.0,-0.02382389599951838,-0.010986189025747726,0.028130557102169787,-0.05795030694043006,-0.016210272302221208,0.047020700086890306,-0.09317057721017567,-0.02447128818007145,0.049623548062306906,-0.11746944230683033,-0.03364861971223368,0.030609911814180164,-0.10032801738113581,4.0978352021030706e-18,0.024277155893091523,-0.11274790105370844,-0.025629534526896796,0.02995159750624911,-0.09842194144490536,-0.03141818331154481,0.0333827373904638,-0.08346786238626147,-0.01902783977273476,0.0284742038282139,-0.09906656583632671,3.7666011363139125e-18,9.094644210945797e-19,-0.109960651587534,-0.036299145333631024,0.008557282000965245,-0.08169935066482699,-0.038347478680644954,0.0167503031861529,-0.08158892148507549,-0.009633895328628031,0.014061408941856422,-0.08740712190053863,-0.00998140796432904,-0.020010780200677626,-0.0910401377062546,-0.041388281018735346,-0.0082477401796359,-0.06721098380366015,-0.04076339971436949,0.0010632701478090702,-0.062155930895811826,-0.015648696048863524,-0.0014472516950164733,-0.06876156089850999,-0.01975167163442094,-0.03647402051404009,-0.07594126955963056,-0.041981867559970965,-0.027725735804946892,-0.060322449025054986,-0.05057660158249194,-0.015794842411788485,-0.053618723057182224,-0.03253822113233922,-0.021811509170354425
0.0,0.0,0.0,-0.02392890968661479,-0.010484538728537258,0.028064006114793903,-0.057337767705046595,-0.015437667477591817,0.047654152264756354,-0.09233427455060039,-0.022883231763249738,0.051528467587283994,-0.1176419207122007,-0.03149383484933923,0.034752498351990985,-0.0999472759638572,9.213494666371167e-18,0.02395185601701691,-0.11297189426741064,-0.024849403450939687,0.029013792511711205,-0.10007231279555916,-0.03121524983907395,0.03243658917566687,-0.08460085043402683,-0.021009020231389505,0.028107385411924604,-0.09847819055956633,1.1511491101320368e-17,-2.081606975743128e-18,-0.11133164440864575,-0.035568593701359806,0.0073817718772211886,-0.08498880920172137,-0.03965805308839271,0.015657445676693284,-0.08221860800830086,-0.01396986599744861,0.013956378736578803,-0.08712806146765893,-0.009919407301057637,-0.01968098439116931,-0.09290657857405736,-0.040718268493862654,-0.00913509137384084,-0.06993982929338576,-0.04161751453111173,0.0005635260207323988,-0.0627554265827992,-0.01872285119840188,-0.0006777435483754301,-0.06860336501162975,-0.019647039695581958,-0.035956648429841996,-0.07738772252586325,-0.04096769579978399,-0.028137493216697868,-0.06265764958274653,-0.05021240358531819,-0.016278892059435994,-0.0545641862141106,-0.03354070395765199,-0.020755342433492165
0.0,0.0,0.0,-0.023510966335446797,-0.009757385723876785,0.028121743728277547,-0.05585565005004512,-0.014762128406619801,0.04866854553463559,-0.09039333414498629,-0.021303807300192233,0.054068467865471204,-0.11699805925173613,-0.028998199142817198,0.04002759498693712,-0.0985183540846974,2.749371746640614e-18,0.02431064568873296,-0.11292176895259265,-0.023299223965580502,0.028634516105925236,-0.10298103128030768,-0.03155155499435599,0.03190735954112081,-0.087517966120253,-0.027229049833373885,0.028658313507786134,-0.09736523658847203,1.5881622379542801e-18,2.2440322367867923e-18,-0.1133563636936774,-0.034115403843881446,0.006047249492093119,-0.08992593451159739,-0.04116913464138555,0.01421481207469814,-0.08380161114474712,-0.02129788730994508,0.014337119932972233,-0.08690906591905627,-0.009793009573223977,-0.01942024341217155,-0.09597450617759128,-0.03957399547527918,-0.01032089824956604,-0.07507613341653938,-0.04305470806432221,-0.0005124652171495271,-0.06524298990501916,-0.0245801395647776,-0.0002433070956197747,-0.06858565626955265,-0.019424714401876784,-0.03557657033468902,-0.07943173845333626,-0.039301153711454095,-0.02894026072348829,-0.0666162790365873,-0.04952558376975267,-0.01746498917881317,-0.05706522233830482,-0.03531999590220459,-0.020038995148189295
0.0,0.0,0.0,-0.02343027267016499,-0.009671645467454358,0.028294662163684814,-0.055044664965093894,-0.014104850381364609,0.04945752693763691,-0.08888188641930593,-0.019665245894996953,0.05628708142791543,-0.11669166895191525,-0.025642555071655766,0.0451371771368756,-0.09788959350315445,-4.392510233966444e-18,0.024608914963560248,-0.11372530927707848,-0.021231516131455682,0.028234109170640176,-0.10802653328063964,-0.031042565812762914,0.03129591200810061,-0.09435756408189962,-0.03333227711612536,0.028769056751976746,-0.09696285337523665,-6.983379762578807e-18,-7.022217822459889e-19,-0.11619739175943339,-0.0319442569658396,0.004615509544981372,-0.09743147792620473,-0.04313616985354626,0.012618267078037157,-0.08965013461249098,-0.031101890420671265,0.014513494425302401,-0.08702783163363609,-0.009588074803899846,-0.019221750842855757,-0.09971488591116631,-0.0382729575348551,-0.01177360288086846,-0.08313426056286093,-0.04536950457712784,-0.0024166467440681913,-0.07277700848721515,-0.03463253606174285,-0.0009576573068353404,-0.06897237532854777,-0.0192215031200227,-0.03537764234701556,-0.08212405801419295,-0.037559314161946765,-0.030710352828774275,-0.07447324815188414,-0.049570478239514916,-0.020279971141067034,-0.0662659019733139,-0.040842188818307056,-0.020801393615149964
0.0,0.0,0.0,-0.02333038257591185,-0.009252127891434425,0.028576640912791617,-0.05413181437682329,-0.01356782848620324,0.050599283698040544,-0.08731952064237815,-0.017926720899672132,0.058904732820786634,-0.11646575991854471,-0.022524148206853598,0.05116715969197643,-0.09736393902452528,2.9770287279002796e-18,0.024798020284565285,-0.11469797978626178,-0.018904688374177286,0.02858534818632283,-0.11350692428106632,-0.029608720573227686,0.0315580841530358,-0.10396065769497109,-0.036776148407293735,0.029482934986781506,-0.09667168046791658,3.641938653421093e-18,-9.14086752930181e-19,-0.11802286649377842,-0.029745022166306895,0.004368576328388098,-0.10519177762149827,-0.043283759323383277,0.011708448225016982,-0.09978175200509094,-0.0382094307571687,0.013988680524094972,-0.08729757366782236,-0.00954477615163777,-0.018970474830187968,-0.10241481327901286,-0.0369673614748413,-0.012124312927513328,-0.091510019033634,-0.046467049409099806,-0.0037629513852196774,-0.08397089183105308,-0.0416588408269164,-0.0019182473346419913,-0.0695777803236885,-0.0190540062736944,-0.035191212696024536,-0.0837731819410672,-0.03596683895553336,-0.03143092919011168,-0.08105903118338462,-0.048778323144425616,-0.022225756651836973,-0.07650494059911202,-0.04362904781942948,-0.02173703651884863
0.0,0.0,0.0,-0.02324280117480431,-0.008932256136761104,0.02879193217550177,-0.053322005698445925,-0.013145169525987327,0.05152477449106606,-0.08598948359975507,-0.016521979912023275,0.06101313758962355,-0.11619174422585812,-0.019928293354037827,0.05597802973277137,-0.09688024776189244,2.59789410061715e-18,0.024940725676218512,-0.11548168945403914,-0.016951211488120257,0.028855493800893108,-0.1179913504363863,-0.028395106588346965,0.03178746706183944,-0.11184350411917245,-0.039596631395248195,0.03018216774561896,-0.09641794776477187,4.001743598092976e-18,7.119346799878282e-19,-0.11946876372446648,-0.027949536104812076,0.004140200323290748,-0.11136287581385312,-0.04349889847006136,0.010993254668205195,-0.10807903322758249,-0.04401029934960267,0.013699279132576379,-0.08750509764436443,-0.009508181429231558,-0.018749071571070235,-0.10455914385556281,-0.03591672261275911,-0.012414953522625598,-0.09823486108443207,-0.04747443679988025,-0.004835015216863734,-0.09310098184641143,-0.04741865758439993,-0.0025903359011628336,-0.07006888769055102,-0.01893198763861907,-0.03502599267593191,-0.08510453988724302,-0.034680395427225286,-0.03203188362481623,-0.08636163617875504,-0.04819013181935608,-0.02382343182058818,-0.08482990174019907,-0.04601308872666998,-0.02241867677187793
0.0,0.0,0.0,-0.023453695125169375,-0.008498509635191576,0.028580328233116476,-0.05273970297074557,-0.012144865998117916,0.051958198093769684,-0.08463620612729254,-0.014090574518119974,0.06235036503916684,-0.11501588781044816,-0.016726775021595596,0.05980489789732658,-0.09629841092458606,4.36535628851867e-18,0.024828739459011193,-0.11651408529617802,-0.014907453632157617,0.028840288466326254,-0.12303505948762737,-0.026518828073449192,0.03169990986152485,-0.12050746438691207,-0.04162766627664706,0.03026529159490863,-0.09582021952759788,2.5394822827274982e-18,1.2097325739538694e-18,-0.12127809298236976,-0.02541027061677252,0.0033656547070369395,-0.119102899832623,-0.04238737858905955,0.009335312348631516,-0.12019009914066295,-0.04765137882227921,0.012411714779731298,-0.08727661592026108,-0.009549332901539214,-0.01873706825223697,-0.10701881345751045,-0.03404412741930365,-0.013446555989487624,-0.10564204308496844,-0.047354835536073565,-0.006714948489374405,-0.10475569424563358,-0.052214366595373846,-0.00426569825609983,-0.07029216831647322,-0.018985970049988903,-0.034788865115866374,-0.08656776136248856,-0.03329014476177933,-0.03258181673874271,-0.09152005557923239,-0.047138346522499854,-0.026162348084756443,-0.09274206782206845,-0.047823146986009674,-0.024279339898320224
0.0,0.0,0.0,-0.023867029623820438,-0.008016925022197724,0.0281277425788058,-0.05244690929407055,-0.011570134920718622,0.05189498342328932,-0.083655527300973,-0.012569770324268398,0.06313263936844353,-0.11378820669336065,-0.013848410762127547,0.06294658787106786,-0.09584959272908161,-3.485662857394393e-18,0.024570778032462732,-0.11786827735992834,-0.013144818454742862,0.02858189853403977,-0.12786924299910055,-0.02456516282937813,0.031151606237307033,-0.12875861333576671,-0.04260646973997559,0.02994649735112556,-0.09545997879206577,-3.651454280353923e-18,1.5410364333017878e-18,-0.12350554499045956,-0.02279966410801036,0.00251068212380289,-0.12677665508391528,-0.040468665994621685,0.0071385821325761515,-0.13226827766263657,-0.04921783839997068,0.010299958777582203,-0.08731453690650129,-0.009471502676575146,-0.018506411874112477,-0.1094151138333571,-0.03198227510053131,-0.014456098549349585,-0.11275584372715806,-0.046504468345225966,-0.009006527191893607,-0.11633044602511555,-0.054739221059958675,-0.006501229613966716,-0.07065183449286695,-0.019029229908536442,-0.0343471657962995,-0.08815529339263209,-0.03183451537016522,-0.03315223988336439,-0.09637955347879963,-0.04565618697860953,-0.02839865649846546,-0.1008157852370691,-0.0486253996425276,-0.02640314566894347
0.0,0.0,0.0,-0.024240193177832395,-0.007829276491531747,0.027849611819691995,-0.05223551591686565,-0.011131856568940918,0.05178022576813031,-0.08273565188857775,-0.011531721311576216,0.0637035324737231,-0.11209546849303663,-0.0117985116283,0.06569556581787768,-0.09571250194999448,-1.1805014944247071e-18,0.024171199284208786,-0.11913034740206958,-0.011928951021180302,0.028345781823242804,-0.1319133399094759,-0.02286806767173804,0.03078632063343522,-0.13518447470309158,-0.04237778142757915,0.02977044453624452,-0.09549235930989261,-5.743231796256916e-19,-9.737666904273913e-20,-0.12546618577478594,-0.02043811716333652,0.0020323242321898687,-0.13329109036780976,-0.03838154184326884,0.005376501655582601,-0.14242220653907572,-0.04885253156405155,0.00868388941203952,-0.0875470653905706,-0.00939142918706416,-0.01831573671944829,-0.11176466303634412,-0.030009069060163963,-0.01564144861708644,-0.11879238988922429,-0.044600498902801475,-0.011089824222946052,-0.1264347702804855,-0.05466440887022324,-0.008644951566631523,-0.07117700346213307,-0.01903941311021,-0.03397283668279866,-0.08974559872529314,-0.030379182648328295,-0.033770141043145754,-0.1005552941847664,-0.0435746636723556,-0.030471695691927012,-0.10807635917305598,-0.04813785710531344,-0.02849414745802561
0.0,0.0,0.0,-0.024356626125282808,-0.007714434387457056,0.02763434026489043,-0.05176026699671005,-0.0108375111834992,0.0518130702353941,-0.08171861931748423,-0.010668908541799131,0.06442130414960721,-0.11027223289823908,-0.010109126324868876,0.06844462746746667,-0.09575245055837397,2.3061576787860643e-18,0.02382544415274968,-0.12019999757401155,-0.011090808106376644,0.028304104445088924,-0.13499489841015058,-0.02159441086028075,0.0308405001085245,-0.1400909517751613,-0.04234710843783807,0.029934187684444686,-0.09580475346826055,1.6717686224097894e-18,-8.974338932848592e-19,-0.12715310292064347,-0.018680603490224393,0.001872449323128842,-0.13846011599795238,-0.036712945759633776,0.004312752164003556,-0.1504230010389992,-0.04840796538500208,0.0076684435191516935,-0.08808524179681304,-0.009386247306191153,-0.01818028721605187,-0.11384312469760584,-0.028539258127129246,-0.016470058221067525,-0.12371832231892452,-0.043116001788591,-0.01265372343174518,-0.13435214532394815,-0.05436823472254751,-0.010113746671566712,-0.07191687481189528,-0.019120505004084288,-0.033692733759654044,-0.09125476110597476,-0.029366380925026844,-0.0342210643637637,-0.10403331944808873,-0.042013043849124826,-0.03208361458292448,-0.11406096618177387,-0.04781333050819994,-0.030031067182843863
0.0,0.0,0.0,-0.02470096208671992,-0.00747572403890301,0.027588474472414172,-0.0516765943878814,-0.01044919731879509,0.05185920373917061,-0.08119553454422779,-0.009726205159066146,0.06513330251052314,-0.10906923684895066,-0.008420386707066158,0.07085168606754377,-0.09621808388056025,1.9240147454318753e-18,0.02366763725779849,-0.12159307198777904,-0.010411118292805485,0.028301992772589823,-0.1376380685831849,-0.02034270106840541,0.031018207241660257,-0.1443898648950732,-0.04205202258247386,0.03016045030498953,-0.09639342507872077,1.8120710950689796e-18,-6.852467608911424e-19,-0.12883043590618878,-0.017348442211317733,0.001843557207889025,-0.14278440588789873,-0.035456549137604265,0.003480493752554532,-0.15680327705879551,-0.048205729411842306,0.006837775047277196,-0.08888244825115975,-0.00944942420971376,-0.01810759017853102,-0.11578061834502766,-0.02735717811844865,-0.01713104961530561,-0.12803964384812527,-0.042245478605410766,-0.01406666209311672,-0.1408269822831622,-0.0543267157773658,-0.011272024341519063,-0.07281079922277363,-0.019228913993658274,-0.03353467526241561,-0.0926446305376139,-0.028675021221619384,-0.03462932889102713,-0.10684024498942075,-0.040936282139775806,-0.03331884122527674,-0.11882023641972382,-0.047930132630031874,-0.03116996347738265
0.0,0.0,0.0,-0.024955394020973798,-0.007309694205955363,0.027559791704270593,-0.051565691566786635,-0.01013797475577995,0.05190795984822081,-0.08071446759721211,-0.008973280577503294,0.06572188626238716,-0.10798588941054049,-0.0070979910721285676,0.07276918592081007,-0.09656375992509511,-1.4653293855343901e-18,0.023526349180784247,-0.12265136095016667,-0.009896530463682855,0.02833393008189279,-0.13963711865184789,-0.019417521181302036,0.031209905683762994,-0.14753418652817926,-0.041877173797576224,0.03039309421377855,-0.09685008863389755,-1.0193167791567907e-18,3.844868126565226e-19,-0.13012006037442753,-0.01629760307768096,0.0018591070440362593,-0.1460330122927142,-0.03447210017951812,0.002884752780383102,-0.16150956439641387,-0.04798750909039757,0.006264988124767327,-0.08950075346558936,-0.009486848504520147,-0.018048560678988544,-0.11727495251666663,-0.026437210636196525,-0.01765645698491593,-0.13125477345093212,-0.04153000383291726,-0.01514514464462249,-0.14553087465744163,-0.05431166201128257,-0.0121611508244013,-0.0735089760678877,-0.01932113956457193,-0.03340722690377336,-0.09372283058349325,-0.02812567771730186,-0.03494169989356793,-0.10899727851027105,-0.04005867213799144,-0.03427178026938765,-0.12239129790798225,-0.047990293048276615,-0.03204453388485181
0.0,0.0,0.0,-0.025090045992683732,-0.007251424489015538,0.027509728006685653,-0.0513751375551049,-0.00999476774097197,0.05196965197572123,-0.08024778421124455,-0.008456960696987667,0.06630099038960782,-0.10688633793405576,-0.006038293328781086,0.07450303190540096,-0.09674785591383646,-1.37480951996815e-19,0.023416200379156808,-0.12334739486425388,-0.009574715314696813,0.028426774614415146,-0.14112138946387387,-0.018829771477858467,0.03146939529293279,-0.1497878681062799,-0.04194497003153191,0.030719226641381242,-0.0971597788423238,1.681755372252603e-19,-3.4411348208511677e-19,-0.13100972998313004,-0.015555856260992939,0.0018521349955980004,-0.14837458617682467,-0.033837879587203655,0.0025023187645444164,-0.16493593648846724,-0.048008067437505374,0.005943291420215493,-0.08988919214795024,-0.009569856252624015,-0.01804564974606747,-0.11831447062796079,-0.025820129424808776,-0.018097691052801488,-0.13347014320196277,-0.04099048814437199,-0.015955911414210985,-0.14882455086167082,-0.05433449003857008,-0.01283664133339887,-0.07392143763039823,-0.019448302734380897,-0.03334549861723948,-0.0944468307282274,-0.02776454579906974,-0.03524716218414923,-0.11049357321030968,-0.03943629924945935,-0.03506446281792398,-0.12495837598017726,-0.04800633878727226,-0.0327603285110324
0.0,0.0,0.0,-0.025275210946704214,-0.007240891023903552,0.027577957838620496,-0.051238835099574824,-0.009822492440130946,0.05207537534227742,-0.07977167873925137,-0.007911139376984535,0.0668398625532992,-0.10602656424857952,-0.00488401540450644,0.07608048892003279,-0.09686286542213011,1.7490856111760836e-18,0.023310011579787814,-0.12389588363677055,-0.009297317798119245,0.02851747766634415,-0.14232782667733745,-0.01840161782448709,0.031669783556887085,-0.15141633905367655,-0.04200967092532488,0.030997936814971018,-0.0973922083914699,1.5739541900347004e-18,-3.2575576041168385e-19,-0.1317038566287426,-0.014895126214593754,0.0018730090481780207,-0.15013110814677094,-0.03321255146732777,0.0021228221059350952,-0.1674533367826792,-0.04794833368635597,0.005549312276822202,-0.0901214261178572,-0.009604136846766064,-0.017992831703819077,-0.11910546678460651,-0.02532949318884826,-0.018440355789435245,-0.1350809094228611,-0.040670236910627953,-0.016568535378202735,-0.1512100294756227,-0.05456689227289952,-0.013407287471002574,-0.07418506188776458,-0.01956213918419901,-0.033233951437521475,-0.09496703982092912,-0.027481807940813615,-0.03535697757917104,-0.11162745984302978,-0.038859395797546645,-0.03550237453256014,-0.126906599996512,-0.04797480681025708,-0.03310328436071449
0.0,0.0,0.0,-0.02534562665878005,-0.007233855239848654,0.027652012323805278,-0.051079332786896484,-0.009638533032920591,0.05221380922770206,-0.07939144697414095,-0.007355365994152036,0.06735938152849581,-0.10534735541165087,-0.003752938360113185,0.0774236521973061,-0.09698581503828005,-1.1379169675623344e-18,0.02324148314014876,-0.12438259106530879,-0.009103967253375759,0.028645332615763186,-0.14338129880331535,-0.01814294220121241,0.0318983984099282,-0.15266656721639266,-0.042135007912694186,0.031375534243081656,-0.09766598208134823,-3.638116441480156e-19,-4.227397290689303e-19,-0.13235013633217071,-0.014408127188816691,0.0018818910701680694,-0.15157820872218733,-0.03275076124460223,0.001816520610088987,-0.169331522476458,-0.047910982920135146,0.005281464280843334,-0.09037061971329981,-0.00962133008859496,-0.017948117902453757,-0.11982019250955554,-0.025028580794452603,-0.018689959743735284,-0.13636415684995154,-0.04049268916620042,-0.016997158998053454,-0.15294262098326883,-0.05481596223544184,-0.013782823928906814,-0.07447610618240237,-0.01966307799104313,-0.03313041572523519,-0.09545645538209484,-0.02729723191058482,-0.035380754284506086,-0.11255219857690694,-0.03840269049815489,-0.03577601555803208,-0.1283552437468658,-0.04787631283993165,-0.033260593545622365
0.0,0.0,0.0,-0.025584096375782735,-0.0072732144767158795,0.027667282670537505,-0.051078673507463444,-0.009574843288926717,0.05222338764285009,-0.07925319802413139,-0.0068522548318085625,0.06779740591648654,-0.10507907883864415,-0.002766659688178636,0.07857693903252598,-0.09723505789345337,2.141437001604937e-18,0.023247137271767485,-0.12496256741775286,-0.00890316429724951,0.02875601847036779,-0.14439140019270139,-0.01770637935824695,0.03196690905323749,-0.1540377467122828,-0.04191870590396986,0.03153197639293194,-0.09796056961933762,1.5900474891655116e-18,-2.5343608416632655e-19,-0.13305386951025316,-0.013834788621456944,0.0018860518405955744,-0.15296357375091182,-0.03199018199132,0.0013701235948140723,-0.1712710560931836,-0.04742603269510132,0.004837095623916044,-0.09068386198965823,-0.009650456465943641,-0.01786591384097767,-0.1205310772758073,-0.024572886624160073,-0.018949049849008102,-0.13769780792559122,-0.04004508783199664,-0.01757790427034962,-0.15469712388487053,-0.05464901368804029,-0.014318631167595344,-0.07478605324648484,-0.0197117864836872,-0.033098560223683064,-0.09590999692908533,-0.02693883143625366,-0.035536838746863836,-0.1135418270075872,-0.03756666121469434,-0.036151768216697036,-0.12981432847317279,-0.04730147483020422,-0.03367960993364515
0.0,0.0,0.0,-0.02568593803531965,-0.0073039564697134985,0.02779351789120034,-0.05101260311653768,-0.009497232438042017,0.05239714012127713,-0.07905545768255373,-0.006560014621840732,0.068263130282434,-0.10473949283398966,-0.0020333425486910492,0.0795527455842011,-0.097482648303977,5.855287412815442e-19,0.023308881658149806,-0.1254991398910619,-0.00875467304520914,0.02890369923293987,-0.14517275143840327,-0.017456073394406857,0.032152891934115385,-0.1550253974261855,-0.04203465735784998,0.03187194591757864,-0.09828708546974867,-5.435326742107228e-20,2.107996658984647e-19,-0.13367940236126374,-0.013475481539830907,0.0019242942174449904,-0.15409658795434553,-0.031591007328804176,0.0012221815065519672,-0.17266535327624769,-0.04735799367510606,0.004666883822490455,-0.09104031688601194,-0.009691221576306542,-0.017856758671944646,-0.1211632942706654,-0.02436145206220081,-0.019063263425147914,-0.13876768542441115,-0.040029727418924244,-0.017839930763154883,-0.156022246291348,-0.054914161898614276,-0.014511886370397643,-0.07512771954216782,-0.01978307802930434,-0.033038182345224855,-0.09636131140189323,-0.026889309549634536,-0.0355695709004338,-0.11431264225989038,-0.037362932806178646,-0.036255664751024014,-0.13092162849310138,-0.04741545415204135,-0.03377604938855921
0.0,0.0,0.0,-0.02575933981241607,-0.007300656909320836,0.02789111056766597,-0.050937913147267665,-0.009453874342097168,0.05252563863577178,-0.07883313036759225,-0.006416626618584982,0.06862290106447674,-0.10442315781466958,-0.0016767362125329885,0.08031106145891774,-0.09771433655584226,3.0718951451095828e-19,0.023350350415640778,-0.12595761817581244,-0.008607129339607212,0.02902016550803837,-0.14578373451261728,-0.01718615353920366,0.03234284571029512,-0.15582964218586584,-0.042037011699419646,0.03220513222483327,-0.09857440592316581,8.671200300101854e-19,2.881026337882486e-19,-0.13421188347708565,-0.013141457671835518,0.001989395178744673,-0.155023584694544,-0.031212566884808952,0.0011219280813163876,-0.17380748883451627,-0.047250011066219996,0.004580715193605539,-0.09137578551279565,-0.009740641989981832,-0.017831592926191766,-0.1217068616047674,-0.02415222764219837,-0.01912866385565983,-0.1396850631373549,-0.03998635397609002,-0.018021699922863992,-0.1571465777885489,-0.05505840550794614,-0.01458836776915085,-0.07544778711337906,-0.01986717349045122,-0.03294961248163365,-0.09675677031874681,-0.026863140526949023,-0.03555230990906694,-0.114978829751451,-0.03719950330173843,-0.03631189789714105,-0.13183069511731554,-0.04753150388794615,-0.03379900049459169
0.0,0.0,0.0,-0.025907559988288247,-0.007208576575127488,0.027834252416110736,-0.050968460770026355,-0.009416120454843748,0.05250494231100637,-0.07861054029682958,-0.006329081230932943,0.06886664293446658,-0.10391458356942253,-0.0015491174081900272,0.08087642832319311,-0.09787712572110337,1.129555131063793e-18,0.023313250078543058,-0.1262043871684056,-0.008537799738263071,0.028969990399226552,-0.14596083119210687,-0.016910091422612475,0.032420846370341094,-0.15630887925286116,-0.041983735378295764,0.032262552382327545,-0.09866001047179236,1.3181737007341683e-18,-7.043996720528982e-19,-0.13445024136978861,-0.012931963241543774,0.002002227067560869,-0.1554543796232913,-0.030937607790972127,0.0009260800439929156,-0.17440774350912105,-0.04722366891619246,0.004284598178710374,-0.09156708885715312,-0.009791891782373338,-0.017813294250720924,-0.12196707828892582,-0.023800089150518355,-0.019227156213935347,-0.14032458931402703,-0.03973960814651034,-0.018353520983405473,-0.1580256562616081,-0.05474877543911291,-0.014832591831789046,-0.07561020096087245,-0.019911357120791565,-0.03285131853571516,-0.0969605576927193,-0.026715979170568022,-0.035626769612276586,-0.11537583163647488,-0.03693199077659153,-0.03649360685431275,-0.13248537952678832,-0.04752501805147183,-0.034035700973878466
0.0,0.0,0.0,-0.02602604140579947,-0.007137724479314432,0.027791898814096612,-0.05100650393487478,-0.009297802780848281,0.052511292420954425,-0.07847604182317752,-0.00601723914933247,0.06910126813146203,-0.10349749445599456,-0.0010827551602205442,0.08142263477152274,-0.09812558691977417,6.579418754380138e-19,0.02332760874857914,-0.12653865247292365,-0.008404936501724459,0.029041962903792296,-0.1462583445625168,-0.01670511657040502,0.03264762025257546,-0.1568215008300499,-0.04192375164028544,0.03256802677758728,-0.09893349337164302,7.5945919304525e-19,9.106346318139949e-19,-0.13480712441165346,-0.01268546299150275,0.002038370494071889,-0.1560203685900178,-0.030650962722920096,0.0008139593380957638,-0.1751026637703047,-0.04703680601019469,0.0041045840212592145,-0.09193112592749761,-0.009817155077495402,-0.017814556691254552,-0.12237161577628035,-0.023558956510751773,-0.01929530415905652,-0.14099635693620258,-0.03949013649336064,-0.018547109437238397,-0.15877369158770446,-0.0545287287702123,-0.014971462592198214,-0.07594484142416867,-0.019878828213612112,-0.03283751488014517,-0.09731782553916986,-0.02659213486824227,-0.035714103314548946,-0.11587975650803292,-0.03674621775470521,-0.036657202941094445,-0.1330973474695373,-0.047477078489708946,-0.03423143327506798
0.0,0.0,0.0,-0.026208101275432653,-0.007134158915880031,0.027732569651312614,-0.05106478941216087,-0.009374773177228415,0.052447423412199885,-0.07832012139386896,-0.006096233568316096,0.06922494809735581,-0.10298980632201779,-0.0012517304217092306,0.08188080732163347,-0.09820711437170174,-2.5141069966712554e-19,0.023313153274094663,-0.1266701951000568,-0.008248981669725852,0.029031917624205608,-0.14638274212399202,-0.016395714818119717,0.032759022528118,-0.1572754019817054,-0.041508749108091755,0.032656477627129664,-0.0990058186453033,-6.752326566317454e-19,2.496880927207469e-19,-0.13502405625452804,-0.012255766906498754,0.00202553919059628,-0.15644352094087868,-0.03009566357250214,0.0005531580041528415,-0.17581359608336905,-0.04633808991747897,0.003712048194807566,-0.09211239586235148,-0.009802026764378776,-0.01776007071035626,-0.12267432904341714,-0.023132145985838893,-0.019399119495742426,-0.14154721314662805,-0.038939749857105965,-0.01878760190134502,-0.15956867688341841,-0.05390880854160566,-0.015300083067512795,-0.07614032036999513,-0.01981606803791286,-0.03280391566766936,-0.0975672612185962,-0.026324509989461693,-0.035896315265180265,-0.11619312740261246,-0.03629307759105382,-0.03691271252692239,-0.13359904159689878,-0.047013773069042475,-0.034631215236578805
0.0,0.0,0.0,-0.02638512376355717,-0.007152111435744543,0.027611914101574285,-0.05107759672610883,-0.009530792810617257,0.05225684769078667,-0.07808515922684243,-0.006332775210655906,0.06924857499031901,-0.10249199594151197,-0.0016223094335424708,0.08218378728942305,-0.09832992114681167,1.2792002763580486e-18,0.023244491263633156,-0.12687375918147892,-0.008103651712449013,0.02904035139386929,-0.14672990822951362,-0.016003328327204098,0.032739734511783615,-0.1579567527021575,-0.041025488955520203,0.03262809415885199,-0.09912107945354133,6.41627506966701e-19,1.1775233288999456e-19,-0.13527657838007656,-0.011777702416121192,0.0019400712916305064,-0.15704112770042722,-0.029288225623233084,0.00019822812205254347,-0.17681022553648115,-0.045421811616279305,0.0032053213167066255,-0.09229435474586432,-0.009804836530827943,-0.017657450449722167,-0.12302976222845728,-0.02267362895804764,-0.019506610297042346,-0.14215522398989344,-0.038348894822646036,-0.01914869495436328,-0.1604987066507174,-0.05341589350265316,-0.015845464687773245,-0.076288491916126,-0.019749311488255268,-0.03278814250552895,-0.09780529858882382,-0.026001681451256177,-0.03610028033049326,-0.11656410370761704,-0.03576320784062226,-0.03722086248570213,-0.13420098467313663,-0.04641134619631773,-0.035089716725223694
